ISO-10303-21;
HEADER;
FILE_DESCRIPTION(('KiCad electronic assembly'),'2;1');
FILE_NAME('lna_fm_98mhz.step','2026-09-07T22:54:21',('Pcbnew'),('Kicad')
  ,'Open CASCADE STEP processor 7.9','KiCad to STEP converter','Unknown'
  );
FILE_SCHEMA(('AUTOMOTIVE_DESIGN { 1 0 10303 214 1 1 1 1 }'));
ENDSEC;
DATA;
#1 = APPLICATION_PROTOCOL_DEFINITION('international standard',
  'automotive_design',2000,#2);
#2 = APPLICATION_CONTEXT(
  'core data for automotive mechanical design processes');
#3 = SHAPE_DEFINITION_REPRESENTATION(#4,#10);
#4 = PRODUCT_DEFINITION_SHAPE('','',#5);
#5 = PRODUCT_DEFINITION('design','',#6,#9);
#6 = PRODUCT_DEFINITION_FORMATION('','',#7);
#7 = PRODUCT('lna_fm_98mhz 1','lna_fm_98mhz 1','',(#8));
#8 = PRODUCT_CONTEXT('',#2,'mechanical');
#9 = PRODUCT_DEFINITION_CONTEXT('part definition',#2,'design');
#10 = SHAPE_REPRESENTATION('',(#11,#15,#19,#23,#27,#31,#35,#39,#43,#47,
    #51,#55,#59,#63,#67,#71,#75,#79,#83,#87,#91,#95,#99,#103,#107,#111,
    #115,#119),#123);
#11 = AXIS2_PLACEMENT_3D('',#12,#13,#14);
#12 = CARTESIAN_POINT('',(0.,0.,0.));
#13 = DIRECTION('',(0.,0.,1.));
#14 = DIRECTION('',(1.,0.,-0.));
#15 = AXIS2_PLACEMENT_3D('',#16,#17,#18);
#16 = CARTESIAN_POINT('',(14.675,-24.5,1.595));
#17 = DIRECTION('',(-0.,0.,1.));
#18 = DIRECTION('',(1.110223024625E-16,-1.,0.));
#19 = AXIS2_PLACEMENT_3D('',#20,#21,#22);
#20 = CARTESIAN_POINT('',(6.5,-17.5,1.595));
#21 = DIRECTION('',(-0.,0.,1.));
#22 = DIRECTION('',(1.110223024625E-16,-1.,0.));
#23 = AXIS2_PLACEMENT_3D('',#24,#25,#26);
#24 = CARTESIAN_POINT('',(8.5,-10.5,1.595));
#25 = DIRECTION('',(0.,-0.,1.));
#26 = DIRECTION('',(1.110223024625E-16,1.,0.));
#27 = AXIS2_PLACEMENT_3D('',#28,#29,#30);
#28 = CARTESIAN_POINT('',(21.,-10.,1.595));
#29 = DIRECTION('',(0.,-0.,1.));
#30 = DIRECTION('',(1.110223024625E-16,1.,0.));
#31 = AXIS2_PLACEMENT_3D('',#32,#33,#34);
#32 = CARTESIAN_POINT('',(13.54,-3.5,1.595));
#33 = DIRECTION('',(-0.,0.,1.));
#34 = DIRECTION('',(1.110223024625E-16,-1.,0.));
#35 = AXIS2_PLACEMENT_3D('',#36,#37,#38);
#36 = CARTESIAN_POINT('',(21.,-18.5,1.595));
#37 = DIRECTION('',(-0.,0.,1.));
#38 = DIRECTION('',(1.110223024625E-16,-1.,0.));
#39 = AXIS2_PLACEMENT_3D('',#40,#41,#42);
#40 = CARTESIAN_POINT('',(29.5,-6.,1.595));
#41 = DIRECTION('',(-0.,0.,1.));
#42 = DIRECTION('',(1.110223024625E-16,-1.,0.));
#43 = AXIS2_PLACEMENT_3D('',#44,#45,#46);
#44 = CARTESIAN_POINT('',(36.,-10.,1.595));
#45 = DIRECTION('',(0.,-0.,1.));
#46 = DIRECTION('',(1.110223024625E-16,1.,0.));
#47 = AXIS2_PLACEMENT_3D('',#48,#49,#50);
#48 = CARTESIAN_POINT('',(39.,-10.,1.595));
#49 = DIRECTION('',(0.,0.,1.));
#50 = DIRECTION('',(1.,0.,0.));
#51 = AXIS2_PLACEMENT_3D('',#52,#53,#54);
#52 = CARTESIAN_POINT('',(11.5,-15.95,1.595));
#53 = DIRECTION('',(0.,0.,1.));
#54 = DIRECTION('',(1.,0.,0.));
#55 = AXIS2_PLACEMENT_3D('',#56,#57,#58);
#56 = CARTESIAN_POINT('',(43.9,-15.,1.595));
#57 = DIRECTION('',(0.,0.,1.));
#58 = DIRECTION('',(1.,0.,0.));
#59 = AXIS2_PLACEMENT_3D('',#60,#61,#62);
#60 = CARTESIAN_POINT('',(18.5,-3.5,1.595));
#61 = DIRECTION('',(0.,0.,1.));
#62 = DIRECTION('',(-1.,1.224646799147E-16,0.));
#63 = AXIS2_PLACEMENT_3D('',#64,#65,#66);
#64 = CARTESIAN_POINT('',(29.5,-9.5,1.595));
#65 = DIRECTION('',(0.,-0.,1.));
#66 = DIRECTION('',(1.110223024625E-16,1.,0.));
#67 = AXIS2_PLACEMENT_3D('',#68,#69,#70);
#68 = CARTESIAN_POINT('',(11.,-10.5,1.595));
#69 = DIRECTION('',(0.,-0.,1.));
#70 = DIRECTION('',(1.110223024625E-16,1.,0.));
#71 = AXIS2_PLACEMENT_3D('',#72,#73,#74);
#72 = CARTESIAN_POINT('',(2.1,-15.,1.595));
#73 = DIRECTION('',(0.,0.,1.));
#74 = DIRECTION('',(-1.,1.224646799147E-16,0.));
#75 = AXIS2_PLACEMENT_3D('',#76,#77,#78);
#76 = CARTESIAN_POINT('',(17.,-15.,1.595));
#77 = DIRECTION('',(0.,0.,1.));
#78 = DIRECTION('',(1.,0.,0.));
#79 = AXIS2_PLACEMENT_3D('',#80,#81,#82);
#80 = CARTESIAN_POINT('',(36.,-5.,1.595));
#81 = DIRECTION('',(-0.,0.,1.));
#82 = DIRECTION('',(1.110223024625E-16,-1.,0.));
#83 = AXIS2_PLACEMENT_3D('',#84,#85,#86);
#84 = CARTESIAN_POINT('',(26.8,-7.5,1.595));
#85 = DIRECTION('',(-0.,0.,1.));
#86 = DIRECTION('',(1.110223024625E-16,-1.,0.));
#87 = AXIS2_PLACEMENT_3D('',#88,#89,#90);
#88 = CARTESIAN_POINT('',(8.5,-17.5,1.595));
#89 = DIRECTION('',(-0.,0.,1.));
#90 = DIRECTION('',(1.110223024625E-16,-1.,0.));
#91 = AXIS2_PLACEMENT_3D('',#92,#93,#94);
#92 = CARTESIAN_POINT('',(24.,-7.5,1.595));
#93 = DIRECTION('',(-0.,0.,1.));
#94 = DIRECTION('',(1.110223024625E-16,-1.,0.));
#95 = AXIS2_PLACEMENT_3D('',#96,#97,#98);
#96 = CARTESIAN_POINT('',(16.062,-10.5,1.595));
#97 = DIRECTION('',(0.,-0.,1.));
#98 = DIRECTION('',(1.110223024625E-16,1.,0.));
#99 = AXIS2_PLACEMENT_3D('',#100,#101,#102);
#100 = CARTESIAN_POINT('',(25.5,-15.,1.595));
#101 = DIRECTION('',(0.,0.,1.));
#102 = DIRECTION('',(1.,0.,0.));
#103 = AXIS2_PLACEMENT_3D('',#104,#105,#106);
#104 = CARTESIAN_POINT('',(39.,-7.5,1.595));
#105 = DIRECTION('',(0.,0.,1.));
#106 = DIRECTION('',(1.,0.,0.));
#107 = AXIS2_PLACEMENT_3D('',#108,#109,#110);
#108 = CARTESIAN_POINT('',(6.,-8.5,1.595));
#109 = DIRECTION('',(0.,-0.,1.));
#110 = DIRECTION('',(1.110223024625E-16,1.,0.));
#111 = AXIS2_PLACEMENT_3D('',#112,#113,#114);
#112 = CARTESIAN_POINT('',(14.675,-20.,1.595));
#113 = DIRECTION('',(-0.,0.,1.));
#114 = DIRECTION('',(1.110223024625E-16,-1.,0.));
#115 = AXIS2_PLACEMENT_3D('',#116,#117,#118);
#116 = CARTESIAN_POINT('',(13.5,-10.5,1.595));
#117 = DIRECTION('',(0.,-0.,1.));
#118 = DIRECTION('',(1.110223024625E-16,1.,0.));
#119 = AXIS2_PLACEMENT_3D('',#120,#121,#122);
#120 = CARTESIAN_POINT('',(0.,0.,0.));
#121 = DIRECTION('',(0.,0.,1.));
#122 = DIRECTION('',(1.,0.,-0.));
#123 = ( GEOMETRIC_REPRESENTATION_CONTEXT(3) 
GLOBAL_UNCERTAINTY_ASSIGNED_CONTEXT((#127)) GLOBAL_UNIT_ASSIGNED_CONTEXT
((#124,#125,#126)) REPRESENTATION_CONTEXT('Context #1',
  '3D Context with UNIT and UNCERTAINTY') );
#124 = ( LENGTH_UNIT() NAMED_UNIT(*) SI_UNIT(.MILLI.,.METRE.) );
#125 = ( NAMED_UNIT(*) PLANE_ANGLE_UNIT() SI_UNIT($,.RADIAN.) );
#126 = ( NAMED_UNIT(*) SI_UNIT($,.STERADIAN.) SOLID_ANGLE_UNIT() );
#127 = UNCERTAINTY_MEASURE_WITH_UNIT(LENGTH_MEASURE(1.E-07),#124,
  'distance_accuracy_value','confusion accuracy');
#128 = PRODUCT_RELATED_PRODUCT_CATEGORY('part',$,(#7));
#129 = SHAPE_DEFINITION_REPRESENTATION(#130,#136);
#130 = PRODUCT_DEFINITION_SHAPE('','',#131);
#131 = PRODUCT_DEFINITION('design','',#132,#135);
#132 = PRODUCT_DEFINITION_FORMATION('','',#133);
#133 = PRODUCT('R_0603_1608Metric','R_0603_1608Metric','',(#134));
#134 = PRODUCT_CONTEXT('',#2,'mechanical');
#135 = PRODUCT_DEFINITION_CONTEXT('part definition',#2,'design');
#136 = SHAPE_REPRESENTATION('',(#11,#137),#141);
#137 = AXIS2_PLACEMENT_3D('',#138,#139,#140);
#138 = CARTESIAN_POINT('',(0.,0.,0.));
#139 = DIRECTION('',(0.,0.,1.));
#140 = DIRECTION('',(1.,0.,-0.));
#141 = ( GEOMETRIC_REPRESENTATION_CONTEXT(3) 
GLOBAL_UNCERTAINTY_ASSIGNED_CONTEXT((#145)) GLOBAL_UNIT_ASSIGNED_CONTEXT
((#142,#143,#144)) REPRESENTATION_CONTEXT('Context #1',
  '3D Context with UNIT and UNCERTAINTY') );
#142 = ( LENGTH_UNIT() NAMED_UNIT(*) SI_UNIT(.MILLI.,.METRE.) );
#143 = ( NAMED_UNIT(*) PLANE_ANGLE_UNIT() SI_UNIT($,.RADIAN.) );
#144 = ( NAMED_UNIT(*) SI_UNIT($,.STERADIAN.) SOLID_ANGLE_UNIT() );
#145 = UNCERTAINTY_MEASURE_WITH_UNIT(LENGTH_MEASURE(1.E-07),#142,
  'distance_accuracy_value','confusion accuracy');
#146 = CONTEXT_DEPENDENT_SHAPE_REPRESENTATION(#147,#149);
#147 = ( REPRESENTATION_RELATIONSHIP('','',#136,#10) 
REPRESENTATION_RELATIONSHIP_WITH_TRANSFORMATION(#148) 
SHAPE_REPRESENTATION_RELATIONSHIP() );
#148 = ITEM_DEFINED_TRANSFORMATION('','',#11,#15);
#149 = PRODUCT_DEFINITION_SHAPE('Placement','Placement of an item',#150
  );
#150 = NEXT_ASSEMBLY_USAGE_OCCURRENCE('2','R3','',#5,#131,$);
#151 = PRODUCT_RELATED_PRODUCT_CATEGORY('part',$,(#133));
#152 = SHAPE_DEFINITION_REPRESENTATION(#153,#159);
#153 = PRODUCT_DEFINITION_SHAPE('','',#154);
#154 = PRODUCT_DEFINITION('design','',#155,#158);
#155 = PRODUCT_DEFINITION_FORMATION('','',#156);
#156 = PRODUCT('R_0603_1608Metric','R_0603_1608Metric','',(#157));
#157 = PRODUCT_CONTEXT('',#2,'mechanical');
#158 = PRODUCT_DEFINITION_CONTEXT('part definition',#2,'design');
#159 = ADVANCED_BREP_SHAPE_REPRESENTATION('',(#11,#160),#950);
#160 = MANIFOLD_SOLID_BREP('',#161);
#161 = CLOSED_SHELL('',(#162,#202,#285,#310,#335,#402,#419,#436,#485,
    #502,#519,#568,#585,#654,#685,#709,#778,#802,#819,#836,#853,#870,
    #887,#904,#921,#938));
#162 = ADVANCED_FACE('',(#163),#197,.F.);
#163 = FACE_BOUND('',#164,.F.);
#164 = EDGE_LOOP('',(#165,#175,#183,#191));
#165 = ORIENTED_EDGE('',*,*,#166,.F.);
#166 = EDGE_CURVE('',#167,#169,#171,.T.);
#167 = VERTEX_POINT('',#168);
#168 = CARTESIAN_POINT('',(-0.8,-0.4,4.5E-02));
#169 = VERTEX_POINT('',#170);
#170 = CARTESIAN_POINT('',(-0.8,-0.4,0.405));
#171 = LINE('',#172,#173);
#172 = CARTESIAN_POINT('',(-0.8,-0.4,0.));
#173 = VECTOR('',#174,1.);
#174 = DIRECTION('',(0.,0.,1.));
#175 = ORIENTED_EDGE('',*,*,#176,.T.);
#176 = EDGE_CURVE('',#167,#177,#179,.T.);
#177 = VERTEX_POINT('',#178);
#178 = CARTESIAN_POINT('',(-0.8,0.4,4.5E-02));
#179 = LINE('',#180,#181);
#180 = CARTESIAN_POINT('',(-0.8,-0.4,4.5E-02));
#181 = VECTOR('',#182,1.);
#182 = DIRECTION('',(0.,1.,0.));
#183 = ORIENTED_EDGE('',*,*,#184,.T.);
#184 = EDGE_CURVE('',#177,#185,#187,.T.);
#185 = VERTEX_POINT('',#186);
#186 = CARTESIAN_POINT('',(-0.8,0.4,0.405));
#187 = LINE('',#188,#189);
#188 = CARTESIAN_POINT('',(-0.8,0.4,0.));
#189 = VECTOR('',#190,1.);
#190 = DIRECTION('',(0.,0.,1.));
#191 = ORIENTED_EDGE('',*,*,#192,.F.);
#192 = EDGE_CURVE('',#169,#185,#193,.T.);
#193 = LINE('',#194,#195);
#194 = CARTESIAN_POINT('',(-0.8,-0.4,0.405));
#195 = VECTOR('',#196,1.);
#196 = DIRECTION('',(0.,1.,0.));
#197 = PLANE('',#198);
#198 = AXIS2_PLACEMENT_3D('',#199,#200,#201);
#199 = CARTESIAN_POINT('',(-0.8,-0.4,0.));
#200 = DIRECTION('',(1.,0.,0.));
#201 = DIRECTION('',(0.,0.,1.));
#202 = ADVANCED_FACE('',(#203),#280,.F.);
#203 = FACE_BOUND('',#204,.F.);
#204 = EDGE_LOOP('',(#205,#215,#222,#223,#232,#240,#249,#257,#265,#273)
  );
#205 = ORIENTED_EDGE('',*,*,#206,.F.);
#206 = EDGE_CURVE('',#207,#209,#211,.T.);
#207 = VERTEX_POINT('',#208);
#208 = CARTESIAN_POINT('',(-0.755,-0.4,-2.775557561563E-17));
#209 = VERTEX_POINT('',#210);
#210 = CARTESIAN_POINT('',(-0.545,-0.4,-2.775557561563E-17));
#211 = LINE('',#212,#213);
#212 = CARTESIAN_POINT('',(-0.8,-0.4,0.));
#213 = VECTOR('',#214,1.);
#214 = DIRECTION('',(1.,0.,0.));
#215 = ORIENTED_EDGE('',*,*,#216,.F.);
#216 = EDGE_CURVE('',#167,#207,#217,.T.);
#217 = CIRCLE('',#218,4.5E-02);
#218 = AXIS2_PLACEMENT_3D('',#219,#220,#221);
#219 = CARTESIAN_POINT('',(-0.755,-0.4,4.5E-02));
#220 = DIRECTION('',(0.,-1.,0.));
#221 = DIRECTION('',(0.,0.,1.));
#222 = ORIENTED_EDGE('',*,*,#166,.T.);
#223 = ORIENTED_EDGE('',*,*,#224,.T.);
#224 = EDGE_CURVE('',#169,#225,#227,.T.);
#225 = VERTEX_POINT('',#226);
#226 = CARTESIAN_POINT('',(-0.755,-0.4,0.45));
#227 = CIRCLE('',#228,4.5E-02);
#228 = AXIS2_PLACEMENT_3D('',#229,#230,#231);
#229 = CARTESIAN_POINT('',(-0.755,-0.4,0.405));
#230 = DIRECTION('',(0.,1.,0.));
#231 = DIRECTION('',(0.,-0.,1.));
#232 = ORIENTED_EDGE('',*,*,#233,.T.);
#233 = EDGE_CURVE('',#225,#234,#236,.T.);
#234 = VERTEX_POINT('',#235);
#235 = CARTESIAN_POINT('',(-0.545,-0.4,0.45));
#236 = LINE('',#237,#238);
#237 = CARTESIAN_POINT('',(-0.8,-0.4,0.45));
#238 = VECTOR('',#239,1.);
#239 = DIRECTION('',(1.,0.,0.));
#240 = ORIENTED_EDGE('',*,*,#241,.F.);
#241 = EDGE_CURVE('',#242,#234,#244,.T.);
#242 = VERTEX_POINT('',#243);
#243 = CARTESIAN_POINT('',(-0.5,-0.4,0.405));
#244 = CIRCLE('',#245,4.5E-02);
#245 = AXIS2_PLACEMENT_3D('',#246,#247,#248);
#246 = CARTESIAN_POINT('',(-0.545,-0.4,0.405));
#247 = DIRECTION('',(0.,-1.,0.));
#248 = DIRECTION('',(0.,0.,1.));
#249 = ORIENTED_EDGE('',*,*,#250,.F.);
#250 = EDGE_CURVE('',#251,#242,#253,.T.);
#251 = VERTEX_POINT('',#252);
#252 = CARTESIAN_POINT('',(-0.755,-0.4,0.405));
#253 = LINE('',#254,#255);
#254 = CARTESIAN_POINT('',(-0.755,-0.4,0.405));
#255 = VECTOR('',#256,1.);
#256 = DIRECTION('',(1.,0.,0.));
#257 = ORIENTED_EDGE('',*,*,#258,.F.);
#258 = EDGE_CURVE('',#259,#251,#261,.T.);
#259 = VERTEX_POINT('',#260);
#260 = CARTESIAN_POINT('',(-0.755,-0.4,4.5E-02));
#261 = LINE('',#262,#263);
#262 = CARTESIAN_POINT('',(-0.755,-0.4,4.5E-02));
#263 = VECTOR('',#264,1.);
#264 = DIRECTION('',(0.,0.,1.));
#265 = ORIENTED_EDGE('',*,*,#266,.T.);
#266 = EDGE_CURVE('',#259,#267,#269,.T.);
#267 = VERTEX_POINT('',#268);
#268 = CARTESIAN_POINT('',(-0.5,-0.4,4.5E-02));
#269 = LINE('',#270,#271);
#270 = CARTESIAN_POINT('',(-0.755,-0.4,4.5E-02));
#271 = VECTOR('',#272,1.);
#272 = DIRECTION('',(1.,0.,0.));
#273 = ORIENTED_EDGE('',*,*,#274,.T.);
#274 = EDGE_CURVE('',#267,#209,#275,.T.);
#275 = CIRCLE('',#276,4.5E-02);
#276 = AXIS2_PLACEMENT_3D('',#277,#278,#279);
#277 = CARTESIAN_POINT('',(-0.545,-0.4,4.5E-02));
#278 = DIRECTION('',(0.,1.,0.));
#279 = DIRECTION('',(0.,-0.,1.));
#280 = PLANE('',#281);
#281 = AXIS2_PLACEMENT_3D('',#282,#283,#284);
#282 = CARTESIAN_POINT('',(-0.8,-0.4,0.));
#283 = DIRECTION('',(0.,1.,0.));
#284 = DIRECTION('',(0.,-0.,1.));
#285 = ADVANCED_FACE('',(#286),#305,.T.);
#286 = FACE_BOUND('',#287,.T.);
#287 = EDGE_LOOP('',(#288,#289,#298,#304));
#288 = ORIENTED_EDGE('',*,*,#176,.T.);
#289 = ORIENTED_EDGE('',*,*,#290,.T.);
#290 = EDGE_CURVE('',#177,#291,#293,.T.);
#291 = VERTEX_POINT('',#292);
#292 = CARTESIAN_POINT('',(-0.755,0.4,-2.775557561563E-17));
#293 = CIRCLE('',#294,4.5E-02);
#294 = AXIS2_PLACEMENT_3D('',#295,#296,#297);
#295 = CARTESIAN_POINT('',(-0.755,0.4,4.5E-02));
#296 = DIRECTION('',(0.,-1.,0.));
#297 = DIRECTION('',(0.,0.,1.));
#298 = ORIENTED_EDGE('',*,*,#299,.F.);
#299 = EDGE_CURVE('',#207,#291,#300,.T.);
#300 = LINE('',#301,#302);
#301 = CARTESIAN_POINT('',(-0.755,-0.4,-2.775557561563E-17));
#302 = VECTOR('',#303,1.);
#303 = DIRECTION('',(0.,1.,0.));
#304 = ORIENTED_EDGE('',*,*,#216,.F.);
#305 = CYLINDRICAL_SURFACE('',#306,4.5E-02);
#306 = AXIS2_PLACEMENT_3D('',#307,#308,#309);
#307 = CARTESIAN_POINT('',(-0.755,-0.4,4.5E-02));
#308 = DIRECTION('',(0.,1.,0.));
#309 = DIRECTION('',(-1.,0.,0.));
#310 = ADVANCED_FACE('',(#311),#330,.T.);
#311 = FACE_BOUND('',#312,.T.);
#312 = EDGE_LOOP('',(#313,#314,#322,#329));
#313 = ORIENTED_EDGE('',*,*,#224,.T.);
#314 = ORIENTED_EDGE('',*,*,#315,.T.);
#315 = EDGE_CURVE('',#225,#316,#318,.T.);
#316 = VERTEX_POINT('',#317);
#317 = CARTESIAN_POINT('',(-0.755,0.4,0.45));
#318 = LINE('',#319,#320);
#319 = CARTESIAN_POINT('',(-0.755,-0.4,0.45));
#320 = VECTOR('',#321,1.);
#321 = DIRECTION('',(0.,1.,0.));
#322 = ORIENTED_EDGE('',*,*,#323,.F.);
#323 = EDGE_CURVE('',#185,#316,#324,.T.);
#324 = CIRCLE('',#325,4.5E-02);
#325 = AXIS2_PLACEMENT_3D('',#326,#327,#328);
#326 = CARTESIAN_POINT('',(-0.755,0.4,0.405));
#327 = DIRECTION('',(0.,1.,0.));
#328 = DIRECTION('',(0.,-0.,1.));
#329 = ORIENTED_EDGE('',*,*,#192,.F.);
#330 = CYLINDRICAL_SURFACE('',#331,4.5E-02);
#331 = AXIS2_PLACEMENT_3D('',#332,#333,#334);
#332 = CARTESIAN_POINT('',(-0.755,-0.4,0.405));
#333 = DIRECTION('',(0.,1.,0.));
#334 = DIRECTION('',(-1.,0.,0.));
#335 = ADVANCED_FACE('',(#336),#397,.T.);
#336 = FACE_BOUND('',#337,.T.);
#337 = EDGE_LOOP('',(#338,#346,#347,#348,#349,#357,#366,#374,#382,#390)
  );
#338 = ORIENTED_EDGE('',*,*,#339,.F.);
#339 = EDGE_CURVE('',#291,#340,#342,.T.);
#340 = VERTEX_POINT('',#341);
#341 = CARTESIAN_POINT('',(-0.545,0.4,-2.775557561563E-17));
#342 = LINE('',#343,#344);
#343 = CARTESIAN_POINT('',(-0.8,0.4,0.));
#344 = VECTOR('',#345,1.);
#345 = DIRECTION('',(1.,0.,0.));
#346 = ORIENTED_EDGE('',*,*,#290,.F.);
#347 = ORIENTED_EDGE('',*,*,#184,.T.);
#348 = ORIENTED_EDGE('',*,*,#323,.T.);
#349 = ORIENTED_EDGE('',*,*,#350,.T.);
#350 = EDGE_CURVE('',#316,#351,#353,.T.);
#351 = VERTEX_POINT('',#352);
#352 = CARTESIAN_POINT('',(-0.545,0.4,0.45));
#353 = LINE('',#354,#355);
#354 = CARTESIAN_POINT('',(-0.8,0.4,0.45));
#355 = VECTOR('',#356,1.);
#356 = DIRECTION('',(1.,0.,0.));
#357 = ORIENTED_EDGE('',*,*,#358,.F.);
#358 = EDGE_CURVE('',#359,#351,#361,.T.);
#359 = VERTEX_POINT('',#360);
#360 = CARTESIAN_POINT('',(-0.5,0.4,0.405));
#361 = CIRCLE('',#362,4.5E-02);
#362 = AXIS2_PLACEMENT_3D('',#363,#364,#365);
#363 = CARTESIAN_POINT('',(-0.545,0.4,0.405));
#364 = DIRECTION('',(0.,-1.,0.));
#365 = DIRECTION('',(0.,0.,1.));
#366 = ORIENTED_EDGE('',*,*,#367,.F.);
#367 = EDGE_CURVE('',#368,#359,#370,.T.);
#368 = VERTEX_POINT('',#369);
#369 = CARTESIAN_POINT('',(-0.755,0.4,0.405));
#370 = LINE('',#371,#372);
#371 = CARTESIAN_POINT('',(-0.755,0.4,0.405));
#372 = VECTOR('',#373,1.);
#373 = DIRECTION('',(1.,0.,0.));
#374 = ORIENTED_EDGE('',*,*,#375,.F.);
#375 = EDGE_CURVE('',#376,#368,#378,.T.);
#376 = VERTEX_POINT('',#377);
#377 = CARTESIAN_POINT('',(-0.755,0.4,4.5E-02));
#378 = LINE('',#379,#380);
#379 = CARTESIAN_POINT('',(-0.755,0.4,4.5E-02));
#380 = VECTOR('',#381,1.);
#381 = DIRECTION('',(0.,0.,1.));
#382 = ORIENTED_EDGE('',*,*,#383,.T.);
#383 = EDGE_CURVE('',#376,#384,#386,.T.);
#384 = VERTEX_POINT('',#385);
#385 = CARTESIAN_POINT('',(-0.5,0.4,4.5E-02));
#386 = LINE('',#387,#388);
#387 = CARTESIAN_POINT('',(-0.755,0.4,4.5E-02));
#388 = VECTOR('',#389,1.);
#389 = DIRECTION('',(1.,0.,0.));
#390 = ORIENTED_EDGE('',*,*,#391,.T.);
#391 = EDGE_CURVE('',#384,#340,#392,.T.);
#392 = CIRCLE('',#393,4.5E-02);
#393 = AXIS2_PLACEMENT_3D('',#394,#395,#396);
#394 = CARTESIAN_POINT('',(-0.545,0.4,4.5E-02));
#395 = DIRECTION('',(0.,1.,0.));
#396 = DIRECTION('',(0.,-0.,1.));
#397 = PLANE('',#398);
#398 = AXIS2_PLACEMENT_3D('',#399,#400,#401);
#399 = CARTESIAN_POINT('',(-0.8,0.4,0.));
#400 = DIRECTION('',(0.,1.,0.));
#401 = DIRECTION('',(0.,-0.,1.));
#402 = ADVANCED_FACE('',(#403),#414,.F.);
#403 = FACE_BOUND('',#404,.F.);
#404 = EDGE_LOOP('',(#405,#406,#407,#408));
#405 = ORIENTED_EDGE('',*,*,#339,.F.);
#406 = ORIENTED_EDGE('',*,*,#299,.F.);
#407 = ORIENTED_EDGE('',*,*,#206,.T.);
#408 = ORIENTED_EDGE('',*,*,#409,.T.);
#409 = EDGE_CURVE('',#209,#340,#410,.T.);
#410 = LINE('',#411,#412);
#411 = CARTESIAN_POINT('',(-0.545,-0.4,-2.775557561563E-17));
#412 = VECTOR('',#413,1.);
#413 = DIRECTION('',(0.,1.,0.));
#414 = PLANE('',#415);
#415 = AXIS2_PLACEMENT_3D('',#416,#417,#418);
#416 = CARTESIAN_POINT('',(-0.8,-0.4,0.));
#417 = DIRECTION('',(0.,0.,1.));
#418 = DIRECTION('',(1.,0.,-0.));
#419 = ADVANCED_FACE('',(#420),#431,.T.);
#420 = FACE_BOUND('',#421,.T.);
#421 = EDGE_LOOP('',(#422,#423,#424,#425));
#422 = ORIENTED_EDGE('',*,*,#274,.T.);
#423 = ORIENTED_EDGE('',*,*,#409,.T.);
#424 = ORIENTED_EDGE('',*,*,#391,.F.);
#425 = ORIENTED_EDGE('',*,*,#426,.F.);
#426 = EDGE_CURVE('',#267,#384,#427,.T.);
#427 = LINE('',#428,#429);
#428 = CARTESIAN_POINT('',(-0.5,-0.4,4.5E-02));
#429 = VECTOR('',#430,1.);
#430 = DIRECTION('',(0.,1.,0.));
#431 = CYLINDRICAL_SURFACE('',#432,4.5E-02);
#432 = AXIS2_PLACEMENT_3D('',#433,#434,#435);
#433 = CARTESIAN_POINT('',(-0.545,-0.4,4.5E-02));
#434 = DIRECTION('',(0.,1.,0.));
#435 = DIRECTION('',(1.,0.,0.));
#436 = ADVANCED_FACE('',(#437),#480,.F.);
#437 = FACE_BOUND('',#438,.F.);
#438 = EDGE_LOOP('',(#439,#440,#441,#442,#450,#458,#466,#474));
#439 = ORIENTED_EDGE('',*,*,#266,.F.);
#440 = ORIENTED_EDGE('',*,*,#258,.T.);
#441 = ORIENTED_EDGE('',*,*,#250,.T.);
#442 = ORIENTED_EDGE('',*,*,#443,.T.);
#443 = EDGE_CURVE('',#242,#444,#446,.T.);
#444 = VERTEX_POINT('',#445);
#445 = CARTESIAN_POINT('',(0.5,-0.4,0.405));
#446 = LINE('',#447,#448);
#447 = CARTESIAN_POINT('',(-0.5,-0.4,0.405));
#448 = VECTOR('',#449,1.);
#449 = DIRECTION('',(1.,0.,0.));
#450 = ORIENTED_EDGE('',*,*,#451,.T.);
#451 = EDGE_CURVE('',#444,#452,#454,.T.);
#452 = VERTEX_POINT('',#453);
#453 = CARTESIAN_POINT('',(0.755,-0.4,0.405));
#454 = LINE('',#455,#456);
#455 = CARTESIAN_POINT('',(-0.755,-0.4,0.405));
#456 = VECTOR('',#457,1.);
#457 = DIRECTION('',(1.,0.,0.));
#458 = ORIENTED_EDGE('',*,*,#459,.F.);
#459 = EDGE_CURVE('',#460,#452,#462,.T.);
#460 = VERTEX_POINT('',#461);
#461 = CARTESIAN_POINT('',(0.755,-0.4,4.5E-02));
#462 = LINE('',#463,#464);
#463 = CARTESIAN_POINT('',(0.755,-0.4,4.5E-02));
#464 = VECTOR('',#465,1.);
#465 = DIRECTION('',(0.,0.,1.));
#466 = ORIENTED_EDGE('',*,*,#467,.F.);
#467 = EDGE_CURVE('',#468,#460,#470,.T.);
#468 = VERTEX_POINT('',#469);
#469 = CARTESIAN_POINT('',(0.5,-0.4,4.5E-02));
#470 = LINE('',#471,#472);
#471 = CARTESIAN_POINT('',(-0.755,-0.4,4.5E-02));
#472 = VECTOR('',#473,1.);
#473 = DIRECTION('',(1.,0.,0.));
#474 = ORIENTED_EDGE('',*,*,#475,.F.);
#475 = EDGE_CURVE('',#267,#468,#476,.T.);
#476 = LINE('',#477,#478);
#477 = CARTESIAN_POINT('',(-0.755,-0.4,4.5E-02));
#478 = VECTOR('',#479,1.);
#479 = DIRECTION('',(1.,0.,0.));
#480 = PLANE('',#481);
#481 = AXIS2_PLACEMENT_3D('',#482,#483,#484);
#482 = CARTESIAN_POINT('',(-0.755,-0.4,4.5E-02));
#483 = DIRECTION('',(0.,1.,0.));
#484 = DIRECTION('',(0.,-0.,1.));
#485 = ADVANCED_FACE('',(#486),#497,.T.);
#486 = FACE_BOUND('',#487,.T.);
#487 = EDGE_LOOP('',(#488,#489,#490,#491));
#488 = ORIENTED_EDGE('',*,*,#350,.F.);
#489 = ORIENTED_EDGE('',*,*,#315,.F.);
#490 = ORIENTED_EDGE('',*,*,#233,.T.);
#491 = ORIENTED_EDGE('',*,*,#492,.T.);
#492 = EDGE_CURVE('',#234,#351,#493,.T.);
#493 = LINE('',#494,#495);
#494 = CARTESIAN_POINT('',(-0.545,-0.4,0.45));
#495 = VECTOR('',#496,1.);
#496 = DIRECTION('',(0.,1.,0.));
#497 = PLANE('',#498);
#498 = AXIS2_PLACEMENT_3D('',#499,#500,#501);
#499 = CARTESIAN_POINT('',(-0.8,-0.4,0.45));
#500 = DIRECTION('',(0.,0.,1.));
#501 = DIRECTION('',(1.,0.,-0.));
#502 = ADVANCED_FACE('',(#503),#514,.T.);
#503 = FACE_BOUND('',#504,.T.);
#504 = EDGE_LOOP('',(#505,#511,#512,#513));
#505 = ORIENTED_EDGE('',*,*,#506,.T.);
#506 = EDGE_CURVE('',#242,#359,#507,.T.);
#507 = LINE('',#508,#509);
#508 = CARTESIAN_POINT('',(-0.5,-0.4,0.405));
#509 = VECTOR('',#510,1.);
#510 = DIRECTION('',(0.,1.,0.));
#511 = ORIENTED_EDGE('',*,*,#358,.T.);
#512 = ORIENTED_EDGE('',*,*,#492,.F.);
#513 = ORIENTED_EDGE('',*,*,#241,.F.);
#514 = CYLINDRICAL_SURFACE('',#515,4.5E-02);
#515 = AXIS2_PLACEMENT_3D('',#516,#517,#518);
#516 = CARTESIAN_POINT('',(-0.545,-0.4,0.405));
#517 = DIRECTION('',(0.,1.,0.));
#518 = DIRECTION('',(1.,0.,0.));
#519 = ADVANCED_FACE('',(#520),#563,.T.);
#520 = FACE_BOUND('',#521,.T.);
#521 = EDGE_LOOP('',(#522,#523,#524,#525,#533,#541,#549,#557));
#522 = ORIENTED_EDGE('',*,*,#383,.F.);
#523 = ORIENTED_EDGE('',*,*,#375,.T.);
#524 = ORIENTED_EDGE('',*,*,#367,.T.);
#525 = ORIENTED_EDGE('',*,*,#526,.T.);
#526 = EDGE_CURVE('',#359,#527,#529,.T.);
#527 = VERTEX_POINT('',#528);
#528 = CARTESIAN_POINT('',(0.5,0.4,0.405));
#529 = LINE('',#530,#531);
#530 = CARTESIAN_POINT('',(-0.5,0.4,0.405));
#531 = VECTOR('',#532,1.);
#532 = DIRECTION('',(1.,0.,0.));
#533 = ORIENTED_EDGE('',*,*,#534,.T.);
#534 = EDGE_CURVE('',#527,#535,#537,.T.);
#535 = VERTEX_POINT('',#536);
#536 = CARTESIAN_POINT('',(0.755,0.4,0.405));
#537 = LINE('',#538,#539);
#538 = CARTESIAN_POINT('',(-0.755,0.4,0.405));
#539 = VECTOR('',#540,1.);
#540 = DIRECTION('',(1.,0.,0.));
#541 = ORIENTED_EDGE('',*,*,#542,.F.);
#542 = EDGE_CURVE('',#543,#535,#545,.T.);
#543 = VERTEX_POINT('',#544);
#544 = CARTESIAN_POINT('',(0.755,0.4,4.5E-02));
#545 = LINE('',#546,#547);
#546 = CARTESIAN_POINT('',(0.755,0.4,4.5E-02));
#547 = VECTOR('',#548,1.);
#548 = DIRECTION('',(0.,0.,1.));
#549 = ORIENTED_EDGE('',*,*,#550,.F.);
#550 = EDGE_CURVE('',#551,#543,#553,.T.);
#551 = VERTEX_POINT('',#552);
#552 = CARTESIAN_POINT('',(0.5,0.4,4.5E-02));
#553 = LINE('',#554,#555);
#554 = CARTESIAN_POINT('',(-0.755,0.4,4.5E-02));
#555 = VECTOR('',#556,1.);
#556 = DIRECTION('',(1.,0.,0.));
#557 = ORIENTED_EDGE('',*,*,#558,.F.);
#558 = EDGE_CURVE('',#384,#551,#559,.T.);
#559 = LINE('',#560,#561);
#560 = CARTESIAN_POINT('',(-0.755,0.4,4.5E-02));
#561 = VECTOR('',#562,1.);
#562 = DIRECTION('',(1.,0.,0.));
#563 = PLANE('',#564);
#564 = AXIS2_PLACEMENT_3D('',#565,#566,#567);
#565 = CARTESIAN_POINT('',(-0.755,0.4,4.5E-02));
#566 = DIRECTION('',(0.,1.,0.));
#567 = DIRECTION('',(0.,-0.,1.));
#568 = ADVANCED_FACE('',(#569),#580,.F.);
#569 = FACE_BOUND('',#570,.F.);
#570 = EDGE_LOOP('',(#571,#572,#573,#579));
#571 = ORIENTED_EDGE('',*,*,#426,.F.);
#572 = ORIENTED_EDGE('',*,*,#475,.T.);
#573 = ORIENTED_EDGE('',*,*,#574,.T.);
#574 = EDGE_CURVE('',#468,#551,#575,.T.);
#575 = LINE('',#576,#577);
#576 = CARTESIAN_POINT('',(0.5,-0.4,4.5E-02));
#577 = VECTOR('',#578,1.);
#578 = DIRECTION('',(0.,1.,0.));
#579 = ORIENTED_EDGE('',*,*,#558,.F.);
#580 = PLANE('',#581);
#581 = AXIS2_PLACEMENT_3D('',#582,#583,#584);
#582 = CARTESIAN_POINT('',(-0.755,-0.4,4.5E-02));
#583 = DIRECTION('',(0.,0.,1.));
#584 = DIRECTION('',(1.,0.,-0.));
#585 = ADVANCED_FACE('',(#586),#649,.F.);
#586 = FACE_BOUND('',#587,.F.);
#587 = EDGE_LOOP('',(#588,#598,#605,#606,#607,#608,#617,#625,#634,#642)
  );
#588 = ORIENTED_EDGE('',*,*,#589,.F.);
#589 = EDGE_CURVE('',#590,#592,#594,.T.);
#590 = VERTEX_POINT('',#591);
#591 = CARTESIAN_POINT('',(0.545,-0.4,-2.775557561563E-17));
#592 = VERTEX_POINT('',#593);
#593 = CARTESIAN_POINT('',(0.755,-0.4,-2.775557561563E-17));
#594 = LINE('',#595,#596);
#595 = CARTESIAN_POINT('',(0.5,-0.4,0.));
#596 = VECTOR('',#597,1.);
#597 = DIRECTION('',(1.,0.,0.));
#598 = ORIENTED_EDGE('',*,*,#599,.F.);
#599 = EDGE_CURVE('',#468,#590,#600,.T.);
#600 = CIRCLE('',#601,4.5E-02);
#601 = AXIS2_PLACEMENT_3D('',#602,#603,#604);
#602 = CARTESIAN_POINT('',(0.545,-0.4,4.5E-02));
#603 = DIRECTION('',(0.,-1.,0.));
#604 = DIRECTION('',(0.,0.,1.));
#605 = ORIENTED_EDGE('',*,*,#467,.T.);
#606 = ORIENTED_EDGE('',*,*,#459,.T.);
#607 = ORIENTED_EDGE('',*,*,#451,.F.);
#608 = ORIENTED_EDGE('',*,*,#609,.T.);
#609 = EDGE_CURVE('',#444,#610,#612,.T.);
#610 = VERTEX_POINT('',#611);
#611 = CARTESIAN_POINT('',(0.545,-0.4,0.45));
#612 = CIRCLE('',#613,4.5E-02);
#613 = AXIS2_PLACEMENT_3D('',#614,#615,#616);
#614 = CARTESIAN_POINT('',(0.545,-0.4,0.405));
#615 = DIRECTION('',(0.,1.,0.));
#616 = DIRECTION('',(0.,-0.,1.));
#617 = ORIENTED_EDGE('',*,*,#618,.T.);
#618 = EDGE_CURVE('',#610,#619,#621,.T.);
#619 = VERTEX_POINT('',#620);
#620 = CARTESIAN_POINT('',(0.755,-0.4,0.45));
#621 = LINE('',#622,#623);
#622 = CARTESIAN_POINT('',(0.5,-0.4,0.45));
#623 = VECTOR('',#624,1.);
#624 = DIRECTION('',(1.,0.,0.));
#625 = ORIENTED_EDGE('',*,*,#626,.F.);
#626 = EDGE_CURVE('',#627,#619,#629,.T.);
#627 = VERTEX_POINT('',#628);
#628 = CARTESIAN_POINT('',(0.8,-0.4,0.405));
#629 = CIRCLE('',#630,4.5E-02);
#630 = AXIS2_PLACEMENT_3D('',#631,#632,#633);
#631 = CARTESIAN_POINT('',(0.755,-0.4,0.405));
#632 = DIRECTION('',(0.,-1.,0.));
#633 = DIRECTION('',(0.,0.,1.));
#634 = ORIENTED_EDGE('',*,*,#635,.F.);
#635 = EDGE_CURVE('',#636,#627,#638,.T.);
#636 = VERTEX_POINT('',#637);
#637 = CARTESIAN_POINT('',(0.8,-0.4,4.5E-02));
#638 = LINE('',#639,#640);
#639 = CARTESIAN_POINT('',(0.8,-0.4,0.));
#640 = VECTOR('',#641,1.);
#641 = DIRECTION('',(0.,0.,1.));
#642 = ORIENTED_EDGE('',*,*,#643,.T.);
#643 = EDGE_CURVE('',#636,#592,#644,.T.);
#644 = CIRCLE('',#645,4.5E-02);
#645 = AXIS2_PLACEMENT_3D('',#646,#647,#648);
#646 = CARTESIAN_POINT('',(0.755,-0.4,4.5E-02));
#647 = DIRECTION('',(0.,1.,0.));
#648 = DIRECTION('',(0.,-0.,1.));
#649 = PLANE('',#650);
#650 = AXIS2_PLACEMENT_3D('',#651,#652,#653);
#651 = CARTESIAN_POINT('',(0.5,-0.4,0.));
#652 = DIRECTION('',(0.,1.,0.));
#653 = DIRECTION('',(0.,-0.,1.));
#654 = ADVANCED_FACE('',(#655),#680,.F.);
#655 = FACE_BOUND('',#656,.F.);
#656 = EDGE_LOOP('',(#657,#658,#666,#674));
#657 = ORIENTED_EDGE('',*,*,#443,.F.);
#658 = ORIENTED_EDGE('',*,*,#659,.T.);
#659 = EDGE_CURVE('',#242,#660,#662,.T.);
#660 = VERTEX_POINT('',#661);
#661 = CARTESIAN_POINT('',(-0.5,-0.4,0.45));
#662 = LINE('',#663,#664);
#663 = CARTESIAN_POINT('',(-0.5,-0.4,0.405));
#664 = VECTOR('',#665,1.);
#665 = DIRECTION('',(0.,0.,1.));
#666 = ORIENTED_EDGE('',*,*,#667,.T.);
#667 = EDGE_CURVE('',#660,#668,#670,.T.);
#668 = VERTEX_POINT('',#669);
#669 = CARTESIAN_POINT('',(0.5,-0.4,0.45));
#670 = LINE('',#671,#672);
#671 = CARTESIAN_POINT('',(-0.5,-0.4,0.45));
#672 = VECTOR('',#673,1.);
#673 = DIRECTION('',(1.,0.,0.));
#674 = ORIENTED_EDGE('',*,*,#675,.F.);
#675 = EDGE_CURVE('',#444,#668,#676,.T.);
#676 = LINE('',#677,#678);
#677 = CARTESIAN_POINT('',(0.5,-0.4,0.405));
#678 = VECTOR('',#679,1.);
#679 = DIRECTION('',(0.,0.,1.));
#680 = PLANE('',#681);
#681 = AXIS2_PLACEMENT_3D('',#682,#683,#684);
#682 = CARTESIAN_POINT('',(-0.5,-0.4,0.405));
#683 = DIRECTION('',(0.,1.,0.));
#684 = DIRECTION('',(0.,-0.,1.));
#685 = ADVANCED_FACE('',(#686),#704,.F.);
#686 = FACE_BOUND('',#687,.F.);
#687 = EDGE_LOOP('',(#688,#689,#690,#698));
#688 = ORIENTED_EDGE('',*,*,#659,.F.);
#689 = ORIENTED_EDGE('',*,*,#506,.T.);
#690 = ORIENTED_EDGE('',*,*,#691,.T.);
#691 = EDGE_CURVE('',#359,#692,#694,.T.);
#692 = VERTEX_POINT('',#693);
#693 = CARTESIAN_POINT('',(-0.5,0.4,0.45));
#694 = LINE('',#695,#696);
#695 = CARTESIAN_POINT('',(-0.5,0.4,0.405));
#696 = VECTOR('',#697,1.);
#697 = DIRECTION('',(0.,0.,1.));
#698 = ORIENTED_EDGE('',*,*,#699,.F.);
#699 = EDGE_CURVE('',#660,#692,#700,.T.);
#700 = LINE('',#701,#702);
#701 = CARTESIAN_POINT('',(-0.5,-0.4,0.45));
#702 = VECTOR('',#703,1.);
#703 = DIRECTION('',(0.,1.,0.));
#704 = PLANE('',#705);
#705 = AXIS2_PLACEMENT_3D('',#706,#707,#708);
#706 = CARTESIAN_POINT('',(-0.5,-0.4,0.405));
#707 = DIRECTION('',(1.,0.,0.));
#708 = DIRECTION('',(0.,0.,1.));
#709 = ADVANCED_FACE('',(#710),#773,.T.);
#710 = FACE_BOUND('',#711,.T.);
#711 = EDGE_LOOP('',(#712,#722,#729,#730,#731,#732,#741,#749,#758,#766)
  );
#712 = ORIENTED_EDGE('',*,*,#713,.F.);
#713 = EDGE_CURVE('',#714,#716,#718,.T.);
#714 = VERTEX_POINT('',#715);
#715 = CARTESIAN_POINT('',(0.545,0.4,-2.775557561563E-17));
#716 = VERTEX_POINT('',#717);
#717 = CARTESIAN_POINT('',(0.755,0.4,-2.775557561563E-17));
#718 = LINE('',#719,#720);
#719 = CARTESIAN_POINT('',(0.5,0.4,0.));
#720 = VECTOR('',#721,1.);
#721 = DIRECTION('',(1.,0.,0.));
#722 = ORIENTED_EDGE('',*,*,#723,.F.);
#723 = EDGE_CURVE('',#551,#714,#724,.T.);
#724 = CIRCLE('',#725,4.5E-02);
#725 = AXIS2_PLACEMENT_3D('',#726,#727,#728);
#726 = CARTESIAN_POINT('',(0.545,0.4,4.5E-02));
#727 = DIRECTION('',(0.,-1.,0.));
#728 = DIRECTION('',(0.,0.,1.));
#729 = ORIENTED_EDGE('',*,*,#550,.T.);
#730 = ORIENTED_EDGE('',*,*,#542,.T.);
#731 = ORIENTED_EDGE('',*,*,#534,.F.);
#732 = ORIENTED_EDGE('',*,*,#733,.T.);
#733 = EDGE_CURVE('',#527,#734,#736,.T.);
#734 = VERTEX_POINT('',#735);
#735 = CARTESIAN_POINT('',(0.545,0.4,0.45));
#736 = CIRCLE('',#737,4.5E-02);
#737 = AXIS2_PLACEMENT_3D('',#738,#739,#740);
#738 = CARTESIAN_POINT('',(0.545,0.4,0.405));
#739 = DIRECTION('',(0.,1.,0.));
#740 = DIRECTION('',(0.,-0.,1.));
#741 = ORIENTED_EDGE('',*,*,#742,.T.);
#742 = EDGE_CURVE('',#734,#743,#745,.T.);
#743 = VERTEX_POINT('',#744);
#744 = CARTESIAN_POINT('',(0.755,0.4,0.45));
#745 = LINE('',#746,#747);
#746 = CARTESIAN_POINT('',(0.5,0.4,0.45));
#747 = VECTOR('',#748,1.);
#748 = DIRECTION('',(1.,0.,0.));
#749 = ORIENTED_EDGE('',*,*,#750,.F.);
#750 = EDGE_CURVE('',#751,#743,#753,.T.);
#751 = VERTEX_POINT('',#752);
#752 = CARTESIAN_POINT('',(0.8,0.4,0.405));
#753 = CIRCLE('',#754,4.5E-02);
#754 = AXIS2_PLACEMENT_3D('',#755,#756,#757);
#755 = CARTESIAN_POINT('',(0.755,0.4,0.405));
#756 = DIRECTION('',(0.,-1.,0.));
#757 = DIRECTION('',(0.,0.,1.));
#758 = ORIENTED_EDGE('',*,*,#759,.F.);
#759 = EDGE_CURVE('',#760,#751,#762,.T.);
#760 = VERTEX_POINT('',#761);
#761 = CARTESIAN_POINT('',(0.8,0.4,4.5E-02));
#762 = LINE('',#763,#764);
#763 = CARTESIAN_POINT('',(0.8,0.4,0.));
#764 = VECTOR('',#765,1.);
#765 = DIRECTION('',(0.,0.,1.));
#766 = ORIENTED_EDGE('',*,*,#767,.T.);
#767 = EDGE_CURVE('',#760,#716,#768,.T.);
#768 = CIRCLE('',#769,4.5E-02);
#769 = AXIS2_PLACEMENT_3D('',#770,#771,#772);
#770 = CARTESIAN_POINT('',(0.755,0.4,4.5E-02));
#771 = DIRECTION('',(0.,1.,0.));
#772 = DIRECTION('',(0.,-0.,1.));
#773 = PLANE('',#774);
#774 = AXIS2_PLACEMENT_3D('',#775,#776,#777);
#775 = CARTESIAN_POINT('',(0.5,0.4,0.));
#776 = DIRECTION('',(0.,1.,0.));
#777 = DIRECTION('',(0.,-0.,1.));
#778 = ADVANCED_FACE('',(#779),#797,.T.);
#779 = FACE_BOUND('',#780,.T.);
#780 = EDGE_LOOP('',(#781,#782,#783,#791));
#781 = ORIENTED_EDGE('',*,*,#526,.F.);
#782 = ORIENTED_EDGE('',*,*,#691,.T.);
#783 = ORIENTED_EDGE('',*,*,#784,.T.);
#784 = EDGE_CURVE('',#692,#785,#787,.T.);
#785 = VERTEX_POINT('',#786);
#786 = CARTESIAN_POINT('',(0.5,0.4,0.45));
#787 = LINE('',#788,#789);
#788 = CARTESIAN_POINT('',(-0.5,0.4,0.45));
#789 = VECTOR('',#790,1.);
#790 = DIRECTION('',(1.,0.,0.));
#791 = ORIENTED_EDGE('',*,*,#792,.F.);
#792 = EDGE_CURVE('',#527,#785,#793,.T.);
#793 = LINE('',#794,#795);
#794 = CARTESIAN_POINT('',(0.5,0.4,0.405));
#795 = VECTOR('',#796,1.);
#796 = DIRECTION('',(0.,0.,1.));
#797 = PLANE('',#798);
#798 = AXIS2_PLACEMENT_3D('',#799,#800,#801);
#799 = CARTESIAN_POINT('',(-0.5,0.4,0.405));
#800 = DIRECTION('',(0.,1.,0.));
#801 = DIRECTION('',(0.,-0.,1.));
#802 = ADVANCED_FACE('',(#803),#814,.T.);
#803 = FACE_BOUND('',#804,.T.);
#804 = EDGE_LOOP('',(#805,#806,#807,#813));
#805 = ORIENTED_EDGE('',*,*,#574,.T.);
#806 = ORIENTED_EDGE('',*,*,#723,.T.);
#807 = ORIENTED_EDGE('',*,*,#808,.F.);
#808 = EDGE_CURVE('',#590,#714,#809,.T.);
#809 = LINE('',#810,#811);
#810 = CARTESIAN_POINT('',(0.545,-0.4,-2.775557561563E-17));
#811 = VECTOR('',#812,1.);
#812 = DIRECTION('',(0.,1.,0.));
#813 = ORIENTED_EDGE('',*,*,#599,.F.);
#814 = CYLINDRICAL_SURFACE('',#815,4.5E-02);
#815 = AXIS2_PLACEMENT_3D('',#816,#817,#818);
#816 = CARTESIAN_POINT('',(0.545,-0.4,4.5E-02));
#817 = DIRECTION('',(0.,1.,0.));
#818 = DIRECTION('',(-1.,0.,0.));
#819 = ADVANCED_FACE('',(#820),#831,.F.);
#820 = FACE_BOUND('',#821,.F.);
#821 = EDGE_LOOP('',(#822,#823,#824,#825));
#822 = ORIENTED_EDGE('',*,*,#713,.F.);
#823 = ORIENTED_EDGE('',*,*,#808,.F.);
#824 = ORIENTED_EDGE('',*,*,#589,.T.);
#825 = ORIENTED_EDGE('',*,*,#826,.T.);
#826 = EDGE_CURVE('',#592,#716,#827,.T.);
#827 = LINE('',#828,#829);
#828 = CARTESIAN_POINT('',(0.755,-0.4,-2.775557561563E-17));
#829 = VECTOR('',#830,1.);
#830 = DIRECTION('',(0.,1.,0.));
#831 = PLANE('',#832);
#832 = AXIS2_PLACEMENT_3D('',#833,#834,#835);
#833 = CARTESIAN_POINT('',(0.5,-0.4,0.));
#834 = DIRECTION('',(0.,0.,1.));
#835 = DIRECTION('',(1.,0.,-0.));
#836 = ADVANCED_FACE('',(#837),#848,.T.);
#837 = FACE_BOUND('',#838,.T.);
#838 = EDGE_LOOP('',(#839,#840,#841,#842));
#839 = ORIENTED_EDGE('',*,*,#643,.T.);
#840 = ORIENTED_EDGE('',*,*,#826,.T.);
#841 = ORIENTED_EDGE('',*,*,#767,.F.);
#842 = ORIENTED_EDGE('',*,*,#843,.F.);
#843 = EDGE_CURVE('',#636,#760,#844,.T.);
#844 = LINE('',#845,#846);
#845 = CARTESIAN_POINT('',(0.8,-0.4,4.5E-02));
#846 = VECTOR('',#847,1.);
#847 = DIRECTION('',(0.,1.,0.));
#848 = CYLINDRICAL_SURFACE('',#849,4.5E-02);
#849 = AXIS2_PLACEMENT_3D('',#850,#851,#852);
#850 = CARTESIAN_POINT('',(0.755,-0.4,4.5E-02));
#851 = DIRECTION('',(0.,1.,0.));
#852 = DIRECTION('',(1.,0.,0.));
#853 = ADVANCED_FACE('',(#854),#865,.T.);
#854 = FACE_BOUND('',#855,.T.);
#855 = EDGE_LOOP('',(#856,#857,#858,#859));
#856 = ORIENTED_EDGE('',*,*,#635,.F.);
#857 = ORIENTED_EDGE('',*,*,#843,.T.);
#858 = ORIENTED_EDGE('',*,*,#759,.T.);
#859 = ORIENTED_EDGE('',*,*,#860,.F.);
#860 = EDGE_CURVE('',#627,#751,#861,.T.);
#861 = LINE('',#862,#863);
#862 = CARTESIAN_POINT('',(0.8,-0.4,0.405));
#863 = VECTOR('',#864,1.);
#864 = DIRECTION('',(0.,1.,0.));
#865 = PLANE('',#866);
#866 = AXIS2_PLACEMENT_3D('',#867,#868,#869);
#867 = CARTESIAN_POINT('',(0.8,-0.4,0.));
#868 = DIRECTION('',(1.,0.,0.));
#869 = DIRECTION('',(0.,0.,1.));
#870 = ADVANCED_FACE('',(#871),#882,.T.);
#871 = FACE_BOUND('',#872,.T.);
#872 = EDGE_LOOP('',(#873,#874,#875,#881));
#873 = ORIENTED_EDGE('',*,*,#860,.T.);
#874 = ORIENTED_EDGE('',*,*,#750,.T.);
#875 = ORIENTED_EDGE('',*,*,#876,.F.);
#876 = EDGE_CURVE('',#619,#743,#877,.T.);
#877 = LINE('',#878,#879);
#878 = CARTESIAN_POINT('',(0.755,-0.4,0.45));
#879 = VECTOR('',#880,1.);
#880 = DIRECTION('',(0.,1.,0.));
#881 = ORIENTED_EDGE('',*,*,#626,.F.);
#882 = CYLINDRICAL_SURFACE('',#883,4.5E-02);
#883 = AXIS2_PLACEMENT_3D('',#884,#885,#886);
#884 = CARTESIAN_POINT('',(0.755,-0.4,0.405));
#885 = DIRECTION('',(0.,1.,0.));
#886 = DIRECTION('',(1.,0.,0.));
#887 = ADVANCED_FACE('',(#888),#899,.T.);
#888 = FACE_BOUND('',#889,.T.);
#889 = EDGE_LOOP('',(#890,#891,#897,#898));
#890 = ORIENTED_EDGE('',*,*,#742,.F.);
#891 = ORIENTED_EDGE('',*,*,#892,.F.);
#892 = EDGE_CURVE('',#610,#734,#893,.T.);
#893 = LINE('',#894,#895);
#894 = CARTESIAN_POINT('',(0.545,-0.4,0.45));
#895 = VECTOR('',#896,1.);
#896 = DIRECTION('',(0.,1.,0.));
#897 = ORIENTED_EDGE('',*,*,#618,.T.);
#898 = ORIENTED_EDGE('',*,*,#876,.T.);
#899 = PLANE('',#900);
#900 = AXIS2_PLACEMENT_3D('',#901,#902,#903);
#901 = CARTESIAN_POINT('',(0.5,-0.4,0.45));
#902 = DIRECTION('',(0.,0.,1.));
#903 = DIRECTION('',(1.,0.,-0.));
#904 = ADVANCED_FACE('',(#905),#916,.T.);
#905 = FACE_BOUND('',#906,.T.);
#906 = EDGE_LOOP('',(#907,#908,#909,#910));
#907 = ORIENTED_EDGE('',*,*,#609,.T.);
#908 = ORIENTED_EDGE('',*,*,#892,.T.);
#909 = ORIENTED_EDGE('',*,*,#733,.F.);
#910 = ORIENTED_EDGE('',*,*,#911,.F.);
#911 = EDGE_CURVE('',#444,#527,#912,.T.);
#912 = LINE('',#913,#914);
#913 = CARTESIAN_POINT('',(0.5,-0.4,0.405));
#914 = VECTOR('',#915,1.);
#915 = DIRECTION('',(0.,1.,0.));
#916 = CYLINDRICAL_SURFACE('',#917,4.5E-02);
#917 = AXIS2_PLACEMENT_3D('',#918,#919,#920);
#918 = CARTESIAN_POINT('',(0.545,-0.4,0.405));
#919 = DIRECTION('',(0.,1.,0.));
#920 = DIRECTION('',(-1.,0.,0.));
#921 = ADVANCED_FACE('',(#922),#933,.T.);
#922 = FACE_BOUND('',#923,.T.);
#923 = EDGE_LOOP('',(#924,#925,#926,#927));
#924 = ORIENTED_EDGE('',*,*,#675,.F.);
#925 = ORIENTED_EDGE('',*,*,#911,.T.);
#926 = ORIENTED_EDGE('',*,*,#792,.T.);
#927 = ORIENTED_EDGE('',*,*,#928,.F.);
#928 = EDGE_CURVE('',#668,#785,#929,.T.);
#929 = LINE('',#930,#931);
#930 = CARTESIAN_POINT('',(0.5,-0.4,0.45));
#931 = VECTOR('',#932,1.);
#932 = DIRECTION('',(0.,1.,0.));
#933 = PLANE('',#934);
#934 = AXIS2_PLACEMENT_3D('',#935,#936,#937);
#935 = CARTESIAN_POINT('',(0.5,-0.4,0.405));
#936 = DIRECTION('',(1.,0.,0.));
#937 = DIRECTION('',(0.,0.,1.));
#938 = ADVANCED_FACE('',(#939),#945,.T.);
#939 = FACE_BOUND('',#940,.T.);
#940 = EDGE_LOOP('',(#941,#942,#943,#944));
#941 = ORIENTED_EDGE('',*,*,#699,.F.);
#942 = ORIENTED_EDGE('',*,*,#667,.T.);
#943 = ORIENTED_EDGE('',*,*,#928,.T.);
#944 = ORIENTED_EDGE('',*,*,#784,.F.);
#945 = PLANE('',#946);
#946 = AXIS2_PLACEMENT_3D('',#947,#948,#949);
#947 = CARTESIAN_POINT('',(-0.5,-0.4,0.45));
#948 = DIRECTION('',(0.,0.,1.));
#949 = DIRECTION('',(1.,0.,-0.));
#950 = ( GEOMETRIC_REPRESENTATION_CONTEXT(3) 
GLOBAL_UNCERTAINTY_ASSIGNED_CONTEXT((#954)) GLOBAL_UNIT_ASSIGNED_CONTEXT
((#951,#952,#953)) REPRESENTATION_CONTEXT('Context #1',
  '3D Context with UNIT and UNCERTAINTY') );
#951 = ( LENGTH_UNIT() NAMED_UNIT(*) SI_UNIT(.MILLI.,.METRE.) );
#952 = ( NAMED_UNIT(*) PLANE_ANGLE_UNIT() SI_UNIT($,.RADIAN.) );
#953 = ( NAMED_UNIT(*) SI_UNIT($,.STERADIAN.) SOLID_ANGLE_UNIT() );
#954 = UNCERTAINTY_MEASURE_WITH_UNIT(LENGTH_MEASURE(1.E-07),#951,
  'distance_accuracy_value','confusion accuracy');
#955 = CONTEXT_DEPENDENT_SHAPE_REPRESENTATION(#956,#958);
#956 = ( REPRESENTATION_RELATIONSHIP('','',#159,#136) 
REPRESENTATION_RELATIONSHIP_WITH_TRANSFORMATION(#957) 
SHAPE_REPRESENTATION_RELATIONSHIP() );
#957 = ITEM_DEFINED_TRANSFORMATION('','',#11,#137);
#958 = PRODUCT_DEFINITION_SHAPE('Placement','Placement of an item',#959
  );
#959 = NEXT_ASSEMBLY_USAGE_OCCURRENCE('1','=>[0:1:1:3]','',#131,#154,$);
#960 = PRODUCT_RELATED_PRODUCT_CATEGORY('part',$,(#156));
#961 = SHAPE_DEFINITION_REPRESENTATION(#962,#968);
#962 = PRODUCT_DEFINITION_SHAPE('','',#963);
#963 = PRODUCT_DEFINITION('design','',#964,#967);
#964 = PRODUCT_DEFINITION_FORMATION('','',#965);
#965 = PRODUCT('C_0603_1608Metric','C_0603_1608Metric','',(#966));
#966 = PRODUCT_CONTEXT('',#2,'mechanical');
#967 = PRODUCT_DEFINITION_CONTEXT('part definition',#2,'design');
#968 = SHAPE_REPRESENTATION('',(#11,#969),#973);
#969 = AXIS2_PLACEMENT_3D('',#970,#971,#972);
#970 = CARTESIAN_POINT('',(0.,0.,0.));
#971 = DIRECTION('',(0.,0.,1.));
#972 = DIRECTION('',(1.,0.,-0.));
#973 = ( GEOMETRIC_REPRESENTATION_CONTEXT(3) 
GLOBAL_UNCERTAINTY_ASSIGNED_CONTEXT((#977)) GLOBAL_UNIT_ASSIGNED_CONTEXT
((#974,#975,#976)) REPRESENTATION_CONTEXT('Context #1',
  '3D Context with UNIT and UNCERTAINTY') );
#974 = ( LENGTH_UNIT() NAMED_UNIT(*) SI_UNIT(.MILLI.,.METRE.) );
#975 = ( NAMED_UNIT(*) PLANE_ANGLE_UNIT() SI_UNIT($,.RADIAN.) );
#976 = ( NAMED_UNIT(*) SI_UNIT($,.STERADIAN.) SOLID_ANGLE_UNIT() );
#977 = UNCERTAINTY_MEASURE_WITH_UNIT(LENGTH_MEASURE(1.E-07),#974,
  'distance_accuracy_value','confusion accuracy');
#978 = CONTEXT_DEPENDENT_SHAPE_REPRESENTATION(#979,#981);
#979 = ( REPRESENTATION_RELATIONSHIP('','',#968,#10) 
REPRESENTATION_RELATIONSHIP_WITH_TRANSFORMATION(#980) 
SHAPE_REPRESENTATION_RELATIONSHIP() );
#980 = ITEM_DEFINED_TRANSFORMATION('','',#11,#19);
#981 = PRODUCT_DEFINITION_SHAPE('Placement','Placement of an item',#982
  );
#982 = NEXT_ASSEMBLY_USAGE_OCCURRENCE('4','C2','',#5,#963,$);
#983 = PRODUCT_RELATED_PRODUCT_CATEGORY('part',$,(#965));
#984 = SHAPE_DEFINITION_REPRESENTATION(#985,#991);
#985 = PRODUCT_DEFINITION_SHAPE('','',#986);
#986 = PRODUCT_DEFINITION('design','',#987,#990);
#987 = PRODUCT_DEFINITION_FORMATION('','',#988);
#988 = PRODUCT('C_0603_1608Metric','C_0603_1608Metric','',(#989));
#989 = PRODUCT_CONTEXT('',#2,'mechanical');
#990 = PRODUCT_DEFINITION_CONTEXT('part definition',#2,'design');
#991 = ADVANCED_BREP_SHAPE_REPRESENTATION('',(#11,#992),#1846);
#992 = MANIFOLD_SOLID_BREP('',#993);
#993 = CLOSED_SHELL('',(#994,#1070,#1101,#1126,#1151,#1175,#1199,#1224,
    #1249,#1266,#1352,#1384,#1408,#1433,#1457,#1482,#1506,#1531,#1548,
    #1634,#1665,#1690,#1715,#1739,#1763,#1788,#1813,#1830));
#994 = ADVANCED_FACE('',(#995),#1065,.F.);
#995 = FACE_BOUND('',#996,.F.);
#996 = EDGE_LOOP('',(#997,#1007,#1016,#1024,#1033,#1041,#1050,#1058));
#997 = ORIENTED_EDGE('',*,*,#998,.F.);
#998 = EDGE_CURVE('',#999,#1001,#1003,.T.);
#999 = VERTEX_POINT('',#1000);
#1000 = CARTESIAN_POINT('',(-0.8,-0.4,3.E-02));
#1001 = VERTEX_POINT('',#1002);
#1002 = CARTESIAN_POINT('',(-0.8,-0.4,0.77));
#1003 = LINE('',#1004,#1005);
#1004 = CARTESIAN_POINT('',(-0.8,-0.4,0.));
#1005 = VECTOR('',#1006,1.);
#1006 = DIRECTION('',(0.,0.,1.));
#1007 = ORIENTED_EDGE('',*,*,#1008,.T.);
#1008 = EDGE_CURVE('',#999,#1009,#1011,.T.);
#1009 = VERTEX_POINT('',#1010);
#1010 = CARTESIAN_POINT('',(-0.8,-0.37,0.));
#1011 = CIRCLE('',#1012,3.E-02);
#1012 = AXIS2_PLACEMENT_3D('',#1013,#1014,#1015);
#1013 = CARTESIAN_POINT('',(-0.8,-0.37,3.E-02));
#1014 = DIRECTION('',(1.,0.,-0.));
#1015 = DIRECTION('',(0.,0.,1.));
#1016 = ORIENTED_EDGE('',*,*,#1017,.T.);
#1017 = EDGE_CURVE('',#1009,#1018,#1020,.T.);
#1018 = VERTEX_POINT('',#1019);
#1019 = CARTESIAN_POINT('',(-0.8,0.37,0.));
#1020 = LINE('',#1021,#1022);
#1021 = CARTESIAN_POINT('',(-0.8,-0.4,0.));
#1022 = VECTOR('',#1023,1.);
#1023 = DIRECTION('',(0.,1.,0.));
#1024 = ORIENTED_EDGE('',*,*,#1025,.F.);
#1025 = EDGE_CURVE('',#1026,#1018,#1028,.T.);
#1026 = VERTEX_POINT('',#1027);
#1027 = CARTESIAN_POINT('',(-0.8,0.4,3.E-02));
#1028 = CIRCLE('',#1029,3.E-02);
#1029 = AXIS2_PLACEMENT_3D('',#1030,#1031,#1032);
#1030 = CARTESIAN_POINT('',(-0.8,0.37,3.E-02));
#1031 = DIRECTION('',(-1.,0.,0.));
#1032 = DIRECTION('',(0.,0.,1.));
#1033 = ORIENTED_EDGE('',*,*,#1034,.T.);
#1034 = EDGE_CURVE('',#1026,#1035,#1037,.T.);
#1035 = VERTEX_POINT('',#1036);
#1036 = CARTESIAN_POINT('',(-0.8,0.4,0.77));
#1037 = LINE('',#1038,#1039);
#1038 = CARTESIAN_POINT('',(-0.8,0.4,0.));
#1039 = VECTOR('',#1040,1.);
#1040 = DIRECTION('',(0.,0.,1.));
#1041 = ORIENTED_EDGE('',*,*,#1042,.T.);
#1042 = EDGE_CURVE('',#1035,#1043,#1045,.T.);
#1043 = VERTEX_POINT('',#1044);
#1044 = CARTESIAN_POINT('',(-0.8,0.37,0.8));
#1045 = CIRCLE('',#1046,3.E-02);
#1046 = AXIS2_PLACEMENT_3D('',#1047,#1048,#1049);
#1047 = CARTESIAN_POINT('',(-0.8,0.37,0.77));
#1048 = DIRECTION('',(1.,0.,-0.));
#1049 = DIRECTION('',(0.,0.,1.));
#1050 = ORIENTED_EDGE('',*,*,#1051,.F.);
#1051 = EDGE_CURVE('',#1052,#1043,#1054,.T.);
#1052 = VERTEX_POINT('',#1053);
#1053 = CARTESIAN_POINT('',(-0.8,-0.37,0.8));
#1054 = LINE('',#1055,#1056);
#1055 = CARTESIAN_POINT('',(-0.8,-0.4,0.8));
#1056 = VECTOR('',#1057,1.);
#1057 = DIRECTION('',(0.,1.,0.));
#1058 = ORIENTED_EDGE('',*,*,#1059,.F.);
#1059 = EDGE_CURVE('',#1001,#1052,#1060,.T.);
#1060 = CIRCLE('',#1061,3.E-02);
#1061 = AXIS2_PLACEMENT_3D('',#1062,#1063,#1064);
#1062 = CARTESIAN_POINT('',(-0.8,-0.37,0.77));
#1063 = DIRECTION('',(-1.,0.,0.));
#1064 = DIRECTION('',(0.,0.,1.));
#1065 = PLANE('',#1066);
#1066 = AXIS2_PLACEMENT_3D('',#1067,#1068,#1069);
#1067 = CARTESIAN_POINT('',(-0.8,-0.4,0.));
#1068 = DIRECTION('',(1.,0.,0.));
#1069 = DIRECTION('',(0.,0.,1.));
#1070 = ADVANCED_FACE('',(#1071),#1096,.F.);
#1071 = FACE_BOUND('',#1072,.F.);
#1072 = EDGE_LOOP('',(#1073,#1083,#1089,#1090));
#1073 = ORIENTED_EDGE('',*,*,#1074,.F.);
#1074 = EDGE_CURVE('',#1075,#1077,#1079,.T.);
#1075 = VERTEX_POINT('',#1076);
#1076 = CARTESIAN_POINT('',(-0.5,-0.4,3.E-02));
#1077 = VERTEX_POINT('',#1078);
#1078 = CARTESIAN_POINT('',(-0.5,-0.4,0.77));
#1079 = LINE('',#1080,#1081);
#1080 = CARTESIAN_POINT('',(-0.5,-0.4,0.));
#1081 = VECTOR('',#1082,1.);
#1082 = DIRECTION('',(0.,0.,1.));
#1083 = ORIENTED_EDGE('',*,*,#1084,.F.);
#1084 = EDGE_CURVE('',#999,#1075,#1085,.T.);
#1085 = LINE('',#1086,#1087);
#1086 = CARTESIAN_POINT('',(-0.8,-0.4,3.E-02));
#1087 = VECTOR('',#1088,1.);
#1088 = DIRECTION('',(1.,0.,0.));
#1089 = ORIENTED_EDGE('',*,*,#998,.T.);
#1090 = ORIENTED_EDGE('',*,*,#1091,.T.);
#1091 = EDGE_CURVE('',#1001,#1077,#1092,.T.);
#1092 = LINE('',#1093,#1094);
#1093 = CARTESIAN_POINT('',(-0.8,-0.4,0.77));
#1094 = VECTOR('',#1095,1.);
#1095 = DIRECTION('',(1.,0.,0.));
#1096 = PLANE('',#1097);
#1097 = AXIS2_PLACEMENT_3D('',#1098,#1099,#1100);
#1098 = CARTESIAN_POINT('',(-0.8,-0.4,0.));
#1099 = DIRECTION('',(0.,1.,0.));
#1100 = DIRECTION('',(0.,-0.,1.));
#1101 = ADVANCED_FACE('',(#1102),#1121,.T.);
#1102 = FACE_BOUND('',#1103,.T.);
#1103 = EDGE_LOOP('',(#1104,#1105,#1113,#1120));
#1104 = ORIENTED_EDGE('',*,*,#1008,.T.);
#1105 = ORIENTED_EDGE('',*,*,#1106,.T.);
#1106 = EDGE_CURVE('',#1009,#1107,#1109,.T.);
#1107 = VERTEX_POINT('',#1108);
#1108 = CARTESIAN_POINT('',(-0.5,-0.37,0.));
#1109 = LINE('',#1110,#1111);
#1110 = CARTESIAN_POINT('',(-0.8,-0.37,0.));
#1111 = VECTOR('',#1112,1.);
#1112 = DIRECTION('',(1.,0.,0.));
#1113 = ORIENTED_EDGE('',*,*,#1114,.F.);
#1114 = EDGE_CURVE('',#1075,#1107,#1115,.T.);
#1115 = CIRCLE('',#1116,3.E-02);
#1116 = AXIS2_PLACEMENT_3D('',#1117,#1118,#1119);
#1117 = CARTESIAN_POINT('',(-0.5,-0.37,3.E-02));
#1118 = DIRECTION('',(1.,0.,-0.));
#1119 = DIRECTION('',(0.,0.,1.));
#1120 = ORIENTED_EDGE('',*,*,#1084,.F.);
#1121 = CYLINDRICAL_SURFACE('',#1122,3.E-02);
#1122 = AXIS2_PLACEMENT_3D('',#1123,#1124,#1125);
#1123 = CARTESIAN_POINT('',(-0.8,-0.37,3.E-02));
#1124 = DIRECTION('',(1.,0.,0.));
#1125 = DIRECTION('',(0.,-1.,0.));
#1126 = ADVANCED_FACE('',(#1127),#1146,.T.);
#1127 = FACE_BOUND('',#1128,.T.);
#1128 = EDGE_LOOP('',(#1129,#1130,#1139,#1145));
#1129 = ORIENTED_EDGE('',*,*,#1091,.T.);
#1130 = ORIENTED_EDGE('',*,*,#1131,.T.);
#1131 = EDGE_CURVE('',#1077,#1132,#1134,.T.);
#1132 = VERTEX_POINT('',#1133);
#1133 = CARTESIAN_POINT('',(-0.5,-0.37,0.8));
#1134 = CIRCLE('',#1135,3.E-02);
#1135 = AXIS2_PLACEMENT_3D('',#1136,#1137,#1138);
#1136 = CARTESIAN_POINT('',(-0.5,-0.37,0.77));
#1137 = DIRECTION('',(-1.,0.,0.));
#1138 = DIRECTION('',(0.,0.,1.));
#1139 = ORIENTED_EDGE('',*,*,#1140,.F.);
#1140 = EDGE_CURVE('',#1052,#1132,#1141,.T.);
#1141 = LINE('',#1142,#1143);
#1142 = CARTESIAN_POINT('',(-0.8,-0.37,0.8));
#1143 = VECTOR('',#1144,1.);
#1144 = DIRECTION('',(1.,0.,0.));
#1145 = ORIENTED_EDGE('',*,*,#1059,.F.);
#1146 = CYLINDRICAL_SURFACE('',#1147,3.E-02);
#1147 = AXIS2_PLACEMENT_3D('',#1148,#1149,#1150);
#1148 = CARTESIAN_POINT('',(-0.8,-0.37,0.77));
#1149 = DIRECTION('',(1.,0.,0.));
#1150 = DIRECTION('',(0.,-1.,0.));
#1151 = ADVANCED_FACE('',(#1152),#1170,.F.);
#1152 = FACE_BOUND('',#1153,.F.);
#1153 = EDGE_LOOP('',(#1154,#1155,#1156,#1164));
#1154 = ORIENTED_EDGE('',*,*,#1017,.F.);
#1155 = ORIENTED_EDGE('',*,*,#1106,.T.);
#1156 = ORIENTED_EDGE('',*,*,#1157,.T.);
#1157 = EDGE_CURVE('',#1107,#1158,#1160,.T.);
#1158 = VERTEX_POINT('',#1159);
#1159 = CARTESIAN_POINT('',(-0.5,0.37,0.));
#1160 = LINE('',#1161,#1162);
#1161 = CARTESIAN_POINT('',(-0.5,-0.4,0.));
#1162 = VECTOR('',#1163,1.);
#1163 = DIRECTION('',(0.,1.,0.));
#1164 = ORIENTED_EDGE('',*,*,#1165,.F.);
#1165 = EDGE_CURVE('',#1018,#1158,#1166,.T.);
#1166 = LINE('',#1167,#1168);
#1167 = CARTESIAN_POINT('',(-0.8,0.37,0.));
#1168 = VECTOR('',#1169,1.);
#1169 = DIRECTION('',(1.,0.,0.));
#1170 = PLANE('',#1171);
#1171 = AXIS2_PLACEMENT_3D('',#1172,#1173,#1174);
#1172 = CARTESIAN_POINT('',(-0.8,-0.4,0.));
#1173 = DIRECTION('',(0.,0.,1.));
#1174 = DIRECTION('',(1.,0.,-0.));
#1175 = ADVANCED_FACE('',(#1176),#1194,.T.);
#1176 = FACE_BOUND('',#1177,.T.);
#1177 = EDGE_LOOP('',(#1178,#1179,#1180,#1188));
#1178 = ORIENTED_EDGE('',*,*,#1051,.F.);
#1179 = ORIENTED_EDGE('',*,*,#1140,.T.);
#1180 = ORIENTED_EDGE('',*,*,#1181,.T.);
#1181 = EDGE_CURVE('',#1132,#1182,#1184,.T.);
#1182 = VERTEX_POINT('',#1183);
#1183 = CARTESIAN_POINT('',(-0.5,0.37,0.8));
#1184 = LINE('',#1185,#1186);
#1185 = CARTESIAN_POINT('',(-0.5,-0.4,0.8));
#1186 = VECTOR('',#1187,1.);
#1187 = DIRECTION('',(0.,1.,0.));
#1188 = ORIENTED_EDGE('',*,*,#1189,.F.);
#1189 = EDGE_CURVE('',#1043,#1182,#1190,.T.);
#1190 = LINE('',#1191,#1192);
#1191 = CARTESIAN_POINT('',(-0.8,0.37,0.8));
#1192 = VECTOR('',#1193,1.);
#1193 = DIRECTION('',(1.,0.,0.));
#1194 = PLANE('',#1195);
#1195 = AXIS2_PLACEMENT_3D('',#1196,#1197,#1198);
#1196 = CARTESIAN_POINT('',(-0.8,-0.4,0.8));
#1197 = DIRECTION('',(0.,0.,1.));
#1198 = DIRECTION('',(1.,0.,-0.));
#1199 = ADVANCED_FACE('',(#1200),#1219,.T.);
#1200 = FACE_BOUND('',#1201,.T.);
#1201 = EDGE_LOOP('',(#1202,#1210,#1217,#1218));
#1202 = ORIENTED_EDGE('',*,*,#1203,.T.);
#1203 = EDGE_CURVE('',#1026,#1204,#1206,.T.);
#1204 = VERTEX_POINT('',#1205);
#1205 = CARTESIAN_POINT('',(-0.5,0.4,3.E-02));
#1206 = LINE('',#1207,#1208);
#1207 = CARTESIAN_POINT('',(-0.8,0.4,3.E-02));
#1208 = VECTOR('',#1209,1.);
#1209 = DIRECTION('',(1.,0.,0.));
#1210 = ORIENTED_EDGE('',*,*,#1211,.T.);
#1211 = EDGE_CURVE('',#1204,#1158,#1212,.T.);
#1212 = CIRCLE('',#1213,3.E-02);
#1213 = AXIS2_PLACEMENT_3D('',#1214,#1215,#1216);
#1214 = CARTESIAN_POINT('',(-0.5,0.37,3.E-02));
#1215 = DIRECTION('',(-1.,0.,0.));
#1216 = DIRECTION('',(0.,0.,1.));
#1217 = ORIENTED_EDGE('',*,*,#1165,.F.);
#1218 = ORIENTED_EDGE('',*,*,#1025,.F.);
#1219 = CYLINDRICAL_SURFACE('',#1220,3.E-02);
#1220 = AXIS2_PLACEMENT_3D('',#1221,#1222,#1223);
#1221 = CARTESIAN_POINT('',(-0.8,0.37,3.E-02));
#1222 = DIRECTION('',(1.,0.,0.));
#1223 = DIRECTION('',(-0.,1.,0.));
#1224 = ADVANCED_FACE('',(#1225),#1244,.T.);
#1225 = FACE_BOUND('',#1226,.T.);
#1226 = EDGE_LOOP('',(#1227,#1228,#1229,#1238));
#1227 = ORIENTED_EDGE('',*,*,#1042,.T.);
#1228 = ORIENTED_EDGE('',*,*,#1189,.T.);
#1229 = ORIENTED_EDGE('',*,*,#1230,.F.);
#1230 = EDGE_CURVE('',#1231,#1182,#1233,.T.);
#1231 = VERTEX_POINT('',#1232);
#1232 = CARTESIAN_POINT('',(-0.5,0.4,0.77));
#1233 = CIRCLE('',#1234,3.E-02);
#1234 = AXIS2_PLACEMENT_3D('',#1235,#1236,#1237);
#1235 = CARTESIAN_POINT('',(-0.5,0.37,0.77));
#1236 = DIRECTION('',(1.,0.,-0.));
#1237 = DIRECTION('',(0.,0.,1.));
#1238 = ORIENTED_EDGE('',*,*,#1239,.F.);
#1239 = EDGE_CURVE('',#1035,#1231,#1240,.T.);
#1240 = LINE('',#1241,#1242);
#1241 = CARTESIAN_POINT('',(-0.8,0.4,0.77));
#1242 = VECTOR('',#1243,1.);
#1243 = DIRECTION('',(1.,0.,0.));
#1244 = CYLINDRICAL_SURFACE('',#1245,3.E-02);
#1245 = AXIS2_PLACEMENT_3D('',#1246,#1247,#1248);
#1246 = CARTESIAN_POINT('',(-0.8,0.37,0.77));
#1247 = DIRECTION('',(1.,0.,0.));
#1248 = DIRECTION('',(-0.,1.,0.));
#1249 = ADVANCED_FACE('',(#1250),#1261,.T.);
#1250 = FACE_BOUND('',#1251,.T.);
#1251 = EDGE_LOOP('',(#1252,#1258,#1259,#1260));
#1252 = ORIENTED_EDGE('',*,*,#1253,.F.);
#1253 = EDGE_CURVE('',#1204,#1231,#1254,.T.);
#1254 = LINE('',#1255,#1256);
#1255 = CARTESIAN_POINT('',(-0.5,0.4,0.));
#1256 = VECTOR('',#1257,1.);
#1257 = DIRECTION('',(0.,0.,1.));
#1258 = ORIENTED_EDGE('',*,*,#1203,.F.);
#1259 = ORIENTED_EDGE('',*,*,#1034,.T.);
#1260 = ORIENTED_EDGE('',*,*,#1239,.T.);
#1261 = PLANE('',#1262);
#1262 = AXIS2_PLACEMENT_3D('',#1263,#1264,#1265);
#1263 = CARTESIAN_POINT('',(-0.8,0.4,0.));
#1264 = DIRECTION('',(0.,1.,0.));
#1265 = DIRECTION('',(0.,-0.,1.));
#1266 = ADVANCED_FACE('',(#1267,#1277),#1347,.T.);
#1267 = FACE_BOUND('',#1268,.T.);
#1268 = EDGE_LOOP('',(#1269,#1270,#1271,#1272,#1273,#1274,#1275,#1276));
#1269 = ORIENTED_EDGE('',*,*,#1074,.F.);
#1270 = ORIENTED_EDGE('',*,*,#1114,.T.);
#1271 = ORIENTED_EDGE('',*,*,#1157,.T.);
#1272 = ORIENTED_EDGE('',*,*,#1211,.F.);
#1273 = ORIENTED_EDGE('',*,*,#1253,.T.);
#1274 = ORIENTED_EDGE('',*,*,#1230,.T.);
#1275 = ORIENTED_EDGE('',*,*,#1181,.F.);
#1276 = ORIENTED_EDGE('',*,*,#1131,.F.);
#1277 = FACE_BOUND('',#1278,.T.);
#1278 = EDGE_LOOP('',(#1279,#1290,#1298,#1307,#1315,#1324,#1332,#1341));
#1279 = ORIENTED_EDGE('',*,*,#1280,.F.);
#1280 = EDGE_CURVE('',#1281,#1283,#1285,.T.);
#1281 = VERTEX_POINT('',#1282);
#1282 = CARTESIAN_POINT('',(-0.5,-0.37,6.E-02));
#1283 = VERTEX_POINT('',#1284);
#1284 = CARTESIAN_POINT('',(-0.5,-0.34,3.E-02));
#1285 = CIRCLE('',#1286,3.E-02);
#1286 = AXIS2_PLACEMENT_3D('',#1287,#1288,#1289);
#1287 = CARTESIAN_POINT('',(-0.5,-0.34,6.E-02));
#1288 = DIRECTION('',(1.,0.,-0.));
#1289 = DIRECTION('',(0.,0.,1.));
#1290 = ORIENTED_EDGE('',*,*,#1291,.T.);
#1291 = EDGE_CURVE('',#1281,#1292,#1294,.T.);
#1292 = VERTEX_POINT('',#1293);
#1293 = CARTESIAN_POINT('',(-0.5,-0.37,0.74));
#1294 = LINE('',#1295,#1296);
#1295 = CARTESIAN_POINT('',(-0.5,-0.37,3.E-02));
#1296 = VECTOR('',#1297,1.);
#1297 = DIRECTION('',(0.,0.,1.));
#1298 = ORIENTED_EDGE('',*,*,#1299,.T.);
#1299 = EDGE_CURVE('',#1292,#1300,#1302,.T.);
#1300 = VERTEX_POINT('',#1301);
#1301 = CARTESIAN_POINT('',(-0.5,-0.34,0.77));
#1302 = CIRCLE('',#1303,3.E-02);
#1303 = AXIS2_PLACEMENT_3D('',#1304,#1305,#1306);
#1304 = CARTESIAN_POINT('',(-0.5,-0.34,0.74));
#1305 = DIRECTION('',(-1.,0.,0.));
#1306 = DIRECTION('',(0.,0.,1.));
#1307 = ORIENTED_EDGE('',*,*,#1308,.T.);
#1308 = EDGE_CURVE('',#1300,#1309,#1311,.T.);
#1309 = VERTEX_POINT('',#1310);
#1310 = CARTESIAN_POINT('',(-0.5,0.34,0.77));
#1311 = LINE('',#1312,#1313);
#1312 = CARTESIAN_POINT('',(-0.5,-0.37,0.77));
#1313 = VECTOR('',#1314,1.);
#1314 = DIRECTION('',(0.,1.,0.));
#1315 = ORIENTED_EDGE('',*,*,#1316,.F.);
#1316 = EDGE_CURVE('',#1317,#1309,#1319,.T.);
#1317 = VERTEX_POINT('',#1318);
#1318 = CARTESIAN_POINT('',(-0.5,0.37,0.74));
#1319 = CIRCLE('',#1320,3.E-02);
#1320 = AXIS2_PLACEMENT_3D('',#1321,#1322,#1323);
#1321 = CARTESIAN_POINT('',(-0.5,0.34,0.74));
#1322 = DIRECTION('',(1.,0.,-0.));
#1323 = DIRECTION('',(0.,0.,1.));
#1324 = ORIENTED_EDGE('',*,*,#1325,.F.);
#1325 = EDGE_CURVE('',#1326,#1317,#1328,.T.);
#1326 = VERTEX_POINT('',#1327);
#1327 = CARTESIAN_POINT('',(-0.5,0.37,6.E-02));
#1328 = LINE('',#1329,#1330);
#1329 = CARTESIAN_POINT('',(-0.5,0.37,3.E-02));
#1330 = VECTOR('',#1331,1.);
#1331 = DIRECTION('',(0.,0.,1.));
#1332 = ORIENTED_EDGE('',*,*,#1333,.T.);
#1333 = EDGE_CURVE('',#1326,#1334,#1336,.T.);
#1334 = VERTEX_POINT('',#1335);
#1335 = CARTESIAN_POINT('',(-0.5,0.34,3.E-02));
#1336 = CIRCLE('',#1337,3.E-02);
#1337 = AXIS2_PLACEMENT_3D('',#1338,#1339,#1340);
#1338 = CARTESIAN_POINT('',(-0.5,0.34,6.E-02));
#1339 = DIRECTION('',(-1.,0.,0.));
#1340 = DIRECTION('',(0.,0.,1.));
#1341 = ORIENTED_EDGE('',*,*,#1342,.F.);
#1342 = EDGE_CURVE('',#1283,#1334,#1343,.T.);
#1343 = LINE('',#1344,#1345);
#1344 = CARTESIAN_POINT('',(-0.5,-0.37,3.E-02));
#1345 = VECTOR('',#1346,1.);
#1346 = DIRECTION('',(0.,1.,0.));
#1347 = PLANE('',#1348);
#1348 = AXIS2_PLACEMENT_3D('',#1349,#1350,#1351);
#1349 = CARTESIAN_POINT('',(-0.5,-0.4,0.));
#1350 = DIRECTION('',(1.,0.,0.));
#1351 = DIRECTION('',(0.,0.,1.));
#1352 = ADVANCED_FACE('',(#1353),#1379,.T.);
#1353 = FACE_BOUND('',#1354,.T.);
#1354 = EDGE_LOOP('',(#1355,#1356,#1364,#1373));
#1355 = ORIENTED_EDGE('',*,*,#1280,.T.);
#1356 = ORIENTED_EDGE('',*,*,#1357,.T.);
#1357 = EDGE_CURVE('',#1283,#1358,#1360,.T.);
#1358 = VERTEX_POINT('',#1359);
#1359 = CARTESIAN_POINT('',(0.5,-0.34,3.E-02));
#1360 = LINE('',#1361,#1362);
#1361 = CARTESIAN_POINT('',(-0.5,-0.34,3.E-02));
#1362 = VECTOR('',#1363,1.);
#1363 = DIRECTION('',(1.,0.,0.));
#1364 = ORIENTED_EDGE('',*,*,#1365,.F.);
#1365 = EDGE_CURVE('',#1366,#1358,#1368,.T.);
#1366 = VERTEX_POINT('',#1367);
#1367 = CARTESIAN_POINT('',(0.5,-0.37,6.E-02));
#1368 = CIRCLE('',#1369,3.E-02);
#1369 = AXIS2_PLACEMENT_3D('',#1370,#1371,#1372);
#1370 = CARTESIAN_POINT('',(0.5,-0.34,6.E-02));
#1371 = DIRECTION('',(1.,0.,-0.));
#1372 = DIRECTION('',(0.,0.,1.));
#1373 = ORIENTED_EDGE('',*,*,#1374,.F.);
#1374 = EDGE_CURVE('',#1281,#1366,#1375,.T.);
#1375 = LINE('',#1376,#1377);
#1376 = CARTESIAN_POINT('',(-0.5,-0.37,6.E-02));
#1377 = VECTOR('',#1378,1.);
#1378 = DIRECTION('',(1.,0.,0.));
#1379 = CYLINDRICAL_SURFACE('',#1380,3.E-02);
#1380 = AXIS2_PLACEMENT_3D('',#1381,#1382,#1383);
#1381 = CARTESIAN_POINT('',(-0.5,-0.34,6.E-02));
#1382 = DIRECTION('',(1.,0.,0.));
#1383 = DIRECTION('',(0.,-1.,0.));
#1384 = ADVANCED_FACE('',(#1385),#1403,.F.);
#1385 = FACE_BOUND('',#1386,.F.);
#1386 = EDGE_LOOP('',(#1387,#1388,#1389,#1397));
#1387 = ORIENTED_EDGE('',*,*,#1342,.F.);
#1388 = ORIENTED_EDGE('',*,*,#1357,.T.);
#1389 = ORIENTED_EDGE('',*,*,#1390,.T.);
#1390 = EDGE_CURVE('',#1358,#1391,#1393,.T.);
#1391 = VERTEX_POINT('',#1392);
#1392 = CARTESIAN_POINT('',(0.5,0.34,3.E-02));
#1393 = LINE('',#1394,#1395);
#1394 = CARTESIAN_POINT('',(0.5,-0.37,3.E-02));
#1395 = VECTOR('',#1396,1.);
#1396 = DIRECTION('',(0.,1.,0.));
#1397 = ORIENTED_EDGE('',*,*,#1398,.F.);
#1398 = EDGE_CURVE('',#1334,#1391,#1399,.T.);
#1399 = LINE('',#1400,#1401);
#1400 = CARTESIAN_POINT('',(-0.5,0.34,3.E-02));
#1401 = VECTOR('',#1402,1.);
#1402 = DIRECTION('',(1.,0.,0.));
#1403 = PLANE('',#1404);
#1404 = AXIS2_PLACEMENT_3D('',#1405,#1406,#1407);
#1405 = CARTESIAN_POINT('',(-0.5,-0.37,3.E-02));
#1406 = DIRECTION('',(0.,0.,1.));
#1407 = DIRECTION('',(1.,0.,-0.));
#1408 = ADVANCED_FACE('',(#1409),#1428,.T.);
#1409 = FACE_BOUND('',#1410,.T.);
#1410 = EDGE_LOOP('',(#1411,#1419,#1426,#1427));
#1411 = ORIENTED_EDGE('',*,*,#1412,.T.);
#1412 = EDGE_CURVE('',#1326,#1413,#1415,.T.);
#1413 = VERTEX_POINT('',#1414);
#1414 = CARTESIAN_POINT('',(0.5,0.37,6.E-02));
#1415 = LINE('',#1416,#1417);
#1416 = CARTESIAN_POINT('',(-0.5,0.37,6.E-02));
#1417 = VECTOR('',#1418,1.);
#1418 = DIRECTION('',(1.,0.,0.));
#1419 = ORIENTED_EDGE('',*,*,#1420,.T.);
#1420 = EDGE_CURVE('',#1413,#1391,#1421,.T.);
#1421 = CIRCLE('',#1422,3.E-02);
#1422 = AXIS2_PLACEMENT_3D('',#1423,#1424,#1425);
#1423 = CARTESIAN_POINT('',(0.5,0.34,6.E-02));
#1424 = DIRECTION('',(-1.,0.,0.));
#1425 = DIRECTION('',(0.,0.,1.));
#1426 = ORIENTED_EDGE('',*,*,#1398,.F.);
#1427 = ORIENTED_EDGE('',*,*,#1333,.F.);
#1428 = CYLINDRICAL_SURFACE('',#1429,3.E-02);
#1429 = AXIS2_PLACEMENT_3D('',#1430,#1431,#1432);
#1430 = CARTESIAN_POINT('',(-0.5,0.34,6.E-02));
#1431 = DIRECTION('',(1.,0.,0.));
#1432 = DIRECTION('',(-0.,1.,0.));
#1433 = ADVANCED_FACE('',(#1434),#1452,.T.);
#1434 = FACE_BOUND('',#1435,.T.);
#1435 = EDGE_LOOP('',(#1436,#1444,#1445,#1446));
#1436 = ORIENTED_EDGE('',*,*,#1437,.F.);
#1437 = EDGE_CURVE('',#1413,#1438,#1440,.T.);
#1438 = VERTEX_POINT('',#1439);
#1439 = CARTESIAN_POINT('',(0.5,0.37,0.74));
#1440 = LINE('',#1441,#1442);
#1441 = CARTESIAN_POINT('',(0.5,0.37,3.E-02));
#1442 = VECTOR('',#1443,1.);
#1443 = DIRECTION('',(0.,0.,1.));
#1444 = ORIENTED_EDGE('',*,*,#1412,.F.);
#1445 = ORIENTED_EDGE('',*,*,#1325,.T.);
#1446 = ORIENTED_EDGE('',*,*,#1447,.T.);
#1447 = EDGE_CURVE('',#1317,#1438,#1448,.T.);
#1448 = LINE('',#1449,#1450);
#1449 = CARTESIAN_POINT('',(-0.5,0.37,0.74));
#1450 = VECTOR('',#1451,1.);
#1451 = DIRECTION('',(1.,0.,0.));
#1452 = PLANE('',#1453);
#1453 = AXIS2_PLACEMENT_3D('',#1454,#1455,#1456);
#1454 = CARTESIAN_POINT('',(-0.5,0.37,3.E-02));
#1455 = DIRECTION('',(0.,1.,0.));
#1456 = DIRECTION('',(0.,-0.,1.));
#1457 = ADVANCED_FACE('',(#1458),#1477,.T.);
#1458 = FACE_BOUND('',#1459,.T.);
#1459 = EDGE_LOOP('',(#1460,#1461,#1469,#1476));
#1460 = ORIENTED_EDGE('',*,*,#1316,.T.);
#1461 = ORIENTED_EDGE('',*,*,#1462,.T.);
#1462 = EDGE_CURVE('',#1309,#1463,#1465,.T.);
#1463 = VERTEX_POINT('',#1464);
#1464 = CARTESIAN_POINT('',(0.5,0.34,0.77));
#1465 = LINE('',#1466,#1467);
#1466 = CARTESIAN_POINT('',(-0.5,0.34,0.77));
#1467 = VECTOR('',#1468,1.);
#1468 = DIRECTION('',(1.,0.,0.));
#1469 = ORIENTED_EDGE('',*,*,#1470,.F.);
#1470 = EDGE_CURVE('',#1438,#1463,#1471,.T.);
#1471 = CIRCLE('',#1472,3.E-02);
#1472 = AXIS2_PLACEMENT_3D('',#1473,#1474,#1475);
#1473 = CARTESIAN_POINT('',(0.5,0.34,0.74));
#1474 = DIRECTION('',(1.,0.,-0.));
#1475 = DIRECTION('',(0.,0.,1.));
#1476 = ORIENTED_EDGE('',*,*,#1447,.F.);
#1477 = CYLINDRICAL_SURFACE('',#1478,3.E-02);
#1478 = AXIS2_PLACEMENT_3D('',#1479,#1480,#1481);
#1479 = CARTESIAN_POINT('',(-0.5,0.34,0.74));
#1480 = DIRECTION('',(1.,0.,0.));
#1481 = DIRECTION('',(-0.,1.,0.));
#1482 = ADVANCED_FACE('',(#1483),#1501,.T.);
#1483 = FACE_BOUND('',#1484,.T.);
#1484 = EDGE_LOOP('',(#1485,#1486,#1494,#1500));
#1485 = ORIENTED_EDGE('',*,*,#1308,.F.);
#1486 = ORIENTED_EDGE('',*,*,#1487,.T.);
#1487 = EDGE_CURVE('',#1300,#1488,#1490,.T.);
#1488 = VERTEX_POINT('',#1489);
#1489 = CARTESIAN_POINT('',(0.5,-0.34,0.77));
#1490 = LINE('',#1491,#1492);
#1491 = CARTESIAN_POINT('',(-0.5,-0.34,0.77));
#1492 = VECTOR('',#1493,1.);
#1493 = DIRECTION('',(1.,0.,0.));
#1494 = ORIENTED_EDGE('',*,*,#1495,.T.);
#1495 = EDGE_CURVE('',#1488,#1463,#1496,.T.);
#1496 = LINE('',#1497,#1498);
#1497 = CARTESIAN_POINT('',(0.5,-0.37,0.77));
#1498 = VECTOR('',#1499,1.);
#1499 = DIRECTION('',(0.,1.,0.));
#1500 = ORIENTED_EDGE('',*,*,#1462,.F.);
#1501 = PLANE('',#1502);
#1502 = AXIS2_PLACEMENT_3D('',#1503,#1504,#1505);
#1503 = CARTESIAN_POINT('',(-0.5,-0.37,0.77));
#1504 = DIRECTION('',(0.,0.,1.));
#1505 = DIRECTION('',(1.,0.,-0.));
#1506 = ADVANCED_FACE('',(#1507),#1526,.T.);
#1507 = FACE_BOUND('',#1508,.T.);
#1508 = EDGE_LOOP('',(#1509,#1517,#1524,#1525));
#1509 = ORIENTED_EDGE('',*,*,#1510,.T.);
#1510 = EDGE_CURVE('',#1292,#1511,#1513,.T.);
#1511 = VERTEX_POINT('',#1512);
#1512 = CARTESIAN_POINT('',(0.5,-0.37,0.74));
#1513 = LINE('',#1514,#1515);
#1514 = CARTESIAN_POINT('',(-0.5,-0.37,0.74));
#1515 = VECTOR('',#1516,1.);
#1516 = DIRECTION('',(1.,0.,0.));
#1517 = ORIENTED_EDGE('',*,*,#1518,.T.);
#1518 = EDGE_CURVE('',#1511,#1488,#1519,.T.);
#1519 = CIRCLE('',#1520,3.E-02);
#1520 = AXIS2_PLACEMENT_3D('',#1521,#1522,#1523);
#1521 = CARTESIAN_POINT('',(0.5,-0.34,0.74));
#1522 = DIRECTION('',(-1.,0.,0.));
#1523 = DIRECTION('',(0.,0.,1.));
#1524 = ORIENTED_EDGE('',*,*,#1487,.F.);
#1525 = ORIENTED_EDGE('',*,*,#1299,.F.);
#1526 = CYLINDRICAL_SURFACE('',#1527,3.E-02);
#1527 = AXIS2_PLACEMENT_3D('',#1528,#1529,#1530);
#1528 = CARTESIAN_POINT('',(-0.5,-0.34,0.74));
#1529 = DIRECTION('',(1.,0.,0.));
#1530 = DIRECTION('',(0.,-1.,0.));
#1531 = ADVANCED_FACE('',(#1532),#1543,.F.);
#1532 = FACE_BOUND('',#1533,.F.);
#1533 = EDGE_LOOP('',(#1534,#1540,#1541,#1542));
#1534 = ORIENTED_EDGE('',*,*,#1535,.F.);
#1535 = EDGE_CURVE('',#1366,#1511,#1536,.T.);
#1536 = LINE('',#1537,#1538);
#1537 = CARTESIAN_POINT('',(0.5,-0.37,3.E-02));
#1538 = VECTOR('',#1539,1.);
#1539 = DIRECTION('',(0.,0.,1.));
#1540 = ORIENTED_EDGE('',*,*,#1374,.F.);
#1541 = ORIENTED_EDGE('',*,*,#1291,.T.);
#1542 = ORIENTED_EDGE('',*,*,#1510,.T.);
#1543 = PLANE('',#1544);
#1544 = AXIS2_PLACEMENT_3D('',#1545,#1546,#1547);
#1545 = CARTESIAN_POINT('',(-0.5,-0.37,3.E-02));
#1546 = DIRECTION('',(0.,1.,0.));
#1547 = DIRECTION('',(0.,-0.,1.));
#1548 = ADVANCED_FACE('',(#1549,#1619),#1629,.F.);
#1549 = FACE_BOUND('',#1550,.F.);
#1550 = EDGE_LOOP('',(#1551,#1561,#1570,#1578,#1587,#1595,#1604,#1612));
#1551 = ORIENTED_EDGE('',*,*,#1552,.F.);
#1552 = EDGE_CURVE('',#1553,#1555,#1557,.T.);
#1553 = VERTEX_POINT('',#1554);
#1554 = CARTESIAN_POINT('',(0.5,-0.4,3.E-02));
#1555 = VERTEX_POINT('',#1556);
#1556 = CARTESIAN_POINT('',(0.5,-0.4,0.77));
#1557 = LINE('',#1558,#1559);
#1558 = CARTESIAN_POINT('',(0.5,-0.4,0.));
#1559 = VECTOR('',#1560,1.);
#1560 = DIRECTION('',(0.,0.,1.));
#1561 = ORIENTED_EDGE('',*,*,#1562,.T.);
#1562 = EDGE_CURVE('',#1553,#1563,#1565,.T.);
#1563 = VERTEX_POINT('',#1564);
#1564 = CARTESIAN_POINT('',(0.5,-0.37,0.));
#1565 = CIRCLE('',#1566,3.E-02);
#1566 = AXIS2_PLACEMENT_3D('',#1567,#1568,#1569);
#1567 = CARTESIAN_POINT('',(0.5,-0.37,3.E-02));
#1568 = DIRECTION('',(1.,0.,-0.));
#1569 = DIRECTION('',(0.,0.,1.));
#1570 = ORIENTED_EDGE('',*,*,#1571,.T.);
#1571 = EDGE_CURVE('',#1563,#1572,#1574,.T.);
#1572 = VERTEX_POINT('',#1573);
#1573 = CARTESIAN_POINT('',(0.5,0.37,0.));
#1574 = LINE('',#1575,#1576);
#1575 = CARTESIAN_POINT('',(0.5,-0.4,0.));
#1576 = VECTOR('',#1577,1.);
#1577 = DIRECTION('',(0.,1.,0.));
#1578 = ORIENTED_EDGE('',*,*,#1579,.F.);
#1579 = EDGE_CURVE('',#1580,#1572,#1582,.T.);
#1580 = VERTEX_POINT('',#1581);
#1581 = CARTESIAN_POINT('',(0.5,0.4,3.E-02));
#1582 = CIRCLE('',#1583,3.E-02);
#1583 = AXIS2_PLACEMENT_3D('',#1584,#1585,#1586);
#1584 = CARTESIAN_POINT('',(0.5,0.37,3.E-02));
#1585 = DIRECTION('',(-1.,0.,0.));
#1586 = DIRECTION('',(0.,0.,1.));
#1587 = ORIENTED_EDGE('',*,*,#1588,.T.);
#1588 = EDGE_CURVE('',#1580,#1589,#1591,.T.);
#1589 = VERTEX_POINT('',#1590);
#1590 = CARTESIAN_POINT('',(0.5,0.4,0.77));
#1591 = LINE('',#1592,#1593);
#1592 = CARTESIAN_POINT('',(0.5,0.4,0.));
#1593 = VECTOR('',#1594,1.);
#1594 = DIRECTION('',(0.,0.,1.));
#1595 = ORIENTED_EDGE('',*,*,#1596,.T.);
#1596 = EDGE_CURVE('',#1589,#1597,#1599,.T.);
#1597 = VERTEX_POINT('',#1598);
#1598 = CARTESIAN_POINT('',(0.5,0.37,0.8));
#1599 = CIRCLE('',#1600,3.E-02);
#1600 = AXIS2_PLACEMENT_3D('',#1601,#1602,#1603);
#1601 = CARTESIAN_POINT('',(0.5,0.37,0.77));
#1602 = DIRECTION('',(1.,0.,-0.));
#1603 = DIRECTION('',(0.,0.,1.));
#1604 = ORIENTED_EDGE('',*,*,#1605,.F.);
#1605 = EDGE_CURVE('',#1606,#1597,#1608,.T.);
#1606 = VERTEX_POINT('',#1607);
#1607 = CARTESIAN_POINT('',(0.5,-0.37,0.8));
#1608 = LINE('',#1609,#1610);
#1609 = CARTESIAN_POINT('',(0.5,-0.4,0.8));
#1610 = VECTOR('',#1611,1.);
#1611 = DIRECTION('',(0.,1.,0.));
#1612 = ORIENTED_EDGE('',*,*,#1613,.F.);
#1613 = EDGE_CURVE('',#1555,#1606,#1614,.T.);
#1614 = CIRCLE('',#1615,3.E-02);
#1615 = AXIS2_PLACEMENT_3D('',#1616,#1617,#1618);
#1616 = CARTESIAN_POINT('',(0.5,-0.37,0.77));
#1617 = DIRECTION('',(-1.,0.,0.));
#1618 = DIRECTION('',(0.,0.,1.));
#1619 = FACE_BOUND('',#1620,.F.);
#1620 = EDGE_LOOP('',(#1621,#1622,#1623,#1624,#1625,#1626,#1627,#1628));
#1621 = ORIENTED_EDGE('',*,*,#1365,.F.);
#1622 = ORIENTED_EDGE('',*,*,#1535,.T.);
#1623 = ORIENTED_EDGE('',*,*,#1518,.T.);
#1624 = ORIENTED_EDGE('',*,*,#1495,.T.);
#1625 = ORIENTED_EDGE('',*,*,#1470,.F.);
#1626 = ORIENTED_EDGE('',*,*,#1437,.F.);
#1627 = ORIENTED_EDGE('',*,*,#1420,.T.);
#1628 = ORIENTED_EDGE('',*,*,#1390,.F.);
#1629 = PLANE('',#1630);
#1630 = AXIS2_PLACEMENT_3D('',#1631,#1632,#1633);
#1631 = CARTESIAN_POINT('',(0.5,-0.4,0.));
#1632 = DIRECTION('',(1.,0.,0.));
#1633 = DIRECTION('',(0.,0.,1.));
#1634 = ADVANCED_FACE('',(#1635),#1660,.F.);
#1635 = FACE_BOUND('',#1636,.F.);
#1636 = EDGE_LOOP('',(#1637,#1647,#1653,#1654));
#1637 = ORIENTED_EDGE('',*,*,#1638,.F.);
#1638 = EDGE_CURVE('',#1639,#1641,#1643,.T.);
#1639 = VERTEX_POINT('',#1640);
#1640 = CARTESIAN_POINT('',(0.8,-0.4,3.E-02));
#1641 = VERTEX_POINT('',#1642);
#1642 = CARTESIAN_POINT('',(0.8,-0.4,0.77));
#1643 = LINE('',#1644,#1645);
#1644 = CARTESIAN_POINT('',(0.8,-0.4,0.));
#1645 = VECTOR('',#1646,1.);
#1646 = DIRECTION('',(0.,0.,1.));
#1647 = ORIENTED_EDGE('',*,*,#1648,.F.);
#1648 = EDGE_CURVE('',#1553,#1639,#1649,.T.);
#1649 = LINE('',#1650,#1651);
#1650 = CARTESIAN_POINT('',(0.5,-0.4,3.E-02));
#1651 = VECTOR('',#1652,1.);
#1652 = DIRECTION('',(1.,0.,0.));
#1653 = ORIENTED_EDGE('',*,*,#1552,.T.);
#1654 = ORIENTED_EDGE('',*,*,#1655,.T.);
#1655 = EDGE_CURVE('',#1555,#1641,#1656,.T.);
#1656 = LINE('',#1657,#1658);
#1657 = CARTESIAN_POINT('',(0.5,-0.4,0.77));
#1658 = VECTOR('',#1659,1.);
#1659 = DIRECTION('',(1.,0.,0.));
#1660 = PLANE('',#1661);
#1661 = AXIS2_PLACEMENT_3D('',#1662,#1663,#1664);
#1662 = CARTESIAN_POINT('',(0.5,-0.4,0.));
#1663 = DIRECTION('',(0.,1.,0.));
#1664 = DIRECTION('',(0.,-0.,1.));
#1665 = ADVANCED_FACE('',(#1666),#1685,.T.);
#1666 = FACE_BOUND('',#1667,.T.);
#1667 = EDGE_LOOP('',(#1668,#1669,#1677,#1684));
#1668 = ORIENTED_EDGE('',*,*,#1562,.T.);
#1669 = ORIENTED_EDGE('',*,*,#1670,.T.);
#1670 = EDGE_CURVE('',#1563,#1671,#1673,.T.);
#1671 = VERTEX_POINT('',#1672);
#1672 = CARTESIAN_POINT('',(0.8,-0.37,0.));
#1673 = LINE('',#1674,#1675);
#1674 = CARTESIAN_POINT('',(0.5,-0.37,0.));
#1675 = VECTOR('',#1676,1.);
#1676 = DIRECTION('',(1.,0.,0.));
#1677 = ORIENTED_EDGE('',*,*,#1678,.F.);
#1678 = EDGE_CURVE('',#1639,#1671,#1679,.T.);
#1679 = CIRCLE('',#1680,3.E-02);
#1680 = AXIS2_PLACEMENT_3D('',#1681,#1682,#1683);
#1681 = CARTESIAN_POINT('',(0.8,-0.37,3.E-02));
#1682 = DIRECTION('',(1.,0.,-0.));
#1683 = DIRECTION('',(0.,0.,1.));
#1684 = ORIENTED_EDGE('',*,*,#1648,.F.);
#1685 = CYLINDRICAL_SURFACE('',#1686,3.E-02);
#1686 = AXIS2_PLACEMENT_3D('',#1687,#1688,#1689);
#1687 = CARTESIAN_POINT('',(0.5,-0.37,3.E-02));
#1688 = DIRECTION('',(1.,0.,0.));
#1689 = DIRECTION('',(0.,-1.,0.));
#1690 = ADVANCED_FACE('',(#1691),#1710,.T.);
#1691 = FACE_BOUND('',#1692,.T.);
#1692 = EDGE_LOOP('',(#1693,#1694,#1703,#1709));
#1693 = ORIENTED_EDGE('',*,*,#1655,.T.);
#1694 = ORIENTED_EDGE('',*,*,#1695,.T.);
#1695 = EDGE_CURVE('',#1641,#1696,#1698,.T.);
#1696 = VERTEX_POINT('',#1697);
#1697 = CARTESIAN_POINT('',(0.8,-0.37,0.8));
#1698 = CIRCLE('',#1699,3.E-02);
#1699 = AXIS2_PLACEMENT_3D('',#1700,#1701,#1702);
#1700 = CARTESIAN_POINT('',(0.8,-0.37,0.77));
#1701 = DIRECTION('',(-1.,0.,0.));
#1702 = DIRECTION('',(0.,0.,1.));
#1703 = ORIENTED_EDGE('',*,*,#1704,.F.);
#1704 = EDGE_CURVE('',#1606,#1696,#1705,.T.);
#1705 = LINE('',#1706,#1707);
#1706 = CARTESIAN_POINT('',(0.5,-0.37,0.8));
#1707 = VECTOR('',#1708,1.);
#1708 = DIRECTION('',(1.,0.,0.));
#1709 = ORIENTED_EDGE('',*,*,#1613,.F.);
#1710 = CYLINDRICAL_SURFACE('',#1711,3.E-02);
#1711 = AXIS2_PLACEMENT_3D('',#1712,#1713,#1714);
#1712 = CARTESIAN_POINT('',(0.5,-0.37,0.77));
#1713 = DIRECTION('',(1.,0.,0.));
#1714 = DIRECTION('',(0.,-1.,0.));
#1715 = ADVANCED_FACE('',(#1716),#1734,.F.);
#1716 = FACE_BOUND('',#1717,.F.);
#1717 = EDGE_LOOP('',(#1718,#1719,#1720,#1728));
#1718 = ORIENTED_EDGE('',*,*,#1571,.F.);
#1719 = ORIENTED_EDGE('',*,*,#1670,.T.);
#1720 = ORIENTED_EDGE('',*,*,#1721,.T.);
#1721 = EDGE_CURVE('',#1671,#1722,#1724,.T.);
#1722 = VERTEX_POINT('',#1723);
#1723 = CARTESIAN_POINT('',(0.8,0.37,0.));
#1724 = LINE('',#1725,#1726);
#1725 = CARTESIAN_POINT('',(0.8,-0.4,0.));
#1726 = VECTOR('',#1727,1.);
#1727 = DIRECTION('',(0.,1.,0.));
#1728 = ORIENTED_EDGE('',*,*,#1729,.F.);
#1729 = EDGE_CURVE('',#1572,#1722,#1730,.T.);
#1730 = LINE('',#1731,#1732);
#1731 = CARTESIAN_POINT('',(0.5,0.37,0.));
#1732 = VECTOR('',#1733,1.);
#1733 = DIRECTION('',(1.,0.,0.));
#1734 = PLANE('',#1735);
#1735 = AXIS2_PLACEMENT_3D('',#1736,#1737,#1738);
#1736 = CARTESIAN_POINT('',(0.5,-0.4,0.));
#1737 = DIRECTION('',(0.,0.,1.));
#1738 = DIRECTION('',(1.,0.,-0.));
#1739 = ADVANCED_FACE('',(#1740),#1758,.T.);
#1740 = FACE_BOUND('',#1741,.T.);
#1741 = EDGE_LOOP('',(#1742,#1743,#1744,#1752));
#1742 = ORIENTED_EDGE('',*,*,#1605,.F.);
#1743 = ORIENTED_EDGE('',*,*,#1704,.T.);
#1744 = ORIENTED_EDGE('',*,*,#1745,.T.);
#1745 = EDGE_CURVE('',#1696,#1746,#1748,.T.);
#1746 = VERTEX_POINT('',#1747);
#1747 = CARTESIAN_POINT('',(0.8,0.37,0.8));
#1748 = LINE('',#1749,#1750);
#1749 = CARTESIAN_POINT('',(0.8,-0.4,0.8));
#1750 = VECTOR('',#1751,1.);
#1751 = DIRECTION('',(0.,1.,0.));
#1752 = ORIENTED_EDGE('',*,*,#1753,.F.);
#1753 = EDGE_CURVE('',#1597,#1746,#1754,.T.);
#1754 = LINE('',#1755,#1756);
#1755 = CARTESIAN_POINT('',(0.5,0.37,0.8));
#1756 = VECTOR('',#1757,1.);
#1757 = DIRECTION('',(1.,0.,0.));
#1758 = PLANE('',#1759);
#1759 = AXIS2_PLACEMENT_3D('',#1760,#1761,#1762);
#1760 = CARTESIAN_POINT('',(0.5,-0.4,0.8));
#1761 = DIRECTION('',(0.,0.,1.));
#1762 = DIRECTION('',(1.,0.,-0.));
#1763 = ADVANCED_FACE('',(#1764),#1783,.T.);
#1764 = FACE_BOUND('',#1765,.T.);
#1765 = EDGE_LOOP('',(#1766,#1774,#1781,#1782));
#1766 = ORIENTED_EDGE('',*,*,#1767,.T.);
#1767 = EDGE_CURVE('',#1580,#1768,#1770,.T.);
#1768 = VERTEX_POINT('',#1769);
#1769 = CARTESIAN_POINT('',(0.8,0.4,3.E-02));
#1770 = LINE('',#1771,#1772);
#1771 = CARTESIAN_POINT('',(0.5,0.4,3.E-02));
#1772 = VECTOR('',#1773,1.);
#1773 = DIRECTION('',(1.,0.,0.));
#1774 = ORIENTED_EDGE('',*,*,#1775,.T.);
#1775 = EDGE_CURVE('',#1768,#1722,#1776,.T.);
#1776 = CIRCLE('',#1777,3.E-02);
#1777 = AXIS2_PLACEMENT_3D('',#1778,#1779,#1780);
#1778 = CARTESIAN_POINT('',(0.8,0.37,3.E-02));
#1779 = DIRECTION('',(-1.,0.,0.));
#1780 = DIRECTION('',(0.,0.,1.));
#1781 = ORIENTED_EDGE('',*,*,#1729,.F.);
#1782 = ORIENTED_EDGE('',*,*,#1579,.F.);
#1783 = CYLINDRICAL_SURFACE('',#1784,3.E-02);
#1784 = AXIS2_PLACEMENT_3D('',#1785,#1786,#1787);
#1785 = CARTESIAN_POINT('',(0.5,0.37,3.E-02));
#1786 = DIRECTION('',(1.,0.,0.));
#1787 = DIRECTION('',(-0.,1.,0.));
#1788 = ADVANCED_FACE('',(#1789),#1808,.T.);
#1789 = FACE_BOUND('',#1790,.T.);
#1790 = EDGE_LOOP('',(#1791,#1792,#1793,#1802));
#1791 = ORIENTED_EDGE('',*,*,#1596,.T.);
#1792 = ORIENTED_EDGE('',*,*,#1753,.T.);
#1793 = ORIENTED_EDGE('',*,*,#1794,.F.);
#1794 = EDGE_CURVE('',#1795,#1746,#1797,.T.);
#1795 = VERTEX_POINT('',#1796);
#1796 = CARTESIAN_POINT('',(0.8,0.4,0.77));
#1797 = CIRCLE('',#1798,3.E-02);
#1798 = AXIS2_PLACEMENT_3D('',#1799,#1800,#1801);
#1799 = CARTESIAN_POINT('',(0.8,0.37,0.77));
#1800 = DIRECTION('',(1.,0.,-0.));
#1801 = DIRECTION('',(0.,0.,1.));
#1802 = ORIENTED_EDGE('',*,*,#1803,.F.);
#1803 = EDGE_CURVE('',#1589,#1795,#1804,.T.);
#1804 = LINE('',#1805,#1806);
#1805 = CARTESIAN_POINT('',(0.5,0.4,0.77));
#1806 = VECTOR('',#1807,1.);
#1807 = DIRECTION('',(1.,0.,0.));
#1808 = CYLINDRICAL_SURFACE('',#1809,3.E-02);
#1809 = AXIS2_PLACEMENT_3D('',#1810,#1811,#1812);
#1810 = CARTESIAN_POINT('',(0.5,0.37,0.77));
#1811 = DIRECTION('',(1.,0.,0.));
#1812 = DIRECTION('',(-0.,1.,0.));
#1813 = ADVANCED_FACE('',(#1814),#1825,.T.);
#1814 = FACE_BOUND('',#1815,.T.);
#1815 = EDGE_LOOP('',(#1816,#1822,#1823,#1824));
#1816 = ORIENTED_EDGE('',*,*,#1817,.F.);
#1817 = EDGE_CURVE('',#1768,#1795,#1818,.T.);
#1818 = LINE('',#1819,#1820);
#1819 = CARTESIAN_POINT('',(0.8,0.4,0.));
#1820 = VECTOR('',#1821,1.);
#1821 = DIRECTION('',(0.,0.,1.));
#1822 = ORIENTED_EDGE('',*,*,#1767,.F.);
#1823 = ORIENTED_EDGE('',*,*,#1588,.T.);
#1824 = ORIENTED_EDGE('',*,*,#1803,.T.);
#1825 = PLANE('',#1826);
#1826 = AXIS2_PLACEMENT_3D('',#1827,#1828,#1829);
#1827 = CARTESIAN_POINT('',(0.5,0.4,0.));
#1828 = DIRECTION('',(0.,1.,0.));
#1829 = DIRECTION('',(0.,-0.,1.));
#1830 = ADVANCED_FACE('',(#1831),#1841,.T.);
#1831 = FACE_BOUND('',#1832,.T.);
#1832 = EDGE_LOOP('',(#1833,#1834,#1835,#1836,#1837,#1838,#1839,#1840));
#1833 = ORIENTED_EDGE('',*,*,#1638,.F.);
#1834 = ORIENTED_EDGE('',*,*,#1678,.T.);
#1835 = ORIENTED_EDGE('',*,*,#1721,.T.);
#1836 = ORIENTED_EDGE('',*,*,#1775,.F.);
#1837 = ORIENTED_EDGE('',*,*,#1817,.T.);
#1838 = ORIENTED_EDGE('',*,*,#1794,.T.);
#1839 = ORIENTED_EDGE('',*,*,#1745,.F.);
#1840 = ORIENTED_EDGE('',*,*,#1695,.F.);
#1841 = PLANE('',#1842);
#1842 = AXIS2_PLACEMENT_3D('',#1843,#1844,#1845);
#1843 = CARTESIAN_POINT('',(0.8,-0.4,0.));
#1844 = DIRECTION('',(1.,0.,0.));
#1845 = DIRECTION('',(0.,0.,1.));
#1846 = ( GEOMETRIC_REPRESENTATION_CONTEXT(3) 
GLOBAL_UNCERTAINTY_ASSIGNED_CONTEXT((#1850)) 
GLOBAL_UNIT_ASSIGNED_CONTEXT((#1847,#1848,#1849)) REPRESENTATION_CONTEXT
('Context #1','3D Context with UNIT and UNCERTAINTY') );
#1847 = ( LENGTH_UNIT() NAMED_UNIT(*) SI_UNIT(.MILLI.,.METRE.) );
#1848 = ( NAMED_UNIT(*) PLANE_ANGLE_UNIT() SI_UNIT($,.RADIAN.) );
#1849 = ( NAMED_UNIT(*) SI_UNIT($,.STERADIAN.) SOLID_ANGLE_UNIT() );
#1850 = UNCERTAINTY_MEASURE_WITH_UNIT(LENGTH_MEASURE(1.E-07),#1847,
  'distance_accuracy_value','confusion accuracy');
#1851 = CONTEXT_DEPENDENT_SHAPE_REPRESENTATION(#1852,#1854);
#1852 = ( REPRESENTATION_RELATIONSHIP('','',#991,#968) 
REPRESENTATION_RELATIONSHIP_WITH_TRANSFORMATION(#1853) 
SHAPE_REPRESENTATION_RELATIONSHIP() );
#1853 = ITEM_DEFINED_TRANSFORMATION('','',#11,#969);
#1854 = PRODUCT_DEFINITION_SHAPE('Placement','Placement of an item',
  #1855);
#1855 = NEXT_ASSEMBLY_USAGE_OCCURRENCE('3','=>[0:1:1:5]','',#963,#986,$
  );
#1856 = PRODUCT_RELATED_PRODUCT_CATEGORY('part',$,(#988));
#1857 = CONTEXT_DEPENDENT_SHAPE_REPRESENTATION(#1858,#1860);
#1858 = ( REPRESENTATION_RELATIONSHIP('','',#136,#10) 
REPRESENTATION_RELATIONSHIP_WITH_TRANSFORMATION(#1859) 
SHAPE_REPRESENTATION_RELATIONSHIP() );
#1859 = ITEM_DEFINED_TRANSFORMATION('','',#11,#23);
#1860 = PRODUCT_DEFINITION_SHAPE('Placement','Placement of an item',
  #1861);
#1861 = NEXT_ASSEMBLY_USAGE_OCCURRENCE('5','R2','',#5,#131,$);
#1862 = SHAPE_DEFINITION_REPRESENTATION(#1863,#1869);
#1863 = PRODUCT_DEFINITION_SHAPE('','',#1864);
#1864 = PRODUCT_DEFINITION('design','',#1865,#1868);
#1865 = PRODUCT_DEFINITION_FORMATION('','',#1866);
#1866 = PRODUCT('L_0603_1608Metric','L_0603_1608Metric','',(#1867));
#1867 = PRODUCT_CONTEXT('',#2,'mechanical');
#1868 = PRODUCT_DEFINITION_CONTEXT('part definition',#2,'design');
#1869 = SHAPE_REPRESENTATION('',(#11,#1870),#1874);
#1870 = AXIS2_PLACEMENT_3D('',#1871,#1872,#1873);
#1871 = CARTESIAN_POINT('',(0.,0.,0.));
#1872 = DIRECTION('',(0.,0.,1.));
#1873 = DIRECTION('',(1.,0.,-0.));
#1874 = ( GEOMETRIC_REPRESENTATION_CONTEXT(3) 
GLOBAL_UNCERTAINTY_ASSIGNED_CONTEXT((#1878)) 
GLOBAL_UNIT_ASSIGNED_CONTEXT((#1875,#1876,#1877)) REPRESENTATION_CONTEXT
('Context #1','3D Context with UNIT and UNCERTAINTY') );
#1875 = ( LENGTH_UNIT() NAMED_UNIT(*) SI_UNIT(.MILLI.,.METRE.) );
#1876 = ( NAMED_UNIT(*) PLANE_ANGLE_UNIT() SI_UNIT($,.RADIAN.) );
#1877 = ( NAMED_UNIT(*) SI_UNIT($,.STERADIAN.) SOLID_ANGLE_UNIT() );
#1878 = UNCERTAINTY_MEASURE_WITH_UNIT(LENGTH_MEASURE(1.E-07),#1875,
  'distance_accuracy_value','confusion accuracy');
#1879 = CONTEXT_DEPENDENT_SHAPE_REPRESENTATION(#1880,#1882);
#1880 = ( REPRESENTATION_RELATIONSHIP('','',#1869,#10) 
REPRESENTATION_RELATIONSHIP_WITH_TRANSFORMATION(#1881) 
SHAPE_REPRESENTATION_RELATIONSHIP() );
#1881 = ITEM_DEFINED_TRANSFORMATION('','',#11,#27);
#1882 = PRODUCT_DEFINITION_SHAPE('Placement','Placement of an item',
  #1883);
#1883 = NEXT_ASSEMBLY_USAGE_OCCURRENCE('7','L3','',#5,#1864,$);
#1884 = PRODUCT_RELATED_PRODUCT_CATEGORY('part',$,(#1866));
#1885 = SHAPE_DEFINITION_REPRESENTATION(#1886,#1892);
#1886 = PRODUCT_DEFINITION_SHAPE('','',#1887);
#1887 = PRODUCT_DEFINITION('design','',#1888,#1891);
#1888 = PRODUCT_DEFINITION_FORMATION('','',#1889);
#1889 = PRODUCT('L_0603_1608Metric','L_0603_1608Metric','',(#1890));
#1890 = PRODUCT_CONTEXT('',#2,'mechanical');
#1891 = PRODUCT_DEFINITION_CONTEXT('part definition',#2,'design');
#1892 = ADVANCED_BREP_SHAPE_REPRESENTATION('',(#11,#1893),#2747);
#1893 = MANIFOLD_SOLID_BREP('',#1894);
#1894 = CLOSED_SHELL('',(#1895,#1971,#2002,#2027,#2052,#2076,#2100,#2125
    ,#2150,#2167,#2253,#2285,#2309,#2334,#2358,#2383,#2407,#2432,#2449,
    #2535,#2566,#2591,#2616,#2640,#2664,#2689,#2714,#2731));
#1895 = ADVANCED_FACE('',(#1896),#1966,.F.);
#1896 = FACE_BOUND('',#1897,.F.);
#1897 = EDGE_LOOP('',(#1898,#1908,#1917,#1925,#1934,#1942,#1951,#1959));
#1898 = ORIENTED_EDGE('',*,*,#1899,.F.);
#1899 = EDGE_CURVE('',#1900,#1902,#1904,.T.);
#1900 = VERTEX_POINT('',#1901);
#1901 = CARTESIAN_POINT('',(-0.8,-0.4,3.E-02));
#1902 = VERTEX_POINT('',#1903);
#1903 = CARTESIAN_POINT('',(-0.8,-0.4,0.77));
#1904 = LINE('',#1905,#1906);
#1905 = CARTESIAN_POINT('',(-0.8,-0.4,0.));
#1906 = VECTOR('',#1907,1.);
#1907 = DIRECTION('',(0.,0.,1.));
#1908 = ORIENTED_EDGE('',*,*,#1909,.T.);
#1909 = EDGE_CURVE('',#1900,#1910,#1912,.T.);
#1910 = VERTEX_POINT('',#1911);
#1911 = CARTESIAN_POINT('',(-0.8,-0.37,0.));
#1912 = CIRCLE('',#1913,3.E-02);
#1913 = AXIS2_PLACEMENT_3D('',#1914,#1915,#1916);
#1914 = CARTESIAN_POINT('',(-0.8,-0.37,3.E-02));
#1915 = DIRECTION('',(1.,0.,-0.));
#1916 = DIRECTION('',(0.,0.,1.));
#1917 = ORIENTED_EDGE('',*,*,#1918,.T.);
#1918 = EDGE_CURVE('',#1910,#1919,#1921,.T.);
#1919 = VERTEX_POINT('',#1920);
#1920 = CARTESIAN_POINT('',(-0.8,0.37,0.));
#1921 = LINE('',#1922,#1923);
#1922 = CARTESIAN_POINT('',(-0.8,-0.4,0.));
#1923 = VECTOR('',#1924,1.);
#1924 = DIRECTION('',(0.,1.,0.));
#1925 = ORIENTED_EDGE('',*,*,#1926,.F.);
#1926 = EDGE_CURVE('',#1927,#1919,#1929,.T.);
#1927 = VERTEX_POINT('',#1928);
#1928 = CARTESIAN_POINT('',(-0.8,0.4,3.E-02));
#1929 = CIRCLE('',#1930,3.E-02);
#1930 = AXIS2_PLACEMENT_3D('',#1931,#1932,#1933);
#1931 = CARTESIAN_POINT('',(-0.8,0.37,3.E-02));
#1932 = DIRECTION('',(-1.,0.,0.));
#1933 = DIRECTION('',(0.,0.,1.));
#1934 = ORIENTED_EDGE('',*,*,#1935,.T.);
#1935 = EDGE_CURVE('',#1927,#1936,#1938,.T.);
#1936 = VERTEX_POINT('',#1937);
#1937 = CARTESIAN_POINT('',(-0.8,0.4,0.77));
#1938 = LINE('',#1939,#1940);
#1939 = CARTESIAN_POINT('',(-0.8,0.4,0.));
#1940 = VECTOR('',#1941,1.);
#1941 = DIRECTION('',(0.,0.,1.));
#1942 = ORIENTED_EDGE('',*,*,#1943,.T.);
#1943 = EDGE_CURVE('',#1936,#1944,#1946,.T.);
#1944 = VERTEX_POINT('',#1945);
#1945 = CARTESIAN_POINT('',(-0.8,0.37,0.8));
#1946 = CIRCLE('',#1947,3.E-02);
#1947 = AXIS2_PLACEMENT_3D('',#1948,#1949,#1950);
#1948 = CARTESIAN_POINT('',(-0.8,0.37,0.77));
#1949 = DIRECTION('',(1.,0.,-0.));
#1950 = DIRECTION('',(0.,0.,1.));
#1951 = ORIENTED_EDGE('',*,*,#1952,.F.);
#1952 = EDGE_CURVE('',#1953,#1944,#1955,.T.);
#1953 = VERTEX_POINT('',#1954);
#1954 = CARTESIAN_POINT('',(-0.8,-0.37,0.8));
#1955 = LINE('',#1956,#1957);
#1956 = CARTESIAN_POINT('',(-0.8,-0.4,0.8));
#1957 = VECTOR('',#1958,1.);
#1958 = DIRECTION('',(0.,1.,0.));
#1959 = ORIENTED_EDGE('',*,*,#1960,.F.);
#1960 = EDGE_CURVE('',#1902,#1953,#1961,.T.);
#1961 = CIRCLE('',#1962,3.E-02);
#1962 = AXIS2_PLACEMENT_3D('',#1963,#1964,#1965);
#1963 = CARTESIAN_POINT('',(-0.8,-0.37,0.77));
#1964 = DIRECTION('',(-1.,0.,0.));
#1965 = DIRECTION('',(0.,0.,1.));
#1966 = PLANE('',#1967);
#1967 = AXIS2_PLACEMENT_3D('',#1968,#1969,#1970);
#1968 = CARTESIAN_POINT('',(-0.8,-0.4,0.));
#1969 = DIRECTION('',(1.,0.,0.));
#1970 = DIRECTION('',(0.,0.,1.));
#1971 = ADVANCED_FACE('',(#1972),#1997,.F.);
#1972 = FACE_BOUND('',#1973,.F.);
#1973 = EDGE_LOOP('',(#1974,#1984,#1990,#1991));
#1974 = ORIENTED_EDGE('',*,*,#1975,.F.);
#1975 = EDGE_CURVE('',#1976,#1978,#1980,.T.);
#1976 = VERTEX_POINT('',#1977);
#1977 = CARTESIAN_POINT('',(-0.5,-0.4,3.E-02));
#1978 = VERTEX_POINT('',#1979);
#1979 = CARTESIAN_POINT('',(-0.5,-0.4,0.77));
#1980 = LINE('',#1981,#1982);
#1981 = CARTESIAN_POINT('',(-0.5,-0.4,0.));
#1982 = VECTOR('',#1983,1.);
#1983 = DIRECTION('',(0.,0.,1.));
#1984 = ORIENTED_EDGE('',*,*,#1985,.F.);
#1985 = EDGE_CURVE('',#1900,#1976,#1986,.T.);
#1986 = LINE('',#1987,#1988);
#1987 = CARTESIAN_POINT('',(-0.8,-0.4,3.E-02));
#1988 = VECTOR('',#1989,1.);
#1989 = DIRECTION('',(1.,0.,0.));
#1990 = ORIENTED_EDGE('',*,*,#1899,.T.);
#1991 = ORIENTED_EDGE('',*,*,#1992,.T.);
#1992 = EDGE_CURVE('',#1902,#1978,#1993,.T.);
#1993 = LINE('',#1994,#1995);
#1994 = CARTESIAN_POINT('',(-0.8,-0.4,0.77));
#1995 = VECTOR('',#1996,1.);
#1996 = DIRECTION('',(1.,0.,0.));
#1997 = PLANE('',#1998);
#1998 = AXIS2_PLACEMENT_3D('',#1999,#2000,#2001);
#1999 = CARTESIAN_POINT('',(-0.8,-0.4,0.));
#2000 = DIRECTION('',(0.,1.,0.));
#2001 = DIRECTION('',(0.,-0.,1.));
#2002 = ADVANCED_FACE('',(#2003),#2022,.T.);
#2003 = FACE_BOUND('',#2004,.T.);
#2004 = EDGE_LOOP('',(#2005,#2006,#2014,#2021));
#2005 = ORIENTED_EDGE('',*,*,#1909,.T.);
#2006 = ORIENTED_EDGE('',*,*,#2007,.T.);
#2007 = EDGE_CURVE('',#1910,#2008,#2010,.T.);
#2008 = VERTEX_POINT('',#2009);
#2009 = CARTESIAN_POINT('',(-0.5,-0.37,0.));
#2010 = LINE('',#2011,#2012);
#2011 = CARTESIAN_POINT('',(-0.8,-0.37,0.));
#2012 = VECTOR('',#2013,1.);
#2013 = DIRECTION('',(1.,0.,0.));
#2014 = ORIENTED_EDGE('',*,*,#2015,.F.);
#2015 = EDGE_CURVE('',#1976,#2008,#2016,.T.);
#2016 = CIRCLE('',#2017,3.E-02);
#2017 = AXIS2_PLACEMENT_3D('',#2018,#2019,#2020);
#2018 = CARTESIAN_POINT('',(-0.5,-0.37,3.E-02));
#2019 = DIRECTION('',(1.,0.,-0.));
#2020 = DIRECTION('',(0.,0.,1.));
#2021 = ORIENTED_EDGE('',*,*,#1985,.F.);
#2022 = CYLINDRICAL_SURFACE('',#2023,3.E-02);
#2023 = AXIS2_PLACEMENT_3D('',#2024,#2025,#2026);
#2024 = CARTESIAN_POINT('',(-0.8,-0.37,3.E-02));
#2025 = DIRECTION('',(1.,0.,0.));
#2026 = DIRECTION('',(0.,-1.,0.));
#2027 = ADVANCED_FACE('',(#2028),#2047,.T.);
#2028 = FACE_BOUND('',#2029,.T.);
#2029 = EDGE_LOOP('',(#2030,#2031,#2040,#2046));
#2030 = ORIENTED_EDGE('',*,*,#1992,.T.);
#2031 = ORIENTED_EDGE('',*,*,#2032,.T.);
#2032 = EDGE_CURVE('',#1978,#2033,#2035,.T.);
#2033 = VERTEX_POINT('',#2034);
#2034 = CARTESIAN_POINT('',(-0.5,-0.37,0.8));
#2035 = CIRCLE('',#2036,3.E-02);
#2036 = AXIS2_PLACEMENT_3D('',#2037,#2038,#2039);
#2037 = CARTESIAN_POINT('',(-0.5,-0.37,0.77));
#2038 = DIRECTION('',(-1.,0.,0.));
#2039 = DIRECTION('',(0.,0.,1.));
#2040 = ORIENTED_EDGE('',*,*,#2041,.F.);
#2041 = EDGE_CURVE('',#1953,#2033,#2042,.T.);
#2042 = LINE('',#2043,#2044);
#2043 = CARTESIAN_POINT('',(-0.8,-0.37,0.8));
#2044 = VECTOR('',#2045,1.);
#2045 = DIRECTION('',(1.,0.,0.));
#2046 = ORIENTED_EDGE('',*,*,#1960,.F.);
#2047 = CYLINDRICAL_SURFACE('',#2048,3.E-02);
#2048 = AXIS2_PLACEMENT_3D('',#2049,#2050,#2051);
#2049 = CARTESIAN_POINT('',(-0.8,-0.37,0.77));
#2050 = DIRECTION('',(1.,0.,0.));
#2051 = DIRECTION('',(0.,-1.,0.));
#2052 = ADVANCED_FACE('',(#2053),#2071,.F.);
#2053 = FACE_BOUND('',#2054,.F.);
#2054 = EDGE_LOOP('',(#2055,#2056,#2057,#2065));
#2055 = ORIENTED_EDGE('',*,*,#1918,.F.);
#2056 = ORIENTED_EDGE('',*,*,#2007,.T.);
#2057 = ORIENTED_EDGE('',*,*,#2058,.T.);
#2058 = EDGE_CURVE('',#2008,#2059,#2061,.T.);
#2059 = VERTEX_POINT('',#2060);
#2060 = CARTESIAN_POINT('',(-0.5,0.37,0.));
#2061 = LINE('',#2062,#2063);
#2062 = CARTESIAN_POINT('',(-0.5,-0.4,0.));
#2063 = VECTOR('',#2064,1.);
#2064 = DIRECTION('',(0.,1.,0.));
#2065 = ORIENTED_EDGE('',*,*,#2066,.F.);
#2066 = EDGE_CURVE('',#1919,#2059,#2067,.T.);
#2067 = LINE('',#2068,#2069);
#2068 = CARTESIAN_POINT('',(-0.8,0.37,0.));
#2069 = VECTOR('',#2070,1.);
#2070 = DIRECTION('',(1.,0.,0.));
#2071 = PLANE('',#2072);
#2072 = AXIS2_PLACEMENT_3D('',#2073,#2074,#2075);
#2073 = CARTESIAN_POINT('',(-0.8,-0.4,0.));
#2074 = DIRECTION('',(0.,0.,1.));
#2075 = DIRECTION('',(1.,0.,-0.));
#2076 = ADVANCED_FACE('',(#2077),#2095,.T.);
#2077 = FACE_BOUND('',#2078,.T.);
#2078 = EDGE_LOOP('',(#2079,#2080,#2081,#2089));
#2079 = ORIENTED_EDGE('',*,*,#1952,.F.);
#2080 = ORIENTED_EDGE('',*,*,#2041,.T.);
#2081 = ORIENTED_EDGE('',*,*,#2082,.T.);
#2082 = EDGE_CURVE('',#2033,#2083,#2085,.T.);
#2083 = VERTEX_POINT('',#2084);
#2084 = CARTESIAN_POINT('',(-0.5,0.37,0.8));
#2085 = LINE('',#2086,#2087);
#2086 = CARTESIAN_POINT('',(-0.5,-0.4,0.8));
#2087 = VECTOR('',#2088,1.);
#2088 = DIRECTION('',(0.,1.,0.));
#2089 = ORIENTED_EDGE('',*,*,#2090,.F.);
#2090 = EDGE_CURVE('',#1944,#2083,#2091,.T.);
#2091 = LINE('',#2092,#2093);
#2092 = CARTESIAN_POINT('',(-0.8,0.37,0.8));
#2093 = VECTOR('',#2094,1.);
#2094 = DIRECTION('',(1.,0.,0.));
#2095 = PLANE('',#2096);
#2096 = AXIS2_PLACEMENT_3D('',#2097,#2098,#2099);
#2097 = CARTESIAN_POINT('',(-0.8,-0.4,0.8));
#2098 = DIRECTION('',(0.,0.,1.));
#2099 = DIRECTION('',(1.,0.,-0.));
#2100 = ADVANCED_FACE('',(#2101),#2120,.T.);
#2101 = FACE_BOUND('',#2102,.T.);
#2102 = EDGE_LOOP('',(#2103,#2111,#2118,#2119));
#2103 = ORIENTED_EDGE('',*,*,#2104,.T.);
#2104 = EDGE_CURVE('',#1927,#2105,#2107,.T.);
#2105 = VERTEX_POINT('',#2106);
#2106 = CARTESIAN_POINT('',(-0.5,0.4,3.E-02));
#2107 = LINE('',#2108,#2109);
#2108 = CARTESIAN_POINT('',(-0.8,0.4,3.E-02));
#2109 = VECTOR('',#2110,1.);
#2110 = DIRECTION('',(1.,0.,0.));
#2111 = ORIENTED_EDGE('',*,*,#2112,.T.);
#2112 = EDGE_CURVE('',#2105,#2059,#2113,.T.);
#2113 = CIRCLE('',#2114,3.E-02);
#2114 = AXIS2_PLACEMENT_3D('',#2115,#2116,#2117);
#2115 = CARTESIAN_POINT('',(-0.5,0.37,3.E-02));
#2116 = DIRECTION('',(-1.,0.,0.));
#2117 = DIRECTION('',(0.,0.,1.));
#2118 = ORIENTED_EDGE('',*,*,#2066,.F.);
#2119 = ORIENTED_EDGE('',*,*,#1926,.F.);
#2120 = CYLINDRICAL_SURFACE('',#2121,3.E-02);
#2121 = AXIS2_PLACEMENT_3D('',#2122,#2123,#2124);
#2122 = CARTESIAN_POINT('',(-0.8,0.37,3.E-02));
#2123 = DIRECTION('',(1.,0.,0.));
#2124 = DIRECTION('',(-0.,1.,0.));
#2125 = ADVANCED_FACE('',(#2126),#2145,.T.);
#2126 = FACE_BOUND('',#2127,.T.);
#2127 = EDGE_LOOP('',(#2128,#2129,#2130,#2139));
#2128 = ORIENTED_EDGE('',*,*,#1943,.T.);
#2129 = ORIENTED_EDGE('',*,*,#2090,.T.);
#2130 = ORIENTED_EDGE('',*,*,#2131,.F.);
#2131 = EDGE_CURVE('',#2132,#2083,#2134,.T.);
#2132 = VERTEX_POINT('',#2133);
#2133 = CARTESIAN_POINT('',(-0.5,0.4,0.77));
#2134 = CIRCLE('',#2135,3.E-02);
#2135 = AXIS2_PLACEMENT_3D('',#2136,#2137,#2138);
#2136 = CARTESIAN_POINT('',(-0.5,0.37,0.77));
#2137 = DIRECTION('',(1.,0.,-0.));
#2138 = DIRECTION('',(0.,0.,1.));
#2139 = ORIENTED_EDGE('',*,*,#2140,.F.);
#2140 = EDGE_CURVE('',#1936,#2132,#2141,.T.);
#2141 = LINE('',#2142,#2143);
#2142 = CARTESIAN_POINT('',(-0.8,0.4,0.77));
#2143 = VECTOR('',#2144,1.);
#2144 = DIRECTION('',(1.,0.,0.));
#2145 = CYLINDRICAL_SURFACE('',#2146,3.E-02);
#2146 = AXIS2_PLACEMENT_3D('',#2147,#2148,#2149);
#2147 = CARTESIAN_POINT('',(-0.8,0.37,0.77));
#2148 = DIRECTION('',(1.,0.,0.));
#2149 = DIRECTION('',(-0.,1.,0.));
#2150 = ADVANCED_FACE('',(#2151),#2162,.T.);
#2151 = FACE_BOUND('',#2152,.T.);
#2152 = EDGE_LOOP('',(#2153,#2159,#2160,#2161));
#2153 = ORIENTED_EDGE('',*,*,#2154,.F.);
#2154 = EDGE_CURVE('',#2105,#2132,#2155,.T.);
#2155 = LINE('',#2156,#2157);
#2156 = CARTESIAN_POINT('',(-0.5,0.4,0.));
#2157 = VECTOR('',#2158,1.);
#2158 = DIRECTION('',(0.,0.,1.));
#2159 = ORIENTED_EDGE('',*,*,#2104,.F.);
#2160 = ORIENTED_EDGE('',*,*,#1935,.T.);
#2161 = ORIENTED_EDGE('',*,*,#2140,.T.);
#2162 = PLANE('',#2163);
#2163 = AXIS2_PLACEMENT_3D('',#2164,#2165,#2166);
#2164 = CARTESIAN_POINT('',(-0.8,0.4,0.));
#2165 = DIRECTION('',(0.,1.,0.));
#2166 = DIRECTION('',(0.,-0.,1.));
#2167 = ADVANCED_FACE('',(#2168,#2178),#2248,.T.);
#2168 = FACE_BOUND('',#2169,.T.);
#2169 = EDGE_LOOP('',(#2170,#2171,#2172,#2173,#2174,#2175,#2176,#2177));
#2170 = ORIENTED_EDGE('',*,*,#1975,.F.);
#2171 = ORIENTED_EDGE('',*,*,#2015,.T.);
#2172 = ORIENTED_EDGE('',*,*,#2058,.T.);
#2173 = ORIENTED_EDGE('',*,*,#2112,.F.);
#2174 = ORIENTED_EDGE('',*,*,#2154,.T.);
#2175 = ORIENTED_EDGE('',*,*,#2131,.T.);
#2176 = ORIENTED_EDGE('',*,*,#2082,.F.);
#2177 = ORIENTED_EDGE('',*,*,#2032,.F.);
#2178 = FACE_BOUND('',#2179,.T.);
#2179 = EDGE_LOOP('',(#2180,#2191,#2199,#2208,#2216,#2225,#2233,#2242));
#2180 = ORIENTED_EDGE('',*,*,#2181,.F.);
#2181 = EDGE_CURVE('',#2182,#2184,#2186,.T.);
#2182 = VERTEX_POINT('',#2183);
#2183 = CARTESIAN_POINT('',(-0.5,-0.37,6.E-02));
#2184 = VERTEX_POINT('',#2185);
#2185 = CARTESIAN_POINT('',(-0.5,-0.34,3.E-02));
#2186 = CIRCLE('',#2187,3.E-02);
#2187 = AXIS2_PLACEMENT_3D('',#2188,#2189,#2190);
#2188 = CARTESIAN_POINT('',(-0.5,-0.34,6.E-02));
#2189 = DIRECTION('',(1.,0.,-0.));
#2190 = DIRECTION('',(0.,0.,1.));
#2191 = ORIENTED_EDGE('',*,*,#2192,.T.);
#2192 = EDGE_CURVE('',#2182,#2193,#2195,.T.);
#2193 = VERTEX_POINT('',#2194);
#2194 = CARTESIAN_POINT('',(-0.5,-0.37,0.74));
#2195 = LINE('',#2196,#2197);
#2196 = CARTESIAN_POINT('',(-0.5,-0.37,3.E-02));
#2197 = VECTOR('',#2198,1.);
#2198 = DIRECTION('',(0.,0.,1.));
#2199 = ORIENTED_EDGE('',*,*,#2200,.T.);
#2200 = EDGE_CURVE('',#2193,#2201,#2203,.T.);
#2201 = VERTEX_POINT('',#2202);
#2202 = CARTESIAN_POINT('',(-0.5,-0.34,0.77));
#2203 = CIRCLE('',#2204,3.E-02);
#2204 = AXIS2_PLACEMENT_3D('',#2205,#2206,#2207);
#2205 = CARTESIAN_POINT('',(-0.5,-0.34,0.74));
#2206 = DIRECTION('',(-1.,0.,0.));
#2207 = DIRECTION('',(0.,0.,1.));
#2208 = ORIENTED_EDGE('',*,*,#2209,.T.);
#2209 = EDGE_CURVE('',#2201,#2210,#2212,.T.);
#2210 = VERTEX_POINT('',#2211);
#2211 = CARTESIAN_POINT('',(-0.5,0.34,0.77));
#2212 = LINE('',#2213,#2214);
#2213 = CARTESIAN_POINT('',(-0.5,-0.37,0.77));
#2214 = VECTOR('',#2215,1.);
#2215 = DIRECTION('',(0.,1.,0.));
#2216 = ORIENTED_EDGE('',*,*,#2217,.F.);
#2217 = EDGE_CURVE('',#2218,#2210,#2220,.T.);
#2218 = VERTEX_POINT('',#2219);
#2219 = CARTESIAN_POINT('',(-0.5,0.37,0.74));
#2220 = CIRCLE('',#2221,3.E-02);
#2221 = AXIS2_PLACEMENT_3D('',#2222,#2223,#2224);
#2222 = CARTESIAN_POINT('',(-0.5,0.34,0.74));
#2223 = DIRECTION('',(1.,0.,-0.));
#2224 = DIRECTION('',(0.,0.,1.));
#2225 = ORIENTED_EDGE('',*,*,#2226,.F.);
#2226 = EDGE_CURVE('',#2227,#2218,#2229,.T.);
#2227 = VERTEX_POINT('',#2228);
#2228 = CARTESIAN_POINT('',(-0.5,0.37,6.E-02));
#2229 = LINE('',#2230,#2231);
#2230 = CARTESIAN_POINT('',(-0.5,0.37,3.E-02));
#2231 = VECTOR('',#2232,1.);
#2232 = DIRECTION('',(0.,0.,1.));
#2233 = ORIENTED_EDGE('',*,*,#2234,.T.);
#2234 = EDGE_CURVE('',#2227,#2235,#2237,.T.);
#2235 = VERTEX_POINT('',#2236);
#2236 = CARTESIAN_POINT('',(-0.5,0.34,3.E-02));
#2237 = CIRCLE('',#2238,3.E-02);
#2238 = AXIS2_PLACEMENT_3D('',#2239,#2240,#2241);
#2239 = CARTESIAN_POINT('',(-0.5,0.34,6.E-02));
#2240 = DIRECTION('',(-1.,0.,0.));
#2241 = DIRECTION('',(0.,0.,1.));
#2242 = ORIENTED_EDGE('',*,*,#2243,.F.);
#2243 = EDGE_CURVE('',#2184,#2235,#2244,.T.);
#2244 = LINE('',#2245,#2246);
#2245 = CARTESIAN_POINT('',(-0.5,-0.37,3.E-02));
#2246 = VECTOR('',#2247,1.);
#2247 = DIRECTION('',(0.,1.,0.));
#2248 = PLANE('',#2249);
#2249 = AXIS2_PLACEMENT_3D('',#2250,#2251,#2252);
#2250 = CARTESIAN_POINT('',(-0.5,-0.4,0.));
#2251 = DIRECTION('',(1.,0.,0.));
#2252 = DIRECTION('',(0.,0.,1.));
#2253 = ADVANCED_FACE('',(#2254),#2280,.T.);
#2254 = FACE_BOUND('',#2255,.T.);
#2255 = EDGE_LOOP('',(#2256,#2257,#2265,#2274));
#2256 = ORIENTED_EDGE('',*,*,#2181,.T.);
#2257 = ORIENTED_EDGE('',*,*,#2258,.T.);
#2258 = EDGE_CURVE('',#2184,#2259,#2261,.T.);
#2259 = VERTEX_POINT('',#2260);
#2260 = CARTESIAN_POINT('',(0.5,-0.34,3.E-02));
#2261 = LINE('',#2262,#2263);
#2262 = CARTESIAN_POINT('',(-0.5,-0.34,3.E-02));
#2263 = VECTOR('',#2264,1.);
#2264 = DIRECTION('',(1.,0.,0.));
#2265 = ORIENTED_EDGE('',*,*,#2266,.F.);
#2266 = EDGE_CURVE('',#2267,#2259,#2269,.T.);
#2267 = VERTEX_POINT('',#2268);
#2268 = CARTESIAN_POINT('',(0.5,-0.37,6.E-02));
#2269 = CIRCLE('',#2270,3.E-02);
#2270 = AXIS2_PLACEMENT_3D('',#2271,#2272,#2273);
#2271 = CARTESIAN_POINT('',(0.5,-0.34,6.E-02));
#2272 = DIRECTION('',(1.,0.,-0.));
#2273 = DIRECTION('',(0.,0.,1.));
#2274 = ORIENTED_EDGE('',*,*,#2275,.F.);
#2275 = EDGE_CURVE('',#2182,#2267,#2276,.T.);
#2276 = LINE('',#2277,#2278);
#2277 = CARTESIAN_POINT('',(-0.5,-0.37,6.E-02));
#2278 = VECTOR('',#2279,1.);
#2279 = DIRECTION('',(1.,0.,0.));
#2280 = CYLINDRICAL_SURFACE('',#2281,3.E-02);
#2281 = AXIS2_PLACEMENT_3D('',#2282,#2283,#2284);
#2282 = CARTESIAN_POINT('',(-0.5,-0.34,6.E-02));
#2283 = DIRECTION('',(1.,0.,0.));
#2284 = DIRECTION('',(0.,-1.,0.));
#2285 = ADVANCED_FACE('',(#2286),#2304,.F.);
#2286 = FACE_BOUND('',#2287,.F.);
#2287 = EDGE_LOOP('',(#2288,#2289,#2290,#2298));
#2288 = ORIENTED_EDGE('',*,*,#2243,.F.);
#2289 = ORIENTED_EDGE('',*,*,#2258,.T.);
#2290 = ORIENTED_EDGE('',*,*,#2291,.T.);
#2291 = EDGE_CURVE('',#2259,#2292,#2294,.T.);
#2292 = VERTEX_POINT('',#2293);
#2293 = CARTESIAN_POINT('',(0.5,0.34,3.E-02));
#2294 = LINE('',#2295,#2296);
#2295 = CARTESIAN_POINT('',(0.5,-0.37,3.E-02));
#2296 = VECTOR('',#2297,1.);
#2297 = DIRECTION('',(0.,1.,0.));
#2298 = ORIENTED_EDGE('',*,*,#2299,.F.);
#2299 = EDGE_CURVE('',#2235,#2292,#2300,.T.);
#2300 = LINE('',#2301,#2302);
#2301 = CARTESIAN_POINT('',(-0.5,0.34,3.E-02));
#2302 = VECTOR('',#2303,1.);
#2303 = DIRECTION('',(1.,0.,0.));
#2304 = PLANE('',#2305);
#2305 = AXIS2_PLACEMENT_3D('',#2306,#2307,#2308);
#2306 = CARTESIAN_POINT('',(-0.5,-0.37,3.E-02));
#2307 = DIRECTION('',(0.,0.,1.));
#2308 = DIRECTION('',(1.,0.,-0.));
#2309 = ADVANCED_FACE('',(#2310),#2329,.T.);
#2310 = FACE_BOUND('',#2311,.T.);
#2311 = EDGE_LOOP('',(#2312,#2320,#2327,#2328));
#2312 = ORIENTED_EDGE('',*,*,#2313,.T.);
#2313 = EDGE_CURVE('',#2227,#2314,#2316,.T.);
#2314 = VERTEX_POINT('',#2315);
#2315 = CARTESIAN_POINT('',(0.5,0.37,6.E-02));
#2316 = LINE('',#2317,#2318);
#2317 = CARTESIAN_POINT('',(-0.5,0.37,6.E-02));
#2318 = VECTOR('',#2319,1.);
#2319 = DIRECTION('',(1.,0.,0.));
#2320 = ORIENTED_EDGE('',*,*,#2321,.T.);
#2321 = EDGE_CURVE('',#2314,#2292,#2322,.T.);
#2322 = CIRCLE('',#2323,3.E-02);
#2323 = AXIS2_PLACEMENT_3D('',#2324,#2325,#2326);
#2324 = CARTESIAN_POINT('',(0.5,0.34,6.E-02));
#2325 = DIRECTION('',(-1.,0.,0.));
#2326 = DIRECTION('',(0.,0.,1.));
#2327 = ORIENTED_EDGE('',*,*,#2299,.F.);
#2328 = ORIENTED_EDGE('',*,*,#2234,.F.);
#2329 = CYLINDRICAL_SURFACE('',#2330,3.E-02);
#2330 = AXIS2_PLACEMENT_3D('',#2331,#2332,#2333);
#2331 = CARTESIAN_POINT('',(-0.5,0.34,6.E-02));
#2332 = DIRECTION('',(1.,0.,0.));
#2333 = DIRECTION('',(-0.,1.,0.));
#2334 = ADVANCED_FACE('',(#2335),#2353,.T.);
#2335 = FACE_BOUND('',#2336,.T.);
#2336 = EDGE_LOOP('',(#2337,#2345,#2346,#2347));
#2337 = ORIENTED_EDGE('',*,*,#2338,.F.);
#2338 = EDGE_CURVE('',#2314,#2339,#2341,.T.);
#2339 = VERTEX_POINT('',#2340);
#2340 = CARTESIAN_POINT('',(0.5,0.37,0.74));
#2341 = LINE('',#2342,#2343);
#2342 = CARTESIAN_POINT('',(0.5,0.37,3.E-02));
#2343 = VECTOR('',#2344,1.);
#2344 = DIRECTION('',(0.,0.,1.));
#2345 = ORIENTED_EDGE('',*,*,#2313,.F.);
#2346 = ORIENTED_EDGE('',*,*,#2226,.T.);
#2347 = ORIENTED_EDGE('',*,*,#2348,.T.);
#2348 = EDGE_CURVE('',#2218,#2339,#2349,.T.);
#2349 = LINE('',#2350,#2351);
#2350 = CARTESIAN_POINT('',(-0.5,0.37,0.74));
#2351 = VECTOR('',#2352,1.);
#2352 = DIRECTION('',(1.,0.,0.));
#2353 = PLANE('',#2354);
#2354 = AXIS2_PLACEMENT_3D('',#2355,#2356,#2357);
#2355 = CARTESIAN_POINT('',(-0.5,0.37,3.E-02));
#2356 = DIRECTION('',(0.,1.,0.));
#2357 = DIRECTION('',(0.,-0.,1.));
#2358 = ADVANCED_FACE('',(#2359),#2378,.T.);
#2359 = FACE_BOUND('',#2360,.T.);
#2360 = EDGE_LOOP('',(#2361,#2362,#2370,#2377));
#2361 = ORIENTED_EDGE('',*,*,#2217,.T.);
#2362 = ORIENTED_EDGE('',*,*,#2363,.T.);
#2363 = EDGE_CURVE('',#2210,#2364,#2366,.T.);
#2364 = VERTEX_POINT('',#2365);
#2365 = CARTESIAN_POINT('',(0.5,0.34,0.77));
#2366 = LINE('',#2367,#2368);
#2367 = CARTESIAN_POINT('',(-0.5,0.34,0.77));
#2368 = VECTOR('',#2369,1.);
#2369 = DIRECTION('',(1.,0.,0.));
#2370 = ORIENTED_EDGE('',*,*,#2371,.F.);
#2371 = EDGE_CURVE('',#2339,#2364,#2372,.T.);
#2372 = CIRCLE('',#2373,3.E-02);
#2373 = AXIS2_PLACEMENT_3D('',#2374,#2375,#2376);
#2374 = CARTESIAN_POINT('',(0.5,0.34,0.74));
#2375 = DIRECTION('',(1.,0.,-0.));
#2376 = DIRECTION('',(0.,0.,1.));
#2377 = ORIENTED_EDGE('',*,*,#2348,.F.);
#2378 = CYLINDRICAL_SURFACE('',#2379,3.E-02);
#2379 = AXIS2_PLACEMENT_3D('',#2380,#2381,#2382);
#2380 = CARTESIAN_POINT('',(-0.5,0.34,0.74));
#2381 = DIRECTION('',(1.,0.,0.));
#2382 = DIRECTION('',(-0.,1.,0.));
#2383 = ADVANCED_FACE('',(#2384),#2402,.T.);
#2384 = FACE_BOUND('',#2385,.T.);
#2385 = EDGE_LOOP('',(#2386,#2387,#2395,#2401));
#2386 = ORIENTED_EDGE('',*,*,#2209,.F.);
#2387 = ORIENTED_EDGE('',*,*,#2388,.T.);
#2388 = EDGE_CURVE('',#2201,#2389,#2391,.T.);
#2389 = VERTEX_POINT('',#2390);
#2390 = CARTESIAN_POINT('',(0.5,-0.34,0.77));
#2391 = LINE('',#2392,#2393);
#2392 = CARTESIAN_POINT('',(-0.5,-0.34,0.77));
#2393 = VECTOR('',#2394,1.);
#2394 = DIRECTION('',(1.,0.,0.));
#2395 = ORIENTED_EDGE('',*,*,#2396,.T.);
#2396 = EDGE_CURVE('',#2389,#2364,#2397,.T.);
#2397 = LINE('',#2398,#2399);
#2398 = CARTESIAN_POINT('',(0.5,-0.37,0.77));
#2399 = VECTOR('',#2400,1.);
#2400 = DIRECTION('',(0.,1.,0.));
#2401 = ORIENTED_EDGE('',*,*,#2363,.F.);
#2402 = PLANE('',#2403);
#2403 = AXIS2_PLACEMENT_3D('',#2404,#2405,#2406);
#2404 = CARTESIAN_POINT('',(-0.5,-0.37,0.77));
#2405 = DIRECTION('',(0.,0.,1.));
#2406 = DIRECTION('',(1.,0.,-0.));
#2407 = ADVANCED_FACE('',(#2408),#2427,.T.);
#2408 = FACE_BOUND('',#2409,.T.);
#2409 = EDGE_LOOP('',(#2410,#2418,#2425,#2426));
#2410 = ORIENTED_EDGE('',*,*,#2411,.T.);
#2411 = EDGE_CURVE('',#2193,#2412,#2414,.T.);
#2412 = VERTEX_POINT('',#2413);
#2413 = CARTESIAN_POINT('',(0.5,-0.37,0.74));
#2414 = LINE('',#2415,#2416);
#2415 = CARTESIAN_POINT('',(-0.5,-0.37,0.74));
#2416 = VECTOR('',#2417,1.);
#2417 = DIRECTION('',(1.,0.,0.));
#2418 = ORIENTED_EDGE('',*,*,#2419,.T.);
#2419 = EDGE_CURVE('',#2412,#2389,#2420,.T.);
#2420 = CIRCLE('',#2421,3.E-02);
#2421 = AXIS2_PLACEMENT_3D('',#2422,#2423,#2424);
#2422 = CARTESIAN_POINT('',(0.5,-0.34,0.74));
#2423 = DIRECTION('',(-1.,0.,0.));
#2424 = DIRECTION('',(0.,0.,1.));
#2425 = ORIENTED_EDGE('',*,*,#2388,.F.);
#2426 = ORIENTED_EDGE('',*,*,#2200,.F.);
#2427 = CYLINDRICAL_SURFACE('',#2428,3.E-02);
#2428 = AXIS2_PLACEMENT_3D('',#2429,#2430,#2431);
#2429 = CARTESIAN_POINT('',(-0.5,-0.34,0.74));
#2430 = DIRECTION('',(1.,0.,0.));
#2431 = DIRECTION('',(0.,-1.,0.));
#2432 = ADVANCED_FACE('',(#2433),#2444,.F.);
#2433 = FACE_BOUND('',#2434,.F.);
#2434 = EDGE_LOOP('',(#2435,#2441,#2442,#2443));
#2435 = ORIENTED_EDGE('',*,*,#2436,.F.);
#2436 = EDGE_CURVE('',#2267,#2412,#2437,.T.);
#2437 = LINE('',#2438,#2439);
#2438 = CARTESIAN_POINT('',(0.5,-0.37,3.E-02));
#2439 = VECTOR('',#2440,1.);
#2440 = DIRECTION('',(0.,0.,1.));
#2441 = ORIENTED_EDGE('',*,*,#2275,.F.);
#2442 = ORIENTED_EDGE('',*,*,#2192,.T.);
#2443 = ORIENTED_EDGE('',*,*,#2411,.T.);
#2444 = PLANE('',#2445);
#2445 = AXIS2_PLACEMENT_3D('',#2446,#2447,#2448);
#2446 = CARTESIAN_POINT('',(-0.5,-0.37,3.E-02));
#2447 = DIRECTION('',(0.,1.,0.));
#2448 = DIRECTION('',(0.,-0.,1.));
#2449 = ADVANCED_FACE('',(#2450,#2520),#2530,.F.);
#2450 = FACE_BOUND('',#2451,.F.);
#2451 = EDGE_LOOP('',(#2452,#2462,#2471,#2479,#2488,#2496,#2505,#2513));
#2452 = ORIENTED_EDGE('',*,*,#2453,.F.);
#2453 = EDGE_CURVE('',#2454,#2456,#2458,.T.);
#2454 = VERTEX_POINT('',#2455);
#2455 = CARTESIAN_POINT('',(0.5,-0.4,3.E-02));
#2456 = VERTEX_POINT('',#2457);
#2457 = CARTESIAN_POINT('',(0.5,-0.4,0.77));
#2458 = LINE('',#2459,#2460);
#2459 = CARTESIAN_POINT('',(0.5,-0.4,0.));
#2460 = VECTOR('',#2461,1.);
#2461 = DIRECTION('',(0.,0.,1.));
#2462 = ORIENTED_EDGE('',*,*,#2463,.T.);
#2463 = EDGE_CURVE('',#2454,#2464,#2466,.T.);
#2464 = VERTEX_POINT('',#2465);
#2465 = CARTESIAN_POINT('',(0.5,-0.37,0.));
#2466 = CIRCLE('',#2467,3.E-02);
#2467 = AXIS2_PLACEMENT_3D('',#2468,#2469,#2470);
#2468 = CARTESIAN_POINT('',(0.5,-0.37,3.E-02));
#2469 = DIRECTION('',(1.,0.,-0.));
#2470 = DIRECTION('',(0.,0.,1.));
#2471 = ORIENTED_EDGE('',*,*,#2472,.T.);
#2472 = EDGE_CURVE('',#2464,#2473,#2475,.T.);
#2473 = VERTEX_POINT('',#2474);
#2474 = CARTESIAN_POINT('',(0.5,0.37,0.));
#2475 = LINE('',#2476,#2477);
#2476 = CARTESIAN_POINT('',(0.5,-0.4,0.));
#2477 = VECTOR('',#2478,1.);
#2478 = DIRECTION('',(0.,1.,0.));
#2479 = ORIENTED_EDGE('',*,*,#2480,.F.);
#2480 = EDGE_CURVE('',#2481,#2473,#2483,.T.);
#2481 = VERTEX_POINT('',#2482);
#2482 = CARTESIAN_POINT('',(0.5,0.4,3.E-02));
#2483 = CIRCLE('',#2484,3.E-02);
#2484 = AXIS2_PLACEMENT_3D('',#2485,#2486,#2487);
#2485 = CARTESIAN_POINT('',(0.5,0.37,3.E-02));
#2486 = DIRECTION('',(-1.,0.,0.));
#2487 = DIRECTION('',(0.,0.,1.));
#2488 = ORIENTED_EDGE('',*,*,#2489,.T.);
#2489 = EDGE_CURVE('',#2481,#2490,#2492,.T.);
#2490 = VERTEX_POINT('',#2491);
#2491 = CARTESIAN_POINT('',(0.5,0.4,0.77));
#2492 = LINE('',#2493,#2494);
#2493 = CARTESIAN_POINT('',(0.5,0.4,0.));
#2494 = VECTOR('',#2495,1.);
#2495 = DIRECTION('',(0.,0.,1.));
#2496 = ORIENTED_EDGE('',*,*,#2497,.T.);
#2497 = EDGE_CURVE('',#2490,#2498,#2500,.T.);
#2498 = VERTEX_POINT('',#2499);
#2499 = CARTESIAN_POINT('',(0.5,0.37,0.8));
#2500 = CIRCLE('',#2501,3.E-02);
#2501 = AXIS2_PLACEMENT_3D('',#2502,#2503,#2504);
#2502 = CARTESIAN_POINT('',(0.5,0.37,0.77));
#2503 = DIRECTION('',(1.,0.,-0.));
#2504 = DIRECTION('',(0.,0.,1.));
#2505 = ORIENTED_EDGE('',*,*,#2506,.F.);
#2506 = EDGE_CURVE('',#2507,#2498,#2509,.T.);
#2507 = VERTEX_POINT('',#2508);
#2508 = CARTESIAN_POINT('',(0.5,-0.37,0.8));
#2509 = LINE('',#2510,#2511);
#2510 = CARTESIAN_POINT('',(0.5,-0.4,0.8));
#2511 = VECTOR('',#2512,1.);
#2512 = DIRECTION('',(0.,1.,0.));
#2513 = ORIENTED_EDGE('',*,*,#2514,.F.);
#2514 = EDGE_CURVE('',#2456,#2507,#2515,.T.);
#2515 = CIRCLE('',#2516,3.E-02);
#2516 = AXIS2_PLACEMENT_3D('',#2517,#2518,#2519);
#2517 = CARTESIAN_POINT('',(0.5,-0.37,0.77));
#2518 = DIRECTION('',(-1.,0.,0.));
#2519 = DIRECTION('',(0.,0.,1.));
#2520 = FACE_BOUND('',#2521,.F.);
#2521 = EDGE_LOOP('',(#2522,#2523,#2524,#2525,#2526,#2527,#2528,#2529));
#2522 = ORIENTED_EDGE('',*,*,#2266,.F.);
#2523 = ORIENTED_EDGE('',*,*,#2436,.T.);
#2524 = ORIENTED_EDGE('',*,*,#2419,.T.);
#2525 = ORIENTED_EDGE('',*,*,#2396,.T.);
#2526 = ORIENTED_EDGE('',*,*,#2371,.F.);
#2527 = ORIENTED_EDGE('',*,*,#2338,.F.);
#2528 = ORIENTED_EDGE('',*,*,#2321,.T.);
#2529 = ORIENTED_EDGE('',*,*,#2291,.F.);
#2530 = PLANE('',#2531);
#2531 = AXIS2_PLACEMENT_3D('',#2532,#2533,#2534);
#2532 = CARTESIAN_POINT('',(0.5,-0.4,0.));
#2533 = DIRECTION('',(1.,0.,0.));
#2534 = DIRECTION('',(0.,0.,1.));
#2535 = ADVANCED_FACE('',(#2536),#2561,.F.);
#2536 = FACE_BOUND('',#2537,.F.);
#2537 = EDGE_LOOP('',(#2538,#2548,#2554,#2555));
#2538 = ORIENTED_EDGE('',*,*,#2539,.F.);
#2539 = EDGE_CURVE('',#2540,#2542,#2544,.T.);
#2540 = VERTEX_POINT('',#2541);
#2541 = CARTESIAN_POINT('',(0.8,-0.4,3.E-02));
#2542 = VERTEX_POINT('',#2543);
#2543 = CARTESIAN_POINT('',(0.8,-0.4,0.77));
#2544 = LINE('',#2545,#2546);
#2545 = CARTESIAN_POINT('',(0.8,-0.4,0.));
#2546 = VECTOR('',#2547,1.);
#2547 = DIRECTION('',(0.,0.,1.));
#2548 = ORIENTED_EDGE('',*,*,#2549,.F.);
#2549 = EDGE_CURVE('',#2454,#2540,#2550,.T.);
#2550 = LINE('',#2551,#2552);
#2551 = CARTESIAN_POINT('',(0.5,-0.4,3.E-02));
#2552 = VECTOR('',#2553,1.);
#2553 = DIRECTION('',(1.,0.,0.));
#2554 = ORIENTED_EDGE('',*,*,#2453,.T.);
#2555 = ORIENTED_EDGE('',*,*,#2556,.T.);
#2556 = EDGE_CURVE('',#2456,#2542,#2557,.T.);
#2557 = LINE('',#2558,#2559);
#2558 = CARTESIAN_POINT('',(0.5,-0.4,0.77));
#2559 = VECTOR('',#2560,1.);
#2560 = DIRECTION('',(1.,0.,0.));
#2561 = PLANE('',#2562);
#2562 = AXIS2_PLACEMENT_3D('',#2563,#2564,#2565);
#2563 = CARTESIAN_POINT('',(0.5,-0.4,0.));
#2564 = DIRECTION('',(0.,1.,0.));
#2565 = DIRECTION('',(0.,-0.,1.));
#2566 = ADVANCED_FACE('',(#2567),#2586,.T.);
#2567 = FACE_BOUND('',#2568,.T.);
#2568 = EDGE_LOOP('',(#2569,#2570,#2578,#2585));
#2569 = ORIENTED_EDGE('',*,*,#2463,.T.);
#2570 = ORIENTED_EDGE('',*,*,#2571,.T.);
#2571 = EDGE_CURVE('',#2464,#2572,#2574,.T.);
#2572 = VERTEX_POINT('',#2573);
#2573 = CARTESIAN_POINT('',(0.8,-0.37,0.));
#2574 = LINE('',#2575,#2576);
#2575 = CARTESIAN_POINT('',(0.5,-0.37,0.));
#2576 = VECTOR('',#2577,1.);
#2577 = DIRECTION('',(1.,0.,0.));
#2578 = ORIENTED_EDGE('',*,*,#2579,.F.);
#2579 = EDGE_CURVE('',#2540,#2572,#2580,.T.);
#2580 = CIRCLE('',#2581,3.E-02);
#2581 = AXIS2_PLACEMENT_3D('',#2582,#2583,#2584);
#2582 = CARTESIAN_POINT('',(0.8,-0.37,3.E-02));
#2583 = DIRECTION('',(1.,0.,-0.));
#2584 = DIRECTION('',(0.,0.,1.));
#2585 = ORIENTED_EDGE('',*,*,#2549,.F.);
#2586 = CYLINDRICAL_SURFACE('',#2587,3.E-02);
#2587 = AXIS2_PLACEMENT_3D('',#2588,#2589,#2590);
#2588 = CARTESIAN_POINT('',(0.5,-0.37,3.E-02));
#2589 = DIRECTION('',(1.,0.,0.));
#2590 = DIRECTION('',(0.,-1.,0.));
#2591 = ADVANCED_FACE('',(#2592),#2611,.T.);
#2592 = FACE_BOUND('',#2593,.T.);
#2593 = EDGE_LOOP('',(#2594,#2595,#2604,#2610));
#2594 = ORIENTED_EDGE('',*,*,#2556,.T.);
#2595 = ORIENTED_EDGE('',*,*,#2596,.T.);
#2596 = EDGE_CURVE('',#2542,#2597,#2599,.T.);
#2597 = VERTEX_POINT('',#2598);
#2598 = CARTESIAN_POINT('',(0.8,-0.37,0.8));
#2599 = CIRCLE('',#2600,3.E-02);
#2600 = AXIS2_PLACEMENT_3D('',#2601,#2602,#2603);
#2601 = CARTESIAN_POINT('',(0.8,-0.37,0.77));
#2602 = DIRECTION('',(-1.,0.,0.));
#2603 = DIRECTION('',(0.,0.,1.));
#2604 = ORIENTED_EDGE('',*,*,#2605,.F.);
#2605 = EDGE_CURVE('',#2507,#2597,#2606,.T.);
#2606 = LINE('',#2607,#2608);
#2607 = CARTESIAN_POINT('',(0.5,-0.37,0.8));
#2608 = VECTOR('',#2609,1.);
#2609 = DIRECTION('',(1.,0.,0.));
#2610 = ORIENTED_EDGE('',*,*,#2514,.F.);
#2611 = CYLINDRICAL_SURFACE('',#2612,3.E-02);
#2612 = AXIS2_PLACEMENT_3D('',#2613,#2614,#2615);
#2613 = CARTESIAN_POINT('',(0.5,-0.37,0.77));
#2614 = DIRECTION('',(1.,0.,0.));
#2615 = DIRECTION('',(0.,-1.,0.));
#2616 = ADVANCED_FACE('',(#2617),#2635,.F.);
#2617 = FACE_BOUND('',#2618,.F.);
#2618 = EDGE_LOOP('',(#2619,#2620,#2621,#2629));
#2619 = ORIENTED_EDGE('',*,*,#2472,.F.);
#2620 = ORIENTED_EDGE('',*,*,#2571,.T.);
#2621 = ORIENTED_EDGE('',*,*,#2622,.T.);
#2622 = EDGE_CURVE('',#2572,#2623,#2625,.T.);
#2623 = VERTEX_POINT('',#2624);
#2624 = CARTESIAN_POINT('',(0.8,0.37,0.));
#2625 = LINE('',#2626,#2627);
#2626 = CARTESIAN_POINT('',(0.8,-0.4,0.));
#2627 = VECTOR('',#2628,1.);
#2628 = DIRECTION('',(0.,1.,0.));
#2629 = ORIENTED_EDGE('',*,*,#2630,.F.);
#2630 = EDGE_CURVE('',#2473,#2623,#2631,.T.);
#2631 = LINE('',#2632,#2633);
#2632 = CARTESIAN_POINT('',(0.5,0.37,0.));
#2633 = VECTOR('',#2634,1.);
#2634 = DIRECTION('',(1.,0.,0.));
#2635 = PLANE('',#2636);
#2636 = AXIS2_PLACEMENT_3D('',#2637,#2638,#2639);
#2637 = CARTESIAN_POINT('',(0.5,-0.4,0.));
#2638 = DIRECTION('',(0.,0.,1.));
#2639 = DIRECTION('',(1.,0.,-0.));
#2640 = ADVANCED_FACE('',(#2641),#2659,.T.);
#2641 = FACE_BOUND('',#2642,.T.);
#2642 = EDGE_LOOP('',(#2643,#2644,#2645,#2653));
#2643 = ORIENTED_EDGE('',*,*,#2506,.F.);
#2644 = ORIENTED_EDGE('',*,*,#2605,.T.);
#2645 = ORIENTED_EDGE('',*,*,#2646,.T.);
#2646 = EDGE_CURVE('',#2597,#2647,#2649,.T.);
#2647 = VERTEX_POINT('',#2648);
#2648 = CARTESIAN_POINT('',(0.8,0.37,0.8));
#2649 = LINE('',#2650,#2651);
#2650 = CARTESIAN_POINT('',(0.8,-0.4,0.8));
#2651 = VECTOR('',#2652,1.);
#2652 = DIRECTION('',(0.,1.,0.));
#2653 = ORIENTED_EDGE('',*,*,#2654,.F.);
#2654 = EDGE_CURVE('',#2498,#2647,#2655,.T.);
#2655 = LINE('',#2656,#2657);
#2656 = CARTESIAN_POINT('',(0.5,0.37,0.8));
#2657 = VECTOR('',#2658,1.);
#2658 = DIRECTION('',(1.,0.,0.));
#2659 = PLANE('',#2660);
#2660 = AXIS2_PLACEMENT_3D('',#2661,#2662,#2663);
#2661 = CARTESIAN_POINT('',(0.5,-0.4,0.8));
#2662 = DIRECTION('',(0.,0.,1.));
#2663 = DIRECTION('',(1.,0.,-0.));
#2664 = ADVANCED_FACE('',(#2665),#2684,.T.);
#2665 = FACE_BOUND('',#2666,.T.);
#2666 = EDGE_LOOP('',(#2667,#2675,#2682,#2683));
#2667 = ORIENTED_EDGE('',*,*,#2668,.T.);
#2668 = EDGE_CURVE('',#2481,#2669,#2671,.T.);
#2669 = VERTEX_POINT('',#2670);
#2670 = CARTESIAN_POINT('',(0.8,0.4,3.E-02));
#2671 = LINE('',#2672,#2673);
#2672 = CARTESIAN_POINT('',(0.5,0.4,3.E-02));
#2673 = VECTOR('',#2674,1.);
#2674 = DIRECTION('',(1.,0.,0.));
#2675 = ORIENTED_EDGE('',*,*,#2676,.T.);
#2676 = EDGE_CURVE('',#2669,#2623,#2677,.T.);
#2677 = CIRCLE('',#2678,3.E-02);
#2678 = AXIS2_PLACEMENT_3D('',#2679,#2680,#2681);
#2679 = CARTESIAN_POINT('',(0.8,0.37,3.E-02));
#2680 = DIRECTION('',(-1.,0.,0.));
#2681 = DIRECTION('',(0.,0.,1.));
#2682 = ORIENTED_EDGE('',*,*,#2630,.F.);
#2683 = ORIENTED_EDGE('',*,*,#2480,.F.);
#2684 = CYLINDRICAL_SURFACE('',#2685,3.E-02);
#2685 = AXIS2_PLACEMENT_3D('',#2686,#2687,#2688);
#2686 = CARTESIAN_POINT('',(0.5,0.37,3.E-02));
#2687 = DIRECTION('',(1.,0.,0.));
#2688 = DIRECTION('',(-0.,1.,0.));
#2689 = ADVANCED_FACE('',(#2690),#2709,.T.);
#2690 = FACE_BOUND('',#2691,.T.);
#2691 = EDGE_LOOP('',(#2692,#2693,#2694,#2703));
#2692 = ORIENTED_EDGE('',*,*,#2497,.T.);
#2693 = ORIENTED_EDGE('',*,*,#2654,.T.);
#2694 = ORIENTED_EDGE('',*,*,#2695,.F.);
#2695 = EDGE_CURVE('',#2696,#2647,#2698,.T.);
#2696 = VERTEX_POINT('',#2697);
#2697 = CARTESIAN_POINT('',(0.8,0.4,0.77));
#2698 = CIRCLE('',#2699,3.E-02);
#2699 = AXIS2_PLACEMENT_3D('',#2700,#2701,#2702);
#2700 = CARTESIAN_POINT('',(0.8,0.37,0.77));
#2701 = DIRECTION('',(1.,0.,-0.));
#2702 = DIRECTION('',(0.,0.,1.));
#2703 = ORIENTED_EDGE('',*,*,#2704,.F.);
#2704 = EDGE_CURVE('',#2490,#2696,#2705,.T.);
#2705 = LINE('',#2706,#2707);
#2706 = CARTESIAN_POINT('',(0.5,0.4,0.77));
#2707 = VECTOR('',#2708,1.);
#2708 = DIRECTION('',(1.,0.,0.));
#2709 = CYLINDRICAL_SURFACE('',#2710,3.E-02);
#2710 = AXIS2_PLACEMENT_3D('',#2711,#2712,#2713);
#2711 = CARTESIAN_POINT('',(0.5,0.37,0.77));
#2712 = DIRECTION('',(1.,0.,0.));
#2713 = DIRECTION('',(-0.,1.,0.));
#2714 = ADVANCED_FACE('',(#2715),#2726,.T.);
#2715 = FACE_BOUND('',#2716,.T.);
#2716 = EDGE_LOOP('',(#2717,#2723,#2724,#2725));
#2717 = ORIENTED_EDGE('',*,*,#2718,.F.);
#2718 = EDGE_CURVE('',#2669,#2696,#2719,.T.);
#2719 = LINE('',#2720,#2721);
#2720 = CARTESIAN_POINT('',(0.8,0.4,0.));
#2721 = VECTOR('',#2722,1.);
#2722 = DIRECTION('',(0.,0.,1.));
#2723 = ORIENTED_EDGE('',*,*,#2668,.F.);
#2724 = ORIENTED_EDGE('',*,*,#2489,.T.);
#2725 = ORIENTED_EDGE('',*,*,#2704,.T.);
#2726 = PLANE('',#2727);
#2727 = AXIS2_PLACEMENT_3D('',#2728,#2729,#2730);
#2728 = CARTESIAN_POINT('',(0.5,0.4,0.));
#2729 = DIRECTION('',(0.,1.,0.));
#2730 = DIRECTION('',(0.,-0.,1.));
#2731 = ADVANCED_FACE('',(#2732),#2742,.T.);
#2732 = FACE_BOUND('',#2733,.T.);
#2733 = EDGE_LOOP('',(#2734,#2735,#2736,#2737,#2738,#2739,#2740,#2741));
#2734 = ORIENTED_EDGE('',*,*,#2539,.F.);
#2735 = ORIENTED_EDGE('',*,*,#2579,.T.);
#2736 = ORIENTED_EDGE('',*,*,#2622,.T.);
#2737 = ORIENTED_EDGE('',*,*,#2676,.F.);
#2738 = ORIENTED_EDGE('',*,*,#2718,.T.);
#2739 = ORIENTED_EDGE('',*,*,#2695,.T.);
#2740 = ORIENTED_EDGE('',*,*,#2646,.F.);
#2741 = ORIENTED_EDGE('',*,*,#2596,.F.);
#2742 = PLANE('',#2743);
#2743 = AXIS2_PLACEMENT_3D('',#2744,#2745,#2746);
#2744 = CARTESIAN_POINT('',(0.8,-0.4,0.));
#2745 = DIRECTION('',(1.,0.,0.));
#2746 = DIRECTION('',(0.,0.,1.));
#2747 = ( GEOMETRIC_REPRESENTATION_CONTEXT(3) 
GLOBAL_UNCERTAINTY_ASSIGNED_CONTEXT((#2751)) 
GLOBAL_UNIT_ASSIGNED_CONTEXT((#2748,#2749,#2750)) REPRESENTATION_CONTEXT
('Context #1','3D Context with UNIT and UNCERTAINTY') );
#2748 = ( LENGTH_UNIT() NAMED_UNIT(*) SI_UNIT(.MILLI.,.METRE.) );
#2749 = ( NAMED_UNIT(*) PLANE_ANGLE_UNIT() SI_UNIT($,.RADIAN.) );
#2750 = ( NAMED_UNIT(*) SI_UNIT($,.STERADIAN.) SOLID_ANGLE_UNIT() );
#2751 = UNCERTAINTY_MEASURE_WITH_UNIT(LENGTH_MEASURE(1.E-07),#2748,
  'distance_accuracy_value','confusion accuracy');
#2752 = CONTEXT_DEPENDENT_SHAPE_REPRESENTATION(#2753,#2755);
#2753 = ( REPRESENTATION_RELATIONSHIP('','',#1892,#1869) 
REPRESENTATION_RELATIONSHIP_WITH_TRANSFORMATION(#2754) 
SHAPE_REPRESENTATION_RELATIONSHIP() );
#2754 = ITEM_DEFINED_TRANSFORMATION('','',#11,#1870);
#2755 = PRODUCT_DEFINITION_SHAPE('Placement','Placement of an item',
  #2756);
#2756 = NEXT_ASSEMBLY_USAGE_OCCURRENCE('6','=>[0:1:1:7]','',#1864,#1887,
  $);
#2757 = PRODUCT_RELATED_PRODUCT_CATEGORY('part',$,(#1889));
#2758 = SHAPE_DEFINITION_REPRESENTATION(#2759,#2765);
#2759 = PRODUCT_DEFINITION_SHAPE('','',#2760);
#2760 = PRODUCT_DEFINITION('design','',#2761,#2764);
#2761 = PRODUCT_DEFINITION_FORMATION('','',#2762);
#2762 = PRODUCT('PinHeader_1x02_P2.54mm_Vertical',
  'PinHeader_1x02_P2.54mm_Vertical','',(#2763));
#2763 = PRODUCT_CONTEXT('',#2,'mechanical');
#2764 = PRODUCT_DEFINITION_CONTEXT('part definition',#2,'design');
#2765 = SHAPE_REPRESENTATION('',(#11,#2766),#2770);
#2766 = AXIS2_PLACEMENT_3D('',#2767,#2768,#2769);
#2767 = CARTESIAN_POINT('',(0.,0.,0.));
#2768 = DIRECTION('',(0.,0.,1.));
#2769 = DIRECTION('',(1.,0.,-0.));
#2770 = ( GEOMETRIC_REPRESENTATION_CONTEXT(3) 
GLOBAL_UNCERTAINTY_ASSIGNED_CONTEXT((#2774)) 
GLOBAL_UNIT_ASSIGNED_CONTEXT((#2771,#2772,#2773)) REPRESENTATION_CONTEXT
('Context #1','3D Context with UNIT and UNCERTAINTY') );
#2771 = ( LENGTH_UNIT() NAMED_UNIT(*) SI_UNIT(.MILLI.,.METRE.) );
#2772 = ( NAMED_UNIT(*) PLANE_ANGLE_UNIT() SI_UNIT($,.RADIAN.) );
#2773 = ( NAMED_UNIT(*) SI_UNIT($,.STERADIAN.) SOLID_ANGLE_UNIT() );
#2774 = UNCERTAINTY_MEASURE_WITH_UNIT(LENGTH_MEASURE(1.E-07),#2771,
  'distance_accuracy_value','confusion accuracy');
#2775 = CONTEXT_DEPENDENT_SHAPE_REPRESENTATION(#2776,#2778);
#2776 = ( REPRESENTATION_RELATIONSHIP('','',#2765,#10) 
REPRESENTATION_RELATIONSHIP_WITH_TRANSFORMATION(#2777) 
SHAPE_REPRESENTATION_RELATIONSHIP() );
#2777 = ITEM_DEFINED_TRANSFORMATION('','',#11,#31);
#2778 = PRODUCT_DEFINITION_SHAPE('Placement','Placement of an item',
  #2779);
#2779 = NEXT_ASSEMBLY_USAGE_OCCURRENCE('9','J3','',#5,#2760,$);
#2780 = PRODUCT_RELATED_PRODUCT_CATEGORY('part',$,(#2762));
#2781 = SHAPE_DEFINITION_REPRESENTATION(#2782,#2788);
#2782 = PRODUCT_DEFINITION_SHAPE('','',#2783);
#2783 = PRODUCT_DEFINITION('design','',#2784,#2787);
#2784 = PRODUCT_DEFINITION_FORMATION('','',#2785);
#2785 = PRODUCT('PinHeader_1x02_P254mm_Vertical',
  'PinHeader_1x02_P254mm_Vertical','',(#2786));
#2786 = PRODUCT_CONTEXT('',#2,'mechanical');
#2787 = PRODUCT_DEFINITION_CONTEXT('part definition',#2,'design');
#2788 = ADVANCED_BREP_SHAPE_REPRESENTATION('',(#11,#2789),#4221);
#2789 = MANIFOLD_SOLID_BREP('',#2790);
#2790 = CLOSED_SHELL('',(#2791,#2831,#2862,#2893,#3058,#3223,#3240,#3257
    ,#3274,#3291,#3308,#3325,#3342,#3359,#3376,#3393,#3405,#3436,#3460,
    #3484,#3501,#3532,#3556,#3580,#3597,#3628,#3652,#3676,#3693,#3724,
    #3748,#3772,#3789,#3820,#3844,#3868,#3885,#3916,#3940,#3964,#3981,
    #4012,#4036,#4060,#4077,#4108,#4132,#4156,#4173,#4185,#4197,#4209));
#2791 = ADVANCED_FACE('',(#2792),#2826,.F.);
#2792 = FACE_BOUND('',#2793,.F.);
#2793 = EDGE_LOOP('',(#2794,#2804,#2812,#2820));
#2794 = ORIENTED_EDGE('',*,*,#2795,.T.);
#2795 = EDGE_CURVE('',#2796,#2798,#2800,.T.);
#2796 = VERTEX_POINT('',#2797);
#2797 = CARTESIAN_POINT('',(-1.016,1.27,0.));
#2798 = VERTEX_POINT('',#2799);
#2799 = CARTESIAN_POINT('',(-1.016,1.27,2.54));
#2800 = LINE('',#2801,#2802);
#2801 = CARTESIAN_POINT('',(-1.016,1.27,0.));
#2802 = VECTOR('',#2803,1.);
#2803 = DIRECTION('',(0.,0.,1.));
#2804 = ORIENTED_EDGE('',*,*,#2805,.T.);
#2805 = EDGE_CURVE('',#2798,#2806,#2808,.T.);
#2806 = VERTEX_POINT('',#2807);
#2807 = CARTESIAN_POINT('',(-1.27,1.016,2.54));
#2808 = LINE('',#2809,#2810);
#2809 = CARTESIAN_POINT('',(-1.016,1.27,2.54));
#2810 = VECTOR('',#2811,1.);
#2811 = DIRECTION('',(-0.707106781187,-0.707106781187,0.));
#2812 = ORIENTED_EDGE('',*,*,#2813,.F.);
#2813 = EDGE_CURVE('',#2814,#2806,#2816,.T.);
#2814 = VERTEX_POINT('',#2815);
#2815 = CARTESIAN_POINT('',(-1.27,1.016,0.));
#2816 = LINE('',#2817,#2818);
#2817 = CARTESIAN_POINT('',(-1.27,1.016,0.));
#2818 = VECTOR('',#2819,1.);
#2819 = DIRECTION('',(0.,0.,1.));
#2820 = ORIENTED_EDGE('',*,*,#2821,.F.);
#2821 = EDGE_CURVE('',#2796,#2814,#2822,.T.);
#2822 = LINE('',#2823,#2824);
#2823 = CARTESIAN_POINT('',(-1.016,1.27,0.));
#2824 = VECTOR('',#2825,1.);
#2825 = DIRECTION('',(-0.707106781187,-0.707106781187,0.));
#2826 = PLANE('',#2827);
#2827 = AXIS2_PLACEMENT_3D('',#2828,#2829,#2830);
#2828 = CARTESIAN_POINT('',(-1.016,1.27,0.));
#2829 = DIRECTION('',(0.707106781187,-0.707106781187,0.));
#2830 = DIRECTION('',(-0.707106781187,-0.707106781187,0.));
#2831 = ADVANCED_FACE('',(#2832),#2857,.F.);
#2832 = FACE_BOUND('',#2833,.F.);
#2833 = EDGE_LOOP('',(#2834,#2844,#2850,#2851));
#2834 = ORIENTED_EDGE('',*,*,#2835,.T.);
#2835 = EDGE_CURVE('',#2836,#2838,#2840,.T.);
#2836 = VERTEX_POINT('',#2837);
#2837 = CARTESIAN_POINT('',(1.016,1.27,0.));
#2838 = VERTEX_POINT('',#2839);
#2839 = CARTESIAN_POINT('',(1.016,1.27,2.54));
#2840 = LINE('',#2841,#2842);
#2841 = CARTESIAN_POINT('',(1.016,1.27,0.));
#2842 = VECTOR('',#2843,1.);
#2843 = DIRECTION('',(0.,0.,1.));
#2844 = ORIENTED_EDGE('',*,*,#2845,.T.);
#2845 = EDGE_CURVE('',#2838,#2798,#2846,.T.);
#2846 = LINE('',#2847,#2848);
#2847 = CARTESIAN_POINT('',(1.016,1.27,2.54));
#2848 = VECTOR('',#2849,1.);
#2849 = DIRECTION('',(-1.,0.,0.));
#2850 = ORIENTED_EDGE('',*,*,#2795,.F.);
#2851 = ORIENTED_EDGE('',*,*,#2852,.F.);
#2852 = EDGE_CURVE('',#2836,#2796,#2853,.T.);
#2853 = LINE('',#2854,#2855);
#2854 = CARTESIAN_POINT('',(1.016,1.27,0.));
#2855 = VECTOR('',#2856,1.);
#2856 = DIRECTION('',(-1.,0.,0.));
#2857 = PLANE('',#2858);
#2858 = AXIS2_PLACEMENT_3D('',#2859,#2860,#2861);
#2859 = CARTESIAN_POINT('',(1.016,1.27,0.));
#2860 = DIRECTION('',(0.,-1.,0.));
#2861 = DIRECTION('',(-1.,0.,0.));
#2862 = ADVANCED_FACE('',(#2863),#2888,.F.);
#2863 = FACE_BOUND('',#2864,.F.);
#2864 = EDGE_LOOP('',(#2865,#2866,#2874,#2882));
#2865 = ORIENTED_EDGE('',*,*,#2813,.T.);
#2866 = ORIENTED_EDGE('',*,*,#2867,.T.);
#2867 = EDGE_CURVE('',#2806,#2868,#2870,.T.);
#2868 = VERTEX_POINT('',#2869);
#2869 = CARTESIAN_POINT('',(-1.27,-1.016,2.54));
#2870 = LINE('',#2871,#2872);
#2871 = CARTESIAN_POINT('',(-1.27,1.016,2.54));
#2872 = VECTOR('',#2873,1.);
#2873 = DIRECTION('',(0.,-1.,0.));
#2874 = ORIENTED_EDGE('',*,*,#2875,.F.);
#2875 = EDGE_CURVE('',#2876,#2868,#2878,.T.);
#2876 = VERTEX_POINT('',#2877);
#2877 = CARTESIAN_POINT('',(-1.27,-1.016,0.));
#2878 = LINE('',#2879,#2880);
#2879 = CARTESIAN_POINT('',(-1.27,-1.016,0.));
#2880 = VECTOR('',#2881,1.);
#2881 = DIRECTION('',(0.,0.,1.));
#2882 = ORIENTED_EDGE('',*,*,#2883,.F.);
#2883 = EDGE_CURVE('',#2814,#2876,#2884,.T.);
#2884 = LINE('',#2885,#2886);
#2885 = CARTESIAN_POINT('',(-1.27,1.016,0.));
#2886 = VECTOR('',#2887,1.);
#2887 = DIRECTION('',(0.,-1.,0.));
#2888 = PLANE('',#2889);
#2889 = AXIS2_PLACEMENT_3D('',#2890,#2891,#2892);
#2890 = CARTESIAN_POINT('',(-1.27,1.016,0.));
#2891 = DIRECTION('',(1.,0.,0.));
#2892 = DIRECTION('',(0.,-1.,0.));
#2893 = ADVANCED_FACE('',(#2894,#2985,#3019),#3053,.F.);
#2894 = FACE_BOUND('',#2895,.F.);
#2895 = EDGE_LOOP('',(#2896,#2897,#2898,#2906,#2914,#2922,#2930,#2938,
    #2946,#2954,#2962,#2970,#2978,#2984));
#2896 = ORIENTED_EDGE('',*,*,#2821,.T.);
#2897 = ORIENTED_EDGE('',*,*,#2883,.T.);
#2898 = ORIENTED_EDGE('',*,*,#2899,.T.);
#2899 = EDGE_CURVE('',#2876,#2900,#2902,.T.);
#2900 = VERTEX_POINT('',#2901);
#2901 = CARTESIAN_POINT('',(-1.016,-1.27,0.));
#2902 = LINE('',#2903,#2904);
#2903 = CARTESIAN_POINT('',(-1.27,-1.016,0.));
#2904 = VECTOR('',#2905,1.);
#2905 = DIRECTION('',(0.707106781187,-0.707106781187,0.));
#2906 = ORIENTED_EDGE('',*,*,#2907,.T.);
#2907 = EDGE_CURVE('',#2900,#2908,#2910,.T.);
#2908 = VERTEX_POINT('',#2909);
#2909 = CARTESIAN_POINT('',(-1.27,-1.524,0.));
#2910 = LINE('',#2911,#2912);
#2911 = CARTESIAN_POINT('',(-1.016,-1.27,0.));
#2912 = VECTOR('',#2913,1.);
#2913 = DIRECTION('',(-0.707106781187,-0.707106781187,0.));
#2914 = ORIENTED_EDGE('',*,*,#2915,.T.);
#2915 = EDGE_CURVE('',#2908,#2916,#2918,.T.);
#2916 = VERTEX_POINT('',#2917);
#2917 = CARTESIAN_POINT('',(-1.27,-3.556,0.));
#2918 = LINE('',#2919,#2920);
#2919 = CARTESIAN_POINT('',(-1.27,-1.524,0.));
#2920 = VECTOR('',#2921,1.);
#2921 = DIRECTION('',(0.,-1.,0.));
#2922 = ORIENTED_EDGE('',*,*,#2923,.T.);
#2923 = EDGE_CURVE('',#2916,#2924,#2926,.T.);
#2924 = VERTEX_POINT('',#2925);
#2925 = CARTESIAN_POINT('',(-1.016,-3.81,0.));
#2926 = LINE('',#2927,#2928);
#2927 = CARTESIAN_POINT('',(-1.27,-3.556,0.));
#2928 = VECTOR('',#2929,1.);
#2929 = DIRECTION('',(0.707106781187,-0.707106781187,0.));
#2930 = ORIENTED_EDGE('',*,*,#2931,.T.);
#2931 = EDGE_CURVE('',#2924,#2932,#2934,.T.);
#2932 = VERTEX_POINT('',#2933);
#2933 = CARTESIAN_POINT('',(1.016,-3.81,0.));
#2934 = LINE('',#2935,#2936);
#2935 = CARTESIAN_POINT('',(-1.016,-3.81,0.));
#2936 = VECTOR('',#2937,1.);
#2937 = DIRECTION('',(1.,0.,0.));
#2938 = ORIENTED_EDGE('',*,*,#2939,.T.);
#2939 = EDGE_CURVE('',#2932,#2940,#2942,.T.);
#2940 = VERTEX_POINT('',#2941);
#2941 = CARTESIAN_POINT('',(1.27,-3.556,0.));
#2942 = LINE('',#2943,#2944);
#2943 = CARTESIAN_POINT('',(1.016,-3.81,0.));
#2944 = VECTOR('',#2945,1.);
#2945 = DIRECTION('',(0.707106781187,0.707106781187,0.));
#2946 = ORIENTED_EDGE('',*,*,#2947,.T.);
#2947 = EDGE_CURVE('',#2940,#2948,#2950,.T.);
#2948 = VERTEX_POINT('',#2949);
#2949 = CARTESIAN_POINT('',(1.27,-1.524,0.));
#2950 = LINE('',#2951,#2952);
#2951 = CARTESIAN_POINT('',(1.27,-3.556,0.));
#2952 = VECTOR('',#2953,1.);
#2953 = DIRECTION('',(0.,1.,0.));
#2954 = ORIENTED_EDGE('',*,*,#2955,.T.);
#2955 = EDGE_CURVE('',#2948,#2956,#2958,.T.);
#2956 = VERTEX_POINT('',#2957);
#2957 = CARTESIAN_POINT('',(1.016,-1.27,0.));
#2958 = LINE('',#2959,#2960);
#2959 = CARTESIAN_POINT('',(1.27,-1.524,0.));
#2960 = VECTOR('',#2961,1.);
#2961 = DIRECTION('',(-0.707106781187,0.707106781187,0.));
#2962 = ORIENTED_EDGE('',*,*,#2963,.T.);
#2963 = EDGE_CURVE('',#2956,#2964,#2966,.T.);
#2964 = VERTEX_POINT('',#2965);
#2965 = CARTESIAN_POINT('',(1.27,-1.016,0.));
#2966 = LINE('',#2967,#2968);
#2967 = CARTESIAN_POINT('',(1.016,-1.27,0.));
#2968 = VECTOR('',#2969,1.);
#2969 = DIRECTION('',(0.707106781187,0.707106781187,0.));
#2970 = ORIENTED_EDGE('',*,*,#2971,.T.);
#2971 = EDGE_CURVE('',#2964,#2972,#2974,.T.);
#2972 = VERTEX_POINT('',#2973);
#2973 = CARTESIAN_POINT('',(1.27,1.016,0.));
#2974 = LINE('',#2975,#2976);
#2975 = CARTESIAN_POINT('',(1.27,-1.016,0.));
#2976 = VECTOR('',#2977,1.);
#2977 = DIRECTION('',(0.,1.,0.));
#2978 = ORIENTED_EDGE('',*,*,#2979,.T.);
#2979 = EDGE_CURVE('',#2972,#2836,#2980,.T.);
#2980 = LINE('',#2981,#2982);
#2981 = CARTESIAN_POINT('',(1.27,1.016,0.));
#2982 = VECTOR('',#2983,1.);
#2983 = DIRECTION('',(-0.707106781187,0.707106781187,0.));
#2984 = ORIENTED_EDGE('',*,*,#2852,.T.);
#2985 = FACE_BOUND('',#2986,.F.);
#2986 = EDGE_LOOP('',(#2987,#2997,#3005,#3013));
#2987 = ORIENTED_EDGE('',*,*,#2988,.T.);
#2988 = EDGE_CURVE('',#2989,#2991,#2993,.T.);
#2989 = VERTEX_POINT('',#2990);
#2990 = CARTESIAN_POINT('',(0.32,-0.32,0.));
#2991 = VERTEX_POINT('',#2992);
#2992 = CARTESIAN_POINT('',(-0.32,-0.32,0.));
#2993 = LINE('',#2994,#2995);
#2994 = CARTESIAN_POINT('',(-0.16,-0.32,0.));
#2995 = VECTOR('',#2996,1.);
#2996 = DIRECTION('',(-1.,0.,0.));
#2997 = ORIENTED_EDGE('',*,*,#2998,.T.);
#2998 = EDGE_CURVE('',#2991,#2999,#3001,.T.);
#2999 = VERTEX_POINT('',#3000);
#3000 = CARTESIAN_POINT('',(-0.32,0.32,0.));
#3001 = LINE('',#3002,#3003);
#3002 = CARTESIAN_POINT('',(-0.32,-0.795,0.));
#3003 = VECTOR('',#3004,1.);
#3004 = DIRECTION('',(0.,1.,0.));
#3005 = ORIENTED_EDGE('',*,*,#3006,.F.);
#3006 = EDGE_CURVE('',#3007,#2999,#3009,.T.);
#3007 = VERTEX_POINT('',#3008);
#3008 = CARTESIAN_POINT('',(0.32,0.32,0.));
#3009 = LINE('',#3010,#3011);
#3010 = CARTESIAN_POINT('',(-0.16,0.32,0.));
#3011 = VECTOR('',#3012,1.);
#3012 = DIRECTION('',(-1.,0.,0.));
#3013 = ORIENTED_EDGE('',*,*,#3014,.F.);
#3014 = EDGE_CURVE('',#2989,#3007,#3015,.T.);
#3015 = LINE('',#3016,#3017);
#3016 = CARTESIAN_POINT('',(0.32,-0.795,0.));
#3017 = VECTOR('',#3018,1.);
#3018 = DIRECTION('',(0.,1.,0.));
#3019 = FACE_BOUND('',#3020,.F.);
#3020 = EDGE_LOOP('',(#3021,#3031,#3039,#3047));
#3021 = ORIENTED_EDGE('',*,*,#3022,.T.);
#3022 = EDGE_CURVE('',#3023,#3025,#3027,.T.);
#3023 = VERTEX_POINT('',#3024);
#3024 = CARTESIAN_POINT('',(0.32,-2.86,0.));
#3025 = VERTEX_POINT('',#3026);
#3026 = CARTESIAN_POINT('',(-0.32,-2.86,0.));
#3027 = LINE('',#3028,#3029);
#3028 = CARTESIAN_POINT('',(-0.16,-2.86,0.));
#3029 = VECTOR('',#3030,1.);
#3030 = DIRECTION('',(-1.,0.,0.));
#3031 = ORIENTED_EDGE('',*,*,#3032,.T.);
#3032 = EDGE_CURVE('',#3025,#3033,#3035,.T.);
#3033 = VERTEX_POINT('',#3034);
#3034 = CARTESIAN_POINT('',(-0.32,-2.22,0.));
#3035 = LINE('',#3036,#3037);
#3036 = CARTESIAN_POINT('',(-0.32,-2.065,0.));
#3037 = VECTOR('',#3038,1.);
#3038 = DIRECTION('',(0.,1.,0.));
#3039 = ORIENTED_EDGE('',*,*,#3040,.F.);
#3040 = EDGE_CURVE('',#3041,#3033,#3043,.T.);
#3041 = VERTEX_POINT('',#3042);
#3042 = CARTESIAN_POINT('',(0.32,-2.22,0.));
#3043 = LINE('',#3044,#3045);
#3044 = CARTESIAN_POINT('',(-0.16,-2.22,0.));
#3045 = VECTOR('',#3046,1.);
#3046 = DIRECTION('',(-1.,0.,0.));
#3047 = ORIENTED_EDGE('',*,*,#3048,.F.);
#3048 = EDGE_CURVE('',#3023,#3041,#3049,.T.);
#3049 = LINE('',#3050,#3051);
#3050 = CARTESIAN_POINT('',(0.32,-2.065,0.));
#3051 = VECTOR('',#3052,1.);
#3052 = DIRECTION('',(0.,1.,0.));
#3053 = PLANE('',#3054);
#3054 = AXIS2_PLACEMENT_3D('',#3055,#3056,#3057);
#3055 = CARTESIAN_POINT('',(1.473843703412E-17,-1.27,0.));
#3056 = DIRECTION('',(0.,0.,1.));
#3057 = DIRECTION('',(1.,0.,-0.));
#3058 = ADVANCED_FACE('',(#3059,#3150,#3184),#3218,.T.);
#3059 = FACE_BOUND('',#3060,.T.);
#3060 = EDGE_LOOP('',(#3061,#3062,#3063,#3071,#3079,#3087,#3095,#3103,
    #3111,#3119,#3127,#3135,#3143,#3149));
#3061 = ORIENTED_EDGE('',*,*,#2805,.T.);
#3062 = ORIENTED_EDGE('',*,*,#2867,.T.);
#3063 = ORIENTED_EDGE('',*,*,#3064,.T.);
#3064 = EDGE_CURVE('',#2868,#3065,#3067,.T.);
#3065 = VERTEX_POINT('',#3066);
#3066 = CARTESIAN_POINT('',(-1.016,-1.27,2.54));
#3067 = LINE('',#3068,#3069);
#3068 = CARTESIAN_POINT('',(-1.27,-1.016,2.54));
#3069 = VECTOR('',#3070,1.);
#3070 = DIRECTION('',(0.707106781187,-0.707106781187,0.));
#3071 = ORIENTED_EDGE('',*,*,#3072,.T.);
#3072 = EDGE_CURVE('',#3065,#3073,#3075,.T.);
#3073 = VERTEX_POINT('',#3074);
#3074 = CARTESIAN_POINT('',(-1.27,-1.524,2.54));
#3075 = LINE('',#3076,#3077);
#3076 = CARTESIAN_POINT('',(-1.016,-1.27,2.54));
#3077 = VECTOR('',#3078,1.);
#3078 = DIRECTION('',(-0.707106781187,-0.707106781187,0.));
#3079 = ORIENTED_EDGE('',*,*,#3080,.T.);
#3080 = EDGE_CURVE('',#3073,#3081,#3083,.T.);
#3081 = VERTEX_POINT('',#3082);
#3082 = CARTESIAN_POINT('',(-1.27,-3.556,2.54));
#3083 = LINE('',#3084,#3085);
#3084 = CARTESIAN_POINT('',(-1.27,-1.524,2.54));
#3085 = VECTOR('',#3086,1.);
#3086 = DIRECTION('',(0.,-1.,0.));
#3087 = ORIENTED_EDGE('',*,*,#3088,.T.);
#3088 = EDGE_CURVE('',#3081,#3089,#3091,.T.);
#3089 = VERTEX_POINT('',#3090);
#3090 = CARTESIAN_POINT('',(-1.016,-3.81,2.54));
#3091 = LINE('',#3092,#3093);
#3092 = CARTESIAN_POINT('',(-1.27,-3.556,2.54));
#3093 = VECTOR('',#3094,1.);
#3094 = DIRECTION('',(0.707106781187,-0.707106781187,0.));
#3095 = ORIENTED_EDGE('',*,*,#3096,.T.);
#3096 = EDGE_CURVE('',#3089,#3097,#3099,.T.);
#3097 = VERTEX_POINT('',#3098);
#3098 = CARTESIAN_POINT('',(1.016,-3.81,2.54));
#3099 = LINE('',#3100,#3101);
#3100 = CARTESIAN_POINT('',(-1.016,-3.81,2.54));
#3101 = VECTOR('',#3102,1.);
#3102 = DIRECTION('',(1.,0.,0.));
#3103 = ORIENTED_EDGE('',*,*,#3104,.T.);
#3104 = EDGE_CURVE('',#3097,#3105,#3107,.T.);
#3105 = VERTEX_POINT('',#3106);
#3106 = CARTESIAN_POINT('',(1.27,-3.556,2.54));
#3107 = LINE('',#3108,#3109);
#3108 = CARTESIAN_POINT('',(1.016,-3.81,2.54));
#3109 = VECTOR('',#3110,1.);
#3110 = DIRECTION('',(0.707106781187,0.707106781187,0.));
#3111 = ORIENTED_EDGE('',*,*,#3112,.T.);
#3112 = EDGE_CURVE('',#3105,#3113,#3115,.T.);
#3113 = VERTEX_POINT('',#3114);
#3114 = CARTESIAN_POINT('',(1.27,-1.524,2.54));
#3115 = LINE('',#3116,#3117);
#3116 = CARTESIAN_POINT('',(1.27,-3.556,2.54));
#3117 = VECTOR('',#3118,1.);
#3118 = DIRECTION('',(0.,1.,0.));
#3119 = ORIENTED_EDGE('',*,*,#3120,.T.);
#3120 = EDGE_CURVE('',#3113,#3121,#3123,.T.);
#3121 = VERTEX_POINT('',#3122);
#3122 = CARTESIAN_POINT('',(1.016,-1.27,2.54));
#3123 = LINE('',#3124,#3125);
#3124 = CARTESIAN_POINT('',(1.27,-1.524,2.54));
#3125 = VECTOR('',#3126,1.);
#3126 = DIRECTION('',(-0.707106781187,0.707106781187,0.));
#3127 = ORIENTED_EDGE('',*,*,#3128,.T.);
#3128 = EDGE_CURVE('',#3121,#3129,#3131,.T.);
#3129 = VERTEX_POINT('',#3130);
#3130 = CARTESIAN_POINT('',(1.27,-1.016,2.54));
#3131 = LINE('',#3132,#3133);
#3132 = CARTESIAN_POINT('',(1.016,-1.27,2.54));
#3133 = VECTOR('',#3134,1.);
#3134 = DIRECTION('',(0.707106781187,0.707106781187,0.));
#3135 = ORIENTED_EDGE('',*,*,#3136,.T.);
#3136 = EDGE_CURVE('',#3129,#3137,#3139,.T.);
#3137 = VERTEX_POINT('',#3138);
#3138 = CARTESIAN_POINT('',(1.27,1.016,2.54));
#3139 = LINE('',#3140,#3141);
#3140 = CARTESIAN_POINT('',(1.27,-1.016,2.54));
#3141 = VECTOR('',#3142,1.);
#3142 = DIRECTION('',(0.,1.,0.));
#3143 = ORIENTED_EDGE('',*,*,#3144,.T.);
#3144 = EDGE_CURVE('',#3137,#2838,#3145,.T.);
#3145 = LINE('',#3146,#3147);
#3146 = CARTESIAN_POINT('',(1.27,1.016,2.54));
#3147 = VECTOR('',#3148,1.);
#3148 = DIRECTION('',(-0.707106781187,0.707106781187,0.));
#3149 = ORIENTED_EDGE('',*,*,#2845,.T.);
#3150 = FACE_BOUND('',#3151,.T.);
#3151 = EDGE_LOOP('',(#3152,#3162,#3170,#3178));
#3152 = ORIENTED_EDGE('',*,*,#3153,.T.);
#3153 = EDGE_CURVE('',#3154,#3156,#3158,.T.);
#3154 = VERTEX_POINT('',#3155);
#3155 = CARTESIAN_POINT('',(0.32,-0.32,2.54));
#3156 = VERTEX_POINT('',#3157);
#3157 = CARTESIAN_POINT('',(-0.32,-0.32,2.54));
#3158 = LINE('',#3159,#3160);
#3159 = CARTESIAN_POINT('',(-0.16,-0.32,2.54));
#3160 = VECTOR('',#3161,1.);
#3161 = DIRECTION('',(-1.,0.,0.));
#3162 = ORIENTED_EDGE('',*,*,#3163,.T.);
#3163 = EDGE_CURVE('',#3156,#3164,#3166,.T.);
#3164 = VERTEX_POINT('',#3165);
#3165 = CARTESIAN_POINT('',(-0.32,0.32,2.54));
#3166 = LINE('',#3167,#3168);
#3167 = CARTESIAN_POINT('',(-0.32,-0.795,2.54));
#3168 = VECTOR('',#3169,1.);
#3169 = DIRECTION('',(0.,1.,0.));
#3170 = ORIENTED_EDGE('',*,*,#3171,.F.);
#3171 = EDGE_CURVE('',#3172,#3164,#3174,.T.);
#3172 = VERTEX_POINT('',#3173);
#3173 = CARTESIAN_POINT('',(0.32,0.32,2.54));
#3174 = LINE('',#3175,#3176);
#3175 = CARTESIAN_POINT('',(-0.16,0.32,2.54));
#3176 = VECTOR('',#3177,1.);
#3177 = DIRECTION('',(-1.,0.,0.));
#3178 = ORIENTED_EDGE('',*,*,#3179,.F.);
#3179 = EDGE_CURVE('',#3154,#3172,#3180,.T.);
#3180 = LINE('',#3181,#3182);
#3181 = CARTESIAN_POINT('',(0.32,-0.795,2.54));
#3182 = VECTOR('',#3183,1.);
#3183 = DIRECTION('',(0.,1.,0.));
#3184 = FACE_BOUND('',#3185,.T.);
#3185 = EDGE_LOOP('',(#3186,#3196,#3204,#3212));
#3186 = ORIENTED_EDGE('',*,*,#3187,.T.);
#3187 = EDGE_CURVE('',#3188,#3190,#3192,.T.);
#3188 = VERTEX_POINT('',#3189);
#3189 = CARTESIAN_POINT('',(0.32,-2.86,2.54));
#3190 = VERTEX_POINT('',#3191);
#3191 = CARTESIAN_POINT('',(-0.32,-2.86,2.54));
#3192 = LINE('',#3193,#3194);
#3193 = CARTESIAN_POINT('',(-0.16,-2.86,2.54));
#3194 = VECTOR('',#3195,1.);
#3195 = DIRECTION('',(-1.,0.,0.));
#3196 = ORIENTED_EDGE('',*,*,#3197,.T.);
#3197 = EDGE_CURVE('',#3190,#3198,#3200,.T.);
#3198 = VERTEX_POINT('',#3199);
#3199 = CARTESIAN_POINT('',(-0.32,-2.22,2.54));
#3200 = LINE('',#3201,#3202);
#3201 = CARTESIAN_POINT('',(-0.32,-2.065,2.54));
#3202 = VECTOR('',#3203,1.);
#3203 = DIRECTION('',(0.,1.,0.));
#3204 = ORIENTED_EDGE('',*,*,#3205,.F.);
#3205 = EDGE_CURVE('',#3206,#3198,#3208,.T.);
#3206 = VERTEX_POINT('',#3207);
#3207 = CARTESIAN_POINT('',(0.32,-2.22,2.54));
#3208 = LINE('',#3209,#3210);
#3209 = CARTESIAN_POINT('',(-0.16,-2.22,2.54));
#3210 = VECTOR('',#3211,1.);
#3211 = DIRECTION('',(-1.,0.,0.));
#3212 = ORIENTED_EDGE('',*,*,#3213,.F.);
#3213 = EDGE_CURVE('',#3188,#3206,#3214,.T.);
#3214 = LINE('',#3215,#3216);
#3215 = CARTESIAN_POINT('',(0.32,-2.065,2.54));
#3216 = VECTOR('',#3217,1.);
#3217 = DIRECTION('',(0.,1.,0.));
#3218 = PLANE('',#3219);
#3219 = AXIS2_PLACEMENT_3D('',#3220,#3221,#3222);
#3220 = CARTESIAN_POINT('',(1.473843703412E-17,-1.27,2.54));
#3221 = DIRECTION('',(0.,0.,1.));
#3222 = DIRECTION('',(1.,0.,-0.));
#3223 = ADVANCED_FACE('',(#3224),#3235,.F.);
#3224 = FACE_BOUND('',#3225,.F.);
#3225 = EDGE_LOOP('',(#3226,#3232,#3233,#3234));
#3226 = ORIENTED_EDGE('',*,*,#3227,.T.);
#3227 = EDGE_CURVE('',#2972,#3137,#3228,.T.);
#3228 = LINE('',#3229,#3230);
#3229 = CARTESIAN_POINT('',(1.27,1.016,0.));
#3230 = VECTOR('',#3231,1.);
#3231 = DIRECTION('',(0.,0.,1.));
#3232 = ORIENTED_EDGE('',*,*,#3144,.T.);
#3233 = ORIENTED_EDGE('',*,*,#2835,.F.);
#3234 = ORIENTED_EDGE('',*,*,#2979,.F.);
#3235 = PLANE('',#3236);
#3236 = AXIS2_PLACEMENT_3D('',#3237,#3238,#3239);
#3237 = CARTESIAN_POINT('',(1.27,1.016,0.));
#3238 = DIRECTION('',(-0.707106781187,-0.707106781187,0.));
#3239 = DIRECTION('',(-0.707106781187,0.707106781187,0.));
#3240 = ADVANCED_FACE('',(#3241),#3252,.F.);
#3241 = FACE_BOUND('',#3242,.F.);
#3242 = EDGE_LOOP('',(#3243,#3244,#3245,#3251));
#3243 = ORIENTED_EDGE('',*,*,#2875,.T.);
#3244 = ORIENTED_EDGE('',*,*,#3064,.T.);
#3245 = ORIENTED_EDGE('',*,*,#3246,.F.);
#3246 = EDGE_CURVE('',#2900,#3065,#3247,.T.);
#3247 = LINE('',#3248,#3249);
#3248 = CARTESIAN_POINT('',(-1.016,-1.27,0.));
#3249 = VECTOR('',#3250,1.);
#3250 = DIRECTION('',(0.,0.,1.));
#3251 = ORIENTED_EDGE('',*,*,#2899,.F.);
#3252 = PLANE('',#3253);
#3253 = AXIS2_PLACEMENT_3D('',#3254,#3255,#3256);
#3254 = CARTESIAN_POINT('',(-1.27,-1.016,0.));
#3255 = DIRECTION('',(0.707106781187,0.707106781187,0.));
#3256 = DIRECTION('',(0.707106781187,-0.707106781187,0.));
#3257 = ADVANCED_FACE('',(#3258),#3269,.F.);
#3258 = FACE_BOUND('',#3259,.F.);
#3259 = EDGE_LOOP('',(#3260,#3266,#3267,#3268));
#3260 = ORIENTED_EDGE('',*,*,#3261,.T.);
#3261 = EDGE_CURVE('',#2964,#3129,#3262,.T.);
#3262 = LINE('',#3263,#3264);
#3263 = CARTESIAN_POINT('',(1.27,-1.016,0.));
#3264 = VECTOR('',#3265,1.);
#3265 = DIRECTION('',(0.,0.,1.));
#3266 = ORIENTED_EDGE('',*,*,#3136,.T.);
#3267 = ORIENTED_EDGE('',*,*,#3227,.F.);
#3268 = ORIENTED_EDGE('',*,*,#2971,.F.);
#3269 = PLANE('',#3270);
#3270 = AXIS2_PLACEMENT_3D('',#3271,#3272,#3273);
#3271 = CARTESIAN_POINT('',(1.27,-1.016,0.));
#3272 = DIRECTION('',(-1.,0.,0.));
#3273 = DIRECTION('',(0.,1.,0.));
#3274 = ADVANCED_FACE('',(#3275),#3286,.F.);
#3275 = FACE_BOUND('',#3276,.F.);
#3276 = EDGE_LOOP('',(#3277,#3278,#3279,#3285));
#3277 = ORIENTED_EDGE('',*,*,#3246,.T.);
#3278 = ORIENTED_EDGE('',*,*,#3072,.T.);
#3279 = ORIENTED_EDGE('',*,*,#3280,.F.);
#3280 = EDGE_CURVE('',#2908,#3073,#3281,.T.);
#3281 = LINE('',#3282,#3283);
#3282 = CARTESIAN_POINT('',(-1.27,-1.524,0.));
#3283 = VECTOR('',#3284,1.);
#3284 = DIRECTION('',(0.,0.,1.));
#3285 = ORIENTED_EDGE('',*,*,#2907,.F.);
#3286 = PLANE('',#3287);
#3287 = AXIS2_PLACEMENT_3D('',#3288,#3289,#3290);
#3288 = CARTESIAN_POINT('',(-1.016,-1.27,0.));
#3289 = DIRECTION('',(0.707106781187,-0.707106781187,0.));
#3290 = DIRECTION('',(-0.707106781187,-0.707106781187,0.));
#3291 = ADVANCED_FACE('',(#3292),#3303,.F.);
#3292 = FACE_BOUND('',#3293,.F.);
#3293 = EDGE_LOOP('',(#3294,#3300,#3301,#3302));
#3294 = ORIENTED_EDGE('',*,*,#3295,.T.);
#3295 = EDGE_CURVE('',#2956,#3121,#3296,.T.);
#3296 = LINE('',#3297,#3298);
#3297 = CARTESIAN_POINT('',(1.016,-1.27,0.));
#3298 = VECTOR('',#3299,1.);
#3299 = DIRECTION('',(0.,0.,1.));
#3300 = ORIENTED_EDGE('',*,*,#3128,.T.);
#3301 = ORIENTED_EDGE('',*,*,#3261,.F.);
#3302 = ORIENTED_EDGE('',*,*,#2963,.F.);
#3303 = PLANE('',#3304);
#3304 = AXIS2_PLACEMENT_3D('',#3305,#3306,#3307);
#3305 = CARTESIAN_POINT('',(1.016,-1.27,0.));
#3306 = DIRECTION('',(-0.707106781187,0.707106781187,0.));
#3307 = DIRECTION('',(0.707106781187,0.707106781187,0.));
#3308 = ADVANCED_FACE('',(#3309),#3320,.F.);
#3309 = FACE_BOUND('',#3310,.F.);
#3310 = EDGE_LOOP('',(#3311,#3312,#3313,#3319));
#3311 = ORIENTED_EDGE('',*,*,#3280,.T.);
#3312 = ORIENTED_EDGE('',*,*,#3080,.T.);
#3313 = ORIENTED_EDGE('',*,*,#3314,.F.);
#3314 = EDGE_CURVE('',#2916,#3081,#3315,.T.);
#3315 = LINE('',#3316,#3317);
#3316 = CARTESIAN_POINT('',(-1.27,-3.556,0.));
#3317 = VECTOR('',#3318,1.);
#3318 = DIRECTION('',(0.,0.,1.));
#3319 = ORIENTED_EDGE('',*,*,#2915,.F.);
#3320 = PLANE('',#3321);
#3321 = AXIS2_PLACEMENT_3D('',#3322,#3323,#3324);
#3322 = CARTESIAN_POINT('',(-1.27,-1.524,0.));
#3323 = DIRECTION('',(1.,0.,0.));
#3324 = DIRECTION('',(0.,-1.,0.));
#3325 = ADVANCED_FACE('',(#3326),#3337,.F.);
#3326 = FACE_BOUND('',#3327,.F.);
#3327 = EDGE_LOOP('',(#3328,#3334,#3335,#3336));
#3328 = ORIENTED_EDGE('',*,*,#3329,.T.);
#3329 = EDGE_CURVE('',#2948,#3113,#3330,.T.);
#3330 = LINE('',#3331,#3332);
#3331 = CARTESIAN_POINT('',(1.27,-1.524,0.));
#3332 = VECTOR('',#3333,1.);
#3333 = DIRECTION('',(0.,0.,1.));
#3334 = ORIENTED_EDGE('',*,*,#3120,.T.);
#3335 = ORIENTED_EDGE('',*,*,#3295,.F.);
#3336 = ORIENTED_EDGE('',*,*,#2955,.F.);
#3337 = PLANE('',#3338);
#3338 = AXIS2_PLACEMENT_3D('',#3339,#3340,#3341);
#3339 = CARTESIAN_POINT('',(1.27,-1.524,0.));
#3340 = DIRECTION('',(-0.707106781187,-0.707106781187,0.));
#3341 = DIRECTION('',(-0.707106781187,0.707106781187,0.));
#3342 = ADVANCED_FACE('',(#3343),#3354,.F.);
#3343 = FACE_BOUND('',#3344,.F.);
#3344 = EDGE_LOOP('',(#3345,#3346,#3347,#3353));
#3345 = ORIENTED_EDGE('',*,*,#3314,.T.);
#3346 = ORIENTED_EDGE('',*,*,#3088,.T.);
#3347 = ORIENTED_EDGE('',*,*,#3348,.F.);
#3348 = EDGE_CURVE('',#2924,#3089,#3349,.T.);
#3349 = LINE('',#3350,#3351);
#3350 = CARTESIAN_POINT('',(-1.016,-3.81,0.));
#3351 = VECTOR('',#3352,1.);
#3352 = DIRECTION('',(0.,0.,1.));
#3353 = ORIENTED_EDGE('',*,*,#2923,.F.);
#3354 = PLANE('',#3355);
#3355 = AXIS2_PLACEMENT_3D('',#3356,#3357,#3358);
#3356 = CARTESIAN_POINT('',(-1.27,-3.556,0.));
#3357 = DIRECTION('',(0.707106781187,0.707106781187,0.));
#3358 = DIRECTION('',(0.707106781187,-0.707106781187,0.));
#3359 = ADVANCED_FACE('',(#3360),#3371,.F.);
#3360 = FACE_BOUND('',#3361,.F.);
#3361 = EDGE_LOOP('',(#3362,#3368,#3369,#3370));
#3362 = ORIENTED_EDGE('',*,*,#3363,.T.);
#3363 = EDGE_CURVE('',#2940,#3105,#3364,.T.);
#3364 = LINE('',#3365,#3366);
#3365 = CARTESIAN_POINT('',(1.27,-3.556,0.));
#3366 = VECTOR('',#3367,1.);
#3367 = DIRECTION('',(0.,0.,1.));
#3368 = ORIENTED_EDGE('',*,*,#3112,.T.);
#3369 = ORIENTED_EDGE('',*,*,#3329,.F.);
#3370 = ORIENTED_EDGE('',*,*,#2947,.F.);
#3371 = PLANE('',#3372);
#3372 = AXIS2_PLACEMENT_3D('',#3373,#3374,#3375);
#3373 = CARTESIAN_POINT('',(1.27,-3.556,0.));
#3374 = DIRECTION('',(-1.,0.,0.));
#3375 = DIRECTION('',(0.,1.,0.));
#3376 = ADVANCED_FACE('',(#3377),#3388,.F.);
#3377 = FACE_BOUND('',#3378,.F.);
#3378 = EDGE_LOOP('',(#3379,#3380,#3381,#3387));
#3379 = ORIENTED_EDGE('',*,*,#3348,.T.);
#3380 = ORIENTED_EDGE('',*,*,#3096,.T.);
#3381 = ORIENTED_EDGE('',*,*,#3382,.F.);
#3382 = EDGE_CURVE('',#2932,#3097,#3383,.T.);
#3383 = LINE('',#3384,#3385);
#3384 = CARTESIAN_POINT('',(1.016,-3.81,0.));
#3385 = VECTOR('',#3386,1.);
#3386 = DIRECTION('',(0.,0.,1.));
#3387 = ORIENTED_EDGE('',*,*,#2931,.F.);
#3388 = PLANE('',#3389);
#3389 = AXIS2_PLACEMENT_3D('',#3390,#3391,#3392);
#3390 = CARTESIAN_POINT('',(-1.016,-3.81,0.));
#3391 = DIRECTION('',(0.,1.,0.));
#3392 = DIRECTION('',(1.,0.,0.));
#3393 = ADVANCED_FACE('',(#3394),#3400,.F.);
#3394 = FACE_BOUND('',#3395,.F.);
#3395 = EDGE_LOOP('',(#3396,#3397,#3398,#3399));
#3396 = ORIENTED_EDGE('',*,*,#3382,.T.);
#3397 = ORIENTED_EDGE('',*,*,#3104,.T.);
#3398 = ORIENTED_EDGE('',*,*,#3363,.F.);
#3399 = ORIENTED_EDGE('',*,*,#2939,.F.);
#3400 = PLANE('',#3401);
#3401 = AXIS2_PLACEMENT_3D('',#3402,#3403,#3404);
#3402 = CARTESIAN_POINT('',(1.016,-3.81,0.));
#3403 = DIRECTION('',(-0.707106781187,0.707106781187,0.));
#3404 = DIRECTION('',(0.707106781187,0.707106781187,0.));
#3405 = ADVANCED_FACE('',(#3406),#3431,.F.);
#3406 = FACE_BOUND('',#3407,.F.);
#3407 = EDGE_LOOP('',(#3408,#3416,#3424,#3430));
#3408 = ORIENTED_EDGE('',*,*,#3409,.F.);
#3409 = EDGE_CURVE('',#3410,#2989,#3412,.T.);
#3410 = VERTEX_POINT('',#3411);
#3411 = CARTESIAN_POINT('',(0.32,-0.32,-2.84));
#3412 = LINE('',#3413,#3414);
#3413 = CARTESIAN_POINT('',(0.32,-0.32,-3.));
#3414 = VECTOR('',#3415,1.);
#3415 = DIRECTION('',(0.,0.,1.));
#3416 = ORIENTED_EDGE('',*,*,#3417,.F.);
#3417 = EDGE_CURVE('',#3418,#3410,#3420,.T.);
#3418 = VERTEX_POINT('',#3419);
#3419 = CARTESIAN_POINT('',(-0.32,-0.32,-2.84));
#3420 = LINE('',#3421,#3422);
#3421 = CARTESIAN_POINT('',(-0.32,-0.32,-2.84));
#3422 = VECTOR('',#3423,1.);
#3423 = DIRECTION('',(1.,0.,0.));
#3424 = ORIENTED_EDGE('',*,*,#3425,.T.);
#3425 = EDGE_CURVE('',#3418,#2991,#3426,.T.);
#3426 = LINE('',#3427,#3428);
#3427 = CARTESIAN_POINT('',(-0.32,-0.32,-3.));
#3428 = VECTOR('',#3429,1.);
#3429 = DIRECTION('',(0.,0.,1.));
#3430 = ORIENTED_EDGE('',*,*,#2988,.F.);
#3431 = PLANE('',#3432);
#3432 = AXIS2_PLACEMENT_3D('',#3433,#3434,#3435);
#3433 = CARTESIAN_POINT('',(-0.32,-0.32,-3.));
#3434 = DIRECTION('',(0.,1.,0.));
#3435 = DIRECTION('',(0.,-0.,1.));
#3436 = ADVANCED_FACE('',(#3437),#3455,.T.);
#3437 = FACE_BOUND('',#3438,.T.);
#3438 = EDGE_LOOP('',(#3439,#3440,#3448,#3454));
#3439 = ORIENTED_EDGE('',*,*,#3409,.F.);
#3440 = ORIENTED_EDGE('',*,*,#3441,.T.);
#3441 = EDGE_CURVE('',#3410,#3442,#3444,.T.);
#3442 = VERTEX_POINT('',#3443);
#3443 = CARTESIAN_POINT('',(0.32,0.32,-2.84));
#3444 = LINE('',#3445,#3446);
#3445 = CARTESIAN_POINT('',(0.32,-0.32,-2.84));
#3446 = VECTOR('',#3447,1.);
#3447 = DIRECTION('',(0.,1.,0.));
#3448 = ORIENTED_EDGE('',*,*,#3449,.T.);
#3449 = EDGE_CURVE('',#3442,#3007,#3450,.T.);
#3450 = LINE('',#3451,#3452);
#3451 = CARTESIAN_POINT('',(0.32,0.32,-3.));
#3452 = VECTOR('',#3453,1.);
#3453 = DIRECTION('',(0.,0.,1.));
#3454 = ORIENTED_EDGE('',*,*,#3014,.F.);
#3455 = PLANE('',#3456);
#3456 = AXIS2_PLACEMENT_3D('',#3457,#3458,#3459);
#3457 = CARTESIAN_POINT('',(0.32,-0.32,-3.));
#3458 = DIRECTION('',(1.,0.,0.));
#3459 = DIRECTION('',(0.,0.,1.));
#3460 = ADVANCED_FACE('',(#3461),#3479,.T.);
#3461 = FACE_BOUND('',#3462,.T.);
#3462 = EDGE_LOOP('',(#3463,#3464,#3472,#3478));
#3463 = ORIENTED_EDGE('',*,*,#3449,.F.);
#3464 = ORIENTED_EDGE('',*,*,#3465,.F.);
#3465 = EDGE_CURVE('',#3466,#3442,#3468,.T.);
#3466 = VERTEX_POINT('',#3467);
#3467 = CARTESIAN_POINT('',(-0.32,0.32,-2.84));
#3468 = LINE('',#3469,#3470);
#3469 = CARTESIAN_POINT('',(-0.32,0.32,-2.84));
#3470 = VECTOR('',#3471,1.);
#3471 = DIRECTION('',(1.,0.,0.));
#3472 = ORIENTED_EDGE('',*,*,#3473,.T.);
#3473 = EDGE_CURVE('',#3466,#2999,#3474,.T.);
#3474 = LINE('',#3475,#3476);
#3475 = CARTESIAN_POINT('',(-0.32,0.32,-3.));
#3476 = VECTOR('',#3477,1.);
#3477 = DIRECTION('',(0.,0.,1.));
#3478 = ORIENTED_EDGE('',*,*,#3006,.F.);
#3479 = PLANE('',#3480);
#3480 = AXIS2_PLACEMENT_3D('',#3481,#3482,#3483);
#3481 = CARTESIAN_POINT('',(-0.32,0.32,-3.));
#3482 = DIRECTION('',(0.,1.,0.));
#3483 = DIRECTION('',(0.,-0.,1.));
#3484 = ADVANCED_FACE('',(#3485),#3496,.F.);
#3485 = FACE_BOUND('',#3486,.F.);
#3486 = EDGE_LOOP('',(#3487,#3488,#3494,#3495));
#3487 = ORIENTED_EDGE('',*,*,#3425,.F.);
#3488 = ORIENTED_EDGE('',*,*,#3489,.T.);
#3489 = EDGE_CURVE('',#3418,#3466,#3490,.T.);
#3490 = LINE('',#3491,#3492);
#3491 = CARTESIAN_POINT('',(-0.32,-0.32,-2.84));
#3492 = VECTOR('',#3493,1.);
#3493 = DIRECTION('',(0.,1.,0.));
#3494 = ORIENTED_EDGE('',*,*,#3473,.T.);
#3495 = ORIENTED_EDGE('',*,*,#2998,.F.);
#3496 = PLANE('',#3497);
#3497 = AXIS2_PLACEMENT_3D('',#3498,#3499,#3500);
#3498 = CARTESIAN_POINT('',(-0.32,-0.32,-3.));
#3499 = DIRECTION('',(1.,0.,0.));
#3500 = DIRECTION('',(0.,0.,1.));
#3501 = ADVANCED_FACE('',(#3502),#3527,.F.);
#3502 = FACE_BOUND('',#3503,.F.);
#3503 = EDGE_LOOP('',(#3504,#3512,#3520,#3526));
#3504 = ORIENTED_EDGE('',*,*,#3505,.F.);
#3505 = EDGE_CURVE('',#3506,#3023,#3508,.T.);
#3506 = VERTEX_POINT('',#3507);
#3507 = CARTESIAN_POINT('',(0.32,-2.86,-2.84));
#3508 = LINE('',#3509,#3510);
#3509 = CARTESIAN_POINT('',(0.32,-2.86,-3.));
#3510 = VECTOR('',#3511,1.);
#3511 = DIRECTION('',(0.,0.,1.));
#3512 = ORIENTED_EDGE('',*,*,#3513,.F.);
#3513 = EDGE_CURVE('',#3514,#3506,#3516,.T.);
#3514 = VERTEX_POINT('',#3515);
#3515 = CARTESIAN_POINT('',(-0.32,-2.86,-2.84));
#3516 = LINE('',#3517,#3518);
#3517 = CARTESIAN_POINT('',(-0.32,-2.86,-2.84));
#3518 = VECTOR('',#3519,1.);
#3519 = DIRECTION('',(1.,0.,0.));
#3520 = ORIENTED_EDGE('',*,*,#3521,.T.);
#3521 = EDGE_CURVE('',#3514,#3025,#3522,.T.);
#3522 = LINE('',#3523,#3524);
#3523 = CARTESIAN_POINT('',(-0.32,-2.86,-3.));
#3524 = VECTOR('',#3525,1.);
#3525 = DIRECTION('',(0.,0.,1.));
#3526 = ORIENTED_EDGE('',*,*,#3022,.F.);
#3527 = PLANE('',#3528);
#3528 = AXIS2_PLACEMENT_3D('',#3529,#3530,#3531);
#3529 = CARTESIAN_POINT('',(-0.32,-2.86,-3.));
#3530 = DIRECTION('',(0.,1.,0.));
#3531 = DIRECTION('',(0.,-0.,1.));
#3532 = ADVANCED_FACE('',(#3533),#3551,.T.);
#3533 = FACE_BOUND('',#3534,.T.);
#3534 = EDGE_LOOP('',(#3535,#3536,#3544,#3550));
#3535 = ORIENTED_EDGE('',*,*,#3505,.F.);
#3536 = ORIENTED_EDGE('',*,*,#3537,.T.);
#3537 = EDGE_CURVE('',#3506,#3538,#3540,.T.);
#3538 = VERTEX_POINT('',#3539);
#3539 = CARTESIAN_POINT('',(0.32,-2.22,-2.84));
#3540 = LINE('',#3541,#3542);
#3541 = CARTESIAN_POINT('',(0.32,-2.86,-2.84));
#3542 = VECTOR('',#3543,1.);
#3543 = DIRECTION('',(0.,1.,0.));
#3544 = ORIENTED_EDGE('',*,*,#3545,.T.);
#3545 = EDGE_CURVE('',#3538,#3041,#3546,.T.);
#3546 = LINE('',#3547,#3548);
#3547 = CARTESIAN_POINT('',(0.32,-2.22,-3.));
#3548 = VECTOR('',#3549,1.);
#3549 = DIRECTION('',(0.,0.,1.));
#3550 = ORIENTED_EDGE('',*,*,#3048,.F.);
#3551 = PLANE('',#3552);
#3552 = AXIS2_PLACEMENT_3D('',#3553,#3554,#3555);
#3553 = CARTESIAN_POINT('',(0.32,-2.86,-3.));
#3554 = DIRECTION('',(1.,0.,0.));
#3555 = DIRECTION('',(0.,0.,1.));
#3556 = ADVANCED_FACE('',(#3557),#3575,.T.);
#3557 = FACE_BOUND('',#3558,.T.);
#3558 = EDGE_LOOP('',(#3559,#3560,#3568,#3574));
#3559 = ORIENTED_EDGE('',*,*,#3545,.F.);
#3560 = ORIENTED_EDGE('',*,*,#3561,.F.);
#3561 = EDGE_CURVE('',#3562,#3538,#3564,.T.);
#3562 = VERTEX_POINT('',#3563);
#3563 = CARTESIAN_POINT('',(-0.32,-2.22,-2.84));
#3564 = LINE('',#3565,#3566);
#3565 = CARTESIAN_POINT('',(-0.32,-2.22,-2.84));
#3566 = VECTOR('',#3567,1.);
#3567 = DIRECTION('',(1.,0.,0.));
#3568 = ORIENTED_EDGE('',*,*,#3569,.T.);
#3569 = EDGE_CURVE('',#3562,#3033,#3570,.T.);
#3570 = LINE('',#3571,#3572);
#3571 = CARTESIAN_POINT('',(-0.32,-2.22,-3.));
#3572 = VECTOR('',#3573,1.);
#3573 = DIRECTION('',(0.,0.,1.));
#3574 = ORIENTED_EDGE('',*,*,#3040,.F.);
#3575 = PLANE('',#3576);
#3576 = AXIS2_PLACEMENT_3D('',#3577,#3578,#3579);
#3577 = CARTESIAN_POINT('',(-0.32,-2.22,-3.));
#3578 = DIRECTION('',(0.,1.,0.));
#3579 = DIRECTION('',(0.,-0.,1.));
#3580 = ADVANCED_FACE('',(#3581),#3592,.F.);
#3581 = FACE_BOUND('',#3582,.F.);
#3582 = EDGE_LOOP('',(#3583,#3584,#3590,#3591));
#3583 = ORIENTED_EDGE('',*,*,#3521,.F.);
#3584 = ORIENTED_EDGE('',*,*,#3585,.T.);
#3585 = EDGE_CURVE('',#3514,#3562,#3586,.T.);
#3586 = LINE('',#3587,#3588);
#3587 = CARTESIAN_POINT('',(-0.32,-2.86,-2.84));
#3588 = VECTOR('',#3589,1.);
#3589 = DIRECTION('',(0.,1.,0.));
#3590 = ORIENTED_EDGE('',*,*,#3569,.T.);
#3591 = ORIENTED_EDGE('',*,*,#3032,.F.);
#3592 = PLANE('',#3593);
#3593 = AXIS2_PLACEMENT_3D('',#3594,#3595,#3596);
#3594 = CARTESIAN_POINT('',(-0.32,-2.86,-3.));
#3595 = DIRECTION('',(1.,0.,0.));
#3596 = DIRECTION('',(0.,0.,1.));
#3597 = ADVANCED_FACE('',(#3598),#3623,.F.);
#3598 = FACE_BOUND('',#3599,.F.);
#3599 = EDGE_LOOP('',(#3600,#3608,#3609,#3617));
#3600 = ORIENTED_EDGE('',*,*,#3601,.F.);
#3601 = EDGE_CURVE('',#3154,#3602,#3604,.T.);
#3602 = VERTEX_POINT('',#3603);
#3603 = CARTESIAN_POINT('',(0.32,-0.32,8.38));
#3604 = LINE('',#3605,#3606);
#3605 = CARTESIAN_POINT('',(0.32,-0.32,-3.));
#3606 = VECTOR('',#3607,1.);
#3607 = DIRECTION('',(0.,0.,1.));
#3608 = ORIENTED_EDGE('',*,*,#3153,.T.);
#3609 = ORIENTED_EDGE('',*,*,#3610,.T.);
#3610 = EDGE_CURVE('',#3156,#3611,#3613,.T.);
#3611 = VERTEX_POINT('',#3612);
#3612 = CARTESIAN_POINT('',(-0.32,-0.32,8.38));
#3613 = LINE('',#3614,#3615);
#3614 = CARTESIAN_POINT('',(-0.32,-0.32,-3.));
#3615 = VECTOR('',#3616,1.);
#3616 = DIRECTION('',(0.,0.,1.));
#3617 = ORIENTED_EDGE('',*,*,#3618,.T.);
#3618 = EDGE_CURVE('',#3611,#3602,#3619,.T.);
#3619 = LINE('',#3620,#3621);
#3620 = CARTESIAN_POINT('',(-0.32,-0.32,8.38));
#3621 = VECTOR('',#3622,1.);
#3622 = DIRECTION('',(1.,0.,0.));
#3623 = PLANE('',#3624);
#3624 = AXIS2_PLACEMENT_3D('',#3625,#3626,#3627);
#3625 = CARTESIAN_POINT('',(-0.32,-0.32,-3.));
#3626 = DIRECTION('',(0.,1.,0.));
#3627 = DIRECTION('',(0.,-0.,1.));
#3628 = ADVANCED_FACE('',(#3629),#3647,.T.);
#3629 = FACE_BOUND('',#3630,.T.);
#3630 = EDGE_LOOP('',(#3631,#3632,#3633,#3641));
#3631 = ORIENTED_EDGE('',*,*,#3601,.F.);
#3632 = ORIENTED_EDGE('',*,*,#3179,.T.);
#3633 = ORIENTED_EDGE('',*,*,#3634,.T.);
#3634 = EDGE_CURVE('',#3172,#3635,#3637,.T.);
#3635 = VERTEX_POINT('',#3636);
#3636 = CARTESIAN_POINT('',(0.32,0.32,8.38));
#3637 = LINE('',#3638,#3639);
#3638 = CARTESIAN_POINT('',(0.32,0.32,-3.));
#3639 = VECTOR('',#3640,1.);
#3640 = DIRECTION('',(0.,0.,1.));
#3641 = ORIENTED_EDGE('',*,*,#3642,.F.);
#3642 = EDGE_CURVE('',#3602,#3635,#3643,.T.);
#3643 = LINE('',#3644,#3645);
#3644 = CARTESIAN_POINT('',(0.32,-0.32,8.38));
#3645 = VECTOR('',#3646,1.);
#3646 = DIRECTION('',(0.,1.,0.));
#3647 = PLANE('',#3648);
#3648 = AXIS2_PLACEMENT_3D('',#3649,#3650,#3651);
#3649 = CARTESIAN_POINT('',(0.32,-0.32,-3.));
#3650 = DIRECTION('',(1.,0.,0.));
#3651 = DIRECTION('',(0.,0.,1.));
#3652 = ADVANCED_FACE('',(#3653),#3671,.T.);
#3653 = FACE_BOUND('',#3654,.T.);
#3654 = EDGE_LOOP('',(#3655,#3656,#3657,#3665));
#3655 = ORIENTED_EDGE('',*,*,#3634,.F.);
#3656 = ORIENTED_EDGE('',*,*,#3171,.T.);
#3657 = ORIENTED_EDGE('',*,*,#3658,.T.);
#3658 = EDGE_CURVE('',#3164,#3659,#3661,.T.);
#3659 = VERTEX_POINT('',#3660);
#3660 = CARTESIAN_POINT('',(-0.32,0.32,8.38));
#3661 = LINE('',#3662,#3663);
#3662 = CARTESIAN_POINT('',(-0.32,0.32,-3.));
#3663 = VECTOR('',#3664,1.);
#3664 = DIRECTION('',(0.,0.,1.));
#3665 = ORIENTED_EDGE('',*,*,#3666,.T.);
#3666 = EDGE_CURVE('',#3659,#3635,#3667,.T.);
#3667 = LINE('',#3668,#3669);
#3668 = CARTESIAN_POINT('',(-0.32,0.32,8.38));
#3669 = VECTOR('',#3670,1.);
#3670 = DIRECTION('',(1.,0.,0.));
#3671 = PLANE('',#3672);
#3672 = AXIS2_PLACEMENT_3D('',#3673,#3674,#3675);
#3673 = CARTESIAN_POINT('',(-0.32,0.32,-3.));
#3674 = DIRECTION('',(0.,1.,0.));
#3675 = DIRECTION('',(0.,-0.,1.));
#3676 = ADVANCED_FACE('',(#3677),#3688,.F.);
#3677 = FACE_BOUND('',#3678,.F.);
#3678 = EDGE_LOOP('',(#3679,#3680,#3681,#3682));
#3679 = ORIENTED_EDGE('',*,*,#3610,.F.);
#3680 = ORIENTED_EDGE('',*,*,#3163,.T.);
#3681 = ORIENTED_EDGE('',*,*,#3658,.T.);
#3682 = ORIENTED_EDGE('',*,*,#3683,.F.);
#3683 = EDGE_CURVE('',#3611,#3659,#3684,.T.);
#3684 = LINE('',#3685,#3686);
#3685 = CARTESIAN_POINT('',(-0.32,-0.32,8.38));
#3686 = VECTOR('',#3687,1.);
#3687 = DIRECTION('',(0.,1.,0.));
#3688 = PLANE('',#3689);
#3689 = AXIS2_PLACEMENT_3D('',#3690,#3691,#3692);
#3690 = CARTESIAN_POINT('',(-0.32,-0.32,-3.));
#3691 = DIRECTION('',(1.,0.,0.));
#3692 = DIRECTION('',(0.,0.,1.));
#3693 = ADVANCED_FACE('',(#3694),#3719,.F.);
#3694 = FACE_BOUND('',#3695,.F.);
#3695 = EDGE_LOOP('',(#3696,#3704,#3705,#3713));
#3696 = ORIENTED_EDGE('',*,*,#3697,.F.);
#3697 = EDGE_CURVE('',#3188,#3698,#3700,.T.);
#3698 = VERTEX_POINT('',#3699);
#3699 = CARTESIAN_POINT('',(0.32,-2.86,8.38));
#3700 = LINE('',#3701,#3702);
#3701 = CARTESIAN_POINT('',(0.32,-2.86,-3.));
#3702 = VECTOR('',#3703,1.);
#3703 = DIRECTION('',(0.,0.,1.));
#3704 = ORIENTED_EDGE('',*,*,#3187,.T.);
#3705 = ORIENTED_EDGE('',*,*,#3706,.T.);
#3706 = EDGE_CURVE('',#3190,#3707,#3709,.T.);
#3707 = VERTEX_POINT('',#3708);
#3708 = CARTESIAN_POINT('',(-0.32,-2.86,8.38));
#3709 = LINE('',#3710,#3711);
#3710 = CARTESIAN_POINT('',(-0.32,-2.86,-3.));
#3711 = VECTOR('',#3712,1.);
#3712 = DIRECTION('',(0.,0.,1.));
#3713 = ORIENTED_EDGE('',*,*,#3714,.T.);
#3714 = EDGE_CURVE('',#3707,#3698,#3715,.T.);
#3715 = LINE('',#3716,#3717);
#3716 = CARTESIAN_POINT('',(-0.32,-2.86,8.38));
#3717 = VECTOR('',#3718,1.);
#3718 = DIRECTION('',(1.,0.,0.));
#3719 = PLANE('',#3720);
#3720 = AXIS2_PLACEMENT_3D('',#3721,#3722,#3723);
#3721 = CARTESIAN_POINT('',(-0.32,-2.86,-3.));
#3722 = DIRECTION('',(0.,1.,0.));
#3723 = DIRECTION('',(0.,-0.,1.));
#3724 = ADVANCED_FACE('',(#3725),#3743,.T.);
#3725 = FACE_BOUND('',#3726,.T.);
#3726 = EDGE_LOOP('',(#3727,#3728,#3729,#3737));
#3727 = ORIENTED_EDGE('',*,*,#3697,.F.);
#3728 = ORIENTED_EDGE('',*,*,#3213,.T.);
#3729 = ORIENTED_EDGE('',*,*,#3730,.T.);
#3730 = EDGE_CURVE('',#3206,#3731,#3733,.T.);
#3731 = VERTEX_POINT('',#3732);
#3732 = CARTESIAN_POINT('',(0.32,-2.22,8.38));
#3733 = LINE('',#3734,#3735);
#3734 = CARTESIAN_POINT('',(0.32,-2.22,-3.));
#3735 = VECTOR('',#3736,1.);
#3736 = DIRECTION('',(0.,0.,1.));
#3737 = ORIENTED_EDGE('',*,*,#3738,.F.);
#3738 = EDGE_CURVE('',#3698,#3731,#3739,.T.);
#3739 = LINE('',#3740,#3741);
#3740 = CARTESIAN_POINT('',(0.32,-2.86,8.38));
#3741 = VECTOR('',#3742,1.);
#3742 = DIRECTION('',(0.,1.,0.));
#3743 = PLANE('',#3744);
#3744 = AXIS2_PLACEMENT_3D('',#3745,#3746,#3747);
#3745 = CARTESIAN_POINT('',(0.32,-2.86,-3.));
#3746 = DIRECTION('',(1.,0.,0.));
#3747 = DIRECTION('',(0.,0.,1.));
#3748 = ADVANCED_FACE('',(#3749),#3767,.T.);
#3749 = FACE_BOUND('',#3750,.T.);
#3750 = EDGE_LOOP('',(#3751,#3752,#3753,#3761));
#3751 = ORIENTED_EDGE('',*,*,#3730,.F.);
#3752 = ORIENTED_EDGE('',*,*,#3205,.T.);
#3753 = ORIENTED_EDGE('',*,*,#3754,.T.);
#3754 = EDGE_CURVE('',#3198,#3755,#3757,.T.);
#3755 = VERTEX_POINT('',#3756);
#3756 = CARTESIAN_POINT('',(-0.32,-2.22,8.38));
#3757 = LINE('',#3758,#3759);
#3758 = CARTESIAN_POINT('',(-0.32,-2.22,-3.));
#3759 = VECTOR('',#3760,1.);
#3760 = DIRECTION('',(0.,0.,1.));
#3761 = ORIENTED_EDGE('',*,*,#3762,.T.);
#3762 = EDGE_CURVE('',#3755,#3731,#3763,.T.);
#3763 = LINE('',#3764,#3765);
#3764 = CARTESIAN_POINT('',(-0.32,-2.22,8.38));
#3765 = VECTOR('',#3766,1.);
#3766 = DIRECTION('',(1.,0.,0.));
#3767 = PLANE('',#3768);
#3768 = AXIS2_PLACEMENT_3D('',#3769,#3770,#3771);
#3769 = CARTESIAN_POINT('',(-0.32,-2.22,-3.));
#3770 = DIRECTION('',(0.,1.,0.));
#3771 = DIRECTION('',(0.,-0.,1.));
#3772 = ADVANCED_FACE('',(#3773),#3784,.F.);
#3773 = FACE_BOUND('',#3774,.F.);
#3774 = EDGE_LOOP('',(#3775,#3776,#3777,#3778));
#3775 = ORIENTED_EDGE('',*,*,#3706,.F.);
#3776 = ORIENTED_EDGE('',*,*,#3197,.T.);
#3777 = ORIENTED_EDGE('',*,*,#3754,.T.);
#3778 = ORIENTED_EDGE('',*,*,#3779,.F.);
#3779 = EDGE_CURVE('',#3707,#3755,#3780,.T.);
#3780 = LINE('',#3781,#3782);
#3781 = CARTESIAN_POINT('',(-0.32,-2.86,8.38));
#3782 = VECTOR('',#3783,1.);
#3783 = DIRECTION('',(0.,1.,0.));
#3784 = PLANE('',#3785);
#3785 = AXIS2_PLACEMENT_3D('',#3786,#3787,#3788);
#3786 = CARTESIAN_POINT('',(-0.32,-2.86,-3.));
#3787 = DIRECTION('',(1.,0.,0.));
#3788 = DIRECTION('',(0.,0.,1.));
#3789 = ADVANCED_FACE('',(#3790),#3815,.T.);
#3790 = FACE_BOUND('',#3791,.F.);
#3791 = EDGE_LOOP('',(#3792,#3800,#3801,#3809));
#3792 = ORIENTED_EDGE('',*,*,#3793,.F.);
#3793 = EDGE_CURVE('',#3418,#3794,#3796,.T.);
#3794 = VERTEX_POINT('',#3795);
#3795 = CARTESIAN_POINT('',(-0.16,-0.16,-3.));
#3796 = LINE('',#3797,#3798);
#3797 = CARTESIAN_POINT('',(-0.266666666667,-0.266666666667,
    -2.893333333333));
#3798 = VECTOR('',#3799,1.);
#3799 = DIRECTION('',(0.57735026919,0.57735026919,-0.57735026919));
#3800 = ORIENTED_EDGE('',*,*,#3417,.T.);
#3801 = ORIENTED_EDGE('',*,*,#3802,.T.);
#3802 = EDGE_CURVE('',#3410,#3803,#3805,.T.);
#3803 = VERTEX_POINT('',#3804);
#3804 = CARTESIAN_POINT('',(0.16,-0.16,-3.));
#3805 = LINE('',#3806,#3807);
#3806 = CARTESIAN_POINT('',(0.16,-0.16,-3.));
#3807 = VECTOR('',#3808,1.);
#3808 = DIRECTION('',(-0.57735026919,0.57735026919,-0.57735026919));
#3809 = ORIENTED_EDGE('',*,*,#3810,.F.);
#3810 = EDGE_CURVE('',#3794,#3803,#3811,.T.);
#3811 = LINE('',#3812,#3813);
#3812 = CARTESIAN_POINT('',(-0.32,-0.16,-3.));
#3813 = VECTOR('',#3814,1.);
#3814 = DIRECTION('',(1.,0.,0.));
#3815 = PLANE('',#3816);
#3816 = AXIS2_PLACEMENT_3D('',#3817,#3818,#3819);
#3817 = CARTESIAN_POINT('',(-0.32,-0.24,-2.92));
#3818 = DIRECTION('',(1.735167508357E-18,-0.707106781187,-0.707106781187
    ));
#3819 = DIRECTION('',(-1.,-1.226948711654E-18,-1.226948711654E-18));
#3820 = ADVANCED_FACE('',(#3821),#3839,.F.);
#3821 = FACE_BOUND('',#3822,.F.);
#3822 = EDGE_LOOP('',(#3823,#3824,#3825,#3833));
#3823 = ORIENTED_EDGE('',*,*,#3802,.F.);
#3824 = ORIENTED_EDGE('',*,*,#3441,.T.);
#3825 = ORIENTED_EDGE('',*,*,#3826,.T.);
#3826 = EDGE_CURVE('',#3442,#3827,#3829,.T.);
#3827 = VERTEX_POINT('',#3828);
#3828 = CARTESIAN_POINT('',(0.16,0.16,-3.));
#3829 = LINE('',#3830,#3831);
#3830 = CARTESIAN_POINT('',(5.333333333333E-02,5.333333333333E-02,
    -3.106666666667));
#3831 = VECTOR('',#3832,1.);
#3832 = DIRECTION('',(-0.57735026919,-0.57735026919,-0.57735026919));
#3833 = ORIENTED_EDGE('',*,*,#3834,.F.);
#3834 = EDGE_CURVE('',#3803,#3827,#3835,.T.);
#3835 = LINE('',#3836,#3837);
#3836 = CARTESIAN_POINT('',(0.16,-0.32,-3.));
#3837 = VECTOR('',#3838,1.);
#3838 = DIRECTION('',(0.,1.,0.));
#3839 = PLANE('',#3840);
#3840 = AXIS2_PLACEMENT_3D('',#3841,#3842,#3843);
#3841 = CARTESIAN_POINT('',(0.24,-0.32,-2.92));
#3842 = DIRECTION('',(-0.707106781187,1.735167508357E-18,0.707106781187)
  );
#3843 = DIRECTION('',(1.226948711654E-18,1.,-1.226948711654E-18));
#3844 = ADVANCED_FACE('',(#3845),#3863,.F.);
#3845 = FACE_BOUND('',#3846,.T.);
#3846 = EDGE_LOOP('',(#3847,#3855,#3856,#3857));
#3847 = ORIENTED_EDGE('',*,*,#3848,.F.);
#3848 = EDGE_CURVE('',#3466,#3849,#3851,.T.);
#3849 = VERTEX_POINT('',#3850);
#3850 = CARTESIAN_POINT('',(-0.16,0.16,-3.));
#3851 = LINE('',#3852,#3853);
#3852 = CARTESIAN_POINT('',(-0.16,0.16,-3.));
#3853 = VECTOR('',#3854,1.);
#3854 = DIRECTION('',(0.57735026919,-0.57735026919,-0.57735026919));
#3855 = ORIENTED_EDGE('',*,*,#3465,.T.);
#3856 = ORIENTED_EDGE('',*,*,#3826,.T.);
#3857 = ORIENTED_EDGE('',*,*,#3858,.F.);
#3858 = EDGE_CURVE('',#3849,#3827,#3859,.T.);
#3859 = LINE('',#3860,#3861);
#3860 = CARTESIAN_POINT('',(-0.32,0.16,-3.));
#3861 = VECTOR('',#3862,1.);
#3862 = DIRECTION('',(1.,0.,0.));
#3863 = PLANE('',#3864);
#3864 = AXIS2_PLACEMENT_3D('',#3865,#3866,#3867);
#3865 = CARTESIAN_POINT('',(-0.32,0.24,-2.92));
#3866 = DIRECTION('',(-1.735167508357E-18,-0.707106781187,0.707106781187
    ));
#3867 = DIRECTION('',(-1.,1.226948711654E-18,-1.226948711654E-18));
#3868 = ADVANCED_FACE('',(#3869),#3880,.T.);
#3869 = FACE_BOUND('',#3870,.T.);
#3870 = EDGE_LOOP('',(#3871,#3872,#3873,#3874));
#3871 = ORIENTED_EDGE('',*,*,#3793,.F.);
#3872 = ORIENTED_EDGE('',*,*,#3489,.T.);
#3873 = ORIENTED_EDGE('',*,*,#3848,.T.);
#3874 = ORIENTED_EDGE('',*,*,#3875,.F.);
#3875 = EDGE_CURVE('',#3794,#3849,#3876,.T.);
#3876 = LINE('',#3877,#3878);
#3877 = CARTESIAN_POINT('',(-0.16,-0.32,-3.));
#3878 = VECTOR('',#3879,1.);
#3879 = DIRECTION('',(0.,1.,0.));
#3880 = PLANE('',#3881);
#3881 = AXIS2_PLACEMENT_3D('',#3882,#3883,#3884);
#3882 = CARTESIAN_POINT('',(-0.24,-0.32,-2.92));
#3883 = DIRECTION('',(-0.707106781187,-1.735167508357E-18,
    -0.707106781187));
#3884 = DIRECTION('',(-1.226948711654E-18,1.,-1.226948711654E-18));
#3885 = ADVANCED_FACE('',(#3886),#3911,.T.);
#3886 = FACE_BOUND('',#3887,.F.);
#3887 = EDGE_LOOP('',(#3888,#3896,#3897,#3905));
#3888 = ORIENTED_EDGE('',*,*,#3889,.F.);
#3889 = EDGE_CURVE('',#3514,#3890,#3892,.T.);
#3890 = VERTEX_POINT('',#3891);
#3891 = CARTESIAN_POINT('',(-0.16,-2.7,-3.));
#3892 = LINE('',#3893,#3894);
#3893 = CARTESIAN_POINT('',(-0.266666666667,-2.806666666667,
    -2.893333333333));
#3894 = VECTOR('',#3895,1.);
#3895 = DIRECTION('',(0.57735026919,0.57735026919,-0.57735026919));
#3896 = ORIENTED_EDGE('',*,*,#3513,.T.);
#3897 = ORIENTED_EDGE('',*,*,#3898,.T.);
#3898 = EDGE_CURVE('',#3506,#3899,#3901,.T.);
#3899 = VERTEX_POINT('',#3900);
#3900 = CARTESIAN_POINT('',(0.16,-2.7,-3.));
#3901 = LINE('',#3902,#3903);
#3902 = CARTESIAN_POINT('',(0.16,-2.7,-3.));
#3903 = VECTOR('',#3904,1.);
#3904 = DIRECTION('',(-0.57735026919,0.57735026919,-0.57735026919));
#3905 = ORIENTED_EDGE('',*,*,#3906,.F.);
#3906 = EDGE_CURVE('',#3890,#3899,#3907,.T.);
#3907 = LINE('',#3908,#3909);
#3908 = CARTESIAN_POINT('',(-0.32,-2.7,-3.));
#3909 = VECTOR('',#3910,1.);
#3910 = DIRECTION('',(1.,0.,0.));
#3911 = PLANE('',#3912);
#3912 = AXIS2_PLACEMENT_3D('',#3913,#3914,#3915);
#3913 = CARTESIAN_POINT('',(-0.32,-2.78,-2.92));
#3914 = DIRECTION('',(1.735167508357E-18,-0.707106781187,-0.707106781187
    ));
#3915 = DIRECTION('',(-1.,-1.226948711654E-18,-1.226948711654E-18));
#3916 = ADVANCED_FACE('',(#3917),#3935,.F.);
#3917 = FACE_BOUND('',#3918,.F.);
#3918 = EDGE_LOOP('',(#3919,#3920,#3921,#3929));
#3919 = ORIENTED_EDGE('',*,*,#3898,.F.);
#3920 = ORIENTED_EDGE('',*,*,#3537,.T.);
#3921 = ORIENTED_EDGE('',*,*,#3922,.T.);
#3922 = EDGE_CURVE('',#3538,#3923,#3925,.T.);
#3923 = VERTEX_POINT('',#3924);
#3924 = CARTESIAN_POINT('',(0.16,-2.38,-3.));
#3925 = LINE('',#3926,#3927);
#3926 = CARTESIAN_POINT('',(5.333333333333E-02,-2.486666666667,
    -3.106666666667));
#3927 = VECTOR('',#3928,1.);
#3928 = DIRECTION('',(-0.57735026919,-0.57735026919,-0.57735026919));
#3929 = ORIENTED_EDGE('',*,*,#3930,.F.);
#3930 = EDGE_CURVE('',#3899,#3923,#3931,.T.);
#3931 = LINE('',#3932,#3933);
#3932 = CARTESIAN_POINT('',(0.16,-2.86,-3.));
#3933 = VECTOR('',#3934,1.);
#3934 = DIRECTION('',(0.,1.,0.));
#3935 = PLANE('',#3936);
#3936 = AXIS2_PLACEMENT_3D('',#3937,#3938,#3939);
#3937 = CARTESIAN_POINT('',(0.24,-2.86,-2.92));
#3938 = DIRECTION('',(-0.707106781187,1.735167508357E-18,0.707106781187)
  );
#3939 = DIRECTION('',(1.226948711654E-18,1.,-1.226948711654E-18));
#3940 = ADVANCED_FACE('',(#3941),#3959,.F.);
#3941 = FACE_BOUND('',#3942,.T.);
#3942 = EDGE_LOOP('',(#3943,#3951,#3952,#3953));
#3943 = ORIENTED_EDGE('',*,*,#3944,.F.);
#3944 = EDGE_CURVE('',#3562,#3945,#3947,.T.);
#3945 = VERTEX_POINT('',#3946);
#3946 = CARTESIAN_POINT('',(-0.16,-2.38,-3.));
#3947 = LINE('',#3948,#3949);
#3948 = CARTESIAN_POINT('',(-0.16,-2.38,-3.));
#3949 = VECTOR('',#3950,1.);
#3950 = DIRECTION('',(0.57735026919,-0.57735026919,-0.57735026919));
#3951 = ORIENTED_EDGE('',*,*,#3561,.T.);
#3952 = ORIENTED_EDGE('',*,*,#3922,.T.);
#3953 = ORIENTED_EDGE('',*,*,#3954,.F.);
#3954 = EDGE_CURVE('',#3945,#3923,#3955,.T.);
#3955 = LINE('',#3956,#3957);
#3956 = CARTESIAN_POINT('',(-0.32,-2.38,-3.));
#3957 = VECTOR('',#3958,1.);
#3958 = DIRECTION('',(1.,0.,0.));
#3959 = PLANE('',#3960);
#3960 = AXIS2_PLACEMENT_3D('',#3961,#3962,#3963);
#3961 = CARTESIAN_POINT('',(-0.32,-2.3,-2.92));
#3962 = DIRECTION('',(-1.735167508357E-18,-0.707106781187,0.707106781187
    ));
#3963 = DIRECTION('',(-1.,1.226948711654E-18,-1.226948711654E-18));
#3964 = ADVANCED_FACE('',(#3965),#3976,.T.);
#3965 = FACE_BOUND('',#3966,.T.);
#3966 = EDGE_LOOP('',(#3967,#3968,#3969,#3970));
#3967 = ORIENTED_EDGE('',*,*,#3889,.F.);
#3968 = ORIENTED_EDGE('',*,*,#3585,.T.);
#3969 = ORIENTED_EDGE('',*,*,#3944,.T.);
#3970 = ORIENTED_EDGE('',*,*,#3971,.F.);
#3971 = EDGE_CURVE('',#3890,#3945,#3972,.T.);
#3972 = LINE('',#3973,#3974);
#3973 = CARTESIAN_POINT('',(-0.16,-2.86,-3.));
#3974 = VECTOR('',#3975,1.);
#3975 = DIRECTION('',(0.,1.,0.));
#3976 = PLANE('',#3977);
#3977 = AXIS2_PLACEMENT_3D('',#3978,#3979,#3980);
#3978 = CARTESIAN_POINT('',(-0.24,-2.86,-2.92));
#3979 = DIRECTION('',(-0.707106781187,-1.735167508357E-18,
    -0.707106781187));
#3980 = DIRECTION('',(-1.226948711654E-18,1.,-1.226948711654E-18));
#3981 = ADVANCED_FACE('',(#3982),#4007,.F.);
#3982 = FACE_BOUND('',#3983,.T.);
#3983 = EDGE_LOOP('',(#3984,#3992,#3993,#4001));
#3984 = ORIENTED_EDGE('',*,*,#3985,.F.);
#3985 = EDGE_CURVE('',#3611,#3986,#3988,.T.);
#3986 = VERTEX_POINT('',#3987);
#3987 = CARTESIAN_POINT('',(-0.16,-0.16,8.54));
#3988 = LINE('',#3989,#3990);
#3989 = CARTESIAN_POINT('',(-0.266666666667,-0.266666666667,
    8.433333333333));
#3990 = VECTOR('',#3991,1.);
#3991 = DIRECTION('',(0.57735026919,0.57735026919,0.57735026919));
#3992 = ORIENTED_EDGE('',*,*,#3618,.T.);
#3993 = ORIENTED_EDGE('',*,*,#3994,.T.);
#3994 = EDGE_CURVE('',#3602,#3995,#3997,.T.);
#3995 = VERTEX_POINT('',#3996);
#3996 = CARTESIAN_POINT('',(0.16,-0.16,8.54));
#3997 = LINE('',#3998,#3999);
#3998 = CARTESIAN_POINT('',(0.16,-0.16,8.54));
#3999 = VECTOR('',#4000,1.);
#4000 = DIRECTION('',(-0.57735026919,0.57735026919,0.57735026919));
#4001 = ORIENTED_EDGE('',*,*,#4002,.F.);
#4002 = EDGE_CURVE('',#3986,#3995,#4003,.T.);
#4003 = LINE('',#4004,#4005);
#4004 = CARTESIAN_POINT('',(-0.32,-0.16,8.54));
#4005 = VECTOR('',#4006,1.);
#4006 = DIRECTION('',(1.,0.,0.));
#4007 = PLANE('',#4008);
#4008 = AXIS2_PLACEMENT_3D('',#4009,#4010,#4011);
#4009 = CARTESIAN_POINT('',(-0.32,-0.24,8.46));
#4010 = DIRECTION('',(-1.735167508357E-18,0.707106781187,-0.707106781187
    ));
#4011 = DIRECTION('',(-1.,-1.226948711654E-18,1.226948711654E-18));
#4012 = ADVANCED_FACE('',(#4013),#4031,.T.);
#4013 = FACE_BOUND('',#4014,.T.);
#4014 = EDGE_LOOP('',(#4015,#4016,#4017,#4025));
#4015 = ORIENTED_EDGE('',*,*,#3994,.F.);
#4016 = ORIENTED_EDGE('',*,*,#3642,.T.);
#4017 = ORIENTED_EDGE('',*,*,#4018,.T.);
#4018 = EDGE_CURVE('',#3635,#4019,#4021,.T.);
#4019 = VERTEX_POINT('',#4020);
#4020 = CARTESIAN_POINT('',(0.16,0.16,8.54));
#4021 = LINE('',#4022,#4023);
#4022 = CARTESIAN_POINT('',(5.333333333333E-02,5.333333333333E-02,
    8.646666666667));
#4023 = VECTOR('',#4024,1.);
#4024 = DIRECTION('',(-0.57735026919,-0.57735026919,0.57735026919));
#4025 = ORIENTED_EDGE('',*,*,#4026,.F.);
#4026 = EDGE_CURVE('',#3995,#4019,#4027,.T.);
#4027 = LINE('',#4028,#4029);
#4028 = CARTESIAN_POINT('',(0.16,-0.32,8.54));
#4029 = VECTOR('',#4030,1.);
#4030 = DIRECTION('',(0.,1.,0.));
#4031 = PLANE('',#4032);
#4032 = AXIS2_PLACEMENT_3D('',#4033,#4034,#4035);
#4033 = CARTESIAN_POINT('',(0.24,-0.32,8.46));
#4034 = DIRECTION('',(0.707106781187,-1.735167508357E-18,0.707106781187)
  );
#4035 = DIRECTION('',(1.226948711654E-18,1.,1.226948711654E-18));
#4036 = ADVANCED_FACE('',(#4037),#4055,.T.);
#4037 = FACE_BOUND('',#4038,.F.);
#4038 = EDGE_LOOP('',(#4039,#4047,#4048,#4049));
#4039 = ORIENTED_EDGE('',*,*,#4040,.F.);
#4040 = EDGE_CURVE('',#3659,#4041,#4043,.T.);
#4041 = VERTEX_POINT('',#4042);
#4042 = CARTESIAN_POINT('',(-0.16,0.16,8.54));
#4043 = LINE('',#4044,#4045);
#4044 = CARTESIAN_POINT('',(-0.16,0.16,8.54));
#4045 = VECTOR('',#4046,1.);
#4046 = DIRECTION('',(0.57735026919,-0.57735026919,0.57735026919));
#4047 = ORIENTED_EDGE('',*,*,#3666,.T.);
#4048 = ORIENTED_EDGE('',*,*,#4018,.T.);
#4049 = ORIENTED_EDGE('',*,*,#4050,.F.);
#4050 = EDGE_CURVE('',#4041,#4019,#4051,.T.);
#4051 = LINE('',#4052,#4053);
#4052 = CARTESIAN_POINT('',(-0.32,0.16,8.54));
#4053 = VECTOR('',#4054,1.);
#4054 = DIRECTION('',(1.,0.,0.));
#4055 = PLANE('',#4056);
#4056 = AXIS2_PLACEMENT_3D('',#4057,#4058,#4059);
#4057 = CARTESIAN_POINT('',(-0.32,0.24,8.46));
#4058 = DIRECTION('',(1.735167508357E-18,0.707106781187,0.707106781187)
  );
#4059 = DIRECTION('',(-1.,1.226948711654E-18,1.226948711654E-18));
#4060 = ADVANCED_FACE('',(#4061),#4072,.F.);
#4061 = FACE_BOUND('',#4062,.F.);
#4062 = EDGE_LOOP('',(#4063,#4064,#4065,#4066));
#4063 = ORIENTED_EDGE('',*,*,#3985,.F.);
#4064 = ORIENTED_EDGE('',*,*,#3683,.T.);
#4065 = ORIENTED_EDGE('',*,*,#4040,.T.);
#4066 = ORIENTED_EDGE('',*,*,#4067,.F.);
#4067 = EDGE_CURVE('',#3986,#4041,#4068,.T.);
#4068 = LINE('',#4069,#4070);
#4069 = CARTESIAN_POINT('',(-0.16,-0.32,8.54));
#4070 = VECTOR('',#4071,1.);
#4071 = DIRECTION('',(0.,1.,0.));
#4072 = PLANE('',#4073);
#4073 = AXIS2_PLACEMENT_3D('',#4074,#4075,#4076);
#4074 = CARTESIAN_POINT('',(-0.24,-0.32,8.46));
#4075 = DIRECTION('',(0.707106781187,1.735167508357E-18,-0.707106781187)
  );
#4076 = DIRECTION('',(-1.226948711654E-18,1.,1.226948711654E-18));
#4077 = ADVANCED_FACE('',(#4078),#4103,.F.);
#4078 = FACE_BOUND('',#4079,.T.);
#4079 = EDGE_LOOP('',(#4080,#4088,#4089,#4097));
#4080 = ORIENTED_EDGE('',*,*,#4081,.F.);
#4081 = EDGE_CURVE('',#3707,#4082,#4084,.T.);
#4082 = VERTEX_POINT('',#4083);
#4083 = CARTESIAN_POINT('',(-0.16,-2.7,8.54));
#4084 = LINE('',#4085,#4086);
#4085 = CARTESIAN_POINT('',(-0.266666666667,-2.806666666667,
    8.433333333333));
#4086 = VECTOR('',#4087,1.);
#4087 = DIRECTION('',(0.57735026919,0.57735026919,0.57735026919));
#4088 = ORIENTED_EDGE('',*,*,#3714,.T.);
#4089 = ORIENTED_EDGE('',*,*,#4090,.T.);
#4090 = EDGE_CURVE('',#3698,#4091,#4093,.T.);
#4091 = VERTEX_POINT('',#4092);
#4092 = CARTESIAN_POINT('',(0.16,-2.7,8.54));
#4093 = LINE('',#4094,#4095);
#4094 = CARTESIAN_POINT('',(0.16,-2.7,8.54));
#4095 = VECTOR('',#4096,1.);
#4096 = DIRECTION('',(-0.57735026919,0.57735026919,0.57735026919));
#4097 = ORIENTED_EDGE('',*,*,#4098,.F.);
#4098 = EDGE_CURVE('',#4082,#4091,#4099,.T.);
#4099 = LINE('',#4100,#4101);
#4100 = CARTESIAN_POINT('',(-0.32,-2.7,8.54));
#4101 = VECTOR('',#4102,1.);
#4102 = DIRECTION('',(1.,0.,0.));
#4103 = PLANE('',#4104);
#4104 = AXIS2_PLACEMENT_3D('',#4105,#4106,#4107);
#4105 = CARTESIAN_POINT('',(-0.32,-2.78,8.46));
#4106 = DIRECTION('',(-1.735167508357E-18,0.707106781187,-0.707106781187
    ));
#4107 = DIRECTION('',(-1.,-1.226948711654E-18,1.226948711654E-18));
#4108 = ADVANCED_FACE('',(#4109),#4127,.T.);
#4109 = FACE_BOUND('',#4110,.T.);
#4110 = EDGE_LOOP('',(#4111,#4112,#4113,#4121));
#4111 = ORIENTED_EDGE('',*,*,#4090,.F.);
#4112 = ORIENTED_EDGE('',*,*,#3738,.T.);
#4113 = ORIENTED_EDGE('',*,*,#4114,.T.);
#4114 = EDGE_CURVE('',#3731,#4115,#4117,.T.);
#4115 = VERTEX_POINT('',#4116);
#4116 = CARTESIAN_POINT('',(0.16,-2.38,8.54));
#4117 = LINE('',#4118,#4119);
#4118 = CARTESIAN_POINT('',(5.333333333333E-02,-2.486666666667,
    8.646666666667));
#4119 = VECTOR('',#4120,1.);
#4120 = DIRECTION('',(-0.57735026919,-0.57735026919,0.57735026919));
#4121 = ORIENTED_EDGE('',*,*,#4122,.F.);
#4122 = EDGE_CURVE('',#4091,#4115,#4123,.T.);
#4123 = LINE('',#4124,#4125);
#4124 = CARTESIAN_POINT('',(0.16,-2.86,8.54));
#4125 = VECTOR('',#4126,1.);
#4126 = DIRECTION('',(0.,1.,0.));
#4127 = PLANE('',#4128);
#4128 = AXIS2_PLACEMENT_3D('',#4129,#4130,#4131);
#4129 = CARTESIAN_POINT('',(0.24,-2.86,8.46));
#4130 = DIRECTION('',(0.707106781187,-1.735167508357E-18,0.707106781187)
  );
#4131 = DIRECTION('',(1.226948711654E-18,1.,1.226948711654E-18));
#4132 = ADVANCED_FACE('',(#4133),#4151,.T.);
#4133 = FACE_BOUND('',#4134,.F.);
#4134 = EDGE_LOOP('',(#4135,#4143,#4144,#4145));
#4135 = ORIENTED_EDGE('',*,*,#4136,.F.);
#4136 = EDGE_CURVE('',#3755,#4137,#4139,.T.);
#4137 = VERTEX_POINT('',#4138);
#4138 = CARTESIAN_POINT('',(-0.16,-2.38,8.54));
#4139 = LINE('',#4140,#4141);
#4140 = CARTESIAN_POINT('',(-0.16,-2.38,8.54));
#4141 = VECTOR('',#4142,1.);
#4142 = DIRECTION('',(0.57735026919,-0.57735026919,0.57735026919));
#4143 = ORIENTED_EDGE('',*,*,#3762,.T.);
#4144 = ORIENTED_EDGE('',*,*,#4114,.T.);
#4145 = ORIENTED_EDGE('',*,*,#4146,.F.);
#4146 = EDGE_CURVE('',#4137,#4115,#4147,.T.);
#4147 = LINE('',#4148,#4149);
#4148 = CARTESIAN_POINT('',(-0.32,-2.38,8.54));
#4149 = VECTOR('',#4150,1.);
#4150 = DIRECTION('',(1.,0.,0.));
#4151 = PLANE('',#4152);
#4152 = AXIS2_PLACEMENT_3D('',#4153,#4154,#4155);
#4153 = CARTESIAN_POINT('',(-0.32,-2.3,8.46));
#4154 = DIRECTION('',(1.735167508357E-18,0.707106781187,0.707106781187)
  );
#4155 = DIRECTION('',(-1.,1.226948711654E-18,1.226948711654E-18));
#4156 = ADVANCED_FACE('',(#4157),#4168,.F.);
#4157 = FACE_BOUND('',#4158,.F.);
#4158 = EDGE_LOOP('',(#4159,#4160,#4161,#4162));
#4159 = ORIENTED_EDGE('',*,*,#4081,.F.);
#4160 = ORIENTED_EDGE('',*,*,#3779,.T.);
#4161 = ORIENTED_EDGE('',*,*,#4136,.T.);
#4162 = ORIENTED_EDGE('',*,*,#4163,.F.);
#4163 = EDGE_CURVE('',#4082,#4137,#4164,.T.);
#4164 = LINE('',#4165,#4166);
#4165 = CARTESIAN_POINT('',(-0.16,-2.86,8.54));
#4166 = VECTOR('',#4167,1.);
#4167 = DIRECTION('',(0.,1.,0.));
#4168 = PLANE('',#4169);
#4169 = AXIS2_PLACEMENT_3D('',#4170,#4171,#4172);
#4170 = CARTESIAN_POINT('',(-0.24,-2.86,8.46));
#4171 = DIRECTION('',(0.707106781187,1.735167508357E-18,-0.707106781187)
  );
#4172 = DIRECTION('',(-1.226948711654E-18,1.,1.226948711654E-18));
#4173 = ADVANCED_FACE('',(#4174),#4180,.F.);
#4174 = FACE_BOUND('',#4175,.F.);
#4175 = EDGE_LOOP('',(#4176,#4177,#4178,#4179));
#4176 = ORIENTED_EDGE('',*,*,#3875,.F.);
#4177 = ORIENTED_EDGE('',*,*,#3810,.T.);
#4178 = ORIENTED_EDGE('',*,*,#3834,.T.);
#4179 = ORIENTED_EDGE('',*,*,#3858,.F.);
#4180 = PLANE('',#4181);
#4181 = AXIS2_PLACEMENT_3D('',#4182,#4183,#4184);
#4182 = CARTESIAN_POINT('',(-0.32,-0.32,-3.));
#4183 = DIRECTION('',(0.,0.,1.));
#4184 = DIRECTION('',(1.,0.,-0.));
#4185 = ADVANCED_FACE('',(#4186),#4192,.F.);
#4186 = FACE_BOUND('',#4187,.F.);
#4187 = EDGE_LOOP('',(#4188,#4189,#4190,#4191));
#4188 = ORIENTED_EDGE('',*,*,#3971,.F.);
#4189 = ORIENTED_EDGE('',*,*,#3906,.T.);
#4190 = ORIENTED_EDGE('',*,*,#3930,.T.);
#4191 = ORIENTED_EDGE('',*,*,#3954,.F.);
#4192 = PLANE('',#4193);
#4193 = AXIS2_PLACEMENT_3D('',#4194,#4195,#4196);
#4194 = CARTESIAN_POINT('',(-0.32,-2.86,-3.));
#4195 = DIRECTION('',(0.,0.,1.));
#4196 = DIRECTION('',(1.,0.,-0.));
#4197 = ADVANCED_FACE('',(#4198),#4204,.T.);
#4198 = FACE_BOUND('',#4199,.T.);
#4199 = EDGE_LOOP('',(#4200,#4201,#4202,#4203));
#4200 = ORIENTED_EDGE('',*,*,#4050,.F.);
#4201 = ORIENTED_EDGE('',*,*,#4067,.F.);
#4202 = ORIENTED_EDGE('',*,*,#4002,.T.);
#4203 = ORIENTED_EDGE('',*,*,#4026,.T.);
#4204 = PLANE('',#4205);
#4205 = AXIS2_PLACEMENT_3D('',#4206,#4207,#4208);
#4206 = CARTESIAN_POINT('',(-0.32,-0.32,8.54));
#4207 = DIRECTION('',(0.,0.,1.));
#4208 = DIRECTION('',(1.,0.,-0.));
#4209 = ADVANCED_FACE('',(#4210),#4216,.T.);
#4210 = FACE_BOUND('',#4211,.T.);
#4211 = EDGE_LOOP('',(#4212,#4213,#4214,#4215));
#4212 = ORIENTED_EDGE('',*,*,#4146,.F.);
#4213 = ORIENTED_EDGE('',*,*,#4163,.F.);
#4214 = ORIENTED_EDGE('',*,*,#4098,.T.);
#4215 = ORIENTED_EDGE('',*,*,#4122,.T.);
#4216 = PLANE('',#4217);
#4217 = AXIS2_PLACEMENT_3D('',#4218,#4219,#4220);
#4218 = CARTESIAN_POINT('',(-0.32,-2.86,8.54));
#4219 = DIRECTION('',(0.,0.,1.));
#4220 = DIRECTION('',(1.,0.,-0.));
#4221 = ( GEOMETRIC_REPRESENTATION_CONTEXT(3) 
GLOBAL_UNCERTAINTY_ASSIGNED_CONTEXT((#4225)) 
GLOBAL_UNIT_ASSIGNED_CONTEXT((#4222,#4223,#4224)) REPRESENTATION_CONTEXT
('Context #1','3D Context with UNIT and UNCERTAINTY') );
#4222 = ( LENGTH_UNIT() NAMED_UNIT(*) SI_UNIT(.MILLI.,.METRE.) );
#4223 = ( NAMED_UNIT(*) PLANE_ANGLE_UNIT() SI_UNIT($,.RADIAN.) );
#4224 = ( NAMED_UNIT(*) SI_UNIT($,.STERADIAN.) SOLID_ANGLE_UNIT() );
#4225 = UNCERTAINTY_MEASURE_WITH_UNIT(LENGTH_MEASURE(1.E-07),#4222,
  'distance_accuracy_value','confusion accuracy');
#4226 = CONTEXT_DEPENDENT_SHAPE_REPRESENTATION(#4227,#4229);
#4227 = ( REPRESENTATION_RELATIONSHIP('','',#2788,#2765) 
REPRESENTATION_RELATIONSHIP_WITH_TRANSFORMATION(#4228) 
SHAPE_REPRESENTATION_RELATIONSHIP() );
#4228 = ITEM_DEFINED_TRANSFORMATION('','',#11,#2766);
#4229 = PRODUCT_DEFINITION_SHAPE('Placement','Placement of an item',
  #4230);
#4230 = NEXT_ASSEMBLY_USAGE_OCCURRENCE('8','=>[0:1:1:9]','',#2760,#2783,
  $);
#4231 = PRODUCT_RELATED_PRODUCT_CATEGORY('part',$,(#2785));
#4232 = SHAPE_DEFINITION_REPRESENTATION(#4233,#4239);
#4233 = PRODUCT_DEFINITION_SHAPE('','',#4234);
#4234 = PRODUCT_DEFINITION('design','',#4235,#4238);
#4235 = PRODUCT_DEFINITION_FORMATION('','',#4236);
#4236 = PRODUCT('C_0805_2012Metric','C_0805_2012Metric','',(#4237));
#4237 = PRODUCT_CONTEXT('',#2,'mechanical');
#4238 = PRODUCT_DEFINITION_CONTEXT('part definition',#2,'design');
#4239 = SHAPE_REPRESENTATION('',(#11,#4240),#4244);
#4240 = AXIS2_PLACEMENT_3D('',#4241,#4242,#4243);
#4241 = CARTESIAN_POINT('',(0.,0.,0.));
#4242 = DIRECTION('',(0.,0.,1.));
#4243 = DIRECTION('',(1.,0.,-0.));
#4244 = ( GEOMETRIC_REPRESENTATION_CONTEXT(3) 
GLOBAL_UNCERTAINTY_ASSIGNED_CONTEXT((#4248)) 
GLOBAL_UNIT_ASSIGNED_CONTEXT((#4245,#4246,#4247)) REPRESENTATION_CONTEXT
('Context #1','3D Context with UNIT and UNCERTAINTY') );
#4245 = ( LENGTH_UNIT() NAMED_UNIT(*) SI_UNIT(.MILLI.,.METRE.) );
#4246 = ( NAMED_UNIT(*) PLANE_ANGLE_UNIT() SI_UNIT($,.RADIAN.) );
#4247 = ( NAMED_UNIT(*) SI_UNIT($,.STERADIAN.) SOLID_ANGLE_UNIT() );
#4248 = UNCERTAINTY_MEASURE_WITH_UNIT(LENGTH_MEASURE(1.E-07),#4245,
  'distance_accuracy_value','confusion accuracy');
#4249 = CONTEXT_DEPENDENT_SHAPE_REPRESENTATION(#4250,#4252);
#4250 = ( REPRESENTATION_RELATIONSHIP('','',#4239,#10) 
REPRESENTATION_RELATIONSHIP_WITH_TRANSFORMATION(#4251) 
SHAPE_REPRESENTATION_RELATIONSHIP() );
#4251 = ITEM_DEFINED_TRANSFORMATION('','',#11,#35);
#4252 = PRODUCT_DEFINITION_SHAPE('Placement','Placement of an item',
  #4253);
#4253 = NEXT_ASSEMBLY_USAGE_OCCURRENCE('11','C6','',#5,#4234,$);
#4254 = PRODUCT_RELATED_PRODUCT_CATEGORY('part',$,(#4236));
#4255 = SHAPE_DEFINITION_REPRESENTATION(#4256,#4262);
#4256 = PRODUCT_DEFINITION_SHAPE('','',#4257);
#4257 = PRODUCT_DEFINITION('design','',#4258,#4261);
#4258 = PRODUCT_DEFINITION_FORMATION('','',#4259);
#4259 = PRODUCT('C_0805_2012Metric','C_0805_2012Metric','',(#4260));
#4260 = PRODUCT_CONTEXT('',#2,'mechanical');
#4261 = PRODUCT_DEFINITION_CONTEXT('part definition',#2,'design');
#4262 = ADVANCED_BREP_SHAPE_REPRESENTATION('',(#11,#4263),#5117);
#4263 = MANIFOLD_SOLID_BREP('',#4264);
#4264 = CLOSED_SHELL('',(#4265,#4341,#4372,#4397,#4422,#4446,#4470,#4495
    ,#4520,#4537,#4623,#4655,#4679,#4704,#4728,#4753,#4777,#4802,#4819,
    #4905,#4936,#4961,#4986,#5010,#5034,#5059,#5084,#5101));
#4265 = ADVANCED_FACE('',(#4266),#4336,.F.);
#4266 = FACE_BOUND('',#4267,.F.);
#4267 = EDGE_LOOP('',(#4268,#4278,#4287,#4295,#4304,#4312,#4321,#4329));
#4268 = ORIENTED_EDGE('',*,*,#4269,.F.);
#4269 = EDGE_CURVE('',#4270,#4272,#4274,.T.);
#4270 = VERTEX_POINT('',#4271);
#4271 = CARTESIAN_POINT('',(-1.,-0.625,4.E-02));
#4272 = VERTEX_POINT('',#4273);
#4273 = CARTESIAN_POINT('',(-1.,-0.625,1.21));
#4274 = LINE('',#4275,#4276);
#4275 = CARTESIAN_POINT('',(-1.,-0.625,0.));
#4276 = VECTOR('',#4277,1.);
#4277 = DIRECTION('',(0.,0.,1.));
#4278 = ORIENTED_EDGE('',*,*,#4279,.T.);
#4279 = EDGE_CURVE('',#4270,#4280,#4282,.T.);
#4280 = VERTEX_POINT('',#4281);
#4281 = CARTESIAN_POINT('',(-1.,-0.585,0.));
#4282 = CIRCLE('',#4283,4.E-02);
#4283 = AXIS2_PLACEMENT_3D('',#4284,#4285,#4286);
#4284 = CARTESIAN_POINT('',(-1.,-0.585,4.E-02));
#4285 = DIRECTION('',(1.,0.,-0.));
#4286 = DIRECTION('',(0.,0.,1.));
#4287 = ORIENTED_EDGE('',*,*,#4288,.T.);
#4288 = EDGE_CURVE('',#4280,#4289,#4291,.T.);
#4289 = VERTEX_POINT('',#4290);
#4290 = CARTESIAN_POINT('',(-1.,0.585,0.));
#4291 = LINE('',#4292,#4293);
#4292 = CARTESIAN_POINT('',(-1.,-0.625,0.));
#4293 = VECTOR('',#4294,1.);
#4294 = DIRECTION('',(0.,1.,0.));
#4295 = ORIENTED_EDGE('',*,*,#4296,.F.);
#4296 = EDGE_CURVE('',#4297,#4289,#4299,.T.);
#4297 = VERTEX_POINT('',#4298);
#4298 = CARTESIAN_POINT('',(-1.,0.625,4.E-02));
#4299 = CIRCLE('',#4300,4.E-02);
#4300 = AXIS2_PLACEMENT_3D('',#4301,#4302,#4303);
#4301 = CARTESIAN_POINT('',(-1.,0.585,4.E-02));
#4302 = DIRECTION('',(-1.,0.,0.));
#4303 = DIRECTION('',(0.,0.,1.));
#4304 = ORIENTED_EDGE('',*,*,#4305,.T.);
#4305 = EDGE_CURVE('',#4297,#4306,#4308,.T.);
#4306 = VERTEX_POINT('',#4307);
#4307 = CARTESIAN_POINT('',(-1.,0.625,1.21));
#4308 = LINE('',#4309,#4310);
#4309 = CARTESIAN_POINT('',(-1.,0.625,0.));
#4310 = VECTOR('',#4311,1.);
#4311 = DIRECTION('',(0.,0.,1.));
#4312 = ORIENTED_EDGE('',*,*,#4313,.T.);
#4313 = EDGE_CURVE('',#4306,#4314,#4316,.T.);
#4314 = VERTEX_POINT('',#4315);
#4315 = CARTESIAN_POINT('',(-1.,0.585,1.25));
#4316 = CIRCLE('',#4317,4.E-02);
#4317 = AXIS2_PLACEMENT_3D('',#4318,#4319,#4320);
#4318 = CARTESIAN_POINT('',(-1.,0.585,1.21));
#4319 = DIRECTION('',(1.,0.,-0.));
#4320 = DIRECTION('',(0.,0.,1.));
#4321 = ORIENTED_EDGE('',*,*,#4322,.F.);
#4322 = EDGE_CURVE('',#4323,#4314,#4325,.T.);
#4323 = VERTEX_POINT('',#4324);
#4324 = CARTESIAN_POINT('',(-1.,-0.585,1.25));
#4325 = LINE('',#4326,#4327);
#4326 = CARTESIAN_POINT('',(-1.,-0.625,1.25));
#4327 = VECTOR('',#4328,1.);
#4328 = DIRECTION('',(0.,1.,0.));
#4329 = ORIENTED_EDGE('',*,*,#4330,.F.);
#4330 = EDGE_CURVE('',#4272,#4323,#4331,.T.);
#4331 = CIRCLE('',#4332,4.E-02);
#4332 = AXIS2_PLACEMENT_3D('',#4333,#4334,#4335);
#4333 = CARTESIAN_POINT('',(-1.,-0.585,1.21));
#4334 = DIRECTION('',(-1.,0.,0.));
#4335 = DIRECTION('',(0.,0.,1.));
#4336 = PLANE('',#4337);
#4337 = AXIS2_PLACEMENT_3D('',#4338,#4339,#4340);
#4338 = CARTESIAN_POINT('',(-1.,-0.625,0.));
#4339 = DIRECTION('',(1.,0.,0.));
#4340 = DIRECTION('',(0.,0.,1.));
#4341 = ADVANCED_FACE('',(#4342),#4367,.F.);
#4342 = FACE_BOUND('',#4343,.F.);
#4343 = EDGE_LOOP('',(#4344,#4354,#4360,#4361));
#4344 = ORIENTED_EDGE('',*,*,#4345,.F.);
#4345 = EDGE_CURVE('',#4346,#4348,#4350,.T.);
#4346 = VERTEX_POINT('',#4347);
#4347 = CARTESIAN_POINT('',(-0.6,-0.625,4.E-02));
#4348 = VERTEX_POINT('',#4349);
#4349 = CARTESIAN_POINT('',(-0.6,-0.625,1.21));
#4350 = LINE('',#4351,#4352);
#4351 = CARTESIAN_POINT('',(-0.6,-0.625,0.));
#4352 = VECTOR('',#4353,1.);
#4353 = DIRECTION('',(0.,0.,1.));
#4354 = ORIENTED_EDGE('',*,*,#4355,.F.);
#4355 = EDGE_CURVE('',#4270,#4346,#4356,.T.);
#4356 = LINE('',#4357,#4358);
#4357 = CARTESIAN_POINT('',(-1.,-0.625,4.E-02));
#4358 = VECTOR('',#4359,1.);
#4359 = DIRECTION('',(1.,0.,0.));
#4360 = ORIENTED_EDGE('',*,*,#4269,.T.);
#4361 = ORIENTED_EDGE('',*,*,#4362,.T.);
#4362 = EDGE_CURVE('',#4272,#4348,#4363,.T.);
#4363 = LINE('',#4364,#4365);
#4364 = CARTESIAN_POINT('',(-1.,-0.625,1.21));
#4365 = VECTOR('',#4366,1.);
#4366 = DIRECTION('',(1.,0.,0.));
#4367 = PLANE('',#4368);
#4368 = AXIS2_PLACEMENT_3D('',#4369,#4370,#4371);
#4369 = CARTESIAN_POINT('',(-1.,-0.625,0.));
#4370 = DIRECTION('',(0.,1.,0.));
#4371 = DIRECTION('',(0.,-0.,1.));
#4372 = ADVANCED_FACE('',(#4373),#4392,.T.);
#4373 = FACE_BOUND('',#4374,.T.);
#4374 = EDGE_LOOP('',(#4375,#4376,#4384,#4391));
#4375 = ORIENTED_EDGE('',*,*,#4279,.T.);
#4376 = ORIENTED_EDGE('',*,*,#4377,.T.);
#4377 = EDGE_CURVE('',#4280,#4378,#4380,.T.);
#4378 = VERTEX_POINT('',#4379);
#4379 = CARTESIAN_POINT('',(-0.6,-0.585,0.));
#4380 = LINE('',#4381,#4382);
#4381 = CARTESIAN_POINT('',(-1.,-0.585,0.));
#4382 = VECTOR('',#4383,1.);
#4383 = DIRECTION('',(1.,0.,0.));
#4384 = ORIENTED_EDGE('',*,*,#4385,.F.);
#4385 = EDGE_CURVE('',#4346,#4378,#4386,.T.);
#4386 = CIRCLE('',#4387,4.E-02);
#4387 = AXIS2_PLACEMENT_3D('',#4388,#4389,#4390);
#4388 = CARTESIAN_POINT('',(-0.6,-0.585,4.E-02));
#4389 = DIRECTION('',(1.,0.,-0.));
#4390 = DIRECTION('',(0.,0.,1.));
#4391 = ORIENTED_EDGE('',*,*,#4355,.F.);
#4392 = CYLINDRICAL_SURFACE('',#4393,4.E-02);
#4393 = AXIS2_PLACEMENT_3D('',#4394,#4395,#4396);
#4394 = CARTESIAN_POINT('',(-1.,-0.585,4.E-02));
#4395 = DIRECTION('',(1.,0.,0.));
#4396 = DIRECTION('',(0.,-1.,0.));
#4397 = ADVANCED_FACE('',(#4398),#4417,.T.);
#4398 = FACE_BOUND('',#4399,.T.);
#4399 = EDGE_LOOP('',(#4400,#4401,#4410,#4416));
#4400 = ORIENTED_EDGE('',*,*,#4362,.T.);
#4401 = ORIENTED_EDGE('',*,*,#4402,.T.);
#4402 = EDGE_CURVE('',#4348,#4403,#4405,.T.);
#4403 = VERTEX_POINT('',#4404);
#4404 = CARTESIAN_POINT('',(-0.6,-0.585,1.25));
#4405 = CIRCLE('',#4406,4.E-02);
#4406 = AXIS2_PLACEMENT_3D('',#4407,#4408,#4409);
#4407 = CARTESIAN_POINT('',(-0.6,-0.585,1.21));
#4408 = DIRECTION('',(-1.,0.,0.));
#4409 = DIRECTION('',(0.,0.,1.));
#4410 = ORIENTED_EDGE('',*,*,#4411,.F.);
#4411 = EDGE_CURVE('',#4323,#4403,#4412,.T.);
#4412 = LINE('',#4413,#4414);
#4413 = CARTESIAN_POINT('',(-1.,-0.585,1.25));
#4414 = VECTOR('',#4415,1.);
#4415 = DIRECTION('',(1.,0.,0.));
#4416 = ORIENTED_EDGE('',*,*,#4330,.F.);
#4417 = CYLINDRICAL_SURFACE('',#4418,4.E-02);
#4418 = AXIS2_PLACEMENT_3D('',#4419,#4420,#4421);
#4419 = CARTESIAN_POINT('',(-1.,-0.585,1.21));
#4420 = DIRECTION('',(1.,0.,0.));
#4421 = DIRECTION('',(0.,-1.,0.));
#4422 = ADVANCED_FACE('',(#4423),#4441,.F.);
#4423 = FACE_BOUND('',#4424,.F.);
#4424 = EDGE_LOOP('',(#4425,#4426,#4427,#4435));
#4425 = ORIENTED_EDGE('',*,*,#4288,.F.);
#4426 = ORIENTED_EDGE('',*,*,#4377,.T.);
#4427 = ORIENTED_EDGE('',*,*,#4428,.T.);
#4428 = EDGE_CURVE('',#4378,#4429,#4431,.T.);
#4429 = VERTEX_POINT('',#4430);
#4430 = CARTESIAN_POINT('',(-0.6,0.585,0.));
#4431 = LINE('',#4432,#4433);
#4432 = CARTESIAN_POINT('',(-0.6,-0.625,0.));
#4433 = VECTOR('',#4434,1.);
#4434 = DIRECTION('',(0.,1.,0.));
#4435 = ORIENTED_EDGE('',*,*,#4436,.F.);
#4436 = EDGE_CURVE('',#4289,#4429,#4437,.T.);
#4437 = LINE('',#4438,#4439);
#4438 = CARTESIAN_POINT('',(-1.,0.585,0.));
#4439 = VECTOR('',#4440,1.);
#4440 = DIRECTION('',(1.,0.,0.));
#4441 = PLANE('',#4442);
#4442 = AXIS2_PLACEMENT_3D('',#4443,#4444,#4445);
#4443 = CARTESIAN_POINT('',(-1.,-0.625,0.));
#4444 = DIRECTION('',(0.,0.,1.));
#4445 = DIRECTION('',(1.,0.,-0.));
#4446 = ADVANCED_FACE('',(#4447),#4465,.T.);
#4447 = FACE_BOUND('',#4448,.T.);
#4448 = EDGE_LOOP('',(#4449,#4450,#4451,#4459));
#4449 = ORIENTED_EDGE('',*,*,#4322,.F.);
#4450 = ORIENTED_EDGE('',*,*,#4411,.T.);
#4451 = ORIENTED_EDGE('',*,*,#4452,.T.);
#4452 = EDGE_CURVE('',#4403,#4453,#4455,.T.);
#4453 = VERTEX_POINT('',#4454);
#4454 = CARTESIAN_POINT('',(-0.6,0.585,1.25));
#4455 = LINE('',#4456,#4457);
#4456 = CARTESIAN_POINT('',(-0.6,-0.625,1.25));
#4457 = VECTOR('',#4458,1.);
#4458 = DIRECTION('',(0.,1.,0.));
#4459 = ORIENTED_EDGE('',*,*,#4460,.F.);
#4460 = EDGE_CURVE('',#4314,#4453,#4461,.T.);
#4461 = LINE('',#4462,#4463);
#4462 = CARTESIAN_POINT('',(-1.,0.585,1.25));
#4463 = VECTOR('',#4464,1.);
#4464 = DIRECTION('',(1.,0.,0.));
#4465 = PLANE('',#4466);
#4466 = AXIS2_PLACEMENT_3D('',#4467,#4468,#4469);
#4467 = CARTESIAN_POINT('',(-1.,-0.625,1.25));
#4468 = DIRECTION('',(0.,0.,1.));
#4469 = DIRECTION('',(1.,0.,-0.));
#4470 = ADVANCED_FACE('',(#4471),#4490,.T.);
#4471 = FACE_BOUND('',#4472,.T.);
#4472 = EDGE_LOOP('',(#4473,#4481,#4488,#4489));
#4473 = ORIENTED_EDGE('',*,*,#4474,.T.);
#4474 = EDGE_CURVE('',#4297,#4475,#4477,.T.);
#4475 = VERTEX_POINT('',#4476);
#4476 = CARTESIAN_POINT('',(-0.6,0.625,4.E-02));
#4477 = LINE('',#4478,#4479);
#4478 = CARTESIAN_POINT('',(-1.,0.625,4.E-02));
#4479 = VECTOR('',#4480,1.);
#4480 = DIRECTION('',(1.,0.,0.));
#4481 = ORIENTED_EDGE('',*,*,#4482,.T.);
#4482 = EDGE_CURVE('',#4475,#4429,#4483,.T.);
#4483 = CIRCLE('',#4484,4.E-02);
#4484 = AXIS2_PLACEMENT_3D('',#4485,#4486,#4487);
#4485 = CARTESIAN_POINT('',(-0.6,0.585,4.E-02));
#4486 = DIRECTION('',(-1.,0.,0.));
#4487 = DIRECTION('',(0.,0.,1.));
#4488 = ORIENTED_EDGE('',*,*,#4436,.F.);
#4489 = ORIENTED_EDGE('',*,*,#4296,.F.);
#4490 = CYLINDRICAL_SURFACE('',#4491,4.E-02);
#4491 = AXIS2_PLACEMENT_3D('',#4492,#4493,#4494);
#4492 = CARTESIAN_POINT('',(-1.,0.585,4.E-02));
#4493 = DIRECTION('',(1.,0.,0.));
#4494 = DIRECTION('',(-0.,1.,0.));
#4495 = ADVANCED_FACE('',(#4496),#4515,.T.);
#4496 = FACE_BOUND('',#4497,.T.);
#4497 = EDGE_LOOP('',(#4498,#4499,#4500,#4509));
#4498 = ORIENTED_EDGE('',*,*,#4313,.T.);
#4499 = ORIENTED_EDGE('',*,*,#4460,.T.);
#4500 = ORIENTED_EDGE('',*,*,#4501,.F.);
#4501 = EDGE_CURVE('',#4502,#4453,#4504,.T.);
#4502 = VERTEX_POINT('',#4503);
#4503 = CARTESIAN_POINT('',(-0.6,0.625,1.21));
#4504 = CIRCLE('',#4505,4.E-02);
#4505 = AXIS2_PLACEMENT_3D('',#4506,#4507,#4508);
#4506 = CARTESIAN_POINT('',(-0.6,0.585,1.21));
#4507 = DIRECTION('',(1.,0.,-0.));
#4508 = DIRECTION('',(0.,0.,1.));
#4509 = ORIENTED_EDGE('',*,*,#4510,.F.);
#4510 = EDGE_CURVE('',#4306,#4502,#4511,.T.);
#4511 = LINE('',#4512,#4513);
#4512 = CARTESIAN_POINT('',(-1.,0.625,1.21));
#4513 = VECTOR('',#4514,1.);
#4514 = DIRECTION('',(1.,0.,0.));
#4515 = CYLINDRICAL_SURFACE('',#4516,4.E-02);
#4516 = AXIS2_PLACEMENT_3D('',#4517,#4518,#4519);
#4517 = CARTESIAN_POINT('',(-1.,0.585,1.21));
#4518 = DIRECTION('',(1.,0.,0.));
#4519 = DIRECTION('',(-0.,1.,0.));
#4520 = ADVANCED_FACE('',(#4521),#4532,.T.);
#4521 = FACE_BOUND('',#4522,.T.);
#4522 = EDGE_LOOP('',(#4523,#4529,#4530,#4531));
#4523 = ORIENTED_EDGE('',*,*,#4524,.F.);
#4524 = EDGE_CURVE('',#4475,#4502,#4525,.T.);
#4525 = LINE('',#4526,#4527);
#4526 = CARTESIAN_POINT('',(-0.6,0.625,0.));
#4527 = VECTOR('',#4528,1.);
#4528 = DIRECTION('',(0.,0.,1.));
#4529 = ORIENTED_EDGE('',*,*,#4474,.F.);
#4530 = ORIENTED_EDGE('',*,*,#4305,.T.);
#4531 = ORIENTED_EDGE('',*,*,#4510,.T.);
#4532 = PLANE('',#4533);
#4533 = AXIS2_PLACEMENT_3D('',#4534,#4535,#4536);
#4534 = CARTESIAN_POINT('',(-1.,0.625,0.));
#4535 = DIRECTION('',(0.,1.,0.));
#4536 = DIRECTION('',(0.,-0.,1.));
#4537 = ADVANCED_FACE('',(#4538,#4548),#4618,.T.);
#4538 = FACE_BOUND('',#4539,.T.);
#4539 = EDGE_LOOP('',(#4540,#4541,#4542,#4543,#4544,#4545,#4546,#4547));
#4540 = ORIENTED_EDGE('',*,*,#4345,.F.);
#4541 = ORIENTED_EDGE('',*,*,#4385,.T.);
#4542 = ORIENTED_EDGE('',*,*,#4428,.T.);
#4543 = ORIENTED_EDGE('',*,*,#4482,.F.);
#4544 = ORIENTED_EDGE('',*,*,#4524,.T.);
#4545 = ORIENTED_EDGE('',*,*,#4501,.T.);
#4546 = ORIENTED_EDGE('',*,*,#4452,.F.);
#4547 = ORIENTED_EDGE('',*,*,#4402,.F.);
#4548 = FACE_BOUND('',#4549,.T.);
#4549 = EDGE_LOOP('',(#4550,#4561,#4569,#4578,#4586,#4595,#4603,#4612));
#4550 = ORIENTED_EDGE('',*,*,#4551,.F.);
#4551 = EDGE_CURVE('',#4552,#4554,#4556,.T.);
#4552 = VERTEX_POINT('',#4553);
#4553 = CARTESIAN_POINT('',(-0.6,-0.585,8.E-02));
#4554 = VERTEX_POINT('',#4555);
#4555 = CARTESIAN_POINT('',(-0.6,-0.545,4.E-02));
#4556 = CIRCLE('',#4557,4.E-02);
#4557 = AXIS2_PLACEMENT_3D('',#4558,#4559,#4560);
#4558 = CARTESIAN_POINT('',(-0.6,-0.545,8.E-02));
#4559 = DIRECTION('',(1.,0.,-0.));
#4560 = DIRECTION('',(0.,0.,1.));
#4561 = ORIENTED_EDGE('',*,*,#4562,.T.);
#4562 = EDGE_CURVE('',#4552,#4563,#4565,.T.);
#4563 = VERTEX_POINT('',#4564);
#4564 = CARTESIAN_POINT('',(-0.6,-0.585,1.17));
#4565 = LINE('',#4566,#4567);
#4566 = CARTESIAN_POINT('',(-0.6,-0.585,4.E-02));
#4567 = VECTOR('',#4568,1.);
#4568 = DIRECTION('',(0.,0.,1.));
#4569 = ORIENTED_EDGE('',*,*,#4570,.T.);
#4570 = EDGE_CURVE('',#4563,#4571,#4573,.T.);
#4571 = VERTEX_POINT('',#4572);
#4572 = CARTESIAN_POINT('',(-0.6,-0.545,1.21));
#4573 = CIRCLE('',#4574,4.E-02);
#4574 = AXIS2_PLACEMENT_3D('',#4575,#4576,#4577);
#4575 = CARTESIAN_POINT('',(-0.6,-0.545,1.17));
#4576 = DIRECTION('',(-1.,0.,0.));
#4577 = DIRECTION('',(0.,0.,1.));
#4578 = ORIENTED_EDGE('',*,*,#4579,.T.);
#4579 = EDGE_CURVE('',#4571,#4580,#4582,.T.);
#4580 = VERTEX_POINT('',#4581);
#4581 = CARTESIAN_POINT('',(-0.6,0.545,1.21));
#4582 = LINE('',#4583,#4584);
#4583 = CARTESIAN_POINT('',(-0.6,-0.585,1.21));
#4584 = VECTOR('',#4585,1.);
#4585 = DIRECTION('',(0.,1.,0.));
#4586 = ORIENTED_EDGE('',*,*,#4587,.F.);
#4587 = EDGE_CURVE('',#4588,#4580,#4590,.T.);
#4588 = VERTEX_POINT('',#4589);
#4589 = CARTESIAN_POINT('',(-0.6,0.585,1.17));
#4590 = CIRCLE('',#4591,4.E-02);
#4591 = AXIS2_PLACEMENT_3D('',#4592,#4593,#4594);
#4592 = CARTESIAN_POINT('',(-0.6,0.545,1.17));
#4593 = DIRECTION('',(1.,0.,-0.));
#4594 = DIRECTION('',(0.,0.,1.));
#4595 = ORIENTED_EDGE('',*,*,#4596,.F.);
#4596 = EDGE_CURVE('',#4597,#4588,#4599,.T.);
#4597 = VERTEX_POINT('',#4598);
#4598 = CARTESIAN_POINT('',(-0.6,0.585,8.E-02));
#4599 = LINE('',#4600,#4601);
#4600 = CARTESIAN_POINT('',(-0.6,0.585,4.E-02));
#4601 = VECTOR('',#4602,1.);
#4602 = DIRECTION('',(0.,0.,1.));
#4603 = ORIENTED_EDGE('',*,*,#4604,.T.);
#4604 = EDGE_CURVE('',#4597,#4605,#4607,.T.);
#4605 = VERTEX_POINT('',#4606);
#4606 = CARTESIAN_POINT('',(-0.6,0.545,4.E-02));
#4607 = CIRCLE('',#4608,4.E-02);
#4608 = AXIS2_PLACEMENT_3D('',#4609,#4610,#4611);
#4609 = CARTESIAN_POINT('',(-0.6,0.545,8.E-02));
#4610 = DIRECTION('',(-1.,0.,0.));
#4611 = DIRECTION('',(0.,0.,1.));
#4612 = ORIENTED_EDGE('',*,*,#4613,.F.);
#4613 = EDGE_CURVE('',#4554,#4605,#4614,.T.);
#4614 = LINE('',#4615,#4616);
#4615 = CARTESIAN_POINT('',(-0.6,-0.585,4.E-02));
#4616 = VECTOR('',#4617,1.);
#4617 = DIRECTION('',(0.,1.,0.));
#4618 = PLANE('',#4619);
#4619 = AXIS2_PLACEMENT_3D('',#4620,#4621,#4622);
#4620 = CARTESIAN_POINT('',(-0.6,-0.625,0.));
#4621 = DIRECTION('',(1.,0.,0.));
#4622 = DIRECTION('',(0.,0.,1.));
#4623 = ADVANCED_FACE('',(#4624),#4650,.T.);
#4624 = FACE_BOUND('',#4625,.T.);
#4625 = EDGE_LOOP('',(#4626,#4627,#4635,#4644));
#4626 = ORIENTED_EDGE('',*,*,#4551,.T.);
#4627 = ORIENTED_EDGE('',*,*,#4628,.T.);
#4628 = EDGE_CURVE('',#4554,#4629,#4631,.T.);
#4629 = VERTEX_POINT('',#4630);
#4630 = CARTESIAN_POINT('',(0.6,-0.545,4.E-02));
#4631 = LINE('',#4632,#4633);
#4632 = CARTESIAN_POINT('',(-0.6,-0.545,4.E-02));
#4633 = VECTOR('',#4634,1.);
#4634 = DIRECTION('',(1.,0.,0.));
#4635 = ORIENTED_EDGE('',*,*,#4636,.F.);
#4636 = EDGE_CURVE('',#4637,#4629,#4639,.T.);
#4637 = VERTEX_POINT('',#4638);
#4638 = CARTESIAN_POINT('',(0.6,-0.585,8.E-02));
#4639 = CIRCLE('',#4640,4.E-02);
#4640 = AXIS2_PLACEMENT_3D('',#4641,#4642,#4643);
#4641 = CARTESIAN_POINT('',(0.6,-0.545,8.E-02));
#4642 = DIRECTION('',(1.,0.,-0.));
#4643 = DIRECTION('',(0.,0.,1.));
#4644 = ORIENTED_EDGE('',*,*,#4645,.F.);
#4645 = EDGE_CURVE('',#4552,#4637,#4646,.T.);
#4646 = LINE('',#4647,#4648);
#4647 = CARTESIAN_POINT('',(-0.6,-0.585,8.E-02));
#4648 = VECTOR('',#4649,1.);
#4649 = DIRECTION('',(1.,0.,0.));
#4650 = CYLINDRICAL_SURFACE('',#4651,4.E-02);
#4651 = AXIS2_PLACEMENT_3D('',#4652,#4653,#4654);
#4652 = CARTESIAN_POINT('',(-0.6,-0.545,8.E-02));
#4653 = DIRECTION('',(1.,0.,0.));
#4654 = DIRECTION('',(0.,-1.,0.));
#4655 = ADVANCED_FACE('',(#4656),#4674,.F.);
#4656 = FACE_BOUND('',#4657,.F.);
#4657 = EDGE_LOOP('',(#4658,#4659,#4660,#4668));
#4658 = ORIENTED_EDGE('',*,*,#4613,.F.);
#4659 = ORIENTED_EDGE('',*,*,#4628,.T.);
#4660 = ORIENTED_EDGE('',*,*,#4661,.T.);
#4661 = EDGE_CURVE('',#4629,#4662,#4664,.T.);
#4662 = VERTEX_POINT('',#4663);
#4663 = CARTESIAN_POINT('',(0.6,0.545,4.E-02));
#4664 = LINE('',#4665,#4666);
#4665 = CARTESIAN_POINT('',(0.6,-0.585,4.E-02));
#4666 = VECTOR('',#4667,1.);
#4667 = DIRECTION('',(0.,1.,0.));
#4668 = ORIENTED_EDGE('',*,*,#4669,.F.);
#4669 = EDGE_CURVE('',#4605,#4662,#4670,.T.);
#4670 = LINE('',#4671,#4672);
#4671 = CARTESIAN_POINT('',(-0.6,0.545,4.E-02));
#4672 = VECTOR('',#4673,1.);
#4673 = DIRECTION('',(1.,0.,0.));
#4674 = PLANE('',#4675);
#4675 = AXIS2_PLACEMENT_3D('',#4676,#4677,#4678);
#4676 = CARTESIAN_POINT('',(-0.6,-0.585,4.E-02));
#4677 = DIRECTION('',(0.,0.,1.));
#4678 = DIRECTION('',(1.,0.,-0.));
#4679 = ADVANCED_FACE('',(#4680),#4699,.T.);
#4680 = FACE_BOUND('',#4681,.T.);
#4681 = EDGE_LOOP('',(#4682,#4690,#4697,#4698));
#4682 = ORIENTED_EDGE('',*,*,#4683,.T.);
#4683 = EDGE_CURVE('',#4597,#4684,#4686,.T.);
#4684 = VERTEX_POINT('',#4685);
#4685 = CARTESIAN_POINT('',(0.6,0.585,8.E-02));
#4686 = LINE('',#4687,#4688);
#4687 = CARTESIAN_POINT('',(-0.6,0.585,8.E-02));
#4688 = VECTOR('',#4689,1.);
#4689 = DIRECTION('',(1.,0.,0.));
#4690 = ORIENTED_EDGE('',*,*,#4691,.T.);
#4691 = EDGE_CURVE('',#4684,#4662,#4692,.T.);
#4692 = CIRCLE('',#4693,4.E-02);
#4693 = AXIS2_PLACEMENT_3D('',#4694,#4695,#4696);
#4694 = CARTESIAN_POINT('',(0.6,0.545,8.E-02));
#4695 = DIRECTION('',(-1.,0.,0.));
#4696 = DIRECTION('',(0.,0.,1.));
#4697 = ORIENTED_EDGE('',*,*,#4669,.F.);
#4698 = ORIENTED_EDGE('',*,*,#4604,.F.);
#4699 = CYLINDRICAL_SURFACE('',#4700,4.E-02);
#4700 = AXIS2_PLACEMENT_3D('',#4701,#4702,#4703);
#4701 = CARTESIAN_POINT('',(-0.6,0.545,8.E-02));
#4702 = DIRECTION('',(1.,0.,0.));
#4703 = DIRECTION('',(-0.,1.,0.));
#4704 = ADVANCED_FACE('',(#4705),#4723,.T.);
#4705 = FACE_BOUND('',#4706,.T.);
#4706 = EDGE_LOOP('',(#4707,#4715,#4716,#4717));
#4707 = ORIENTED_EDGE('',*,*,#4708,.F.);
#4708 = EDGE_CURVE('',#4684,#4709,#4711,.T.);
#4709 = VERTEX_POINT('',#4710);
#4710 = CARTESIAN_POINT('',(0.6,0.585,1.17));
#4711 = LINE('',#4712,#4713);
#4712 = CARTESIAN_POINT('',(0.6,0.585,4.E-02));
#4713 = VECTOR('',#4714,1.);
#4714 = DIRECTION('',(0.,0.,1.));
#4715 = ORIENTED_EDGE('',*,*,#4683,.F.);
#4716 = ORIENTED_EDGE('',*,*,#4596,.T.);
#4717 = ORIENTED_EDGE('',*,*,#4718,.T.);
#4718 = EDGE_CURVE('',#4588,#4709,#4719,.T.);
#4719 = LINE('',#4720,#4721);
#4720 = CARTESIAN_POINT('',(-0.6,0.585,1.17));
#4721 = VECTOR('',#4722,1.);
#4722 = DIRECTION('',(1.,0.,0.));
#4723 = PLANE('',#4724);
#4724 = AXIS2_PLACEMENT_3D('',#4725,#4726,#4727);
#4725 = CARTESIAN_POINT('',(-0.6,0.585,4.E-02));
#4726 = DIRECTION('',(0.,1.,0.));
#4727 = DIRECTION('',(0.,-0.,1.));
#4728 = ADVANCED_FACE('',(#4729),#4748,.T.);
#4729 = FACE_BOUND('',#4730,.T.);
#4730 = EDGE_LOOP('',(#4731,#4732,#4740,#4747));
#4731 = ORIENTED_EDGE('',*,*,#4587,.T.);
#4732 = ORIENTED_EDGE('',*,*,#4733,.T.);
#4733 = EDGE_CURVE('',#4580,#4734,#4736,.T.);
#4734 = VERTEX_POINT('',#4735);
#4735 = CARTESIAN_POINT('',(0.6,0.545,1.21));
#4736 = LINE('',#4737,#4738);
#4737 = CARTESIAN_POINT('',(-0.6,0.545,1.21));
#4738 = VECTOR('',#4739,1.);
#4739 = DIRECTION('',(1.,0.,0.));
#4740 = ORIENTED_EDGE('',*,*,#4741,.F.);
#4741 = EDGE_CURVE('',#4709,#4734,#4742,.T.);
#4742 = CIRCLE('',#4743,4.E-02);
#4743 = AXIS2_PLACEMENT_3D('',#4744,#4745,#4746);
#4744 = CARTESIAN_POINT('',(0.6,0.545,1.17));
#4745 = DIRECTION('',(1.,0.,-0.));
#4746 = DIRECTION('',(0.,0.,1.));
#4747 = ORIENTED_EDGE('',*,*,#4718,.F.);
#4748 = CYLINDRICAL_SURFACE('',#4749,4.E-02);
#4749 = AXIS2_PLACEMENT_3D('',#4750,#4751,#4752);
#4750 = CARTESIAN_POINT('',(-0.6,0.545,1.17));
#4751 = DIRECTION('',(1.,0.,0.));
#4752 = DIRECTION('',(-0.,1.,0.));
#4753 = ADVANCED_FACE('',(#4754),#4772,.T.);
#4754 = FACE_BOUND('',#4755,.T.);
#4755 = EDGE_LOOP('',(#4756,#4757,#4765,#4771));
#4756 = ORIENTED_EDGE('',*,*,#4579,.F.);
#4757 = ORIENTED_EDGE('',*,*,#4758,.T.);
#4758 = EDGE_CURVE('',#4571,#4759,#4761,.T.);
#4759 = VERTEX_POINT('',#4760);
#4760 = CARTESIAN_POINT('',(0.6,-0.545,1.21));
#4761 = LINE('',#4762,#4763);
#4762 = CARTESIAN_POINT('',(-0.6,-0.545,1.21));
#4763 = VECTOR('',#4764,1.);
#4764 = DIRECTION('',(1.,0.,0.));
#4765 = ORIENTED_EDGE('',*,*,#4766,.T.);
#4766 = EDGE_CURVE('',#4759,#4734,#4767,.T.);
#4767 = LINE('',#4768,#4769);
#4768 = CARTESIAN_POINT('',(0.6,-0.585,1.21));
#4769 = VECTOR('',#4770,1.);
#4770 = DIRECTION('',(0.,1.,0.));
#4771 = ORIENTED_EDGE('',*,*,#4733,.F.);
#4772 = PLANE('',#4773);
#4773 = AXIS2_PLACEMENT_3D('',#4774,#4775,#4776);
#4774 = CARTESIAN_POINT('',(-0.6,-0.585,1.21));
#4775 = DIRECTION('',(0.,0.,1.));
#4776 = DIRECTION('',(1.,0.,-0.));
#4777 = ADVANCED_FACE('',(#4778),#4797,.T.);
#4778 = FACE_BOUND('',#4779,.T.);
#4779 = EDGE_LOOP('',(#4780,#4788,#4795,#4796));
#4780 = ORIENTED_EDGE('',*,*,#4781,.T.);
#4781 = EDGE_CURVE('',#4563,#4782,#4784,.T.);
#4782 = VERTEX_POINT('',#4783);
#4783 = CARTESIAN_POINT('',(0.6,-0.585,1.17));
#4784 = LINE('',#4785,#4786);
#4785 = CARTESIAN_POINT('',(-0.6,-0.585,1.17));
#4786 = VECTOR('',#4787,1.);
#4787 = DIRECTION('',(1.,0.,0.));
#4788 = ORIENTED_EDGE('',*,*,#4789,.T.);
#4789 = EDGE_CURVE('',#4782,#4759,#4790,.T.);
#4790 = CIRCLE('',#4791,4.E-02);
#4791 = AXIS2_PLACEMENT_3D('',#4792,#4793,#4794);
#4792 = CARTESIAN_POINT('',(0.6,-0.545,1.17));
#4793 = DIRECTION('',(-1.,0.,0.));
#4794 = DIRECTION('',(0.,0.,1.));
#4795 = ORIENTED_EDGE('',*,*,#4758,.F.);
#4796 = ORIENTED_EDGE('',*,*,#4570,.F.);
#4797 = CYLINDRICAL_SURFACE('',#4798,4.E-02);
#4798 = AXIS2_PLACEMENT_3D('',#4799,#4800,#4801);
#4799 = CARTESIAN_POINT('',(-0.6,-0.545,1.17));
#4800 = DIRECTION('',(1.,0.,0.));
#4801 = DIRECTION('',(0.,-1.,0.));
#4802 = ADVANCED_FACE('',(#4803),#4814,.F.);
#4803 = FACE_BOUND('',#4804,.F.);
#4804 = EDGE_LOOP('',(#4805,#4811,#4812,#4813));
#4805 = ORIENTED_EDGE('',*,*,#4806,.F.);
#4806 = EDGE_CURVE('',#4637,#4782,#4807,.T.);
#4807 = LINE('',#4808,#4809);
#4808 = CARTESIAN_POINT('',(0.6,-0.585,4.E-02));
#4809 = VECTOR('',#4810,1.);
#4810 = DIRECTION('',(0.,0.,1.));
#4811 = ORIENTED_EDGE('',*,*,#4645,.F.);
#4812 = ORIENTED_EDGE('',*,*,#4562,.T.);
#4813 = ORIENTED_EDGE('',*,*,#4781,.T.);
#4814 = PLANE('',#4815);
#4815 = AXIS2_PLACEMENT_3D('',#4816,#4817,#4818);
#4816 = CARTESIAN_POINT('',(-0.6,-0.585,4.E-02));
#4817 = DIRECTION('',(0.,1.,0.));
#4818 = DIRECTION('',(0.,-0.,1.));
#4819 = ADVANCED_FACE('',(#4820,#4890),#4900,.F.);
#4820 = FACE_BOUND('',#4821,.F.);
#4821 = EDGE_LOOP('',(#4822,#4832,#4841,#4849,#4858,#4866,#4875,#4883));
#4822 = ORIENTED_EDGE('',*,*,#4823,.F.);
#4823 = EDGE_CURVE('',#4824,#4826,#4828,.T.);
#4824 = VERTEX_POINT('',#4825);
#4825 = CARTESIAN_POINT('',(0.6,-0.625,4.E-02));
#4826 = VERTEX_POINT('',#4827);
#4827 = CARTESIAN_POINT('',(0.6,-0.625,1.21));
#4828 = LINE('',#4829,#4830);
#4829 = CARTESIAN_POINT('',(0.6,-0.625,0.));
#4830 = VECTOR('',#4831,1.);
#4831 = DIRECTION('',(0.,0.,1.));
#4832 = ORIENTED_EDGE('',*,*,#4833,.T.);
#4833 = EDGE_CURVE('',#4824,#4834,#4836,.T.);
#4834 = VERTEX_POINT('',#4835);
#4835 = CARTESIAN_POINT('',(0.6,-0.585,0.));
#4836 = CIRCLE('',#4837,4.E-02);
#4837 = AXIS2_PLACEMENT_3D('',#4838,#4839,#4840);
#4838 = CARTESIAN_POINT('',(0.6,-0.585,4.E-02));
#4839 = DIRECTION('',(1.,0.,-0.));
#4840 = DIRECTION('',(0.,0.,1.));
#4841 = ORIENTED_EDGE('',*,*,#4842,.T.);
#4842 = EDGE_CURVE('',#4834,#4843,#4845,.T.);
#4843 = VERTEX_POINT('',#4844);
#4844 = CARTESIAN_POINT('',(0.6,0.585,0.));
#4845 = LINE('',#4846,#4847);
#4846 = CARTESIAN_POINT('',(0.6,-0.625,0.));
#4847 = VECTOR('',#4848,1.);
#4848 = DIRECTION('',(0.,1.,0.));
#4849 = ORIENTED_EDGE('',*,*,#4850,.F.);
#4850 = EDGE_CURVE('',#4851,#4843,#4853,.T.);
#4851 = VERTEX_POINT('',#4852);
#4852 = CARTESIAN_POINT('',(0.6,0.625,4.E-02));
#4853 = CIRCLE('',#4854,4.E-02);
#4854 = AXIS2_PLACEMENT_3D('',#4855,#4856,#4857);
#4855 = CARTESIAN_POINT('',(0.6,0.585,4.E-02));
#4856 = DIRECTION('',(-1.,0.,0.));
#4857 = DIRECTION('',(0.,0.,1.));
#4858 = ORIENTED_EDGE('',*,*,#4859,.T.);
#4859 = EDGE_CURVE('',#4851,#4860,#4862,.T.);
#4860 = VERTEX_POINT('',#4861);
#4861 = CARTESIAN_POINT('',(0.6,0.625,1.21));
#4862 = LINE('',#4863,#4864);
#4863 = CARTESIAN_POINT('',(0.6,0.625,0.));
#4864 = VECTOR('',#4865,1.);
#4865 = DIRECTION('',(0.,0.,1.));
#4866 = ORIENTED_EDGE('',*,*,#4867,.T.);
#4867 = EDGE_CURVE('',#4860,#4868,#4870,.T.);
#4868 = VERTEX_POINT('',#4869);
#4869 = CARTESIAN_POINT('',(0.6,0.585,1.25));
#4870 = CIRCLE('',#4871,4.E-02);
#4871 = AXIS2_PLACEMENT_3D('',#4872,#4873,#4874);
#4872 = CARTESIAN_POINT('',(0.6,0.585,1.21));
#4873 = DIRECTION('',(1.,0.,-0.));
#4874 = DIRECTION('',(0.,0.,1.));
#4875 = ORIENTED_EDGE('',*,*,#4876,.F.);
#4876 = EDGE_CURVE('',#4877,#4868,#4879,.T.);
#4877 = VERTEX_POINT('',#4878);
#4878 = CARTESIAN_POINT('',(0.6,-0.585,1.25));
#4879 = LINE('',#4880,#4881);
#4880 = CARTESIAN_POINT('',(0.6,-0.625,1.25));
#4881 = VECTOR('',#4882,1.);
#4882 = DIRECTION('',(0.,1.,0.));
#4883 = ORIENTED_EDGE('',*,*,#4884,.F.);
#4884 = EDGE_CURVE('',#4826,#4877,#4885,.T.);
#4885 = CIRCLE('',#4886,4.E-02);
#4886 = AXIS2_PLACEMENT_3D('',#4887,#4888,#4889);
#4887 = CARTESIAN_POINT('',(0.6,-0.585,1.21));
#4888 = DIRECTION('',(-1.,0.,0.));
#4889 = DIRECTION('',(0.,0.,1.));
#4890 = FACE_BOUND('',#4891,.F.);
#4891 = EDGE_LOOP('',(#4892,#4893,#4894,#4895,#4896,#4897,#4898,#4899));
#4892 = ORIENTED_EDGE('',*,*,#4636,.F.);
#4893 = ORIENTED_EDGE('',*,*,#4806,.T.);
#4894 = ORIENTED_EDGE('',*,*,#4789,.T.);
#4895 = ORIENTED_EDGE('',*,*,#4766,.T.);
#4896 = ORIENTED_EDGE('',*,*,#4741,.F.);
#4897 = ORIENTED_EDGE('',*,*,#4708,.F.);
#4898 = ORIENTED_EDGE('',*,*,#4691,.T.);
#4899 = ORIENTED_EDGE('',*,*,#4661,.F.);
#4900 = PLANE('',#4901);
#4901 = AXIS2_PLACEMENT_3D('',#4902,#4903,#4904);
#4902 = CARTESIAN_POINT('',(0.6,-0.625,0.));
#4903 = DIRECTION('',(1.,0.,0.));
#4904 = DIRECTION('',(0.,0.,1.));
#4905 = ADVANCED_FACE('',(#4906),#4931,.F.);
#4906 = FACE_BOUND('',#4907,.F.);
#4907 = EDGE_LOOP('',(#4908,#4918,#4924,#4925));
#4908 = ORIENTED_EDGE('',*,*,#4909,.F.);
#4909 = EDGE_CURVE('',#4910,#4912,#4914,.T.);
#4910 = VERTEX_POINT('',#4911);
#4911 = CARTESIAN_POINT('',(1.,-0.625,4.E-02));
#4912 = VERTEX_POINT('',#4913);
#4913 = CARTESIAN_POINT('',(1.,-0.625,1.21));
#4914 = LINE('',#4915,#4916);
#4915 = CARTESIAN_POINT('',(1.,-0.625,0.));
#4916 = VECTOR('',#4917,1.);
#4917 = DIRECTION('',(0.,0.,1.));
#4918 = ORIENTED_EDGE('',*,*,#4919,.F.);
#4919 = EDGE_CURVE('',#4824,#4910,#4920,.T.);
#4920 = LINE('',#4921,#4922);
#4921 = CARTESIAN_POINT('',(0.6,-0.625,4.E-02));
#4922 = VECTOR('',#4923,1.);
#4923 = DIRECTION('',(1.,0.,0.));
#4924 = ORIENTED_EDGE('',*,*,#4823,.T.);
#4925 = ORIENTED_EDGE('',*,*,#4926,.T.);
#4926 = EDGE_CURVE('',#4826,#4912,#4927,.T.);
#4927 = LINE('',#4928,#4929);
#4928 = CARTESIAN_POINT('',(0.6,-0.625,1.21));
#4929 = VECTOR('',#4930,1.);
#4930 = DIRECTION('',(1.,0.,0.));
#4931 = PLANE('',#4932);
#4932 = AXIS2_PLACEMENT_3D('',#4933,#4934,#4935);
#4933 = CARTESIAN_POINT('',(0.6,-0.625,0.));
#4934 = DIRECTION('',(0.,1.,0.));
#4935 = DIRECTION('',(0.,-0.,1.));
#4936 = ADVANCED_FACE('',(#4937),#4956,.T.);
#4937 = FACE_BOUND('',#4938,.T.);
#4938 = EDGE_LOOP('',(#4939,#4940,#4948,#4955));
#4939 = ORIENTED_EDGE('',*,*,#4833,.T.);
#4940 = ORIENTED_EDGE('',*,*,#4941,.T.);
#4941 = EDGE_CURVE('',#4834,#4942,#4944,.T.);
#4942 = VERTEX_POINT('',#4943);
#4943 = CARTESIAN_POINT('',(1.,-0.585,0.));
#4944 = LINE('',#4945,#4946);
#4945 = CARTESIAN_POINT('',(0.6,-0.585,0.));
#4946 = VECTOR('',#4947,1.);
#4947 = DIRECTION('',(1.,0.,0.));
#4948 = ORIENTED_EDGE('',*,*,#4949,.F.);
#4949 = EDGE_CURVE('',#4910,#4942,#4950,.T.);
#4950 = CIRCLE('',#4951,4.E-02);
#4951 = AXIS2_PLACEMENT_3D('',#4952,#4953,#4954);
#4952 = CARTESIAN_POINT('',(1.,-0.585,4.E-02));
#4953 = DIRECTION('',(1.,0.,-0.));
#4954 = DIRECTION('',(0.,0.,1.));
#4955 = ORIENTED_EDGE('',*,*,#4919,.F.);
#4956 = CYLINDRICAL_SURFACE('',#4957,4.E-02);
#4957 = AXIS2_PLACEMENT_3D('',#4958,#4959,#4960);
#4958 = CARTESIAN_POINT('',(0.6,-0.585,4.E-02));
#4959 = DIRECTION('',(1.,0.,0.));
#4960 = DIRECTION('',(0.,-1.,0.));
#4961 = ADVANCED_FACE('',(#4962),#4981,.T.);
#4962 = FACE_BOUND('',#4963,.T.);
#4963 = EDGE_LOOP('',(#4964,#4965,#4974,#4980));
#4964 = ORIENTED_EDGE('',*,*,#4926,.T.);
#4965 = ORIENTED_EDGE('',*,*,#4966,.T.);
#4966 = EDGE_CURVE('',#4912,#4967,#4969,.T.);
#4967 = VERTEX_POINT('',#4968);
#4968 = CARTESIAN_POINT('',(1.,-0.585,1.25));
#4969 = CIRCLE('',#4970,4.E-02);
#4970 = AXIS2_PLACEMENT_3D('',#4971,#4972,#4973);
#4971 = CARTESIAN_POINT('',(1.,-0.585,1.21));
#4972 = DIRECTION('',(-1.,0.,0.));
#4973 = DIRECTION('',(0.,0.,1.));
#4974 = ORIENTED_EDGE('',*,*,#4975,.F.);
#4975 = EDGE_CURVE('',#4877,#4967,#4976,.T.);
#4976 = LINE('',#4977,#4978);
#4977 = CARTESIAN_POINT('',(0.6,-0.585,1.25));
#4978 = VECTOR('',#4979,1.);
#4979 = DIRECTION('',(1.,0.,0.));
#4980 = ORIENTED_EDGE('',*,*,#4884,.F.);
#4981 = CYLINDRICAL_SURFACE('',#4982,4.E-02);
#4982 = AXIS2_PLACEMENT_3D('',#4983,#4984,#4985);
#4983 = CARTESIAN_POINT('',(0.6,-0.585,1.21));
#4984 = DIRECTION('',(1.,0.,0.));
#4985 = DIRECTION('',(0.,-1.,0.));
#4986 = ADVANCED_FACE('',(#4987),#5005,.F.);
#4987 = FACE_BOUND('',#4988,.F.);
#4988 = EDGE_LOOP('',(#4989,#4990,#4991,#4999));
#4989 = ORIENTED_EDGE('',*,*,#4842,.F.);
#4990 = ORIENTED_EDGE('',*,*,#4941,.T.);
#4991 = ORIENTED_EDGE('',*,*,#4992,.T.);
#4992 = EDGE_CURVE('',#4942,#4993,#4995,.T.);
#4993 = VERTEX_POINT('',#4994);
#4994 = CARTESIAN_POINT('',(1.,0.585,0.));
#4995 = LINE('',#4996,#4997);
#4996 = CARTESIAN_POINT('',(1.,-0.625,0.));
#4997 = VECTOR('',#4998,1.);
#4998 = DIRECTION('',(0.,1.,0.));
#4999 = ORIENTED_EDGE('',*,*,#5000,.F.);
#5000 = EDGE_CURVE('',#4843,#4993,#5001,.T.);
#5001 = LINE('',#5002,#5003);
#5002 = CARTESIAN_POINT('',(0.6,0.585,0.));
#5003 = VECTOR('',#5004,1.);
#5004 = DIRECTION('',(1.,0.,0.));
#5005 = PLANE('',#5006);
#5006 = AXIS2_PLACEMENT_3D('',#5007,#5008,#5009);
#5007 = CARTESIAN_POINT('',(0.6,-0.625,0.));
#5008 = DIRECTION('',(0.,0.,1.));
#5009 = DIRECTION('',(1.,0.,-0.));
#5010 = ADVANCED_FACE('',(#5011),#5029,.T.);
#5011 = FACE_BOUND('',#5012,.T.);
#5012 = EDGE_LOOP('',(#5013,#5014,#5015,#5023));
#5013 = ORIENTED_EDGE('',*,*,#4876,.F.);
#5014 = ORIENTED_EDGE('',*,*,#4975,.T.);
#5015 = ORIENTED_EDGE('',*,*,#5016,.T.);
#5016 = EDGE_CURVE('',#4967,#5017,#5019,.T.);
#5017 = VERTEX_POINT('',#5018);
#5018 = CARTESIAN_POINT('',(1.,0.585,1.25));
#5019 = LINE('',#5020,#5021);
#5020 = CARTESIAN_POINT('',(1.,-0.625,1.25));
#5021 = VECTOR('',#5022,1.);
#5022 = DIRECTION('',(0.,1.,0.));
#5023 = ORIENTED_EDGE('',*,*,#5024,.F.);
#5024 = EDGE_CURVE('',#4868,#5017,#5025,.T.);
#5025 = LINE('',#5026,#5027);
#5026 = CARTESIAN_POINT('',(0.6,0.585,1.25));
#5027 = VECTOR('',#5028,1.);
#5028 = DIRECTION('',(1.,0.,0.));
#5029 = PLANE('',#5030);
#5030 = AXIS2_PLACEMENT_3D('',#5031,#5032,#5033);
#5031 = CARTESIAN_POINT('',(0.6,-0.625,1.25));
#5032 = DIRECTION('',(0.,0.,1.));
#5033 = DIRECTION('',(1.,0.,-0.));
#5034 = ADVANCED_FACE('',(#5035),#5054,.T.);
#5035 = FACE_BOUND('',#5036,.T.);
#5036 = EDGE_LOOP('',(#5037,#5045,#5052,#5053));
#5037 = ORIENTED_EDGE('',*,*,#5038,.T.);
#5038 = EDGE_CURVE('',#4851,#5039,#5041,.T.);
#5039 = VERTEX_POINT('',#5040);
#5040 = CARTESIAN_POINT('',(1.,0.625,4.E-02));
#5041 = LINE('',#5042,#5043);
#5042 = CARTESIAN_POINT('',(0.6,0.625,4.E-02));
#5043 = VECTOR('',#5044,1.);
#5044 = DIRECTION('',(1.,0.,0.));
#5045 = ORIENTED_EDGE('',*,*,#5046,.T.);
#5046 = EDGE_CURVE('',#5039,#4993,#5047,.T.);
#5047 = CIRCLE('',#5048,4.E-02);
#5048 = AXIS2_PLACEMENT_3D('',#5049,#5050,#5051);
#5049 = CARTESIAN_POINT('',(1.,0.585,4.E-02));
#5050 = DIRECTION('',(-1.,0.,0.));
#5051 = DIRECTION('',(0.,0.,1.));
#5052 = ORIENTED_EDGE('',*,*,#5000,.F.);
#5053 = ORIENTED_EDGE('',*,*,#4850,.F.);
#5054 = CYLINDRICAL_SURFACE('',#5055,4.E-02);
#5055 = AXIS2_PLACEMENT_3D('',#5056,#5057,#5058);
#5056 = CARTESIAN_POINT('',(0.6,0.585,4.E-02));
#5057 = DIRECTION('',(1.,0.,0.));
#5058 = DIRECTION('',(-0.,1.,0.));
#5059 = ADVANCED_FACE('',(#5060),#5079,.T.);
#5060 = FACE_BOUND('',#5061,.T.);
#5061 = EDGE_LOOP('',(#5062,#5063,#5064,#5073));
#5062 = ORIENTED_EDGE('',*,*,#4867,.T.);
#5063 = ORIENTED_EDGE('',*,*,#5024,.T.);
#5064 = ORIENTED_EDGE('',*,*,#5065,.F.);
#5065 = EDGE_CURVE('',#5066,#5017,#5068,.T.);
#5066 = VERTEX_POINT('',#5067);
#5067 = CARTESIAN_POINT('',(1.,0.625,1.21));
#5068 = CIRCLE('',#5069,4.E-02);
#5069 = AXIS2_PLACEMENT_3D('',#5070,#5071,#5072);
#5070 = CARTESIAN_POINT('',(1.,0.585,1.21));
#5071 = DIRECTION('',(1.,0.,-0.));
#5072 = DIRECTION('',(0.,0.,1.));
#5073 = ORIENTED_EDGE('',*,*,#5074,.F.);
#5074 = EDGE_CURVE('',#4860,#5066,#5075,.T.);
#5075 = LINE('',#5076,#5077);
#5076 = CARTESIAN_POINT('',(0.6,0.625,1.21));
#5077 = VECTOR('',#5078,1.);
#5078 = DIRECTION('',(1.,0.,0.));
#5079 = CYLINDRICAL_SURFACE('',#5080,4.E-02);
#5080 = AXIS2_PLACEMENT_3D('',#5081,#5082,#5083);
#5081 = CARTESIAN_POINT('',(0.6,0.585,1.21));
#5082 = DIRECTION('',(1.,0.,0.));
#5083 = DIRECTION('',(-0.,1.,0.));
#5084 = ADVANCED_FACE('',(#5085),#5096,.T.);
#5085 = FACE_BOUND('',#5086,.T.);
#5086 = EDGE_LOOP('',(#5087,#5093,#5094,#5095));
#5087 = ORIENTED_EDGE('',*,*,#5088,.F.);
#5088 = EDGE_CURVE('',#5039,#5066,#5089,.T.);
#5089 = LINE('',#5090,#5091);
#5090 = CARTESIAN_POINT('',(1.,0.625,0.));
#5091 = VECTOR('',#5092,1.);
#5092 = DIRECTION('',(0.,0.,1.));
#5093 = ORIENTED_EDGE('',*,*,#5038,.F.);
#5094 = ORIENTED_EDGE('',*,*,#4859,.T.);
#5095 = ORIENTED_EDGE('',*,*,#5074,.T.);
#5096 = PLANE('',#5097);
#5097 = AXIS2_PLACEMENT_3D('',#5098,#5099,#5100);
#5098 = CARTESIAN_POINT('',(0.6,0.625,0.));
#5099 = DIRECTION('',(0.,1.,0.));
#5100 = DIRECTION('',(0.,-0.,1.));
#5101 = ADVANCED_FACE('',(#5102),#5112,.T.);
#5102 = FACE_BOUND('',#5103,.T.);
#5103 = EDGE_LOOP('',(#5104,#5105,#5106,#5107,#5108,#5109,#5110,#5111));
#5104 = ORIENTED_EDGE('',*,*,#4909,.F.);
#5105 = ORIENTED_EDGE('',*,*,#4949,.T.);
#5106 = ORIENTED_EDGE('',*,*,#4992,.T.);
#5107 = ORIENTED_EDGE('',*,*,#5046,.F.);
#5108 = ORIENTED_EDGE('',*,*,#5088,.T.);
#5109 = ORIENTED_EDGE('',*,*,#5065,.T.);
#5110 = ORIENTED_EDGE('',*,*,#5016,.F.);
#5111 = ORIENTED_EDGE('',*,*,#4966,.F.);
#5112 = PLANE('',#5113);
#5113 = AXIS2_PLACEMENT_3D('',#5114,#5115,#5116);
#5114 = CARTESIAN_POINT('',(1.,-0.625,0.));
#5115 = DIRECTION('',(1.,0.,0.));
#5116 = DIRECTION('',(0.,0.,1.));
#5117 = ( GEOMETRIC_REPRESENTATION_CONTEXT(3) 
GLOBAL_UNCERTAINTY_ASSIGNED_CONTEXT((#5121)) 
GLOBAL_UNIT_ASSIGNED_CONTEXT((#5118,#5119,#5120)) REPRESENTATION_CONTEXT
('Context #1','3D Context with UNIT and UNCERTAINTY') );
#5118 = ( LENGTH_UNIT() NAMED_UNIT(*) SI_UNIT(.MILLI.,.METRE.) );
#5119 = ( NAMED_UNIT(*) PLANE_ANGLE_UNIT() SI_UNIT($,.RADIAN.) );
#5120 = ( NAMED_UNIT(*) SI_UNIT($,.STERADIAN.) SOLID_ANGLE_UNIT() );
#5121 = UNCERTAINTY_MEASURE_WITH_UNIT(LENGTH_MEASURE(1.E-07),#5118,
  'distance_accuracy_value','confusion accuracy');
#5122 = CONTEXT_DEPENDENT_SHAPE_REPRESENTATION(#5123,#5125);
#5123 = ( REPRESENTATION_RELATIONSHIP('','',#4262,#4239) 
REPRESENTATION_RELATIONSHIP_WITH_TRANSFORMATION(#5124) 
SHAPE_REPRESENTATION_RELATIONSHIP() );
#5124 = ITEM_DEFINED_TRANSFORMATION('','',#11,#4240);
#5125 = PRODUCT_DEFINITION_SHAPE('Placement','Placement of an item',
  #5126);
#5126 = NEXT_ASSEMBLY_USAGE_OCCURRENCE('10','=>[0:1:1:11]','',#4234,
  #4257,$);
#5127 = PRODUCT_RELATED_PRODUCT_CATEGORY('part',$,(#4259));
#5128 = CONTEXT_DEPENDENT_SHAPE_REPRESENTATION(#5129,#5131);
#5129 = ( REPRESENTATION_RELATIONSHIP('','',#136,#10) 
REPRESENTATION_RELATIONSHIP_WITH_TRANSFORMATION(#5130) 
SHAPE_REPRESENTATION_RELATIONSHIP() );
#5130 = ITEM_DEFINED_TRANSFORMATION('','',#11,#39);
#5131 = PRODUCT_DEFINITION_SHAPE('Placement','Placement of an item',
  #5132);
#5132 = NEXT_ASSEMBLY_USAGE_OCCURRENCE('12','R4','',#5,#131,$);
#5133 = CONTEXT_DEPENDENT_SHAPE_REPRESENTATION(#5134,#5136);
#5134 = ( REPRESENTATION_RELATIONSHIP('','',#1869,#10) 
REPRESENTATION_RELATIONSHIP_WITH_TRANSFORMATION(#5135) 
SHAPE_REPRESENTATION_RELATIONSHIP() );
#5135 = ITEM_DEFINED_TRANSFORMATION('','',#11,#43);
#5136 = PRODUCT_DEFINITION_SHAPE('Placement','Placement of an item',
  #5137);
#5137 = NEXT_ASSEMBLY_USAGE_OCCURRENCE('13','L4','',#5,#1864,$);
#5138 = CONTEXT_DEPENDENT_SHAPE_REPRESENTATION(#5139,#5141);
#5139 = ( REPRESENTATION_RELATIONSHIP('','',#4239,#10) 
REPRESENTATION_RELATIONSHIP_WITH_TRANSFORMATION(#5140) 
SHAPE_REPRESENTATION_RELATIONSHIP() );
#5140 = ITEM_DEFINED_TRANSFORMATION('','',#11,#47);
#5141 = PRODUCT_DEFINITION_SHAPE('Placement','Placement of an item',
  #5142);
#5142 = NEXT_ASSEMBLY_USAGE_OCCURRENCE('14','C9','',#5,#4234,$);
#5143 = CONTEXT_DEPENDENT_SHAPE_REPRESENTATION(#5144,#5146);
#5144 = ( REPRESENTATION_RELATIONSHIP('','',#4239,#10) 
REPRESENTATION_RELATIONSHIP_WITH_TRANSFORMATION(#5145) 
SHAPE_REPRESENTATION_RELATIONSHIP() );
#5145 = ITEM_DEFINED_TRANSFORMATION('','',#11,#51);
#5146 = PRODUCT_DEFINITION_SHAPE('Placement','Placement of an item',
  #5147);
#5147 = NEXT_ASSEMBLY_USAGE_OCCURRENCE('15','C1','',#5,#4234,$);
#5148 = SHAPE_DEFINITION_REPRESENTATION(#5149,#5155);
#5149 = PRODUCT_DEFINITION_SHAPE('','',#5150);
#5150 = PRODUCT_DEFINITION('design','',#5151,#5154);
#5151 = PRODUCT_DEFINITION_FORMATION('','',#5152);
#5152 = PRODUCT('SMA_Samtec_SMA-J-P-H-ST-EM1_EdgeMount',
  'SMA_Samtec_SMA-J-P-H-ST-EM1_EdgeMount','',(#5153));
#5153 = PRODUCT_CONTEXT('',#2,'mechanical');
#5154 = PRODUCT_DEFINITION_CONTEXT('part definition',#2,'design');
#5155 = SHAPE_REPRESENTATION('',(#11,#5156),#5160);
#5156 = AXIS2_PLACEMENT_3D('',#5157,#5158,#5159);
#5157 = CARTESIAN_POINT('',(0.,0.,0.));
#5158 = DIRECTION('',(0.,0.,1.));
#5159 = DIRECTION('',(1.,0.,-0.));
#5160 = ( GEOMETRIC_REPRESENTATION_CONTEXT(3) 
GLOBAL_UNCERTAINTY_ASSIGNED_CONTEXT((#5164)) 
GLOBAL_UNIT_ASSIGNED_CONTEXT((#5161,#5162,#5163)) REPRESENTATION_CONTEXT
('Context #1','3D Context with UNIT and UNCERTAINTY') );
#5161 = ( LENGTH_UNIT() NAMED_UNIT(*) SI_UNIT(.MILLI.,.METRE.) );
#5162 = ( NAMED_UNIT(*) PLANE_ANGLE_UNIT() SI_UNIT($,.RADIAN.) );
#5163 = ( NAMED_UNIT(*) SI_UNIT($,.STERADIAN.) SOLID_ANGLE_UNIT() );
#5164 = UNCERTAINTY_MEASURE_WITH_UNIT(LENGTH_MEASURE(1.E-07),#5161,
  'distance_accuracy_value','confusion accuracy');
#5165 = CONTEXT_DEPENDENT_SHAPE_REPRESENTATION(#5166,#5168);
#5166 = ( REPRESENTATION_RELATIONSHIP('','',#5155,#10) 
REPRESENTATION_RELATIONSHIP_WITH_TRANSFORMATION(#5167) 
SHAPE_REPRESENTATION_RELATIONSHIP() );
#5167 = ITEM_DEFINED_TRANSFORMATION('','',#11,#55);
#5168 = PRODUCT_DEFINITION_SHAPE('Placement','Placement of an item',
  #5169);
#5169 = NEXT_ASSEMBLY_USAGE_OCCURRENCE('17','J2','',#5,#5150,$);
#5170 = PRODUCT_RELATED_PRODUCT_CATEGORY('part',$,(#5152));
#5171 = SHAPE_DEFINITION_REPRESENTATION(#5172,#5178);
#5172 = PRODUCT_DEFINITION_SHAPE('','',#5173);
#5173 = PRODUCT_DEFINITION('design','',#5174,#5177);
#5174 = PRODUCT_DEFINITION_FORMATION('','',#5175);
#5175 = PRODUCT('SMA_Samtec_SMA-J-P-H-ST-EM1_EdgeMount',
  'SMA_Samtec_SMA-J-P-H-ST-EM1_EdgeMount','',(#5176));
#5176 = PRODUCT_CONTEXT('',#2,'mechanical');
#5177 = PRODUCT_DEFINITION_CONTEXT('part definition',#2,'design');
#5178 = ADVANCED_BREP_SHAPE_REPRESENTATION('',(#11,#5179),#9837);
#5179 = MANIFOLD_SOLID_BREP('',#5180);
#5180 = CLOSED_SHELL('',(#5181,#5221,#5276,#5331,#5437,#5465,#5489,#5520
    ,#5551,#5582,#5613,#5637,#5661,#5678,#5702,#5726,#5757,#5774,#5798,
    #5822,#5839,#5864,#5889,#5906,#5923,#5935,#5947,#5959,#5971,#5980,
    #6110,#6255,#6328,#6491,#6518,#6629,#6738,#6853,#6999,#7110,#7219,
    #7328,#7474,#7585,#7694,#7803,#7949,#8060,#8169,#8278,#8424,#8535,
    #8644,#8753,#8899,#9010,#9119,#9228,#9338,#9451,#9564,#9581,#9644,
    #9713,#9738,#9758,#9783,#9803,#9828));
#5181 = ADVANCED_FACE('',(#5182),#5216,.T.);
#5182 = FACE_BOUND('',#5183,.T.);
#5183 = EDGE_LOOP('',(#5184,#5194,#5202,#5210));
#5184 = ORIENTED_EDGE('',*,*,#5185,.T.);
#5185 = EDGE_CURVE('',#5186,#5188,#5190,.T.);
#5186 = VERTEX_POINT('',#5187);
#5187 = CARTESIAN_POINT('',(2.1,-3.175,3.675));
#5188 = VERTEX_POINT('',#5189);
#5189 = CARTESIAN_POINT('',(3.7,-3.175,3.675));
#5190 = LINE('',#5191,#5192);
#5191 = CARTESIAN_POINT('',(2.1,-3.175,3.675));
#5192 = VECTOR('',#5193,1.);
#5193 = DIRECTION('',(1.,-4.440892098501E-16,6.7E-16));
#5194 = ORIENTED_EDGE('',*,*,#5195,.T.);
#5195 = EDGE_CURVE('',#5188,#5196,#5198,.T.);
#5196 = VERTEX_POINT('',#5197);
#5197 = CARTESIAN_POINT('',(3.7,3.175,3.675));
#5198 = LINE('',#5199,#5200);
#5199 = CARTESIAN_POINT('',(3.7,-3.175,3.675));
#5200 = VECTOR('',#5201,1.);
#5201 = DIRECTION('',(4.440892098501E-16,1.,0.));
#5202 = ORIENTED_EDGE('',*,*,#5203,.F.);
#5203 = EDGE_CURVE('',#5204,#5196,#5206,.T.);
#5204 = VERTEX_POINT('',#5205);
#5205 = CARTESIAN_POINT('',(2.1,3.175,3.675));
#5206 = LINE('',#5207,#5208);
#5207 = CARTESIAN_POINT('',(2.1,3.175,3.675));
#5208 = VECTOR('',#5209,1.);
#5209 = DIRECTION('',(1.,-4.440892098501E-16,6.7E-16));
#5210 = ORIENTED_EDGE('',*,*,#5211,.F.);
#5211 = EDGE_CURVE('',#5186,#5204,#5212,.T.);
#5212 = LINE('',#5213,#5214);
#5213 = CARTESIAN_POINT('',(2.1,-3.175,3.675));
#5214 = VECTOR('',#5215,1.);
#5215 = DIRECTION('',(4.440892098501E-16,1.,0.));
#5216 = PLANE('',#5217);
#5217 = AXIS2_PLACEMENT_3D('',#5218,#5219,#5220);
#5218 = CARTESIAN_POINT('',(2.1,-3.175,3.675));
#5219 = DIRECTION('',(-6.7E-16,2.975397705995E-31,1.));
#5220 = DIRECTION('',(4.440892098501E-16,1.,6.699958282553E-44));
#5221 = ADVANCED_FACE('',(#5222),#5271,.T.);
#5222 = FACE_BOUND('',#5223,.T.);
#5223 = EDGE_LOOP('',(#5224,#5234,#5240,#5241,#5249,#5257,#5265));
#5224 = ORIENTED_EDGE('',*,*,#5225,.T.);
#5225 = EDGE_CURVE('',#5226,#5228,#5230,.T.);
#5226 = VERTEX_POINT('',#5227);
#5227 = CARTESIAN_POINT('',(2.1,-3.175,-2.675));
#5228 = VERTEX_POINT('',#5229);
#5229 = CARTESIAN_POINT('',(3.7,-3.175,-2.675));
#5230 = LINE('',#5231,#5232);
#5231 = CARTESIAN_POINT('',(2.1,-3.175,-2.675));
#5232 = VECTOR('',#5233,1.);
#5233 = DIRECTION('',(1.,-4.440892098501E-16,6.7E-16));
#5234 = ORIENTED_EDGE('',*,*,#5235,.T.);
#5235 = EDGE_CURVE('',#5228,#5188,#5236,.T.);
#5236 = LINE('',#5237,#5238);
#5237 = CARTESIAN_POINT('',(3.7,-3.175,-2.675));
#5238 = VECTOR('',#5239,1.);
#5239 = DIRECTION('',(-4.4E-16,1.95399252334E-31,1.));
#5240 = ORIENTED_EDGE('',*,*,#5185,.F.);
#5241 = ORIENTED_EDGE('',*,*,#5242,.F.);
#5242 = EDGE_CURVE('',#5243,#5186,#5245,.T.);
#5243 = VERTEX_POINT('',#5244);
#5244 = CARTESIAN_POINT('',(2.1,-3.175,1.145));
#5245 = LINE('',#5246,#5247);
#5246 = CARTESIAN_POINT('',(2.1,-3.175,-2.675));
#5247 = VECTOR('',#5248,1.);
#5248 = DIRECTION('',(-4.4E-16,1.95399252334E-31,1.));
#5249 = ORIENTED_EDGE('',*,*,#5250,.F.);
#5250 = EDGE_CURVE('',#5251,#5243,#5253,.T.);
#5251 = VERTEX_POINT('',#5252);
#5252 = CARTESIAN_POINT('',(2.1,-3.175,0.125));
#5253 = LINE('',#5254,#5255);
#5254 = CARTESIAN_POINT('',(2.1,-3.175,0.125));
#5255 = VECTOR('',#5256,1.);
#5256 = DIRECTION('',(-4.4E-16,1.95399252334E-31,1.));
#5257 = ORIENTED_EDGE('',*,*,#5258,.F.);
#5258 = EDGE_CURVE('',#5259,#5251,#5261,.T.);
#5259 = VERTEX_POINT('',#5260);
#5260 = CARTESIAN_POINT('',(2.1,-3.175,-1.605));
#5261 = LINE('',#5262,#5263);
#5262 = CARTESIAN_POINT('',(2.1,-3.175,-2.675));
#5263 = VECTOR('',#5264,1.);
#5264 = DIRECTION('',(-4.4E-16,1.95399252334E-31,1.));
#5265 = ORIENTED_EDGE('',*,*,#5266,.F.);
#5266 = EDGE_CURVE('',#5226,#5259,#5267,.T.);
#5267 = LINE('',#5268,#5269);
#5268 = CARTESIAN_POINT('',(2.1,-3.175,-2.675));
#5269 = VECTOR('',#5270,1.);
#5270 = DIRECTION('',(-4.4E-16,1.95399252334E-31,1.));
#5271 = PLANE('',#5272);
#5272 = AXIS2_PLACEMENT_3D('',#5273,#5274,#5275);
#5273 = CARTESIAN_POINT('',(2.1,-3.175,-2.675));
#5274 = DIRECTION('',(-4.440892098501E-16,-1.,0.));
#5275 = DIRECTION('',(-7.8E-16,3.463895836831E-31,1.));
#5276 = ADVANCED_FACE('',(#5277),#5326,.T.);
#5277 = FACE_BOUND('',#5278,.T.);
#5278 = EDGE_LOOP('',(#5279,#5280,#5288,#5296,#5304,#5312,#5320));
#5279 = ORIENTED_EDGE('',*,*,#5203,.T.);
#5280 = ORIENTED_EDGE('',*,*,#5281,.T.);
#5281 = EDGE_CURVE('',#5196,#5282,#5284,.T.);
#5282 = VERTEX_POINT('',#5283);
#5283 = CARTESIAN_POINT('',(3.7,3.175,-2.675));
#5284 = LINE('',#5285,#5286);
#5285 = CARTESIAN_POINT('',(3.7,3.175,3.675));
#5286 = VECTOR('',#5287,1.);
#5287 = DIRECTION('',(4.4E-16,-1.95399252334E-31,-1.));
#5288 = ORIENTED_EDGE('',*,*,#5289,.F.);
#5289 = EDGE_CURVE('',#5290,#5282,#5292,.T.);
#5290 = VERTEX_POINT('',#5291);
#5291 = CARTESIAN_POINT('',(2.1,3.175,-2.675));
#5292 = LINE('',#5293,#5294);
#5293 = CARTESIAN_POINT('',(2.1,3.175,-2.675));
#5294 = VECTOR('',#5295,1.);
#5295 = DIRECTION('',(1.,-4.440892098501E-16,6.7E-16));
#5296 = ORIENTED_EDGE('',*,*,#5297,.F.);
#5297 = EDGE_CURVE('',#5298,#5290,#5300,.T.);
#5298 = VERTEX_POINT('',#5299);
#5299 = CARTESIAN_POINT('',(2.1,3.175,-1.605));
#5300 = LINE('',#5301,#5302);
#5301 = CARTESIAN_POINT('',(2.1,3.175,3.675));
#5302 = VECTOR('',#5303,1.);
#5303 = DIRECTION('',(4.4E-16,-1.95399252334E-31,-1.));
#5304 = ORIENTED_EDGE('',*,*,#5305,.F.);
#5305 = EDGE_CURVE('',#5306,#5298,#5308,.T.);
#5306 = VERTEX_POINT('',#5307);
#5307 = CARTESIAN_POINT('',(2.1,3.175,0.125));
#5308 = LINE('',#5309,#5310);
#5309 = CARTESIAN_POINT('',(2.1,3.175,3.675));
#5310 = VECTOR('',#5311,1.);
#5311 = DIRECTION('',(4.4E-16,-1.95399252334E-31,-1.));
#5312 = ORIENTED_EDGE('',*,*,#5313,.F.);
#5313 = EDGE_CURVE('',#5314,#5306,#5316,.T.);
#5314 = VERTEX_POINT('',#5315);
#5315 = CARTESIAN_POINT('',(2.1,3.175,1.145));
#5316 = LINE('',#5317,#5318);
#5317 = CARTESIAN_POINT('',(2.1,3.175,1.145));
#5318 = VECTOR('',#5319,1.);
#5319 = DIRECTION('',(4.4E-16,-4.4E-16,-1.));
#5320 = ORIENTED_EDGE('',*,*,#5321,.F.);
#5321 = EDGE_CURVE('',#5204,#5314,#5322,.T.);
#5322 = LINE('',#5323,#5324);
#5323 = CARTESIAN_POINT('',(2.1,3.175,3.675));
#5324 = VECTOR('',#5325,1.);
#5325 = DIRECTION('',(4.4E-16,-1.95399252334E-31,-1.));
#5326 = PLANE('',#5327);
#5327 = AXIS2_PLACEMENT_3D('',#5328,#5329,#5330);
#5328 = CARTESIAN_POINT('',(2.1,3.175,3.675));
#5329 = DIRECTION('',(4.440892098501E-16,1.,0.));
#5330 = DIRECTION('',(7.8E-16,-3.463895836831E-31,-1.));
#5331 = ADVANCED_FACE('',(#5332,#5421),#5432,.T.);
#5332 = FACE_BOUND('',#5333,.T.);
#5333 = EDGE_LOOP('',(#5334,#5335,#5336,#5337,#5345,#5353,#5359,#5360,
    #5368,#5376,#5384,#5392,#5398,#5399,#5407,#5415));
#5334 = ORIENTED_EDGE('',*,*,#5242,.T.);
#5335 = ORIENTED_EDGE('',*,*,#5211,.T.);
#5336 = ORIENTED_EDGE('',*,*,#5321,.T.);
#5337 = ORIENTED_EDGE('',*,*,#5338,.F.);
#5338 = EDGE_CURVE('',#5339,#5314,#5341,.T.);
#5339 = VERTEX_POINT('',#5340);
#5340 = CARTESIAN_POINT('',(2.1,2.365,1.145));
#5341 = LINE('',#5342,#5343);
#5342 = CARTESIAN_POINT('',(2.1,2.365,1.145));
#5343 = VECTOR('',#5344,1.);
#5344 = DIRECTION('',(4.440892098501E-16,1.,0.));
#5345 = ORIENTED_EDGE('',*,*,#5346,.F.);
#5346 = EDGE_CURVE('',#5347,#5339,#5349,.T.);
#5347 = VERTEX_POINT('',#5348);
#5348 = CARTESIAN_POINT('',(2.1,2.365,0.125));
#5349 = LINE('',#5350,#5351);
#5350 = CARTESIAN_POINT('',(2.1,2.365,0.125));
#5351 = VECTOR('',#5352,1.);
#5352 = DIRECTION('',(-4.4E-16,1.95399252334E-31,1.));
#5353 = ORIENTED_EDGE('',*,*,#5354,.F.);
#5354 = EDGE_CURVE('',#5306,#5347,#5355,.T.);
#5355 = LINE('',#5356,#5357);
#5356 = CARTESIAN_POINT('',(2.1,3.175,0.125));
#5357 = VECTOR('',#5358,1.);
#5358 = DIRECTION('',(-4.440892098501E-16,-1.,0.));
#5359 = ORIENTED_EDGE('',*,*,#5305,.T.);
#5360 = ORIENTED_EDGE('',*,*,#5361,.T.);
#5361 = EDGE_CURVE('',#5298,#5362,#5364,.T.);
#5362 = VERTEX_POINT('',#5363);
#5363 = CARTESIAN_POINT('',(2.1,2.365,-1.605));
#5364 = LINE('',#5365,#5366);
#5365 = CARTESIAN_POINT('',(2.1,3.175,-1.605));
#5366 = VECTOR('',#5367,1.);
#5367 = DIRECTION('',(-4.440892098501E-16,-1.,0.));
#5368 = ORIENTED_EDGE('',*,*,#5369,.T.);
#5369 = EDGE_CURVE('',#5362,#5370,#5372,.T.);
#5370 = VERTEX_POINT('',#5371);
#5371 = CARTESIAN_POINT('',(2.1,2.365,-2.675));
#5372 = LINE('',#5373,#5374);
#5373 = CARTESIAN_POINT('',(2.1,2.365,-1.605));
#5374 = VECTOR('',#5375,1.);
#5375 = DIRECTION('',(4.4E-16,-1.95399252334E-31,-1.));
#5376 = ORIENTED_EDGE('',*,*,#5377,.T.);
#5377 = EDGE_CURVE('',#5370,#5378,#5380,.T.);
#5378 = VERTEX_POINT('',#5379);
#5379 = CARTESIAN_POINT('',(2.1,-2.365,-2.675));
#5380 = LINE('',#5381,#5382);
#5381 = CARTESIAN_POINT('',(2.1,3.175,-2.675));
#5382 = VECTOR('',#5383,1.);
#5383 = DIRECTION('',(-4.440892098501E-16,-1.,0.));
#5384 = ORIENTED_EDGE('',*,*,#5385,.F.);
#5385 = EDGE_CURVE('',#5386,#5378,#5388,.T.);
#5386 = VERTEX_POINT('',#5387);
#5387 = CARTESIAN_POINT('',(2.1,-2.365,-1.605));
#5388 = LINE('',#5389,#5390);
#5389 = CARTESIAN_POINT('',(2.1,-2.365,-1.605));
#5390 = VECTOR('',#5391,1.);
#5391 = DIRECTION('',(4.4E-16,-1.95399252334E-31,-1.));
#5392 = ORIENTED_EDGE('',*,*,#5393,.F.);
#5393 = EDGE_CURVE('',#5259,#5386,#5394,.T.);
#5394 = LINE('',#5395,#5396);
#5395 = CARTESIAN_POINT('',(2.1,-3.175,-1.605));
#5396 = VECTOR('',#5397,1.);
#5397 = DIRECTION('',(4.440892098501E-16,1.,0.));
#5398 = ORIENTED_EDGE('',*,*,#5258,.T.);
#5399 = ORIENTED_EDGE('',*,*,#5400,.F.);
#5400 = EDGE_CURVE('',#5401,#5251,#5403,.T.);
#5401 = VERTEX_POINT('',#5402);
#5402 = CARTESIAN_POINT('',(2.1,-2.365,0.125));
#5403 = LINE('',#5404,#5405);
#5404 = CARTESIAN_POINT('',(2.1,-2.365,0.125));
#5405 = VECTOR('',#5406,1.);
#5406 = DIRECTION('',(-4.440892098501E-16,-1.,0.));
#5407 = ORIENTED_EDGE('',*,*,#5408,.F.);
#5408 = EDGE_CURVE('',#5409,#5401,#5411,.T.);
#5409 = VERTEX_POINT('',#5410);
#5410 = CARTESIAN_POINT('',(2.1,-2.365,1.145));
#5411 = LINE('',#5412,#5413);
#5412 = CARTESIAN_POINT('',(2.1,-2.365,1.145));
#5413 = VECTOR('',#5414,1.);
#5414 = DIRECTION('',(4.4E-16,-1.95399252334E-31,-1.));
#5415 = ORIENTED_EDGE('',*,*,#5416,.F.);
#5416 = EDGE_CURVE('',#5243,#5409,#5417,.T.);
#5417 = LINE('',#5418,#5419);
#5418 = CARTESIAN_POINT('',(2.1,-3.175,1.145));
#5419 = VECTOR('',#5420,1.);
#5420 = DIRECTION('',(4.440892098501E-16,1.,0.));
#5421 = FACE_BOUND('',#5422,.T.);
#5422 = EDGE_LOOP('',(#5423));
#5423 = ORIENTED_EDGE('',*,*,#5424,.F.);
#5424 = EDGE_CURVE('',#5425,#5425,#5427,.T.);
#5425 = VERTEX_POINT('',#5426);
#5426 = CARTESIAN_POINT('',(2.1,0.635,0.5));
#5427 = CIRCLE('',#5428,0.635);
#5428 = AXIS2_PLACEMENT_3D('',#5429,#5430,#5431);
#5429 = CARTESIAN_POINT('',(2.1,-4.440892098501E-16,0.5));
#5430 = DIRECTION('',(-1.,4.440892098501E-16,-1.44E-15));
#5431 = DIRECTION('',(4.440892098501E-16,1.,0.));
#5432 = PLANE('',#5433);
#5433 = AXIS2_PLACEMENT_3D('',#5434,#5435,#5436);
#5434 = CARTESIAN_POINT('',(2.1,-5.840892098501E-16,0.5));
#5435 = DIRECTION('',(-1.,4.440892098501E-16,-8.9E-16));
#5436 = DIRECTION('',(-8.9E-16,3.952393967666E-31,1.));
#5437 = ADVANCED_FACE('',(#5438,#5449),#5460,.F.);
#5438 = FACE_BOUND('',#5439,.F.);
#5439 = EDGE_LOOP('',(#5440,#5441,#5442,#5448));
#5440 = ORIENTED_EDGE('',*,*,#5195,.T.);
#5441 = ORIENTED_EDGE('',*,*,#5281,.T.);
#5442 = ORIENTED_EDGE('',*,*,#5443,.T.);
#5443 = EDGE_CURVE('',#5282,#5228,#5444,.T.);
#5444 = LINE('',#5445,#5446);
#5445 = CARTESIAN_POINT('',(3.7,3.175,-2.675));
#5446 = VECTOR('',#5447,1.);
#5447 = DIRECTION('',(-4.440892098501E-16,-1.,0.));
#5448 = ORIENTED_EDGE('',*,*,#5235,.T.);
#5449 = FACE_BOUND('',#5450,.F.);
#5450 = EDGE_LOOP('',(#5451));
#5451 = ORIENTED_EDGE('',*,*,#5452,.T.);
#5452 = EDGE_CURVE('',#5453,#5453,#5455,.T.);
#5453 = VERTEX_POINT('',#5454);
#5454 = CARTESIAN_POINT('',(3.7,-1.15463194561E-15,-2.1));
#5455 = CIRCLE('',#5456,2.6);
#5456 = AXIS2_PLACEMENT_3D('',#5457,#5458,#5459);
#5457 = CARTESIAN_POINT('',(3.7,-1.33463194561E-15,0.5));
#5458 = DIRECTION('',(1.,-5.540892098501E-16,4.4E-16));
#5459 = DIRECTION('',(4.4E-16,1.5E-16,-1.));
#5460 = PLANE('',#5461);
#5461 = AXIS2_PLACEMENT_3D('',#5462,#5463,#5464);
#5462 = CARTESIAN_POINT('',(3.7,-1.29463194561E-15,0.5));
#5463 = DIRECTION('',(-1.,4.440892098501E-16,-8.9E-16));
#5464 = DIRECTION('',(-8.9E-16,3.952393967666E-31,1.));
#5465 = ADVANCED_FACE('',(#5466),#5484,.T.);
#5466 = FACE_BOUND('',#5467,.T.);
#5467 = EDGE_LOOP('',(#5468,#5469,#5470,#5471,#5477,#5478));
#5468 = ORIENTED_EDGE('',*,*,#5289,.T.);
#5469 = ORIENTED_EDGE('',*,*,#5443,.T.);
#5470 = ORIENTED_EDGE('',*,*,#5225,.F.);
#5471 = ORIENTED_EDGE('',*,*,#5472,.F.);
#5472 = EDGE_CURVE('',#5378,#5226,#5473,.T.);
#5473 = LINE('',#5474,#5475);
#5474 = CARTESIAN_POINT('',(2.1,3.175,-2.675));
#5475 = VECTOR('',#5476,1.);
#5476 = DIRECTION('',(-4.440892098501E-16,-1.,0.));
#5477 = ORIENTED_EDGE('',*,*,#5377,.F.);
#5478 = ORIENTED_EDGE('',*,*,#5479,.F.);
#5479 = EDGE_CURVE('',#5290,#5370,#5480,.T.);
#5480 = LINE('',#5481,#5482);
#5481 = CARTESIAN_POINT('',(2.1,3.175,-2.675));
#5482 = VECTOR('',#5483,1.);
#5483 = DIRECTION('',(-4.440892098501E-16,-1.,0.));
#5484 = PLANE('',#5485);
#5485 = AXIS2_PLACEMENT_3D('',#5486,#5487,#5488);
#5486 = CARTESIAN_POINT('',(2.1,3.175,-2.675));
#5487 = DIRECTION('',(6.7E-16,-2.975397705995E-31,-1.));
#5488 = DIRECTION('',(-4.440892098501E-16,-1.,-6.699958282553E-44));
#5489 = ADVANCED_FACE('',(#5490),#5515,.F.);
#5490 = FACE_BOUND('',#5491,.F.);
#5491 = EDGE_LOOP('',(#5492,#5500,#5508,#5514));
#5492 = ORIENTED_EDGE('',*,*,#5493,.T.);
#5493 = EDGE_CURVE('',#5226,#5494,#5496,.T.);
#5494 = VERTEX_POINT('',#5495);
#5495 = CARTESIAN_POINT('',(-1.71,-3.175,-2.675));
#5496 = LINE('',#5497,#5498);
#5497 = CARTESIAN_POINT('',(2.1,-3.175,-2.675));
#5498 = VECTOR('',#5499,1.);
#5499 = DIRECTION('',(-1.,4.440892098501E-16,-1.1E-16));
#5500 = ORIENTED_EDGE('',*,*,#5501,.T.);
#5501 = EDGE_CURVE('',#5494,#5502,#5504,.T.);
#5502 = VERTEX_POINT('',#5503);
#5503 = CARTESIAN_POINT('',(-1.71,-3.175,-1.605));
#5504 = LINE('',#5505,#5506);
#5505 = CARTESIAN_POINT('',(-1.71,-3.175,-2.675));
#5506 = VECTOR('',#5507,1.);
#5507 = DIRECTION('',(-4.4E-16,1.95399252334E-31,1.));
#5508 = ORIENTED_EDGE('',*,*,#5509,.F.);
#5509 = EDGE_CURVE('',#5259,#5502,#5510,.T.);
#5510 = LINE('',#5511,#5512);
#5511 = CARTESIAN_POINT('',(2.1,-3.175,-1.605));
#5512 = VECTOR('',#5513,1.);
#5513 = DIRECTION('',(-1.,4.440892098501E-16,-1.1E-16));
#5514 = ORIENTED_EDGE('',*,*,#5266,.F.);
#5515 = PLANE('',#5516);
#5516 = AXIS2_PLACEMENT_3D('',#5517,#5518,#5519);
#5517 = CARTESIAN_POINT('',(2.1,-3.175,-2.675));
#5518 = DIRECTION('',(4.440892098501E-16,1.,0.));
#5519 = DIRECTION('',(-1.1E-16,4.884981308351E-32,1.));
#5520 = ADVANCED_FACE('',(#5521),#5546,.F.);
#5521 = FACE_BOUND('',#5522,.F.);
#5522 = EDGE_LOOP('',(#5523,#5531,#5539,#5545));
#5523 = ORIENTED_EDGE('',*,*,#5524,.T.);
#5524 = EDGE_CURVE('',#5251,#5525,#5527,.T.);
#5525 = VERTEX_POINT('',#5526);
#5526 = CARTESIAN_POINT('',(-1.71,-3.175,0.125));
#5527 = LINE('',#5528,#5529);
#5528 = CARTESIAN_POINT('',(2.1,-3.175,0.125));
#5529 = VECTOR('',#5530,1.);
#5530 = DIRECTION('',(-1.,4.440892098501E-16,-1.1E-16));
#5531 = ORIENTED_EDGE('',*,*,#5532,.T.);
#5532 = EDGE_CURVE('',#5525,#5533,#5535,.T.);
#5533 = VERTEX_POINT('',#5534);
#5534 = CARTESIAN_POINT('',(-1.71,-3.175,1.145));
#5535 = LINE('',#5536,#5537);
#5536 = CARTESIAN_POINT('',(-1.71,-3.175,0.125));
#5537 = VECTOR('',#5538,1.);
#5538 = DIRECTION('',(-4.4E-16,1.95399252334E-31,1.));
#5539 = ORIENTED_EDGE('',*,*,#5540,.F.);
#5540 = EDGE_CURVE('',#5243,#5533,#5541,.T.);
#5541 = LINE('',#5542,#5543);
#5542 = CARTESIAN_POINT('',(2.1,-3.175,1.145));
#5543 = VECTOR('',#5544,1.);
#5544 = DIRECTION('',(-1.,4.440892098501E-16,-1.1E-16));
#5545 = ORIENTED_EDGE('',*,*,#5250,.F.);
#5546 = PLANE('',#5547);
#5547 = AXIS2_PLACEMENT_3D('',#5548,#5549,#5550);
#5548 = CARTESIAN_POINT('',(2.1,-3.175,0.125));
#5549 = DIRECTION('',(4.440892098501E-16,1.,0.));
#5550 = DIRECTION('',(-1.1E-16,4.884981308351E-32,1.));
#5551 = ADVANCED_FACE('',(#5552),#5577,.F.);
#5552 = FACE_BOUND('',#5553,.F.);
#5553 = EDGE_LOOP('',(#5554,#5562,#5570,#5576));
#5554 = ORIENTED_EDGE('',*,*,#5555,.T.);
#5555 = EDGE_CURVE('',#5314,#5556,#5558,.T.);
#5556 = VERTEX_POINT('',#5557);
#5557 = CARTESIAN_POINT('',(-1.71,3.175,1.145));
#5558 = LINE('',#5559,#5560);
#5559 = CARTESIAN_POINT('',(2.1,3.175,1.145));
#5560 = VECTOR('',#5561,1.);
#5561 = DIRECTION('',(-1.,4.440892098501E-16,-1.1E-16));
#5562 = ORIENTED_EDGE('',*,*,#5563,.T.);
#5563 = EDGE_CURVE('',#5556,#5564,#5566,.T.);
#5564 = VERTEX_POINT('',#5565);
#5565 = CARTESIAN_POINT('',(-1.71,3.175,0.125));
#5566 = LINE('',#5567,#5568);
#5567 = CARTESIAN_POINT('',(-1.71,3.175,1.145));
#5568 = VECTOR('',#5569,1.);
#5569 = DIRECTION('',(4.4E-16,-4.4E-16,-1.));
#5570 = ORIENTED_EDGE('',*,*,#5571,.F.);
#5571 = EDGE_CURVE('',#5306,#5564,#5572,.T.);
#5572 = LINE('',#5573,#5574);
#5573 = CARTESIAN_POINT('',(2.1,3.175,0.125));
#5574 = VECTOR('',#5575,1.);
#5575 = DIRECTION('',(-1.,4.440892098501E-16,-1.1E-16));
#5576 = ORIENTED_EDGE('',*,*,#5313,.F.);
#5577 = PLANE('',#5578);
#5578 = AXIS2_PLACEMENT_3D('',#5579,#5580,#5581);
#5579 = CARTESIAN_POINT('',(2.1,3.175,1.145));
#5580 = DIRECTION('',(-4.440892098501E-16,-1.,4.4E-16));
#5581 = DIRECTION('',(1.1E-16,-4.4E-16,-1.));
#5582 = ADVANCED_FACE('',(#5583),#5608,.T.);
#5583 = FACE_BOUND('',#5584,.T.);
#5584 = EDGE_LOOP('',(#5585,#5593,#5601,#5607));
#5585 = ORIENTED_EDGE('',*,*,#5586,.T.);
#5586 = EDGE_CURVE('',#5290,#5587,#5589,.T.);
#5587 = VERTEX_POINT('',#5588);
#5588 = CARTESIAN_POINT('',(-1.71,3.175,-2.675));
#5589 = LINE('',#5590,#5591);
#5590 = CARTESIAN_POINT('',(2.1,3.175,-2.675));
#5591 = VECTOR('',#5592,1.);
#5592 = DIRECTION('',(-1.,4.440892098501E-16,-1.1E-16));
#5593 = ORIENTED_EDGE('',*,*,#5594,.T.);
#5594 = EDGE_CURVE('',#5587,#5595,#5597,.T.);
#5595 = VERTEX_POINT('',#5596);
#5596 = CARTESIAN_POINT('',(-1.71,3.175,-1.605));
#5597 = LINE('',#5598,#5599);
#5598 = CARTESIAN_POINT('',(-1.71,3.175,-2.675));
#5599 = VECTOR('',#5600,1.);
#5600 = DIRECTION('',(-4.4E-16,1.95399252334E-31,1.));
#5601 = ORIENTED_EDGE('',*,*,#5602,.F.);
#5602 = EDGE_CURVE('',#5298,#5595,#5603,.T.);
#5603 = LINE('',#5604,#5605);
#5604 = CARTESIAN_POINT('',(2.1,3.175,-1.605));
#5605 = VECTOR('',#5606,1.);
#5606 = DIRECTION('',(-1.,4.440892098501E-16,-1.1E-16));
#5607 = ORIENTED_EDGE('',*,*,#5297,.T.);
#5608 = PLANE('',#5609);
#5609 = AXIS2_PLACEMENT_3D('',#5610,#5611,#5612);
#5610 = CARTESIAN_POINT('',(2.1,3.175,-2.675));
#5611 = DIRECTION('',(4.440892098501E-16,1.,0.));
#5612 = DIRECTION('',(-1.1E-16,4.884981308351E-32,1.));
#5613 = ADVANCED_FACE('',(#5614),#5632,.F.);
#5614 = FACE_BOUND('',#5615,.F.);
#5615 = EDGE_LOOP('',(#5616,#5617,#5625,#5631));
#5616 = ORIENTED_EDGE('',*,*,#5540,.T.);
#5617 = ORIENTED_EDGE('',*,*,#5618,.T.);
#5618 = EDGE_CURVE('',#5533,#5619,#5621,.T.);
#5619 = VERTEX_POINT('',#5620);
#5620 = CARTESIAN_POINT('',(-1.71,-2.365,1.145));
#5621 = LINE('',#5622,#5623);
#5622 = CARTESIAN_POINT('',(-1.71,-3.175,1.145));
#5623 = VECTOR('',#5624,1.);
#5624 = DIRECTION('',(4.440892098501E-16,1.,0.));
#5625 = ORIENTED_EDGE('',*,*,#5626,.F.);
#5626 = EDGE_CURVE('',#5409,#5619,#5627,.T.);
#5627 = LINE('',#5628,#5629);
#5628 = CARTESIAN_POINT('',(2.1,-2.365,1.145));
#5629 = VECTOR('',#5630,1.);
#5630 = DIRECTION('',(-1.,4.440892098501E-16,-1.1E-16));
#5631 = ORIENTED_EDGE('',*,*,#5416,.F.);
#5632 = PLANE('',#5633);
#5633 = AXIS2_PLACEMENT_3D('',#5634,#5635,#5636);
#5634 = CARTESIAN_POINT('',(2.1,-3.175,1.145));
#5635 = DIRECTION('',(1.1E-16,-4.884981308351E-32,-1.));
#5636 = DIRECTION('',(4.440892098501E-16,1.,9.962356269809E-46));
#5637 = ADVANCED_FACE('',(#5638),#5656,.F.);
#5638 = FACE_BOUND('',#5639,.F.);
#5639 = EDGE_LOOP('',(#5640,#5641,#5649,#5655));
#5640 = ORIENTED_EDGE('',*,*,#5626,.T.);
#5641 = ORIENTED_EDGE('',*,*,#5642,.T.);
#5642 = EDGE_CURVE('',#5619,#5643,#5645,.T.);
#5643 = VERTEX_POINT('',#5644);
#5644 = CARTESIAN_POINT('',(-1.71,-2.365,0.125));
#5645 = LINE('',#5646,#5647);
#5646 = CARTESIAN_POINT('',(-1.71,-2.365,1.145));
#5647 = VECTOR('',#5648,1.);
#5648 = DIRECTION('',(4.4E-16,-1.95399252334E-31,-1.));
#5649 = ORIENTED_EDGE('',*,*,#5650,.F.);
#5650 = EDGE_CURVE('',#5401,#5643,#5651,.T.);
#5651 = LINE('',#5652,#5653);
#5652 = CARTESIAN_POINT('',(2.1,-2.365,0.125));
#5653 = VECTOR('',#5654,1.);
#5654 = DIRECTION('',(-1.,4.440892098501E-16,-1.1E-16));
#5655 = ORIENTED_EDGE('',*,*,#5408,.F.);
#5656 = PLANE('',#5657);
#5657 = AXIS2_PLACEMENT_3D('',#5658,#5659,#5660);
#5658 = CARTESIAN_POINT('',(2.1,-2.365,1.145));
#5659 = DIRECTION('',(-4.440892098501E-16,-1.,0.));
#5660 = DIRECTION('',(1.1E-16,-4.884981308351E-32,-1.));
#5661 = ADVANCED_FACE('',(#5662),#5673,.F.);
#5662 = FACE_BOUND('',#5663,.F.);
#5663 = EDGE_LOOP('',(#5664,#5665,#5671,#5672));
#5664 = ORIENTED_EDGE('',*,*,#5650,.T.);
#5665 = ORIENTED_EDGE('',*,*,#5666,.T.);
#5666 = EDGE_CURVE('',#5643,#5525,#5667,.T.);
#5667 = LINE('',#5668,#5669);
#5668 = CARTESIAN_POINT('',(-1.71,-2.365,0.125));
#5669 = VECTOR('',#5670,1.);
#5670 = DIRECTION('',(-4.440892098501E-16,-1.,0.));
#5671 = ORIENTED_EDGE('',*,*,#5524,.F.);
#5672 = ORIENTED_EDGE('',*,*,#5400,.F.);
#5673 = PLANE('',#5674);
#5674 = AXIS2_PLACEMENT_3D('',#5675,#5676,#5677);
#5675 = CARTESIAN_POINT('',(2.1,-2.365,0.125));
#5676 = DIRECTION('',(-1.1E-16,4.884981308351E-32,1.));
#5677 = DIRECTION('',(-4.440892098501E-16,-1.,-9.962356269809E-46));
#5678 = ADVANCED_FACE('',(#5679),#5697,.F.);
#5679 = FACE_BOUND('',#5680,.F.);
#5680 = EDGE_LOOP('',(#5681,#5682,#5690,#5696));
#5681 = ORIENTED_EDGE('',*,*,#5509,.T.);
#5682 = ORIENTED_EDGE('',*,*,#5683,.T.);
#5683 = EDGE_CURVE('',#5502,#5684,#5686,.T.);
#5684 = VERTEX_POINT('',#5685);
#5685 = CARTESIAN_POINT('',(-1.71,-2.365,-1.605));
#5686 = LINE('',#5687,#5688);
#5687 = CARTESIAN_POINT('',(-1.71,-3.175,-1.605));
#5688 = VECTOR('',#5689,1.);
#5689 = DIRECTION('',(4.440892098501E-16,1.,0.));
#5690 = ORIENTED_EDGE('',*,*,#5691,.F.);
#5691 = EDGE_CURVE('',#5386,#5684,#5692,.T.);
#5692 = LINE('',#5693,#5694);
#5693 = CARTESIAN_POINT('',(2.1,-2.365,-1.605));
#5694 = VECTOR('',#5695,1.);
#5695 = DIRECTION('',(-1.,4.440892098501E-16,-1.1E-16));
#5696 = ORIENTED_EDGE('',*,*,#5393,.F.);
#5697 = PLANE('',#5698);
#5698 = AXIS2_PLACEMENT_3D('',#5699,#5700,#5701);
#5699 = CARTESIAN_POINT('',(2.1,-3.175,-1.605));
#5700 = DIRECTION('',(1.1E-16,-4.884981308351E-32,-1.));
#5701 = DIRECTION('',(4.440892098501E-16,1.,9.962356269809E-46));
#5702 = ADVANCED_FACE('',(#5703),#5721,.F.);
#5703 = FACE_BOUND('',#5704,.F.);
#5704 = EDGE_LOOP('',(#5705,#5706,#5714,#5720));
#5705 = ORIENTED_EDGE('',*,*,#5691,.T.);
#5706 = ORIENTED_EDGE('',*,*,#5707,.T.);
#5707 = EDGE_CURVE('',#5684,#5708,#5710,.T.);
#5708 = VERTEX_POINT('',#5709);
#5709 = CARTESIAN_POINT('',(-1.71,-2.365,-2.675));
#5710 = LINE('',#5711,#5712);
#5711 = CARTESIAN_POINT('',(-1.71,-2.365,-1.605));
#5712 = VECTOR('',#5713,1.);
#5713 = DIRECTION('',(4.4E-16,-1.95399252334E-31,-1.));
#5714 = ORIENTED_EDGE('',*,*,#5715,.F.);
#5715 = EDGE_CURVE('',#5378,#5708,#5716,.T.);
#5716 = LINE('',#5717,#5718);
#5717 = CARTESIAN_POINT('',(2.1,-2.365,-2.675));
#5718 = VECTOR('',#5719,1.);
#5719 = DIRECTION('',(-1.,4.440892098501E-16,-1.1E-16));
#5720 = ORIENTED_EDGE('',*,*,#5385,.F.);
#5721 = PLANE('',#5722);
#5722 = AXIS2_PLACEMENT_3D('',#5723,#5724,#5725);
#5723 = CARTESIAN_POINT('',(2.1,-2.365,-1.605));
#5724 = DIRECTION('',(-4.440892098501E-16,-1.,0.));
#5725 = DIRECTION('',(1.1E-16,-4.884981308351E-32,-1.));
#5726 = ADVANCED_FACE('',(#5727),#5752,.T.);
#5727 = FACE_BOUND('',#5728,.T.);
#5728 = EDGE_LOOP('',(#5729,#5737,#5745,#5751));
#5729 = ORIENTED_EDGE('',*,*,#5730,.T.);
#5730 = EDGE_CURVE('',#5362,#5731,#5733,.T.);
#5731 = VERTEX_POINT('',#5732);
#5732 = CARTESIAN_POINT('',(-1.71,2.365,-1.605));
#5733 = LINE('',#5734,#5735);
#5734 = CARTESIAN_POINT('',(2.1,2.365,-1.605));
#5735 = VECTOR('',#5736,1.);
#5736 = DIRECTION('',(-1.,4.440892098501E-16,-1.1E-16));
#5737 = ORIENTED_EDGE('',*,*,#5738,.T.);
#5738 = EDGE_CURVE('',#5731,#5739,#5741,.T.);
#5739 = VERTEX_POINT('',#5740);
#5740 = CARTESIAN_POINT('',(-1.71,2.365,-2.675));
#5741 = LINE('',#5742,#5743);
#5742 = CARTESIAN_POINT('',(-1.71,2.365,-1.605));
#5743 = VECTOR('',#5744,1.);
#5744 = DIRECTION('',(4.4E-16,-1.95399252334E-31,-1.));
#5745 = ORIENTED_EDGE('',*,*,#5746,.F.);
#5746 = EDGE_CURVE('',#5370,#5739,#5747,.T.);
#5747 = LINE('',#5748,#5749);
#5748 = CARTESIAN_POINT('',(2.1,2.365,-2.675));
#5749 = VECTOR('',#5750,1.);
#5750 = DIRECTION('',(-1.,4.440892098501E-16,-1.1E-16));
#5751 = ORIENTED_EDGE('',*,*,#5369,.F.);
#5752 = PLANE('',#5753);
#5753 = AXIS2_PLACEMENT_3D('',#5754,#5755,#5756);
#5754 = CARTESIAN_POINT('',(2.1,2.365,-1.605));
#5755 = DIRECTION('',(-4.440892098501E-16,-1.,0.));
#5756 = DIRECTION('',(1.1E-16,-4.884981308351E-32,-1.));
#5757 = ADVANCED_FACE('',(#5758),#5769,.T.);
#5758 = FACE_BOUND('',#5759,.T.);
#5759 = EDGE_LOOP('',(#5760,#5761,#5767,#5768));
#5760 = ORIENTED_EDGE('',*,*,#5602,.T.);
#5761 = ORIENTED_EDGE('',*,*,#5762,.T.);
#5762 = EDGE_CURVE('',#5595,#5731,#5763,.T.);
#5763 = LINE('',#5764,#5765);
#5764 = CARTESIAN_POINT('',(-1.71,3.175,-1.605));
#5765 = VECTOR('',#5766,1.);
#5766 = DIRECTION('',(-4.440892098501E-16,-1.,0.));
#5767 = ORIENTED_EDGE('',*,*,#5730,.F.);
#5768 = ORIENTED_EDGE('',*,*,#5361,.F.);
#5769 = PLANE('',#5770);
#5770 = AXIS2_PLACEMENT_3D('',#5771,#5772,#5773);
#5771 = CARTESIAN_POINT('',(2.1,3.175,-1.605));
#5772 = DIRECTION('',(-1.1E-16,4.884981308351E-32,1.));
#5773 = DIRECTION('',(-4.440892098501E-16,-1.,-9.962356269809E-46));
#5774 = ADVANCED_FACE('',(#5775),#5793,.F.);
#5775 = FACE_BOUND('',#5776,.F.);
#5776 = EDGE_LOOP('',(#5777,#5778,#5786,#5792));
#5777 = ORIENTED_EDGE('',*,*,#5571,.T.);
#5778 = ORIENTED_EDGE('',*,*,#5779,.T.);
#5779 = EDGE_CURVE('',#5564,#5780,#5782,.T.);
#5780 = VERTEX_POINT('',#5781);
#5781 = CARTESIAN_POINT('',(-1.71,2.365,0.125));
#5782 = LINE('',#5783,#5784);
#5783 = CARTESIAN_POINT('',(-1.71,3.175,0.125));
#5784 = VECTOR('',#5785,1.);
#5785 = DIRECTION('',(-4.440892098501E-16,-1.,0.));
#5786 = ORIENTED_EDGE('',*,*,#5787,.F.);
#5787 = EDGE_CURVE('',#5347,#5780,#5788,.T.);
#5788 = LINE('',#5789,#5790);
#5789 = CARTESIAN_POINT('',(2.1,2.365,0.125));
#5790 = VECTOR('',#5791,1.);
#5791 = DIRECTION('',(-1.,4.440892098501E-16,-1.1E-16));
#5792 = ORIENTED_EDGE('',*,*,#5354,.F.);
#5793 = PLANE('',#5794);
#5794 = AXIS2_PLACEMENT_3D('',#5795,#5796,#5797);
#5795 = CARTESIAN_POINT('',(2.1,3.175,0.125));
#5796 = DIRECTION('',(-1.1E-16,4.884981308351E-32,1.));
#5797 = DIRECTION('',(-4.440892098501E-16,-1.,-9.962356269809E-46));
#5798 = ADVANCED_FACE('',(#5799),#5817,.F.);
#5799 = FACE_BOUND('',#5800,.F.);
#5800 = EDGE_LOOP('',(#5801,#5802,#5810,#5816));
#5801 = ORIENTED_EDGE('',*,*,#5787,.T.);
#5802 = ORIENTED_EDGE('',*,*,#5803,.T.);
#5803 = EDGE_CURVE('',#5780,#5804,#5806,.T.);
#5804 = VERTEX_POINT('',#5805);
#5805 = CARTESIAN_POINT('',(-1.71,2.365,1.145));
#5806 = LINE('',#5807,#5808);
#5807 = CARTESIAN_POINT('',(-1.71,2.365,0.125));
#5808 = VECTOR('',#5809,1.);
#5809 = DIRECTION('',(-4.4E-16,1.95399252334E-31,1.));
#5810 = ORIENTED_EDGE('',*,*,#5811,.F.);
#5811 = EDGE_CURVE('',#5339,#5804,#5812,.T.);
#5812 = LINE('',#5813,#5814);
#5813 = CARTESIAN_POINT('',(2.1,2.365,1.145));
#5814 = VECTOR('',#5815,1.);
#5815 = DIRECTION('',(-1.,4.440892098501E-16,-1.1E-16));
#5816 = ORIENTED_EDGE('',*,*,#5346,.F.);
#5817 = PLANE('',#5818);
#5818 = AXIS2_PLACEMENT_3D('',#5819,#5820,#5821);
#5819 = CARTESIAN_POINT('',(2.1,2.365,0.125));
#5820 = DIRECTION('',(4.440892098501E-16,1.,0.));
#5821 = DIRECTION('',(-1.1E-16,4.884981308351E-32,1.));
#5822 = ADVANCED_FACE('',(#5823),#5834,.F.);
#5823 = FACE_BOUND('',#5824,.F.);
#5824 = EDGE_LOOP('',(#5825,#5826,#5832,#5833));
#5825 = ORIENTED_EDGE('',*,*,#5811,.T.);
#5826 = ORIENTED_EDGE('',*,*,#5827,.T.);
#5827 = EDGE_CURVE('',#5804,#5556,#5828,.T.);
#5828 = LINE('',#5829,#5830);
#5829 = CARTESIAN_POINT('',(-1.71,2.365,1.145));
#5830 = VECTOR('',#5831,1.);
#5831 = DIRECTION('',(4.440892098501E-16,1.,0.));
#5832 = ORIENTED_EDGE('',*,*,#5555,.F.);
#5833 = ORIENTED_EDGE('',*,*,#5338,.F.);
#5834 = PLANE('',#5835);
#5835 = AXIS2_PLACEMENT_3D('',#5836,#5837,#5838);
#5836 = CARTESIAN_POINT('',(2.1,2.365,1.145));
#5837 = DIRECTION('',(1.1E-16,-4.884981308351E-32,-1.));
#5838 = DIRECTION('',(4.440892098501E-16,1.,9.962356269809E-46));
#5839 = ADVANCED_FACE('',(#5840),#5859,.T.);
#5840 = FACE_BOUND('',#5841,.T.);
#5841 = EDGE_LOOP('',(#5842,#5843,#5851,#5858));
#5842 = ORIENTED_EDGE('',*,*,#5424,.T.);
#5843 = ORIENTED_EDGE('',*,*,#5844,.T.);
#5844 = EDGE_CURVE('',#5425,#5845,#5847,.T.);
#5845 = VERTEX_POINT('',#5846);
#5846 = CARTESIAN_POINT('',(-1.41,0.635,0.5));
#5847 = LINE('',#5848,#5849);
#5848 = CARTESIAN_POINT('',(2.1,0.635,0.5));
#5849 = VECTOR('',#5850,1.);
#5850 = DIRECTION('',(-1.,4.440892098501E-16,-1.05E-15));
#5851 = ORIENTED_EDGE('',*,*,#5852,.F.);
#5852 = EDGE_CURVE('',#5845,#5845,#5853,.T.);
#5853 = CIRCLE('',#5854,0.635);
#5854 = AXIS2_PLACEMENT_3D('',#5855,#5856,#5857);
#5855 = CARTESIAN_POINT('',(-1.41,1.114663916724E-15,0.5));
#5856 = DIRECTION('',(-1.,4.440892098501E-16,-1.44E-15));
#5857 = DIRECTION('',(4.440892098501E-16,1.,0.));
#5858 = ORIENTED_EDGE('',*,*,#5844,.F.);
#5859 = CYLINDRICAL_SURFACE('',#5860,0.635);
#5860 = AXIS2_PLACEMENT_3D('',#5861,#5862,#5863);
#5861 = CARTESIAN_POINT('',(2.1,-4.440892098501E-16,0.5));
#5862 = DIRECTION('',(1.,-4.440892098501E-16,1.E-15));
#5863 = DIRECTION('',(4.440892098501E-16,1.,0.));
#5864 = ADVANCED_FACE('',(#5865),#5884,.T.);
#5865 = FACE_BOUND('',#5866,.T.);
#5866 = EDGE_LOOP('',(#5867,#5868,#5876,#5883));
#5867 = ORIENTED_EDGE('',*,*,#5452,.T.);
#5868 = ORIENTED_EDGE('',*,*,#5869,.T.);
#5869 = EDGE_CURVE('',#5453,#5870,#5872,.T.);
#5870 = VERTEX_POINT('',#5871);
#5871 = CARTESIAN_POINT('',(6.12,-2.229327833447E-15,-2.1));
#5872 = LINE('',#5873,#5874);
#5873 = CARTESIAN_POINT('',(3.7,-1.86463194561E-15,-2.1));
#5874 = VECTOR('',#5875,1.);
#5875 = DIRECTION('',(1.,-8.840892098501E-16,4.4E-16));
#5876 = ORIENTED_EDGE('',*,*,#5877,.F.);
#5877 = EDGE_CURVE('',#5870,#5870,#5878,.T.);
#5878 = CIRCLE('',#5879,2.6);
#5879 = AXIS2_PLACEMENT_3D('',#5880,#5881,#5882);
#5880 = CARTESIAN_POINT('',(6.12,-2.679327833447E-15,0.5));
#5881 = DIRECTION('',(1.,-5.540892098501E-16,4.4E-16));
#5882 = DIRECTION('',(4.4E-16,5.E-17,-1.));
#5883 = ORIENTED_EDGE('',*,*,#5869,.F.);
#5884 = CYLINDRICAL_SURFACE('',#5885,2.6);
#5885 = AXIS2_PLACEMENT_3D('',#5886,#5887,#5888);
#5886 = CARTESIAN_POINT('',(3.7,-1.33463194561E-15,0.5));
#5887 = DIRECTION('',(1.,-5.540892098501E-16,4.4E-16));
#5888 = DIRECTION('',(4.4E-16,1.5E-16,-1.));
#5889 = ADVANCED_FACE('',(#5890),#5901,.T.);
#5890 = FACE_BOUND('',#5891,.T.);
#5891 = EDGE_LOOP('',(#5892,#5893,#5899,#5900));
#5892 = ORIENTED_EDGE('',*,*,#5746,.T.);
#5893 = ORIENTED_EDGE('',*,*,#5894,.T.);
#5894 = EDGE_CURVE('',#5739,#5587,#5895,.T.);
#5895 = LINE('',#5896,#5897);
#5896 = CARTESIAN_POINT('',(-1.71,2.365,-2.675));
#5897 = VECTOR('',#5898,1.);
#5898 = DIRECTION('',(4.440892098501E-16,1.,0.));
#5899 = ORIENTED_EDGE('',*,*,#5586,.F.);
#5900 = ORIENTED_EDGE('',*,*,#5479,.T.);
#5901 = PLANE('',#5902);
#5902 = AXIS2_PLACEMENT_3D('',#5903,#5904,#5905);
#5903 = CARTESIAN_POINT('',(2.1,2.365,-2.675));
#5904 = DIRECTION('',(1.1E-16,-4.884981308351E-32,-1.));
#5905 = DIRECTION('',(4.440892098501E-16,1.,9.962356269809E-46));
#5906 = ADVANCED_FACE('',(#5907),#5918,.F.);
#5907 = FACE_BOUND('',#5908,.F.);
#5908 = EDGE_LOOP('',(#5909,#5910,#5916,#5917));
#5909 = ORIENTED_EDGE('',*,*,#5715,.T.);
#5910 = ORIENTED_EDGE('',*,*,#5911,.T.);
#5911 = EDGE_CURVE('',#5708,#5494,#5912,.T.);
#5912 = LINE('',#5913,#5914);
#5913 = CARTESIAN_POINT('',(-1.71,-2.365,-2.675));
#5914 = VECTOR('',#5915,1.);
#5915 = DIRECTION('',(-4.440892098501E-16,-1.,0.));
#5916 = ORIENTED_EDGE('',*,*,#5493,.F.);
#5917 = ORIENTED_EDGE('',*,*,#5472,.F.);
#5918 = PLANE('',#5919);
#5919 = AXIS2_PLACEMENT_3D('',#5920,#5921,#5922);
#5920 = CARTESIAN_POINT('',(2.1,-2.365,-2.675));
#5921 = DIRECTION('',(-1.1E-16,4.884981308351E-32,1.));
#5922 = DIRECTION('',(-4.440892098501E-16,-1.,-9.962356269809E-46));
#5923 = ADVANCED_FACE('',(#5924),#5930,.T.);
#5924 = FACE_BOUND('',#5925,.T.);
#5925 = EDGE_LOOP('',(#5926,#5927,#5928,#5929));
#5926 = ORIENTED_EDGE('',*,*,#5683,.T.);
#5927 = ORIENTED_EDGE('',*,*,#5707,.T.);
#5928 = ORIENTED_EDGE('',*,*,#5911,.T.);
#5929 = ORIENTED_EDGE('',*,*,#5501,.T.);
#5930 = PLANE('',#5931);
#5931 = AXIS2_PLACEMENT_3D('',#5932,#5933,#5934);
#5932 = CARTESIAN_POINT('',(-1.71,-2.77,-2.14));
#5933 = DIRECTION('',(-1.,4.440892098501E-16,-2.2E-16));
#5934 = DIRECTION('',(-2.2E-16,9.769962616701E-32,1.));
#5935 = ADVANCED_FACE('',(#5936),#5942,.T.);
#5936 = FACE_BOUND('',#5937,.T.);
#5937 = EDGE_LOOP('',(#5938,#5939,#5940,#5941));
#5938 = ORIENTED_EDGE('',*,*,#5618,.T.);
#5939 = ORIENTED_EDGE('',*,*,#5642,.T.);
#5940 = ORIENTED_EDGE('',*,*,#5666,.T.);
#5941 = ORIENTED_EDGE('',*,*,#5532,.T.);
#5942 = PLANE('',#5943);
#5943 = AXIS2_PLACEMENT_3D('',#5944,#5945,#5946);
#5944 = CARTESIAN_POINT('',(-1.71,-2.77,0.635));
#5945 = DIRECTION('',(-1.,4.440892098501E-16,-2.2E-16));
#5946 = DIRECTION('',(-2.2E-16,9.769962616701E-32,1.));
#5947 = ADVANCED_FACE('',(#5948),#5954,.T.);
#5948 = FACE_BOUND('',#5949,.T.);
#5949 = EDGE_LOOP('',(#5950,#5951,#5952,#5953));
#5950 = ORIENTED_EDGE('',*,*,#5827,.T.);
#5951 = ORIENTED_EDGE('',*,*,#5563,.T.);
#5952 = ORIENTED_EDGE('',*,*,#5779,.T.);
#5953 = ORIENTED_EDGE('',*,*,#5803,.T.);
#5954 = PLANE('',#5955);
#5955 = AXIS2_PLACEMENT_3D('',#5956,#5957,#5958);
#5956 = CARTESIAN_POINT('',(-1.71,2.77,0.635));
#5957 = DIRECTION('',(-1.,4.440892098501E-16,-2.2E-16));
#5958 = DIRECTION('',(-2.2E-16,9.769962616701E-32,1.));
#5959 = ADVANCED_FACE('',(#5960),#5966,.F.);
#5960 = FACE_BOUND('',#5961,.F.);
#5961 = EDGE_LOOP('',(#5962,#5963,#5964,#5965));
#5962 = ORIENTED_EDGE('',*,*,#5762,.T.);
#5963 = ORIENTED_EDGE('',*,*,#5738,.T.);
#5964 = ORIENTED_EDGE('',*,*,#5894,.T.);
#5965 = ORIENTED_EDGE('',*,*,#5594,.T.);
#5966 = PLANE('',#5967);
#5967 = AXIS2_PLACEMENT_3D('',#5968,#5969,#5970);
#5968 = CARTESIAN_POINT('',(-1.71,2.77,-2.14));
#5969 = DIRECTION('',(1.,-4.440892098501E-16,2.2E-16));
#5970 = DIRECTION('',(2.2E-16,-9.769962616701E-32,-1.));
#5971 = ADVANCED_FACE('',(#5972),#5975,.T.);
#5972 = FACE_BOUND('',#5973,.T.);
#5973 = EDGE_LOOP('',(#5974));
#5974 = ORIENTED_EDGE('',*,*,#5852,.T.);
#5975 = PLANE('',#5976);
#5976 = AXIS2_PLACEMENT_3D('',#5977,#5978,#5979);
#5977 = CARTESIAN_POINT('',(-1.41,1.094663916724E-15,0.5));
#5978 = DIRECTION('',(-1.,4.440892098501E-16,-1.11E-15));
#5979 = DIRECTION('',(-1.11E-15,4.929390229336E-31,1.));
#5980 = ADVANCED_FACE('',(#5981),#6105,.T.);
#5981 = FACE_BOUND('',#5982,.T.);
#5982 = EDGE_LOOP('',(#5983,#5991,#5992,#5993,#6004,#6014,#6023,#6050,
    #6097));
#5983 = ORIENTED_EDGE('',*,*,#5984,.F.);
#5984 = EDGE_CURVE('',#5870,#5985,#5987,.T.);
#5985 = VERTEX_POINT('',#5986);
#5986 = CARTESIAN_POINT('',(6.140148953158,-2.238275766134E-15,
    -2.134899010588));
#5987 = LINE('',#5988,#5989);
#5988 = CARTESIAN_POINT('',(6.12,-4.019327833447E-15,-2.1));
#5989 = VECTOR('',#5990,1.);
#5990 = DIRECTION('',(0.5,-4.420446049252E-16,-0.866025403784));
#5991 = ORIENTED_EDGE('',*,*,#5877,.T.);
#5992 = ORIENTED_EDGE('',*,*,#5984,.T.);
#5993 = ORIENTED_EDGE('',*,*,#5994,.T.);
#5994 = EDGE_CURVE('',#5985,#5995,#5997,.T.);
#5995 = VERTEX_POINT('',#5996);
#5996 = CARTESIAN_POINT('',(6.140149430353,-0.68936099444,
    -2.043123782079));
#5997 = B_SPLINE_CURVE_WITH_KNOTS('',5,(#5998,#5999,#6000,#6001,#6002,
    #6003),.UNSPECIFIED.,.F.,.F.,(6,6),(0.,1.),
  .PIECEWISE_BEZIER_KNOTS.);
#5998 = CARTESIAN_POINT('',(6.140148953158,-3.238275766134E-15,
    -2.134899010588));
#5999 = CARTESIAN_POINT('',(6.140148795351,-0.139495200243,
    -2.134898737259));
#6000 = CARTESIAN_POINT('',(6.140148735226,-0.278991973761,
    -2.12566719672));
#6001 = CARTESIAN_POINT('',(6.140148809472,-0.417671197457,
    -2.107204671105));
#6002 = CARTESIAN_POINT('',(6.140149046348,-0.554724413501,
    -2.079618841199));
#6003 = CARTESIAN_POINT('',(6.140149430353,-0.68936099444,
    -2.043123782079));
#6004 = ORIENTED_EDGE('',*,*,#6005,.T.);
#6005 = EDGE_CURVE('',#5995,#6006,#6008,.T.);
#6006 = VERTEX_POINT('',#6007);
#6007 = CARTESIAN_POINT('',(6.446202902092,-0.827705879907,
    -2.554853184094));
#6008 = B_SPLINE_CURVE_WITH_KNOTS('',4,(#6009,#6010,#6011,#6012,#6013),
  .UNSPECIFIED.,.F.,.F.,(5,5),(0.,1.),.PIECEWISE_BEZIER_KNOTS.);
#6009 = CARTESIAN_POINT('',(6.140149430353,-0.68936099444,
    -2.043123782079));
#6010 = CARTESIAN_POINT('',(6.216662798919,-0.723961502568,
    -2.17105226621));
#6011 = CARTESIAN_POINT('',(6.293176167091,-0.758552486353,
    -2.298983328497));
#6012 = CARTESIAN_POINT('',(6.369689534829,-0.793133945539,
    -2.426916968082));
#6013 = CARTESIAN_POINT('',(6.446202902092,-0.827705879907,
    -2.554853184094));
#6014 = ORIENTED_EDGE('',*,*,#6015,.F.);
#6015 = EDGE_CURVE('',#6016,#6006,#6018,.T.);
#6016 = VERTEX_POINT('',#6017);
#6017 = CARTESIAN_POINT('',(6.446202902092,-2.21670136845,-1.75908389466
    ));
#6018 = CIRCLE('',#6019,3.165);
#6019 = AXIS2_PLACEMENT_3D('',#6020,#6021,#6022);
#6020 = CARTESIAN_POINT('',(6.446202902092,-2.854191022488E-15,0.5));
#6021 = DIRECTION('',(1.,-5.540892098501E-16,4.4E-16));
#6022 = DIRECTION('',(4.4E-16,7.E-17,-1.));
#6023 = ORIENTED_EDGE('',*,*,#6024,.T.);
#6024 = EDGE_CURVE('',#6016,#6025,#6027,.T.);
#6025 = VERTEX_POINT('',#6026);
#6026 = CARTESIAN_POINT('',(6.312547218935,-2.758822031484E-08,
    3.433501566051));
#6027 = B_SPLINE_CURVE_WITH_KNOTS('',6,(#6028,#6029,#6030,#6031,#6032,
    #6033,#6034,#6035,#6036,#6037,#6038,#6039,#6040,#6041,#6042,#6043,
    #6044,#6045,#6046,#6047,#6048,#6049),.UNSPECIFIED.,.F.,.F.,(7,5,5,5,
    7),(0.,0.261735825072,0.515372018271,0.760206961733,1.),
  .UNSPECIFIED.);
#6028 = CARTESIAN_POINT('',(6.446202902092,-2.21670136845,-1.75908389466
    ));
#6029 = CARTESIAN_POINT('',(6.440549448228,-2.435904331298,
    -1.530274593801));
#6030 = CARTESIAN_POINT('',(6.434876682762,-2.627530699975,
    -1.275194936788));
#6031 = CARTESIAN_POINT('',(6.429187646628,-2.787389100399,
    -0.998036846037));
#6032 = CARTESIAN_POINT('',(6.423480578825,-2.912396153842,
    -0.703705555365));
#6033 = CARTESIAN_POINT('',(6.417753588928,-3.000287251314,
    -0.39759323453));
#6034 = CARTESIAN_POINT('',(6.406444139319,-3.098274045725,0.21655469722
    ));
#6035 = CARTESIAN_POINT('',(6.400859884275,-3.110718070221,
    0.524393351155));
#6036 = CARTESIAN_POINT('',(6.395260368182,-3.086396472416,
    0.832370448301));
#6037 = CARTESIAN_POINT('',(6.389644148764,-3.025529993388,1.13506800453
    ));
#6038 = CARTESIAN_POINT('',(6.384008983268,-2.92922190924,1.42712519421)
  );
#6039 = CARTESIAN_POINT('',(6.372901771942,-2.674935933409,
    1.970039835839));
#6040 = CARTESIAN_POINT('',(6.367428295447,-2.519154606759,
    2.222102415603));
#6041 = CARTESIAN_POINT('',(6.361939222304,-2.334565984904,
    2.454885529834));
#6042 = CARTESIAN_POINT('',(6.356432504758,-2.124133301688,
    2.664342591466));
#6043 = CARTESIAN_POINT('',(6.350906338284,-1.891462718375,
    2.846921411586));
#6044 = CARTESIAN_POINT('',(6.339935549467,-1.395709354379,
    3.149624840298));
#6045 = CARTESIAN_POINT('',(6.334489165367,-1.13324102928,3.271025744896
    ));
#6046 = CARTESIAN_POINT('',(6.329027912163,-0.857765773088,
    3.361395225215));
#6047 = CARTESIAN_POINT('',(6.323550884865,-0.573825545226,
    3.419049494521));
#6048 = CARTESIAN_POINT('',(6.318058119352,-0.286216648354,
    3.443046708834));
#6049 = CARTESIAN_POINT('',(6.312547218935,-2.758822069484E-08,
    3.433501566051));
#6050 = ORIENTED_EDGE('',*,*,#6051,.T.);
#6051 = EDGE_CURVE('',#6025,#6052,#6054,.T.);
#6052 = VERTEX_POINT('',#6053);
#6053 = CARTESIAN_POINT('',(6.140149321413,0.237318240496,
    -2.124190581875));
#6054 = B_SPLINE_CURVE_WITH_KNOTS('',6,(#6055,#6056,#6057,#6058,#6059,
    #6060,#6061,#6062,#6063,#6064,#6065,#6066,#6067,#6068,#6069,#6070,
    #6071,#6072,#6073,#6074,#6075,#6076,#6077,#6078,#6079,#6080,#6081,
    #6082,#6083,#6084,#6085,#6086,#6087,#6088,#6089,#6090,#6091,#6092,
    #6093,#6094,#6095,#6096),.UNSPECIFIED.,.F.,.F.,(7,5,5,5,5,5,5,5,7),(
    0.,0.127012238457,0.26064408837,0.388908591632,0.513905942187,
    0.637615302636,0.760006789644,0.879235237187,1.),.UNSPECIFIED.);
#6055 = CARTESIAN_POINT('',(6.312547218935,-2.758825486484E-08,
    3.433501566051));
#6056 = CARTESIAN_POINT('',(6.309047751119,0.181751109699,3.427440302787
    ));
#6057 = CARTESIAN_POINT('',(6.305543743099,0.362972301728,3.407858283509
    ));
#6058 = CARTESIAN_POINT('',(6.302031768984,0.542387391543,3.37477166136)
  );
#6059 = CARTESIAN_POINT('',(6.298511264085,0.718740623988,3.328366107606
    ));
#6060 = CARTESIAN_POINT('',(6.294982239929,0.890798690485,3.268973270521
    ));
#6061 = CARTESIAN_POINT('',(6.287724271825,1.232607570521,3.121468579838
    ));
#6062 = CARTESIAN_POINT('',(6.283994144768,1.401787136122,3.032014206443
    ));
#6063 = CARTESIAN_POINT('',(6.280255910367,1.563500773657,2.929310382212
    ));
#6064 = CARTESIAN_POINT('',(6.27650998067,1.716449690973,2.814119204765)
  );
#6065 = CARTESIAN_POINT('',(6.272756234245,1.859429430328,2.687359979715
    ));
#6066 = CARTESIAN_POINT('',(6.265384815468,2.11798634721,2.418416319159)
  );
#6067 = CARTESIAN_POINT('',(6.261767407822,2.234444965248,2.277044012896
    ));
#6068 = CARTESIAN_POINT('',(6.258143041828,2.339772463008,2.126984490567
    ));
#6069 = CARTESIAN_POINT('',(6.254511280712,2.433150330717,1.969319888847
    ));
#6070 = CARTESIAN_POINT('',(6.250871654979,2.513889872072,1.805228988801
    ));
#6071 = CARTESIAN_POINT('',(6.243669857112,2.647309994765,1.471073154104
    ));
#6072 = CARTESIAN_POINT('',(6.240107780193,2.700658395378,1.301253138099
    ));
#6073 = CARTESIAN_POINT('',(6.236538205935,2.741010699504,1.12772291832)
  );
#6074 = CARTESIAN_POINT('',(6.232960856318,2.768033746672,0.951717761546
    ));
#6075 = CARTESIAN_POINT('',(6.22937552012,2.781540311467,0.774511180887)
  );
#6076 = CARTESIAN_POINT('',(6.222226536259,2.781490873962,0.42213819773)
  );
#6077 = CARTESIAN_POINT('',(6.218662760854,2.768212301907,0.246955364217
    ));
#6078 = CARTESIAN_POINT('',(6.215091507247,2.741661348704,
    7.313366498471E-02));
#6079 = CARTESIAN_POINT('',(6.211512665715,2.701985571736,
    -9.807221489801E-02));
#6080 = CARTESIAN_POINT('',(6.207926081737,2.649480309299,
    -0.265426019317));
#6081 = CARTESIAN_POINT('',(6.200776290296,2.520434145991,
    -0.588289354582));
#6082 = CARTESIAN_POINT('',(6.19721295689,2.444150088587,-0.743919017822
    ));
#6083 = CARTESIAN_POINT('',(6.193642337714,2.356207699813,
    -0.893441441079));
#6084 = CARTESIAN_POINT('',(6.190064219109,2.25720148158,-1.035761357927
    ));
#6085 = CARTESIAN_POINT('',(6.186478326133,2.147854623562,
    -1.169854489988));
#6086 = CARTESIAN_POINT('',(6.179384276324,1.913287117623,
    -1.416491305009));
#6087 = CARTESIAN_POINT('',(6.175876242809,1.788540711712,
    -1.529511094735));
#6088 = CARTESIAN_POINT('',(6.17236095647,1.655597892111,-1.632983437772
    ));
#6089 = CARTESIAN_POINT('',(6.168838177883,1.515357067509,
    -1.726152046475));
#6090 = CARTESIAN_POINT('',(6.165307673963,1.368809493873,
    -1.808374801216));
#6091 = CARTESIAN_POINT('',(6.158186043964,1.063305444472,
    -1.950798965251));
#6092 = CARTESIAN_POINT('',(6.154594446045,0.904201699203,
    -2.010709024079));
#6093 = CARTESIAN_POINT('',(6.150995121513,0.740848399356,
    -2.058318054353));
#6094 = CARTESIAN_POINT('',(6.147387872224,0.574425855659,
    -2.093238269606));
#6095 = CARTESIAN_POINT('',(6.143772503785,0.406159552863,
    -2.115222590636));
#6096 = CARTESIAN_POINT('',(6.140149321413,0.237318240496,
    -2.124190581875));
#6097 = ORIENTED_EDGE('',*,*,#6098,.T.);
#6098 = EDGE_CURVE('',#6052,#5985,#6099,.T.);
#6099 = B_SPLINE_CURVE_WITH_KNOTS('',4,(#6100,#6101,#6102,#6103,#6104),
  .UNSPECIFIED.,.F.,.F.,(5,5),(0.,1.),.PIECEWISE_BEZIER_KNOTS.);
#6100 = CARTESIAN_POINT('',(6.140149321413,0.237318240496,
    -2.124190581875));
#6101 = CARTESIAN_POINT('',(6.140149208776,0.178149624845,
    -2.129541289611));
#6102 = CARTESIAN_POINT('',(6.140149106821,0.118820136629,-2.13311322207
    ));
#6103 = CARTESIAN_POINT('',(6.140149020366,5.941005828718E-02,
    -2.134899126997));
#6104 = CARTESIAN_POINT('',(6.140148953158,-3.258275766134E-15,
    -2.134899010588));
#6105 = CONICAL_SURFACE('',#6106,2.6,1.047197551197);
#6106 = AXIS2_PLACEMENT_3D('',#6107,#6108,#6109);
#6107 = CARTESIAN_POINT('',(6.12,-2.679327833447E-15,0.5));
#6108 = DIRECTION('',(1.,-5.540892098501E-16,4.4E-16));
#6109 = DIRECTION('',(4.4E-16,5.E-17,-1.));
#6110 = ADVANCED_FACE('',(#6111),#6192,.F.);
#6111 = FACE_BOUND('',#6112,.F.);
#6112 = EDGE_LOOP('',(#6113,#6149,#6156,#6190,#6191));
#6113 = ORIENTED_EDGE('',*,*,#6114,.F.);
#6114 = EDGE_CURVE('',#6115,#5995,#6117,.T.);
#6115 = VERTEX_POINT('',#6116);
#6116 = CARTESIAN_POINT('',(6.52506066673,1.462419595908E-07,
    3.134890894573));
#6117 = B_SPLINE_CURVE_WITH_KNOTS('',9,(#6118,#6119,#6120,#6121,#6122,
    #6123,#6124,#6125,#6126,#6127,#6128,#6129,#6130,#6131,#6132,#6133,
    #6134,#6135,#6136,#6137,#6138,#6139,#6140,#6141,#6142,#6143,#6144,
    #6145,#6146,#6147,#6148),.UNSPECIFIED.,.F.,.F.,(10,7,7,7,10),(0.,
    1.58079326614,3.161586532279,4.742379798419,6.323173064558),
  .UNSPECIFIED.);
#6118 = CARTESIAN_POINT('',(6.52506066673,1.462419588008E-07,
    3.134890894573));
#6119 = CARTESIAN_POINT('',(6.505338970749,0.459897573675,3.134900108422
    ));
#6120 = CARTESIAN_POINT('',(6.485619810711,0.919737179072,3.044672203313
    ));
#6121 = CARTESIAN_POINT('',(6.465894451349,1.359382687792,2.864018256434
    ));
#6122 = CARTESIAN_POINT('',(6.446170686517,1.758439786463,2.598385624639
    ));
#6123 = CARTESIAN_POINT('',(6.426449255982,2.09841253128,2.258444970735)
  );
#6124 = CARTESIAN_POINT('',(6.406727824541,2.364010413666,1.859363184132
    ));
#6125 = CARTESIAN_POINT('',(6.387006149244,2.54461198292,1.419756602242)
  );
#6126 = CARTESIAN_POINT('',(6.347561970511,2.72521001518,0.500005786123)
  );
#6127 = CARTESIAN_POINT('',(6.308116865674,2.544606124534,
    -0.419754674122));
#6128 = CARTESIAN_POINT('',(6.288394229562,2.364005586941,
    -0.859371724536));
#6129 = CARTESIAN_POINT('',(6.268671979948,2.098419798701,
    -1.258460314148));
#6130 = CARTESIAN_POINT('',(6.248950080207,1.758459704793,
    -1.598426582185));
#6131 = CARTESIAN_POINT('',(6.229228145326,1.359372383336,
    -1.864015588871));
#6132 = CARTESIAN_POINT('',(6.20950594193,0.919756754032,-2.044606610905
    ));
#6133 = CARTESIAN_POINT('',(6.170061353991,-6.021277767516E-07,
    -2.22519512515));
#6134 = CARTESIAN_POINT('',(6.130616766051,-0.919756921901,
    -2.044601332554));
#6135 = CARTESIAN_POINT('',(6.110894562659,-1.359370925611,
    -1.864010286917));
#6136 = CARTESIAN_POINT('',(6.091172627772,-1.758460845509,
    -1.598433555393));
#6137 = CARTESIAN_POINT('',(6.071450728028,-2.098431202158,
    -1.258473329275));
#6138 = CARTESIAN_POINT('',(6.051728478416,-2.364020884812,
    -0.859377780655));
#6139 = CARTESIAN_POINT('',(6.032005842312,-2.544607175358,
    -0.419755427932));
#6140 = CARTESIAN_POINT('',(5.99256073746,-2.725188828979,0.500006387741
    ));
#6141 = CARTESIAN_POINT('',(5.953116558732,-2.54459922731,1.419755848424
    ));
#6142 = CARTESIAN_POINT('',(5.933394883619,-2.364016421227,1.85936748304
    ));
#6143 = CARTESIAN_POINT('',(5.913673451477,-2.098440392237,
    2.258447014374));
#6144 = CARTESIAN_POINT('',(5.893952022116,-1.758502753546,
    2.598449931882));
#6145 = CARTESIAN_POINT('',(5.874228256184,-1.359331563906,
    2.864032214041));
#6146 = CARTESIAN_POINT('',(5.854502897394,-0.919733221773,
    3.044571275939));
#6147 = CARTESIAN_POINT('',(5.83478373724,-0.459897232194,3.134905822403
    ));
#6148 = CARTESIAN_POINT('',(5.815062041235,1.952390660561E-07,
    3.134915027699));
#6149 = ORIENTED_EDGE('',*,*,#6150,.T.);
#6150 = EDGE_CURVE('',#6115,#6151,#6153,.T.);
#6151 = VERTEX_POINT('',#6152);
#6152 = CARTESIAN_POINT('',(6.484957204856,1.469775876086E-07,
    3.134890224983));
#6153 = B_SPLINE_CURVE_WITH_KNOTS('',1,(#6154,#6155),.UNSPECIFIED.,.F.,
  .F.,(2,2),(0.,4.010346187924E-02),.PIECEWISE_BEZIER_KNOTS.);
#6154 = CARTESIAN_POINT('',(6.52506066673,1.462419926808E-07,
    3.134890894573));
#6155 = CARTESIAN_POINT('',(6.484957204856,1.469776215886E-07,
    3.134890224983));
#6156 = ORIENTED_EDGE('',*,*,#6157,.T.);
#6157 = EDGE_CURVE('',#6151,#6052,#6158,.T.);
#6158 = B_SPLINE_CURVE_WITH_KNOTS('',9,(#6159,#6160,#6161,#6162,#6163,
    #6164,#6165,#6166,#6167,#6168,#6169,#6170,#6171,#6172,#6173,#6174,
    #6175,#6176,#6177,#6178,#6179,#6180,#6181,#6182,#6183,#6184,#6185,
    #6186,#6187,#6188,#6189),.UNSPECIFIED.,.F.,.F.,(10,7,7,7,10),(0.,
    1.58079326614,3.161586532279,4.742379798419,6.323173064558),
  .UNSPECIFIED.);
#6159 = CARTESIAN_POINT('',(6.484957204856,1.469775877086E-07,
    3.134890224983));
#6160 = CARTESIAN_POINT('',(6.465235508876,0.459897448583,3.134899399265
    ));
#6161 = CARTESIAN_POINT('',(6.445516348842,0.919736920309,3.044671290999
    ));
#6162 = CARTESIAN_POINT('',(6.425790989477,1.359382207953,2.864017638525
    ));
#6163 = CARTESIAN_POINT('',(6.40606722464,1.758439440794,2.598385186634)
  );
#6164 = CARTESIAN_POINT('',(6.386345794109,2.098412017439,2.258444492686
    ));
#6165 = CARTESIAN_POINT('',(6.366624362667,2.364009780283,1.859362819971
    ));
#6166 = CARTESIAN_POINT('',(6.346902687372,2.544611259822,1.419756347508
    ));
#6167 = CARTESIAN_POINT('',(6.307458508639,2.725209224154,0.500005785893
    ));
#6168 = CARTESIAN_POINT('',(6.268013403801,2.544605429881,
    -0.419754425436));
#6169 = CARTESIAN_POINT('',(6.248290767688,2.364004971873,
    -0.859371366759));
#6170 = CARTESIAN_POINT('',(6.228568518074,2.098419247781,
    -1.258459861853));
#6171 = CARTESIAN_POINT('',(6.208846618334,1.758459224822,
    -1.598426023764));
#6172 = CARTESIAN_POINT('',(6.189124683453,1.359372006895,
    -1.864014931346));
#6173 = CARTESIAN_POINT('',(6.169402480057,0.919756501269,
    -2.044605903764));
#6174 = CARTESIAN_POINT('',(6.129957892118,-6.010722005038E-07,
    -2.225194379343));
#6175 = CARTESIAN_POINT('',(6.090513304178,-0.91975667125,
    -2.044600646923));
#6176 = CARTESIAN_POINT('',(6.070791100786,-1.359370558021,
    -1.864009650513));
#6177 = CARTESIAN_POINT('',(6.0510691659,-1.758460363002,-1.598432965252
    ));
#6178 = CARTESIAN_POINT('',(6.031347266156,-2.098430604516,
    -1.258472819091));
#6179 = CARTESIAN_POINT('',(6.011625016544,-2.364020205955,
    -0.859377394398));
#6180 = CARTESIAN_POINT('',(5.99190238044,-2.544606477241,-0.4197551732)
  );
#6181 = CARTESIAN_POINT('',(5.952457275587,-2.725188128388,
    0.500006387972));
#6182 = CARTESIAN_POINT('',(5.913013096859,-2.544598557638,
    1.419755599736));
#6183 = CARTESIAN_POINT('',(5.893291421746,-2.36401576069,1.859367103156
    ));
#6184 = CARTESIAN_POINT('',(5.873569989607,-2.098439757515,
    2.258446529933));
#6185 = CARTESIAN_POINT('',(5.853848560244,-1.758502136765,
    2.598449221332));
#6186 = CARTESIAN_POINT('',(5.834124794313,-1.359331299665,
    2.864031538065));
#6187 = CARTESIAN_POINT('',(5.814399435518,-0.919732977074,
    3.044570795462));
#6188 = CARTESIAN_POINT('',(5.794680275368,-0.45989710563,3.134905089367
    ));
#6189 = CARTESIAN_POINT('',(5.774958579364,1.959747584739E-07,
    3.134914255095));
#6190 = ORIENTED_EDGE('',*,*,#6098,.T.);
#6191 = ORIENTED_EDGE('',*,*,#5994,.T.);
#6192 = B_SPLINE_SURFACE_WITH_KNOTS('',1,9,(
    (#6193,#6194,#6195,#6196,#6197,#6198,#6199,#6200,#6201,#6202,#6203
      ,#6204,#6205,#6206,#6207,#6208,#6209,#6210,#6211,#6212,#6213,#6214
      ,#6215,#6216,#6217,#6218,#6219,#6220,#6221,#6222,#6223)
    ,(#6224,#6225,#6226,#6227,#6228,#6229,#6230,#6231,#6232,#6233,#6234
      ,#6235,#6236,#6237,#6238,#6239,#6240,#6241,#6242,#6243,#6244,#6245
      ,#6246,#6247,#6248,#6249,#6250,#6251,#6252,#6253,#6254
  )),.UNSPECIFIED.,.F.,.F.,.F.,(2,2),(10,7,7,7,10),(0.,
    4.010346187924E-02),(0.,1.58079326614,3.161586532279,4.742379798419,
    6.323173064558),.UNSPECIFIED.);
#6193 = CARTESIAN_POINT('',(6.52506066673,1.462419590208E-07,
    3.134890894573));
#6194 = CARTESIAN_POINT('',(6.505338970749,0.459897573675,3.134900108422
    ));
#6195 = CARTESIAN_POINT('',(6.485619810711,0.919737179072,3.044672203313
    ));
#6196 = CARTESIAN_POINT('',(6.465894451349,1.359382687792,2.864018256433
    ));
#6197 = CARTESIAN_POINT('',(6.446170686517,1.758439786463,2.59838562464)
  );
#6198 = CARTESIAN_POINT('',(6.426449255982,2.09841253128,2.258444970735)
  );
#6199 = CARTESIAN_POINT('',(6.406727824541,2.364010413666,1.859363184132
    ));
#6200 = CARTESIAN_POINT('',(6.387006149244,2.54461198292,1.419756602242)
  );
#6201 = CARTESIAN_POINT('',(6.347561970511,2.72521001518,0.500005786123)
  );
#6202 = CARTESIAN_POINT('',(6.308116865674,2.544606124534,
    -0.419754674122));
#6203 = CARTESIAN_POINT('',(6.288394229562,2.364005586941,
    -0.859371724536));
#6204 = CARTESIAN_POINT('',(6.268671979948,2.098419798701,
    -1.258460314148));
#6205 = CARTESIAN_POINT('',(6.248950080207,1.758459704793,
    -1.598426582185));
#6206 = CARTESIAN_POINT('',(6.229228145326,1.359372383336,
    -1.864015588871));
#6207 = CARTESIAN_POINT('',(6.20950594193,0.919756754032,-2.044606610905
    ));
#6208 = CARTESIAN_POINT('',(6.170061353991,-6.021277779516E-07,
    -2.22519512515));
#6209 = CARTESIAN_POINT('',(6.130616766051,-0.919756921901,
    -2.044601332554));
#6210 = CARTESIAN_POINT('',(6.110894562659,-1.359370925611,
    -1.864010286917));
#6211 = CARTESIAN_POINT('',(6.091172627772,-1.758460845509,
    -1.598433555393));
#6212 = CARTESIAN_POINT('',(6.071450728028,-2.098431202158,
    -1.258473329275));
#6213 = CARTESIAN_POINT('',(6.051728478416,-2.364020884813,
    -0.859377780655));
#6214 = CARTESIAN_POINT('',(6.032005842312,-2.544607175358,
    -0.419755427932));
#6215 = CARTESIAN_POINT('',(5.99256073746,-2.725188828979,0.500006387741
    ));
#6216 = CARTESIAN_POINT('',(5.953116558732,-2.54459922731,1.419755848424
    ));
#6217 = CARTESIAN_POINT('',(5.933394883619,-2.364016421228,1.85936748304
    ));
#6218 = CARTESIAN_POINT('',(5.913673451477,-2.098440392236,
    2.258447014374));
#6219 = CARTESIAN_POINT('',(5.893952022116,-1.758502753546,
    2.598449931882));
#6220 = CARTESIAN_POINT('',(5.874228256184,-1.359331563906,
    2.864032214041));
#6221 = CARTESIAN_POINT('',(5.854502897394,-0.919733221773,
    3.044571275939));
#6222 = CARTESIAN_POINT('',(5.83478373724,-0.459897232194,3.134905822403
    ));
#6223 = CARTESIAN_POINT('',(5.815062041235,1.952390660561E-07,
    3.134915027699));
#6224 = CARTESIAN_POINT('',(6.484957204856,1.469775877086E-07,
    3.134890224983));
#6225 = CARTESIAN_POINT('',(6.465235508876,0.459897448583,3.134899399265
    ));
#6226 = CARTESIAN_POINT('',(6.445516348842,0.919736920309,3.044671290999
    ));
#6227 = CARTESIAN_POINT('',(6.425790989477,1.359382207953,2.864017638525
    ));
#6228 = CARTESIAN_POINT('',(6.40606722464,1.758439440794,2.598385186634)
  );
#6229 = CARTESIAN_POINT('',(6.386345794109,2.098412017439,2.258444492686
    ));
#6230 = CARTESIAN_POINT('',(6.366624362667,2.364009780283,1.859362819971
    ));
#6231 = CARTESIAN_POINT('',(6.346902687372,2.544611259822,1.419756347508
    ));
#6232 = CARTESIAN_POINT('',(6.307458508639,2.725209224154,0.500005785893
    ));
#6233 = CARTESIAN_POINT('',(6.268013403801,2.544605429881,
    -0.419754425436));
#6234 = CARTESIAN_POINT('',(6.248290767688,2.364004971873,
    -0.859371366759));
#6235 = CARTESIAN_POINT('',(6.228568518074,2.098419247781,
    -1.258459861853));
#6236 = CARTESIAN_POINT('',(6.208846618334,1.758459224822,
    -1.598426023764));
#6237 = CARTESIAN_POINT('',(6.189124683453,1.359372006895,
    -1.864014931346));
#6238 = CARTESIAN_POINT('',(6.169402480057,0.919756501269,
    -2.044605903764));
#6239 = CARTESIAN_POINT('',(6.129957892118,-6.010722005038E-07,
    -2.225194379343));
#6240 = CARTESIAN_POINT('',(6.090513304178,-0.91975667125,
    -2.044600646923));
#6241 = CARTESIAN_POINT('',(6.070791100786,-1.359370558021,
    -1.864009650513));
#6242 = CARTESIAN_POINT('',(6.0510691659,-1.758460363002,-1.598432965252
    ));
#6243 = CARTESIAN_POINT('',(6.031347266156,-2.098430604516,
    -1.258472819091));
#6244 = CARTESIAN_POINT('',(6.011625016544,-2.364020205955,
    -0.859377394398));
#6245 = CARTESIAN_POINT('',(5.99190238044,-2.544606477241,-0.4197551732)
  );
#6246 = CARTESIAN_POINT('',(5.952457275587,-2.725188128388,
    0.500006387972));
#6247 = CARTESIAN_POINT('',(5.913013096859,-2.544598557638,
    1.419755599736));
#6248 = CARTESIAN_POINT('',(5.893291421746,-2.36401576069,1.859367103156
    ));
#6249 = CARTESIAN_POINT('',(5.873569989607,-2.098439757515,
    2.258446529933));
#6250 = CARTESIAN_POINT('',(5.853848560244,-1.758502136765,
    2.598449221332));
#6251 = CARTESIAN_POINT('',(5.834124794313,-1.359331299665,
    2.864031538065));
#6252 = CARTESIAN_POINT('',(5.814399435518,-0.919732977074,
    3.044570795462));
#6253 = CARTESIAN_POINT('',(5.794680275368,-0.45989710563,3.134905089367
    ));
#6254 = CARTESIAN_POINT('',(5.774958579364,1.959747584739E-07,
    3.134914255095));
#6255 = ADVANCED_FACE('',(#6256),#6265,.F.);
#6256 = FACE_BOUND('',#6257,.F.);
#6257 = EDGE_LOOP('',(#6258,#6259,#6264));
#6258 = ORIENTED_EDGE('',*,*,#6157,.F.);
#6259 = ORIENTED_EDGE('',*,*,#6260,.T.);
#6260 = EDGE_CURVE('',#6151,#6025,#6261,.T.);
#6261 = B_SPLINE_CURVE_WITH_KNOTS('',1,(#6262,#6263),.UNSPECIFIED.,.F.,
  .F.,(2,2),(0.,0.659896538121),.PIECEWISE_BEZIER_KNOTS.);
#6262 = CARTESIAN_POINT('',(6.484957204856,1.469776215886E-07,
    3.134890224983));
#6263 = CARTESIAN_POINT('',(6.154999393973,-1.871060620249E-07,
    3.706371881785));
#6264 = ORIENTED_EDGE('',*,*,#6051,.T.);
#6265 = B_SPLINE_SURFACE_WITH_KNOTS('',1,9,(
    (#6266,#6267,#6268,#6269,#6270,#6271,#6272,#6273,#6274,#6275,#6276
      ,#6277,#6278,#6279,#6280,#6281,#6282,#6283,#6284,#6285,#6286,#6287
      ,#6288,#6289,#6290,#6291,#6292,#6293,#6294,#6295,#6296)
    ,(#6297,#6298,#6299,#6300,#6301,#6302,#6303,#6304,#6305,#6306,#6307
      ,#6308,#6309,#6310,#6311,#6312,#6313,#6314,#6315,#6316,#6317,#6318
      ,#6319,#6320,#6321,#6322,#6323,#6324,#6325,#6326,#6327
  )),.UNSPECIFIED.,.F.,.F.,.F.,(2,2),(10,7,7,7,10),(0.,0.659896538121),(
    0.,1.58079326614,3.161586532279,4.742379798419,6.323173064558),
  .UNSPECIFIED.);
#6266 = CARTESIAN_POINT('',(6.484957204856,1.469775877086E-07,
    3.134890224983));
#6267 = CARTESIAN_POINT('',(6.465235508876,0.459897448583,3.134899399265
    ));
#6268 = CARTESIAN_POINT('',(6.445516348842,0.919736920309,3.044671290999
    ));
#6269 = CARTESIAN_POINT('',(6.425790989477,1.359382207953,2.864017638525
    ));
#6270 = CARTESIAN_POINT('',(6.40606722464,1.758439440794,2.598385186634)
  );
#6271 = CARTESIAN_POINT('',(6.386345794109,2.098412017439,2.258444492686
    ));
#6272 = CARTESIAN_POINT('',(6.366624362667,2.364009780283,1.859362819971
    ));
#6273 = CARTESIAN_POINT('',(6.346902687372,2.544611259822,1.419756347508
    ));
#6274 = CARTESIAN_POINT('',(6.307458508639,2.725209224154,0.500005785893
    ));
#6275 = CARTESIAN_POINT('',(6.268013403801,2.544605429881,
    -0.419754425436));
#6276 = CARTESIAN_POINT('',(6.248290767688,2.364004971873,
    -0.859371366759));
#6277 = CARTESIAN_POINT('',(6.228568518074,2.098419247781,
    -1.258459861853));
#6278 = CARTESIAN_POINT('',(6.208846618334,1.758459224822,
    -1.598426023764));
#6279 = CARTESIAN_POINT('',(6.189124683453,1.359372006895,
    -1.864014931346));
#6280 = CARTESIAN_POINT('',(6.169402480057,0.919756501269,
    -2.044605903764));
#6281 = CARTESIAN_POINT('',(6.129957892118,-6.010722005038E-07,
    -2.225194379343));
#6282 = CARTESIAN_POINT('',(6.090513304178,-0.91975667125,
    -2.044600646923));
#6283 = CARTESIAN_POINT('',(6.070791100786,-1.359370558021,
    -1.864009650513));
#6284 = CARTESIAN_POINT('',(6.0510691659,-1.758460363002,-1.598432965252
    ));
#6285 = CARTESIAN_POINT('',(6.031347266156,-2.098430604516,
    -1.258472819091));
#6286 = CARTESIAN_POINT('',(6.011625016544,-2.364020205955,
    -0.859377394398));
#6287 = CARTESIAN_POINT('',(5.99190238044,-2.544606477241,-0.4197551732)
  );
#6288 = CARTESIAN_POINT('',(5.952457275587,-2.725188128388,
    0.500006387972));
#6289 = CARTESIAN_POINT('',(5.913013096859,-2.544598557638,
    1.419755599736));
#6290 = CARTESIAN_POINT('',(5.893291421746,-2.36401576069,1.859367103156
    ));
#6291 = CARTESIAN_POINT('',(5.873569989607,-2.098439757515,
    2.258446529933));
#6292 = CARTESIAN_POINT('',(5.853848560244,-1.758502136765,
    2.598449221332));
#6293 = CARTESIAN_POINT('',(5.834124794313,-1.359331299665,
    2.864031538065));
#6294 = CARTESIAN_POINT('',(5.814399435518,-0.919732977074,
    3.044570795462));
#6295 = CARTESIAN_POINT('',(5.794680275368,-0.45989710563,3.134905089367
    ));
#6296 = CARTESIAN_POINT('',(5.774958579364,1.959747584739E-07,
    3.134914255095));
#6297 = CARTESIAN_POINT('',(6.154999393973,-1.871060955349E-07,
    3.706371881785));
#6298 = CARTESIAN_POINT('',(6.135277135982,0.559617932668,3.706380789873
    ));
#6299 = CARTESIAN_POINT('',(6.115554705608,1.119237671072,3.59657494472)
  );
#6300 = CARTESIAN_POINT('',(6.095832696399,1.654228966492,3.376730569641
    ));
#6301 = CARTESIAN_POINT('',(6.076110579631,2.139819164886,3.053511298712
    ));
#6302 = CARTESIAN_POINT('',(6.056388302975,2.553539850142,2.63983937644)
  );
#6303 = CARTESIAN_POINT('',(6.036666027345,2.87673668797,2.154196857216)
  );
#6304 = CARTESIAN_POINT('',(6.01694376784,3.096507736509,1.619241801519)
  );
#6305 = CARTESIAN_POINT('',(5.977499305326,3.316274374361,0.500005979442
    ));
#6306 = CARTESIAN_POINT('',(5.938054905792,3.096502635248,-0.61923748596
    ));
#6307 = CARTESIAN_POINT('',(5.918332711708,2.876734478862,-1.15420091573
    ));
#6308 = CARTESIAN_POINT('',(5.898610491347,2.553546827253,
    -1.639850086058));
#6309 = CARTESIAN_POINT('',(5.8788882472,2.139849634473,-2.053553493577)
  );
#6310 = CARTESIAN_POINT('',(5.859166005443,1.654200890482,
    -2.376744816467));
#6311 = CARTESIAN_POINT('',(5.839443781938,1.119238475809,
    -2.596503147178));
#6312 = CARTESIAN_POINT('',(5.799999347251,-2.135343596372E-07,
    -2.816259385623));
#6313 = CARTESIAN_POINT('',(5.760554912563,-1.119237955672,
    -2.596498323024));
#6314 = CARTESIAN_POINT('',(5.740832689063,-1.654198857138,
    -2.376740087359));
#6315 = CARTESIAN_POINT('',(5.7211104473,-2.139850168339,-2.053560662997
    ));
#6316 = CARTESIAN_POINT('',(5.70138820315,-2.553557310661,-1.63986315045
    ));
#6317 = CARTESIAN_POINT('',(5.681665982791,-2.876748810157,
    -1.15420736634));
#6318 = CARTESIAN_POINT('',(5.661943788715,-3.09650339839,
    -0.619238891472));
#6319 = CARTESIAN_POINT('',(5.622499389166,-3.316254022663,0.50000582761
    ));
#6320 = CARTESIAN_POINT('',(5.583054926657,-3.096495729622,
    1.619240395999));
#6321 = CARTESIAN_POINT('',(5.56333266733,-2.876742822914,2.154200353761
    ));
#6322 = CARTESIAN_POINT('',(5.543610391026,-2.553567084569,
    2.639840777663));
#6323 = CARTESIAN_POINT('',(5.523888115498,-2.139880213675,
    3.053572602091));
#6324 = CARTESIAN_POINT('',(5.504165997672,-1.65418048934,3.376743613441
    ));
#6325 = CARTESIAN_POINT('',(5.484443989014,-1.119234551052,
    3.596477746461));
#6326 = CARTESIAN_POINT('',(5.464721558529,-0.55961831021,3.706386155667
    ));
#6327 = CARTESIAN_POINT('',(5.444999300514,-1.904370416496E-07,
    3.706395064331));
#6328 = ADVANCED_FACE('',(#6329),#6428,.F.);
#6329 = FACE_BOUND('',#6330,.F.);
#6330 = EDGE_LOOP('',(#6331,#6367,#6374,#6411,#6426,#6427));
#6331 = ORIENTED_EDGE('',*,*,#6332,.F.);
#6332 = EDGE_CURVE('',#6333,#6151,#6335,.T.);
#6333 = VERTEX_POINT('',#6334);
#6334 = CARTESIAN_POINT('',(7.194955830288,9.79788802933E-08,
    3.134866194884));
#6335 = B_SPLINE_CURVE_WITH_KNOTS('',9,(#6336,#6337,#6338,#6339,#6340,
    #6341,#6342,#6343,#6344,#6345,#6346,#6347,#6348,#6349,#6350,#6351,
    #6352,#6353,#6354,#6355,#6356,#6357,#6358,#6359,#6360,#6361,#6362,
    #6363,#6364,#6365,#6366),.UNSPECIFIED.,.F.,.F.,(10,7,7,7,10),(0.,
    1.58079326614,3.161586532279,4.742379798419,6.323173064558),
  .UNSPECIFIED.);
#6336 = CARTESIAN_POINT('',(7.194955830288,9.79788809633E-08,
    3.134866194884));
#6337 = CARTESIAN_POINT('',(7.17523413433,0.459893206442,3.134875377707)
  );
#6338 = CARTESIAN_POINT('',(7.155514974434,0.9197284842,3.044648101131)
  );
#6339 = CARTESIAN_POINT('',(7.135789614928,1.35936976598,2.863996104852)
  );
#6340 = CARTESIAN_POINT('',(7.116065850023,1.758423365246,2.598366081882
    ));
#6341 = CARTESIAN_POINT('',(7.096344419526,2.098392847165,2.258428494519
    ));
#6342 = CARTESIAN_POINT('',(7.076622988121,2.363988195442,1.859350466527
    ));
#6343 = CARTESIAN_POINT('',(7.056901312849,2.54458803611,1.419748006714)
  );
#6344 = CARTESIAN_POINT('',(7.017457134128,2.725184370548,0.500005836578
    ));
#6345 = CARTESIAN_POINT('',(6.978012029261,2.544582240367,
    -0.419745990077));
#6346 = CARTESIAN_POINT('',(6.95828939313,2.363983437503,-0.859358925556
    ));
#6347 = CARTESIAN_POINT('',(6.938567143514,2.098400142925,
    -1.258443785823));
#6348 = CARTESIAN_POINT('',(6.918845243788,1.758443226842,
    -1.598406853489));
#6349 = CARTESIAN_POINT('',(6.89912330892,1.359359653663,-1.863993346372
    ));
#6350 = CARTESIAN_POINT('',(6.879401105525,0.919748160622,
    -2.044582680027));
#6351 = CARTESIAN_POINT('',(6.83995651758,-5.503945832991E-07,
    -2.225169525759));
#6352 = CARTESIAN_POINT('',(6.800511929633,-0.919748235965,
    -2.044577457392));
#6353 = CARTESIAN_POINT('',(6.780789726241,-1.359358116867,
    -1.863988116096));
#6354 = CARTESIAN_POINT('',(6.76106779137,-1.758444286977,
    -1.598413860376));
#6355 = CARTESIAN_POINT('',(6.741345891638,-2.098411434258,
    -1.258456821102));
#6356 = CARTESIAN_POINT('',(6.721623642027,-2.363998621026,
    -0.859365041117));
#6357 = CARTESIAN_POINT('',(6.701901005903,-2.54458325352,
    -0.419746832479));
#6358 = CARTESIAN_POINT('',(6.662455901021,-2.725163274785,
    0.500006337302));
#6359 = CARTESIAN_POINT('',(6.623011722305,-2.544575368135,
    1.419747164304));
#6360 = CARTESIAN_POINT('',(6.603290047217,-2.363994226406,1.85935466179
    ));
#6361 = CARTESIAN_POINT('',(6.583568615113,-2.098420652637,
    2.258430453721));
#6362 = CARTESIAN_POINT('',(6.563847185786,-1.758486139252,
    2.598430051172));
#6363 = CARTESIAN_POINT('',(6.544123419785,-1.35931894562,2.86400995383)
  );
#6364 = CARTESIAN_POINT('',(6.524398060849,-0.919724635607,
    3.044547571401));
#6365 = CARTESIAN_POINT('',(6.504678900837,-0.459892961485,
    3.134881050708));
#6366 = CARTESIAN_POINT('',(6.484957204856,1.469776215886E-07,
    3.134890224983));
#6367 = ORIENTED_EDGE('',*,*,#6368,.T.);
#6368 = EDGE_CURVE('',#6333,#6369,#6371,.T.);
#6369 = VERTEX_POINT('',#6370);
#6370 = CARTESIAN_POINT('',(6.88887294891,-1.633906575708E-07,3.665));
#6371 = B_SPLINE_CURVE_WITH_KNOTS('',1,(#6372,#6373),.UNSPECIFIED.,.F.,
  .F.,(2,2),(0.,0.659896538121),.PIECEWISE_BEZIER_KNOTS.);
#6372 = CARTESIAN_POINT('',(7.194955830288,9.79788890933E-08,
    3.134866194884));
#6373 = CARTESIAN_POINT('',(6.864999487371,-1.837766251702E-07,
    3.706348699247));
#6374 = ORIENTED_EDGE('',*,*,#6375,.T.);
#6375 = EDGE_CURVE('',#6369,#6376,#6378,.T.);
#6376 = VERTEX_POINT('',#6377);
#6377 = CARTESIAN_POINT('',(6.533877695195,-2.413126452081E-15,-2.665));
#6378 = B_SPLINE_CURVE_WITH_KNOTS('',6,(#6379,#6380,#6381,#6382,#6383,
    #6384,#6385,#6386,#6387,#6388,#6389,#6390,#6391,#6392,#6393,#6394,
    #6395,#6396,#6397,#6398,#6399,#6400,#6401,#6402,#6403,#6404,#6405,
    #6406,#6407,#6408,#6409,#6410),.UNSPECIFIED.,.F.,.F.,(7,5,5,5,5,5,7)
  ,(0.,0.101550557187,0.265382196022,0.47432570506,0.682122056795,
    0.84361864345,1.),.UNSPECIFIED.);
#6379 = CARTESIAN_POINT('',(6.88887294891,-1.633906650108E-07,3.665));
#6380 = CARTESIAN_POINT('',(6.882866480251,0.168278520385,3.665000000326
    ));
#6381 = CARTESIAN_POINT('',(6.876863630366,0.336560780152,3.654263184357
    ));
#6382 = CARTESIAN_POINT('',(6.870860245565,0.503982665312,3.632789926174
    ));
#6383 = CARTESIAN_POINT('',(6.864854933432,0.669691847009,3.600671213205
    ));
#6384 = CARTESIAN_POINT('',(6.858847860575,0.832850563953,3.558088058196
    ));
#6385 = CARTESIAN_POINT('',(6.843146336136,1.250424752125,3.420165474966
    ));
#6386 = CARTESIAN_POINT('',(6.833448276573,1.499483488507,3.308473290617
    ));
#6387 = CARTESIAN_POINT('',(6.82375017518,1.736313664364,3.171375838463)
  );
#6388 = CARTESIAN_POINT('',(6.814054080822,1.957759036977,3.010608052914
    ));
#6389 = CARTESIAN_POINT('',(6.80435834485,2.160952381546,2.828349927794)
  );
#6390 = CARTESIAN_POINT('',(6.782303861861,2.576151291333,2.370975854753
    ));
#6391 = CARTESIAN_POINT('',(6.769940199511,2.775306796442,2.08396642289)
  );
#6392 = CARTESIAN_POINT('',(6.757583429231,2.935638288862,1.772013150164
    ));
#6393 = CARTESIAN_POINT('',(6.745225030928,3.053600436272,1.441701413198
    ));
#6394 = CARTESIAN_POINT('',(6.732859813137,3.126813162891,1.10012114928)
  );
#6395 = CARTESIAN_POINT('',(6.708203963203,3.182453821067,0.411790697351
    ));
#6396 = CARTESIAN_POINT('',(6.695904418853,3.165398597794,
    6.482438266493E-02));
#6397 = CARTESIAN_POINT('',(6.683609346841,3.10287321136,-0.278293591732
    ));
#6398 = CARTESIAN_POINT('',(6.671314961092,2.996056658749,
    -0.610302126816));
#6399 = CARTESIAN_POINT('',(6.659016203598,2.847336461854,
    -0.924243105489));
#6400 = CARTESIAN_POINT('',(6.637167762763,2.515985968137,
    -1.438725660655));
#6401 = CARTESIAN_POINT('',(6.627612194066,2.348233792799,
    -1.649043219881));
#6402 = CARTESIAN_POINT('',(6.618058297289,2.159530965506,
    -1.841717817489));
#6403 = CARTESIAN_POINT('',(6.608504321503,1.952236262045,
    -2.014231943848));
#6404 = CARTESIAN_POINT('',(6.598948624849,1.729049427654,
    -2.164438138472));
#6405 = CARTESIAN_POINT('',(6.580141913106,1.264594288682,-2.41293302983
    ));
#6406 = CARTESIAN_POINT('',(6.570888549041,1.024065392895,
    -2.512746092246));
#6407 = CARTESIAN_POINT('',(6.561636210218,0.774311039095,
    -2.588606918779));
#6408 = CARTESIAN_POINT('',(6.552383680493,0.518307144405,-2.63953924162
    ));
#6409 = CARTESIAN_POINT('',(6.543130029928,0.259138168115,-2.665));
#6410 = CARTESIAN_POINT('',(6.533877695195,-3.273126452081E-15,-2.665));
#6411 = ORIENTED_EDGE('',*,*,#6412,.T.);
#6412 = EDGE_CURVE('',#6376,#6016,#6413,.T.);
#6413 = B_SPLINE_CURVE_WITH_KNOTS('',6,(#6414,#6415,#6416,#6417,#6418,
    #6419,#6420,#6421,#6422,#6423,#6424,#6425),.UNSPECIFIED.,.F.,.F.,(7,
    5,7),(0.,0.161456363685,1.),.UNSPECIFIED.);
#6414 = CARTESIAN_POINT('',(6.533877695195,-3.303126452081E-15,-2.665));
#6415 = CARTESIAN_POINT('',(6.531518374911,-6.607953063549E-02,-2.665));
#6416 = CARTESIAN_POINT('',(6.529159068749,-0.132159108514,
    -2.663344451745));
#6417 = CARTESIAN_POINT('',(6.526799779099,-0.198186791947,
    -2.660033357797));
#6418 = CARTESIAN_POINT('',(6.524440507887,-0.264110778949,
    -2.655068881838));
#6419 = CARTESIAN_POINT('',(6.522081256576,-0.329879407231,
    -2.648455348677));
#6420 = CARTESIAN_POINT('',(6.507469070607,-0.735944213104,
    -2.597320142587));
#6421 = CARTESIAN_POINT('',(6.495212322075,-1.070991452121,
    -2.510118552697));
#6422 = CARTESIAN_POINT('',(6.482961378005,-1.393086634398,
    -2.379482183471));
#6423 = CARTESIAN_POINT('',(6.470710821019,-1.695428977455,
    -2.208017158247));
#6424 = CARTESIAN_POINT('',(6.458454724984,-1.971754117795,
    -1.999438258442));
#6425 = CARTESIAN_POINT('',(6.446202302092,-2.216713364112,
    -1.759072123985));
#6426 = ORIENTED_EDGE('',*,*,#6024,.T.);
#6427 = ORIENTED_EDGE('',*,*,#6260,.F.);
#6428 = B_SPLINE_SURFACE_WITH_KNOTS('',1,9,(
    (#6429,#6430,#6431,#6432,#6433,#6434,#6435,#6436,#6437,#6438,#6439
      ,#6440,#6441,#6442,#6443,#6444,#6445,#6446,#6447,#6448,#6449,#6450
      ,#6451,#6452,#6453,#6454,#6455,#6456,#6457,#6458,#6459)
    ,(#6460,#6461,#6462,#6463,#6464,#6465,#6466,#6467,#6468,#6469,#6470
      ,#6471,#6472,#6473,#6474,#6475,#6476,#6477,#6478,#6479,#6480,#6481
      ,#6482,#6483,#6484,#6485,#6486,#6487,#6488,#6489,#6490
  )),.UNSPECIFIED.,.F.,.F.,.F.,(2,2),(10,7,7,7,10),(0.,0.659896538121),(
    0.,1.58079326614,3.161586532279,4.742379798419,6.323173064558),
  .UNSPECIFIED.);
#6429 = CARTESIAN_POINT('',(7.194955830288,9.79788809633E-08,
    3.134866194884));
#6430 = CARTESIAN_POINT('',(7.17523413433,0.459893206442,3.134875377707)
  );
#6431 = CARTESIAN_POINT('',(7.155514974434,0.9197284842,3.044648101131)
  );
#6432 = CARTESIAN_POINT('',(7.135789614928,1.35936976598,2.863996104852)
  );
#6433 = CARTESIAN_POINT('',(7.116065850023,1.758423365246,2.598366081882
    ));
#6434 = CARTESIAN_POINT('',(7.096344419526,2.098392847165,2.258428494519
    ));
#6435 = CARTESIAN_POINT('',(7.076622988121,2.363988195442,1.859350466527
    ));
#6436 = CARTESIAN_POINT('',(7.056901312849,2.54458803611,1.419748006714)
  );
#6437 = CARTESIAN_POINT('',(7.017457134128,2.725184370548,0.500005836578
    ));
#6438 = CARTESIAN_POINT('',(6.978012029261,2.544582240367,
    -0.419745990077));
#6439 = CARTESIAN_POINT('',(6.95828939313,2.363983437503,-0.859358925556
    ));
#6440 = CARTESIAN_POINT('',(6.938567143514,2.098400142925,
    -1.258443785823));
#6441 = CARTESIAN_POINT('',(6.918845243788,1.758443226842,
    -1.598406853489));
#6442 = CARTESIAN_POINT('',(6.89912330892,1.359359653663,-1.863993346372
    ));
#6443 = CARTESIAN_POINT('',(6.879401105525,0.919748160622,
    -2.044582680027));
#6444 = CARTESIAN_POINT('',(6.83995651758,-5.503945832991E-07,
    -2.225169525759));
#6445 = CARTESIAN_POINT('',(6.800511929633,-0.919748235965,
    -2.044577457392));
#6446 = CARTESIAN_POINT('',(6.780789726241,-1.359358116867,
    -1.863988116096));
#6447 = CARTESIAN_POINT('',(6.76106779137,-1.758444286977,
    -1.598413860376));
#6448 = CARTESIAN_POINT('',(6.741345891638,-2.098411434258,
    -1.258456821102));
#6449 = CARTESIAN_POINT('',(6.721623642027,-2.363998621026,
    -0.859365041117));
#6450 = CARTESIAN_POINT('',(6.701901005903,-2.54458325352,
    -0.419746832479));
#6451 = CARTESIAN_POINT('',(6.662455901021,-2.725163274785,
    0.500006337302));
#6452 = CARTESIAN_POINT('',(6.623011722305,-2.544575368135,
    1.419747164304));
#6453 = CARTESIAN_POINT('',(6.603290047217,-2.363994226406,1.85935466179
    ));
#6454 = CARTESIAN_POINT('',(6.583568615113,-2.098420652637,
    2.258430453721));
#6455 = CARTESIAN_POINT('',(6.563847185786,-1.758486139252,
    2.598430051172));
#6456 = CARTESIAN_POINT('',(6.544123419785,-1.35931894562,2.86400995383)
  );
#6457 = CARTESIAN_POINT('',(6.524398060849,-0.919724635607,
    3.044547571401));
#6458 = CARTESIAN_POINT('',(6.504678900837,-0.459892961485,
    3.134881050708));
#6459 = CARTESIAN_POINT('',(6.484957204856,1.469776215886E-07,
    3.134890224983));
#6460 = CARTESIAN_POINT('',(6.864999487371,-1.837766329202E-07,
    3.706348699247));
#6461 = CARTESIAN_POINT('',(6.845277229403,0.559613890751,3.706357606747
    ));
#6462 = CARTESIAN_POINT('',(6.825554799163,1.11922958138,3.596552555123)
  );
#6463 = CARTESIAN_POINT('',(6.805832789817,1.654217008759,3.376709769372
    ));
#6464 = CARTESIAN_POINT('',(6.786110672983,2.13980369663,3.053492834029)
  );
#6465 = CARTESIAN_POINT('',(6.76638839636,2.553521389788,2.639823902244)
  );
#6466 = CARTESIAN_POINT('',(6.746666120765,2.876715890551,2.154184894091
    ));
#6467 = CARTESIAN_POINT('',(6.726943861284,3.096485349582,1.619233706046
    ));
#6468 = CARTESIAN_POINT('',(6.687499398781,3.316250397366,0.500005976006
    ));
#6469 = CARTESIAN_POINT('',(6.648054999219,3.096480245986,
    -0.619229396989));
#6470 = CARTESIAN_POINT('',(6.628332805117,2.876713677923,
    -1.154188958737));
#6471 = CARTESIAN_POINT('',(6.608610584754,2.553528362473,
    -1.639834617341));
#6472 = CARTESIAN_POINT('',(6.588888340621,2.139834160459,
    -2.053535033223));
#6473 = CARTESIAN_POINT('',(6.569166098877,1.654188927562,
    -2.376724018919));
#6474 = CARTESIAN_POINT('',(6.549443875373,1.119230380479,
    -2.596480760225));
#6475 = CARTESIAN_POINT('',(6.50999944068,-2.169781349025E-07,
    -2.816235408649));
#6476 = CARTESIAN_POINT('',(6.470555005986,-1.119229866772,
    -2.596475933747));
#6477 = CARTESIAN_POINT('',(6.450832782485,-1.654186900193,
    -2.376719286375));
#6478 = CARTESIAN_POINT('',(6.431110540737,-2.139834699629,-2.0535421982
    ));
#6479 = CARTESIAN_POINT('',(6.411388296598,-2.553538850324,
    -1.639847676429));
#6480 = CARTESIAN_POINT('',(6.39166607624,-2.876728012654,
    -1.154195403373));
#6481 = CARTESIAN_POINT('',(6.371943882145,-3.096481011453,
    -0.61923079607));
#6482 = CARTESIAN_POINT('',(6.332499482568,-3.316230045668,
    0.500005831061));
#6483 = CARTESIAN_POINT('',(6.293055020071,-3.09647334037,1.619232306958
    ));
#6484 = CARTESIAN_POINT('',(6.273332760767,-2.876722022059,
    2.154188396611));
#6485 = CARTESIAN_POINT('',(6.253610484497,-2.55354861977,2.639825308771
    ));
#6486 = CARTESIAN_POINT('',(6.233888209004,-2.139864740115,
    3.053554141853));
#6487 = CARTESIAN_POINT('',(6.214166091111,-1.654168525633,
    3.376722816609));
#6488 = CARTESIAN_POINT('',(6.194444082317,-1.119226454929,3.59645535919
    ));
#6489 = CARTESIAN_POINT('',(6.174721651964,-0.559614261633,
    3.706362973703));
#6490 = CARTESIAN_POINT('',(6.154999393973,-1.871060620249E-07,
    3.706371881785));
#6491 = ADVANCED_FACE('',(#6492),#6513,.T.);
#6492 = FACE_BOUND('',#6493,.T.);
#6493 = EDGE_LOOP('',(#6494,#6495,#6496,#6507));
#6494 = ORIENTED_EDGE('',*,*,#6412,.T.);
#6495 = ORIENTED_EDGE('',*,*,#6015,.T.);
#6496 = ORIENTED_EDGE('',*,*,#6497,.F.);
#6497 = EDGE_CURVE('',#6498,#6006,#6500,.T.);
#6498 = VERTEX_POINT('',#6499);
#6499 = CARTESIAN_POINT('',(6.476102283726,-2.387469015253E-15,-2.665));
#6500 = B_SPLINE_CURVE_WITH_KNOTS('',5,(#6501,#6502,#6503,#6504,#6505,
    #6506),.UNSPECIFIED.,.F.,.F.,(6,6),(0.,1.),
  .PIECEWISE_BEZIER_KNOTS.);
#6501 = CARTESIAN_POINT('',(6.476102283726,-2.827469015253E-15,-2.665));
#6502 = CARTESIAN_POINT('',(6.470122561704,-0.167491590245,
    -2.665000000001));
#6503 = CARTESIAN_POINT('',(6.464142668255,-0.334985239544,
    -2.653920314416));
#6504 = CARTESIAN_POINT('',(6.458162774752,-0.501497788625,
    -2.631761233801));
#6505 = CARTESIAN_POINT('',(6.452182576136,-0.666059749805,
    -2.598651775475));
#6506 = CARTESIAN_POINT('',(6.446202302092,-0.827722099479,
    -2.554848789389));
#6507 = ORIENTED_EDGE('',*,*,#6508,.T.);
#6508 = EDGE_CURVE('',#6498,#6376,#6509,.T.);
#6509 = LINE('',#6510,#6511);
#6510 = CARTESIAN_POINT('',(6.446202902092,-4.304191022488E-15,-2.665));
#6511 = VECTOR('',#6512,1.);
#6512 = DIRECTION('',(1.,-8.840892098501E-16,4.4E-16));
#6513 = CYLINDRICAL_SURFACE('',#6514,3.165);
#6514 = AXIS2_PLACEMENT_3D('',#6515,#6516,#6517);
#6515 = CARTESIAN_POINT('',(6.446202902092,-2.854191022488E-15,0.5));
#6516 = DIRECTION('',(1.,-5.540892098501E-16,4.4E-16));
#6517 = DIRECTION('',(4.4E-16,7.E-17,-1.));
#6518 = ADVANCED_FACE('',(#6519),#6566,.F.);
#6519 = FACE_BOUND('',#6520,.F.);
#6520 = EDGE_LOOP('',(#6521,#6558,#6563,#6564,#6565));
#6521 = ORIENTED_EDGE('',*,*,#6522,.F.);
#6522 = EDGE_CURVE('',#6523,#6498,#6525,.T.);
#6523 = VERTEX_POINT('',#6524);
#6524 = CARTESIAN_POINT('',(6.831107500231,-1.748777765451E-07,3.665));
#6525 = B_SPLINE_CURVE_WITH_KNOTS('',6,(#6526,#6527,#6528,#6529,#6530,
    #6531,#6532,#6533,#6534,#6535,#6536,#6537,#6538,#6539,#6540,#6541,
    #6542,#6543,#6544,#6545,#6546,#6547,#6548,#6549,#6550,#6551,#6552,
    #6553,#6554,#6555,#6556,#6557),.UNSPECIFIED.,.F.,.F.,(7,5,5,5,5,5,7)
  ,(0.,9.800523715368E-02,0.268199904921,0.471076770213,0.684358439366,
    0.845845761531,1.),.UNSPECIFIED.);
#6526 = CARTESIAN_POINT('',(6.831107500231,-1.748778105251E-07,3.665));
#6527 = CARTESIAN_POINT('',(6.825307617278,0.162403370744,3.665000000905
    ));
#6528 = CARTESIAN_POINT('',(6.819503945057,0.32480952128,3.654999847303)
  );
#6529 = CARTESIAN_POINT('',(6.813700865332,0.48644259849,3.634999907081)
  );
#6530 = CARTESIAN_POINT('',(6.807899551944,0.64653637148,3.605079065791)
  );
#6531 = CARTESIAN_POINT('',(6.802099724154,0.804336654119,3.565394338681
    ));
#6532 = CARTESIAN_POINT('',(6.786232102844,1.227870768127,3.430716316628
    ));
#6533 = CARTESIAN_POINT('',(6.77616532429,1.487543994617,3.316498460109)
  );
#6534 = CARTESIAN_POINT('',(6.766102735497,1.734176086347,3.174763345653
    ));
#6535 = CARTESIAN_POINT('',(6.75603778258,1.964221715556,3.007445670588)
  );
#6536 = CARTESIAN_POINT('',(6.745968631376,2.174468008769,2.816992387883
    ));
#6537 = CARTESIAN_POINT('',(6.723896330498,2.58592727801,2.355593109841)
  );
#6538 = CARTESIAN_POINT('',(6.711886855625,2.777771935223,2.076079118108
    ));
#6539 = CARTESIAN_POINT('',(6.699880363739,2.932957234645,1.773215139221
    ));
#6540 = CARTESIAN_POINT('',(6.687875346569,3.048241509086,1.453029868525
    ));
#6541 = CARTESIAN_POINT('',(6.675867249957,3.121434139066,1.122008414964
    ));
#6542 = CARTESIAN_POINT('',(6.65124586493,3.184013499435,0.435241398256)
  );
#6543 = CARTESIAN_POINT('',(6.638623773865,3.168933784839,
    7.883173309101E-02));
#6544 = CARTESIAN_POINT('',(6.626008499501,3.105886649397,-0.27379633019
    ));
#6545 = CARTESIAN_POINT('',(6.613392533839,2.99612699228,-0.61478624876)
  );
#6546 = CARTESIAN_POINT('',(6.600769721379,2.842231410716,
    -0.936612672862));
#6547 = CARTESIAN_POINT('',(6.578597288014,2.502306948145,
    -1.456347118364));
#6548 = CARTESIAN_POINT('',(6.56904159755,2.333092143413,-1.665469002788
    ));
#6549 = CARTESIAN_POINT('',(6.559487162254,2.143053581079,-1.85680337045
    ));
#6550 = CARTESIAN_POINT('',(6.54993278265,1.934567194706,-2.027849810461
    ));
#6551 = CARTESIAN_POINT('',(6.5403771451,1.710347241724,-2.176480222867)
  );
#6552 = CARTESIAN_POINT('',(6.521702795094,1.247444996315,
    -2.419993018125));
#6553 = CARTESIAN_POINT('',(6.512581777602,1.009827197436,
    -2.517038337087));
#6554 = CARTESIAN_POINT('',(6.503462200615,0.763368470258,
    -2.590768138438));
#6555 = CARTESIAN_POINT('',(6.494342837437,0.510923198205,-2.64025936617
    ));
#6556 = CARTESIAN_POINT('',(6.485222164286,0.255447208419,
    -2.664999999999));
#6557 = CARTESIAN_POINT('',(6.476102283726,-2.867469015253E-15,-2.665));
#6558 = ORIENTED_EDGE('',*,*,#6559,.T.);
#6559 = EDGE_CURVE('',#6523,#6115,#6560,.T.);
#6560 = B_SPLINE_CURVE_WITH_KNOTS('',1,(#6561,#6562),.UNSPECIFIED.,.F.,
  .F.,(2,2),(0.,0.659896538121),.PIECEWISE_BEZIER_KNOTS.);
#6561 = CARTESIAN_POINT('',(6.854999393875,-1.999463560557E-07,
    3.706383569376));
#6562 = CARTESIAN_POINT('',(6.52506066673,1.462419924608E-07,
    3.134890894573));
#6563 = ORIENTED_EDGE('',*,*,#6114,.T.);
#6564 = ORIENTED_EDGE('',*,*,#6005,.T.);
#6565 = ORIENTED_EDGE('',*,*,#6497,.F.);
#6566 = B_SPLINE_SURFACE_WITH_KNOTS('',1,9,(
    (#6567,#6568,#6569,#6570,#6571,#6572,#6573,#6574,#6575,#6576,#6577
      ,#6578,#6579,#6580,#6581,#6582,#6583,#6584,#6585,#6586,#6587,#6588
      ,#6589,#6590,#6591,#6592,#6593,#6594,#6595,#6596,#6597)
    ,(#6598,#6599,#6600,#6601,#6602,#6603,#6604,#6605,#6606,#6607,#6608
      ,#6609,#6610,#6611,#6612,#6613,#6614,#6615,#6616,#6617,#6618,#6619
      ,#6620,#6621,#6622,#6623,#6624,#6625,#6626,#6627,#6628
  )),.UNSPECIFIED.,.F.,.F.,.F.,(2,2),(10,7,7,7,10),(0.,0.659896538121),(
    0.,1.58079326614,3.161586532279,4.742379798419,6.323173064558),
  .UNSPECIFIED.);
#6567 = CARTESIAN_POINT('',(6.854999393875,-1.999463904457E-07,
    3.706383569376));
#6568 = CARTESIAN_POINT('',(6.835277135872,0.559620116137,3.706393168104
    ));
#6569 = CARTESIAN_POINT('',(6.815554705432,1.11924218774,3.596590869038)
  );
#6570 = CARTESIAN_POINT('',(6.795832696274,1.654237342012,3.376741355138
    ));
#6571 = CARTESIAN_POINT('',(6.776110579584,2.13982519849,3.053518944027)
  );
#6572 = CARTESIAN_POINT('',(6.756388302865,2.553548819158,2.639847720722
    ));
#6573 = CARTESIAN_POINT('',(6.736666027243,2.876747743578,2.154203213589
    ));
#6574 = CARTESIAN_POINT('',(6.716943767718,3.096520358078,1.619246247865
    ));
#6575 = CARTESIAN_POINT('',(6.677499305198,3.316288181597,0.500005983464
    ));
#6576 = CARTESIAN_POINT('',(6.63805490568,3.096514760328,-0.619241826731
    ));
#6577 = CARTESIAN_POINT('',(6.618332711606,2.876745214794,
    -1.154207160687));
#6578 = CARTESIAN_POINT('',(6.598610491245,2.55355644348,-1.639857980803
    ));
#6579 = CARTESIAN_POINT('',(6.57888824709,2.139858012294,-2.053563240737
    ));
#6580 = CARTESIAN_POINT('',(6.559166005327,1.654207461199,
    -2.376756293466));
#6581 = CARTESIAN_POINT('',(6.539443781822,1.119242887742,
    -2.596515490206));
#6582 = CARTESIAN_POINT('',(6.499999347138,-2.319589705381E-07,
    -2.816272403585));
#6583 = CARTESIAN_POINT('',(6.460554912453,-1.119242330739,
    -2.596510290622));
#6584 = CARTESIAN_POINT('',(6.440832688953,-1.654205273376,-2.3767511957
    ));
#6585 = CARTESIAN_POINT('',(6.421110447183,-2.139858590436,
    -2.05357096383));
#6586 = CARTESIAN_POINT('',(6.401388203025,-2.553567742408,
    -1.639872055631));
#6587 = CARTESIAN_POINT('',(6.381665982667,-2.876760659515,
    -1.15421410839));
#6588 = CARTESIAN_POINT('',(6.361943788601,-3.096515583918,
    -0.61924333778));
#6589 = CARTESIAN_POINT('',(6.322499389067,-3.316266251374,0.50000582358
    ));
#6590 = CARTESIAN_POINT('',(6.283054926552,-3.096507418651,
    1.619244736807));
#6591 = CARTESIAN_POINT('',(6.263332667218,-2.876754352504,
    2.154206984565));
#6592 = CARTESIAN_POINT('',(6.24361039087,-2.553578163546,2.639849233495
    ));
#6593 = CARTESIAN_POINT('',(6.223888115367,-2.139890979496,
    3.053585004643));
#6594 = CARTESIAN_POINT('',(6.204165997537,-1.654185101628,
    3.376755412504));
#6595 = CARTESIAN_POINT('',(6.184443988973,-1.119238822245,
    3.596486133113));
#6596 = CARTESIAN_POINT('',(6.164721558412,-0.559620519361,3.70639895071
    ));
#6597 = CARTESIAN_POINT('',(6.144999300384,-2.032784485604E-07,
    3.706408550015));
#6598 = CARTESIAN_POINT('',(6.52506066673,1.462419588008E-07,
    3.134890894573));
#6599 = CARTESIAN_POINT('',(6.505338970749,0.459897573675,3.134900108422
    ));
#6600 = CARTESIAN_POINT('',(6.485619810711,0.919737179072,3.044672203313
    ));
#6601 = CARTESIAN_POINT('',(6.465894451349,1.359382687792,2.864018256434
    ));
#6602 = CARTESIAN_POINT('',(6.446170686517,1.758439786463,2.598385624639
    ));
#6603 = CARTESIAN_POINT('',(6.426449255982,2.09841253128,2.258444970735)
  );
#6604 = CARTESIAN_POINT('',(6.406727824541,2.364010413666,1.859363184132
    ));
#6605 = CARTESIAN_POINT('',(6.387006149244,2.54461198292,1.419756602242)
  );
#6606 = CARTESIAN_POINT('',(6.347561970511,2.72521001518,0.500005786123)
  );
#6607 = CARTESIAN_POINT('',(6.308116865674,2.544606124534,
    -0.419754674122));
#6608 = CARTESIAN_POINT('',(6.288394229562,2.364005586941,
    -0.859371724536));
#6609 = CARTESIAN_POINT('',(6.268671979948,2.098419798701,
    -1.258460314148));
#6610 = CARTESIAN_POINT('',(6.248950080207,1.758459704793,
    -1.598426582185));
#6611 = CARTESIAN_POINT('',(6.229228145326,1.359372383336,
    -1.864015588871));
#6612 = CARTESIAN_POINT('',(6.20950594193,0.919756754032,-2.044606610905
    ));
#6613 = CARTESIAN_POINT('',(6.170061353991,-6.021277767516E-07,
    -2.22519512515));
#6614 = CARTESIAN_POINT('',(6.130616766051,-0.919756921901,
    -2.044601332554));
#6615 = CARTESIAN_POINT('',(6.110894562659,-1.359370925611,
    -1.864010286917));
#6616 = CARTESIAN_POINT('',(6.091172627772,-1.758460845509,
    -1.598433555393));
#6617 = CARTESIAN_POINT('',(6.071450728028,-2.098431202158,
    -1.258473329275));
#6618 = CARTESIAN_POINT('',(6.051728478416,-2.364020884812,
    -0.859377780655));
#6619 = CARTESIAN_POINT('',(6.032005842312,-2.544607175358,
    -0.419755427932));
#6620 = CARTESIAN_POINT('',(5.99256073746,-2.725188828979,0.500006387741
    ));
#6621 = CARTESIAN_POINT('',(5.953116558732,-2.54459922731,1.419755848424
    ));
#6622 = CARTESIAN_POINT('',(5.933394883619,-2.364016421227,1.85936748304
    ));
#6623 = CARTESIAN_POINT('',(5.913673451477,-2.098440392237,
    2.258447014374));
#6624 = CARTESIAN_POINT('',(5.893952022116,-1.758502753546,
    2.598449931882));
#6625 = CARTESIAN_POINT('',(5.874228256184,-1.359331563906,
    2.864032214041));
#6626 = CARTESIAN_POINT('',(5.854502897394,-0.919733221773,
    3.044571275939));
#6627 = CARTESIAN_POINT('',(5.83478373724,-0.459897232194,3.134905822403
    ));
#6628 = CARTESIAN_POINT('',(5.815062041235,1.952390660561E-07,
    3.134915027699));
#6629 = ADVANCED_FACE('',(#6630),#6675,.F.);
#6630 = FACE_BOUND('',#6631,.F.);
#6631 = EDGE_LOOP('',(#6632,#6668,#6673,#6674));
#6632 = ORIENTED_EDGE('',*,*,#6633,.F.);
#6633 = EDGE_CURVE('',#6634,#6115,#6636,.T.);
#6634 = VERTEX_POINT('',#6635);
#6635 = CARTESIAN_POINT('',(7.235059292163,9.724330827549E-08,
    3.13486676146));
#6636 = B_SPLINE_CURVE_WITH_KNOTS('',9,(#6637,#6638,#6639,#6640,#6641,
    #6642,#6643,#6644,#6645,#6646,#6647,#6648,#6649,#6650,#6651,#6652,
    #6653,#6654,#6655,#6656,#6657,#6658,#6659,#6660,#6661,#6662,#6663,
    #6664,#6665,#6666,#6667),.UNSPECIFIED.,.F.,.F.,(10,7,7,7,10),(0.,
    1.58079326614,3.161586532279,4.742379798419,6.323173064558),
  .UNSPECIFIED.);
#6637 = CARTESIAN_POINT('',(7.235059292163,9.724330934549E-08,
    3.13486676146));
#6638 = CARTESIAN_POINT('',(7.215337596205,0.459893313559,3.13487598385)
  );
#6639 = CARTESIAN_POINT('',(7.195618436306,0.919728707002,3.044648913961
    ));
#6640 = CARTESIAN_POINT('',(7.175893076801,1.359370192671,2.86399663034)
  );
#6641 = CARTESIAN_POINT('',(7.156169311901,1.758423642168,2.598366437848
    ));
#6642 = CARTESIAN_POINT('',(7.136447881401,2.098393278966,2.258428903819
    ));
#6643 = CARTESIAN_POINT('',(7.116726449996,2.363988736402,1.859350777542
    ));
#6644 = CARTESIAN_POINT('',(7.097004774723,2.544588659725,1.41974822549)
  );
#6645 = CARTESIAN_POINT('',(7.057560596002,2.72518505503,0.500005836809)
  );
#6646 = CARTESIAN_POINT('',(7.018115491135,2.544582835537,
    -0.419746202804));
#6647 = CARTESIAN_POINT('',(6.998392855005,2.363983960148,
    -0.859359230188));
#6648 = CARTESIAN_POINT('',(6.97867060539,2.098400611805,-1.258444169369
    ));
#6649 = CARTESIAN_POINT('',(6.958948705663,1.758443638064,-1.59840732987
    ));
#6650 = CARTESIAN_POINT('',(6.939226770795,1.359359976959,
    -1.863993911473));
#6651 = CARTESIAN_POINT('',(6.9195045674,0.919748377427,-2.044583287683)
  );
#6652 = CARTESIAN_POINT('',(6.880059979454,-5.514502111769E-07,
    -2.225170165023));
#6653 = CARTESIAN_POINT('',(6.840615391508,-0.919748450658,
    -2.04457804354));
#6654 = CARTESIAN_POINT('',(6.820893188116,-1.359358431312,
    -1.863988660077));
#6655 = CARTESIAN_POINT('',(6.801171253244,-1.758444700736,
    -1.598414368477));
#6656 = CARTESIAN_POINT('',(6.781449353512,-2.09841194986,
    -1.258457262538));
#6657 = CARTESIAN_POINT('',(6.761727103901,-2.363999207461,
    -0.859365374228));
#6658 = CARTESIAN_POINT('',(6.742004467778,-2.544583852153,
    -0.419747051253));
#6659 = CARTESIAN_POINT('',(6.702559362896,-2.725163868832,
    0.500006337071));
#6660 = CARTESIAN_POINT('',(6.66311518418,-2.544575938324,1.419747377033
    ));
#6661 = CARTESIAN_POINT('',(6.643393509091,-2.363994794521,
    1.859354988527));
#6662 = CARTESIAN_POINT('',(6.623672076985,-2.098421205319,
    2.258430869412));
#6663 = CARTESIAN_POINT('',(6.60395064766,-1.758486687286,2.598430679682
    ));
#6664 = CARTESIAN_POINT('',(6.584226881658,-1.359319156713,
    2.864010537386));
#6665 = CARTESIAN_POINT('',(6.564501522727,-0.919724844344,
    3.044547952392));
#6666 = CARTESIAN_POINT('',(6.544782362711,-0.459893070073,
    3.134881680731));
#6667 = CARTESIAN_POINT('',(6.52506066673,1.462419924608E-07,
    3.134890894573));
#6668 = ORIENTED_EDGE('',*,*,#6669,.T.);
#6669 = EDGE_CURVE('',#6634,#6333,#6670,.T.);
#6670 = B_SPLINE_CURVE_WITH_KNOTS('',1,(#6671,#6672),.UNSPECIFIED.,.F.,
  .F.,(2,2),(0.,4.010346187924E-02),.PIECEWISE_BEZIER_KNOTS.);
#6671 = CARTESIAN_POINT('',(7.235059292163,9.724331746549E-08,
    3.13486676146));
#6672 = CARTESIAN_POINT('',(7.194955830288,9.79788890933E-08,
    3.134866194884));
#6673 = ORIENTED_EDGE('',*,*,#6332,.T.);
#6674 = ORIENTED_EDGE('',*,*,#6150,.F.);
#6675 = B_SPLINE_SURFACE_WITH_KNOTS('',1,9,(
    (#6676,#6677,#6678,#6679,#6680,#6681,#6682,#6683,#6684,#6685,#6686
      ,#6687,#6688,#6689,#6690,#6691,#6692,#6693,#6694,#6695,#6696,#6697
      ,#6698,#6699,#6700,#6701,#6702,#6703,#6704,#6705,#6706)
    ,(#6707,#6708,#6709,#6710,#6711,#6712,#6713,#6714,#6715,#6716,#6717
      ,#6718,#6719,#6720,#6721,#6722,#6723,#6724,#6725,#6726,#6727,#6728
      ,#6729,#6730,#6731,#6732,#6733,#6734,#6735,#6736,#6737
  )),.UNSPECIFIED.,.F.,.F.,.F.,(2,2),(10,7,7,7,10),(0.,
    4.010346187924E-02),(0.,1.58079326614,3.161586532279,4.742379798419,
    6.323173064558),.UNSPECIFIED.);
#6676 = CARTESIAN_POINT('',(7.235059292163,9.724330912549E-08,
    3.13486676146));
#6677 = CARTESIAN_POINT('',(7.215337596205,0.459893313559,3.13487598385)
  );
#6678 = CARTESIAN_POINT('',(7.195618436306,0.919728707002,3.044648913961
    ));
#6679 = CARTESIAN_POINT('',(7.175893076801,1.359370192671,2.86399663034)
  );
#6680 = CARTESIAN_POINT('',(7.156169311901,1.758423642168,2.598366437847
    ));
#6681 = CARTESIAN_POINT('',(7.136447881401,2.098393278966,2.258428903819
    ));
#6682 = CARTESIAN_POINT('',(7.116726449996,2.363988736402,1.859350777542
    ));
#6683 = CARTESIAN_POINT('',(7.097004774723,2.544588659725,1.41974822549)
  );
#6684 = CARTESIAN_POINT('',(7.057560596002,2.72518505503,0.500005836809)
  );
#6685 = CARTESIAN_POINT('',(7.018115491135,2.544582835537,
    -0.419746202804));
#6686 = CARTESIAN_POINT('',(6.998392855005,2.363983960148,
    -0.859359230188));
#6687 = CARTESIAN_POINT('',(6.97867060539,2.098400611805,-1.258444169369
    ));
#6688 = CARTESIAN_POINT('',(6.958948705663,1.758443638064,-1.59840732987
    ));
#6689 = CARTESIAN_POINT('',(6.939226770795,1.359359976959,
    -1.863993911473));
#6690 = CARTESIAN_POINT('',(6.9195045674,0.919748377427,-2.044583287683)
  );
#6691 = CARTESIAN_POINT('',(6.880059979454,-5.514502157969E-07,
    -2.225170165023));
#6692 = CARTESIAN_POINT('',(6.840615391508,-0.919748450658,
    -2.04457804354));
#6693 = CARTESIAN_POINT('',(6.820893188116,-1.359358431312,
    -1.863988660077));
#6694 = CARTESIAN_POINT('',(6.801171253244,-1.758444700736,
    -1.598414368477));
#6695 = CARTESIAN_POINT('',(6.781449353512,-2.09841194986,
    -1.258457262538));
#6696 = CARTESIAN_POINT('',(6.761727103901,-2.363999207461,
    -0.859365374228));
#6697 = CARTESIAN_POINT('',(6.742004467778,-2.544583852153,
    -0.419747051253));
#6698 = CARTESIAN_POINT('',(6.702559362896,-2.725163868832,
    0.500006337071));
#6699 = CARTESIAN_POINT('',(6.66311518418,-2.544575938324,1.419747377033
    ));
#6700 = CARTESIAN_POINT('',(6.643393509091,-2.363994794521,
    1.859354988527));
#6701 = CARTESIAN_POINT('',(6.623672076985,-2.098421205319,
    2.258430869412));
#6702 = CARTESIAN_POINT('',(6.60395064766,-1.758486687286,2.598430679683
    ));
#6703 = CARTESIAN_POINT('',(6.584226881658,-1.359319156713,
    2.864010537386));
#6704 = CARTESIAN_POINT('',(6.564501522727,-0.919724844344,
    3.044547952393));
#6705 = CARTESIAN_POINT('',(6.544782362711,-0.459893070073,
    3.134881680731));
#6706 = CARTESIAN_POINT('',(6.52506066673,1.462419926808E-07,
    3.134890894573));
#6707 = CARTESIAN_POINT('',(7.194955830288,9.79788809633E-08,
    3.134866194884));
#6708 = CARTESIAN_POINT('',(7.17523413433,0.459893206442,3.134875377707)
  );
#6709 = CARTESIAN_POINT('',(7.155514974434,0.9197284842,3.044648101131)
  );
#6710 = CARTESIAN_POINT('',(7.135789614928,1.35936976598,2.863996104852)
  );
#6711 = CARTESIAN_POINT('',(7.116065850023,1.758423365246,2.598366081882
    ));
#6712 = CARTESIAN_POINT('',(7.096344419526,2.098392847165,2.258428494519
    ));
#6713 = CARTESIAN_POINT('',(7.076622988121,2.363988195442,1.859350466527
    ));
#6714 = CARTESIAN_POINT('',(7.056901312849,2.54458803611,1.419748006714)
  );
#6715 = CARTESIAN_POINT('',(7.017457134128,2.725184370548,0.500005836578
    ));
#6716 = CARTESIAN_POINT('',(6.978012029261,2.544582240367,
    -0.419745990077));
#6717 = CARTESIAN_POINT('',(6.95828939313,2.363983437503,-0.859358925556
    ));
#6718 = CARTESIAN_POINT('',(6.938567143514,2.098400142925,
    -1.258443785823));
#6719 = CARTESIAN_POINT('',(6.918845243788,1.758443226842,
    -1.598406853489));
#6720 = CARTESIAN_POINT('',(6.89912330892,1.359359653663,-1.863993346372
    ));
#6721 = CARTESIAN_POINT('',(6.879401105525,0.919748160622,
    -2.044582680027));
#6722 = CARTESIAN_POINT('',(6.83995651758,-5.503945832991E-07,
    -2.225169525759));
#6723 = CARTESIAN_POINT('',(6.800511929633,-0.919748235965,
    -2.044577457392));
#6724 = CARTESIAN_POINT('',(6.780789726241,-1.359358116867,
    -1.863988116096));
#6725 = CARTESIAN_POINT('',(6.76106779137,-1.758444286977,
    -1.598413860376));
#6726 = CARTESIAN_POINT('',(6.741345891638,-2.098411434258,
    -1.258456821102));
#6727 = CARTESIAN_POINT('',(6.721623642027,-2.363998621026,
    -0.859365041117));
#6728 = CARTESIAN_POINT('',(6.701901005903,-2.54458325352,
    -0.419746832479));
#6729 = CARTESIAN_POINT('',(6.662455901021,-2.725163274785,
    0.500006337302));
#6730 = CARTESIAN_POINT('',(6.623011722305,-2.544575368135,
    1.419747164304));
#6731 = CARTESIAN_POINT('',(6.603290047217,-2.363994226406,1.85935466179
    ));
#6732 = CARTESIAN_POINT('',(6.583568615113,-2.098420652637,
    2.258430453721));
#6733 = CARTESIAN_POINT('',(6.563847185786,-1.758486139252,
    2.598430051172));
#6734 = CARTESIAN_POINT('',(6.544123419785,-1.35931894562,2.86400995383)
  );
#6735 = CARTESIAN_POINT('',(6.524398060849,-0.919724635607,
    3.044547571401));
#6736 = CARTESIAN_POINT('',(6.504678900837,-0.459892961485,
    3.134881050708));
#6737 = CARTESIAN_POINT('',(6.484957204856,1.469776215886E-07,
    3.134890224983));
#6738 = ADVANCED_FACE('',(#6739),#6848,.T.);
#6739 = FACE_BOUND('',#6740,.T.);
#6740 = EDGE_LOOP('',(#6741,#6742,#6743,#6792,#6800,#6847));
#6741 = ORIENTED_EDGE('',*,*,#6508,.F.);
#6742 = ORIENTED_EDGE('',*,*,#6522,.F.);
#6743 = ORIENTED_EDGE('',*,*,#6744,.F.);
#6744 = EDGE_CURVE('',#6745,#6523,#6747,.T.);
#6745 = VERTEX_POINT('',#6746);
#6746 = CARTESIAN_POINT('',(7.186116657468,-2.70277873747E-15,-2.665));
#6747 = B_SPLINE_CURVE_WITH_KNOTS('',7,(#6748,#6749,#6750,#6751,#6752,
    #6753,#6754,#6755,#6756,#6757,#6758,#6759,#6760,#6761,#6762,#6763,
    #6764,#6765,#6766,#6767,#6768,#6769,#6770,#6771,#6772,#6773,#6774,
    #6775,#6776,#6777,#6778,#6779,#6780,#6781,#6782,#6783,#6784,#6785,
    #6786,#6787,#6788,#6789,#6790,#6791),.UNSPECIFIED.,.F.,.F.,(8,6,6,6,
    6,6,6,8),(0.,4.010336397783E-02,6.513197786428E-02,0.279128449901,
    0.521001961721,0.732895382688,0.89709396189,1.),.UNSPECIFIED.);
#6748 = CARTESIAN_POINT('',(7.186116657468,-3.14277873747E-15,-2.665));
#6749 = CARTESIAN_POINT('',(7.184083121176,-5.69592074916E-02,-2.665));
#6750 = CARTESIAN_POINT('',(7.182049573988,-0.113918445198,
    -2.663804082186));
#6751 = CARTESIAN_POINT('',(7.180016014776,-0.170847528539,
    -2.661412248155));
#6752 = CARTESIAN_POINT('',(7.177982442534,-0.227716333497,
    -2.657825446793));
#6753 = CARTESIAN_POINT('',(7.175948856386,-0.284494796622,
    -2.65304557428));
#6754 = CARTESIAN_POINT('',(7.173915255577,-0.341152915029,
    -2.647075474086));
#6755 = CARTESIAN_POINT('',(7.17061245438,-0.432927431102,
    -2.635452523528));
#6756 = CARTESIAN_POINT('',(7.169343261424,-0.468135640949,
    -2.630523979707));
#6757 = CARTESIAN_POINT('',(7.168074061567,-0.503278073694,
    -2.625134229858));
#6758 = CARTESIAN_POINT('',(7.166804855393,-0.53834746213,
    -2.619284339114));
#6759 = CARTESIAN_POINT('',(7.165535643113,-0.573336574085,
    -2.61297551339));
#6760 = CARTESIAN_POINT('',(7.164266424571,-0.608238212421,
    -2.606209099385));
#6761 = CARTESIAN_POINT('',(7.152145230171,-0.94064762308,
    -2.537233556857));
#6762 = CARTESIAN_POINT('',(7.14128915049,-1.231433784943,
    -2.442116113936));
#6763 = CARTESIAN_POINT('',(7.130435245674,-1.510724836643,
    -2.314565771489));
#6764 = CARTESIAN_POINT('',(7.119582831974,-1.774257662178,
    -2.156328242426));
#6765 = CARTESIAN_POINT('',(7.108728945068,-2.018110529884,
    -1.969758332535));
#6766 = CARTESIAN_POINT('',(7.097872984868,-2.238738914675,
    -1.757798416342));
#6767 = CARTESIAN_POINT('',(7.074756015481,-2.652826062935,
    -1.260044258842));
#6768 = CARTESIAN_POINT('',(7.062484763067,-2.83920853236,
    -0.967979574709));
#6769 = CARTESIAN_POINT('',(7.050220096367,-2.987755952955,
    -0.653244319048));
#6770 = CARTESIAN_POINT('',(7.03795774516,-3.095377640045,
    -0.321763273852));
#6771 = CARTESIAN_POINT('',(7.025693670826,-3.160042420283,
    2.020622277968E-02));
#6772 = CARTESIAN_POINT('',(7.013422689626,-3.180770397314,
    0.366054530507));
#6773 = CARTESIAN_POINT('',(6.990412416884,-3.138243935055,1.00914010336
    ));
#6774 = CARTESIAN_POINT('',(6.979663059366,-3.085064464004,
    1.307335087281));
#6775 = CARTESIAN_POINT('',(6.968915349586,-2.998832943183,
    1.598806654642));
#6776 = CARTESIAN_POINT('',(6.958168656941,-2.880647097034,
    1.879219841755));
#6777 = CARTESIAN_POINT('',(6.947420498303,-2.732231615226,
    2.144482591402));
#6778 = CARTESIAN_POINT('',(6.93667082366,-2.55592280382,2.39078216559)
  );
#6779 = CARTESIAN_POINT('',(6.917599367297,-2.199017994075,
    2.788216149438));
#6780 = CARTESIAN_POINT('',(6.909272657127,-2.028261075905,
    2.948358006587));
#6781 = CARTESIAN_POINT('',(6.90094743877,-1.843978167024,3.093543706534
    ));
#6782 = CARTESIAN_POINT('',(6.892623293502,-1.647753879189,
    3.222431211723));
#6783 = CARTESIAN_POINT('',(6.88429866597,-1.441315174582,3.333886142168
    ));
#6784 = CARTESIAN_POINT('',(6.875972411304,-1.226523120405,
    3.426987246242));
#6785 = CARTESIAN_POINT('',(6.862427438704,-0.866801054832,
    3.547497867573));
#6786 = CARTESIAN_POINT('',(6.857208423764,-0.725708886438,
    3.586460381813));
#6787 = CARTESIAN_POINT('',(6.851988887465,-0.58259994888,3.617794011455
    ));
#6788 = CARTESIAN_POINT('',(6.846768754478,-0.437969395477,
    3.641376290481));
#6789 = CARTESIAN_POINT('',(6.841548067618,-0.292319468862,
    3.657125331272));
#6790 = CARTESIAN_POINT('',(6.836327272174,-0.146158544611,
    3.664999984663));
#6791 = CARTESIAN_POINT('',(6.831107500231,-1.748777761451E-07,3.665));
#6792 = ORIENTED_EDGE('',*,*,#6793,.T.);
#6793 = EDGE_CURVE('',#6745,#6794,#6796,.T.);
#6794 = VERTEX_POINT('',#6795);
#6795 = CARTESIAN_POINT('',(7.243864262065,-2.728423825566E-15,-2.665));
#6796 = LINE('',#6797,#6798);
#6797 = CARTESIAN_POINT('',(6.446202902092,-4.304191022488E-15,-2.665));
#6798 = VECTOR('',#6799,1.);
#6799 = DIRECTION('',(1.,-8.840892098501E-16,4.4E-16));
#6800 = ORIENTED_EDGE('',*,*,#6801,.T.);
#6801 = EDGE_CURVE('',#6794,#6369,#6802,.T.);
#6802 = B_SPLINE_CURVE_WITH_KNOTS('',7,(#6803,#6804,#6805,#6806,#6807,
    #6808,#6809,#6810,#6811,#6812,#6813,#6814,#6815,#6816,#6817,#6818,
    #6819,#6820,#6821,#6822,#6823,#6824,#6825,#6826,#6827,#6828,#6829,
    #6830,#6831,#6832,#6833,#6834,#6835,#6836,#6837,#6838,#6839,#6840,
    #6841,#6842,#6843,#6844,#6845,#6846),.UNSPECIFIED.,.F.,.F.,(8,6,6,6,
    6,6,6,8),(0.,4.595125934906E-02,0.205957857659,0.279963356285,
    0.521680603634,0.733445268384,0.892630388128,1.),.UNSPECIFIED.);
#6803 = CARTESIAN_POINT('',(7.243864262065,-4.058423825566E-15,-2.665));
#6804 = CARTESIAN_POINT('',(7.241533975631,-6.526635442293E-02,-2.665));
#6805 = CARTESIAN_POINT('',(7.23920370248,-0.130532770551,
    -2.663429809751));
#6806 = CARTESIAN_POINT('',(7.236873444533,-0.195753816158,
    -2.660289431238));
#6807 = CARTESIAN_POINT('',(7.23454320359,-0.260884173737,
    -2.655580499775));
#6808 = CARTESIAN_POINT('',(7.232212981325,-0.325878640503,
    -2.649306284012));
#6809 = CARTESIAN_POINT('',(7.229882779295,-0.390692128391,
    -2.641471685927));
#6810 = CARTESIAN_POINT('',(7.219438692186,-0.680179525826,
    -2.599391793753));
#6811 = CARTESIAN_POINT('',(7.21132415903,-0.90236516042,-2.547856268211
    ));
#6812 = CARTESIAN_POINT('',(7.203210534885,-1.119897808383,
    -2.47775133324));
#6813 = CARTESIAN_POINT('',(7.195097551492,-1.330929379314,
    -2.389602236673));
#6814 = CARTESIAN_POINT('',(7.186984278324,-1.53369555432,
    -2.284145946281));
#6815 = CARTESIAN_POINT('',(7.178870319535,-1.726523732454,
    -2.162327829556));
#6816 = CARTESIAN_POINT('',(7.167004562813,-1.991724685177,
    -1.961972071846));
#6817 = CARTESIAN_POINT('',(7.163252018269,-2.073138978653,
    -1.895360281685));
#6818 = CARTESIAN_POINT('',(7.159499422639,-2.151946774738,
    -1.825613357205));
#6819 = CARTESIAN_POINT('',(7.155746768375,-2.228003760257,
    -1.752854112503));
#6820 = CARTESIAN_POINT('',(7.151994050552,-2.301173235687,
    -1.67721332022));
#6821 = CARTESIAN_POINT('',(7.148241266867,-2.371326115154,
    -1.598829711543));
#6822 = CARTESIAN_POINT('',(7.132230836771,-2.657225144714,
    -1.253353430935));
#6823 = CARTESIAN_POINT('',(7.119965702568,-2.842757026451,
    -0.961009680283));
#6824 = CARTESIAN_POINT('',(7.107705423067,-2.990445761987,
    -0.646118277196));
#6825 = CARTESIAN_POINT('',(7.095446243086,-3.097221238435,
    -0.314600263926));
#6826 = CARTESIAN_POINT('',(7.083185534102,-3.161070422715,
    2.729427340406E-02));
#6827 = CARTESIAN_POINT('',(7.07092027996,-3.181030653748,0.372965519882
    ));
#6828 = CARTESIAN_POINT('',(7.0479242103,-3.137177252997,1.015568566948)
  );
#6829 = CARTESIAN_POINT('',(7.037182950395,-3.083421432714,
    1.313476754008));
#6830 = CARTESIAN_POINT('',(7.026445006758,-2.996666524233,
    1.604602782075));
#6831 = CARTESIAN_POINT('',(7.015709171956,-2.87801681025,1.884621521293
    ));
#6832 = CARTESIAN_POINT('',(7.004971537212,-2.729201778791,
    2.149451339285));
#6833 = CARTESIAN_POINT('',(6.994230424012,-2.552560718731,2.39529042447
    ));
#6834 = CARTESIAN_POINT('',(6.975419410226,-2.199857840476,
    2.786694157895));
#6835 = CARTESIAN_POINT('',(6.967345645726,-2.034488402081,2.94206018831
    ));
#6836 = CARTESIAN_POINT('',(6.959271892275,-1.856389685574,
    3.083393157994));
#6837 = CARTESIAN_POINT('',(6.951198061451,-1.667001812272,
    3.209466341806));
#6838 = CARTESIAN_POINT('',(6.943123844199,-1.467892029072,
    3.319236433556));
#6839 = CARTESIAN_POINT('',(6.935049678322,-1.260747742542,
    3.411848187219));
#6840 = CARTESIAN_POINT('',(6.921532656249,-0.903481670271,
    3.537137218258));
#6841 = CARTESIAN_POINT('',(6.916088287684,-0.756732966851,
    3.579515389425));
#6842 = CARTESIAN_POINT('',(6.91064455205,-0.607695248615,3.613611782879
    ));
#6843 = CARTESIAN_POINT('',(6.90520148971,-0.456929571026,3.639281328522
    ));
#6844 = CARTESIAN_POINT('',(6.899758892957,-0.305005782704,3.65642699019
    ));
#6845 = CARTESIAN_POINT('',(6.894316293327,-0.15250134697,3.66499998455)
  );
#6846 = CARTESIAN_POINT('',(6.88887294891,-1.633906569108E-07,3.665));
#6847 = ORIENTED_EDGE('',*,*,#6375,.T.);
#6848 = CYLINDRICAL_SURFACE('',#6849,3.165);
#6849 = AXIS2_PLACEMENT_3D('',#6850,#6851,#6852);
#6850 = CARTESIAN_POINT('',(6.446202902092,-2.854191022488E-15,0.5));
#6851 = DIRECTION('',(1.,-5.540892098501E-16,4.4E-16));
#6852 = DIRECTION('',(4.4E-16,7.E-17,-1.));
#6853 = ADVANCED_FACE('',(#6854),#6936,.F.);
#6854 = FACE_BOUND('',#6855,.F.);
#6855 = EDGE_LOOP('',(#6856,#6892,#6899,#6934,#6935));
#6856 = ORIENTED_EDGE('',*,*,#6857,.F.);
#6857 = EDGE_CURVE('',#6858,#6333,#6860,.T.);
#6858 = VERTEX_POINT('',#6859);
#6859 = CARTESIAN_POINT('',(7.904954455659,4.897832697799E-08,
    3.134842164813));
#6860 = B_SPLINE_CURVE_WITH_KNOTS('',9,(#6861,#6862,#6863,#6864,#6865,
    #6866,#6867,#6868,#6869,#6870,#6871,#6872,#6873,#6874,#6875,#6876,
    #6877,#6878,#6879,#6880,#6881,#6882,#6883,#6884,#6885,#6886,#6887,
    #6888,#6889,#6890,#6891),.UNSPECIFIED.,.F.,.F.,(10,7,7,7,10),(0.,
    1.58079326614,3.161586532279,4.742379798419,6.323173064558),
  .UNSPECIFIED.);
#6861 = CARTESIAN_POINT('',(7.904954455659,4.897832570799E-08,
    3.134842164813));
#6862 = CARTESIAN_POINT('',(7.885232759725,0.459888964303,3.134851356171
    ));
#6863 = CARTESIAN_POINT('',(7.865513599965,0.919720048097,3.044624911285
    ));
#6864 = CARTESIAN_POINT('',(7.845788240319,1.359357324017,2.863974571201
    ));
#6865 = CARTESIAN_POINT('',(7.826064475343,1.758407289709,2.598346977148
    ));
#6866 = CARTESIAN_POINT('',(7.806343044884,2.098373676908,2.258412496369
    ));
#6867 = CARTESIAN_POINT('',(7.786621613513,2.363966610621,1.859338113096
    ));
#6868 = CARTESIAN_POINT('',(7.766899938266,2.544564812419,1.419739665931
    ));
#6869 = CARTESIAN_POINT('',(7.727455759557,2.725159516965,0.500005887266
    ));
#6870 = CARTESIAN_POINT('',(7.68801065466,2.544559050875,-0.419737554723
    ));
#6871 = CARTESIAN_POINT('',(7.668288018511,2.363961903155,
    -0.859346484363));
#6872 = CARTESIAN_POINT('',(7.648565768893,2.098381038088,
    -1.258427709805));
#6873 = CARTESIAN_POINT('',(7.628843869183,1.75842722888,-1.59838768323)
  );
#6874 = CARTESIAN_POINT('',(7.609121934327,1.359347300445,
    -1.863971761416));
#6875 = CARTESIAN_POINT('',(7.589399730933,0.919739819986,-2.04455945631
    ));
#6876 = CARTESIAN_POINT('',(7.549955142981,-4.997145228144E-07,
    -2.2251446722));
#6877 = CARTESIAN_POINT('',(7.510510555028,-0.919739800685,
    -2.044554267885));
#6878 = CARTESIAN_POINT('',(7.490788351637,-1.359345675722,
    -1.863966581701));
#6879 = CARTESIAN_POINT('',(7.471066416778,-1.758428210966,
    -1.59839475552));
#6880 = CARTESIAN_POINT('',(7.451344517062,-2.098392264017,
    -1.258440823132));
#6881 = CARTESIAN_POINT('',(7.431622267449,-2.363977036117,
    -0.859352687849));
#6882 = CARTESIAN_POINT('',(7.411899631306,-2.54456002982,
    -0.419738491769));
#6883 = CARTESIAN_POINT('',(7.372454526395,-2.725138421205,0.50000628663
    ));
#6884 = CARTESIAN_POINT('',(7.33301034769,-2.544552178655,1.419738728877
    ));
#6885 = CARTESIAN_POINT('',(7.313288672627,-2.363972692144,
    1.859342220433));
#6886 = CARTESIAN_POINT('',(7.293567240558,-2.098401547779,
    2.258414377524));
#6887 = CARTESIAN_POINT('',(7.273845811268,-1.758470141757,
    2.598410881026));
#6888 = CARTESIAN_POINT('',(7.254122045196,-1.35930659159,2.863988369617
    ));
#6889 = CARTESIAN_POINT('',(7.23439668612,-0.919716294151,3.044524347362
    ));
#6890 = CARTESIAN_POINT('',(7.214677526245,-0.459888817345,
    3.134857012072));
#6891 = CARTESIAN_POINT('',(7.194955830288,9.79788890933E-08,
    3.134866194884));
#6892 = ORIENTED_EDGE('',*,*,#6893,.T.);
#6893 = EDGE_CURVE('',#6858,#6894,#6896,.T.);
#6894 = VERTEX_POINT('',#6895);
#6895 = CARTESIAN_POINT('',(7.598859515843,-1.638584458861E-07,3.665));
#6896 = B_SPLINE_CURVE_WITH_KNOTS('',1,(#6897,#6898),.UNSPECIFIED.,.F.,
  .F.,(2,2),(0.,0.659896538121),.PIECEWISE_BEZIER_KNOTS.);
#6897 = CARTESIAN_POINT('',(7.904954455659,4.897837201799E-08,
    3.134842164813));
#6898 = CARTESIAN_POINT('',(7.574999580711,-1.804489611155E-07,
    3.706325516733));
#6899 = ORIENTED_EDGE('',*,*,#6900,.T.);
#6900 = EDGE_CURVE('',#6894,#6794,#6901,.T.);
#6901 = B_SPLINE_CURVE_WITH_KNOTS('',6,(#6902,#6903,#6904,#6905,#6906,
    #6907,#6908,#6909,#6910,#6911,#6912,#6913,#6914,#6915,#6916,#6917,
    #6918,#6919,#6920,#6921,#6922,#6923,#6924,#6925,#6926,#6927,#6928,
    #6929,#6930,#6931,#6932,#6933),.UNSPECIFIED.,.F.,.F.,(7,5,5,5,5,5,7)
  ,(0.,0.101550564327,0.265382211669,0.474325756571,0.682122136358,
    0.84367702069,1.),.UNSPECIFIED.);
#6902 = CARTESIAN_POINT('',(7.598859515843,-1.638584922161E-07,3.665));
#6903 = CARTESIAN_POINT('',(7.592853046744,0.168278531843,3.665000000351
    ));
#6904 = CARTESIAN_POINT('',(7.586850196395,0.336560803537,3.654263182885
    ));
#6905 = CARTESIAN_POINT('',(7.580846811134,0.503982700443,3.632789921683
    ));
#6906 = CARTESIAN_POINT('',(7.574841498555,0.669691893524,3.6006712042)
  );
#6907 = CARTESIAN_POINT('',(7.568834425262,0.832850621315,3.558088043231
    ));
#6908 = CARTESIAN_POINT('',(7.553132899891,1.250424831243,3.420165442412
    ));
#6909 = CARTESIAN_POINT('',(7.543434839844,1.499483577737,3.308473245212
    ));
#6910 = CARTESIAN_POINT('',(7.533736737981,1.736313761662,3.171375777873
    ));
#6911 = CARTESIAN_POINT('',(7.524040643141,1.957759139864,3.010607975184
    ));
#6912 = CARTESIAN_POINT('',(7.514344906673,2.16095248717,2.828349831425)
  );
#6913 = CARTESIAN_POINT('',(7.492290421048,2.57615142398,2.370975683145)
  );
#6914 = CARTESIAN_POINT('',(7.479926756548,2.77530694345,2.083966186673)
  );
#6915 = CARTESIAN_POINT('',(7.467569984111,2.935638434669,1.772012843666
    ));
#6916 = CARTESIAN_POINT('',(7.45521158366,3.053600564141,1.441701034494)
  );
#6917 = CARTESIAN_POINT('',(7.442846363726,3.126813255647,1.100120700395
    ));
#6918 = CARTESIAN_POINT('',(7.418190509995,3.182453810488,0.411790133461
    ));
#6919 = CARTESIAN_POINT('',(7.405890963982,3.165398522428,
    6.482377395465E-02));
#6920 = CARTESIAN_POINT('',(7.393595890319,3.10287305939,-0.27829423577)
  );
#6921 = CARTESIAN_POINT('',(7.381301502916,2.996056420301,
    -0.610302793966));
#6922 = CARTESIAN_POINT('',(7.369002743758,2.847336129502,
    -0.924243781211));
#6923 = CARTESIAN_POINT('',(7.347150852194,2.515933173253,-1.43880751027
    ));
#6924 = CARTESIAN_POINT('',(7.337591832385,2.348112117135,
    -1.649195682877));
#6925 = CARTESIAN_POINT('',(7.328034487242,2.15932597037,-1.841927050515
    ));
#6926 = CARTESIAN_POINT('',(7.318477062841,1.951936251968,
    -2.014481546961));
#6927 = CARTESIAN_POINT('',(7.308917914578,1.728645871846,
    -2.164709680552));
#6928 = CARTESIAN_POINT('',(7.290111206645,1.264145277772,
    -2.413119314602));
#6929 = CARTESIAN_POINT('',(7.280861298208,1.023692398469,
    -2.512859368476));
#6930 = CARTESIAN_POINT('',(7.27161241297,0.774024279332,-2.588663961214
    ));
#6931 = CARTESIAN_POINT('',(7.262363337089,0.518113606359,
    -2.639558248377));
#6932 = CARTESIAN_POINT('',(7.253113142699,0.259041426218,-2.665));
#6933 = CARTESIAN_POINT('',(7.243864262065,-3.898423825566E-15,-2.665));
#6934 = ORIENTED_EDGE('',*,*,#6801,.T.);
#6935 = ORIENTED_EDGE('',*,*,#6368,.F.);
#6936 = B_SPLINE_SURFACE_WITH_KNOTS('',1,9,(
    (#6937,#6938,#6939,#6940,#6941,#6942,#6943,#6944,#6945,#6946,#6947
      ,#6948,#6949,#6950,#6951,#6952,#6953,#6954,#6955,#6956,#6957,#6958
      ,#6959,#6960,#6961,#6962,#6963,#6964,#6965,#6966,#6967)
    ,(#6968,#6969,#6970,#6971,#6972,#6973,#6974,#6975,#6976,#6977,#6978
      ,#6979,#6980,#6981,#6982,#6983,#6984,#6985,#6986,#6987,#6988,#6989
      ,#6990,#6991,#6992,#6993,#6994,#6995,#6996,#6997,#6998
  )),.UNSPECIFIED.,.F.,.F.,.F.,(2,2),(10,7,7,7,10),(0.,0.659896538121),(
    0.,1.58079326614,3.161586532279,4.742379798419,6.323173064558),
  .UNSPECIFIED.);
#6937 = CARTESIAN_POINT('',(7.904954455659,4.897832570799E-08,
    3.134842164813));
#6938 = CARTESIAN_POINT('',(7.885232759725,0.459888964303,3.134851356171
    ));
#6939 = CARTESIAN_POINT('',(7.865513599965,0.919720048097,3.044624911285
    ));
#6940 = CARTESIAN_POINT('',(7.845788240319,1.359357324017,2.863974571201
    ));
#6941 = CARTESIAN_POINT('',(7.826064475343,1.758407289709,2.598346977148
    ));
#6942 = CARTESIAN_POINT('',(7.806343044884,2.098373676908,2.258412496369
    ));
#6943 = CARTESIAN_POINT('',(7.786621613513,2.363966610621,1.859338113096
    ));
#6944 = CARTESIAN_POINT('',(7.766899938266,2.544564812419,1.419739665931
    ));
#6945 = CARTESIAN_POINT('',(7.727455759557,2.725159516965,0.500005887266
    ));
#6946 = CARTESIAN_POINT('',(7.68801065466,2.544559050875,-0.419737554723
    ));
#6947 = CARTESIAN_POINT('',(7.668288018511,2.363961903155,
    -0.859346484363));
#6948 = CARTESIAN_POINT('',(7.648565768893,2.098381038088,
    -1.258427709805));
#6949 = CARTESIAN_POINT('',(7.628843869183,1.75842722888,-1.59838768323)
  );
#6950 = CARTESIAN_POINT('',(7.609121934327,1.359347300445,
    -1.863971761416));
#6951 = CARTESIAN_POINT('',(7.589399730933,0.919739819986,-2.04455945631
    ));
#6952 = CARTESIAN_POINT('',(7.549955142981,-4.997145228144E-07,
    -2.2251446722));
#6953 = CARTESIAN_POINT('',(7.510510555028,-0.919739800685,
    -2.044554267885));
#6954 = CARTESIAN_POINT('',(7.490788351637,-1.359345675722,
    -1.863966581701));
#6955 = CARTESIAN_POINT('',(7.471066416778,-1.758428210966,
    -1.59839475552));
#6956 = CARTESIAN_POINT('',(7.451344517062,-2.098392264017,
    -1.258440823132));
#6957 = CARTESIAN_POINT('',(7.431622267449,-2.363977036117,
    -0.859352687849));
#6958 = CARTESIAN_POINT('',(7.411899631306,-2.54456002982,
    -0.419738491769));
#6959 = CARTESIAN_POINT('',(7.372454526395,-2.725138421205,0.50000628663
    ));
#6960 = CARTESIAN_POINT('',(7.33301034769,-2.544552178655,1.419738728877
    ));
#6961 = CARTESIAN_POINT('',(7.313288672627,-2.363972692144,
    1.859342220433));
#6962 = CARTESIAN_POINT('',(7.293567240558,-2.098401547779,
    2.258414377524));
#6963 = CARTESIAN_POINT('',(7.273845811268,-1.758470141757,
    2.598410881026));
#6964 = CARTESIAN_POINT('',(7.254122045196,-1.35930659159,2.863988369617
    ));
#6965 = CARTESIAN_POINT('',(7.23439668612,-0.919716294151,3.044524347362
    ));
#6966 = CARTESIAN_POINT('',(7.214677526245,-0.459888817345,
    3.134857012072));
#6967 = CARTESIAN_POINT('',(7.194955830288,9.79788890933E-08,
    3.134866194884));
#6968 = CARTESIAN_POINT('',(7.574999580711,-1.804490075055E-07,
    3.706325516733));
#6969 = CARTESIAN_POINT('',(7.555277322765,0.559609848835,3.706334423639
    ));
#6970 = CARTESIAN_POINT('',(7.535554892657,1.119221491691,3.596530165544
    ));
#6971 = CARTESIAN_POINT('',(7.515832883177,1.654205051034,3.376688969122
    ));
#6972 = CARTESIAN_POINT('',(7.496110766273,2.139788228383,3.05347436936)
  );
#6973 = CARTESIAN_POINT('',(7.476388489688,2.553502929448,2.639808428064
    ));
#6974 = CARTESIAN_POINT('',(7.456666214125,2.876695093147,2.154172930977
    ));
#6975 = CARTESIAN_POINT('',(7.436943954668,3.096462962672,1.619225610583
    ));
#6976 = CARTESIAN_POINT('',(7.397499492177,3.316226420389,0.500005972572
    ));
#6977 = CARTESIAN_POINT('',(7.358055092586,3.096457856743,
    -0.619221308022));
#6978 = CARTESIAN_POINT('',(7.338332898466,2.876692877002,
    -1.154177001752));
#6979 = CARTESIAN_POINT('',(7.318610678102,2.553509897708,
    -1.639819148633));
#6980 = CARTESIAN_POINT('',(7.298888433984,2.139818686459,
    -2.053516572883));
#6981 = CARTESIAN_POINT('',(7.279166192251,1.654176964653,
    -2.376703221386));
#6982 = CARTESIAN_POINT('',(7.259443968748,1.119222285157,
    -2.596458373289));
#6983 = CARTESIAN_POINT('',(7.219999534049,-2.204195564478E-07,
    -2.816211431693));
#6984 = CARTESIAN_POINT('',(7.180555099348,-1.119221777877,
    -2.596453544488));
#6985 = CARTESIAN_POINT('',(7.160832875849,-1.654174943255,
    -2.37669848541));
#6986 = CARTESIAN_POINT('',(7.141110634112,-2.139819230928,
    -2.053523733417));
#6987 = CARTESIAN_POINT('',(7.121388389989,-2.553520390001,
    -1.639832202422));
#6988 = CARTESIAN_POINT('',(7.101666169629,-2.876707215166,
    -1.154183440416));
#6989 = CARTESIAN_POINT('',(7.081943975516,-3.096458624533,
    -0.619222700677));
#6990 = CARTESIAN_POINT('',(7.042499575911,-3.316206068691,0.50000583451
    ));
#6991 = CARTESIAN_POINT('',(7.003055113424,-3.096450951137,1.61922421792
    ));
#6992 = CARTESIAN_POINT('',(6.983332854144,-2.876701221222,
    2.154176439467));
#6993 = CARTESIAN_POINT('',(6.963610577909,-2.553530154988,
    2.639809839891));
#6994 = CARTESIAN_POINT('',(6.94388830245,-2.139849266571,3.053535681625
    ));
#6995 = CARTESIAN_POINT('',(6.92416618449,-1.654156561939,3.376702019795
    ));
#6996 = CARTESIAN_POINT('',(6.90444417556,-1.119218358816,3.596432971937
    ));
#6997 = CARTESIAN_POINT('',(6.88472174534,-0.55961021306,3.706339791758)
  );
#6998 = CARTESIAN_POINT('',(6.864999487371,-1.837766251702E-07,
    3.706348699247));
#6999 = ADVANCED_FACE('',(#7000),#7047,.F.);
#7000 = FACE_BOUND('',#7001,.F.);
#7001 = EDGE_LOOP('',(#7002,#7039,#7044,#7045,#7046));
#7002 = ORIENTED_EDGE('',*,*,#7003,.F.);
#7003 = EDGE_CURVE('',#7004,#6745,#7006,.T.);
#7004 = VERTEX_POINT('',#7005);
#7005 = CARTESIAN_POINT('',(7.541121874027,-1.753494688604E-07,3.665));
#7006 = B_SPLINE_CURVE_WITH_KNOTS('',6,(#7007,#7008,#7009,#7010,#7011,
    #7012,#7013,#7014,#7015,#7016,#7017,#7018,#7019,#7020,#7021,#7022,
    #7023,#7024,#7025,#7026,#7027,#7028,#7029,#7030,#7031,#7032,#7033,
    #7034,#7035,#7036,#7037,#7038),.UNSPECIFIED.,.F.,.F.,(7,5,5,5,5,5,7)
  ,(0.,9.800523775687E-02,0.268199911577,0.471076786282,0.684363060723,
    0.845930791203,1.),.UNSPECIFIED.);
#7007 = CARTESIAN_POINT('',(7.541121874027,-1.753494770804E-07,3.665));
#7008 = CARTESIAN_POINT('',(7.535321991063,0.162403370272,3.665000000929
    ));
#7009 = CARTESIAN_POINT('',(7.529518318805,0.324809520808,3.654999847352
    ));
#7010 = CARTESIAN_POINT('',(7.523715239048,0.486442598019,3.634999907154
    ));
#7011 = CARTESIAN_POINT('',(7.517913925639,0.646536371013,3.605079065888
    ));
#7012 = CARTESIAN_POINT('',(7.512114097839,0.804336653657,3.565394338802
    ));
#7013 = CARTESIAN_POINT('',(7.496246476233,1.227870775593,3.430716314299
    ));
#7014 = CARTESIAN_POINT('',(7.486179697412,1.487544009475,3.316498453611
    ));
#7015 = CARTESIAN_POINT('',(7.476117108366,1.734176107718,3.1747633334)
  );
#7016 = CARTESIAN_POINT('',(7.466052155181,1.964221742254,3.007445651189
    ));
#7017 = CARTESIAN_POINT('',(7.455983003692,2.174468039351,2.816992360192
    ));
#7018 = CARTESIAN_POINT('',(7.433910702033,2.585927315929,2.355593059449
    ));
#7019 = CARTESIAN_POINT('',(7.421901226656,2.777771975231,2.076079052318
    ));
#7020 = CARTESIAN_POINT('',(7.409894734257,2.932957273226,1.773215056937
    ));
#7021 = CARTESIAN_POINT('',(7.397889716583,3.048241542496,1.453029769472
    ));
#7022 = CARTESIAN_POINT('',(7.385881619478,3.12143416349,1.122008299709)
  );
#7023 = CARTESIAN_POINT('',(7.361259961581,3.184014189082,0.435233669222
    ));
#7024 = CARTESIAN_POINT('',(7.348637597672,3.168933117158,
    7.881620615814E-02));
#7025 = CARTESIAN_POINT('',(7.336022051126,3.105882531514,
    -0.273819307155));
#7026 = CARTESIAN_POINT('',(7.323405813171,2.996117463594,
    -0.614815826266));
#7027 = CARTESIAN_POINT('',(7.31078272773,2.84221473842,-0.936647534082)
  );
#7028 = CARTESIAN_POINT('',(7.288605264746,2.502205624857,
    -1.456494939852));
#7029 = CARTESIAN_POINT('',(7.279044813627,2.332892170328,
    -1.665711149146));
#7030 = CARTESIAN_POINT('',(7.269485621204,2.142735430506,
    -1.857120313172));
#7031 = CARTESIAN_POINT('',(7.259926484837,1.934115182581,
    -2.028218555347));
#7032 = CARTESIAN_POINT('',(7.250366087373,1.709750099126,
    -2.176875043349));
#7033 = CARTESIAN_POINT('',(7.231692012267,1.246789597392,
    -2.420260600996));
#7034 = CARTESIAN_POINT('',(7.222576028315,1.009283357915,
    -2.517200990438));
#7035 = CARTESIAN_POINT('',(7.213461481473,0.76295066359,-2.590850028235
    ));
#7036 = CARTESIAN_POINT('',(7.204347147878,0.510641317521,-2.64028665056
    ));
#7037 = CARTESIAN_POINT('',(7.195231507941,0.255306316145,-2.665));
#7038 = CARTESIAN_POINT('',(7.186116657468,-3.29277873747E-15,-2.665));
#7039 = ORIENTED_EDGE('',*,*,#7040,.T.);
#7040 = EDGE_CURVE('',#7004,#6634,#7041,.T.);
#7041 = B_SPLINE_CURVE_WITH_KNOTS('',1,(#7042,#7043),.UNSPECIFIED.,.F.,
  .F.,(2,2),(0.,0.659896538121),.PIECEWISE_BEZIER_KNOTS.);
#7042 = CARTESIAN_POINT('',(7.564999487302,-1.96615920891E-07,
    3.706358588747));
#7043 = CARTESIAN_POINT('',(7.235059292163,9.724331724549E-08,
    3.13486676146));
#7044 = ORIENTED_EDGE('',*,*,#6633,.T.);
#7045 = ORIENTED_EDGE('',*,*,#6559,.F.);
#7046 = ORIENTED_EDGE('',*,*,#6744,.F.);
#7047 = B_SPLINE_SURFACE_WITH_KNOTS('',1,9,(
    (#7048,#7049,#7050,#7051,#7052,#7053,#7054,#7055,#7056,#7057,#7058
      ,#7059,#7060,#7061,#7062,#7063,#7064,#7065,#7066,#7067,#7068,#7069
      ,#7070,#7071,#7072,#7073,#7074,#7075,#7076,#7077,#7078)
    ,(#7079,#7080,#7081,#7082,#7083,#7084,#7085,#7086,#7087,#7088,#7089
      ,#7090,#7091,#7092,#7093,#7094,#7095,#7096,#7097,#7098,#7099,#7100
      ,#7101,#7102,#7103,#7104,#7105,#7106,#7107,#7108,#7109
  )),.UNSPECIFIED.,.F.,.F.,.F.,(2,2),(10,7,7,7,10),(0.,0.659896538121),(
    0.,1.58079326614,3.161586532279,4.742379798419,6.323173064558),
  .UNSPECIFIED.);
#7048 = CARTESIAN_POINT('',(7.564999487302,-1.96615928631E-07,
    3.706358588747));
#7049 = CARTESIAN_POINT('',(7.545277229323,0.559615760462,3.706368186886
    ));
#7050 = CARTESIAN_POINT('',(7.525554799026,1.119233470344,3.596566742942
    ));
#7051 = CARTESIAN_POINT('',(7.505832789721,1.654224456579,3.376718941686
    ));
#7052 = CARTESIAN_POINT('',(7.48611067296,2.139808530274,3.053499047352)
  );
#7053 = CARTESIAN_POINT('',(7.466388396277,2.553528926804,2.639831046517
    ));
#7054 = CARTESIAN_POINT('',(7.446666120692,2.876725332931,2.154190322807
    ));
#7055 = CARTESIAN_POINT('',(7.426943861193,3.096496234679,1.619237524737
    ));
#7056 = CARTESIAN_POINT('',(7.387499398686,3.31626234489,0.500005980027)
  );
#7057 = CARTESIAN_POINT('',(7.348054999137,3.096490634593,
    -0.619233110112));
#7058 = CARTESIAN_POINT('',(7.328332805043,2.876722800618,
    -1.154194276051));
#7059 = CARTESIAN_POINT('',(7.308610584681,2.5535365467,-1.639841312091)
  );
#7060 = CARTESIAN_POINT('',(7.288888340542,2.139841338284,
    -2.053543348383));
#7061 = CARTESIAN_POINT('',(7.269166098791,1.654194570638,
    -2.376733882679));
#7062 = CARTESIAN_POINT('',(7.249443875287,1.119234164767,
    -2.596491366779));
#7063 = CARTESIAN_POINT('',(7.209999440597,-2.354038502334E-07,
    -2.816246566901));
#7064 = CARTESIAN_POINT('',(7.170555005905,-1.119233614198,
    -2.59648616487));
#7065 = CARTESIAN_POINT('',(7.150832782405,-1.654192388791,
    -2.376728781476));
#7066 = CARTESIAN_POINT('',(7.131110540651,-2.139841921732,
    -2.053551067032));
#7067 = CARTESIAN_POINT('',(7.111388296505,-2.553547850073,
    -1.639855381614));
#7068 = CARTESIAN_POINT('',(7.091666076148,-2.876738248777,
    -1.154201217778));
#7069 = CARTESIAN_POINT('',(7.071943882061,-3.096491460509,
    -0.619234614728));
#7070 = CARTESIAN_POINT('',(7.032499482497,-3.316240414667,
    0.500005827033));
#7071 = CARTESIAN_POINT('',(6.993055019994,-3.096483292927,
    1.619236020113));
#7072 = CARTESIAN_POINT('',(6.973332760687,-2.87673193842,2.15419409976)
  );
#7073 = CARTESIAN_POINT('',(6.953610484374,-2.553558266747,
    2.639832564595));
#7074 = CARTESIAN_POINT('',(6.933888208909,-2.139874305977,
    3.053565112414));
#7075 = CARTESIAN_POINT('',(6.914166091006,-1.654172210219,
    3.376733002489));
#7076 = CARTESIAN_POINT('',(6.894444082297,-1.119230098417,
    3.596462009343));
#7077 = CARTESIAN_POINT('',(6.874721651878,-0.559616157024,
    3.706373970655));
#7078 = CARTESIAN_POINT('',(6.854999393875,-1.999463560557E-07,
    3.706383569376));
#7079 = CARTESIAN_POINT('',(7.235059292163,9.724330934549E-08,
    3.13486676146));
#7080 = CARTESIAN_POINT('',(7.215337596205,0.459893313559,3.13487598385)
  );
#7081 = CARTESIAN_POINT('',(7.195618436306,0.919728707002,3.044648913961
    ));
#7082 = CARTESIAN_POINT('',(7.175893076801,1.359370192671,2.86399663034)
  );
#7083 = CARTESIAN_POINT('',(7.156169311901,1.758423642168,2.598366437848
    ));
#7084 = CARTESIAN_POINT('',(7.136447881401,2.098393278966,2.258428903819
    ));
#7085 = CARTESIAN_POINT('',(7.116726449996,2.363988736402,1.859350777542
    ));
#7086 = CARTESIAN_POINT('',(7.097004774723,2.544588659725,1.41974822549)
  );
#7087 = CARTESIAN_POINT('',(7.057560596002,2.72518505503,0.500005836809)
  );
#7088 = CARTESIAN_POINT('',(7.018115491135,2.544582835537,
    -0.419746202804));
#7089 = CARTESIAN_POINT('',(6.998392855005,2.363983960148,
    -0.859359230188));
#7090 = CARTESIAN_POINT('',(6.97867060539,2.098400611805,-1.258444169369
    ));
#7091 = CARTESIAN_POINT('',(6.958948705663,1.758443638064,-1.59840732987
    ));
#7092 = CARTESIAN_POINT('',(6.939226770795,1.359359976959,
    -1.863993911473));
#7093 = CARTESIAN_POINT('',(6.9195045674,0.919748377427,-2.044583287683)
  );
#7094 = CARTESIAN_POINT('',(6.880059979454,-5.514502111769E-07,
    -2.225170165023));
#7095 = CARTESIAN_POINT('',(6.840615391508,-0.919748450658,
    -2.04457804354));
#7096 = CARTESIAN_POINT('',(6.820893188116,-1.359358431312,
    -1.863988660077));
#7097 = CARTESIAN_POINT('',(6.801171253244,-1.758444700736,
    -1.598414368477));
#7098 = CARTESIAN_POINT('',(6.781449353512,-2.09841194986,
    -1.258457262538));
#7099 = CARTESIAN_POINT('',(6.761727103901,-2.363999207461,
    -0.859365374228));
#7100 = CARTESIAN_POINT('',(6.742004467778,-2.544583852153,
    -0.419747051253));
#7101 = CARTESIAN_POINT('',(6.702559362896,-2.725163868832,
    0.500006337071));
#7102 = CARTESIAN_POINT('',(6.66311518418,-2.544575938324,1.419747377033
    ));
#7103 = CARTESIAN_POINT('',(6.643393509091,-2.363994794521,
    1.859354988527));
#7104 = CARTESIAN_POINT('',(6.623672076985,-2.098421205319,
    2.258430869412));
#7105 = CARTESIAN_POINT('',(6.60395064766,-1.758486687286,2.598430679682
    ));
#7106 = CARTESIAN_POINT('',(6.584226881658,-1.359319156713,
    2.864010537386));
#7107 = CARTESIAN_POINT('',(6.564501522727,-0.919724844344,
    3.044547952392));
#7108 = CARTESIAN_POINT('',(6.544782362711,-0.459893070073,
    3.134881680731));
#7109 = CARTESIAN_POINT('',(6.52506066673,1.462419924608E-07,
    3.134890894573));
#7110 = ADVANCED_FACE('',(#7111),#7156,.F.);
#7111 = FACE_BOUND('',#7112,.F.);
#7112 = EDGE_LOOP('',(#7113,#7149,#7154,#7155));
#7113 = ORIENTED_EDGE('',*,*,#7114,.F.);
#7114 = EDGE_CURVE('',#7115,#6634,#7117,.T.);
#7115 = VERTEX_POINT('',#7116);
#7116 = CARTESIAN_POINT('',(7.945057917535,4.824280396018E-08,
    3.134842628375));
#7117 = B_SPLINE_CURVE_WITH_KNOTS('',9,(#7118,#7119,#7120,#7121,#7122,
    #7123,#7124,#7125,#7126,#7127,#7128,#7129,#7130,#7131,#7132,#7133,
    #7134,#7135,#7136,#7137,#7138,#7139,#7140,#7141,#7142,#7143,#7144,
    #7145,#7146,#7147,#7148),.UNSPECIFIED.,.F.,.F.,(10,7,7,7,10),(0.,
    1.58079326614,3.161586532279,4.742379798419,6.323173064558),
  .UNSPECIFIED.);
#7118 = CARTESIAN_POINT('',(7.945057917535,4.824280293018E-08,
    3.134842628375));
#7119 = CARTESIAN_POINT('',(7.925336221601,0.459889053445,3.134851859301
    ));
#7120 = CARTESIAN_POINT('',(7.905617061838,0.919720234936,3.044625624629
    ));
#7121 = CARTESIAN_POINT('',(7.885891702194,1.359357697559,2.863975004269
    ));
#7122 = CARTESIAN_POINT('',(7.866167937222,1.758407497886,2.598347251074
    ));
#7123 = CARTESIAN_POINT('',(7.84644650676,2.098374026668,2.25841283692)
  );
#7124 = CARTESIAN_POINT('',(7.826725075389,2.363967059158,1.859338370965
    ));
#7125 = CARTESIAN_POINT('',(7.807003400142,2.54456533655,1.419739848747)
  );
#7126 = CARTESIAN_POINT('',(7.767559221432,2.725160094903,0.500005887496
    ));
#7127 = CARTESIAN_POINT('',(7.728114116536,2.544559546562,
    -0.419737731492));
#7128 = CARTESIAN_POINT('',(7.708391480387,2.363962333377,-0.85934673585
    ));
#7129 = CARTESIAN_POINT('',(7.688669230769,2.098381424928,
    -1.258428024603));
#7130 = CARTESIAN_POINT('',(7.668947331059,1.758427571353,
    -1.598388077571));
#7131 = CARTESIAN_POINT('',(7.649225396203,1.359347570596,
    -1.863972234094));
#7132 = CARTESIAN_POINT('',(7.629503192809,0.919740000832,
    -2.044559964482));
#7133 = CARTESIAN_POINT('',(7.590058604857,-5.007701750022E-07,
    -2.225145204919));
#7134 = CARTESIAN_POINT('',(7.550614016904,-0.91973997942,
    -2.044554754549));
#7135 = CARTESIAN_POINT('',(7.530891813513,-1.359345937023,
    -1.863967033258));
#7136 = CARTESIAN_POINT('',(7.511169878653,-1.758428555977,
    -1.598395181581));
#7137 = CARTESIAN_POINT('',(7.491447978937,-2.098392697578,
    -1.258441195818));
#7138 = CARTESIAN_POINT('',(7.471725729324,-2.363977530128,
    -0.859352967815));
#7139 = CARTESIAN_POINT('',(7.452003093182,-2.544560528969,
    -0.419738674583));
#7140 = CARTESIAN_POINT('',(7.412557988271,-2.725138908708,
    0.500006286399));
#7141 = CARTESIAN_POINT('',(7.373113809566,-2.54455264936,1.419738905648
    ));
#7142 = CARTESIAN_POINT('',(7.353392134503,-2.363973167836,
    1.859342494024));
#7143 = CARTESIAN_POINT('',(7.333670702432,-2.098402018421,
    2.258414724466));
#7144 = CARTESIAN_POINT('',(7.313949273143,-1.758470621045,
    2.598411427497));
#7145 = CARTESIAN_POINT('',(7.294225507071,-1.359306749534,
    2.863988860753));
#7146 = CARTESIAN_POINT('',(7.274500147999,-0.919716466927,
    3.044524628869));
#7147 = CARTESIAN_POINT('',(7.254780988121,-0.459888907958,
    3.134857539081));
#7148 = CARTESIAN_POINT('',(7.235059292163,9.724331724549E-08,
    3.13486676146));
#7149 = ORIENTED_EDGE('',*,*,#7150,.T.);
#7150 = EDGE_CURVE('',#7115,#6858,#7151,.T.);
#7151 = B_SPLINE_CURVE_WITH_KNOTS('',1,(#7152,#7153),.UNSPECIFIED.,.F.,
  .F.,(2,2),(0.,4.010346187924E-02),.PIECEWISE_BEZIER_KNOTS.);
#7152 = CARTESIAN_POINT('',(7.945057917535,4.824284902018E-08,
    3.134842628375));
#7153 = CARTESIAN_POINT('',(7.904954455659,4.897837201799E-08,
    3.134842164813));
#7154 = ORIENTED_EDGE('',*,*,#6857,.T.);
#7155 = ORIENTED_EDGE('',*,*,#6669,.F.);
#7156 = B_SPLINE_SURFACE_WITH_KNOTS('',1,9,(
    (#7157,#7158,#7159,#7160,#7161,#7162,#7163,#7164,#7165,#7166,#7167
      ,#7168,#7169,#7170,#7171,#7172,#7173,#7174,#7175,#7176,#7177,#7178
      ,#7179,#7180,#7181,#7182,#7183,#7184,#7185,#7186,#7187)
    ,(#7188,#7189,#7190,#7191,#7192,#7193,#7194,#7195,#7196,#7197,#7198
      ,#7199,#7200,#7201,#7202,#7203,#7204,#7205,#7206,#7207,#7208,#7209
      ,#7210,#7211,#7212,#7213,#7214,#7215,#7216,#7217,#7218
  )),.UNSPECIFIED.,.F.,.F.,.F.,(2,2),(10,7,7,7,10),(0.,
    4.010346187924E-02),(0.,1.58079326614,3.161586532279,4.742379798419,
    6.323173064558),.UNSPECIFIED.);
#7157 = CARTESIAN_POINT('',(7.945057917535,4.824280271018E-08,
    3.134842628375));
#7158 = CARTESIAN_POINT('',(7.925336221601,0.459889053445,3.134851859301
    ));
#7159 = CARTESIAN_POINT('',(7.905617061838,0.919720234936,3.044625624629
    ));
#7160 = CARTESIAN_POINT('',(7.885891702194,1.359357697559,2.863975004269
    ));
#7161 = CARTESIAN_POINT('',(7.866167937222,1.758407497885,2.598347251074
    ));
#7162 = CARTESIAN_POINT('',(7.84644650676,2.098374026668,2.25841283692)
  );
#7163 = CARTESIAN_POINT('',(7.826725075389,2.363967059158,1.859338370965
    ));
#7164 = CARTESIAN_POINT('',(7.807003400142,2.54456533655,1.419739848747)
  );
#7165 = CARTESIAN_POINT('',(7.767559221432,2.725160094903,0.500005887496
    ));
#7166 = CARTESIAN_POINT('',(7.728114116536,2.544559546562,
    -0.419737731492));
#7167 = CARTESIAN_POINT('',(7.708391480387,2.363962333377,-0.85934673585
    ));
#7168 = CARTESIAN_POINT('',(7.688669230769,2.098381424928,
    -1.258428024603));
#7169 = CARTESIAN_POINT('',(7.668947331059,1.758427571353,
    -1.598388077571));
#7170 = CARTESIAN_POINT('',(7.649225396203,1.359347570596,
    -1.863972234094));
#7171 = CARTESIAN_POINT('',(7.629503192809,0.919740000832,
    -2.044559964482));
#7172 = CARTESIAN_POINT('',(7.590058604857,-5.007701801422E-07,
    -2.225145204919));
#7173 = CARTESIAN_POINT('',(7.550614016904,-0.91973997942,
    -2.044554754549));
#7174 = CARTESIAN_POINT('',(7.530891813513,-1.359345937023,
    -1.863967033258));
#7175 = CARTESIAN_POINT('',(7.511169878653,-1.758428555976,
    -1.598395181581));
#7176 = CARTESIAN_POINT('',(7.491447978937,-2.098392697578,
    -1.258441195818));
#7177 = CARTESIAN_POINT('',(7.471725729324,-2.363977530128,
    -0.859352967815));
#7178 = CARTESIAN_POINT('',(7.452003093182,-2.544560528969,
    -0.419738674583));
#7179 = CARTESIAN_POINT('',(7.412557988271,-2.725138908708,
    0.500006286399));
#7180 = CARTESIAN_POINT('',(7.373113809566,-2.54455264936,1.419738905648
    ));
#7181 = CARTESIAN_POINT('',(7.353392134503,-2.363973167836,
    1.859342494024));
#7182 = CARTESIAN_POINT('',(7.333670702432,-2.098402018421,
    2.258414724466));
#7183 = CARTESIAN_POINT('',(7.313949273143,-1.758470621045,
    2.598411427497));
#7184 = CARTESIAN_POINT('',(7.294225507071,-1.359306749534,
    2.863988860753));
#7185 = CARTESIAN_POINT('',(7.274500147999,-0.919716466927,
    3.044524628869));
#7186 = CARTESIAN_POINT('',(7.254780988121,-0.459888907958,
    3.134857539081));
#7187 = CARTESIAN_POINT('',(7.235059292163,9.724331746549E-08,
    3.13486676146));
#7188 = CARTESIAN_POINT('',(7.904954455659,4.897832570799E-08,
    3.134842164813));
#7189 = CARTESIAN_POINT('',(7.885232759725,0.459888964303,3.134851356171
    ));
#7190 = CARTESIAN_POINT('',(7.865513599965,0.919720048097,3.044624911285
    ));
#7191 = CARTESIAN_POINT('',(7.845788240319,1.359357324017,2.863974571201
    ));
#7192 = CARTESIAN_POINT('',(7.826064475343,1.758407289709,2.598346977148
    ));
#7193 = CARTESIAN_POINT('',(7.806343044884,2.098373676908,2.258412496369
    ));
#7194 = CARTESIAN_POINT('',(7.786621613513,2.363966610621,1.859338113096
    ));
#7195 = CARTESIAN_POINT('',(7.766899938266,2.544564812419,1.419739665931
    ));
#7196 = CARTESIAN_POINT('',(7.727455759557,2.725159516965,0.500005887266
    ));
#7197 = CARTESIAN_POINT('',(7.68801065466,2.544559050875,-0.419737554723
    ));
#7198 = CARTESIAN_POINT('',(7.668288018511,2.363961903155,
    -0.859346484363));
#7199 = CARTESIAN_POINT('',(7.648565768893,2.098381038088,
    -1.258427709805));
#7200 = CARTESIAN_POINT('',(7.628843869183,1.75842722888,-1.59838768323)
  );
#7201 = CARTESIAN_POINT('',(7.609121934327,1.359347300445,
    -1.863971761416));
#7202 = CARTESIAN_POINT('',(7.589399730933,0.919739819986,-2.04455945631
    ));
#7203 = CARTESIAN_POINT('',(7.549955142981,-4.997145228144E-07,
    -2.2251446722));
#7204 = CARTESIAN_POINT('',(7.510510555028,-0.919739800685,
    -2.044554267885));
#7205 = CARTESIAN_POINT('',(7.490788351637,-1.359345675722,
    -1.863966581701));
#7206 = CARTESIAN_POINT('',(7.471066416778,-1.758428210966,
    -1.59839475552));
#7207 = CARTESIAN_POINT('',(7.451344517062,-2.098392264017,
    -1.258440823132));
#7208 = CARTESIAN_POINT('',(7.431622267449,-2.363977036117,
    -0.859352687849));
#7209 = CARTESIAN_POINT('',(7.411899631306,-2.54456002982,
    -0.419738491769));
#7210 = CARTESIAN_POINT('',(7.372454526395,-2.725138421205,0.50000628663
    ));
#7211 = CARTESIAN_POINT('',(7.33301034769,-2.544552178655,1.419738728877
    ));
#7212 = CARTESIAN_POINT('',(7.313288672627,-2.363972692144,
    1.859342220433));
#7213 = CARTESIAN_POINT('',(7.293567240558,-2.098401547779,
    2.258414377524));
#7214 = CARTESIAN_POINT('',(7.273845811268,-1.758470141757,
    2.598410881026));
#7215 = CARTESIAN_POINT('',(7.254122045196,-1.35930659159,2.863988369617
    ));
#7216 = CARTESIAN_POINT('',(7.23439668612,-0.919716294151,3.044524347362
    ));
#7217 = CARTESIAN_POINT('',(7.214677526245,-0.459888817345,
    3.134857012072));
#7218 = CARTESIAN_POINT('',(7.194955830288,9.79788890933E-08,
    3.134866194884));
#7219 = ADVANCED_FACE('',(#7220),#7323,.T.);
#7220 = FACE_BOUND('',#7221,.T.);
#7221 = EDGE_LOOP('',(#7222,#7223,#7224,#7267,#7275,#7322));
#7222 = ORIENTED_EDGE('',*,*,#6793,.F.);
#7223 = ORIENTED_EDGE('',*,*,#7003,.F.);
#7224 = ORIENTED_EDGE('',*,*,#7225,.F.);
#7225 = EDGE_CURVE('',#7226,#7004,#7228,.T.);
#7226 = VERTEX_POINT('',#7227);
#7227 = CARTESIAN_POINT('',(7.896131031304,-4.018088459729E-15,-2.665));
#7228 = B_SPLINE_CURVE_WITH_KNOTS('',7,(#7229,#7230,#7231,#7232,#7233,
    #7234,#7235,#7236,#7237,#7238,#7239,#7240,#7241,#7242,#7243,#7244,
    #7245,#7246,#7247,#7248,#7249,#7250,#7251,#7252,#7253,#7254,#7255,
    #7256,#7257,#7258,#7259,#7260,#7261,#7262,#7263,#7264,#7265,#7266),
  .UNSPECIFIED.,.F.,.F.,(8,6,6,6,6,6,8),(0.,4.540712433031E-02,
    0.279395605134,0.521351966147,0.733574252647,0.896304176684,1.),
  .UNSPECIFIED.);
#7229 = CARTESIAN_POINT('',(7.896131031304,-3.908088459729E-15,-2.665));
#7230 = CARTESIAN_POINT('',(7.893828581193,-6.449146454511E-02,-2.665));
#7231 = CARTESIAN_POINT('',(7.891526116771,-0.128982989269,
    -2.663466872862));
#7232 = CARTESIAN_POINT('',(7.889223636498,-0.193430738583,
    -2.660400621497));
#7233 = CARTESIAN_POINT('',(7.88692113906,-0.257790989202,
    -2.655802805156));
#7234 = CARTESIAN_POINT('',(7.884618623369,-0.32202013014,
    -2.649676539429));
#7235 = CARTESIAN_POINT('',(7.882316088564,-0.386074662714,
    -2.642026496248));
#7236 = CARTESIAN_POINT('',(7.868148187992,-0.778868709451,
    -2.585617176021));
#7237 = CARTESIAN_POINT('',(7.856276525365,-1.10219883998,
    -2.498053712791));
#7238 = CARTESIAN_POINT('',(7.844408997489,-1.41367592871,
    -2.370994940783));
#7239 = CARTESIAN_POINT('',(7.832542429279,-1.707616381627,
    -2.206499173683));
#7240 = CARTESIAN_POINT('',(7.820674664533,-1.978820612731,
    -2.007476266893));
#7241 = CARTESIAN_POINT('',(7.808802812025,-2.222561701198,
    -1.777693850093));
#7242 = CARTESIAN_POINT('',(7.784668182037,-2.654426455765,
    -1.257651808609));
#7243 = CARTESIAN_POINT('',(7.772392885548,-2.840605551104,
    -0.965319698348));
#7244 = CARTESIAN_POINT('',(7.760124182068,-2.988903403821,
    -0.650336714967));
#7245 = CARTESIAN_POINT('',(7.747857796456,-3.096231888808,
    -0.318636487013));
#7246 = CARTESIAN_POINT('',(7.735589675811,-3.160564077501,
    2.351546113298E-02));
#7247 = CARTESIAN_POINT('',(7.723314633643,-3.180925920913,
    0.369501917997));
#7248 = CARTESIAN_POINT('',(7.700283766967,-3.137641018508,
    1.013114464121));
#7249 = CARTESIAN_POINT('',(7.689517834784,-3.083994073584,
    1.311705713628));
#7250 = CARTESIAN_POINT('',(7.678753570343,-2.997201119955,
    1.603508439661));
#7251 = CARTESIAN_POINT('',(7.667990338865,-2.878371241371,
    1.884169195323));
#7252 = CARTESIAN_POINT('',(7.657225639918,-2.729243832995,
    2.149579816197));
#7253 = CARTESIAN_POINT('',(7.646459422437,-2.552173033296,
    2.395914127562));
#7254 = CARTESIAN_POINT('',(7.627446052936,-2.195505764824,
    2.791374639714));
#7255 = CARTESIAN_POINT('',(7.619193972755,-2.02607125457,2.949837347876
    ));
#7256 = CARTESIAN_POINT('',(7.610943336775,-1.84337112944,3.093596317299
    ));
#7257 = CARTESIAN_POINT('',(7.602693736657,-1.648948735307,
    3.221346561912));
#7258 = CARTESIAN_POINT('',(7.594443677151,-1.444484885813,
    3.331983633009));
#7259 = CARTESIAN_POINT('',(7.586192054611,-1.231789980893,
    3.424608825651));
#7260 = CARTESIAN_POINT('',(7.57268174267,-0.873285625896,3.545699942649
    ));
#7261 = CARTESIAN_POINT('',(7.567422760185,-0.731190558897,
    3.585255428879));
#7262 = CARTESIAN_POINT('',(7.562163251089,-0.587032312178,
    3.617068492637));
#7263 = CARTESIAN_POINT('',(7.556903134036,-0.441317299573,
    3.641012885509));
#7264 = CARTESIAN_POINT('',(7.55164244666,-0.294559291798,3.657004190559
    ));
#7265 = CARTESIAN_POINT('',(7.546381640187,-0.14727841934,3.664999984523
    ));
#7266 = CARTESIAN_POINT('',(7.541121874027,-1.753494698104E-07,3.665));
#7267 = ORIENTED_EDGE('',*,*,#7268,.T.);
#7268 = EDGE_CURVE('',#7226,#7269,#7271,.T.);
#7269 = VERTEX_POINT('',#7270);
#7270 = CARTESIAN_POINT('',(7.953850829038,-4.043721199098E-15,-2.665));
#7271 = LINE('',#7272,#7273);
#7272 = CARTESIAN_POINT('',(6.446202902092,-4.304191022488E-15,-2.665));
#7273 = VECTOR('',#7274,1.);
#7274 = DIRECTION('',(1.,-8.840892098501E-16,4.4E-16));
#7275 = ORIENTED_EDGE('',*,*,#7276,.T.);
#7276 = EDGE_CURVE('',#7269,#6894,#7277,.T.);
#7277 = B_SPLINE_CURVE_WITH_KNOTS('',7,(#7278,#7279,#7280,#7281,#7282,
    #7283,#7284,#7285,#7286,#7287,#7288,#7289,#7290,#7291,#7292,#7293,
    #7294,#7295,#7296,#7297,#7298,#7299,#7300,#7301,#7302,#7303,#7304,
    #7305,#7306,#7307,#7308,#7309,#7310,#7311,#7312,#7313,#7314,#7315,
    #7316,#7317,#7318,#7319,#7320,#7321),.UNSPECIFIED.,.F.,.F.,(8,6,6,6,
    6,6,6,8),(0.,4.631539976677E-02,0.206322193051,0.27832764245,
    0.522906190136,0.732752025423,0.892044111142,1.),.UNSPECIFIED.);
#7278 = CARTESIAN_POINT('',(7.953850829038,-4.823721199098E-15,-2.665));
#7279 = CARTESIAN_POINT('',(7.951502079164,-6.578347601656E-02,-2.665));
#7280 = CARTESIAN_POINT('',(7.949153342694,-0.131567018453,
    -2.663404828988));
#7281 = CARTESIAN_POINT('',(7.946804621664,-0.197304102828,
    -2.660214489133));
#7282 = CARTESIAN_POINT('',(7.944455917955,-0.262948324997,
    -2.655430668224));
#7283 = CARTESIAN_POINT('',(7.942107233292,-0.32845340115,
    -2.649056739674));
#7284 = CARTESIAN_POINT('',(7.939758569242,-0.393773167813,
    -2.641097762516));
#7285 = CARTESIAN_POINT('',(7.929296023835,-0.68372390544,
    -2.598611834202));
#7286 = CARTESIAN_POINT('',(7.92118149432,-0.90585045135,-2.546822225394
    ));
#7287 = CARTESIAN_POINT('',(7.913067873631,-1.123302775544,
    -2.476468541231));
#7288 = CARTESIAN_POINT('',(7.90495489267,-1.334233389564,
    -2.388078142923));
#7289 = CARTESIAN_POINT('',(7.896841620335,-1.536878818611,
    -2.282390015648));
#7290 = CARTESIAN_POINT('',(7.888727660715,-1.729567544166,
    -2.160351439225));
#7291 = CARTESIAN_POINT('',(7.876963319245,-1.992274419232,
    -1.961407562593));
#7292 = CARTESIAN_POINT('',(7.873312194499,-2.071478771586,
    -1.89659094488));
#7293 = CARTESIAN_POINT('',(7.869661021765,-2.148216111005,
    -1.828806243768));
#7294 = CARTESIAN_POINT('',(7.86600979395,-2.222353469069,
    -1.758166521444));
#7295 = CARTESIAN_POINT('',(7.862358506304,-2.293764686146,
    -1.68479198584));
#7296 = CARTESIAN_POINT('',(7.858707156415,-2.362330411392,
    -1.608809990635));
#7297 = CARTESIAN_POINT('',(7.842653112172,-2.650785595611,
    -1.263869662199));
#7298 = CARTESIAN_POINT('',(7.830242509264,-2.83963778231,
    -0.968693693111));
#7299 = CARTESIAN_POINT('',(7.817837088731,-2.989806757204,
    -0.650297876133));
#7300 = CARTESIAN_POINT('',(7.805432802078,-3.098098152271,
    -0.314811142843));
#7301 = CARTESIAN_POINT('',(7.793026932369,-3.162423026693,
    3.129425541391E-02));
#7302 = CARTESIAN_POINT('',(7.780616192382,-3.18178910698,0.38117886193)
  );
#7303 = CARTESIAN_POINT('',(7.757572429022,-3.13536210628,1.024942063168
    ));
#7304 = CARTESIAN_POINT('',(7.746928656385,-3.081254605939,
    1.319960804253));
#7305 = CARTESIAN_POINT('',(7.736288066695,-2.994767584957,
    1.608236673243));
#7306 = CARTESIAN_POINT('',(7.725649496527,-2.876983676209,1.8855635297)
  );
#7307 = CARTESIAN_POINT('',(7.715009199362,-2.72958907558,2.147971194761
    ));
#7308 = CARTESIAN_POINT('',(7.704365561082,-2.554858860552,
    2.391759990395));
#7309 = CARTESIAN_POINT('',(7.685646495726,-2.204727796201,
    2.782014149011));
#7310 = CARTESIAN_POINT('',(7.677567336007,-2.039576856417,
    2.937835617355));
#7311 = CARTESIAN_POINT('',(7.669488185523,-1.861649875272,
    3.079632017369));
#7312 = CARTESIAN_POINT('',(7.661408950856,-1.672387324383,
    3.206171156324));
#7313 = CARTESIAN_POINT('',(7.653329316514,-1.473357473019,
    3.316404469407));
#7314 = CARTESIAN_POINT('',(7.645249719178,-1.266249443267,
    3.409471704034));
#7315 = CARTESIAN_POINT('',(7.63169753273,-0.908286822694,3.535745581328
    ));
#7316 = CARTESIAN_POINT('',(7.626223428736,-0.760800087056,
    3.578582299282));
#7317 = CARTESIAN_POINT('',(7.620749964544,-0.610986910564,
    3.613049785232));
#7318 = CARTESIAN_POINT('',(7.615277183817,-0.459417399293,
    3.638999787529));
#7319 = CARTESIAN_POINT('',(7.609804877634,-0.306670693268,
    3.656333139542));
#7320 = CARTESIAN_POINT('',(7.60433257208,-0.153333755973,3.664999984443
    ));
#7321 = CARTESIAN_POINT('',(7.598859515843,-1.638584461461E-07,3.665));
#7322 = ORIENTED_EDGE('',*,*,#6900,.T.);
#7323 = CYLINDRICAL_SURFACE('',#7324,3.165);
#7324 = AXIS2_PLACEMENT_3D('',#7325,#7326,#7327);
#7325 = CARTESIAN_POINT('',(6.446202902092,-2.854191022488E-15,0.5));
#7326 = DIRECTION('',(1.,-5.540892098501E-16,4.4E-16));
#7327 = DIRECTION('',(4.4E-16,7.E-17,-1.));
#7328 = ADVANCED_FACE('',(#7329),#7411,.F.);
#7329 = FACE_BOUND('',#7330,.F.);
#7330 = EDGE_LOOP('',(#7331,#7367,#7374,#7409,#7410));
#7331 = ORIENTED_EDGE('',*,*,#7332,.F.);
#7332 = EDGE_CURVE('',#7333,#6858,#7335,.T.);
#7333 = VERTEX_POINT('',#7334);
#7334 = CARTESIAN_POINT('',(8.614953080967,-2.502833730958E-11,
    3.134818134726));
#7335 = B_SPLINE_CURVE_WITH_KNOTS('',9,(#7336,#7337,#7338,#7339,#7340,
    #7341,#7342,#7343,#7344,#7345,#7346,#7347,#7348,#7349,#7350,#7351,
    #7352,#7353,#7354,#7355,#7356,#7357,#7358,#7359,#7360,#7361,#7362,
    #7363,#7364,#7365,#7366),.UNSPECIFIED.,.F.,.F.,(10,7,7,7,10),(0.,
    1.58079326614,3.161586532279,4.742379798419,6.323173064558),
  .UNSPECIFIED.);
#7336 = CARTESIAN_POINT('',(8.614953080967,-2.503064730958E-11,
    3.134818134726));
#7337 = CARTESIAN_POINT('',(8.595231385057,0.459884722163,3.134827334646
    ));
#7338 = CARTESIAN_POINT('',(8.575512225436,0.919711611999,3.044601721453
    ));
#7339 = CARTESIAN_POINT('',(8.555786865647,1.359344882062,2.86395303756)
  );
#7340 = CARTESIAN_POINT('',(8.536063100604,1.758391214181,2.598327872424
    ));
#7341 = CARTESIAN_POINT('',(8.516341670179,2.098354506658,2.258396498225
    ));
#7342 = CARTESIAN_POINT('',(8.496620238844,2.363945025808,1.859325759671
    ));
#7343 = CARTESIAN_POINT('',(8.476898563622,2.544541588737,1.41973132515)
  );
#7344 = CARTESIAN_POINT('',(8.437454384925,2.725134663392,0.500005937954
    ));
#7345 = CARTESIAN_POINT('',(8.398009279998,2.544535861393,
    -0.419729119373));
#7346 = CARTESIAN_POINT('',(8.37828664383,2.363940368815,-0.859334043174
    ));
#7347 = CARTESIAN_POINT('',(8.358564394211,2.098361933259,
    -1.258411633794));
#7348 = CARTESIAN_POINT('',(8.338842494515,1.758411230923,
    -1.598368512979));
#7349 = CARTESIAN_POINT('',(8.319120559673,1.359334947232,
    -1.863950176469));
#7350 = CARTESIAN_POINT('',(8.299398356279,0.919731479353,
    -2.044536232601));
#7351 = CARTESIAN_POINT('',(8.259953768321,-4.490343257797E-07,
    -2.22511981865));
#7352 = CARTESIAN_POINT('',(8.220509180361,-0.919731365408,
    -2.044531078386));
#7353 = CARTESIAN_POINT('',(8.200786976972,-1.359333234583,
    -1.863945047314));
#7354 = CARTESIAN_POINT('',(8.181065042124,-1.75841213496,
    -1.598375650671));
#7355 = CARTESIAN_POINT('',(8.161343142424,-2.098373093783,
    -1.258424825167));
#7356 = CARTESIAN_POINT('',(8.141620892808,-2.363955451215,
    -0.859340334586));
#7357 = CARTESIAN_POINT('',(8.121898256648,-2.544536806128,
    -0.419730151061));
#7358 = CARTESIAN_POINT('',(8.082453151706,-2.725113567635,
    0.500006235957));
#7359 = CARTESIAN_POINT('',(8.043008973014,-2.544528989184,
    1.419730293454));
#7360 = CARTESIAN_POINT('',(8.023287297975,-2.36395115789,1.85932977908)
  );
#7361 = CARTESIAN_POINT('',(8.003565865943,-2.098382442931,2.25839830133
    ));
#7362 = CARTESIAN_POINT('',(7.983844436686,-1.758454144265,
    2.598391710891));
#7363 = CARTESIAN_POINT('',(7.964120670547,-1.359294237565,
    2.863966785409));
#7364 = CARTESIAN_POINT('',(7.944395311329,-0.919707952696,
    3.044501123329));
#7365 = CARTESIAN_POINT('',(7.924676151592,-0.459884673209,
    3.134832973444));
#7366 = CARTESIAN_POINT('',(7.904954455659,4.897837201799E-08,
    3.134842164813));
#7367 = ORIENTED_EDGE('',*,*,#7368,.T.);
#7368 = EDGE_CURVE('',#7333,#7369,#7371,.T.);
#7369 = VERTEX_POINT('',#7370);
#7370 = CARTESIAN_POINT('',(8.308846082863,-1.643247152014E-07,3.665));
#7371 = B_SPLINE_CURVE_WITH_KNOTS('',1,(#7372,#7373),.UNSPECIFIED.,.F.,
  .F.,(2,2),(0.,0.659896538121),.PIECEWISE_BEZIER_KNOTS.);
#7372 = CARTESIAN_POINT('',(8.614953080967,-2.499851730958E-11,
    3.134818134726));
#7373 = CARTESIAN_POINT('',(8.28499967399,-1.771240246008E-07,
    3.7063023342));
#7374 = ORIENTED_EDGE('',*,*,#7375,.T.);
#7375 = EDGE_CURVE('',#7369,#7269,#7376,.T.);
#7376 = B_SPLINE_CURVE_WITH_KNOTS('',6,(#7377,#7378,#7379,#7380,#7381,
    #7382,#7383,#7384,#7385,#7386,#7387,#7388,#7389,#7390,#7391,#7392,
    #7393,#7394,#7395,#7396,#7397,#7398,#7399,#7400,#7401,#7402,#7403,
    #7404,#7405,#7406,#7407,#7408),.UNSPECIFIED.,.F.,.F.,(7,5,5,5,5,5,7)
  ,(0.,0.101550561974,0.265382206469,0.474325737396,0.682122110184,
    0.843685481839,1.),.UNSPECIFIED.);
#7377 = CARTESIAN_POINT('',(8.308846082863,-1.643247482814E-07,3.665));
#7378 = CARTESIAN_POINT('',(8.302839613893,0.168278527528,3.665000000376
    ));
#7379 = CARTESIAN_POINT('',(8.296836763645,0.336560795373,3.654263183425
    ));
#7380 = CARTESIAN_POINT('',(8.29083337849,0.503982688491,3.632789923231)
  );
#7381 = CARTESIAN_POINT('',(8.284828066029,0.669691877904,3.600671207238
    ));
#7382 = CARTESIAN_POINT('',(8.278820992866,0.832850602203,3.558088048224
    ));
#7383 = CARTESIAN_POINT('',(8.263119467803,1.250424805106,3.420165453173
    ));
#7384 = CARTESIAN_POINT('',(8.25342140795,1.499483548329,3.308473260186)
  );
#7385 = CARTESIAN_POINT('',(8.243723306291,1.736313729654,3.171375797816
    ));
#7386 = CARTESIAN_POINT('',(8.234027211642,1.957759106062,3.010608000729
    ));
#7387 = CARTESIAN_POINT('',(8.22433147535,2.160952452504,2.828349863059)
  );
#7388 = CARTESIAN_POINT('',(8.202276990714,2.576151378128,2.370975742013
    ));
#7389 = CARTESIAN_POINT('',(8.189913327019,2.775306891212,2.083966269942
    ));
#7390 = CARTESIAN_POINT('',(8.177556555373,2.935638381989,1.772012953642
    ));
#7391 = CARTESIAN_POINT('',(8.165198155725,3.053600517438,1.441701172045
    ));
#7392 = CARTESIAN_POINT('',(8.152832936608,3.126813221528,1.100120864866
    ));
#7393 = CARTESIAN_POINT('',(8.128177084112,3.18245381485,0.411790335698)
  );
#7394 = CARTESIAN_POINT('',(8.11587753852,3.165398549654,
    6.482398688591E-02));
#7395 = CARTESIAN_POINT('',(8.103582465282,3.102873112312,
    -0.278294015387));
#7396 = CARTESIAN_POINT('',(8.091288078299,2.996056501128,
    -0.610302570022));
#7397 = CARTESIAN_POINT('',(8.078989319556,2.847336239702,-0.92424355812
    ));
#7398 = CARTESIAN_POINT('',(8.057136926266,2.515925716386,
    -1.438819128838));
#7399 = CARTESIAN_POINT('',(8.047577404018,2.348094656534,
    -1.649217601351));
#7400 = CARTESIAN_POINT('',(8.038019556836,2.159296401493,
    -1.841957255444));
#7401 = CARTESIAN_POINT('',(8.028461630359,1.951892869549,
    -2.014517652278));
#7402 = CARTESIAN_POINT('',(8.018901979587,1.728587431307,
    -2.164749004083));
#7403 = CARTESIAN_POINT('',(8.000095269968,1.264080194953,
    -2.413146309645));
#7404 = CARTESIAN_POINT('',(7.990845862407,1.023638335105,
    -2.512875783422));
#7405 = CARTESIAN_POINT('',(7.981597477738,0.773982715627,
    -2.588672227329));
#7406 = CARTESIAN_POINT('',(7.972348902452,0.518085554109,
    -2.639561002845));
#7407 = CARTESIAN_POINT('',(7.963099208993,0.25902740333,-2.665));
#7408 = CARTESIAN_POINT('',(7.953850829038,-4.613721199098E-15,-2.665));
#7409 = ORIENTED_EDGE('',*,*,#7276,.T.);
#7410 = ORIENTED_EDGE('',*,*,#6893,.F.);
#7411 = B_SPLINE_SURFACE_WITH_KNOTS('',1,9,(
    (#7412,#7413,#7414,#7415,#7416,#7417,#7418,#7419,#7420,#7421,#7422
      ,#7423,#7424,#7425,#7426,#7427,#7428,#7429,#7430,#7431,#7432,#7433
      ,#7434,#7435,#7436,#7437,#7438,#7439,#7440,#7441,#7442)
    ,(#7443,#7444,#7445,#7446,#7447,#7448,#7449,#7450,#7451,#7452,#7453
      ,#7454,#7455,#7456,#7457,#7458,#7459,#7460,#7461,#7462,#7463,#7464
      ,#7465,#7466,#7467,#7468,#7469,#7470,#7471,#7472,#7473
  )),.UNSPECIFIED.,.F.,.F.,.F.,(2,2),(10,7,7,7,10),(0.,0.659896538121),(
    0.,1.58079326614,3.161586532279,4.742379798419,6.323173064558),
  .UNSPECIFIED.);
#7412 = CARTESIAN_POINT('',(8.614953080967,-2.503064730958E-11,
    3.134818134726));
#7413 = CARTESIAN_POINT('',(8.595231385057,0.459884722163,3.134827334646
    ));
#7414 = CARTESIAN_POINT('',(8.575512225436,0.919711611999,3.044601721453
    ));
#7415 = CARTESIAN_POINT('',(8.555786865647,1.359344882062,2.86395303756)
  );
#7416 = CARTESIAN_POINT('',(8.536063100604,1.758391214181,2.598327872424
    ));
#7417 = CARTESIAN_POINT('',(8.516341670179,2.098354506658,2.258396498225
    ));
#7418 = CARTESIAN_POINT('',(8.496620238844,2.363945025808,1.859325759671
    ));
#7419 = CARTESIAN_POINT('',(8.476898563622,2.544541588737,1.41973132515)
  );
#7420 = CARTESIAN_POINT('',(8.437454384925,2.725134663392,0.500005937954
    ));
#7421 = CARTESIAN_POINT('',(8.398009279998,2.544535861393,
    -0.419729119373));
#7422 = CARTESIAN_POINT('',(8.37828664383,2.363940368815,-0.859334043174
    ));
#7423 = CARTESIAN_POINT('',(8.358564394211,2.098361933259,
    -1.258411633794));
#7424 = CARTESIAN_POINT('',(8.338842494515,1.758411230923,
    -1.598368512979));
#7425 = CARTESIAN_POINT('',(8.319120559673,1.359334947232,
    -1.863950176469));
#7426 = CARTESIAN_POINT('',(8.299398356279,0.919731479353,
    -2.044536232601));
#7427 = CARTESIAN_POINT('',(8.259953768321,-4.490343257797E-07,
    -2.22511981865));
#7428 = CARTESIAN_POINT('',(8.220509180361,-0.919731365408,
    -2.044531078386));
#7429 = CARTESIAN_POINT('',(8.200786976972,-1.359333234583,
    -1.863945047314));
#7430 = CARTESIAN_POINT('',(8.181065042124,-1.75841213496,
    -1.598375650671));
#7431 = CARTESIAN_POINT('',(8.161343142424,-2.098373093783,
    -1.258424825167));
#7432 = CARTESIAN_POINT('',(8.141620892808,-2.363955451215,
    -0.859340334586));
#7433 = CARTESIAN_POINT('',(8.121898256648,-2.544536806128,
    -0.419730151061));
#7434 = CARTESIAN_POINT('',(8.082453151706,-2.725113567635,
    0.500006235957));
#7435 = CARTESIAN_POINT('',(8.043008973014,-2.544528989184,
    1.419730293454));
#7436 = CARTESIAN_POINT('',(8.023287297975,-2.36395115789,1.85932977908)
  );
#7437 = CARTESIAN_POINT('',(8.003565865943,-2.098382442931,2.25839830133
    ));
#7438 = CARTESIAN_POINT('',(7.983844436686,-1.758454144265,
    2.598391710891));
#7439 = CARTESIAN_POINT('',(7.964120670547,-1.359294237565,
    2.863966785409));
#7440 = CARTESIAN_POINT('',(7.944395311329,-0.919707952696,
    3.044501123329));
#7441 = CARTESIAN_POINT('',(7.924676151592,-0.459884673209,
    3.134832973444));
#7442 = CARTESIAN_POINT('',(7.904954455659,4.897837201799E-08,
    3.134842164813));
#7443 = CARTESIAN_POINT('',(8.28499967399,-1.771240577208E-07,
    3.7063023342));
#7444 = CARTESIAN_POINT('',(8.265277416067,0.559605806918,3.706311240538
    ));
#7445 = CARTESIAN_POINT('',(8.245554986092,1.119213402006,3.596507775974
    ));
#7446 = CARTESIAN_POINT('',(8.225832976475,1.654193093314,3.376668168878
    ));
#7447 = CARTESIAN_POINT('',(8.206110859506,2.139772760141,3.053455904698
    ));
#7448 = CARTESIAN_POINT('',(8.186388582954,2.553484469111,2.639792953886
    ));
#7449 = CARTESIAN_POINT('',(8.166666307426,2.876674295748,2.154160967866
    ));
#7450 = CARTESIAN_POINT('',(8.146944047992,3.096440575767,1.619217515121
    ));
#7451 = CARTESIAN_POINT('',(8.107499585513,3.316202443418,0.500005969138
    ));
#7452 = CARTESIAN_POINT('',(8.068055185893,3.096435467505,
    -0.619213219058));
#7453 = CARTESIAN_POINT('',(8.048332991756,2.876672076085,
    -1.154165044769));
#7454 = CARTESIAN_POINT('',(8.028610771391,2.553491432949,-1.63980367993
    ));
#7455 = CARTESIAN_POINT('',(8.008888527286,2.139803212462,
    -2.053498112546));
#7456 = CARTESIAN_POINT('',(7.989166285566,1.654165001747,
    -2.376682423859));
#7457 = CARTESIAN_POINT('',(7.969444062064,1.119214189837,
    -2.596435986358));
#7458 = CARTESIAN_POINT('',(7.929999627358,-2.238608669531E-07,
    -2.816187454742));
#7459 = CARTESIAN_POINT('',(7.890555192651,-1.119213688984,
    -2.596431155234));
#7460 = CARTESIAN_POINT('',(7.870832969154,-1.65416298632,
    -2.376677684449));
#7461 = CARTESIAN_POINT('',(7.851110727428,-2.139803762231,
    -2.053505268639));
#7462 = CARTESIAN_POINT('',(7.83138848332,-2.553501929683,
    -1.639816728419));
#7463 = CARTESIAN_POINT('',(7.811666262957,-2.876686417683,
    -1.154171477463));
#7464 = CARTESIAN_POINT('',(7.791944068827,-3.096436237618,
    -0.619214605286));
#7465 = CARTESIAN_POINT('',(7.752499669193,-3.316182091719,
    0.500005837959));
#7466 = CARTESIAN_POINT('',(7.713055206719,-3.096428561909,
    1.619216128885));
#7467 = CARTESIAN_POINT('',(7.693332947462,-2.876680420389,
    2.154164482327));
#7468 = CARTESIAN_POINT('',(7.673610671261,-2.553511690212,
    2.639794371013));
#7469 = CARTESIAN_POINT('',(7.653888395836,-2.139833793028,
    3.053517221405));
#7470 = CARTESIAN_POINT('',(7.63416627781,-1.654144598247,3.376681222982
    ));
#7471 = CARTESIAN_POINT('',(7.614444268743,-1.119210262703,
    3.596410584686));
#7472 = CARTESIAN_POINT('',(7.594721838656,-0.55960616449,3.706316609817
    ));
#7473 = CARTESIAN_POINT('',(7.574999580711,-1.804489611155E-07,
    3.706325516733));
#7474 = ADVANCED_FACE('',(#7475),#7522,.F.);
#7475 = FACE_BOUND('',#7476,.F.);
#7476 = EDGE_LOOP('',(#7477,#7514,#7519,#7520,#7521));
#7477 = ORIENTED_EDGE('',*,*,#7478,.F.);
#7478 = EDGE_CURVE('',#7479,#7226,#7481,.T.);
#7479 = VERTEX_POINT('',#7480);
#7480 = CARTESIAN_POINT('',(8.251136247914,-1.758185091757E-07,3.665));
#7481 = B_SPLINE_CURVE_WITH_KNOTS('',6,(#7482,#7483,#7484,#7485,#7486,
    #7487,#7488,#7489,#7490,#7491,#7492,#7493,#7494,#7495,#7496,#7497,
    #7498,#7499,#7500,#7501,#7502,#7503,#7504,#7505,#7506,#7507,#7508,
    #7509,#7510,#7511,#7512,#7513),.UNSPECIFIED.,.F.,.F.,(7,5,5,5,5,5,7)
  ,(0.,9.800523980617E-02,0.268199935273,0.471076841994,0.684387325784,
    0.846370553733,1.),.UNSPECIFIED.);
#7482 = CARTESIAN_POINT('',(8.251136247914,-1.758185544757E-07,3.665));
#7483 = CARTESIAN_POINT('',(8.245336364941,0.162403369803,3.665000000953
    ));
#7484 = CARTESIAN_POINT('',(8.239532692647,0.324809520338,3.6549998474)
  );
#7485 = CARTESIAN_POINT('',(8.233729612857,0.486442597551,3.634999907227
    ));
#7486 = CARTESIAN_POINT('',(8.227928299428,0.646536370549,3.605079065985
    ));
#7487 = CARTESIAN_POINT('',(8.222128471618,0.804336653198,3.565394338922
    ));
#7488 = CARTESIAN_POINT('',(8.206260848943,1.227870803719,3.4307163054)
  );
#7489 = CARTESIAN_POINT('',(8.196194069081,1.487544064266,3.31649842955)
  );
#7490 = CARTESIAN_POINT('',(8.186131479011,1.734176185978,3.174763288455
    ));
#7491 = CARTESIAN_POINT('',(8.176066524783,1.964221839697,3.007445580335
    ));
#7492 = CARTESIAN_POINT('',(8.165997372234,2.174468150748,2.816992259296
    ));
#7493 = CARTESIAN_POINT('',(8.143925067857,2.585927451752,2.355592878507
    ));
#7494 = CARTESIAN_POINT('',(8.131915590813,2.777772117133,2.076078818286
    ));
#7495 = CARTESIAN_POINT('',(8.119909096739,2.932957409165,1.773214766226
    ));
#7496 = CARTESIAN_POINT('',(8.107904077403,3.048241659664,1.45302942128)
  );
#7497 = CARTESIAN_POINT('',(8.095895978645,3.121434248868,1.122007896134
    ));
#7498 = CARTESIAN_POINT('',(8.071272887061,3.184017819532,0.435193266604
    ));
#7499 = CARTESIAN_POINT('',(8.058649088659,3.168929636847,
    7.873480576237E-02));
#7500 = CARTESIAN_POINT('',(8.04603211108,3.105860936326,-0.273939879613
    ));
#7501 = CARTESIAN_POINT('',(8.033414441525,2.996067444447,
    -0.614971107417));
#7502 = CARTESIAN_POINT('',(8.020789920893,2.842127183529,
    -0.936830603095));
#7503 = CARTESIAN_POINT('',(7.998586443496,2.501679575941,
    -1.457261833311));
#7504 = CARTESIAN_POINT('',(7.989001392217,2.331855877615,-1.66696508455
    ));
#7505 = CARTESIAN_POINT('',(7.97941761802,2.141087884611,-1.858760154513
    ));
#7506 = CARTESIAN_POINT('',(7.969833901756,1.931775308669,-2.03012521617
    ));
#7507 = CARTESIAN_POINT('',(7.960248908038,1.706659720722,
    -2.178915292279));
#7508 = CARTESIAN_POINT('',(7.94157627601,1.243399003786,-2.421642282576
    ));
#7509 = CARTESIAN_POINT('',(7.932486326159,1.006470276258,
    -2.518040815114));
#7510 = CARTESIAN_POINT('',(7.923397795235,0.760789688716,
    -2.591272838687));
#7511 = CARTESIAN_POINT('',(7.914309474356,0.509183431067,
    -2.640427530692));
#7512 = CARTESIAN_POINT('',(7.905219865044,0.254577589352,
    -2.664999999999));
#7513 = CARTESIAN_POINT('',(7.896131031304,-3.738088459729E-15,-2.665));
#7514 = ORIENTED_EDGE('',*,*,#7515,.T.);
#7515 = EDGE_CURVE('',#7479,#7115,#7516,.T.);
#7516 = B_SPLINE_CURVE_WITH_KNOTS('',1,(#7517,#7518),.UNSPECIFIED.,.F.,
  .F.,(2,2),(0.,0.659896538121),.PIECEWISE_BEZIER_KNOTS.);
#7517 = CARTESIAN_POINT('',(8.274999580664,-1.932874055163E-07,
    3.706333608143));
#7518 = CARTESIAN_POINT('',(7.945057917535,4.824284902018E-08,
    3.134842628375));
#7519 = ORIENTED_EDGE('',*,*,#7114,.T.);
#7520 = ORIENTED_EDGE('',*,*,#7040,.F.);
#7521 = ORIENTED_EDGE('',*,*,#7225,.F.);
#7522 = B_SPLINE_SURFACE_WITH_KNOTS('',1,9,(
    (#7523,#7524,#7525,#7526,#7527,#7528,#7529,#7530,#7531,#7532,#7533
      ,#7534,#7535,#7536,#7537,#7538,#7539,#7540,#7541,#7542,#7543,#7544
      ,#7545,#7546,#7547,#7548,#7549,#7550,#7551,#7552,#7553)
    ,(#7554,#7555,#7556,#7557,#7558,#7559,#7560,#7561,#7562,#7563,#7564
      ,#7565,#7566,#7567,#7568,#7569,#7570,#7571,#7572,#7573,#7574,#7575
      ,#7576,#7577,#7578,#7579,#7580,#7581,#7582,#7583,#7584
  )),.UNSPECIFIED.,.F.,.F.,.F.,(2,2),(10,7,7,7,10),(0.,0.659896538121),(
    0.,1.58079326614,3.161586532279,4.742379798419,6.323173064558),
  .UNSPECIFIED.);
#7523 = CARTESIAN_POINT('',(8.274999580664,-1.932874510063E-07,
    3.706333608143));
#7524 = CARTESIAN_POINT('',(8.25527732271,0.559611404789,3.706343205687)
  );
#7525 = CARTESIAN_POINT('',(8.235554892555,1.119224752951,3.596542616865
    ));
#7526 = CARTESIAN_POINT('',(8.215832883106,1.654211571154,3.376696528252
    ));
#7527 = CARTESIAN_POINT('',(8.196110766269,2.139791862069,3.053479150693
    ));
#7528 = CARTESIAN_POINT('',(8.176388489628,2.553509034465,2.639814372328
    ));
#7529 = CARTESIAN_POINT('',(8.156666214077,2.876702922299,2.154177432037
    ));
#7530 = CARTESIAN_POINT('',(8.136943954604,3.096472111298,1.619228801619
    ));
#7531 = CARTESIAN_POINT('',(8.097499492109,3.316236508203,0.500005976593
    ));
#7532 = CARTESIAN_POINT('',(8.058055092529,3.096466508877,
    -0.619224393498));
#7533 = CARTESIAN_POINT('',(8.038332898416,2.876700386462,
    -1.154181391423));
#7534 = CARTESIAN_POINT('',(8.018610678052,2.553516649937,
    -1.639824643389));
#7535 = CARTESIAN_POINT('',(7.998888433929,2.13982466429,-2.053523456044
    ));
#7536 = CARTESIAN_POINT('',(7.979166192191,1.654181680089,
    -2.376711471908));
#7537 = CARTESIAN_POINT('',(7.959443968688,1.119225441802,-2.59646724337
    ));
#7538 = CARTESIAN_POINT('',(7.919999533991,-2.388461062687E-07,
    -2.816220730236));
#7539 = CARTESIAN_POINT('',(7.880555099293,-1.11922489766,
    -2.596462039138));
#7540 = CARTESIAN_POINT('',(7.860832875794,-1.654179504214,
    -2.376706367271));
#7541 = CARTESIAN_POINT('',(7.841110634052,-2.139825253038,
    -2.05353117025));
#7542 = CARTESIAN_POINT('',(7.821388389923,-2.553527957753,
    -1.639838707612));
#7543 = CARTESIAN_POINT('',(7.801666169563,-2.876715838055,
    -1.154188327178));
#7544 = CARTESIAN_POINT('',(7.781943975457,-3.096467337117,
    -0.619225891685));
#7545 = CARTESIAN_POINT('',(7.742499575863,-3.316214577979,
    0.500005830483));
#7546 = CARTESIAN_POINT('',(7.703055113372,-3.096459167222,
    1.619227303423));
#7547 = CARTESIAN_POINT('',(7.68333285409,-2.876709524354,2.154181214962
    ));
#7548 = CARTESIAN_POINT('',(7.663610577815,-2.553538369965,
    2.639815895708));
#7549 = CARTESIAN_POINT('',(7.643888302386,-2.139857632472,
    3.053545220197));
#7550 = CARTESIAN_POINT('',(7.624166184412,-1.654159318824,
    3.376710592493));
#7551 = CARTESIAN_POINT('',(7.604444175555,-1.119221374599,
    3.596437885594));
#7552 = CARTESIAN_POINT('',(7.58472174528,-0.559611794692,3.706348990619
    ));
#7553 = CARTESIAN_POINT('',(7.564999487302,-1.96615920891E-07,
    3.706358588747));
#7554 = CARTESIAN_POINT('',(7.945057917535,4.824280293018E-08,
    3.134842628375));
#7555 = CARTESIAN_POINT('',(7.925336221601,0.459889053445,3.134851859301
    ));
#7556 = CARTESIAN_POINT('',(7.905617061838,0.919720234936,3.044625624629
    ));
#7557 = CARTESIAN_POINT('',(7.885891702194,1.359357697559,2.863975004269
    ));
#7558 = CARTESIAN_POINT('',(7.866167937222,1.758407497886,2.598347251074
    ));
#7559 = CARTESIAN_POINT('',(7.84644650676,2.098374026668,2.25841283692)
  );
#7560 = CARTESIAN_POINT('',(7.826725075389,2.363967059158,1.859338370965
    ));
#7561 = CARTESIAN_POINT('',(7.807003400142,2.54456533655,1.419739848747)
  );
#7562 = CARTESIAN_POINT('',(7.767559221432,2.725160094903,0.500005887496
    ));
#7563 = CARTESIAN_POINT('',(7.728114116536,2.544559546562,
    -0.419737731492));
#7564 = CARTESIAN_POINT('',(7.708391480387,2.363962333377,-0.85934673585
    ));
#7565 = CARTESIAN_POINT('',(7.688669230769,2.098381424928,
    -1.258428024603));
#7566 = CARTESIAN_POINT('',(7.668947331059,1.758427571353,
    -1.598388077571));
#7567 = CARTESIAN_POINT('',(7.649225396203,1.359347570596,
    -1.863972234094));
#7568 = CARTESIAN_POINT('',(7.629503192809,0.919740000832,
    -2.044559964482));
#7569 = CARTESIAN_POINT('',(7.590058604857,-5.007701750022E-07,
    -2.225145204919));
#7570 = CARTESIAN_POINT('',(7.550614016904,-0.91973997942,
    -2.044554754549));
#7571 = CARTESIAN_POINT('',(7.530891813513,-1.359345937023,
    -1.863967033258));
#7572 = CARTESIAN_POINT('',(7.511169878653,-1.758428555977,
    -1.598395181581));
#7573 = CARTESIAN_POINT('',(7.491447978937,-2.098392697578,
    -1.258441195818));
#7574 = CARTESIAN_POINT('',(7.471725729324,-2.363977530128,
    -0.859352967815));
#7575 = CARTESIAN_POINT('',(7.452003093182,-2.544560528969,
    -0.419738674583));
#7576 = CARTESIAN_POINT('',(7.412557988271,-2.725138908708,
    0.500006286399));
#7577 = CARTESIAN_POINT('',(7.373113809566,-2.54455264936,1.419738905648
    ));
#7578 = CARTESIAN_POINT('',(7.353392134503,-2.363973167836,
    1.859342494024));
#7579 = CARTESIAN_POINT('',(7.333670702432,-2.098402018421,
    2.258414724466));
#7580 = CARTESIAN_POINT('',(7.313949273143,-1.758470621045,
    2.598411427497));
#7581 = CARTESIAN_POINT('',(7.294225507071,-1.359306749534,
    2.863988860753));
#7582 = CARTESIAN_POINT('',(7.274500147999,-0.919716466927,
    3.044524628869));
#7583 = CARTESIAN_POINT('',(7.254780988121,-0.459888907958,
    3.134857539081));
#7584 = CARTESIAN_POINT('',(7.235059292163,9.724331724549E-08,
    3.13486676146));
#7585 = ADVANCED_FACE('',(#7586),#7631,.F.);
#7586 = FACE_BOUND('',#7587,.F.);
#7587 = EDGE_LOOP('',(#7588,#7624,#7629,#7630));
#7588 = ORIENTED_EDGE('',*,*,#7589,.F.);
#7589 = EDGE_CURVE('',#7590,#7115,#7592,.T.);
#7590 = VERTEX_POINT('',#7591);
#7591 = CARTESIAN_POINT('',(8.655056542844,-7.605143551191E-10,
    3.134818495274));
#7592 = B_SPLINE_CURVE_WITH_KNOTS('',9,(#7593,#7594,#7595,#7596,#7597,
    #7598,#7599,#7600,#7601,#7602,#7603,#7604,#7605,#7606,#7607,#7608,
    #7609,#7610,#7611,#7612,#7613,#7614,#7615,#7616,#7617,#7618,#7619,
    #7620,#7621,#7622,#7623),.UNSPECIFIED.,.F.,.F.,(10,7,7,7,10),(0.,
    1.58079326614,3.161586532279,4.742379798419,6.323173064558),
  .UNSPECIFIED.);
#7593 = CARTESIAN_POINT('',(8.655056542844,-7.605170051191E-10,
    3.134818495274));
#7594 = CARTESIAN_POINT('',(8.635334846934,0.459884793329,3.134827734761
    ));
#7595 = CARTESIAN_POINT('',(8.615615687311,0.919711762877,3.044602335312
    ));
#7596 = CARTESIAN_POINT('',(8.595890327524,1.359345202455,2.863953378207
    ));
#7597 = CARTESIAN_POINT('',(8.576166562484,1.758391353611,2.59832806431)
  );
#7598 = CARTESIAN_POINT('',(8.556445132056,2.098354774378,2.258396770027
    ));
#7599 = CARTESIAN_POINT('',(8.536723700722,2.363945381922,1.859325964394
    ));
#7600 = CARTESIAN_POINT('',(8.517002025499,2.544542013384,1.419731472008
    ));
#7601 = CARTESIAN_POINT('',(8.477557846801,2.725135134785,0.500005938184
    ));
#7602 = CARTESIAN_POINT('',(8.438112741875,2.544536257596,
    -0.419729260183));
#7603 = CARTESIAN_POINT('',(8.418390105707,2.363940706614,
    -0.859334241516));
#7604 = CARTESIAN_POINT('',(8.398667856089,2.098362238059,
    -1.258411879844));
#7605 = CARTESIAN_POINT('',(8.378945956392,1.758411504648,
    -1.598368825279));
#7606 = CARTESIAN_POINT('',(8.35922402155,1.359335164238,-1.863950556723
    ));
#7607 = CARTESIAN_POINT('',(8.339501818156,0.919731624241,
    -2.044536641291));
#7608 = CARTESIAN_POINT('',(8.300057230198,-4.500900544175E-07,
    -2.225120244825));
#7609 = CARTESIAN_POINT('',(8.260612642239,-0.919731508185,
    -2.044531465566));
#7610 = CARTESIAN_POINT('',(8.240890438849,-1.359333442738,
    -1.863945406447));
#7611 = CARTESIAN_POINT('',(8.221168504001,-1.758412411223,
    -1.598375994691));
#7612 = CARTESIAN_POINT('',(8.201446604301,-2.098373445304,
    -1.258425129106));
#7613 = CARTESIAN_POINT('',(8.181724354685,-2.363955852803,
    -0.859340561407));
#7614 = CARTESIAN_POINT('',(8.162001718525,-2.544537205794,
    -0.419730297918));
#7615 = CARTESIAN_POINT('',(8.122556613584,-2.725113948593,
    0.500006235727));
#7616 = CARTESIAN_POINT('',(8.083112434892,-2.544529360405,
    1.419730434265));
#7617 = CARTESIAN_POINT('',(8.063390759852,-2.363951541159,
    1.859329999526));
#7618 = CARTESIAN_POINT('',(8.043669327818,-2.098382831532,
    2.258398579523));
#7619 = CARTESIAN_POINT('',(8.023947898564,-1.758454554807,
    2.598392175322));
#7620 = CARTESIAN_POINT('',(8.004224132423,-1.35929434236,2.863967184124
    ));
#7621 = CARTESIAN_POINT('',(7.984498773209,-0.919708089511,
    3.044501305351));
#7622 = CARTESIAN_POINT('',(7.964779613469,-0.459884745846,
    3.134833397439));
#7623 = CARTESIAN_POINT('',(7.945057917535,4.824284902018E-08,
    3.134842628375));
#7624 = ORIENTED_EDGE('',*,*,#7625,.T.);
#7625 = EDGE_CURVE('',#7590,#7333,#7626,.T.);
#7626 = B_SPLINE_CURVE_WITH_KNOTS('',1,(#7627,#7628),.UNSPECIFIED.,.F.,
  .F.,(2,2),(0.,4.010346187924E-02),.PIECEWISE_BEZIER_KNOTS.);
#7627 = CARTESIAN_POINT('',(8.655056542844,-7.604842151191E-10,
    3.134818495274));
#7628 = CARTESIAN_POINT('',(8.614953080967,-2.499851730958E-11,
    3.134818134726));
#7629 = ORIENTED_EDGE('',*,*,#7332,.T.);
#7630 = ORIENTED_EDGE('',*,*,#7150,.F.);
#7631 = B_SPLINE_SURFACE_WITH_KNOTS('',1,9,(
    (#7632,#7633,#7634,#7635,#7636,#7637,#7638,#7639,#7640,#7641,#7642
      ,#7643,#7644,#7645,#7646,#7647,#7648,#7649,#7650,#7651,#7652,#7653
      ,#7654,#7655,#7656,#7657,#7658,#7659,#7660,#7661,#7662)
    ,(#7663,#7664,#7665,#7666,#7667,#7668,#7669,#7670,#7671,#7672,#7673
      ,#7674,#7675,#7676,#7677,#7678,#7679,#7680,#7681,#7682,#7683,#7684
      ,#7685,#7686,#7687,#7688,#7689,#7690,#7691,#7692,#7693
  )),.UNSPECIFIED.,.F.,.F.,.F.,(2,2),(10,7,7,7,10),(0.,
    4.010346187924E-02),(0.,1.58079326614,3.161586532279,4.742379798419,
    6.323173064558),.UNSPECIFIED.);
#7632 = CARTESIAN_POINT('',(8.655056542844,-7.605170051191E-10,
    3.134818495274));
#7633 = CARTESIAN_POINT('',(8.635334846934,0.459884793329,3.134827734761
    ));
#7634 = CARTESIAN_POINT('',(8.615615687311,0.919711762877,3.044602335312
    ));
#7635 = CARTESIAN_POINT('',(8.595890327524,1.359345202455,2.863953378207
    ));
#7636 = CARTESIAN_POINT('',(8.576166562484,1.758391353611,2.59832806431)
  );
#7637 = CARTESIAN_POINT('',(8.556445132056,2.098354774378,2.258396770027
    ));
#7638 = CARTESIAN_POINT('',(8.536723700722,2.363945381922,1.859325964394
    ));
#7639 = CARTESIAN_POINT('',(8.517002025499,2.544542013384,1.419731472008
    ));
#7640 = CARTESIAN_POINT('',(8.477557846801,2.725135134785,0.500005938184
    ));
#7641 = CARTESIAN_POINT('',(8.438112741875,2.544536257596,
    -0.419729260183));
#7642 = CARTESIAN_POINT('',(8.418390105707,2.363940706614,
    -0.859334241516));
#7643 = CARTESIAN_POINT('',(8.398667856089,2.098362238059,
    -1.258411879844));
#7644 = CARTESIAN_POINT('',(8.378945956392,1.758411504648,
    -1.598368825279));
#7645 = CARTESIAN_POINT('',(8.35922402155,1.359335164237,-1.863950556723
    ));
#7646 = CARTESIAN_POINT('',(8.339501818156,0.919731624241,
    -2.044536641291));
#7647 = CARTESIAN_POINT('',(8.300057230198,-4.500900694075E-07,
    -2.225120244825));
#7648 = CARTESIAN_POINT('',(8.260612642239,-0.919731508185,
    -2.044531465566));
#7649 = CARTESIAN_POINT('',(8.240890438849,-1.359333442738,
    -1.863945406447));
#7650 = CARTESIAN_POINT('',(8.221168504001,-1.758412411223,
    -1.598375994691));
#7651 = CARTESIAN_POINT('',(8.201446604301,-2.098373445304,
    -1.258425129105));
#7652 = CARTESIAN_POINT('',(8.181724354685,-2.363955852803,
    -0.859340561407));
#7653 = CARTESIAN_POINT('',(8.162001718525,-2.544537205794,
    -0.419730297918));
#7654 = CARTESIAN_POINT('',(8.122556613584,-2.725113948593,
    0.500006235727));
#7655 = CARTESIAN_POINT('',(8.083112434892,-2.544529360405,
    1.419730434265));
#7656 = CARTESIAN_POINT('',(8.063390759852,-2.363951541159,
    1.859329999526));
#7657 = CARTESIAN_POINT('',(8.043669327818,-2.098382831532,
    2.258398579523));
#7658 = CARTESIAN_POINT('',(8.023947898564,-1.758454554807,
    2.598392175322));
#7659 = CARTESIAN_POINT('',(8.004224132423,-1.35929434236,2.863967184124
    ));
#7660 = CARTESIAN_POINT('',(7.984498773209,-0.919708089511,
    3.044501305351));
#7661 = CARTESIAN_POINT('',(7.964779613469,-0.459884745846,
    3.134833397439));
#7662 = CARTESIAN_POINT('',(7.945057917535,4.824284902018E-08,
    3.134842628375));
#7663 = CARTESIAN_POINT('',(8.614953080967,-2.503064730958E-11,
    3.134818134726));
#7664 = CARTESIAN_POINT('',(8.595231385057,0.459884722163,3.134827334646
    ));
#7665 = CARTESIAN_POINT('',(8.575512225436,0.919711611999,3.044601721453
    ));
#7666 = CARTESIAN_POINT('',(8.555786865647,1.359344882062,2.86395303756)
  );
#7667 = CARTESIAN_POINT('',(8.536063100604,1.758391214181,2.598327872424
    ));
#7668 = CARTESIAN_POINT('',(8.516341670179,2.098354506658,2.258396498225
    ));
#7669 = CARTESIAN_POINT('',(8.496620238844,2.363945025808,1.859325759671
    ));
#7670 = CARTESIAN_POINT('',(8.476898563622,2.544541588737,1.41973132515)
  );
#7671 = CARTESIAN_POINT('',(8.437454384925,2.725134663392,0.500005937954
    ));
#7672 = CARTESIAN_POINT('',(8.398009279998,2.544535861393,
    -0.419729119373));
#7673 = CARTESIAN_POINT('',(8.37828664383,2.363940368815,-0.859334043174
    ));
#7674 = CARTESIAN_POINT('',(8.358564394211,2.098361933259,
    -1.258411633794));
#7675 = CARTESIAN_POINT('',(8.338842494515,1.758411230923,
    -1.598368512979));
#7676 = CARTESIAN_POINT('',(8.319120559673,1.359334947232,
    -1.863950176469));
#7677 = CARTESIAN_POINT('',(8.299398356279,0.919731479353,
    -2.044536232601));
#7678 = CARTESIAN_POINT('',(8.259953768321,-4.490343257797E-07,
    -2.22511981865));
#7679 = CARTESIAN_POINT('',(8.220509180361,-0.919731365408,
    -2.044531078386));
#7680 = CARTESIAN_POINT('',(8.200786976972,-1.359333234583,
    -1.863945047314));
#7681 = CARTESIAN_POINT('',(8.181065042124,-1.75841213496,
    -1.598375650671));
#7682 = CARTESIAN_POINT('',(8.161343142424,-2.098373093783,
    -1.258424825167));
#7683 = CARTESIAN_POINT('',(8.141620892808,-2.363955451215,
    -0.859340334586));
#7684 = CARTESIAN_POINT('',(8.121898256648,-2.544536806128,
    -0.419730151061));
#7685 = CARTESIAN_POINT('',(8.082453151706,-2.725113567635,
    0.500006235957));
#7686 = CARTESIAN_POINT('',(8.043008973014,-2.544528989184,
    1.419730293454));
#7687 = CARTESIAN_POINT('',(8.023287297975,-2.36395115789,1.85932977908)
  );
#7688 = CARTESIAN_POINT('',(8.003565865943,-2.098382442931,2.25839830133
    ));
#7689 = CARTESIAN_POINT('',(7.983844436686,-1.758454144265,
    2.598391710891));
#7690 = CARTESIAN_POINT('',(7.964120670547,-1.359294237565,
    2.863966785409));
#7691 = CARTESIAN_POINT('',(7.944395311329,-0.919707952696,
    3.044501123329));
#7692 = CARTESIAN_POINT('',(7.924676151592,-0.459884673209,
    3.134832973444));
#7693 = CARTESIAN_POINT('',(7.904954455659,4.897837201799E-08,
    3.134842164813));
#7694 = ADVANCED_FACE('',(#7695),#7798,.T.);
#7695 = FACE_BOUND('',#7696,.T.);
#7696 = EDGE_LOOP('',(#7697,#7698,#7699,#7742,#7750,#7797));
#7697 = ORIENTED_EDGE('',*,*,#7268,.F.);
#7698 = ORIENTED_EDGE('',*,*,#7478,.F.);
#7699 = ORIENTED_EDGE('',*,*,#7700,.F.);
#7700 = EDGE_CURVE('',#7701,#7479,#7703,.T.);
#7701 = VERTEX_POINT('',#7702);
#7702 = CARTESIAN_POINT('',(8.606145405245,-4.333398182035E-15,-2.665));
#7703 = B_SPLINE_CURVE_WITH_KNOTS('',7,(#7704,#7705,#7706,#7707,#7708,
    #7709,#7710,#7711,#7712,#7713,#7714,#7715,#7716,#7717,#7718,#7719,
    #7720,#7721,#7722,#7723,#7724,#7725,#7726,#7727,#7728,#7729,#7730,
    #7731,#7732,#7733,#7734,#7735,#7736,#7737,#7738,#7739,#7740,#7741),
  .UNSPECIFIED.,.F.,.F.,(8,6,6,6,6,6,8),(0.,4.785816611175E-02,
    0.279847704795,0.521939239741,0.733684489657,0.896781131628,1.),
  .UNSPECIFIED.);
#7704 = CARTESIAN_POINT('',(8.606145405245,-4.663398182035E-15,-2.665));
#7705 = CARTESIAN_POINT('',(8.603718666426,-6.797278244958E-02,-2.665));
#7706 = CARTESIAN_POINT('',(8.601291911983,-0.135945632161,
    -2.663296886131));
#7707 = CARTESIAN_POINT('',(8.598865139719,-0.203867222625,
    -2.659890661095));
#7708 = CARTESIAN_POINT('',(8.596438348011,-0.271686366001,
    -2.654783248903));
#7709 = CARTESIAN_POINT('',(8.594011535798,-0.339352013117,
    -2.647978494874));
#7710 = CARTESIAN_POINT('',(8.591584702592,-0.406813253466,
    -2.639482165636));
#7711 = CARTESIAN_POINT('',(8.57739382125,-0.799796596881,
    -2.579953971053));
#7712 = CARTESIAN_POINT('',(8.565623721613,-1.119733293752,
    -2.491014551988));
#7713 = CARTESIAN_POINT('',(8.553857566579,-1.42777346898,
    -2.363336626241));
#7714 = CARTESIAN_POINT('',(8.542092361,-1.718390358551,-2.198956872199)
  );
#7715 = CARTESIAN_POINT('',(8.530326011193,-1.986528903474,
    -2.000734596235));
#7716 = CARTESIAN_POINT('',(8.518555772563,-2.227596067425,
    -1.772357100192));
#7717 = CARTESIAN_POINT('',(8.494515646361,-2.657035974046,
    -1.253742212945));
#7718 = CARTESIAN_POINT('',(8.482233464855,-2.842886488548,
    -0.960966821455));
#7719 = CARTESIAN_POINT('',(8.469957892016,-2.990778393017,
    -0.645571874704));
#7720 = CARTESIAN_POINT('',(8.457684643211,-3.097627856206,
    -0.313505946796));
#7721 = CARTESIAN_POINT('',(8.445409636147,-3.161414497122,
    2.895180769237E-02));
#7722 = CARTESIAN_POINT('',(8.433127699494,-3.181174247188,
    0.375170799856));
#7723 = CARTESIAN_POINT('',(8.410114091183,-3.136736945002,
    1.018219383256));
#7724 = CARTESIAN_POINT('',(8.399372355319,-3.082736587115,
    1.316045187142));
#7725 = CARTESIAN_POINT('',(8.388632267195,-2.995751039987,
    1.607062706266));
#7726 = CARTESIAN_POINT('',(8.377893203005,-2.87688781075,1.886949380314
    ));
#7727 = CARTESIAN_POINT('',(8.367152694297,-2.727879055984,
    2.151626570583));
#7728 = CARTESIAN_POINT('',(8.35641069373,-2.551066162894,2.397295805423
    ));
#7729 = CARTESIAN_POINT('',(8.337402888067,-2.194366963242,
    2.792517867531));
#7730 = CARTESIAN_POINT('',(8.329132191648,-2.024462383703,
    2.951249828776));
#7731 = CARTESIAN_POINT('',(8.320862950292,-1.841240477157,
    3.095203512726));
#7732 = CARTESIAN_POINT('',(8.312594750377,-1.646255973035,
    3.223066120922));
#7733 = CARTESIAN_POINT('',(8.30432607956,-1.44120210638,3.333727275844)
  );
#7734 = CARTESIAN_POINT('',(8.296055823586,-1.227902633436,
    3.426284282653));
#7735 = CARTESIAN_POINT('',(8.282551038722,-0.869365040667,
    3.546788695676));
#7736 = CARTESIAN_POINT('',(8.277316223326,-0.727876183464,
    3.585985112401));
#7737 = CARTESIAN_POINT('',(8.272080884445,-0.584352292192,
    3.617507849836));
#7738 = CARTESIAN_POINT('',(8.26684494433,-0.439292950561,3.641232956773
    ));
#7739 = CARTESIAN_POINT('',(8.261608443808,-0.293204938778,
    3.657077551605));
#7740 = CARTESIAN_POINT('',(8.256371830648,-0.146601261505,
    3.664999984573));
#7741 = CARTESIAN_POINT('',(8.251136247914,-1.758185087057E-07,3.665));
#7742 = ORIENTED_EDGE('',*,*,#7743,.T.);
#7743 = EDGE_CURVE('',#7701,#7744,#7746,.T.);
#7744 = VERTEX_POINT('',#7745);
#7745 = CARTESIAN_POINT('',(8.663837396107,-4.359018572671E-15,-2.665));
#7746 = LINE('',#7747,#7748);
#7747 = CARTESIAN_POINT('',(6.446202902092,-4.304191022488E-15,-2.665));
#7748 = VECTOR('',#7749,1.);
#7749 = DIRECTION('',(1.,-8.840892098501E-16,4.4E-16));
#7750 = ORIENTED_EDGE('',*,*,#7751,.T.);
#7751 = EDGE_CURVE('',#7744,#7369,#7752,.T.);
#7752 = B_SPLINE_CURVE_WITH_KNOTS('',7,(#7753,#7754,#7755,#7756,#7757,
    #7758,#7759,#7760,#7761,#7762,#7763,#7764,#7765,#7766,#7767,#7768,
    #7769,#7770,#7771,#7772,#7773,#7774,#7775,#7776,#7777,#7778,#7779,
    #7780,#7781,#7782,#7783,#7784,#7785,#7786,#7787,#7788,#7789,#7790,
    #7791,#7792,#7793,#7794,#7795,#7796),.UNSPECIFIED.,.F.,.F.,(8,6,6,6,
    6,6,6,8),(0.,4.587325632972E-02,0.205879837674,0.279885328231,
    0.521560106508,0.733261164311,0.892016703785,1.),.UNSPECIFIED.);
#7753 = CARTESIAN_POINT('',(8.663837396107,-4.249018572671E-15,-2.665));
#7754 = CARTESIAN_POINT('',(8.661511065088,-6.515557169789E-02,-2.665));
#7755 = CARTESIAN_POINT('',(8.659184747244,-0.130311206651,
    -2.663435135797));
#7756 = CARTESIAN_POINT('',(8.656858444475,-0.195421703961,
    -2.660305408959));
#7757 = CARTESIAN_POINT('',(8.654532158591,-0.260441975774,
    -2.655612443591));
#7758 = CARTESIAN_POINT('',(8.652205891308,-0.325327047277,
    -2.649359486333));
#7759 = CARTESIAN_POINT('',(8.649879644252,-0.390032056699,
    -2.64155140636));
#7760 = CARTESIAN_POINT('',(8.639439511489,-0.679420120381,
    -2.599558352199));
#7761 = CARTESIAN_POINT('',(8.631324977549,-0.901618375366,
    -2.548077266055));
#7762 = CARTESIAN_POINT('',(8.623211352654,-1.119168193568,
    -2.478025630956));
#7763 = CARTESIAN_POINT('',(8.615098368725,-1.330221355949,
    -2.389928241912));
#7764 = CARTESIAN_POINT('',(8.606985095362,-1.533013363091,
    -2.28452163439));
#7765 = CARTESIAN_POINT('',(8.598871136734,-1.725871382452,
    -2.162750766058));
#7766 = CARTESIAN_POINT('',(8.58700538069,-1.991121416606,
    -1.962459991227));
#7767 = CARTESIAN_POINT('',(8.583252836431,-2.072552028101,
    -1.895868150514));
#7768 = CARTESIAN_POINT('',(8.579500241143,-2.151376910429,
    -1.826140536967));
#7769 = CARTESIAN_POINT('',(8.575747587267,-2.227451720331,
    -1.753399929322));
#7770 = CARTESIAN_POINT('',(8.57199486987,-2.300639726246,
    -1.677777066723));
#7771 = CARTESIAN_POINT('',(8.568242086635,-2.370811808316,
    -1.599410648725));
#7772 = CARTESIAN_POINT('',(8.552233810783,-2.656757029336,
    -1.254050860453));
#7773 = CARTESIAN_POINT('',(8.539970836748,-2.84233373434,
    -0.961808867364));
#7774 = CARTESIAN_POINT('',(8.527712711701,-2.990086943193,
    -0.647016946907));
#7775 = CARTESIAN_POINT('',(8.515455685646,-3.096946455218,
    -0.31559210623));
#7776 = CARTESIAN_POINT('',(8.5031971285,-3.160898346748,
    2.621946999256E-02));
#7777 = CARTESIAN_POINT('',(8.490934029956,-3.180978267368,
    0.371821796389));
#7778 = CARTESIAN_POINT('',(8.467943331282,-3.137378262821,
    1.014291143936));
#7779 = CARTESIAN_POINT('',(8.457205297612,-3.083761294093,
    1.312130759158));
#7780 = CARTESIAN_POINT('',(8.44647057674,-2.997162433677,1.603206180305
    ));
#7781 = CARTESIAN_POINT('',(8.435737963575,-2.87868305798,1.883195696453
    ));
#7782 = CARTESIAN_POINT('',(8.425003555498,-2.730049146052,
    2.148020526865));
#7783 = CARTESIAN_POINT('',(8.414265676076,-2.553595917314,
    2.393881091534));
#7784 = CARTESIAN_POINT('',(8.395479679194,-2.201588033104,
    2.784968118131));
#7785 = CARTESIAN_POINT('',(8.387427716667,-2.036792345615,
    2.940043974849));
#7786 = CARTESIAN_POINT('',(8.379375759529,-1.859324479416,
    3.081173656822));
#7787 = CARTESIAN_POINT('',(8.371323719663,-1.670611725692,
    3.207138980448));
#7788 = CARTESIAN_POINT('',(8.363271291501,-1.472207380101,
    3.316903113308));
#7789 = CARTESIAN_POINT('',(8.35521890847,-1.265783886431,3.409615157625
    ));
#7790 = CARTESIAN_POINT('',(8.341692509602,-0.908513401849,
    3.535679763456));
#7791 = CARTESIAN_POINT('',(8.336217003158,-0.76099188286,3.578538167111
    ));
#7792 = CARTESIAN_POINT('',(8.33074213684,-0.611142148104,3.613023203929
    ));
#7793 = CARTESIAN_POINT('',(8.32526795448,-0.459534733102,3.638986470945
    ));
#7794 = CARTESIAN_POINT('',(8.319794247089,-0.306749218303,
    3.656328700378));
#7795 = CARTESIAN_POINT('',(8.314320540477,-0.15337301718,3.664999984417
    ));
#7796 = CARTESIAN_POINT('',(8.308846082863,-1.643247143714E-07,3.665));
#7797 = ORIENTED_EDGE('',*,*,#7375,.T.);
#7798 = CYLINDRICAL_SURFACE('',#7799,3.165);
#7799 = AXIS2_PLACEMENT_3D('',#7800,#7801,#7802);
#7800 = CARTESIAN_POINT('',(6.446202902092,-2.854191022488E-15,0.5));
#7801 = DIRECTION('',(1.,-5.540892098501E-16,4.4E-16));
#7802 = DIRECTION('',(4.4E-16,7.E-17,-1.));
#7803 = ADVANCED_FACE('',(#7804),#7886,.F.);
#7804 = FACE_BOUND('',#7805,.F.);
#7805 = EDGE_LOOP('',(#7806,#7842,#7849,#7884,#7885));
#7806 = ORIENTED_EDGE('',*,*,#7807,.F.);
#7807 = EDGE_CURVE('',#7808,#7333,#7810,.T.);
#7808 = VERTEX_POINT('',#7809);
#7809 = CARTESIAN_POINT('',(9.324951706214,-4.903054365261E-08,
    3.134794104654));
#7810 = B_SPLINE_CURVE_WITH_KNOTS('',9,(#7811,#7812,#7813,#7814,#7815,
    #7816,#7817,#7818,#7819,#7820,#7821,#7822,#7823,#7824,#7825,#7826,
    #7827,#7828,#7829,#7830,#7831,#7832,#7833,#7834,#7835,#7836,#7837,
    #7838,#7839,#7840,#7841),.UNSPECIFIED.,.F.,.F.,(10,7,7,7,10),(0.,
    1.58079326614,3.161586532279,4.742379798419,6.323173064558),
  .UNSPECIFIED.);
#7811 = CARTESIAN_POINT('',(9.324951706214,-4.903054461261E-08,
    3.134794104654));
#7812 = CARTESIAN_POINT('',(9.305230010327,0.45988048002,3.134803313117)
  );
#7813 = CARTESIAN_POINT('',(9.285510850843,0.919703175894,3.044578531615
    ));
#7814 = CARTESIAN_POINT('',(9.265785490915,1.359332440098,2.863931503916
    ));
#7815 = CARTESIAN_POINT('',(9.246061725801,1.758375138646,2.598308767698
    ));
#7816 = CARTESIAN_POINT('',(9.226340295412,2.098335336402,2.258380500082
    ));
#7817 = CARTESIAN_POINT('',(9.206618864113,2.363923440989,1.859313406247
    ));
#7818 = CARTESIAN_POINT('',(9.186897188915,2.54451836505,1.419722984373)
  );
#7819 = CARTESIAN_POINT('',(9.14745301023,2.725109809815,0.500005988646)
  );
#7820 = CARTESIAN_POINT('',(9.108007905273,2.544512671909,
    -0.419720684017));
#7821 = CARTESIAN_POINT('',(9.088285269087,2.363918834475,-0.85932160198
    ));
#7822 = CARTESIAN_POINT('',(9.068563019467,2.09834282843,-1.258395557777
    ));
#7823 = CARTESIAN_POINT('',(9.048841119785,1.758395232968,
    -1.598349342722));
#7824 = CARTESIAN_POINT('',(9.029119184956,1.359322594021,
    -1.863928591517));
#7825 = CARTESIAN_POINT('',(9.009396981563,0.919723138722,
    -2.044513008889));
#7826 = CARTESIAN_POINT('',(8.969952393598,-3.98349905095E-07,
    -2.225094965096));
#7827 = CARTESIAN_POINT('',(8.930507805633,-0.919722930127,
    -2.044507888885));
#7828 = CARTESIAN_POINT('',(8.910785602243,-1.359320793437,
    -1.863923512926));
#7829 = CARTESIAN_POINT('',(8.89106366741,-1.75839605895,-1.598356545822
    ));
#7830 = CARTESIAN_POINT('',(8.871341767722,-2.098353923542,
    -1.258408827203));
#7831 = CARTESIAN_POINT('',(8.851619518107,-2.363933866308,
    -0.859327981326));
#7832 = CARTESIAN_POINT('',(8.831896881928,-2.544513582432,
    -0.419721810356));
#7833 = CARTESIAN_POINT('',(8.792451776957,-2.725088714061,
    0.500006185281));
#7834 = CARTESIAN_POINT('',(8.753007598276,-2.544505799711,
    1.419721858025));
#7835 = CARTESIAN_POINT('',(8.733285923262,-2.363929623635,
    1.859317337723));
#7836 = CARTESIAN_POINT('',(8.713564491264,-2.09836333808,2.25838222513)
  );
#7837 = CARTESIAN_POINT('',(8.693843062044,-1.758438146776,
    2.598372540751));
#7838 = CARTESIAN_POINT('',(8.674119295835,-1.359281883541,
    2.863945201196));
#7839 = CARTESIAN_POINT('',(8.654393936477,-0.919699611246,
    3.044477899294));
#7840 = CARTESIAN_POINT('',(8.634674776877,-0.459880529075,
    3.134808934813));
#7841 = CARTESIAN_POINT('',(8.614953080967,-2.499851730958E-11,
    3.134818134726));
#7842 = ORIENTED_EDGE('',*,*,#7843,.T.);
#7843 = EDGE_CURVE('',#7808,#7844,#7846,.T.);
#7844 = VERTEX_POINT('',#7845);
#7845 = CARTESIAN_POINT('',(9.01883264999,-1.647888645167E-07,3.665));
#7846 = B_SPLINE_CURVE_WITH_KNOTS('',1,(#7847,#7848),.UNSPECIFIED.,.F.,
  .F.,(2,2),(0.,0.659896538121),.PIECEWISE_BEZIER_KNOTS.);
#7847 = CARTESIAN_POINT('',(9.324951706214,-4.903057843261E-08,
    3.134794104654));
#7848 = CARTESIAN_POINT('',(8.99499976721,-1.738012202161E-07,
    3.706279151677));
#7849 = ORIENTED_EDGE('',*,*,#7850,.T.);
#7850 = EDGE_CURVE('',#7844,#7744,#7851,.T.);
#7851 = B_SPLINE_CURVE_WITH_KNOTS('',6,(#7852,#7853,#7854,#7855,#7856,
    #7857,#7858,#7859,#7860,#7861,#7862,#7863,#7864,#7865,#7866,#7867,
    #7868,#7869,#7870,#7871,#7872,#7873,#7874,#7875,#7876,#7877,#7878,
    #7879,#7880,#7881,#7882,#7883),.UNSPECIFIED.,.F.,.F.,(7,5,5,5,5,5,7)
  ,(0.,0.101550566206,0.265382215722,0.474325768286,0.682122159545,
    0.843731856166,1.),.UNSPECIFIED.);
#7852 = CARTESIAN_POINT('',(9.01883264999,-1.647888304167E-07,3.665));
#7853 = CARTESIAN_POINT('',(9.01282618075,0.168278534275,3.665000000401)
  );
#7854 = CARTESIAN_POINT('',(9.006823330206,0.336560809332,3.654263182554
    ));
#7855 = CARTESIAN_POINT('',(9.00081994476,0.503982709553,3.632789920544)
  );
#7856 = CARTESIAN_POINT('',(8.994814632022,0.669691905852,3.600671201831
    ));
#7857 = CARTESIAN_POINT('',(8.988807558593,0.832850636712,3.558088039223
    ));
#7858 = CARTESIAN_POINT('',(8.973106032967,1.250424852801,3.420165433553
    ));
#7859 = CARTESIAN_POINT('',(8.963407972831,1.499483602166,3.308473232798
    ));
#7860 = CARTESIAN_POINT('',(8.953709870903,1.736313788397,3.171375761242
    ));
#7861 = CARTESIAN_POINT('',(8.944013775971,1.957759168208,3.010607953784
    ));
#7862 = CARTESIAN_POINT('',(8.934318039383,2.160952516328,2.828349804831
    ));
#7863 = CARTESIAN_POINT('',(8.912263553145,2.576151458452,2.370975638125
    ));
#7864 = CARTESIAN_POINT('',(8.899899888135,2.77530698032,2.083966126802)
  );
#7865 = CARTESIAN_POINT('',(8.887543115165,2.935638470425,1.772012767791
    ));
#7866 = CARTESIAN_POINT('',(8.875184714204,3.053600595024,1.441700942308
    ));
#7867 = CARTESIAN_POINT('',(8.86281949378,3.126813277825,1.100120592464)
  );
#7868 = CARTESIAN_POINT('',(8.838163638881,3.182453808644,0.41178999075)
  );
#7869 = CARTESIAN_POINT('',(8.825864092189,3.165398503642,
    6.482361199867E-02));
#7870 = CARTESIAN_POINT('',(8.813569017858,3.102873018606,-0.27829441433
    ));
#7871 = CARTESIAN_POINT('',(8.801274629779,2.996056353063,-0.61030298532
    ));
#7872 = CARTESIAN_POINT('',(8.788975869932,2.847336032177,-0.9242439805)
  );
#7873 = CARTESIAN_POINT('',(8.767120734806,2.515883845454,
    -1.438884063235));
#7874 = CARTESIAN_POINT('',(8.757558470194,2.347998054668,
    -1.649338651258));
#7875 = CARTESIAN_POINT('',(8.747997882836,2.15913359084,-1.842123416174
    ));
#7876 = CARTESIAN_POINT('',(8.738437215987,1.951654553928,
    -2.014715886212));
#7877 = CARTESIAN_POINT('',(8.72887482246,1.728266831288,-2.16496465869)
  );
#7878 = CARTESIAN_POINT('',(8.71006811502,1.263723477353,-2.413294240012
    ));
#7879 = CARTESIAN_POINT('',(8.700821452659,1.023342018751,
    -2.512965735563));
#7880 = CARTESIAN_POINT('',(8.69157581152,0.773754910836,-2.588717524514
    ));
#7881 = CARTESIAN_POINT('',(8.682329979915,0.517931805183,
    -2.639576096684));
#7882 = CARTESIAN_POINT('',(8.673083031987,0.258950547728,
    -2.664999999999));
#7883 = CARTESIAN_POINT('',(8.663837396107,-4.099018572671E-15,-2.665));
#7884 = ORIENTED_EDGE('',*,*,#7751,.T.);
#7885 = ORIENTED_EDGE('',*,*,#7368,.F.);
#7886 = B_SPLINE_SURFACE_WITH_KNOTS('',1,9,(
    (#7887,#7888,#7889,#7890,#7891,#7892,#7893,#7894,#7895,#7896,#7897
      ,#7898,#7899,#7900,#7901,#7902,#7903,#7904,#7905,#7906,#7907,#7908
      ,#7909,#7910,#7911,#7912,#7913,#7914,#7915,#7916,#7917)
    ,(#7918,#7919,#7920,#7921,#7922,#7923,#7924,#7925,#7926,#7927,#7928
      ,#7929,#7930,#7931,#7932,#7933,#7934,#7935,#7936,#7937,#7938,#7939
      ,#7940,#7941,#7942,#7943,#7944,#7945,#7946,#7947,#7948
  )),.UNSPECIFIED.,.F.,.F.,.F.,(2,2),(10,7,7,7,10),(0.,0.659896538121),(
    0.,1.58079326614,3.161586532279,4.742379798419,6.323173064558),
  .UNSPECIFIED.);
#7887 = CARTESIAN_POINT('',(9.324951706214,-4.903054461261E-08,
    3.134794104654));
#7888 = CARTESIAN_POINT('',(9.305230010327,0.45988048002,3.134803313117)
  );
#7889 = CARTESIAN_POINT('',(9.285510850843,0.919703175894,3.044578531615
    ));
#7890 = CARTESIAN_POINT('',(9.265785490915,1.359332440098,2.863931503916
    ));
#7891 = CARTESIAN_POINT('',(9.246061725801,1.758375138646,2.598308767698
    ));
#7892 = CARTESIAN_POINT('',(9.226340295412,2.098335336402,2.258380500082
    ));
#7893 = CARTESIAN_POINT('',(9.206618864113,2.363923440989,1.859313406247
    ));
#7894 = CARTESIAN_POINT('',(9.186897188915,2.54451836505,1.419722984373)
  );
#7895 = CARTESIAN_POINT('',(9.14745301023,2.725109809815,0.500005988646)
  );
#7896 = CARTESIAN_POINT('',(9.108007905273,2.544512671909,
    -0.419720684017));
#7897 = CARTESIAN_POINT('',(9.088285269087,2.363918834475,-0.85932160198
    ));
#7898 = CARTESIAN_POINT('',(9.068563019467,2.09834282843,-1.258395557777
    ));
#7899 = CARTESIAN_POINT('',(9.048841119785,1.758395232968,
    -1.598349342722));
#7900 = CARTESIAN_POINT('',(9.029119184956,1.359322594021,
    -1.863928591517));
#7901 = CARTESIAN_POINT('',(9.009396981563,0.919723138722,
    -2.044513008889));
#7902 = CARTESIAN_POINT('',(8.969952393598,-3.98349905095E-07,
    -2.225094965096));
#7903 = CARTESIAN_POINT('',(8.930507805633,-0.919722930127,
    -2.044507888885));
#7904 = CARTESIAN_POINT('',(8.910785602243,-1.359320793437,
    -1.863923512926));
#7905 = CARTESIAN_POINT('',(8.89106366741,-1.75839605895,-1.598356545822
    ));
#7906 = CARTESIAN_POINT('',(8.871341767722,-2.098353923542,
    -1.258408827203));
#7907 = CARTESIAN_POINT('',(8.851619518107,-2.363933866308,
    -0.859327981326));
#7908 = CARTESIAN_POINT('',(8.831896881928,-2.544513582432,
    -0.419721810356));
#7909 = CARTESIAN_POINT('',(8.792451776957,-2.725088714061,
    0.500006185281));
#7910 = CARTESIAN_POINT('',(8.753007598276,-2.544505799711,
    1.419721858025));
#7911 = CARTESIAN_POINT('',(8.733285923262,-2.363929623635,
    1.859317337723));
#7912 = CARTESIAN_POINT('',(8.713564491264,-2.09836333808,2.25838222513)
  );
#7913 = CARTESIAN_POINT('',(8.693843062044,-1.758438146776,
    2.598372540751));
#7914 = CARTESIAN_POINT('',(8.674119295835,-1.359281883541,
    2.863945201196));
#7915 = CARTESIAN_POINT('',(8.654393936477,-0.919699611246,
    3.044477899294));
#7916 = CARTESIAN_POINT('',(8.634674776877,-0.459880529075,
    3.134808934813));
#7917 = CARTESIAN_POINT('',(8.614953080967,-2.499851730958E-11,
    3.134818134726));
#7918 = CARTESIAN_POINT('',(8.99499976721,-1.738011858361E-07,
    3.706279151677));
#7919 = CARTESIAN_POINT('',(8.97527750931,0.559601764997,3.706288057429)
  );
#7920 = CARTESIAN_POINT('',(8.955555079468,1.119205312314,3.596485386396
    ));
#7921 = CARTESIAN_POINT('',(8.935833069715,1.654181135585,3.376647368628
    ));
#7922 = CARTESIAN_POINT('',(8.916110952679,2.13975729189,3.053437440032)
  );
#7923 = CARTESIAN_POINT('',(8.896388676161,2.553466008766,2.639777479707
    ));
#7924 = CARTESIAN_POINT('',(8.876666400667,2.876653498341,2.154149004756
    ));
#7925 = CARTESIAN_POINT('',(8.856944141258,3.096418188854,1.61920941966)
  );
#7926 = CARTESIAN_POINT('',(8.81749967879,3.316178466439,0.500005965708)
  );
#7927 = CARTESIAN_POINT('',(8.778055279141,3.096413078262,
    -0.619205130086));
#7928 = CARTESIAN_POINT('',(8.758333084986,2.876651275165,
    -1.154153087779));
#7929 = CARTESIAN_POINT('',(8.738610864619,2.553472968186,
    -1.639788211218));
#7930 = CARTESIAN_POINT('',(8.718888620528,2.139787738464,
    -2.053479652201));
#7931 = CARTESIAN_POINT('',(8.699166378821,1.654153038841,
    -2.376661626322));
#7932 = CARTESIAN_POINT('',(8.67944415532,1.119206094518,-2.596413599419
    ));
#7933 = CARTESIAN_POINT('',(8.639999720608,-2.272980575784E-07,
    -2.816163477785));
#7934 = CARTESIAN_POINT('',(8.600555285895,-1.119205600084,
    -2.596408765975));
#7935 = CARTESIAN_POINT('',(8.580833062397,-1.654151029377,
    -2.376656883483));
#7936 = CARTESIAN_POINT('',(8.561110820686,-2.139788293526,
    -2.053486803859));
#7937 = CARTESIAN_POINT('',(8.54138857659,-2.553483469356,
    -1.639801254413));
#7938 = CARTESIAN_POINT('',(8.521666356228,-2.876665620192,
    -1.15415951451));
#7939 = CARTESIAN_POINT('',(8.501944162079,-3.096413850695,
    -0.619206509895));
#7940 = CARTESIAN_POINT('',(8.462499762416,-3.316158114741,
    0.500005841403));
#7941 = CARTESIAN_POINT('',(8.423055299953,-3.096406172675,
    1.619208039844));
#7942 = CARTESIAN_POINT('',(8.403333040721,-2.876659619553,2.15415252518
    ));
#7943 = CARTESIAN_POINT('',(8.383610764553,-2.55349322543,2.639778902125
    ));
#7944 = CARTESIAN_POINT('',(8.363888489163,-2.139818319486,
    3.053498761177));
#7945 = CARTESIAN_POINT('',(8.34416637107,-1.654132634554,3.376660426161
    ));
#7946 = CARTESIAN_POINT('',(8.324444361867,-1.119202166592,
    3.596388197429));
#7947 = CARTESIAN_POINT('',(8.304721931913,-0.559602115922,
    3.706293427869));
#7948 = CARTESIAN_POINT('',(8.28499967399,-1.771240246008E-07,
    3.7063023342));
#7949 = ADVANCED_FACE('',(#7950),#7997,.F.);
#7950 = FACE_BOUND('',#7951,.F.);
#7951 = EDGE_LOOP('',(#7952,#7989,#7994,#7995,#7996));
#7952 = ORIENTED_EDGE('',*,*,#7953,.F.);
#7953 = EDGE_CURVE('',#7954,#7701,#7956,.T.);
#7954 = VERTEX_POINT('',#7955);
#7955 = CARTESIAN_POINT('',(8.96115062192,-1.762859124911E-07,3.665));
#7956 = B_SPLINE_CURVE_WITH_KNOTS('',6,(#7957,#7958,#7959,#7960,#7961,
    #7962,#7963,#7964,#7965,#7966,#7967,#7968,#7969,#7970,#7971,#7972,
    #7973,#7974,#7975,#7976,#7977,#7978,#7979,#7980,#7981,#7982,#7983,
    #7984,#7985,#7986,#7987,#7988),.UNSPECIFIED.,.F.,.F.,(7,5,5,5,5,5,7)
  ,(0.,9.800523354132E-02,0.268199874681,0.471076704908,0.684322698298,
    0.845078200325,1.),.UNSPECIFIED.);
#7957 = CARTESIAN_POINT('',(8.96115062192,-1.762859452711E-07,3.665));
#7958 = CARTESIAN_POINT('',(8.955350738933,0.162403369336,3.665000000977
    ));
#7959 = CARTESIAN_POINT('',(8.9495470666,0.324809519871,3.654999847448)
  );
#7960 = CARTESIAN_POINT('',(8.943743986775,0.486442597086,3.634999907299
    ));
#7961 = CARTESIAN_POINT('',(8.937942673324,0.646536370087,3.605079066081
    ));
#7962 = CARTESIAN_POINT('',(8.932142845503,0.804336652743,3.565394339042
    ));
#7963 = CARTESIAN_POINT('',(8.916275225396,1.227870734674,3.430716327399
    ));
#7964 = CARTESIAN_POINT('',(8.906208448133,1.487543931237,3.316498488097
    ));
#7965 = CARTESIAN_POINT('',(8.896145860674,1.734175996659,3.174763397285
    ));
#7966 = CARTESIAN_POINT('',(8.886080909045,1.96422160439,3.007445751507)
  );
#7967 = CARTESIAN_POINT('',(8.876011759083,2.174467882021,2.81699250273)
  );
#7968 = CARTESIAN_POINT('',(8.853939461038,2.585927128102,2.355593310469
    ));
#7969 = CARTESIAN_POINT('',(8.841929987743,2.777771781535,2.076079373021
    ));
#7970 = CARTESIAN_POINT('',(8.829923497398,2.932957089327,1.773215451686
    ));
#7971 = CARTESIAN_POINT('',(8.817918481797,3.048241385002,1.453030239018
    ));
#7972 = CARTESIAN_POINT('',(8.80591038679,3.121434049235,1.122008841058)
  );
#7973 = CARTESIAN_POINT('',(8.781291113626,3.184008145691,0.435300740401
    ));
#7974 = CARTESIAN_POINT('',(8.768671136441,3.168938885057,
    7.895148936848E-02));
#7975 = CARTESIAN_POINT('',(8.756057970897,3.105918416517,
    -0.273618845969));
#7976 = CARTESIAN_POINT('',(8.743444114868,2.996200616169,
    -0.614557608519));
#7977 = CARTESIAN_POINT('',(8.730823417299,2.842360318288,
    -0.936343068857));
#7978 = CARTESIAN_POINT('',(8.708696391206,2.503190205024,
    -1.455051241096));
#7979 = CARTESIAN_POINT('',(8.699184028755,2.334868468598,
    -1.663310844545));
#7980 = CARTESIAN_POINT('',(8.68967288967,2.145900690462,-1.853959685222
    ));
#7981 = CARTESIAN_POINT('',(8.680161803042,1.938628073878,
    -2.024528810394));
#7982 = CARTESIAN_POINT('',(8.670649486819,1.715724962043,-2.17291495791
    ));
#7983 = CARTESIAN_POINT('',(8.65197300925,1.25335894942,-2.417571083284)
  );
#7984 = CARTESIAN_POINT('',(8.642806551531,1.014735502286,
    -2.515566048186));
#7985 = CARTESIAN_POINT('',(8.633641567086,0.767139805622,
    -2.590026864376));
#7986 = CARTESIAN_POINT('',(8.624476801724,0.513467775401,
    -2.640012374678));
#7987 = CARTESIAN_POINT('',(8.615310695247,0.256719123932,-2.665));
#7988 = CARTESIAN_POINT('',(8.606145405245,-4.843398182035E-15,-2.665));
#7989 = ORIENTED_EDGE('',*,*,#7990,.T.);
#7990 = EDGE_CURVE('',#7954,#7590,#7991,.T.);
#7991 = B_SPLINE_CURVE_WITH_KNOTS('',1,(#7992,#7993),.UNSPECIFIED.,.F.,
  .F.,(2,2),(0.,0.659896538121),.PIECEWISE_BEZIER_KNOTS.);
#7992 = CARTESIAN_POINT('',(8.984999673962,-1.899618224016E-07,
    3.706308627518));
#7993 = CARTESIAN_POINT('',(8.655056542844,-7.604842151191E-10,
    3.134818495274));
#7994 = ORIENTED_EDGE('',*,*,#7589,.T.);
#7995 = ORIENTED_EDGE('',*,*,#7515,.F.);
#7996 = ORIENTED_EDGE('',*,*,#7700,.F.);
#7997 = B_SPLINE_SURFACE_WITH_KNOTS('',1,9,(
    (#7998,#7999,#8000,#8001,#8002,#8003,#8004,#8005,#8006,#8007,#8008
      ,#8009,#8010,#8011,#8012,#8013,#8014,#8015,#8016,#8017,#8018,#8019
      ,#8020,#8021,#8022,#8023,#8024,#8025,#8026,#8027,#8028)
    ,(#8029,#8030,#8031,#8032,#8033,#8034,#8035,#8036,#8037,#8038,#8039
      ,#8040,#8041,#8042,#8043,#8044,#8045,#8046,#8047,#8048,#8049,#8050
      ,#8051,#8052,#8053,#8054,#8055,#8056,#8057,#8058,#8059
  )),.UNSPECIFIED.,.F.,.F.,.F.,(2,2),(10,7,7,7,10),(0.,0.659896538121),(
    0.,1.58079326614,3.161586532279,4.742379798419,6.323173064558),
  .UNSPECIFIED.);
#7998 = CARTESIAN_POINT('',(8.984999673962,-1.899618546416E-07,
    3.706308627518));
#7999 = CARTESIAN_POINT('',(8.965277416033,0.559607049114,3.706318224495
    ));
#8000 = CARTESIAN_POINT('',(8.945554986021,1.119216035563,3.596518490798
    ));
#8001 = CARTESIAN_POINT('',(8.925832976424,1.654198685735,3.376674114825
    ));
#8002 = CARTESIAN_POINT('',(8.906110859518,2.139775193869,3.05345925404)
  );
#8003 = CARTESIAN_POINT('',(8.886388582911,2.55348914213,2.639797698141)
  );
#8004 = CARTESIAN_POINT('',(8.866666307398,2.876680511672,2.154164541271
    ));
#8005 = CARTESIAN_POINT('',(8.846944047951,3.096447987922,1.619220078502
    ));
#8006 = CARTESIAN_POINT('',(8.807499585468,3.316210671522,0.500005973159
    ));
#8007 = CARTESIAN_POINT('',(8.768055185857,3.096442383168,
    -0.619215676885));
#8008 = CARTESIAN_POINT('',(8.748332991724,2.876677972311,
    -1.154168506798));
#8009 = CARTESIAN_POINT('',(8.72861077136,2.553496753179,-1.639807974692
    ));
#8010 = CARTESIAN_POINT('',(8.708888527251,2.139807990298,
    -2.053503563709));
#8011 = CARTESIAN_POINT('',(8.689166285527,1.654168789543,
    -2.376689061143));
#8012 = CARTESIAN_POINT('',(8.669444062025,1.119216718838,
    -2.596443119967));
#8013 = CARTESIAN_POINT('',(8.629999627321,-2.42288287054E-07,
    -2.816194893577));
#8014 = CARTESIAN_POINT('',(8.590555192616,-1.119216181125,
    -2.596437913411));
#8015 = CARTESIAN_POINT('',(8.570832969118,-1.654166619641,
    -2.376683953072));
#8016 = CARTESIAN_POINT('',(8.551110727389,-2.139808584348,
    -2.053511273472));
#8017 = CARTESIAN_POINT('',(8.531388483276,-2.553508065438,
    -1.639822033613));
#8018 = CARTESIAN_POINT('',(8.511666262914,-2.876693427337,
    -1.154175436581));
#8019 = CARTESIAN_POINT('',(8.49194406879,-3.096443213731,
    -0.619217168645));
#8020 = CARTESIAN_POINT('',(8.452499669164,-3.316188741298,
    0.500005833933));
#8021 = CARTESIAN_POINT('',(8.413055206686,-3.096435041523,
    1.619218586735));
#8022 = CARTESIAN_POINT('',(8.393332947429,-2.876687110293,
    2.154168330167));
#8023 = CARTESIAN_POINT('',(8.373610671192,-2.553518473189,
    2.639799226822));
#8024 = CARTESIAN_POINT('',(8.353888395799,-2.13984095897,3.053525327987
    ));
#8025 = CARTESIAN_POINT('',(8.334166277753,-1.654146427431,
    3.376688182498));
#8026 = CARTESIAN_POINT('',(8.31444426875,-1.11921265078,3.596413761846)
  );
#8027 = CARTESIAN_POINT('',(8.294721838618,-0.559607432363,
    3.706324010587));
#8028 = CARTESIAN_POINT('',(8.274999580664,-1.932874055163E-07,
    3.706333608143));
#8029 = CARTESIAN_POINT('',(8.655056542844,-7.605170051191E-10,
    3.134818495274));
#8030 = CARTESIAN_POINT('',(8.635334846934,0.459884793329,3.134827734761
    ));
#8031 = CARTESIAN_POINT('',(8.615615687311,0.919711762877,3.044602335312
    ));
#8032 = CARTESIAN_POINT('',(8.595890327524,1.359345202455,2.863953378207
    ));
#8033 = CARTESIAN_POINT('',(8.576166562484,1.758391353611,2.59832806431)
  );
#8034 = CARTESIAN_POINT('',(8.556445132056,2.098354774378,2.258396770027
    ));
#8035 = CARTESIAN_POINT('',(8.536723700722,2.363945381922,1.859325964394
    ));
#8036 = CARTESIAN_POINT('',(8.517002025499,2.544542013384,1.419731472008
    ));
#8037 = CARTESIAN_POINT('',(8.477557846801,2.725135134785,0.500005938184
    ));
#8038 = CARTESIAN_POINT('',(8.438112741875,2.544536257596,
    -0.419729260183));
#8039 = CARTESIAN_POINT('',(8.418390105707,2.363940706614,
    -0.859334241516));
#8040 = CARTESIAN_POINT('',(8.398667856089,2.098362238059,
    -1.258411879844));
#8041 = CARTESIAN_POINT('',(8.378945956392,1.758411504648,
    -1.598368825279));
#8042 = CARTESIAN_POINT('',(8.35922402155,1.359335164238,-1.863950556723
    ));
#8043 = CARTESIAN_POINT('',(8.339501818156,0.919731624241,
    -2.044536641291));
#8044 = CARTESIAN_POINT('',(8.300057230198,-4.500900544175E-07,
    -2.225120244825));
#8045 = CARTESIAN_POINT('',(8.260612642239,-0.919731508185,
    -2.044531465566));
#8046 = CARTESIAN_POINT('',(8.240890438849,-1.359333442738,
    -1.863945406447));
#8047 = CARTESIAN_POINT('',(8.221168504001,-1.758412411223,
    -1.598375994691));
#8048 = CARTESIAN_POINT('',(8.201446604301,-2.098373445304,
    -1.258425129106));
#8049 = CARTESIAN_POINT('',(8.181724354685,-2.363955852803,
    -0.859340561407));
#8050 = CARTESIAN_POINT('',(8.162001718525,-2.544537205794,
    -0.419730297918));
#8051 = CARTESIAN_POINT('',(8.122556613584,-2.725113948593,
    0.500006235727));
#8052 = CARTESIAN_POINT('',(8.083112434892,-2.544529360405,
    1.419730434265));
#8053 = CARTESIAN_POINT('',(8.063390759852,-2.363951541159,
    1.859329999526));
#8054 = CARTESIAN_POINT('',(8.043669327818,-2.098382831532,
    2.258398579523));
#8055 = CARTESIAN_POINT('',(8.023947898564,-1.758454554807,
    2.598392175322));
#8056 = CARTESIAN_POINT('',(8.004224132423,-1.35929434236,2.863967184124
    ));
#8057 = CARTESIAN_POINT('',(7.984498773209,-0.919708089511,
    3.044501305351));
#8058 = CARTESIAN_POINT('',(7.964779613469,-0.459884745846,
    3.134833397439));
#8059 = CARTESIAN_POINT('',(7.945057917535,4.824284902018E-08,
    3.134842628375));
#8060 = ADVANCED_FACE('',(#8061),#8106,.F.);
#8061 = FACE_BOUND('',#8062,.F.);
#8062 = EDGE_LOOP('',(#8063,#8099,#8104,#8105));
#8063 = ORIENTED_EDGE('',*,*,#8064,.F.);
#8064 = EDGE_CURVE('',#8065,#7590,#8067,.T.);
#8065 = VERTEX_POINT('',#8066);
#8066 = CARTESIAN_POINT('',(9.365055168092,-4.976600167042E-08,
    3.134794362188));
#8067 = B_SPLINE_CURVE_WITH_KNOTS('',9,(#8068,#8069,#8070,#8071,#8072,
    #8073,#8074,#8075,#8076,#8077,#8078,#8079,#8080,#8081,#8082,#8083,
    #8084,#8085,#8086,#8087,#8088,#8089,#8090,#8091,#8092,#8093,#8094,
    #8095,#8096,#8097,#8098),.UNSPECIFIED.,.F.,.F.,(10,7,7,7,10),(0.,
    1.58079326614,3.161586532279,4.742379798419,6.323173064558),
  .UNSPECIFIED.);
#8068 = CARTESIAN_POINT('',(9.365055168092,-4.976600233042E-08,
    3.134794362188));
#8069 = CARTESIAN_POINT('',(9.345333472206,0.459880533211,3.134803610218
    ));
#8070 = CARTESIAN_POINT('',(9.32561431272,0.919703290811,3.044579045989)
  );
#8071 = CARTESIAN_POINT('',(9.305888952792,1.359332707343,2.863931752143
    ));
#8072 = CARTESIAN_POINT('',(9.286165187682,1.75837520933,2.598308877545)
  );
#8073 = CARTESIAN_POINT('',(9.26644375729,2.098335522082,2.258380703134)
  );
#8074 = CARTESIAN_POINT('',(9.246722325991,2.363923704681,1.859313557824
    ));
#8075 = CARTESIAN_POINT('',(9.227000650793,2.544518690214,1.419723095272
    ));
#8076 = CARTESIAN_POINT('',(9.187556472108,2.725110174664,0.500005988876
    ));
#8077 = CARTESIAN_POINT('',(9.148111367151,2.544512968628,
    -0.419720788869));
#8078 = CARTESIAN_POINT('',(9.128388730965,2.36391907985,-0.859321747177
    ));
#8079 = CARTESIAN_POINT('',(9.108666481345,2.09834305119,-1.258395735078
    ));
#8080 = CARTESIAN_POINT('',(9.088944581664,1.758395437945,
    -1.598349572982));
#8081 = CARTESIAN_POINT('',(9.069222646833,1.359322757881,
    -1.863928879348));
#8082 = CARTESIAN_POINT('',(9.049500443441,0.919723247652,
    -2.044513318094));
#8083 = CARTESIAN_POINT('',(9.010055855476,-3.994056688428E-07,
    -2.225095284728));
#8084 = CARTESIAN_POINT('',(8.970611267511,-0.919723036945,
    -2.044508176582));
#8085 = CARTESIAN_POINT('',(8.950889064121,-1.359320948448,
    -1.863923779636));
#8086 = CARTESIAN_POINT('',(8.931167129288,-1.758396266464,
    -1.598356807802));
#8087 = CARTESIAN_POINT('',(8.9114452296,-2.098354193024,-1.258409062393
    ));
#8088 = CARTESIAN_POINT('',(8.891722979985,-2.363934175473,
    -0.859328155001));
#8089 = CARTESIAN_POINT('',(8.872000343806,-2.544513882615,
    -0.419721921255));
#8090 = CARTESIAN_POINT('',(8.832555238835,-2.725088988476,0.50000618505
    ));
#8091 = CARTESIAN_POINT('',(8.793111060154,-2.544506071448,
    1.419721962878));
#8092 = CARTESIAN_POINT('',(8.77338938514,-2.363929914481,1.859317505022
    ));
#8093 = CARTESIAN_POINT('',(8.753667953141,-2.098363644641,
    2.258382434573));
#8094 = CARTESIAN_POINT('',(8.733946523922,-1.758438488571,
    2.598372923143));
#8095 = CARTESIAN_POINT('',(8.714222757712,-1.359281935187,
    2.863945507491));
#8096 = CARTESIAN_POINT('',(8.694497398357,-0.919699712099,3.04447798183
    ));
#8097 = CARTESIAN_POINT('',(8.674778238755,-0.459880583737,
    3.134809255795));
#8098 = CARTESIAN_POINT('',(8.655056542844,-7.604842151191E-10,
    3.134818495274));
#8099 = ORIENTED_EDGE('',*,*,#8100,.T.);
#8100 = EDGE_CURVE('',#8065,#7808,#8101,.T.);
#8101 = B_SPLINE_CURVE_WITH_KNOTS('',1,(#8102,#8103),.UNSPECIFIED.,.F.,
  .F.,(2,2),(0.,4.010346187924E-02),.PIECEWISE_BEZIER_KNOTS.);
#8102 = CARTESIAN_POINT('',(9.365055168092,-4.976603614042E-08,
    3.134794362188));
#8103 = CARTESIAN_POINT('',(9.324951706214,-4.903057843261E-08,
    3.134794104654));
#8104 = ORIENTED_EDGE('',*,*,#7807,.T.);
#8105 = ORIENTED_EDGE('',*,*,#7625,.F.);
#8106 = B_SPLINE_SURFACE_WITH_KNOTS('',1,9,(
    (#8107,#8108,#8109,#8110,#8111,#8112,#8113,#8114,#8115,#8116,#8117
      ,#8118,#8119,#8120,#8121,#8122,#8123,#8124,#8125,#8126,#8127,#8128
      ,#8129,#8130,#8131,#8132,#8133,#8134,#8135,#8136,#8137)
    ,(#8138,#8139,#8140,#8141,#8142,#8143,#8144,#8145,#8146,#8147,#8148
      ,#8149,#8150,#8151,#8152,#8153,#8154,#8155,#8156,#8157,#8158,#8159
      ,#8160,#8161,#8162,#8163,#8164,#8165,#8166,#8167,#8168
  )),.UNSPECIFIED.,.F.,.F.,.F.,(2,2),(10,7,7,7,10),(0.,
    4.010346187924E-02),(0.,1.58079326614,3.161586532279,4.742379798419,
    6.323173064558),.UNSPECIFIED.);
#8107 = CARTESIAN_POINT('',(9.365055168092,-4.976600255042E-08,
    3.134794362188));
#8108 = CARTESIAN_POINT('',(9.345333472206,0.459880533211,3.134803610218
    ));
#8109 = CARTESIAN_POINT('',(9.32561431272,0.919703290811,3.044579045989)
  );
#8110 = CARTESIAN_POINT('',(9.305888952792,1.359332707343,2.863931752143
    ));
#8111 = CARTESIAN_POINT('',(9.286165187682,1.75837520933,2.598308877545)
  );
#8112 = CARTESIAN_POINT('',(9.26644375729,2.098335522082,2.258380703134)
  );
#8113 = CARTESIAN_POINT('',(9.246722325991,2.363923704681,1.859313557824
    ));
#8114 = CARTESIAN_POINT('',(9.227000650793,2.544518690214,1.419723095272
    ));
#8115 = CARTESIAN_POINT('',(9.187556472108,2.725110174664,0.500005988876
    ));
#8116 = CARTESIAN_POINT('',(9.148111367151,2.544512968628,
    -0.419720788869));
#8117 = CARTESIAN_POINT('',(9.128388730965,2.36391907985,-0.859321747177
    ));
#8118 = CARTESIAN_POINT('',(9.108666481345,2.09834305119,-1.258395735078
    ));
#8119 = CARTESIAN_POINT('',(9.088944581664,1.758395437945,
    -1.598349572982));
#8120 = CARTESIAN_POINT('',(9.069222646833,1.359322757881,
    -1.863928879348));
#8121 = CARTESIAN_POINT('',(9.049500443441,0.919723247652,
    -2.044513318094));
#8122 = CARTESIAN_POINT('',(9.010055855476,-3.994056711528E-07,
    -2.225095284728));
#8123 = CARTESIAN_POINT('',(8.970611267511,-0.919723036945,
    -2.044508176582));
#8124 = CARTESIAN_POINT('',(8.950889064121,-1.359320948448,
    -1.863923779636));
#8125 = CARTESIAN_POINT('',(8.931167129288,-1.758396266464,
    -1.598356807803));
#8126 = CARTESIAN_POINT('',(8.9114452296,-2.098354193024,-1.258409062393
    ));
#8127 = CARTESIAN_POINT('',(8.891722979985,-2.363934175473,
    -0.859328155001));
#8128 = CARTESIAN_POINT('',(8.872000343806,-2.544513882615,
    -0.419721921255));
#8129 = CARTESIAN_POINT('',(8.832555238835,-2.725088988476,0.50000618505
    ));
#8130 = CARTESIAN_POINT('',(8.793111060154,-2.544506071448,
    1.419721962878));
#8131 = CARTESIAN_POINT('',(8.77338938514,-2.363929914481,1.859317505022
    ));
#8132 = CARTESIAN_POINT('',(8.753667953141,-2.098363644641,
    2.258382434574));
#8133 = CARTESIAN_POINT('',(8.733946523922,-1.758438488572,
    2.598372923143));
#8134 = CARTESIAN_POINT('',(8.714222757712,-1.359281935187,
    2.863945507491));
#8135 = CARTESIAN_POINT('',(8.694497398357,-0.919699712099,3.04447798183
    ));
#8136 = CARTESIAN_POINT('',(8.674778238755,-0.459880583737,
    3.134809255795));
#8137 = CARTESIAN_POINT('',(8.655056542844,-7.604842151191E-10,
    3.134818495274));
#8138 = CARTESIAN_POINT('',(9.324951706214,-4.903054461261E-08,
    3.134794104654));
#8139 = CARTESIAN_POINT('',(9.305230010327,0.45988048002,3.134803313117)
  );
#8140 = CARTESIAN_POINT('',(9.285510850843,0.919703175894,3.044578531615
    ));
#8141 = CARTESIAN_POINT('',(9.265785490915,1.359332440098,2.863931503916
    ));
#8142 = CARTESIAN_POINT('',(9.246061725801,1.758375138646,2.598308767698
    ));
#8143 = CARTESIAN_POINT('',(9.226340295412,2.098335336402,2.258380500082
    ));
#8144 = CARTESIAN_POINT('',(9.206618864113,2.363923440989,1.859313406247
    ));
#8145 = CARTESIAN_POINT('',(9.186897188915,2.54451836505,1.419722984373)
  );
#8146 = CARTESIAN_POINT('',(9.14745301023,2.725109809815,0.500005988646)
  );
#8147 = CARTESIAN_POINT('',(9.108007905273,2.544512671909,
    -0.419720684017));
#8148 = CARTESIAN_POINT('',(9.088285269087,2.363918834475,-0.85932160198
    ));
#8149 = CARTESIAN_POINT('',(9.068563019467,2.09834282843,-1.258395557777
    ));
#8150 = CARTESIAN_POINT('',(9.048841119785,1.758395232968,
    -1.598349342722));
#8151 = CARTESIAN_POINT('',(9.029119184956,1.359322594021,
    -1.863928591517));
#8152 = CARTESIAN_POINT('',(9.009396981563,0.919723138722,
    -2.044513008889));
#8153 = CARTESIAN_POINT('',(8.969952393598,-3.98349905095E-07,
    -2.225094965096));
#8154 = CARTESIAN_POINT('',(8.930507805633,-0.919722930127,
    -2.044507888885));
#8155 = CARTESIAN_POINT('',(8.910785602243,-1.359320793437,
    -1.863923512926));
#8156 = CARTESIAN_POINT('',(8.89106366741,-1.75839605895,-1.598356545822
    ));
#8157 = CARTESIAN_POINT('',(8.871341767722,-2.098353923542,
    -1.258408827203));
#8158 = CARTESIAN_POINT('',(8.851619518107,-2.363933866308,
    -0.859327981326));
#8159 = CARTESIAN_POINT('',(8.831896881928,-2.544513582432,
    -0.419721810356));
#8160 = CARTESIAN_POINT('',(8.792451776957,-2.725088714061,
    0.500006185281));
#8161 = CARTESIAN_POINT('',(8.753007598276,-2.544505799711,
    1.419721858025));
#8162 = CARTESIAN_POINT('',(8.733285923262,-2.363929623635,
    1.859317337723));
#8163 = CARTESIAN_POINT('',(8.713564491264,-2.09836333808,2.25838222513)
  );
#8164 = CARTESIAN_POINT('',(8.693843062044,-1.758438146776,
    2.598372540751));
#8165 = CARTESIAN_POINT('',(8.674119295835,-1.359281883541,
    2.863945201196));
#8166 = CARTESIAN_POINT('',(8.654393936477,-0.919699611246,
    3.044477899294));
#8167 = CARTESIAN_POINT('',(8.634674776877,-0.459880529075,
    3.134808934813));
#8168 = CARTESIAN_POINT('',(8.614953080967,-2.499851730958E-11,
    3.134818134726));
#8169 = ADVANCED_FACE('',(#8170),#8273,.T.);
#8170 = FACE_BOUND('',#8171,.T.);
#8171 = EDGE_LOOP('',(#8172,#8173,#8174,#8217,#8225,#8272));
#8172 = ORIENTED_EDGE('',*,*,#7743,.F.);
#8173 = ORIENTED_EDGE('',*,*,#7953,.F.);
#8174 = ORIENTED_EDGE('',*,*,#8175,.F.);
#8175 = EDGE_CURVE('',#8176,#7954,#8178,.T.);
#8176 = VERTEX_POINT('',#8177);
#8177 = CARTESIAN_POINT('',(9.316159779296,-4.648707904389E-15,-2.665));
#8178 = B_SPLINE_CURVE_WITH_KNOTS('',7,(#8179,#8180,#8181,#8182,#8183,
    #8184,#8185,#8186,#8187,#8188,#8189,#8190,#8191,#8192,#8193,#8194,
    #8195,#8196,#8197,#8198,#8199,#8200,#8201,#8202,#8203,#8204,#8205,
    #8206,#8207,#8208,#8209,#8210,#8211,#8212,#8213,#8214,#8215,#8216),
  .UNSPECIFIED.,.F.,.F.,(8,6,6,6,6,6,8),(0.,4.701740654965E-02,
    0.279007082452,0.521953839307,0.733707065047,0.896870771125,1.),
  .UNSPECIFIED.);
#8179 = CARTESIAN_POINT('',(9.316159779296,-4.538707904389E-15,-2.665));
#8180 = CARTESIAN_POINT('',(9.313775675414,-6.677858089841E-02,-2.665));
#8181 = CARTESIAN_POINT('',(9.311391556048,-0.133557234862,
    -2.663356203328));
#8182 = CARTESIAN_POINT('',(9.309007419475,-0.200287288056,
    -2.660068612914));
#8183 = CARTESIAN_POINT('',(9.306623264305,-0.266920198559,
    -2.655139021091));
#8184 = CARTESIAN_POINT('',(9.304239089472,-0.333407556363,
    -2.648571009595));
#8185 = CARTESIAN_POINT('',(9.301854894244,-0.399701083372,
    -2.640369949563));
#8186 = CARTESIAN_POINT('',(9.287706662615,-0.791659118036,
    -2.582055629415));
#8187 = CARTESIAN_POINT('',(9.27593657628,-1.111829606326,
    -2.493961527688));
#8188 = CARTESIAN_POINT('',(9.264170432855,-1.420205929306,
    -2.367097632887));
#8189 = CARTESIAN_POINT('',(9.252405229385,-1.711255962504,
    -2.203486019197));
#8190 = CARTESIAN_POINT('',(9.240638870488,-1.979917111802,
    -2.005972632752));
#8191 = CARTESIAN_POINT('',(9.22886861661,-2.221586618738,
    -1.778232632035));
#8192 = CARTESIAN_POINT('',(9.204785095927,-2.653171805607,
    -1.259820424673));
#8193 = CARTESIAN_POINT('',(9.192459423755,-2.840337036464,
    -0.966403716219));
#8194 = CARTESIAN_POINT('',(9.180140475573,-2.989318288832,
    -0.650125272794));
#8195 = CARTESIAN_POINT('',(9.167823881182,-3.096988180146,
    -0.316992035743));
#8196 = CARTESIAN_POINT('',(9.155505518551,-3.161296819508,
    2.665301959618E-02));
#8197 = CARTESIAN_POINT('',(9.143180106738,-3.18126390042,0.374109206072
    ));
#8198 = CARTESIAN_POINT('',(9.12012274562,-3.13671176176,1.018378213861)
  );
#8199 = CARTESIAN_POINT('',(9.109380613492,-3.082694158494,
    1.316212363918));
#8200 = CARTESIAN_POINT('',(9.098640129596,-2.995689265673,
    1.607236000845));
#8201 = CARTESIAN_POINT('',(9.087900670102,-2.876804950275,
    1.887126146488));
#8202 = CARTESIAN_POINT('',(9.077159766175,-2.727773802327,
    2.151803814365));
#8203 = CARTESIAN_POINT('',(9.066417370408,-2.550937710889,
    2.397470261555));
#8204 = CARTESIAN_POINT('',(9.047405777322,-2.194139105368,2.79274555365
    ));
#8205 = CARTESIAN_POINT('',(9.03913168657,-2.024147381034,2.951525067756
    ));
#8206 = CARTESIAN_POINT('',(9.030859052864,-1.840829024662,
    3.095512572628));
#8207 = CARTESIAN_POINT('',(9.022587461587,-1.645740859239,
    3.223393856336));
#8208 = CARTESIAN_POINT('',(9.014315397236,-1.440578401335,
    3.334057473995));
#8209 = CARTESIAN_POINT('',(9.006041743599,-1.2271678577,3.426600019553)
  );
#8210 = CARTESIAN_POINT('',(8.992538108226,-0.868627017424,
    3.546993056262));
#8211 = CARTESIAN_POINT('',(8.987307841216,-0.727252324699,
    3.586122071253));
#8212 = CARTESIAN_POINT('',(8.982077051323,-0.583847866888,
    3.617590313879));
#8213 = CARTESIAN_POINT('',(8.976845661487,-0.438911949432,
    3.641274261851));
#8214 = CARTESIAN_POINT('',(8.971613713114,-0.292950043608,
    3.657091320499));
#8215 = CARTESIAN_POINT('',(8.966381653279,-0.146473819054,
    3.664999984564));
#8216 = CARTESIAN_POINT('',(8.96115062192,-1.762859120311E-07,3.665));
#8217 = ORIENTED_EDGE('',*,*,#8218,.T.);
#8218 = EDGE_CURVE('',#8176,#8219,#8221,.T.);
#8219 = VERTEX_POINT('',#8220);
#8220 = CARTESIAN_POINT('',(9.373823963275,-4.674315946289E-15,-2.665));
#8221 = LINE('',#8222,#8223);
#8222 = CARTESIAN_POINT('',(6.446202902092,-4.304191022488E-15,-2.665));
#8223 = VECTOR('',#8224,1.);
#8224 = DIRECTION('',(1.,-8.840892098501E-16,4.4E-16));
#8225 = ORIENTED_EDGE('',*,*,#8226,.T.);
#8226 = EDGE_CURVE('',#8219,#7844,#8227,.T.);
#8227 = B_SPLINE_CURVE_WITH_KNOTS('',7,(#8228,#8229,#8230,#8231,#8232,
    #8233,#8234,#8235,#8236,#8237,#8238,#8239,#8240,#8241,#8242,#8243,
    #8244,#8245,#8246,#8247,#8248,#8249,#8250,#8251,#8252,#8253,#8254,
    #8255,#8256,#8257,#8258,#8259,#8260,#8261,#8262,#8263,#8264,#8265,
    #8266,#8267,#8268,#8269,#8270,#8271),.UNSPECIFIED.,.F.,.F.,(8,6,6,6,
    6,6,6,8),(0.,4.68885533805E-02,0.204895426925,0.278900964395,
    0.522392249886,0.733952746089,0.891737535029,1.),.UNSPECIFIED.);
#8228 = CARTESIAN_POINT('',(9.373823963275,-5.004315946289E-15,-2.665));
#8229 = CARTESIAN_POINT('',(9.371446146622,-6.659757455607E-02,-2.665));
#8230 = CARTESIAN_POINT('',(9.369068343329,-0.133195229093,
    -2.663365102119));
#8231 = CARTESIAN_POINT('',(9.366690555851,-0.199744678592,
    -2.66009530934));
#8232 = CARTESIAN_POINT('',(9.364312786298,-0.266197770926,
    -2.655192394701));
#8233 = CARTESIAN_POINT('',(9.361935036434,-0.332506486856,
    -2.648659901294));
#8234 = CARTESIAN_POINT('',(9.359557307675,-0.398622940035,
    -2.640503142262));
#8235 = CARTESIAN_POINT('',(9.349167112846,-0.686492360273,
    -2.597792592169));
#8236 = CARTESIAN_POINT('',(9.341154045268,-0.905783572965,
    -2.546488005287));
#8237 = CARTESIAN_POINT('',(9.333141840437,-1.12050793202,
    -2.477085515442));
#8238 = CARTESIAN_POINT('',(9.325130244514,-1.328886497157,
    -2.390092881714));
#8239 = CARTESIAN_POINT('',(9.317118380852,-1.529220126545,
    -2.286219453228));
#8240 = CARTESIAN_POINT('',(9.309105874755,-1.719896905022,
    -2.166373067179));
#8241 = CARTESIAN_POINT('',(9.297341529311,-1.983493298569,
    -1.968608522668));
#8242 = CARTESIAN_POINT('',(9.293588988676,-2.065129546883,
    -1.902268939511));
#8243 = CARTESIAN_POINT('',(9.289836397719,-2.144169780326,
    -1.832785536811));
#8244 = CARTESIAN_POINT('',(9.286083748769,-2.220469276467,
    -1.760280646135));
#8245 = CARTESIAN_POINT('',(9.282331036753,-2.293890899914,
    -1.68488458297));
#8246 = CARTESIAN_POINT('',(9.278578259195,-2.364305102314,
    -1.60673564672));
#8247 = CARTESIAN_POINT('',(9.262477900179,-2.652968860808,
    -1.260280181078));
#8248 = CARTESIAN_POINT('',(9.250122577676,-2.84060120565,
    -0.966206875975));
#8249 = CARTESIAN_POINT('',(9.237772309477,-2.989873996471,
    -0.649164776916));
#8250 = CARTESIAN_POINT('',(9.225423161575,-3.097639474434,
    -0.315202764823));
#8251 = CARTESIAN_POINT('',(9.21307245103,-3.161836903359,
    2.929217775529E-02));
#8252 = CARTESIAN_POINT('',(9.200716990054,-3.181484172966,0.37757267247
    ));
#8253 = CARTESIAN_POINT('',(9.177641373717,-3.136035843908,
    1.022299410049));
#8254 = CARTESIAN_POINT('',(9.166910510611,-3.081698012953,
    1.319800957682));
#8255 = CARTESIAN_POINT('',(9.156182945517,-2.994439820356,
    1.610464262975));
#8256 = CARTESIAN_POINT('',(9.145457472818,-2.875371117242,
    1.889978995372));
#8257 = CARTESIAN_POINT('',(9.134730198886,-2.726224184221,
    2.154278651985));
#8258 = CARTESIAN_POINT('',(9.123999452509,-2.549338338053,
    2.399576658541));
#8259 = CARTESIAN_POINT('',(9.105269800039,-2.197540011697,
    2.788726073197));
#8260 = CARTESIAN_POINT('',(9.097267091155,-2.033502417256,
    2.942573013409));
#8261 = CARTESIAN_POINT('',(9.089264379524,-1.8569694718,3.082625406028)
  );
#8262 = CARTESIAN_POINT('',(9.0812615849,-1.669343918494,3.207689145624)
  );
#8263 = CARTESIAN_POINT('',(9.073258416838,-1.472151396447,
    3.316747294608));
#8264 = CARTESIAN_POINT('',(9.065255301607,-1.267033796676,
    3.408964513824));
#8265 = CARTESIAN_POINT('',(9.051763972636,-0.910800433403,
    3.535014418954));
#8266 = CARTESIAN_POINT('',(9.046274308727,-0.762927910251,
    3.578092032074));
#8267 = CARTESIAN_POINT('',(9.040785288247,-0.612709203405,
    3.612754488718));
#8268 = CARTESIAN_POINT('',(9.035296956524,-0.460719189714,
    3.638851851835));
#8269 = CARTESIAN_POINT('',(9.02980910393,-0.307541908442,3.656283825703
    ));
#8270 = CARTESIAN_POINT('',(9.02432125374,-0.153769336687,3.664999984354
    ));
#8271 = CARTESIAN_POINT('',(9.01883264999,-1.647888647367E-07,3.665));
#8272 = ORIENTED_EDGE('',*,*,#7850,.T.);
#8273 = CYLINDRICAL_SURFACE('',#8274,3.165);
#8274 = AXIS2_PLACEMENT_3D('',#8275,#8276,#8277);
#8275 = CARTESIAN_POINT('',(6.446202902092,-2.854191022488E-15,0.5));
#8276 = DIRECTION('',(1.,-5.540892098501E-16,4.4E-16));
#8277 = DIRECTION('',(4.4E-16,7.E-17,-1.));
#8278 = ADVANCED_FACE('',(#8279),#8361,.F.);
#8279 = FACE_BOUND('',#8280,.F.);
#8280 = EDGE_LOOP('',(#8281,#8317,#8324,#8359,#8360));
#8281 = ORIENTED_EDGE('',*,*,#8282,.F.);
#8282 = EDGE_CURVE('',#8283,#7808,#8285,.T.);
#8283 = VERTEX_POINT('',#8284);
#8284 = CARTESIAN_POINT('',(10.034950331399,-9.803823796792E-08,
    3.134770074573));
#8285 = B_SPLINE_CURVE_WITH_KNOTS('',9,(#8286,#8287,#8288,#8289,#8290,
    #8291,#8292,#8293,#8294,#8295,#8296,#8297,#8298,#8299,#8300,#8301,
    #8302,#8303,#8304,#8305,#8306,#8307,#8308,#8309,#8310,#8311,#8312,
    #8313,#8314,#8315,#8316),.UNSPECIFIED.,.F.,.F.,(10,7,7,7,10),(0.,
    1.58079326614,3.161586532279,4.742379798419,6.323173064558),
  .UNSPECIFIED.);
#8286 = CARTESIAN_POINT('',(10.034950331399,-9.803823505792E-08,
    3.134770074573));
#8287 = CARTESIAN_POINT('',(10.015228635536,0.459876237876,
    3.134779291593));
#8288 = CARTESIAN_POINT('',(9.99550947619,0.919694739791,3.044555341784)
  );
#8289 = CARTESIAN_POINT('',(9.97578411612,1.359319998138,2.863909970277)
  );
#8290 = CARTESIAN_POINT('',(9.956060350937,1.758359063114,2.598289662977
    ));
#8291 = CARTESIAN_POINT('',(9.936338920584,2.098316166149,2.258364501943
    ));
#8292 = CARTESIAN_POINT('',(9.91661748932,2.363901856174,1.859301052827)
  );
#8293 = CARTESIAN_POINT('',(9.896895814147,2.544495141366,1.419714643597
    ));
#8294 = CARTESIAN_POINT('',(9.857451635474,2.725084956242,0.500006039339
    ));
#8295 = CARTESIAN_POINT('',(9.818006530487,2.544489482429,
    -0.419712248661));
#8296 = CARTESIAN_POINT('',(9.798283894282,2.363897300138,
    -0.859309160788));
#8297 = CARTESIAN_POINT('',(9.778561644662,2.098323723605,
    -1.258379481762));
#8298 = CARTESIAN_POINT('',(9.758839744994,1.758379235015,
    -1.598330172467));
#8299 = CARTESIAN_POINT('',(9.739117810177,1.359310240813,
    -1.863907006567));
#8300 = CARTESIAN_POINT('',(9.719395606786,0.919714798094,
    -2.044489785179));
#8301 = CARTESIAN_POINT('',(9.679951018814,-3.476644272403E-07,
    -2.225070111546));
#8302 = CARTESIAN_POINT('',(9.640506430842,-0.919714494845,
    -2.044484699389));
#8303 = CARTESIAN_POINT('',(9.620784227453,-1.359308352293,
    -1.863901978542));
#8304 = CARTESIAN_POINT('',(9.601062292634,-1.758379982941,
    -1.598337440977));
#8305 = CARTESIAN_POINT('',(9.58134039296,-2.098334753305,
    -1.258392829243));
#8306 = CARTESIAN_POINT('',(9.561618143344,-2.363912281405,
    -0.859315628068));
#8307 = CARTESIAN_POINT('',(9.541895507146,-2.54449035874,
    -0.419713469654));
#8308 = CARTESIAN_POINT('',(9.502450402145,-2.725063860491,
    0.500006134603));
#8309 = CARTESIAN_POINT('',(9.463006223476,-2.544482610242,
    1.419713422596));
#8310 = CARTESIAN_POINT('',(9.443284548486,-2.363908089384,
    1.859304896366));
#8311 = CARTESIAN_POINT('',(9.423563116525,-2.098344233233,
    2.258366148935));
#8312 = CARTESIAN_POINT('',(9.403841687339,-1.758422149291,
    2.598353370609));
#8313 = CARTESIAN_POINT('',(9.384117921062,-1.359269529519,
    2.863923616988));
#8314 = CARTESIAN_POINT('',(9.364392561562,-0.919691269797,
    3.044454675259));
#8315 = CARTESIAN_POINT('',(9.3446734021,-0.459876384944,3.134784896185)
  );
#8316 = CARTESIAN_POINT('',(9.324951706214,-4.903057843261E-08,
    3.134794104654));
#8317 = ORIENTED_EDGE('',*,*,#8318,.T.);
#8318 = EDGE_CURVE('',#8283,#8319,#8321,.T.);
#8319 = VERTEX_POINT('',#8320);
#8320 = CARTESIAN_POINT('',(9.72881921721,-1.65250766832E-07,3.665));
#8321 = B_SPLINE_CURVE_WITH_KNOTS('',1,(#8322,#8323),.UNSPECIFIED.,.F.,
  .F.,(2,2),(0.,0.659896538121),.PIECEWISE_BEZIER_KNOTS.);
#8322 = CARTESIAN_POINT('',(10.034950331399,-9.803825002792E-08,
    3.134770074573));
#8323 = CARTESIAN_POINT('',(9.704999860371,-1.704804178514E-07,
    3.706255969143));
#8324 = ORIENTED_EDGE('',*,*,#8325,.T.);
#8325 = EDGE_CURVE('',#8319,#8219,#8326,.T.);
#8326 = B_SPLINE_CURVE_WITH_KNOTS('',6,(#8327,#8328,#8329,#8330,#8331,
    #8332,#8333,#8334,#8335,#8336,#8337,#8338,#8339,#8340,#8341,#8342,
    #8343,#8344,#8345,#8346,#8347,#8348,#8349,#8350,#8351,#8352,#8353,
    #8354,#8355,#8356,#8357,#8358),.UNSPECIFIED.,.F.,.F.,(7,5,5,5,5,5,7)
  ,(0.,0.101550566335,0.265382216014,0.474325767998,0.682122161762,
    0.843754773873,1.),.UNSPECIFIED.);
#8327 = CARTESIAN_POINT('',(9.72881921721,-1.65250752162E-07,3.665));
#8328 = CARTESIAN_POINT('',(9.722812747948,0.168278534106,3.665000000425
    ));
#8329 = CARTESIAN_POINT('',(9.716809897358,0.336560809455,3.654263182566
    ));
#8330 = CARTESIAN_POINT('',(9.710806511869,0.503982709966,3.632789920506
    ));
#8331 = CARTESIAN_POINT('',(9.704801199101,0.669691906548,3.600671201706
    ));
#8332 = CARTESIAN_POINT('',(9.698794125654,0.83285063768,3.558088038975)
  );
#8333 = CARTESIAN_POINT('',(9.683092600007,1.250424854371,3.420165432918
    ));
#8334 = CARTESIAN_POINT('',(9.673394539885,1.499483604046,3.308473231857
    ));
#8335 = CARTESIAN_POINT('',(9.663696437982,1.736313790536,3.171375759926
    ));
#8336 = CARTESIAN_POINT('',(9.654000343061,1.957759170541,3.010607952035
    ));
#8337 = CARTESIAN_POINT('',(9.64430460647,2.160952518778,2.828349802604)
  );
#8338 = CARTESIAN_POINT('',(9.622250120246,2.576151460101,2.370975635707
    ));
#8339 = CARTESIAN_POINT('',(9.609886455246,2.775306981252,2.083966124884
    ));
#8340 = CARTESIAN_POINT('',(9.597529682274,2.935638470801,1.772012766522
    ));
#8341 = CARTESIAN_POINT('',(9.585171281321,3.053600595036,1.441700941789
    ));
#8342 = CARTESIAN_POINT('',(9.572806060918,3.126813277682,1.10012059275)
  );
#8343 = CARTESIAN_POINT('',(9.548150205894,3.182453809022,0.411789987548
    ));
#8344 = CARTESIAN_POINT('',(9.535850659056,3.165398503365,
    6.482360439199E-02));
#8345 = CARTESIAN_POINT('',(9.523555584586,3.102873016523,
    -0.278294426164));
#8346 = CARTESIAN_POINT('',(9.511261196364,2.99605634809,-0.610303000932
    ));
#8347 = CARTESIAN_POINT('',(9.498962436367,2.84733602335,-0.924243999191
    ));
#8348 = CARTESIAN_POINT('',(9.477105945336,2.515863269104,
    -1.438916007901));
#8349 = CARTESIAN_POINT('',(9.467542324163,2.347950418011,
    -1.649398365369));
#8350 = CARTESIAN_POINT('',(9.457980381325,2.159053213869,
    -1.842205456064));
#8351 = CARTESIAN_POINT('',(9.448418358899,1.951536836213,
    -2.014813802056));
#8352 = CARTESIAN_POINT('',(9.438854608619,1.728108417789,
    -2.165071201419));
#8353 = CARTESIAN_POINT('',(9.420047900941,1.263547186187,
    -2.413367329697));
#8354 = CARTESIAN_POINT('',(9.410802595216,1.023195580515,
    -2.513010179093));
#8355 = CARTESIAN_POINT('',(9.401558309899,0.773642332014,
    -2.588739904793));
#8356 = CARTESIAN_POINT('',(9.392313834204,0.517855824887,
    -2.639583554046));
#8357 = CARTESIAN_POINT('',(9.383068243098,0.258912567525,
    -2.664999999999));
#8358 = CARTESIAN_POINT('',(9.373823963275,-4.934315946289E-15,-2.665));
#8359 = ORIENTED_EDGE('',*,*,#8226,.T.);
#8360 = ORIENTED_EDGE('',*,*,#7843,.F.);
#8361 = B_SPLINE_SURFACE_WITH_KNOTS('',1,9,(
    (#8362,#8363,#8364,#8365,#8366,#8367,#8368,#8369,#8370,#8371,#8372
      ,#8373,#8374,#8375,#8376,#8377,#8378,#8379,#8380,#8381,#8382,#8383
      ,#8384,#8385,#8386,#8387,#8388,#8389,#8390,#8391,#8392)
    ,(#8393,#8394,#8395,#8396,#8397,#8398,#8399,#8400,#8401,#8402,#8403
      ,#8404,#8405,#8406,#8407,#8408,#8409,#8410,#8411,#8412,#8413,#8414
      ,#8415,#8416,#8417,#8418,#8419,#8420,#8421,#8422,#8423
  )),.UNSPECIFIED.,.F.,.F.,.F.,(2,2),(10,7,7,7,10),(0.,0.659896538121),(
    0.,1.58079326614,3.161586532279,4.742379798419,6.323173064558),
  .UNSPECIFIED.);
#8362 = CARTESIAN_POINT('',(10.034950331399,-9.803823505792E-08,
    3.134770074573));
#8363 = CARTESIAN_POINT('',(10.015228635536,0.459876237876,
    3.134779291593));
#8364 = CARTESIAN_POINT('',(9.99550947619,0.919694739791,3.044555341784)
  );
#8365 = CARTESIAN_POINT('',(9.97578411612,1.359319998138,2.863909970277)
  );
#8366 = CARTESIAN_POINT('',(9.956060350937,1.758359063114,2.598289662977
    ));
#8367 = CARTESIAN_POINT('',(9.936338920584,2.098316166149,2.258364501943
    ));
#8368 = CARTESIAN_POINT('',(9.91661748932,2.363901856174,1.859301052827)
  );
#8369 = CARTESIAN_POINT('',(9.896895814147,2.544495141366,1.419714643597
    ));
#8370 = CARTESIAN_POINT('',(9.857451635474,2.725084956242,0.500006039339
    ));
#8371 = CARTESIAN_POINT('',(9.818006530487,2.544489482429,
    -0.419712248661));
#8372 = CARTESIAN_POINT('',(9.798283894282,2.363897300138,
    -0.859309160788));
#8373 = CARTESIAN_POINT('',(9.778561644662,2.098323723605,
    -1.258379481762));
#8374 = CARTESIAN_POINT('',(9.758839744994,1.758379235015,
    -1.598330172467));
#8375 = CARTESIAN_POINT('',(9.739117810177,1.359310240813,
    -1.863907006567));
#8376 = CARTESIAN_POINT('',(9.719395606786,0.919714798094,
    -2.044489785179));
#8377 = CARTESIAN_POINT('',(9.679951018814,-3.476644272403E-07,
    -2.225070111546));
#8378 = CARTESIAN_POINT('',(9.640506430842,-0.919714494845,
    -2.044484699389));
#8379 = CARTESIAN_POINT('',(9.620784227453,-1.359308352293,
    -1.863901978542));
#8380 = CARTESIAN_POINT('',(9.601062292634,-1.758379982941,
    -1.598337440977));
#8381 = CARTESIAN_POINT('',(9.58134039296,-2.098334753305,
    -1.258392829243));
#8382 = CARTESIAN_POINT('',(9.561618143344,-2.363912281405,
    -0.859315628068));
#8383 = CARTESIAN_POINT('',(9.541895507146,-2.54449035874,
    -0.419713469654));
#8384 = CARTESIAN_POINT('',(9.502450402145,-2.725063860491,
    0.500006134603));
#8385 = CARTESIAN_POINT('',(9.463006223476,-2.544482610242,
    1.419713422596));
#8386 = CARTESIAN_POINT('',(9.443284548486,-2.363908089384,
    1.859304896366));
#8387 = CARTESIAN_POINT('',(9.423563116525,-2.098344233233,
    2.258366148935));
#8388 = CARTESIAN_POINT('',(9.403841687339,-1.758422149291,
    2.598353370609));
#8389 = CARTESIAN_POINT('',(9.384117921062,-1.359269529519,
    2.863923616988));
#8390 = CARTESIAN_POINT('',(9.364392561562,-0.919691269797,
    3.044454675259));
#8391 = CARTESIAN_POINT('',(9.3446734021,-0.459876384944,3.134784896185)
  );
#8392 = CARTESIAN_POINT('',(9.324951706214,-4.903057843261E-08,
    3.134794104654));
#8393 = CARTESIAN_POINT('',(9.704999860371,-1.704804034014E-07,
    3.706255969143));
#8394 = CARTESIAN_POINT('',(9.685277602494,0.559597723075,3.706264874321
    ));
#8395 = CARTESIAN_POINT('',(9.665555172784,1.119197222621,3.596462996821
    ));
#8396 = CARTESIAN_POINT('',(9.645833162895,1.654169177856,3.37662656838)
  );
#8397 = CARTESIAN_POINT('',(9.626111045792,2.139741823639,3.053418975367
    ));
#8398 = CARTESIAN_POINT('',(9.606388769308,2.553447548421,2.639762005529
    ));
#8399 = CARTESIAN_POINT('',(9.586666493849,2.876632700933,2.154137041646
    ));
#8400 = CARTESIAN_POINT('',(9.566944234463,3.09639580194,1.619201324201)
  );
#8401 = CARTESIAN_POINT('',(9.527499772007,3.316154489461,0.500005962279
    ));
#8402 = CARTESIAN_POINT('',(9.48805537233,3.096390689019,-0.619197041114
    ));
#8403 = CARTESIAN_POINT('',(9.468333178156,2.876630474245,
    -1.154141130788));
#8404 = CARTESIAN_POINT('',(9.448610957789,2.553454503424,
    -1.639772742506));
#8405 = CARTESIAN_POINT('',(9.428888713711,2.139772264466,
    -2.053461191855));
#8406 = CARTESIAN_POINT('',(9.409166472017,1.654141075937,
    -2.376640828785));
#8407 = CARTESIAN_POINT('',(9.389444248516,1.1191979992,-2.596391212479)
  );
#8408 = CARTESIAN_POINT('',(9.349999813798,-2.307343188537E-07,
    -2.816139500827));
#8409 = CARTESIAN_POINT('',(9.310555379079,-1.119197511183,
    -2.596386376716));
#8410 = CARTESIAN_POINT('',(9.290833155582,-1.654139072434,
    -2.376636082518));
#8411 = CARTESIAN_POINT('',(9.271110913884,-2.139772824821,
    -2.053468339079));
#8412 = CARTESIAN_POINT('',(9.251388669801,-2.553465009028,
    -1.639785780409));
#8413 = CARTESIAN_POINT('',(9.231666449438,-2.8766448227,-1.154147551558
    ));
#8414 = CARTESIAN_POINT('',(9.211944255271,-3.096391463772,
    -0.619198414506));
#8415 = CARTESIAN_POINT('',(9.17249985558,-3.316134137762,0.500005844847
    ));
#8416 = CARTESIAN_POINT('',(9.133055393128,-3.096383783442,
    1.619199950801));
#8417 = CARTESIAN_POINT('',(9.113333133919,-2.876638818717,
    2.154140568031));
#8418 = CARTESIAN_POINT('',(9.093610857787,-2.55347476065,2.639763433241
    ));
#8419 = CARTESIAN_POINT('',(9.07388858243,-2.139802845944,3.053480300945
    ));
#8420 = CARTESIAN_POINT('',(9.054166464271,-1.654120670862,
    3.376639629342));
#8421 = CARTESIAN_POINT('',(9.034444454932,-1.119194070481,3.59636581017
    ));
#8422 = CARTESIAN_POINT('',(9.01472202511,-0.559598067355,3.70627024592)
  );
#8423 = CARTESIAN_POINT('',(8.99499976721,-1.738012202161E-07,
    3.706279151677));
#8424 = ADVANCED_FACE('',(#8425),#8472,.F.);
#8425 = FACE_BOUND('',#8426,.F.);
#8426 = EDGE_LOOP('',(#8427,#8464,#8469,#8470,#8471));
#8427 = ORIENTED_EDGE('',*,*,#8428,.F.);
#8428 = EDGE_CURVE('',#8429,#8176,#8431,.T.);
#8429 = VERTEX_POINT('',#8430);
#8430 = CARTESIAN_POINT('',(9.671164996025,-1.767510388064E-07,3.665));
#8431 = B_SPLINE_CURVE_WITH_KNOTS('',6,(#8432,#8433,#8434,#8435,#8436,
    #8437,#8438,#8439,#8440,#8441,#8442,#8443,#8444,#8445,#8446,#8447,
    #8448,#8449,#8450,#8451,#8452,#8453,#8454,#8455,#8456,#8457,#8458,
    #8459,#8460,#8461,#8462,#8463),.UNSPECIFIED.,.F.,.F.,(7,5,5,5,5,5,7)
  ,(0.,9.800523348351E-02,0.268199875072,0.471076707141,0.684321422294,
    0.845042914042,1.),.UNSPECIFIED.);
#8432 = CARTESIAN_POINT('',(9.671164996025,-1.767510047964E-07,3.665));
#8433 = CARTESIAN_POINT('',(9.665365113028,0.162403368871,3.665000001001
    ));
#8434 = CARTESIAN_POINT('',(9.659561440658,0.324809519406,3.654999847496
    ));
#8435 = CARTESIAN_POINT('',(9.6537583608,0.486442596622,3.63499990737));
#8436 = CARTESIAN_POINT('',(9.647957047328,0.646536369627,3.605079066177
    ));
#8437 = CARTESIAN_POINT('',(9.642157219498,0.804336652289,3.565394339161
    ));
#8438 = CARTESIAN_POINT('',(9.626289599358,1.227870735109,3.430716327304
    ));
#8439 = CARTESIAN_POINT('',(9.61622282209,1.487543932501,3.316498487578)
  );
#8440 = CARTESIAN_POINT('',(9.606160234644,1.73417599866,3.174763396164)
  );
#8441 = CARTESIAN_POINT('',(9.59609528301,1.964221606999,3.00744574963)
  );
#8442 = CARTESIAN_POINT('',(9.586026133028,2.174467885083,2.816992499967
    ));
#8443 = CARTESIAN_POINT('',(9.563953834832,2.585927133203,2.355593303949
    ));
#8444 = CARTESIAN_POINT('',(9.551944361401,2.777771787741,2.076079363216
    ));
#8445 = CARTESIAN_POINT('',(9.539937870909,2.932957095845,1.773215438256
    ));
#8446 = CARTESIAN_POINT('',(9.527932855172,3.048241390968,1.453030221811
    ));
#8447 = CARTESIAN_POINT('',(9.515924760039,3.121434053758,1.122008820116
    ));
#8448 = CARTESIAN_POINT('',(9.491305562376,3.184007952995,0.435302824945
    ));
#8449 = CARTESIAN_POINT('',(9.478685660947,3.168939062226,
    7.895573895803E-02));
#8450 = CARTESIAN_POINT('',(9.466072570984,3.105919544517,
    -0.273612526933));
#8451 = CARTESIAN_POINT('',(9.453458790561,2.996203239417,
    -0.614549454874));
#8452 = CARTESIAN_POINT('',(9.440838168782,2.842364918151,
    -0.936333445179));
#8453 = CARTESIAN_POINT('',(9.418713230475,2.503228886173,
    -1.454994035429));
#8454 = CARTESIAN_POINT('',(9.409202881628,2.334948374982,
    -1.663213342762));
#8455 = CARTESIAN_POINT('',(9.39969375468,2.146030086423,-1.853830051984
    ));
#8456 = CARTESIAN_POINT('',(9.390184680043,1.93881362159,-2.024376669364
    ));
#8457 = CARTESIAN_POINT('',(9.380674377112,1.715971481051,
    -2.172751086624));
#8458 = CARTESIAN_POINT('',(9.361997823477,1.253630726843,
    -2.417459461291));
#8459 = CARTESIAN_POINT('',(9.352829276486,1.014961104046,
    -2.515498191421));
#8460 = CARTESIAN_POINT('',(9.343662204447,0.767313167313,
    -2.589992700829));
#8461 = CARTESIAN_POINT('',(9.334495351389,0.513584737829,
    -2.640000992673));
#8462 = CARTESIAN_POINT('',(9.325327156557,0.256777587967,
    -2.664999999999));
#8463 = CARTESIAN_POINT('',(9.316159779296,-4.648707904389E-15,-2.665));
#8464 = ORIENTED_EDGE('',*,*,#8465,.T.);
#8465 = EDGE_CURVE('',#8429,#8065,#8466,.T.);
#8466 = B_SPLINE_CURVE_WITH_KNOTS('',1,(#8467,#8468),.UNSPECIFIED.,.F.,
  .F.,(2,2),(0.,0.659896538121),.PIECEWISE_BEZIER_KNOTS.);
#8467 = CARTESIAN_POINT('',(9.694999767196,-1.866385308569E-07,
    3.706283646905));
#8468 = CARTESIAN_POINT('',(9.365055168092,-4.976603614042E-08,
    3.134794362188));
#8469 = ORIENTED_EDGE('',*,*,#8064,.T.);
#8470 = ORIENTED_EDGE('',*,*,#7990,.F.);
#8471 = ORIENTED_EDGE('',*,*,#8175,.F.);
#8472 = B_SPLINE_SURFACE_WITH_KNOTS('',1,9,(
    (#8473,#8474,#8475,#8476,#8477,#8478,#8479,#8480,#8481,#8482,#8483
      ,#8484,#8485,#8486,#8487,#8488,#8489,#8490,#8491,#8492,#8493,#8494
      ,#8495,#8496,#8497,#8498,#8499,#8500,#8501,#8502,#8503)
    ,(#8504,#8505,#8506,#8507,#8508,#8509,#8510,#8511,#8512,#8513,#8514
      ,#8515,#8516,#8517,#8518,#8519,#8520,#8521,#8522,#8523,#8524,#8525
      ,#8526,#8527,#8528,#8529,#8530,#8531,#8532,#8533,#8534
  )),.UNSPECIFIED.,.F.,.F.,.F.,(2,2),(10,7,7,7,10),(0.,0.659896538121),(
    0.,1.58079326614,3.161586532279,4.742379798419,6.323173064558),
  .UNSPECIFIED.);
#8473 = CARTESIAN_POINT('',(9.694999767196,-1.866384969169E-07,
    3.706283646905));
#8474 = CARTESIAN_POINT('',(9.675277509291,0.559602693436,3.706293243295
    ));
#8475 = CARTESIAN_POINT('',(9.655555079423,1.119207318167,3.596494364722
    ));
#8476 = CARTESIAN_POINT('',(9.635833069679,1.654185800305,3.376651701392
    ));
#8477 = CARTESIAN_POINT('',(9.616110952701,2.13975852566,3.053439357383)
  );
#8478 = CARTESIAN_POINT('',(9.59638867613,2.553469249786,2.639781023954)
  );
#8479 = CARTESIAN_POINT('',(9.576666400655,2.876658101036,2.154151650504
    ));
#8480 = CARTESIAN_POINT('',(9.556944141233,3.096423864538,1.619211355388
    ));
#8481 = CARTESIAN_POINT('',(9.517499678762,3.316184834833,0.500005969729
    ));
#8482 = CARTESIAN_POINT('',(9.478055279121,3.096418257453,
    -0.619206960266));
#8483 = CARTESIAN_POINT('',(9.458333084969,2.876655558155,
    -1.154155622165));
#8484 = CARTESIAN_POINT('',(9.438610864603,2.553476856418,
    -1.639791305986));
#8485 = CARTESIAN_POINT('',(9.418888620509,2.139791316306,
    -2.053483671365));
#8486 = CARTESIAN_POINT('',(9.399166378799,1.654155898997,
    -2.376666650369));
#8487 = CARTESIAN_POINT('',(9.379444155298,1.119207995876,
    -2.596418996554));
#8488 = CARTESIAN_POINT('',(9.339999720587,-2.457260194493E-07,
    -2.816169056911));
#8489 = CARTESIAN_POINT('',(9.300555285876,-1.119207464583,
    -2.596413787678));
#8490 = CARTESIAN_POINT('',(9.280833062378,-1.654153735059,
    -2.376661538867));
#8491 = CARTESIAN_POINT('',(9.261110820663,-2.13979191565,
    -2.053491376692));
#8492 = CARTESIAN_POINT('',(9.241388576564,-2.553488173113,
    -1.639805359613));
#8493 = CARTESIAN_POINT('',(9.221666356202,-2.876671016612,
    -1.154162545984));
#8494 = CARTESIAN_POINT('',(9.201944162058,-3.096419090336,
    -0.619208445606));
#8495 = CARTESIAN_POINT('',(9.162499762401,-3.316162904609,
    0.500005837379));
#8496 = CARTESIAN_POINT('',(9.123055299936,-3.096410915818,1.61920987004
    ));
#8497 = CARTESIAN_POINT('',(9.103333040705,-2.876664696228,
    2.154155445365));
#8498 = CARTESIAN_POINT('',(9.083610764503,-2.553498576408,
    2.639782557927));
#8499 = CARTESIAN_POINT('',(9.063888489149,-2.139824285469,3.05350543577
    ));
#8500 = CARTESIAN_POINT('',(9.04416637103,-1.654133536037,3.376665772495
    ));
#8501 = CARTESIAN_POINT('',(9.024444361881,-1.119203926965,
    3.596389638091));
#8502 = CARTESIAN_POINT('',(9.004721931891,-0.559603070035,
    3.706299030549));
#8503 = CARTESIAN_POINT('',(8.984999673962,-1.899618224016E-07,
    3.706308627518));
#8504 = CARTESIAN_POINT('',(9.365055168092,-4.976600233042E-08,
    3.134794362188));
#8505 = CARTESIAN_POINT('',(9.345333472206,0.459880533211,3.134803610218
    ));
#8506 = CARTESIAN_POINT('',(9.32561431272,0.919703290811,3.044579045989)
  );
#8507 = CARTESIAN_POINT('',(9.305888952792,1.359332707343,2.863931752143
    ));
#8508 = CARTESIAN_POINT('',(9.286165187682,1.75837520933,2.598308877545)
  );
#8509 = CARTESIAN_POINT('',(9.26644375729,2.098335522082,2.258380703134)
  );
#8510 = CARTESIAN_POINT('',(9.246722325991,2.363923704681,1.859313557824
    ));
#8511 = CARTESIAN_POINT('',(9.227000650793,2.544518690214,1.419723095272
    ));
#8512 = CARTESIAN_POINT('',(9.187556472108,2.725110174664,0.500005988876
    ));
#8513 = CARTESIAN_POINT('',(9.148111367151,2.544512968628,
    -0.419720788869));
#8514 = CARTESIAN_POINT('',(9.128388730965,2.36391907985,-0.859321747177
    ));
#8515 = CARTESIAN_POINT('',(9.108666481345,2.09834305119,-1.258395735078
    ));
#8516 = CARTESIAN_POINT('',(9.088944581664,1.758395437945,
    -1.598349572982));
#8517 = CARTESIAN_POINT('',(9.069222646833,1.359322757881,
    -1.863928879348));
#8518 = CARTESIAN_POINT('',(9.049500443441,0.919723247652,
    -2.044513318094));
#8519 = CARTESIAN_POINT('',(9.010055855476,-3.994056688428E-07,
    -2.225095284728));
#8520 = CARTESIAN_POINT('',(8.970611267511,-0.919723036945,
    -2.044508176582));
#8521 = CARTESIAN_POINT('',(8.950889064121,-1.359320948448,
    -1.863923779636));
#8522 = CARTESIAN_POINT('',(8.931167129288,-1.758396266464,
    -1.598356807802));
#8523 = CARTESIAN_POINT('',(8.9114452296,-2.098354193024,-1.258409062393
    ));
#8524 = CARTESIAN_POINT('',(8.891722979985,-2.363934175473,
    -0.859328155001));
#8525 = CARTESIAN_POINT('',(8.872000343806,-2.544513882615,
    -0.419721921255));
#8526 = CARTESIAN_POINT('',(8.832555238835,-2.725088988476,0.50000618505
    ));
#8527 = CARTESIAN_POINT('',(8.793111060154,-2.544506071448,
    1.419721962878));
#8528 = CARTESIAN_POINT('',(8.77338938514,-2.363929914481,1.859317505022
    ));
#8529 = CARTESIAN_POINT('',(8.753667953141,-2.098363644641,
    2.258382434573));
#8530 = CARTESIAN_POINT('',(8.733946523922,-1.758438488571,
    2.598372923143));
#8531 = CARTESIAN_POINT('',(8.714222757712,-1.359281935187,
    2.863945507491));
#8532 = CARTESIAN_POINT('',(8.694497398357,-0.919699712099,3.04447798183
    ));
#8533 = CARTESIAN_POINT('',(8.674778238755,-0.459880583737,
    3.134809255795));
#8534 = CARTESIAN_POINT('',(8.655056542844,-7.604842151191E-10,
    3.134818495274));
#8535 = ADVANCED_FACE('',(#8536),#8581,.F.);
#8536 = FACE_BOUND('',#8537,.F.);
#8537 = EDGE_LOOP('',(#8538,#8574,#8579,#8580));
#8538 = ORIENTED_EDGE('',*,*,#8539,.F.);
#8539 = EDGE_CURVE('',#8540,#8065,#8542,.T.);
#8540 = VERTEX_POINT('',#8541);
#8541 = CARTESIAN_POINT('',(10.075053793278,-9.877367798572E-08,
    3.134770229094));
#8542 = B_SPLINE_CURVE_WITH_KNOTS('',9,(#8543,#8544,#8545,#8546,#8547,
    #8548,#8549,#8550,#8551,#8552,#8553,#8554,#8555,#8556,#8557,#8558,
    #8559,#8560,#8561,#8562,#8563,#8564,#8565,#8566,#8567,#8568,#8569,
    #8570,#8571,#8572,#8573),.UNSPECIFIED.,.F.,.F.,(10,7,7,7,10),(0.,
    1.58079326614,3.161586532279,4.742379798419,6.323173064558),
  .UNSPECIFIED.);
#8543 = CARTESIAN_POINT('',(10.075053793278,-9.877367500572E-08,
    3.134770229094));
#8544 = CARTESIAN_POINT('',(10.055332097415,0.459876273091,
    3.134779485681));
#8545 = CARTESIAN_POINT('',(10.035612938067,0.919694818746,
    3.044555756673));
#8546 = CARTESIAN_POINT('',(10.015887577998,1.359320212234,
    2.863910126084));
#8547 = CARTESIAN_POINT('',(9.996163812818,1.758359065051,2.598289690783
    ));
#8548 = CARTESIAN_POINT('',(9.976442382462,2.098316269789,2.258364636246
    ));
#8549 = CARTESIAN_POINT('',(9.956720951199,2.363902027442,1.859301151257
    ));
#8550 = CARTESIAN_POINT('',(9.936999276026,2.544495367047,1.419714718538
    ));
#8551 = CARTESIAN_POINT('',(9.897555097352,2.725085214547,0.500006039569
    ));
#8552 = CARTESIAN_POINT('',(9.858109992366,2.544489679665,
    -0.419712317555));
#8553 = CARTESIAN_POINT('',(9.838387356161,2.36389745309,-0.859309252839
    ));
#8554 = CARTESIAN_POINT('',(9.818665106541,2.098323864325,
    -1.258379590315));
#8555 = CARTESIAN_POINT('',(9.798943206872,1.758379371244,
    -1.598330320687));
#8556 = CARTESIAN_POINT('',(9.779221272056,1.359310351528,
    -1.863907201975));
#8557 = CARTESIAN_POINT('',(9.759499068664,0.919714871066,
    -2.044489994901));
#8558 = CARTESIAN_POINT('',(9.720054480693,-3.487201906381E-07,
    -2.225070324634));
#8559 = CARTESIAN_POINT('',(9.680609892721,-0.919714565705,
    -2.044484887602));
#8560 = CARTESIAN_POINT('',(9.660887689332,-1.359308454158,
    -1.863902152828));
#8561 = CARTESIAN_POINT('',(9.641165754512,-1.758380121706,
    -1.598337620917));
#8562 = CARTESIAN_POINT('',(9.621443854839,-2.098334940746,
    -1.258392995684));
#8563 = CARTESIAN_POINT('',(9.601721605222,-2.363912498146,
    -0.859315748597));
#8564 = CARTESIAN_POINT('',(9.581998969024,-2.544490559439,
    -0.419713544594));
#8565 = CARTESIAN_POINT('',(9.542553864024,-2.725064028362,
    0.500006134372));
#8566 = CARTESIAN_POINT('',(9.503109685355,-2.544482782496,
    1.419713491491));
#8567 = CARTESIAN_POINT('',(9.483388010365,-2.363908287808,
    1.859305010519));
#8568 = CARTESIAN_POINT('',(9.463666578402,-2.098344457754,2.25836628963
    ));
#8569 = CARTESIAN_POINT('',(9.443945149219,-1.75842242234,2.598353670961
    ));
#8570 = CARTESIAN_POINT('',(9.424221382939,-1.359269528016,
    2.863923830862));
#8571 = CARTESIAN_POINT('',(9.404496023443,-0.919691334688,
    3.044454658311));
#8572 = CARTESIAN_POINT('',(9.384776863979,-0.459876421631,
    3.134785114153));
#8573 = CARTESIAN_POINT('',(9.365055168092,-4.976603614042E-08,
    3.134794362188));
#8574 = ORIENTED_EDGE('',*,*,#8575,.T.);
#8575 = EDGE_CURVE('',#8540,#8283,#8576,.T.);
#8576 = B_SPLINE_CURVE_WITH_KNOTS('',1,(#8577,#8578),.UNSPECIFIED.,.F.,
  .F.,(2,2),(0.,4.010346187924E-02),.PIECEWISE_BEZIER_KNOTS.);
#8577 = CARTESIAN_POINT('',(10.075053793278,-9.877368930572E-08,
    3.134770229094));
#8578 = CARTESIAN_POINT('',(10.034950331399,-9.803825002792E-08,
    3.134770074573));
#8579 = ORIENTED_EDGE('',*,*,#8282,.T.);
#8580 = ORIENTED_EDGE('',*,*,#8100,.F.);
#8581 = B_SPLINE_SURFACE_WITH_KNOTS('',1,9,(
    (#8582,#8583,#8584,#8585,#8586,#8587,#8588,#8589,#8590,#8591,#8592
      ,#8593,#8594,#8595,#8596,#8597,#8598,#8599,#8600,#8601,#8602,#8603
      ,#8604,#8605,#8606,#8607,#8608,#8609,#8610,#8611,#8612)
    ,(#8613,#8614,#8615,#8616,#8617,#8618,#8619,#8620,#8621,#8622,#8623
      ,#8624,#8625,#8626,#8627,#8628,#8629,#8630,#8631,#8632,#8633,#8634
      ,#8635,#8636,#8637,#8638,#8639,#8640,#8641,#8642,#8643
  )),.UNSPECIFIED.,.F.,.F.,.F.,(2,2),(10,7,7,7,10),(0.,
    4.010346187924E-02),(0.,1.58079326614,3.161586532279,4.742379798419,
    6.323173064558),.UNSPECIFIED.);
#8582 = CARTESIAN_POINT('',(10.075053793278,-9.877367478572E-08,
    3.134770229094));
#8583 = CARTESIAN_POINT('',(10.055332097415,0.459876273091,
    3.134779485681));
#8584 = CARTESIAN_POINT('',(10.035612938067,0.919694818746,
    3.044555756673));
#8585 = CARTESIAN_POINT('',(10.015887577998,1.359320212234,
    2.863910126084));
#8586 = CARTESIAN_POINT('',(9.996163812818,1.758359065051,2.598289690783
    ));
#8587 = CARTESIAN_POINT('',(9.976442382462,2.098316269789,2.258364636246
    ));
#8588 = CARTESIAN_POINT('',(9.956720951199,2.363902027442,1.859301151257
    ));
#8589 = CARTESIAN_POINT('',(9.936999276026,2.544495367047,1.419714718538
    ));
#8590 = CARTESIAN_POINT('',(9.897555097352,2.725085214547,0.500006039569
    ));
#8591 = CARTESIAN_POINT('',(9.858109992366,2.544489679665,
    -0.419712317555));
#8592 = CARTESIAN_POINT('',(9.838387356161,2.36389745309,-0.859309252839
    ));
#8593 = CARTESIAN_POINT('',(9.818665106541,2.098323864325,
    -1.258379590315));
#8594 = CARTESIAN_POINT('',(9.798943206872,1.758379371244,
    -1.598330320687));
#8595 = CARTESIAN_POINT('',(9.779221272056,1.359310351528,
    -1.863907201975));
#8596 = CARTESIAN_POINT('',(9.759499068664,0.919714871066,
    -2.044489994901));
#8597 = CARTESIAN_POINT('',(9.720054480693,-3.487201965481E-07,
    -2.225070324634));
#8598 = CARTESIAN_POINT('',(9.680609892721,-0.919714565705,
    -2.044484887602));
#8599 = CARTESIAN_POINT('',(9.660887689332,-1.359308454158,
    -1.863902152828));
#8600 = CARTESIAN_POINT('',(9.641165754512,-1.758380121706,
    -1.598337620917));
#8601 = CARTESIAN_POINT('',(9.621443854839,-2.098334940746,
    -1.258392995684));
#8602 = CARTESIAN_POINT('',(9.601721605222,-2.363912498146,
    -0.859315748597));
#8603 = CARTESIAN_POINT('',(9.581998969024,-2.544490559439,
    -0.419713544594));
#8604 = CARTESIAN_POINT('',(9.542553864024,-2.725064028362,
    0.500006134372));
#8605 = CARTESIAN_POINT('',(9.503109685355,-2.544482782496,
    1.419713491491));
#8606 = CARTESIAN_POINT('',(9.483388010365,-2.363908287808,
    1.859305010519));
#8607 = CARTESIAN_POINT('',(9.463666578402,-2.098344457754,2.25836628963
    ));
#8608 = CARTESIAN_POINT('',(9.443945149219,-1.75842242234,2.598353670961
    ));
#8609 = CARTESIAN_POINT('',(9.424221382939,-1.359269528017,
    2.863923830862));
#8610 = CARTESIAN_POINT('',(9.404496023443,-0.919691334688,
    3.044454658311));
#8611 = CARTESIAN_POINT('',(9.384776863979,-0.459876421631,
    3.134785114153));
#8612 = CARTESIAN_POINT('',(9.365055168092,-4.976603614042E-08,
    3.134794362188));
#8613 = CARTESIAN_POINT('',(10.034950331399,-9.803823505792E-08,
    3.134770074573));
#8614 = CARTESIAN_POINT('',(10.015228635536,0.459876237876,
    3.134779291593));
#8615 = CARTESIAN_POINT('',(9.99550947619,0.919694739791,3.044555341784)
  );
#8616 = CARTESIAN_POINT('',(9.97578411612,1.359319998138,2.863909970277)
  );
#8617 = CARTESIAN_POINT('',(9.956060350937,1.758359063114,2.598289662977
    ));
#8618 = CARTESIAN_POINT('',(9.936338920584,2.098316166149,2.258364501943
    ));
#8619 = CARTESIAN_POINT('',(9.91661748932,2.363901856174,1.859301052827)
  );
#8620 = CARTESIAN_POINT('',(9.896895814147,2.544495141366,1.419714643597
    ));
#8621 = CARTESIAN_POINT('',(9.857451635474,2.725084956242,0.500006039339
    ));
#8622 = CARTESIAN_POINT('',(9.818006530487,2.544489482429,
    -0.419712248661));
#8623 = CARTESIAN_POINT('',(9.798283894282,2.363897300138,
    -0.859309160788));
#8624 = CARTESIAN_POINT('',(9.778561644662,2.098323723605,
    -1.258379481762));
#8625 = CARTESIAN_POINT('',(9.758839744994,1.758379235015,
    -1.598330172467));
#8626 = CARTESIAN_POINT('',(9.739117810177,1.359310240813,
    -1.863907006567));
#8627 = CARTESIAN_POINT('',(9.719395606786,0.919714798094,
    -2.044489785179));
#8628 = CARTESIAN_POINT('',(9.679951018814,-3.476644272403E-07,
    -2.225070111546));
#8629 = CARTESIAN_POINT('',(9.640506430842,-0.919714494845,
    -2.044484699389));
#8630 = CARTESIAN_POINT('',(9.620784227453,-1.359308352293,
    -1.863901978542));
#8631 = CARTESIAN_POINT('',(9.601062292634,-1.758379982941,
    -1.598337440977));
#8632 = CARTESIAN_POINT('',(9.58134039296,-2.098334753305,
    -1.258392829243));
#8633 = CARTESIAN_POINT('',(9.561618143344,-2.363912281405,
    -0.859315628068));
#8634 = CARTESIAN_POINT('',(9.541895507146,-2.54449035874,
    -0.419713469654));
#8635 = CARTESIAN_POINT('',(9.502450402145,-2.725063860491,
    0.500006134603));
#8636 = CARTESIAN_POINT('',(9.463006223476,-2.544482610242,
    1.419713422596));
#8637 = CARTESIAN_POINT('',(9.443284548486,-2.363908089384,
    1.859304896366));
#8638 = CARTESIAN_POINT('',(9.423563116525,-2.098344233233,
    2.258366148935));
#8639 = CARTESIAN_POINT('',(9.403841687339,-1.758422149291,
    2.598353370609));
#8640 = CARTESIAN_POINT('',(9.384117921062,-1.359269529519,
    2.863923616988));
#8641 = CARTESIAN_POINT('',(9.364392561562,-0.919691269797,
    3.044454675259));
#8642 = CARTESIAN_POINT('',(9.3446734021,-0.459876384944,3.134784896185)
  );
#8643 = CARTESIAN_POINT('',(9.324951706214,-4.903057843261E-08,
    3.134794104654));
#8644 = ADVANCED_FACE('',(#8645),#8748,.T.);
#8645 = FACE_BOUND('',#8646,.T.);
#8646 = EDGE_LOOP('',(#8647,#8648,#8649,#8692,#8700,#8747));
#8647 = ORIENTED_EDGE('',*,*,#8218,.F.);
#8648 = ORIENTED_EDGE('',*,*,#8428,.F.);
#8649 = ORIENTED_EDGE('',*,*,#8650,.F.);
#8650 = EDGE_CURVE('',#8651,#8429,#8653,.T.);
#8651 = VERTEX_POINT('',#8652);
#8652 = CARTESIAN_POINT('',(10.026174153453,-4.964017626791E-15,-2.665)
  );
#8653 = B_SPLINE_CURVE_WITH_KNOTS('',7,(#8654,#8655,#8656,#8657,#8658,
    #8659,#8660,#8661,#8662,#8663,#8664,#8665,#8666,#8667,#8668,#8669,
    #8670,#8671,#8672,#8673,#8674,#8675,#8676,#8677,#8678,#8679,#8680,
    #8681,#8682,#8683,#8684,#8685,#8686,#8687,#8688,#8689,#8690,#8691),
  .UNSPECIFIED.,.F.,.F.,(8,6,6,6,6,6,8),(0.,4.888287116938E-02,
    0.278873303831,0.520451739399,0.732189610026,0.897057475874,1.),
  .UNSPECIFIED.);
#8654 = CARTESIAN_POINT('',(10.026174153453,-5.294017626791E-15,-2.665)
  );
#8655 = CARTESIAN_POINT('',(10.023695452494,-6.94282383599E-02,-2.665));
#8656 = CARTESIAN_POINT('',(10.021216734572,-0.138856568395,
    -2.663223168527));
#8657 = CARTESIAN_POINT('',(10.018737997976,-0.20823027289,
    -2.659669510115));
#8658 = CARTESIAN_POINT('',(10.016259241268,-0.277494798468,
    -2.654341119243));
#8659 = CARTESIAN_POINT('',(10.013780463276,-0.34659575559,
    -2.647242180341));
#8660 = CARTESIAN_POINT('',(10.011301663097,-0.415478918557,
    -2.638378967783));
#8661 = CARTESIAN_POINT('',(9.997160154151,-0.80690154558,-2.57779763254
    ));
#8662 = CARTESIAN_POINT('',(9.985491635128,-1.123843471207,
    -2.488942547712));
#8663 = CARTESIAN_POINT('',(9.973826875154,-1.429022943124,
    -2.362045418594));
#8664 = CARTESIAN_POINT('',(9.962163038018,-1.717058121073,
    -2.199096491564));
#8665 = CARTESIAN_POINT('',(9.950498089346,-1.98302316508,
    -2.002882485436));
#8666 = CARTESIAN_POINT('',(9.938829433171,-2.222440056525,
    -1.776991114711));
#8667 = CARTESIAN_POINT('',(9.914916622052,-2.651183644605,
    -1.262434945881));
#8668 = CARTESIAN_POINT('',(9.902660482818,-2.837604660125,
    -0.97090940839));
#8669 = CARTESIAN_POINT('',(9.890410897845,-2.986306968882,
    -0.656733197309));
#8670 = CARTESIAN_POINT('',(9.878163620211,-3.094205217106,
    -0.325805767354));
#8671 = CARTESIAN_POINT('',(9.865914636028,-3.159267552935,
    1.564120814184E-02));
#8672 = CARTESIAN_POINT('',(9.853658807616,-3.180508954685,
    0.361023394848));
#8673 = CARTESIAN_POINT('',(9.830671632487,-3.139126526568,
    1.003536145941));
#8674 = CARTESIAN_POINT('',(9.819930293591,-3.086522270481,
    1.301601346143));
#8675 = CARTESIAN_POINT('',(9.809190590415,-3.000903518277,
    1.593013217776));
#8676 = CARTESIAN_POINT('',(9.798451891747,-2.883357453644,1.87344443868
    ));
#8677 = CARTESIAN_POINT('',(9.78771172077,-2.735596894227,2.138808714595
    ));
#8678 = CARTESIAN_POINT('',(9.776970028234,-2.559945093318,
    2.385297068873));
#8679 = CARTESIAN_POINT('',(9.757872660946,-2.203436365649,
    2.784058822756));
#8680 = CARTESIAN_POINT('',(9.749512055999,-2.032279398068,
    2.945176135538));
#8681 = CARTESIAN_POINT('',(9.74115296726,-1.847458676359,3.091238935314
    ));
#8682 = CARTESIAN_POINT('',(9.732794974249,-1.650576087453,
    3.220886148417));
#8683 = CARTESIAN_POINT('',(9.724436497861,-1.443378427808,
    3.332967478815));
#8684 = CARTESIAN_POINT('',(9.716076376121,-1.227748957579,
    3.426549001613));
#8685 = CARTESIAN_POINT('',(9.702495743692,-0.867093263475,
    3.547417159478));
#8686 = CARTESIAN_POINT('',(9.697274928194,-0.725955876546,
    3.586406293888));
#8687 = CARTESIAN_POINT('',(9.69205359108,-0.582799644671,3.617761445087
    ));
#8688 = CARTESIAN_POINT('',(9.686831656732,-0.43812022447,3.64135997853)
  );
#8689 = CARTESIAN_POINT('',(9.681609167747,-0.292420374255,
    3.657119893704));
#8690 = CARTESIAN_POINT('',(9.676386569718,-0.146208995908,
    3.664999984571));
#8691 = CARTESIAN_POINT('',(9.671164996025,-1.767510385064E-07,3.665));
#8692 = ORIENTED_EDGE('',*,*,#8693,.T.);
#8693 = EDGE_CURVE('',#8651,#8694,#8696,.T.);
#8694 = VERTEX_POINT('',#8695);
#8695 = CARTESIAN_POINT('',(10.083810530541,-4.989613319951E-15,-2.665)
  );
#8696 = LINE('',#8697,#8698);
#8697 = CARTESIAN_POINT('',(6.446202902092,-4.304191022488E-15,-2.665));
#8698 = VECTOR('',#8699,1.);
#8699 = DIRECTION('',(1.,-8.840892098501E-16,4.4E-16));
#8700 = ORIENTED_EDGE('',*,*,#8701,.T.);
#8701 = EDGE_CURVE('',#8694,#8319,#8702,.T.);
#8702 = B_SPLINE_CURVE_WITH_KNOTS('',7,(#8703,#8704,#8705,#8706,#8707,
    #8708,#8709,#8710,#8711,#8712,#8713,#8714,#8715,#8716,#8717,#8718,
    #8719,#8720,#8721,#8722,#8723,#8724,#8725,#8726,#8727,#8728,#8729,
    #8730,#8731,#8732,#8733,#8734,#8735,#8736,#8737,#8738,#8739,#8740,
    #8741,#8742,#8743,#8744,#8745,#8746),.UNSPECIFIED.,.F.,.F.,(8,6,6,6,
    6,6,6,8),(0.,4.345850338779E-02,0.281435797485,0.374522799351,
    0.518530563239,0.732294792266,0.892100222851,1.),.UNSPECIFIED.);
#8703 = CARTESIAN_POINT('',(10.083810530541,-5.319613319951E-15,-2.665)
  );
#8704 = CARTESIAN_POINT('',(10.081606647825,-6.172605587588E-02,-2.665)
  );
#8705 = CARTESIAN_POINT('',(10.07940277733,-0.123452151781,
    -2.663595537115));
#8706 = CARTESIAN_POINT('',(10.077198920247,-0.185139875702,
    -2.660786611311));
#8707 = CARTESIAN_POINT('',(10.074995077924,-0.246750895088,
    -2.656574530421));
#8708 = CARTESIAN_POINT('',(10.072791251871,-0.308246956849,
    -2.650961910143));
#8709 = CARTESIAN_POINT('',(10.070587443753,-0.36958988736,
    -2.643952674043));
#8710 = CARTESIAN_POINT('',(10.056315784922,-0.76560626044,
    -2.58955053998));
#8711 = CARTESIAN_POINT('',(10.044242166388,-1.094913421891,
    -2.501801843092));
#8712 = CARTESIAN_POINT('',(10.03217438895,-1.412096376102,
    -2.373133393879));
#8713 = CARTESIAN_POINT('',(10.0201086602,-1.711168677809,-2.20570015959
    ));
#8714 = CARTESIAN_POINT('',(10.008041025158,-1.986661371088,
    -2.002563929837));
#8715 = CARTESIAN_POINT('',(9.995967484341,-2.233608066644,
    -1.767701579389));
#8716 = CARTESIAN_POINT('',(9.979178969749,-2.531681529168,
    -1.404020635874));
#8717 = CARTESIAN_POINT('',(9.974458287334,-2.610509568363,
    -1.297676661624));
#8718 = CARTESIAN_POINT('',(9.969737530301,-2.684114297011,
    -1.187540418735));
#8719 = CARTESIAN_POINT('',(9.96501668914,-2.752278401049,
    -1.073920526361));
#8720 = CARTESIAN_POINT('',(9.960295723355,-2.814808080487,
    -0.957140025373));
#8721 = CARTESIAN_POINT('',(9.955574637278,-2.871533332237,
    -0.837535898951));
#8722 = CARTESIAN_POINT('',(9.943549932778,-3.000858189056,
    -0.526602152683));
#8723 = CARTESIAN_POINT('',(9.936245671644,-3.065174579852,
    -0.33180979202));
#8724 = CARTESIAN_POINT('',(9.928941749994,-3.11470805935,
    -0.132392381215));
#8725 = CARTESIAN_POINT('',(9.9216381737,-3.149077191636,
    7.030328647824E-02));
#8726 = CARTESIAN_POINT('',(9.914334612373,-3.168048924051,
    0.274902768767));
#8727 = CARTESIAN_POINT('',(9.907031030991,-3.171539407368,
    0.480008805489));
#8728 = CARTESIAN_POINT('',(9.888888215654,-3.141964576531,0.98730686372
    ));
#8729 = CARTESIAN_POINT('',(9.878045296013,-3.090364485,1.288537173842)
  );
#8730 = CARTESIAN_POINT('',(9.867205845786,-3.005073372638,
    1.583144737617));
#8731 = CARTESIAN_POINT('',(9.856368623548,-2.887192047993,
    1.866671404998));
#8732 = CARTESIAN_POINT('',(9.845529551522,-2.738470997985,2.13490679286
    ));
#8733 = CARTESIAN_POINT('',(9.834686876299,-2.561294545267,
    2.383926612012));
#8734 = CARTESIAN_POINT('',(9.815742994562,-2.207527552591,
    2.779378504114));
#8735 = CARTESIAN_POINT('',(9.807637751088,-2.042023189188,
    2.935901126766));
#8736 = CARTESIAN_POINT('',(9.799532521344,-1.863643986211,
    3.078321752784));
#8737 = CARTESIAN_POINT('',(9.79142720666,-1.67384323032,3.205394775857)
  );
#8738 = CARTESIAN_POINT('',(9.783321482628,-1.474203755504,
    3.316060442857));
#8739 = CARTESIAN_POINT('',(9.775215789772,-1.266430878095,
    3.409449623407));
#8740 = CARTESIAN_POINT('',(9.761640344873,-0.90783176956,3.535877713708
    ));
#8741 = CARTESIAN_POINT('',(9.756169057406,-0.760414896371,
    3.578670896232));
#8742 = CARTESIAN_POINT('',(9.750698409074,-0.610675144453,
    3.613103147872));
#8743 = CARTESIAN_POINT('',(9.745228443216,-0.459181758385,
    3.639026520596));
#8744 = CARTESIAN_POINT('',(9.739758951036,-0.306512994114,
    3.656342050922));
#8745 = CARTESIAN_POINT('',(9.734289459163,-0.153254911233,
    3.664999984384));
#8746 = CARTESIAN_POINT('',(9.72881921721,-1.65250765792E-07,3.665));
#8747 = ORIENTED_EDGE('',*,*,#8325,.T.);
#8748 = CYLINDRICAL_SURFACE('',#8749,3.165);
#8749 = AXIS2_PLACEMENT_3D('',#8750,#8751,#8752);
#8750 = CARTESIAN_POINT('',(6.446202902092,-2.854191022488E-15,0.5));
#8751 = DIRECTION('',(1.,-5.540892098501E-16,4.4E-16));
#8752 = DIRECTION('',(4.4E-16,7.E-17,-1.));
#8753 = ADVANCED_FACE('',(#8754),#8836,.F.);
#8754 = FACE_BOUND('',#8755,.F.);
#8755 = EDGE_LOOP('',(#8756,#8792,#8799,#8834,#8835));
#8756 = ORIENTED_EDGE('',*,*,#8757,.F.);
#8757 = EDGE_CURVE('',#8758,#8283,#8760,.T.);
#8758 = VERTEX_POINT('',#8759);
#8759 = CARTESIAN_POINT('',(10.744948956522,-1.470481482832E-07,
    3.134746044501));
#8760 = B_SPLINE_CURVE_WITH_KNOTS('',9,(#8761,#8762,#8763,#8764,#8765,
    #8766,#8767,#8768,#8769,#8770,#8771,#8772,#8773,#8774,#8775,#8776,
    #8777,#8778,#8779,#8780,#8781,#8782,#8783,#8784,#8785,#8786,#8787,
    #8788,#8789,#8790,#8791),.UNSPECIFIED.,.F.,.F.,(10,7,7,7,10),(0.,
    1.58079326614,3.161586532279,4.742379798419,6.323173064558),
  .UNSPECIFIED.);
#8761 = CARTESIAN_POINT('',(10.744948956522,-1.470481470532E-07,
    3.134746044501));
#8762 = CARTESIAN_POINT('',(10.725227260683,0.45987199573,3.134755270069
    ));
#8763 = CARTESIAN_POINT('',(10.705508101474,0.919686303684,
    3.044532151952));
#8764 = CARTESIAN_POINT('',(10.685782741264,1.359307556173,
    2.863888436639));
#8765 = CARTESIAN_POINT('',(10.666058976011,1.758342987578,
    2.598270558257));
#8766 = CARTESIAN_POINT('',(10.646337545694,2.098296995894,
    2.258348503806));
#8767 = CARTESIAN_POINT('',(10.626616114465,2.363880271357,
    1.859288699409));
#8768 = CARTESIAN_POINT('',(10.606894439317,2.544471917682,
    1.419706302825));
#8769 = CARTESIAN_POINT('',(10.567450260655,2.725060102669,
    0.500006090035));
#8770 = CARTESIAN_POINT('',(10.528005155639,2.54446629295,
    -0.419703813303));
#8771 = CARTESIAN_POINT('',(10.508282519416,2.363875765803,
    -0.859296719592));
#8772 = CARTESIAN_POINT('',(10.488560269794,2.098304618782,
    -1.258363405745));
#8773 = CARTESIAN_POINT('',(10.468838370141,1.758363237066,
    -1.59831100221));
#8774 = CARTESIAN_POINT('',(10.449116435337,1.359297887607,
    -1.863885421616));
#8775 = CARTESIAN_POINT('',(10.429394231946,0.919706457469,
    -2.044466561469));
#8776 = CARTESIAN_POINT('',(10.389949643968,-2.969758945556E-07,
    -2.225045257997));
#8777 = CARTESIAN_POINT('',(10.350505055989,-0.919706059561,
    -2.044461509893));
#8778 = CARTESIAN_POINT('',(10.330782852603,-1.359295911147,
    -1.86388044416));
#8779 = CARTESIAN_POINT('',(10.311060917793,-1.758363906929,
    -1.598318336133));
#8780 = CARTESIAN_POINT('',(10.291339018138,-2.098315583066,
    -1.258376831286));
#8781 = CARTESIAN_POINT('',(10.271616768517,-2.363890696499,
    -0.859303274812));
#8782 = CARTESIAN_POINT('',(10.251894132302,-2.544467135046,
    -0.419705128955));
#8783 = CARTESIAN_POINT('',(10.212449027271,-2.725039006921,
    0.500006083922));
#8784 = CARTESIAN_POINT('',(10.173004848615,-2.544459420774,
    1.419704987165));
#8785 = CARTESIAN_POINT('',(10.153283173649,-2.363886555135,
    1.859292455006));
#8786 = CARTESIAN_POINT('',(10.133561741723,-2.098325128389,
    2.258350072737));
#8787 = CARTESIAN_POINT('',(10.113840312573,-1.758406151808,
    2.598334200467));
#8788 = CARTESIAN_POINT('',(10.094116546226,-1.359257175501,
    2.863902032777));
#8789 = CARTESIAN_POINT('',(10.074391186586,-0.919682928351,
    3.044431451226));
#8790 = CARTESIAN_POINT('',(10.054672027261,-0.459872240815,
    3.134760857556));
#8791 = CARTESIAN_POINT('',(10.034950331399,-9.803825002792E-08,
    3.134770074573));
#8792 = ORIENTED_EDGE('',*,*,#8793,.T.);
#8793 = EDGE_CURVE('',#8758,#8794,#8796,.T.);
#8794 = VERTEX_POINT('',#8795);
#8795 = CARTESIAN_POINT('',(10.438805784532,-1.657105611473E-07,3.665));
#8796 = B_SPLINE_CURVE_WITH_KNOTS('',1,(#8797,#8798),.UNSPECIFIED.,.F.,
  .F.,(2,2),(0.,0.659896538121),.PIECEWISE_BEZIER_KNOTS.);
#8797 = CARTESIAN_POINT('',(10.744948956522,-1.470481245032E-07,
    3.134746044501));
#8798 = CARTESIAN_POINT('',(10.414999953472,-1.671617603767E-07,
    3.706232786613));
#8799 = ORIENTED_EDGE('',*,*,#8800,.T.);
#8800 = EDGE_CURVE('',#8794,#8694,#8801,.T.);
#8801 = B_SPLINE_CURVE_WITH_KNOTS('',6,(#8802,#8803,#8804,#8805,#8806,
    #8807,#8808,#8809,#8810,#8811,#8812,#8813,#8814,#8815,#8816,#8817,
    #8818,#8819,#8820,#8821,#8822,#8823,#8824,#8825,#8826,#8827,#8828,
    #8829,#8830,#8831,#8832,#8833),.UNSPECIFIED.,.F.,.F.,(7,5,5,5,5,5,7)
  ,(0.,0.101550569569,0.265382223079,0.474325790972,0.682122198535,
    0.843796332379,1.),.UNSPECIFIED.);
#8802 = CARTESIAN_POINT('',(10.438805784532,-1.657105830673E-07,3.665));
#8803 = CARTESIAN_POINT('',(10.432799315064,0.168278539106,3.66500000045
    ));
#8804 = CARTESIAN_POINT('',(10.42679646424,0.336560819916,3.654263181918
    ));
#8805 = CARTESIAN_POINT('',(10.420793078524,0.503982725804,3.63278991849
    ));
#8806 = CARTESIAN_POINT('',(10.414787765541,0.6696919276,3.600671197636)
  );
#8807 = CARTESIAN_POINT('',(10.408780691891,0.832850663702,
    3.558088032189));
#8808 = CARTESIAN_POINT('',(10.393079165819,1.250424890355,
    3.420165418115));
#8809 = CARTESIAN_POINT('',(10.383381105491,1.499483644661,
    3.308473211194));
#8810 = CARTESIAN_POINT('',(10.373683003394,1.736313834849,
    3.171375732336));
#8811 = CARTESIAN_POINT('',(10.363986908266,1.957759217418,
    3.010607916624));
#8812 = CARTESIAN_POINT('',(10.354291171455,2.160952566918,
    2.828349758684));
#8813 = CARTESIAN_POINT('',(10.33223668405,2.576151520163,2.370975557925
    ));
#8814 = CARTESIAN_POINT('',(10.319873018083,2.775307047568,
    2.083966018209));
#8815 = CARTESIAN_POINT('',(10.307516244132,2.935638536424,
    1.772012628442));
#8816 = CARTESIAN_POINT('',(10.295157842211,3.053600652497,
    1.441700771473));
#8817 = CARTESIAN_POINT('',(10.282792620848,3.126813319323,
    1.100120391119));
#8818 = CARTESIAN_POINT('',(10.258136764051,3.182453804446,0.41178973237
    ));
#8819 = CARTESIAN_POINT('',(10.245837216396,3.165398469333,
    6.482332692949E-02));
#8820 = CARTESIAN_POINT('',(10.233542141117,3.102872947163,
    -0.278294721555));
#8821 = CARTESIAN_POINT('',(10.221247752082,2.996056238439,
    -0.61030330854));
#8822 = CARTESIAN_POINT('',(10.208948991265,2.847335869603,
    -0.924244312139));
#8823 = CARTESIAN_POINT('',(10.18709004286,2.515825787031,
    -1.438974147915));
#8824 = CARTESIAN_POINT('',(10.177523963665,2.347863880083,
    -1.649506803528));
#8825 = CARTESIAN_POINT('',(10.167959564771,2.158907328259,
    -1.842354324092));
#8826 = CARTESIAN_POINT('',(10.158395086115,1.951323268417,
    -2.014991408196));
#8827 = CARTESIAN_POINT('',(10.148828877467,1.727821091097,
    -2.165264405643));
#8828 = CARTESIAN_POINT('',(10.130022171293,1.26322749457,
    -2.413499842241));
#8829 = CARTESIAN_POINT('',(10.120779325643,1.022930029165,
    -2.513090755479));
#8830 = CARTESIAN_POINT('',(10.111537498942,0.773438183568,
    -2.588780480143));
#8831 = CARTESIAN_POINT('',(10.102295482037,0.51771804494,
    -2.639597073985));
#8832 = CARTESIAN_POINT('',(10.093052351374,0.25884369653,
    -2.664999999999));
#8833 = CARTESIAN_POINT('',(10.083810530541,-5.479613319951E-15,-2.665)
  );
#8834 = ORIENTED_EDGE('',*,*,#8701,.T.);
#8835 = ORIENTED_EDGE('',*,*,#8318,.F.);
#8836 = B_SPLINE_SURFACE_WITH_KNOTS('',1,9,(
    (#8837,#8838,#8839,#8840,#8841,#8842,#8843,#8844,#8845,#8846,#8847
      ,#8848,#8849,#8850,#8851,#8852,#8853,#8854,#8855,#8856,#8857,#8858
      ,#8859,#8860,#8861,#8862,#8863,#8864,#8865,#8866,#8867)
    ,(#8868,#8869,#8870,#8871,#8872,#8873,#8874,#8875,#8876,#8877,#8878
      ,#8879,#8880,#8881,#8882,#8883,#8884,#8885,#8886,#8887,#8888,#8889
      ,#8890,#8891,#8892,#8893,#8894,#8895,#8896,#8897,#8898
  )),.UNSPECIFIED.,.F.,.F.,.F.,(2,2),(10,7,7,7,10),(0.,0.659896538121),(
    0.,1.58079326614,3.161586532279,4.742379798419,6.323173064558),
  .UNSPECIFIED.);
#8837 = CARTESIAN_POINT('',(10.744948956522,-1.470481470532E-07,
    3.134746044501));
#8838 = CARTESIAN_POINT('',(10.725227260683,0.45987199573,3.134755270069
    ));
#8839 = CARTESIAN_POINT('',(10.705508101474,0.919686303684,
    3.044532151952));
#8840 = CARTESIAN_POINT('',(10.685782741264,1.359307556173,
    2.863888436639));
#8841 = CARTESIAN_POINT('',(10.666058976011,1.758342987578,
    2.598270558257));
#8842 = CARTESIAN_POINT('',(10.646337545694,2.098296995894,
    2.258348503806));
#8843 = CARTESIAN_POINT('',(10.626616114465,2.363880271357,
    1.859288699409));
#8844 = CARTESIAN_POINT('',(10.606894439317,2.544471917682,
    1.419706302825));
#8845 = CARTESIAN_POINT('',(10.567450260655,2.725060102669,
    0.500006090035));
#8846 = CARTESIAN_POINT('',(10.528005155639,2.54446629295,
    -0.419703813303));
#8847 = CARTESIAN_POINT('',(10.508282519416,2.363875765803,
    -0.859296719592));
#8848 = CARTESIAN_POINT('',(10.488560269794,2.098304618782,
    -1.258363405745));
#8849 = CARTESIAN_POINT('',(10.468838370141,1.758363237066,
    -1.59831100221));
#8850 = CARTESIAN_POINT('',(10.449116435337,1.359297887607,
    -1.863885421616));
#8851 = CARTESIAN_POINT('',(10.429394231946,0.919706457469,
    -2.044466561469));
#8852 = CARTESIAN_POINT('',(10.389949643968,-2.969758945556E-07,
    -2.225045257997));
#8853 = CARTESIAN_POINT('',(10.350505055989,-0.919706059561,
    -2.044461509893));
#8854 = CARTESIAN_POINT('',(10.330782852603,-1.359295911147,
    -1.86388044416));
#8855 = CARTESIAN_POINT('',(10.311060917793,-1.758363906929,
    -1.598318336133));
#8856 = CARTESIAN_POINT('',(10.291339018138,-2.098315583066,
    -1.258376831286));
#8857 = CARTESIAN_POINT('',(10.271616768517,-2.363890696499,
    -0.859303274812));
#8858 = CARTESIAN_POINT('',(10.251894132302,-2.544467135046,
    -0.419705128955));
#8859 = CARTESIAN_POINT('',(10.212449027271,-2.725039006921,
    0.500006083922));
#8860 = CARTESIAN_POINT('',(10.173004848615,-2.544459420774,
    1.419704987165));
#8861 = CARTESIAN_POINT('',(10.153283173649,-2.363886555135,
    1.859292455006));
#8862 = CARTESIAN_POINT('',(10.133561741723,-2.098325128389,
    2.258350072737));
#8863 = CARTESIAN_POINT('',(10.113840312573,-1.758406151808,
    2.598334200467));
#8864 = CARTESIAN_POINT('',(10.094116546226,-1.359257175501,
    2.863902032777));
#8865 = CARTESIAN_POINT('',(10.074391186586,-0.919682928351,
    3.044431451226));
#8866 = CARTESIAN_POINT('',(10.054672027261,-0.459872240815,
    3.134760857556));
#8867 = CARTESIAN_POINT('',(10.034950331399,-9.803825002792E-08,
    3.134770074573));
#8868 = CARTESIAN_POINT('',(10.414999953472,-1.671617823367E-07,
    3.706232786613));
#8869 = CARTESIAN_POINT('',(10.395277695617,0.559593681149,3.70624169121
    ));
#8870 = CARTESIAN_POINT('',(10.37555526604,1.119189132924,3.596440607241
    ));
#8871 = CARTESIAN_POINT('',(10.355833256016,1.654157220121,
    3.376605768129));
#8872 = CARTESIAN_POINT('',(10.336111138845,2.139726355383,
    3.053400510701));
#8873 = CARTESIAN_POINT('',(10.316388862397,2.55342908807,2.63974653135)
  );
#8874 = CARTESIAN_POINT('',(10.296666586971,2.87661190352,2.154125078537
    ));
#8875 = CARTESIAN_POINT('',(10.276944327609,3.096373415022,
    1.619193228743));
#8876 = CARTESIAN_POINT('',(10.237499865164,3.316130512479,
    0.500005958853));
#8877 = CARTESIAN_POINT('',(10.198055465459,3.096368299774,
    -0.619188952138));
#8878 = CARTESIAN_POINT('',(10.178333271267,2.876609673323,
    -1.154129173793));
#8879 = CARTESIAN_POINT('',(10.158611050898,2.553436038661,
    -1.639757273788));
#8880 = CARTESIAN_POINT('',(10.138888806835,2.139756790469,
    -2.053442731505));
#8881 = CARTESIAN_POINT('',(10.119166565153,1.654129113032,
    -2.376620031244));
#8882 = CARTESIAN_POINT('',(10.099444341653,1.119189903884,
    -2.596368825535));
#8883 = CARTESIAN_POINT('',(10.059999906929,-2.34167557659E-07,
    -2.816115523866));
#8884 = CARTESIAN_POINT('',(10.020555472204,-1.119189422278,
    -2.596363987454));
#8885 = CARTESIAN_POINT('',(10.000833248708,-1.654127115486,
    -2.376615281552));
#8886 = CARTESIAN_POINT('',(9.98111100702,-2.13975735611,-2.053449874298
    ));
#8887 = CARTESIAN_POINT('',(9.961388762954,-2.553446548696,
    -1.639770306405));
#8888 = CARTESIAN_POINT('',(9.941666542588,-2.876624025203,
    -1.154135588606));
#8889 = CARTESIAN_POINT('',(9.921944348404,-3.096369076844,
    -0.619190319119));
#8890 = CARTESIAN_POINT('',(9.882499948684,-3.316110160779,
    0.500005848288));
#8891 = CARTESIAN_POINT('',(9.843055486244,-3.096361394206,
    1.619191861755));
#8892 = CARTESIAN_POINT('',(9.823333227058,-2.876618017879,
    2.154128610878));
#8893 = CARTESIAN_POINT('',(9.803610950961,-2.55345629587,2.63974796435)
  );
#8894 = CARTESIAN_POINT('',(9.783888675638,-2.139787372401,3.05346184071
    ));
#8895 = CARTESIAN_POINT('',(9.764166557412,-1.654108707172,
    3.376618832517));
#8896 = CARTESIAN_POINT('',(9.744444547937,-1.119185974373,
    3.596343422908));
#8897 = CARTESIAN_POINT('',(9.724722118248,-0.559594018791,
    3.706247063968));
#8898 = CARTESIAN_POINT('',(9.704999860371,-1.704804178514E-07,
    3.706255969143));
#8899 = ADVANCED_FACE('',(#8900),#8947,.F.);
#8900 = FACE_BOUND('',#8901,.F.);
#8901 = EDGE_LOOP('',(#8902,#8939,#8944,#8945,#8946));
#8902 = ORIENTED_EDGE('',*,*,#8903,.F.);
#8903 = EDGE_CURVE('',#8904,#8651,#8906,.T.);
#8904 = VERTEX_POINT('',#8905);
#8905 = CARTESIAN_POINT('',(10.381179370245,-1.772137641217E-07,3.665));
#8906 = B_SPLINE_CURVE_WITH_KNOTS('',6,(#8907,#8908,#8909,#8910,#8911,
    #8912,#8913,#8914,#8915,#8916,#8917,#8918,#8919,#8920,#8921,#8922,
    #8923,#8924,#8925,#8926,#8927,#8928,#8929,#8930,#8931,#8932,#8933,
    #8934,#8935,#8936,#8937,#8938),.UNSPECIFIED.,.F.,.F.,(7,5,5,5,5,5,7)
  ,(0.,9.800523509961E-02,0.268199853785,0.471076651434,0.684284271769,
    0.846002399201,1.),.UNSPECIFIED.);
#8907 = CARTESIAN_POINT('',(10.381179370245,-1.772137501817E-07,3.665));
#8908 = CARTESIAN_POINT('',(10.375379487234,0.162403368408,
    3.665000001024));
#8909 = CARTESIAN_POINT('',(10.369575814827,0.324809518943,
    3.654999847543));
#8910 = CARTESIAN_POINT('',(10.363772734934,0.486442596161,
    3.634999907442));
#8911 = CARTESIAN_POINT('',(10.35797142144,0.64653636917,3.605079066272)
  );
#8912 = CARTESIAN_POINT('',(10.352171593599,0.804336651838,
    3.565394339279));
#8913 = CARTESIAN_POINT('',(10.336303974979,1.22787069408,3.430716340394
    ));
#8914 = CARTESIAN_POINT('',(10.326237199261,1.48754385362,3.316498522308
    ));
#8915 = CARTESIAN_POINT('',(10.316174613378,1.73417588648,3.174763460663
    ));
#8916 = CARTESIAN_POINT('',(10.306109663294,1.964221467618,3.00744585103
    ));
#8917 = CARTESIAN_POINT('',(10.296040514846,2.174467725937,
    2.816992644138));
#8918 = CARTESIAN_POINT('',(10.273968220407,2.585926941392,
    2.355593559916));
#8919 = CARTESIAN_POINT('',(10.261958749197,2.777771588737,
    2.076079692109));
#8920 = CARTESIAN_POINT('',(10.249952260909,2.932956906113,
    1.773215844814));
#8921 = CARTESIAN_POINT('',(10.237947247384,3.04824122799,1.453030706969
    ));
#8922 = CARTESIAN_POINT('',(10.225939154478,3.121433935279,
    1.122009380862));
#8923 = CARTESIAN_POINT('',(10.20132215391,3.184002387269,0.435364682149
    ));
#8924 = CARTESIAN_POINT('',(10.18870445111,3.168944381932,
    7.908043207859E-02));
#8925 = CARTESIAN_POINT('',(10.176093554504,3.105952609516,
    -0.273427792457));
#8926 = CARTESIAN_POINT('',(10.163481968293,2.996279845849,
    -0.614311513844));
#8927 = CARTESIAN_POINT('',(10.150863546209,2.842499029194,
    -0.936052896554));
#8928 = CARTESIAN_POINT('',(10.128681839818,2.502553566896,
    -1.456083996264));
#8929 = CARTESIAN_POINT('',(10.119112484759,2.333113084378,
    -1.665523166095));
#8930 = CARTESIAN_POINT('',(10.109544394245,2.14278786456,
    -1.857124471347));
#8931 = CARTESIAN_POINT('',(10.099976360097,1.933964202685,
    -2.028376883767));
#8932 = CARTESIAN_POINT('',(10.090407058172,1.709368440509,
    -2.177143710584));
#8933 = CARTESIAN_POINT('',(10.071728322498,1.246237608778,
    -2.420485837486));
#8934 = CARTESIAN_POINT('',(10.062616577693,1.008825347311,
    -2.517337899156));
#8935 = CARTESIAN_POINT('',(10.053506266966,0.762598804245,-2.5909189571
    ));
#8936 = CARTESIAN_POINT('',(10.044396168817,0.510403925684,
    -2.640309618991));
#8937 = CARTESIAN_POINT('',(10.035284767351,0.255187650243,
    -2.664999999999));
#8938 = CARTESIAN_POINT('',(10.026174153453,-5.184017626791E-15,-2.665)
  );
#8939 = ORIENTED_EDGE('',*,*,#8940,.T.);
#8940 = EDGE_CURVE('',#8904,#8540,#8941,.T.);
#8941 = B_SPLINE_CURVE_WITH_KNOTS('',1,(#8942,#8943),.UNSPECIFIED.,.F.,
  .F.,(2,2),(0.,0.659896538121),.PIECEWISE_BEZIER_KNOTS.);
#8942 = CARTESIAN_POINT('',(10.404999860366,-1.833174069723E-07,
    3.706258666279));
#8943 = CARTESIAN_POINT('',(10.075053793278,-9.877368930572E-08,
    3.134770229094));
#8944 = ORIENTED_EDGE('',*,*,#8539,.T.);
#8945 = ORIENTED_EDGE('',*,*,#8465,.F.);
#8946 = ORIENTED_EDGE('',*,*,#8650,.F.);
#8947 = B_SPLINE_SURFACE_WITH_KNOTS('',1,9,(
    (#8948,#8949,#8950,#8951,#8952,#8953,#8954,#8955,#8956,#8957,#8958
      ,#8959,#8960,#8961,#8962,#8963,#8964,#8965,#8966,#8967,#8968,#8969
      ,#8970,#8971,#8972,#8973,#8974,#8975,#8976,#8977,#8978)
    ,(#8979,#8980,#8981,#8982,#8983,#8984,#8985,#8986,#8987,#8988,#8989
      ,#8990,#8991,#8992,#8993,#8994,#8995,#8996,#8997,#8998,#8999,#9000
      ,#9001,#9002,#9003,#9004,#9005,#9006,#9007,#9008,#9009
  )),.UNSPECIFIED.,.F.,.F.,.F.,(2,2),(10,7,7,7,10),(0.,0.659896538121),(
    0.,1.58079326614,3.161586532279,4.742379798419,6.323173064558),
  .UNSPECIFIED.);
#8948 = CARTESIAN_POINT('',(10.404999860366,-1.833173929523E-07,
    3.706258666279));
#8949 = CARTESIAN_POINT('',(10.385277602486,0.559598337755,
    3.706268262097));
#8950 = CARTESIAN_POINT('',(10.36555517276,1.119198600771,3.596470238648
    ));
#8951 = CARTESIAN_POINT('',(10.34583316287,1.654172914877,3.376629287961
    ));
#8952 = CARTESIAN_POINT('',(10.326111045819,2.139741857451,
    3.053419460727));
#8953 = CARTESIAN_POINT('',(10.306388769287,2.553449357442,
    2.639764349767));
#8954 = CARTESIAN_POINT('',(10.286666493848,2.8766356904,2.154138759738)
  );
#8955 = CARTESIAN_POINT('',(10.266944234451,3.096399741153,
    1.619202632274));
#8956 = CARTESIAN_POINT('',(10.227499771993,3.316158998145,0.5000059663)
  );
#8957 = CARTESIAN_POINT('',(10.188055372321,3.096394131738,
    -0.619198243646));
#8958 = CARTESIAN_POINT('',(10.16833317815,2.876633143999,
    -1.154142737532));
#8959 = CARTESIAN_POINT('',(10.148610957783,2.553456959657,
    -1.63977463728));
#8960 = CARTESIAN_POINT('',(10.128888713703,2.139774642314,
    -2.05346377902));
#8961 = CARTESIAN_POINT('',(10.109166472007,1.654143008452,
    -2.376644239594));
#8962 = CARTESIAN_POINT('',(10.089444248506,1.119199272915,
    -2.596394873142));
#8963 = CARTESIAN_POINT('',(10.049999813789,-2.491627258346E-07,
    -2.816143220245));
#8964 = CARTESIAN_POINT('',(10.010555379071,-1.11919874804,
    -2.596389661946));
#8965 = CARTESIAN_POINT('',(9.990833155574,-1.654140850476,
    -2.376639124664));
#8966 = CARTESIAN_POINT('',(9.971110913874,-2.139775246951,
    -2.053471479912));
#8967 = CARTESIAN_POINT('',(9.951388669788,-2.553468280787,
    -1.639788685614));
#8968 = CARTESIAN_POINT('',(9.931666449426,-2.876648605885,
    -1.154149655388));
#8969 = CARTESIAN_POINT('',(9.911944255262,-3.096394966941,
    -0.619199722568));
#8970 = CARTESIAN_POINT('',(9.872499855574,-3.31613706792,0.500005840824
    ));
#8971 = CARTESIAN_POINT('',(9.833055393121,-3.096386790113,
    1.619201153344));
#8972 = CARTESIAN_POINT('',(9.813333133915,-2.876642282163,
    2.154142560562));
#8973 = CARTESIAN_POINT('',(9.793610857752,-2.553478679628,
    2.639765889035));
#8974 = CARTESIAN_POINT('',(9.773888582432,-2.139807611968,
    3.053485543547));
#8975 = CARTESIAN_POINT('',(9.754166464244,-1.654120644644,
    3.376643362493));
#8976 = CARTESIAN_POINT('',(9.734444454947,-1.11919520315,3.596365514334
    ));
#8977 = CARTESIAN_POINT('',(9.714722025101,-0.55959870771,3.706274050509
    ));
#8978 = CARTESIAN_POINT('',(9.694999767196,-1.866385308569E-07,
    3.706283646905));
#8979 = CARTESIAN_POINT('',(10.075053793278,-9.877367500572E-08,
    3.134770229094));
#8980 = CARTESIAN_POINT('',(10.055332097415,0.459876273091,
    3.134779485681));
#8981 = CARTESIAN_POINT('',(10.035612938067,0.919694818746,
    3.044555756673));
#8982 = CARTESIAN_POINT('',(10.015887577998,1.359320212234,
    2.863910126084));
#8983 = CARTESIAN_POINT('',(9.996163812818,1.758359065051,2.598289690783
    ));
#8984 = CARTESIAN_POINT('',(9.976442382462,2.098316269789,2.258364636246
    ));
#8985 = CARTESIAN_POINT('',(9.956720951199,2.363902027442,1.859301151257
    ));
#8986 = CARTESIAN_POINT('',(9.936999276026,2.544495367047,1.419714718538
    ));
#8987 = CARTESIAN_POINT('',(9.897555097352,2.725085214547,0.500006039569
    ));
#8988 = CARTESIAN_POINT('',(9.858109992366,2.544489679665,
    -0.419712317555));
#8989 = CARTESIAN_POINT('',(9.838387356161,2.36389745309,-0.859309252839
    ));
#8990 = CARTESIAN_POINT('',(9.818665106541,2.098323864325,
    -1.258379590315));
#8991 = CARTESIAN_POINT('',(9.798943206872,1.758379371244,
    -1.598330320687));
#8992 = CARTESIAN_POINT('',(9.779221272056,1.359310351528,
    -1.863907201975));
#8993 = CARTESIAN_POINT('',(9.759499068664,0.919714871066,
    -2.044489994901));
#8994 = CARTESIAN_POINT('',(9.720054480693,-3.487201906381E-07,
    -2.225070324634));
#8995 = CARTESIAN_POINT('',(9.680609892721,-0.919714565705,
    -2.044484887602));
#8996 = CARTESIAN_POINT('',(9.660887689332,-1.359308454158,
    -1.863902152828));
#8997 = CARTESIAN_POINT('',(9.641165754512,-1.758380121706,
    -1.598337620917));
#8998 = CARTESIAN_POINT('',(9.621443854839,-2.098334940746,
    -1.258392995684));
#8999 = CARTESIAN_POINT('',(9.601721605222,-2.363912498146,
    -0.859315748597));
#9000 = CARTESIAN_POINT('',(9.581998969024,-2.544490559439,
    -0.419713544594));
#9001 = CARTESIAN_POINT('',(9.542553864024,-2.725064028362,
    0.500006134372));
#9002 = CARTESIAN_POINT('',(9.503109685355,-2.544482782496,
    1.419713491491));
#9003 = CARTESIAN_POINT('',(9.483388010365,-2.363908287808,
    1.859305010519));
#9004 = CARTESIAN_POINT('',(9.463666578402,-2.098344457754,2.25836628963
    ));
#9005 = CARTESIAN_POINT('',(9.443945149219,-1.75842242234,2.598353670961
    ));
#9006 = CARTESIAN_POINT('',(9.424221382939,-1.359269528016,
    2.863923830862));
#9007 = CARTESIAN_POINT('',(9.404496023443,-0.919691334688,
    3.044454658311));
#9008 = CARTESIAN_POINT('',(9.384776863979,-0.459876421631,
    3.134785114153));
#9009 = CARTESIAN_POINT('',(9.365055168092,-4.976603614042E-08,
    3.134794362188));
#9010 = ADVANCED_FACE('',(#9011),#9056,.F.);
#9011 = FACE_BOUND('',#9012,.F.);
#9012 = EDGE_LOOP('',(#9013,#9049,#9054,#9055));
#9013 = ORIENTED_EDGE('',*,*,#9014,.F.);
#9014 = EDGE_CURVE('',#9015,#8540,#9017,.T.);
#9015 = VERTEX_POINT('',#9016);
#9016 = CARTESIAN_POINT('',(10.785052418401,-1.47783579301E-07,
    3.134746096008));
#9017 = B_SPLINE_CURVE_WITH_KNOTS('',9,(#9018,#9019,#9020,#9021,#9022,
    #9023,#9024,#9025,#9026,#9027,#9028,#9029,#9030,#9031,#9032,#9033,
    #9034,#9035,#9036,#9037,#9038,#9039,#9040,#9041,#9042,#9043,#9044,
    #9045,#9046,#9047,#9048),.UNSPECIFIED.,.F.,.F.,(10,7,7,7,10),(0.,
    1.58079326614,3.161586532279,4.742379798419,6.323173064558),
  .UNSPECIFIED.);
#9018 = CARTESIAN_POINT('',(10.785052418401,-1.47783577681E-07,
    3.134746096008));
#9019 = CARTESIAN_POINT('',(10.765330722562,0.45987201297,3.134755361143
    ));
#9020 = CARTESIAN_POINT('',(10.745611563353,0.919686346678,
    3.044532467356));
#9021 = CARTESIAN_POINT('',(10.725886203142,1.359307717121,
    2.863888500026));
#9022 = CARTESIAN_POINT('',(10.706162437892,1.758342920769,
    2.598270504024));
#9023 = CARTESIAN_POINT('',(10.686441007572,2.098297017493,
    2.258348569359));
#9024 = CARTESIAN_POINT('',(10.666719576344,2.363880350202,
    1.859288744693));
#9025 = CARTESIAN_POINT('',(10.646997901196,2.544472043878,
    1.419706341807));
#9026 = CARTESIAN_POINT('',(10.607553722534,2.72506025443,0.500006090266
    ));
#9027 = CARTESIAN_POINT('',(10.568108617518,2.544466390702,
    -0.419703846238));
#9028 = CARTESIAN_POINT('',(10.548385981295,2.363875826332,
    -0.859296758498));
#9029 = CARTESIAN_POINT('',(10.528663731673,2.098304677461,
    -1.258363445549));
#9030 = CARTESIAN_POINT('',(10.508941832019,1.758363304546,
    -1.598311068391));
#9031 = CARTESIAN_POINT('',(10.489219897216,1.359297945177,-1.8638855246
    ));
#9032 = CARTESIAN_POINT('',(10.469497693825,0.919706494482,
    -2.044466671707));
#9033 = CARTESIAN_POINT('',(10.430053105847,-2.980317123234E-07,
    -2.22504536454));
#9034 = CARTESIAN_POINT('',(10.390608517869,-0.919706094463,
    -2.044461598622));
#9035 = CARTESIAN_POINT('',(10.370886314482,-1.359295959867,
    -1.863880526022));
#9036 = CARTESIAN_POINT('',(10.351164379672,-1.758363976946,
    -1.598318434033));
#9037 = CARTESIAN_POINT('',(10.331442480016,-2.098315688467,
    -1.258376928978));
#9038 = CARTESIAN_POINT('',(10.311720230397,-2.363890820817,
    -0.859303342197));
#9039 = CARTESIAN_POINT('',(10.291997594181,-2.544467236261,
    -0.419705167936));
#9040 = CARTESIAN_POINT('',(10.25255248915,-2.725039068248,
    0.500006083692));
#9041 = CARTESIAN_POINT('',(10.213108310494,-2.544459493544,
    1.419705020101));
#9042 = CARTESIAN_POINT('',(10.193386635529,-2.363886661135,
    1.859292516014));
#9043 = CARTESIAN_POINT('',(10.173665203601,-2.09832527087,
    2.258350144682));
#9044 = CARTESIAN_POINT('',(10.153943774454,-1.75840635611,2.59833441878
    ));
#9045 = CARTESIAN_POINT('',(10.134220008104,-1.35925712085,
    2.863902154231));
#9046 = CARTESIAN_POINT('',(10.114494648467,-0.919682957281,
    3.044431334792));
#9047 = CARTESIAN_POINT('',(10.09477548914,-0.459872259526,3.13476097251
    ));
#9048 = CARTESIAN_POINT('',(10.075053793278,-9.877368930572E-08,
    3.134770229094));
#9049 = ORIENTED_EDGE('',*,*,#9050,.T.);
#9050 = EDGE_CURVE('',#9015,#8758,#9051,.T.);
#9051 = B_SPLINE_CURVE_WITH_KNOTS('',1,(#9052,#9053),.UNSPECIFIED.,.F.,
  .F.,(2,2),(0.,4.010346187924E-02),.PIECEWISE_BEZIER_KNOTS.);
#9052 = CARTESIAN_POINT('',(10.785052418401,-1.47783555341E-07,
    3.134746096008));
#9053 = CARTESIAN_POINT('',(10.744948956522,-1.470481245032E-07,
    3.134746044501));
#9054 = ORIENTED_EDGE('',*,*,#8757,.T.);
#9055 = ORIENTED_EDGE('',*,*,#8575,.F.);
#9056 = B_SPLINE_SURFACE_WITH_KNOTS('',1,9,(
    (#9057,#9058,#9059,#9060,#9061,#9062,#9063,#9064,#9065,#9066,#9067
      ,#9068,#9069,#9070,#9071,#9072,#9073,#9074,#9075,#9076,#9077,#9078
      ,#9079,#9080,#9081,#9082,#9083,#9084,#9085,#9086,#9087)
    ,(#9088,#9089,#9090,#9091,#9092,#9093,#9094,#9095,#9096,#9097,#9098
      ,#9099,#9100,#9101,#9102,#9103,#9104,#9105,#9106,#9107,#9108,#9109
      ,#9110,#9111,#9112,#9113,#9114,#9115,#9116,#9117,#9118
  )),.UNSPECIFIED.,.F.,.F.,.F.,(2,2),(10,7,7,7,10),(0.,
    4.010346187924E-02),(0.,1.58079326614,3.161586532279,4.742379798419,
    6.323173064558),.UNSPECIFIED.);
#9057 = CARTESIAN_POINT('',(10.785052418401,-1.47783577681E-07,
    3.134746096008));
#9058 = CARTESIAN_POINT('',(10.765330722562,0.45987201297,3.134755361143
    ));
#9059 = CARTESIAN_POINT('',(10.745611563353,0.919686346678,
    3.044532467356));
#9060 = CARTESIAN_POINT('',(10.725886203142,1.359307717121,
    2.863888500026));
#9061 = CARTESIAN_POINT('',(10.706162437892,1.758342920769,
    2.598270504024));
#9062 = CARTESIAN_POINT('',(10.686441007572,2.098297017493,
    2.258348569359));
#9063 = CARTESIAN_POINT('',(10.666719576344,2.363880350202,
    1.859288744693));
#9064 = CARTESIAN_POINT('',(10.646997901196,2.544472043878,
    1.419706341807));
#9065 = CARTESIAN_POINT('',(10.607553722534,2.72506025443,0.500006090266
    ));
#9066 = CARTESIAN_POINT('',(10.568108617518,2.544466390702,
    -0.419703846238));
#9067 = CARTESIAN_POINT('',(10.548385981295,2.363875826331,
    -0.859296758498));
#9068 = CARTESIAN_POINT('',(10.528663731673,2.098304677461,
    -1.258363445549));
#9069 = CARTESIAN_POINT('',(10.508941832019,1.758363304546,
    -1.598311068391));
#9070 = CARTESIAN_POINT('',(10.489219897216,1.359297945177,-1.8638855246
    ));
#9071 = CARTESIAN_POINT('',(10.469497693825,0.919706494482,
    -2.044466671707));
#9072 = CARTESIAN_POINT('',(10.430053105847,-2.980316988834E-07,
    -2.22504536454));
#9073 = CARTESIAN_POINT('',(10.390608517869,-0.919706094463,
    -2.044461598622));
#9074 = CARTESIAN_POINT('',(10.370886314482,-1.359295959867,
    -1.863880526023));
#9075 = CARTESIAN_POINT('',(10.351164379672,-1.758363976946,
    -1.598318434033));
#9076 = CARTESIAN_POINT('',(10.331442480016,-2.098315688467,
    -1.258376928978));
#9077 = CARTESIAN_POINT('',(10.311720230397,-2.363890820817,
    -0.859303342197));
#9078 = CARTESIAN_POINT('',(10.291997594181,-2.544467236261,
    -0.419705167936));
#9079 = CARTESIAN_POINT('',(10.25255248915,-2.725039068248,
    0.500006083692));
#9080 = CARTESIAN_POINT('',(10.213108310494,-2.544459493544,
    1.419705020101));
#9081 = CARTESIAN_POINT('',(10.193386635529,-2.363886661135,
    1.859292516014));
#9082 = CARTESIAN_POINT('',(10.173665203601,-2.09832527087,
    2.258350144682));
#9083 = CARTESIAN_POINT('',(10.153943774454,-1.75840635611,2.59833441878
    ));
#9084 = CARTESIAN_POINT('',(10.134220008104,-1.35925712085,
    2.863902154231));
#9085 = CARTESIAN_POINT('',(10.114494648467,-0.919682957281,
    3.044431334792));
#9086 = CARTESIAN_POINT('',(10.09477548914,-0.459872259526,3.13476097251
    ));
#9087 = CARTESIAN_POINT('',(10.075053793278,-9.877368930572E-08,
    3.134770229094));
#9088 = CARTESIAN_POINT('',(10.744948956522,-1.470481470532E-07,
    3.134746044501));
#9089 = CARTESIAN_POINT('',(10.725227260683,0.45987199573,3.134755270069
    ));
#9090 = CARTESIAN_POINT('',(10.705508101474,0.919686303684,
    3.044532151952));
#9091 = CARTESIAN_POINT('',(10.685782741264,1.359307556173,
    2.863888436639));
#9092 = CARTESIAN_POINT('',(10.666058976011,1.758342987578,
    2.598270558257));
#9093 = CARTESIAN_POINT('',(10.646337545694,2.098296995894,
    2.258348503806));
#9094 = CARTESIAN_POINT('',(10.626616114465,2.363880271357,
    1.859288699409));
#9095 = CARTESIAN_POINT('',(10.606894439317,2.544471917682,
    1.419706302825));
#9096 = CARTESIAN_POINT('',(10.567450260655,2.725060102669,
    0.500006090035));
#9097 = CARTESIAN_POINT('',(10.528005155639,2.54446629295,
    -0.419703813303));
#9098 = CARTESIAN_POINT('',(10.508282519416,2.363875765803,
    -0.859296719592));
#9099 = CARTESIAN_POINT('',(10.488560269794,2.098304618782,
    -1.258363405745));
#9100 = CARTESIAN_POINT('',(10.468838370141,1.758363237066,
    -1.59831100221));
#9101 = CARTESIAN_POINT('',(10.449116435337,1.359297887607,
    -1.863885421616));
#9102 = CARTESIAN_POINT('',(10.429394231946,0.919706457469,
    -2.044466561469));
#9103 = CARTESIAN_POINT('',(10.389949643968,-2.969758945556E-07,
    -2.225045257997));
#9104 = CARTESIAN_POINT('',(10.350505055989,-0.919706059561,
    -2.044461509893));
#9105 = CARTESIAN_POINT('',(10.330782852603,-1.359295911147,
    -1.86388044416));
#9106 = CARTESIAN_POINT('',(10.311060917793,-1.758363906929,
    -1.598318336133));
#9107 = CARTESIAN_POINT('',(10.291339018138,-2.098315583066,
    -1.258376831286));
#9108 = CARTESIAN_POINT('',(10.271616768517,-2.363890696499,
    -0.859303274812));
#9109 = CARTESIAN_POINT('',(10.251894132302,-2.544467135046,
    -0.419705128955));
#9110 = CARTESIAN_POINT('',(10.212449027271,-2.725039006921,
    0.500006083922));
#9111 = CARTESIAN_POINT('',(10.173004848615,-2.544459420774,
    1.419704987165));
#9112 = CARTESIAN_POINT('',(10.153283173649,-2.363886555135,
    1.859292455006));
#9113 = CARTESIAN_POINT('',(10.133561741723,-2.098325128389,
    2.258350072737));
#9114 = CARTESIAN_POINT('',(10.113840312573,-1.758406151808,
    2.598334200467));
#9115 = CARTESIAN_POINT('',(10.094116546226,-1.359257175501,
    2.863902032777));
#9116 = CARTESIAN_POINT('',(10.074391186586,-0.919682928351,
    3.044431451226));
#9117 = CARTESIAN_POINT('',(10.054672027261,-0.459872240815,
    3.134760857556));
#9118 = CARTESIAN_POINT('',(10.034950331399,-9.803825002792E-08,
    3.134770074573));
#9119 = ADVANCED_FACE('',(#9120),#9223,.T.);
#9120 = FACE_BOUND('',#9121,.T.);
#9121 = EDGE_LOOP('',(#9122,#9123,#9124,#9167,#9175,#9222));
#9122 = ORIENTED_EDGE('',*,*,#8693,.F.);
#9123 = ORIENTED_EDGE('',*,*,#8903,.F.);
#9124 = ORIENTED_EDGE('',*,*,#9125,.F.);
#9125 = EDGE_CURVE('',#9126,#8904,#9128,.T.);
#9126 = VERTEX_POINT('',#9127);
#9127 = CARTESIAN_POINT('',(10.73618852772,-5.279327349241E-15,-2.665));
#9128 = B_SPLINE_CURVE_WITH_KNOTS('',7,(#9129,#9130,#9131,#9132,#9133,
    #9134,#9135,#9136,#9137,#9138,#9139,#9140,#9141,#9142,#9143,#9144,
    #9145,#9146,#9147,#9148,#9149,#9150,#9151,#9152,#9153,#9154,#9155,
    #9156,#9157,#9158,#9159,#9160,#9161,#9162,#9163,#9164,#9165,#9166),
  .UNSPECIFIED.,.F.,.F.,(8,6,6,6,6,6,8),(0.,4.903696738748E-02,
    0.279027469091,0.522980247591,0.732714274158,0.895068958206,1.),
  .UNSPECIFIED.);
#9129 = CARTESIAN_POINT('',(10.73618852772,-5.609327349241E-15,-2.665));
#9130 = CARTESIAN_POINT('',(10.733702013155,-6.964709692981E-02,-2.665)
  );
#9131 = CARTESIAN_POINT('',(10.731215481758,-0.139294280558,
    -2.66321194895));
#9132 = CARTESIAN_POINT('',(10.728728931612,-0.208886318371,
    -2.659635851286));
#9133 = CARTESIAN_POINT('',(10.726242361175,-0.278368141843,
    -2.654273828064));
#9134 = CARTESIAN_POINT('',(10.723755769275,-0.347684846441,
    -2.647130116961));
#9135 = CARTESIAN_POINT('',(10.721269155117,-0.416781691622,
    -2.638211072276));
#9136 = CARTESIAN_POINT('',(10.707119830209,-0.808391199349,
    -2.577406706891));
#9137 = CARTESIAN_POINT('',(10.695451308778,-1.12529007872,
    -2.488398223031));
#9138 = CARTESIAN_POINT('',(10.683786546727,-1.430408092289,
    -2.361353392858));
#9139 = CARTESIAN_POINT('',(10.672122709225,-1.718364363862,
    -2.198265067485));
#9140 = CARTESIAN_POINT('',(10.66045776219,-1.984234403047,
    -2.001922349475));
#9141 = CARTESIAN_POINT('',(10.648789108769,-2.223541928197,
    -1.77591512032));
#9142 = CARTESIAN_POINT('',(10.624755906965,-2.654193802886,
    -1.258559738878));
#9143 = CARTESIAN_POINT('',(10.612379063683,-2.841978117365,
    -0.96379674127));
#9144 = CARTESIAN_POINT('',(10.600009073495,-2.99123971327,
    -0.646006832551));
#9145 = CARTESIAN_POINT('',(10.587641472063,-3.09881871993,
    -0.311276141031));
#9146 = CARTESIAN_POINT('',(10.5752720573,-3.162650379031,
    3.397018908646E-02));
#9147 = CARTESIAN_POINT('',(10.56289544577,-3.18175661263,0.382945055312
    ));
#9148 = CARTESIAN_POINT('',(10.539889368107,-3.13523049707,
    1.025632832226));
#9149 = CARTESIAN_POINT('',(10.529249759436,-3.081091017917,
    1.32047240861));
#9150 = CARTESIAN_POINT('',(10.518611705001,-2.994610087544,
    1.608570293225));
#9151 = CARTESIAN_POINT('',(10.507974619472,-2.876869208008,
    1.885727665661));
#9152 = CARTESIAN_POINT('',(10.497336158285,-2.729552065056,
    2.147981256528));
#9153 = CARTESIAN_POINT('',(10.486696287777,-2.554929892598,
    2.391637739718));
#9154 = CARTESIAN_POINT('',(10.467828020283,-2.202047739042,
    2.785034633982));
#9155 = CARTESIAN_POINT('',(10.45959493299,-2.033465407334,
    2.943618749729));
#9156 = CARTESIAN_POINT('',(10.451363280909,-1.851635843385,
    3.08760615454));
#9157 = CARTESIAN_POINT('',(10.443132668153,-1.658087780336,
    3.215696224055));
#9158 = CARTESIAN_POINT('',(10.434901622122,-1.454486782536,
    3.326786620251));
#9159 = CARTESIAN_POINT('',(10.426669050557,-1.242627535873,
    3.419978480112));
#9160 = CARTESIAN_POINT('',(10.413115192735,-0.883439336087,
    3.542855699525));
#9161 = CARTESIAN_POINT('',(10.407793584283,-0.739776376945,
    3.583349042449));
#9162 = CARTESIAN_POINT('',(10.402471441023,-0.593976098956,
    3.615920552461));
#9163 = CARTESIAN_POINT('',(10.397148671671,-0.446562887317,
    3.640437877068));
#9164 = CARTESIAN_POINT('',(10.391825305465,-0.298068929988,
    3.656812514341));
#9165 = CARTESIAN_POINT('',(10.386501803532,-0.149033156576,
    3.664999984251));
#9166 = CARTESIAN_POINT('',(10.381179370245,-1.772137642317E-07,3.665));
#9167 = ORIENTED_EDGE('',*,*,#9168,.T.);
#9168 = EDGE_CURVE('',#9126,#9169,#9171,.T.);
#9169 = VERTEX_POINT('',#9170);
#9170 = CARTESIAN_POINT('',(10.793797097908,-5.304910693657E-15,-2.665)
  );
#9171 = LINE('',#9172,#9173);
#9172 = CARTESIAN_POINT('',(6.446202902092,-4.304191022488E-15,-2.665));
#9173 = VECTOR('',#9174,1.);
#9174 = DIRECTION('',(1.,-8.840892098501E-16,4.4E-16));
#9175 = ORIENTED_EDGE('',*,*,#9176,.T.);
#9176 = EDGE_CURVE('',#9169,#8794,#9177,.T.);
#9177 = B_SPLINE_CURVE_WITH_KNOTS('',7,(#9178,#9179,#9180,#9181,#9182,
    #9183,#9184,#9185,#9186,#9187,#9188,#9189,#9190,#9191,#9192,#9193,
    #9194,#9195,#9196,#9197,#9198,#9199,#9200,#9201,#9202,#9203,#9204,
    #9205,#9206,#9207,#9208,#9209,#9210,#9211,#9212,#9213,#9214,#9215,
    #9216,#9217,#9218,#9219,#9220,#9221),.UNSPECIFIED.,.F.,.F.,(8,6,6,6,
    6,6,6,8),(0.,4.452859786188E-02,0.230531841919,0.28082043398,
    0.521559381978,0.733262652146,0.892029089129,1.),.UNSPECIFIED.);
#9178 = CARTESIAN_POINT('',(10.793797097908,-6.084910693657E-15,-2.665)
  );
#9179 = CARTESIAN_POINT('',(10.791538969697,-6.324535652062E-02,-2.665)
  );
#9180 = CARTESIAN_POINT('',(10.789280853845,-0.126490770559,
    -2.663525547409));
#9181 = CARTESIAN_POINT('',(10.787022752148,-0.18969490521,
    -2.660576643573));
#9182 = CARTESIAN_POINT('',(10.784764666276,-0.252816521914,
    -2.656154730284));
#9183 = CARTESIAN_POINT('',(10.78250659777,-0.315814480452,
    -2.650262689778));
#9184 = CARTESIAN_POINT('',(10.780248548046,-0.378647738949,
    -2.642904844735));
#9185 = CARTESIAN_POINT('',(10.768558358816,-0.7028811556,
    -2.597253202782));
#9186 = CARTESIAN_POINT('',(10.759124697089,-0.960951629222,
    -2.534936047063));
#9187 = CARTESIAN_POINT('',(10.74969275801,-1.212413691488,
    -2.447550934244));
#9188 = CARTESIAN_POINT('',(10.740261973885,-1.454377842488,
    -2.335981055633));
#9189 = CARTESIAN_POINT('',(10.730830413215,-1.684116561394,
    -2.201484077988));
#9190 = CARTESIAN_POINT('',(10.721397311754,-1.899081950201,
    -2.045684004616));
#9191 = CARTESIAN_POINT('',(10.709415738689,-2.150462448047,
    -1.823324771661));
#9192 = CARTESIAN_POINT('',(10.706865746358,-2.202716359857,
    -1.774592725788));
#9193 = CARTESIAN_POINT('',(10.704315726161,-2.253679744923,
    -1.724491505432));
#9194 = CARTESIAN_POINT('',(10.701765676022,-2.303309674934,
    -1.673062215001));
#9195 = CARTESIAN_POINT('',(10.699215594567,-2.351564909242,
    -1.620347590569));
#9196 = CARTESIAN_POINT('',(10.696665481116,-2.398405894866,
    -1.566391999873));
#9197 = CARTESIAN_POINT('',(10.681907411329,-2.661078026112,
    -1.24722754446));
#9198 = CARTESIAN_POINT('',(10.669692076198,-2.845202603101,
    -0.955683136147));
#9199 = CARTESIAN_POINT('',(10.657481487901,-2.991748878536,
    -0.641853912726));
#9200 = CARTESIAN_POINT('',(10.645271986487,-3.097693851635,
    -0.311593678185));
#9201 = CARTESIAN_POINT('',(10.633060986156,-3.161056092052,
    2.892037838852E-02));
#9202 = CARTESIAN_POINT('',(10.620845540343,-3.180888895407,
    0.373168630697));
#9203 = CARTESIAN_POINT('',(10.597902310715,-3.137375116979,
    1.014311212467));
#9204 = CARTESIAN_POINT('',(10.587164223374,-3.083755951308,
    1.312151988573));
#9205 = CARTESIAN_POINT('',(10.576429448869,-2.997154605428,
    1.603228284348));
#9206 = CARTESIAN_POINT('',(10.565696782081,-2.878672502426,
    1.883218331605));
#9207 = CARTESIAN_POINT('',(10.5549623203,-2.730035678143,2.148043301544
    ));
#9208 = CARTESIAN_POINT('',(10.54422438708,-2.553579418214,
    2.393903576163));
#9209 = CARTESIAN_POINT('',(10.525437827741,-2.201557382964,
    2.784999055468));
#9210 = CARTESIAN_POINT('',(10.517385356131,-2.036748964842,
    2.940082399975));
#9211 = CARTESIAN_POINT('',(10.509332890054,-1.859266975738,
    3.081217598389));
#9212 = CARTESIAN_POINT('',(10.50128034137,-1.670539000335,
    3.207186261891));
#9213 = CARTESIAN_POINT('',(10.493227404412,-1.472118654686,
    3.316951400406));
#9214 = CARTESIAN_POINT('',(10.48517451269,-1.265678727332,
    3.409662007425));
#9215 = CARTESIAN_POINT('',(10.471648263898,-0.908407046646,
    3.535710660263));
#9216 = CARTESIAN_POINT('',(10.466173415759,-0.760901854873,
    3.578558883959));
#9217 = CARTESIAN_POINT('',(10.460699207577,-0.611069280582,
    3.61303568185));
#9218 = CARTESIAN_POINT('',(10.455225683102,-0.459479657667,
    3.638992722011));
#9219 = CARTESIAN_POINT('',(10.449752633381,-0.306712359825,
    3.656330784138));
#9220 = CARTESIAN_POINT('',(10.444279584367,-0.153354589312,
    3.664999984352));
#9221 = CARTESIAN_POINT('',(10.438805784532,-1.657105600873E-07,3.665));
#9222 = ORIENTED_EDGE('',*,*,#8800,.T.);
#9223 = CYLINDRICAL_SURFACE('',#9224,3.165);
#9224 = AXIS2_PLACEMENT_3D('',#9225,#9226,#9227);
#9225 = CARTESIAN_POINT('',(6.446202902092,-2.854191022488E-15,0.5));
#9226 = DIRECTION('',(1.,-5.540892098501E-16,4.4E-16));
#9227 = DIRECTION('',(4.4E-16,7.E-17,-1.));
#9228 = ADVANCED_FACE('',(#9229),#9275,.F.);
#9229 = FACE_BOUND('',#9230,.F.);
#9230 = EDGE_LOOP('',(#9231,#9267,#9273,#9274));
#9231 = ORIENTED_EDGE('',*,*,#9232,.F.);
#9232 = EDGE_CURVE('',#9233,#8758,#9235,.T.);
#9233 = VERTEX_POINT('',#9234);
#9234 = CARTESIAN_POINT('',(11.09994826906,-3.144086912535E-14,
    -2.134730616767));
#9235 = B_SPLINE_CURVE_WITH_KNOTS('',9,(#9236,#9237,#9238,#9239,#9240,
    #9241,#9242,#9243,#9244,#9245,#9246,#9247,#9248,#9249,#9250,#9251,
    #9252,#9253,#9254,#9255,#9256,#9257,#9258,#9259,#9260,#9261,#9262,
    #9263,#9264,#9265,#9266),.UNSPECIFIED.,.F.,.F.,(10,7,7,7,10),(0.,
    1.58079326614,3.161586532279,4.742379798419,6.323173064558),
  .UNSPECIFIED.);
#9236 = CARTESIAN_POINT('',(11.454947581583,-1.960601538285E-07,
    3.134722014431));
#9237 = CARTESIAN_POINT('',(11.435225885768,0.459867753582,3.13473124855
    ));
#9238 = CARTESIAN_POINT('',(11.415506726697,0.919677867577,
    3.044508962126));
#9239 = CARTESIAN_POINT('',(11.395781366345,1.35929511421,2.863866903007
    ));
#9240 = CARTESIAN_POINT('',(11.376057601024,1.758326912045,
    2.598251453543));
#9241 = CARTESIAN_POINT('',(11.356336170742,2.098277825641,
    2.258332505673));
#9242 = CARTESIAN_POINT('',(11.336614739549,2.363858686543,
    1.859276345995));
#9243 = CARTESIAN_POINT('',(11.316893064425,2.544448694001,
    1.419697962056));
#9244 = CARTESIAN_POINT('',(11.277448885775,2.725035249101,
    0.500006140734));
#9245 = CARTESIAN_POINT('',(11.23800378073,2.544443103476,
    -0.419695377945));
#9246 = CARTESIAN_POINT('',(11.218281144487,2.363854231473,
    -0.859284278397));
#9247 = CARTESIAN_POINT('',(11.198558894864,2.098285513964,
    -1.258347329729));
#9248 = CARTESIAN_POINT('',(11.178836995226,1.758347239121,
    -1.598291831956));
#9249 = CARTESIAN_POINT('',(11.159115060435,1.359285534405,
    -1.863863836669));
#9250 = CARTESIAN_POINT('',(11.139392857045,0.919698116847,
    -2.044443337762));
#9251 = CARTESIAN_POINT('',(11.099948269061,-2.462854155909E-07,
    -2.225020404452));
#9252 = CARTESIAN_POINT('',(11.060503681075,-0.919697624276,
    -2.044438320403));
#9253 = CARTESIAN_POINT('',(11.04078147769,-1.359283470001,
    -1.863858909782));
#9254 = CARTESIAN_POINT('',(11.021059542893,-1.75834783092,
    -1.598299231295));
#9255 = CARTESIAN_POINT('',(11.001337643251,-2.098296412829,
    -1.258360833332));
#9256 = CARTESIAN_POINT('',(10.981615393631,-2.363869111597,
    -0.859290921561));
#9257 = CARTESIAN_POINT('',(10.961892757396,-2.544443911356,
    -0.419696788259));
#9258 = CARTESIAN_POINT('',(10.922447652336,-2.725014153356,
    0.500006033239));
#9259 = CARTESIAN_POINT('',(10.883003473691,-2.544436231311,
    1.419696551734));
#9260 = CARTESIAN_POINT('',(10.863281798751,-2.363865020891,
    1.859280013648));
#9261 = CARTESIAN_POINT('',(10.843560366859,-2.098306023552,
    2.258333996538));
#9262 = CARTESIAN_POINT('',(10.823838937746,-1.758390154327,
    2.59831503033));
#9263 = CARTESIAN_POINT('',(10.804115171329,-1.359244821487,
    2.863880448568));
#9264 = CARTESIAN_POINT('',(10.784389811549,-0.919674586909,
    3.044408227195));
#9265 = CARTESIAN_POINT('',(10.764670652361,-0.459868096689,
    3.134736818933));
#9266 = CARTESIAN_POINT('',(10.744948956522,-1.470481245032E-07,
    3.134746044501));
#9267 = ORIENTED_EDGE('',*,*,#9268,.F.);
#9268 = EDGE_CURVE('',#9169,#9233,#9269,.T.);
#9269 = LINE('',#9270,#9271);
#9270 = CARTESIAN_POINT('',(10.793797097908,-8.164910693657E-15,-2.665)
  );
#9271 = VECTOR('',#9272,1.);
#9272 = DIRECTION('',(0.5,-4.420446049252E-16,0.866025403784));
#9273 = ORIENTED_EDGE('',*,*,#9176,.T.);
#9274 = ORIENTED_EDGE('',*,*,#8793,.F.);
#9275 = B_SPLINE_SURFACE_WITH_KNOTS('',1,9,(
    (#9276,#9277,#9278,#9279,#9280,#9281,#9282,#9283,#9284,#9285,#9286
      ,#9287,#9288,#9289,#9290,#9291,#9292,#9293,#9294,#9295,#9296,#9297
      ,#9298,#9299,#9300,#9301,#9302,#9303,#9304,#9305,#9306)
    ,(#9307,#9308,#9309,#9310,#9311,#9312,#9313,#9314,#9315,#9316,#9317
      ,#9318,#9319,#9320,#9321,#9322,#9323,#9324,#9325,#9326,#9327,#9328
      ,#9329,#9330,#9331,#9332,#9333,#9334,#9335,#9336,#9337
  )),.UNSPECIFIED.,.F.,.F.,.F.,(2,2),(10,7,7,7,10),(0.,0.659896538121),(
    0.,1.58079326614,3.161586532279,4.742379798419,6.323173064558),
  .UNSPECIFIED.);
#9276 = CARTESIAN_POINT('',(11.454947581583,-1.960601538285E-07,
    3.134722014431));
#9277 = CARTESIAN_POINT('',(11.435225885768,0.459867753582,3.13473124855
    ));
#9278 = CARTESIAN_POINT('',(11.415506726697,0.919677867577,
    3.044508962126));
#9279 = CARTESIAN_POINT('',(11.395781366345,1.35929511421,2.863866903007
    ));
#9280 = CARTESIAN_POINT('',(11.376057601024,1.758326912045,
    2.598251453543));
#9281 = CARTESIAN_POINT('',(11.356336170742,2.098277825641,
    2.258332505673));
#9282 = CARTESIAN_POINT('',(11.336614739549,2.363858686543,
    1.859276345995));
#9283 = CARTESIAN_POINT('',(11.316893064425,2.544448694001,
    1.419697962056));
#9284 = CARTESIAN_POINT('',(11.277448885775,2.725035249101,
    0.500006140734));
#9285 = CARTESIAN_POINT('',(11.23800378073,2.544443103476,
    -0.419695377945));
#9286 = CARTESIAN_POINT('',(11.218281144487,2.363854231473,
    -0.859284278397));
#9287 = CARTESIAN_POINT('',(11.198558894864,2.098285513964,
    -1.258347329729));
#9288 = CARTESIAN_POINT('',(11.178836995226,1.758347239121,
    -1.598291831956));
#9289 = CARTESIAN_POINT('',(11.159115060435,1.359285534405,
    -1.863863836669));
#9290 = CARTESIAN_POINT('',(11.139392857045,0.919698116847,
    -2.044443337762));
#9291 = CARTESIAN_POINT('',(11.099948269061,-2.462854155909E-07,
    -2.225020404452));
#9292 = CARTESIAN_POINT('',(11.060503681075,-0.919697624276,
    -2.044438320403));
#9293 = CARTESIAN_POINT('',(11.04078147769,-1.359283470001,
    -1.863858909782));
#9294 = CARTESIAN_POINT('',(11.021059542893,-1.75834783092,
    -1.598299231295));
#9295 = CARTESIAN_POINT('',(11.001337643251,-2.098296412829,
    -1.258360833332));
#9296 = CARTESIAN_POINT('',(10.981615393631,-2.363869111597,
    -0.859290921561));
#9297 = CARTESIAN_POINT('',(10.961892757396,-2.544443911356,
    -0.419696788259));
#9298 = CARTESIAN_POINT('',(10.922447652336,-2.725014153356,
    0.500006033239));
#9299 = CARTESIAN_POINT('',(10.883003473691,-2.544436231311,
    1.419696551734));
#9300 = CARTESIAN_POINT('',(10.863281798751,-2.363865020891,
    1.859280013648));
#9301 = CARTESIAN_POINT('',(10.843560366859,-2.098306023552,
    2.258333996538));
#9302 = CARTESIAN_POINT('',(10.823838937746,-1.758390154327,
    2.59831503033));
#9303 = CARTESIAN_POINT('',(10.804115171329,-1.359244821487,
    2.863880448568));
#9304 = CARTESIAN_POINT('',(10.784389811549,-0.919674586909,
    3.044408227195));
#9305 = CARTESIAN_POINT('',(10.764670652361,-0.459868096689,
    3.134736818933));
#9306 = CARTESIAN_POINT('',(10.744948956522,-1.470481245032E-07,
    3.134746044501));
#9307 = CARTESIAN_POINT('',(11.125000046513,-1.63845161452E-07,
    3.706209604082));
#9308 = CARTESIAN_POINT('',(11.105277788682,0.559589639222,3.7062185081)
  );
#9309 = CARTESIAN_POINT('',(11.085555359237,1.119181043226,
    3.596418217663));
#9310 = CARTESIAN_POINT('',(11.065833349076,1.654145262387,3.37658496788
    ));
#9311 = CARTESIAN_POINT('',(11.046111231841,2.139710887126,
    3.053382046037));
#9312 = CARTESIAN_POINT('',(11.026388955424,2.55341062772,2.639731057174
    ));
#9313 = CARTESIAN_POINT('',(11.006666680034,2.876591106107,
    2.154113115429));
#9314 = CARTESIAN_POINT('',(10.986944420695,3.096351028104,
    1.619185133287));
#9315 = CARTESIAN_POINT('',(10.947499958262,3.316106535498,0.50000595543
    ));
#9316 = CARTESIAN_POINT('',(10.908055558528,3.09634591053,
    -0.619180863161));
#9317 = CARTESIAN_POINT('',(10.888333364318,2.876588872403,
    -1.154117216797));
#9318 = CARTESIAN_POINT('',(10.868611143949,2.5534175739,-1.63974180507)
  );
#9319 = CARTESIAN_POINT('',(10.848888899899,2.139741316473,
    -2.053424271154));
#9320 = CARTESIAN_POINT('',(10.82916665823,1.65411715013,-2.376599233702
    ));
#9321 = CARTESIAN_POINT('',(10.809444434731,1.11918180857,
    -2.596346438592));
#9322 = CARTESIAN_POINT('',(10.77,-2.375989570343E-07,-2.816091546905));
#9323 = CARTESIAN_POINT('',(10.730555565269,-1.119181333372,
    -2.596341598194));
#9324 = CARTESIAN_POINT('',(10.710833341774,-1.654115158537,
    -2.376594480587));
#9325 = CARTESIAN_POINT('',(10.691111100098,-2.139741887399,
    -2.053431409519));
#9326 = CARTESIAN_POINT('',(10.671388856047,-2.553428088363,
    -1.639754832403));
#9327 = CARTESIAN_POINT('',(10.651666635679,-2.876603227706,
    -1.154123625657));
#9328 = CARTESIAN_POINT('',(10.631944441477,-3.096346689916,
    -0.619182223733));
#9329 = CARTESIAN_POINT('',(10.592500041728,-3.316086183798,
    0.500005851726));
#9330 = CARTESIAN_POINT('',(10.5530555793,-3.096339004972,1.619183772707
    ));
#9331 = CARTESIAN_POINT('',(10.533333320138,-2.876597217043,
    2.154116653725));
#9332 = CARTESIAN_POINT('',(10.513611044074,-2.553437831092,
    2.639732495457));
#9333 = CARTESIAN_POINT('',(10.493888768786,-2.139771898859,
    3.053443380476));
#9334 = CARTESIAN_POINT('',(10.474166650493,-1.654096743484,
    3.376598035691));
#9335 = CARTESIAN_POINT('',(10.454444640883,-1.119177878266,
    3.596321035646));
#9336 = CARTESIAN_POINT('',(10.434722211326,-0.559589970228,
    3.706223882016));
#9337 = CARTESIAN_POINT('',(10.414999953472,-1.671617603767E-07,
    3.706232786613));
#9338 = ADVANCED_FACE('',(#9339),#9388,.F.);
#9339 = FACE_BOUND('',#9340,.F.);
#9340 = EDGE_LOOP('',(#9341,#9370,#9375,#9376,#9377,#9378));
#9341 = ORIENTED_EDGE('',*,*,#9342,.F.);
#9342 = EDGE_CURVE('',#9343,#9345,#9347,.T.);
#9343 = VERTEX_POINT('',#9344);
#9344 = CARTESIAN_POINT('',(10.942495641764,-1.631558163709E-07,
    3.40744656703));
#9345 = VERTEX_POINT('',#9346);
#9346 = CARTESIAN_POINT('',(10.793797097908,1.54461315489,
    -2.262498000315));
#9347 = B_SPLINE_CURVE_WITH_KNOTS('',6,(#9348,#9349,#9350,#9351,#9352,
    #9353,#9354,#9355,#9356,#9357,#9358,#9359,#9360,#9361,#9362,#9363,
    #9364,#9365,#9366,#9367,#9368,#9369),.UNSPECIFIED.,.F.,.F.,(7,5,5,5,
    7),(0.,0.244236340011,0.48839938198,0.738999263131,1.),
  .UNSPECIFIED.);
#9348 = CARTESIAN_POINT('',(10.942495641764,-1.631558388509E-07,
    3.40744656703));
#9349 = CARTESIAN_POINT('',(10.936224725162,0.322619251655,3.41830811547
    ));
#9350 = CARTESIAN_POINT('',(10.929965855001,0.647078130321,
    3.386189481579));
#9351 = CARTESIAN_POINT('',(10.923744015491,0.965936143143,
    3.310857332681));
#9352 = CARTESIAN_POINT('',(10.917544889473,1.272254695549,
    3.193945303334));
#9353 = CARTESIAN_POINT('',(10.911365166029,1.559542944107,
    3.038202635306));
#9354 = CARTESIAN_POINT('',(10.899053008663,2.084438560962,
    2.657882854489));
#9355 = CARTESIAN_POINT('',(10.892916224498,2.322255261455,
    2.433184980302));
#9356 = CARTESIAN_POINT('',(10.886801021615,2.529684069343,
    2.178188509087));
#9357 = CARTESIAN_POINT('',(10.880706130465,2.702353603468,1.89822726376
    ));
#9358 = CARTESIAN_POINT('',(10.874630026803,2.836895102469,
    1.599237891986));
#9359 = CARTESIAN_POINT('',(10.862364924485,3.028437626404,
    0.968493850498));
#9360 = CARTESIAN_POINT('',(10.856172771894,3.083371079741,
    0.635851124764));
#9361 = CARTESIAN_POINT('',(10.850005540331,3.094079604265,0.29728609503
    ));
#9362 = CARTESIAN_POINT('',(10.843859510185,3.060316994105,
    -3.9974475548E-02));
#9363 = CARTESIAN_POINT('',(10.83773158108,2.983057124394,-0.3688406566)
  );
#9364 = CARTESIAN_POINT('',(10.825267612777,2.742134611097,
    -1.009155904825));
#9365 = CARTESIAN_POINT('',(10.818928620592,2.574922001394,
    -1.319572140218));
#9366 = CARTESIAN_POINT('',(10.81261419363,2.366384305443,
    -1.605997916421));
#9367 = CARTESIAN_POINT('',(10.806321208547,2.121173728087,
    -1.862023521462));
#9368 = CARTESIAN_POINT('',(10.800047078951,1.844911557569,
    -2.082187683833));
#9369 = CARTESIAN_POINT('',(10.793797097908,1.54461315489,
    -2.262498000315));
#9370 = ORIENTED_EDGE('',*,*,#9371,.T.);
#9371 = EDGE_CURVE('',#9343,#9015,#9372,.T.);
#9372 = B_SPLINE_CURVE_WITH_KNOTS('',1,(#9373,#9374),.UNSPECIFIED.,.F.,
  .F.,(2,2),(0.,0.659896538121),.PIECEWISE_BEZIER_KNOTS.);
#9373 = CARTESIAN_POINT('',(11.114999953471,-1.799985949476E-07,
    3.706233685659));
#9374 = CARTESIAN_POINT('',(10.785052418401,-1.47783555341E-07,
    3.134746096008));
#9375 = ORIENTED_EDGE('',*,*,#9014,.T.);
#9376 = ORIENTED_EDGE('',*,*,#8940,.F.);
#9377 = ORIENTED_EDGE('',*,*,#9125,.F.);
#9378 = ORIENTED_EDGE('',*,*,#9379,.F.);
#9379 = EDGE_CURVE('',#9345,#9126,#9380,.T.);
#9380 = B_SPLINE_CURVE_WITH_KNOTS('',6,(#9381,#9382,#9383,#9384,#9385,
    #9386,#9387),.UNSPECIFIED.,.F.,.F.,(7,7),(0.,1.),
  .PIECEWISE_BEZIER_KNOTS.);
#9381 = CARTESIAN_POINT('',(10.793797697908,1.544627822864,
    -2.262489798865));
#9382 = CARTESIAN_POINT('',(10.784196052302,1.309900352185,
    -2.39373610504));
#9383 = CARTESIAN_POINT('',(10.774593383647,1.061758616823,
    -2.501066562847));
#9384 = CARTESIAN_POINT('',(10.764992536952,0.803318565357,
    -2.582723692448));
#9385 = CARTESIAN_POINT('',(10.755391953565,0.537894042209,
    -2.637579107113));
#9386 = CARTESIAN_POINT('',(10.745789701733,0.268928204426,-2.665));
#9387 = CARTESIAN_POINT('',(10.73618852772,-5.669327349241E-15,-2.665));
#9388 = B_SPLINE_SURFACE_WITH_KNOTS('',1,9,(
    (#9389,#9390,#9391,#9392,#9393,#9394,#9395,#9396,#9397,#9398,#9399
      ,#9400,#9401,#9402,#9403,#9404,#9405,#9406,#9407,#9408,#9409,#9410
      ,#9411,#9412,#9413,#9414,#9415,#9416,#9417,#9418,#9419)
    ,(#9420,#9421,#9422,#9423,#9424,#9425,#9426,#9427,#9428,#9429,#9430
      ,#9431,#9432,#9433,#9434,#9435,#9436,#9437,#9438,#9439,#9440,#9441
      ,#9442,#9443,#9444,#9445,#9446,#9447,#9448,#9449,#9450
  )),.UNSPECIFIED.,.F.,.F.,.F.,(2,2),(10,7,7,7,10),(0.,0.659896538121),(
    0.,1.58079326614,3.161586532279,4.742379798419,6.323173064558),
  .UNSPECIFIED.);
#9389 = CARTESIAN_POINT('',(11.114999953471,-1.799986177976E-07,
    3.706233685659));
#9390 = CARTESIAN_POINT('',(11.095277695616,0.559593982071,
    3.706243280895));
#9391 = CARTESIAN_POINT('',(11.075555266033,1.119189883369,
    3.596446112571));
#9392 = CARTESIAN_POINT('',(11.055833255997,1.654160029442,
    3.376606874527));
#9393 = CARTESIAN_POINT('',(11.036111138873,2.139725189236,3.05339956407
    ));
#9394 = CARTESIAN_POINT('',(11.016388862379,2.553429465092,2.63974767558
    ));
#9395 = CARTESIAN_POINT('',(10.996666586976,2.876613279759,
    2.154125868973));
#9396 = CARTESIAN_POINT('',(10.976944327605,3.096375617764,
    1.619193909162));
#9397 = CARTESIAN_POINT('',(10.937499865159,3.316133161452,
    0.500005962875));
#9398 = CARTESIAN_POINT('',(10.898055465457,3.09637000602,
    -0.619189527022));
#9399 = CARTESIAN_POINT('',(10.878333271266,2.876610729842,
    -1.154129852893));
#9400 = CARTESIAN_POINT('',(10.858611050897,2.553437062896,
    -1.639757968568));
#9401 = CARTESIAN_POINT('',(10.838888806834,2.139757968322,
    -2.05344388667));
#9402 = CARTESIAN_POINT('',(10.81916656515,1.654130117908,
    -2.376621828814));
#9403 = CARTESIAN_POINT('',(10.799444341651,1.119190549956,
    -2.596370749725));
#9404 = CARTESIAN_POINT('',(10.759999906927,-2.525962154899E-07,
    -2.816117383575));
#9405 = CARTESIAN_POINT('',(10.720555472202,-1.119190031492,
    -2.596365536211));
#9406 = CARTESIAN_POINT('',(10.700833248707,-1.654127965889,
    -2.376616710459));
#9407 = CARTESIAN_POINT('',(10.681111007017,-2.139758578246,
    -2.053451583131));
#9408 = CARTESIAN_POINT('',(10.66138876295,-2.553448388457,
    -1.639772011615));
#9409 = CARTESIAN_POINT('',(10.641666542584,-2.876626195153,
    -1.154136764793));
#9410 = CARTESIAN_POINT('',(10.621944348402,-3.096370843541,
    -0.619190999532));
#9411 = CARTESIAN_POINT('',(10.582499948683,-3.316111231227,
    0.500005844265));
#9412 = CARTESIAN_POINT('',(10.543055486243,-3.096362664406,
    1.619192436643));
#9413 = CARTESIAN_POINT('',(10.523333227062,-2.876619868097,
    2.154129675753));
#9414 = CARTESIAN_POINT('',(10.503610950936,-2.553458782848,
    2.639749220136));
#9415 = CARTESIAN_POINT('',(10.483888675653,-2.139790938466,
    3.053465651321));
#9416 = CARTESIAN_POINT('',(10.464166557392,-1.654107753253,
    3.376620952485));
#9417 = CARTESIAN_POINT('',(10.444444547949,-1.119186479337,
    3.596341390574));
#9418 = CARTESIAN_POINT('',(10.424722118246,-0.559594345386,
    3.706249070465));
#9419 = CARTESIAN_POINT('',(10.404999860366,-1.833174069723E-07,
    3.706258666279));
#9420 = CARTESIAN_POINT('',(10.785052418401,-1.47783577681E-07,
    3.134746096008));
#9421 = CARTESIAN_POINT('',(10.765330722562,0.45987201297,3.134755361143
    ));
#9422 = CARTESIAN_POINT('',(10.745611563353,0.919686346678,
    3.044532467356));
#9423 = CARTESIAN_POINT('',(10.725886203142,1.359307717121,
    2.863888500026));
#9424 = CARTESIAN_POINT('',(10.706162437892,1.758342920769,
    2.598270504024));
#9425 = CARTESIAN_POINT('',(10.686441007572,2.098297017493,
    2.258348569359));
#9426 = CARTESIAN_POINT('',(10.666719576344,2.363880350202,
    1.859288744693));
#9427 = CARTESIAN_POINT('',(10.646997901196,2.544472043878,
    1.419706341807));
#9428 = CARTESIAN_POINT('',(10.607553722534,2.72506025443,0.500006090266
    ));
#9429 = CARTESIAN_POINT('',(10.568108617518,2.544466390702,
    -0.419703846238));
#9430 = CARTESIAN_POINT('',(10.548385981295,2.363875826332,
    -0.859296758498));
#9431 = CARTESIAN_POINT('',(10.528663731673,2.098304677461,
    -1.258363445549));
#9432 = CARTESIAN_POINT('',(10.508941832019,1.758363304546,
    -1.598311068391));
#9433 = CARTESIAN_POINT('',(10.489219897216,1.359297945177,-1.8638855246
    ));
#9434 = CARTESIAN_POINT('',(10.469497693825,0.919706494482,
    -2.044466671707));
#9435 = CARTESIAN_POINT('',(10.430053105847,-2.980317123234E-07,
    -2.22504536454));
#9436 = CARTESIAN_POINT('',(10.390608517869,-0.919706094463,
    -2.044461598622));
#9437 = CARTESIAN_POINT('',(10.370886314482,-1.359295959867,
    -1.863880526022));
#9438 = CARTESIAN_POINT('',(10.351164379672,-1.758363976946,
    -1.598318434033));
#9439 = CARTESIAN_POINT('',(10.331442480016,-2.098315688467,
    -1.258376928978));
#9440 = CARTESIAN_POINT('',(10.311720230397,-2.363890820817,
    -0.859303342197));
#9441 = CARTESIAN_POINT('',(10.291997594181,-2.544467236261,
    -0.419705167936));
#9442 = CARTESIAN_POINT('',(10.25255248915,-2.725039068248,
    0.500006083692));
#9443 = CARTESIAN_POINT('',(10.213108310494,-2.544459493544,
    1.419705020101));
#9444 = CARTESIAN_POINT('',(10.193386635529,-2.363886661135,
    1.859292516014));
#9445 = CARTESIAN_POINT('',(10.173665203601,-2.09832527087,
    2.258350144682));
#9446 = CARTESIAN_POINT('',(10.153943774454,-1.75840635611,2.59833441878
    ));
#9447 = CARTESIAN_POINT('',(10.134220008104,-1.35925712085,
    2.863902154231));
#9448 = CARTESIAN_POINT('',(10.114494648467,-0.919682957281,
    3.044431334792));
#9449 = CARTESIAN_POINT('',(10.09477548914,-0.459872259526,3.13476097251
    ));
#9450 = CARTESIAN_POINT('',(10.075053793278,-9.877368930572E-08,
    3.134770229094));
#9451 = ADVANCED_FACE('',(#9452),#9501,.F.);
#9452 = FACE_BOUND('',#9453,.F.);
#9453 = EDGE_LOOP('',(#9454,#9490,#9499,#9500));
#9454 = ORIENTED_EDGE('',*,*,#9455,.F.);
#9455 = EDGE_CURVE('',#9456,#9015,#9458,.T.);
#9456 = VERTEX_POINT('',#9457);
#9457 = CARTESIAN_POINT('',(11.099947393953,-0.915575073418,
    -1.970533483876));
#9458 = B_SPLINE_CURVE_WITH_KNOTS('',9,(#9459,#9460,#9461,#9462,#9463,
    #9464,#9465,#9466,#9467,#9468,#9469,#9470,#9471,#9472,#9473,#9474,
    #9475,#9476,#9477,#9478,#9479,#9480,#9481,#9482,#9483,#9484,#9485,
    #9486,#9487,#9488,#9489),.UNSPECIFIED.,.F.,.F.,(10,7,7,7,10),(0.,
    1.58079326614,3.161586532279,4.742379798419,6.323173064558),
  .UNSPECIFIED.);
#9459 = CARTESIAN_POINT('',(11.495051043463,-1.967955844463E-07,
    3.134721962924));
#9460 = CARTESIAN_POINT('',(11.475329347647,0.459867752846,3.13473123661
    ));
#9461 = CARTESIAN_POINT('',(11.455610188576,0.919677874609,
    3.044509178045));
#9462 = CARTESIAN_POINT('',(11.435884828224,1.359295222009,
    2.863866873973));
#9463 = CARTESIAN_POINT('',(11.416161062904,1.758326776489,2.59825131727
    ));
#9464 = CARTESIAN_POINT('',(11.39643963262,2.0982777652,2.258332502478)
  );
#9465 = CARTESIAN_POINT('',(11.376718201428,2.363858672966,
    1.859276338133));
#9466 = CARTESIAN_POINT('',(11.356996526304,2.544448720714,
    1.419697965079));
#9467 = CARTESIAN_POINT('',(11.317552347654,2.725035294318,
    0.500006140964));
#9468 = CARTESIAN_POINT('',(11.278107242609,2.544443101745,
    -0.419695374922));
#9469 = CARTESIAN_POINT('',(11.258384606366,2.363854199578,
    -0.859284264158));
#9470 = CARTESIAN_POINT('',(11.238662356744,2.098285490603,
    -1.258347300785));
#9471 = CARTESIAN_POINT('',(11.218940457104,1.758347237852,
    -1.598291816096));
#9472 = CARTESIAN_POINT('',(11.199218522314,1.35928553883,
    -1.863863847229));
#9473 = CARTESIAN_POINT('',(11.179496318924,0.919698117903,
    -2.044443348516));
#9474 = CARTESIAN_POINT('',(11.14005173094,-2.473412222287E-07,
    -2.225020404452));
#9475 = CARTESIAN_POINT('',(11.100607142955,-0.91969762322,
    -2.044438309649));
#9476 = CARTESIAN_POINT('',(11.080884939569,-1.359283465576,
    -1.863858899222));
#9477 = CARTESIAN_POINT('',(11.061163004772,-1.758347832188,
    -1.598299247155));
#9478 = CARTESIAN_POINT('',(11.041441105131,-2.09829643619,
    -1.258360862276));
#9479 = CARTESIAN_POINT('',(11.02171885551,-2.363869143492,-0.8592909358
    ));
#9480 = CARTESIAN_POINT('',(11.001996219275,-2.544443913088,
    -0.419696791282));
#9481 = CARTESIAN_POINT('',(10.962551114215,-2.725014108139,
    0.500006033009));
#9482 = CARTESIAN_POINT('',(10.923106935571,-2.544436204598,
    1.419696548711));
#9483 = CARTESIAN_POINT('',(10.90338526063,-2.363865034468,1.85928002151
    ));
#9484 = CARTESIAN_POINT('',(10.883663828738,-2.098306083992,
    2.258333999734));
#9485 = CARTESIAN_POINT('',(10.863942399626,-1.758390289883,
    2.598315166603));
#9486 = CARTESIAN_POINT('',(10.844218633208,-1.359244713688,
    2.863880477602));
#9487 = CARTESIAN_POINT('',(10.824493273428,-0.919674579877,
    3.044408011276));
#9488 = CARTESIAN_POINT('',(10.80477411424,-0.459868097425,
    3.134736830872));
#9489 = CARTESIAN_POINT('',(10.785052418401,-1.47783555341E-07,
    3.134746096008));
#9490 = ORIENTED_EDGE('',*,*,#9491,.F.);
#9491 = EDGE_CURVE('',#9233,#9456,#9492,.T.);
#9492 = B_SPLINE_CURVE_WITH_KNOTS('',5,(#9493,#9494,#9495,#9496,#9497,
    #9498),.UNSPECIFIED.,.F.,.F.,(6,6),(0.,1.),
  .PIECEWISE_BEZIER_KNOTS.);
#9493 = CARTESIAN_POINT('',(11.09994826906,-6.220869125349E-15,
    -2.134730616767));
#9494 = CARTESIAN_POINT('',(11.099948564178,-0.187014812389,
    -2.134730104575));
#9495 = CARTESIAN_POINT('',(11.09994868295,-0.374036310336,
    -2.118136307017));
#9496 = CARTESIAN_POINT('',(11.099948535693,-0.559082122232,
    -2.084950560251));
#9497 = CARTESIAN_POINT('',(11.099948067924,-0.74021480059,
    -2.035520425904));
#9498 = CARTESIAN_POINT('',(11.099947393953,-0.915575073418,
    -1.970533483876));
#9499 = ORIENTED_EDGE('',*,*,#9232,.T.);
#9500 = ORIENTED_EDGE('',*,*,#9050,.F.);
#9501 = B_SPLINE_SURFACE_WITH_KNOTS('',1,9,(
    (#9502,#9503,#9504,#9505,#9506,#9507,#9508,#9509,#9510,#9511,#9512
      ,#9513,#9514,#9515,#9516,#9517,#9518,#9519,#9520,#9521,#9522,#9523
      ,#9524,#9525,#9526,#9527,#9528,#9529,#9530,#9531,#9532)
    ,(#9533,#9534,#9535,#9536,#9537,#9538,#9539,#9540,#9541,#9542,#9543
      ,#9544,#9545,#9546,#9547,#9548,#9549,#9550,#9551,#9552,#9553,#9554
      ,#9555,#9556,#9557,#9558,#9559,#9560,#9561,#9562,#9563
  )),.UNSPECIFIED.,.F.,.F.,.F.,(2,2),(10,7,7,7,10),(0.,
    4.010346187924E-02),(0.,1.58079326614,3.161586532279,4.742379798419,
    6.323173064558),.UNSPECIFIED.);
#9502 = CARTESIAN_POINT('',(11.495051043463,-1.967955844463E-07,
    3.134721962924));
#9503 = CARTESIAN_POINT('',(11.475329347647,0.459867752846,3.13473123661
    ));
#9504 = CARTESIAN_POINT('',(11.455610188576,0.919677874609,
    3.044509178045));
#9505 = CARTESIAN_POINT('',(11.435884828224,1.359295222009,
    2.863866873973));
#9506 = CARTESIAN_POINT('',(11.416161062904,1.758326776489,2.59825131727
    ));
#9507 = CARTESIAN_POINT('',(11.39643963262,2.098277765201,2.258332502478
    ));
#9508 = CARTESIAN_POINT('',(11.376718201428,2.363858672966,
    1.859276338133));
#9509 = CARTESIAN_POINT('',(11.356996526304,2.544448720714,
    1.419697965079));
#9510 = CARTESIAN_POINT('',(11.317552347654,2.725035294318,
    0.500006140964));
#9511 = CARTESIAN_POINT('',(11.278107242609,2.544443101745,
    -0.419695374922));
#9512 = CARTESIAN_POINT('',(11.258384606366,2.363854199578,
    -0.859284264158));
#9513 = CARTESIAN_POINT('',(11.238662356744,2.098285490603,
    -1.258347300785));
#9514 = CARTESIAN_POINT('',(11.218940457104,1.758347237852,
    -1.598291816096));
#9515 = CARTESIAN_POINT('',(11.199218522314,1.35928553883,
    -1.863863847229));
#9516 = CARTESIAN_POINT('',(11.179496318924,0.919698117903,
    -2.044443348516));
#9517 = CARTESIAN_POINT('',(11.14005173094,-2.473412019387E-07,
    -2.225020404452));
#9518 = CARTESIAN_POINT('',(11.100607142955,-0.91969762322,
    -2.044438309649));
#9519 = CARTESIAN_POINT('',(11.080884939569,-1.359283465576,
    -1.863858899222));
#9520 = CARTESIAN_POINT('',(11.061163004772,-1.758347832188,
    -1.598299247155));
#9521 = CARTESIAN_POINT('',(11.041441105131,-2.09829643619,
    -1.258360862276));
#9522 = CARTESIAN_POINT('',(11.02171885551,-2.363869143492,-0.8592909358
    ));
#9523 = CARTESIAN_POINT('',(11.001996219275,-2.544443913088,
    -0.419696791282));
#9524 = CARTESIAN_POINT('',(10.962551114215,-2.725014108139,
    0.500006033009));
#9525 = CARTESIAN_POINT('',(10.923106935571,-2.544436204598,
    1.419696548711));
#9526 = CARTESIAN_POINT('',(10.90338526063,-2.363865034468,1.85928002151
    ));
#9527 = CARTESIAN_POINT('',(10.883663828738,-2.098306083992,
    2.258333999734));
#9528 = CARTESIAN_POINT('',(10.863942399626,-1.758390289883,
    2.598315166603));
#9529 = CARTESIAN_POINT('',(10.844218633208,-1.359244713688,
    2.863880477602));
#9530 = CARTESIAN_POINT('',(10.824493273428,-0.919674579877,
    3.044408011276));
#9531 = CARTESIAN_POINT('',(10.80477411424,-0.459868097425,
    3.134736830872));
#9532 = CARTESIAN_POINT('',(10.785052418401,-1.47783555341E-07,
    3.134746096008));
#9533 = CARTESIAN_POINT('',(11.454947581583,-1.960601538285E-07,
    3.134722014431));
#9534 = CARTESIAN_POINT('',(11.435225885768,0.459867753582,3.13473124855
    ));
#9535 = CARTESIAN_POINT('',(11.415506726697,0.919677867577,
    3.044508962126));
#9536 = CARTESIAN_POINT('',(11.395781366345,1.35929511421,2.863866903007
    ));
#9537 = CARTESIAN_POINT('',(11.376057601024,1.758326912045,
    2.598251453543));
#9538 = CARTESIAN_POINT('',(11.356336170742,2.098277825641,
    2.258332505673));
#9539 = CARTESIAN_POINT('',(11.336614739549,2.363858686543,
    1.859276345995));
#9540 = CARTESIAN_POINT('',(11.316893064425,2.544448694001,
    1.419697962056));
#9541 = CARTESIAN_POINT('',(11.277448885775,2.725035249101,
    0.500006140734));
#9542 = CARTESIAN_POINT('',(11.23800378073,2.544443103476,
    -0.419695377945));
#9543 = CARTESIAN_POINT('',(11.218281144487,2.363854231473,
    -0.859284278397));
#9544 = CARTESIAN_POINT('',(11.198558894864,2.098285513964,
    -1.258347329729));
#9545 = CARTESIAN_POINT('',(11.178836995226,1.758347239121,
    -1.598291831956));
#9546 = CARTESIAN_POINT('',(11.159115060435,1.359285534405,
    -1.863863836669));
#9547 = CARTESIAN_POINT('',(11.139392857045,0.919698116847,
    -2.044443337762));
#9548 = CARTESIAN_POINT('',(11.099948269061,-2.462854155909E-07,
    -2.225020404452));
#9549 = CARTESIAN_POINT('',(11.060503681075,-0.919697624276,
    -2.044438320403));
#9550 = CARTESIAN_POINT('',(11.04078147769,-1.359283470001,
    -1.863858909782));
#9551 = CARTESIAN_POINT('',(11.021059542893,-1.75834783092,
    -1.598299231295));
#9552 = CARTESIAN_POINT('',(11.001337643251,-2.098296412829,
    -1.258360833332));
#9553 = CARTESIAN_POINT('',(10.981615393631,-2.363869111597,
    -0.859290921561));
#9554 = CARTESIAN_POINT('',(10.961892757396,-2.544443911356,
    -0.419696788259));
#9555 = CARTESIAN_POINT('',(10.922447652336,-2.725014153356,
    0.500006033239));
#9556 = CARTESIAN_POINT('',(10.883003473691,-2.544436231311,
    1.419696551734));
#9557 = CARTESIAN_POINT('',(10.863281798751,-2.363865020891,
    1.859280013648));
#9558 = CARTESIAN_POINT('',(10.843560366859,-2.098306023552,
    2.258333996538));
#9559 = CARTESIAN_POINT('',(10.823838937746,-1.758390154327,
    2.59831503033));
#9560 = CARTESIAN_POINT('',(10.804115171329,-1.359244821487,
    2.863880448568));
#9561 = CARTESIAN_POINT('',(10.784389811549,-0.919674586909,
    3.044408227195));
#9562 = CARTESIAN_POINT('',(10.764670652361,-0.459868096689,
    3.134736818933));
#9563 = CARTESIAN_POINT('',(10.744948956522,-1.470481245032E-07,
    3.134746044501));
#9564 = ADVANCED_FACE('',(#9565),#9576,.T.);
#9565 = FACE_BOUND('',#9566,.T.);
#9566 = EDGE_LOOP('',(#9567,#9568,#9569));
#9567 = ORIENTED_EDGE('',*,*,#9168,.F.);
#9568 = ORIENTED_EDGE('',*,*,#9379,.F.);
#9569 = ORIENTED_EDGE('',*,*,#9570,.F.);
#9570 = EDGE_CURVE('',#9169,#9345,#9571,.T.);
#9571 = CIRCLE('',#9572,3.165);
#9572 = AXIS2_PLACEMENT_3D('',#9573,#9574,#9575);
#9573 = CARTESIAN_POINT('',(10.793797097908,-5.274910693657E-15,0.5));
#9574 = DIRECTION('',(1.,-5.540892098501E-16,4.4E-16));
#9575 = DIRECTION('',(4.4E-16,-8.E-17,-1.));
#9576 = CYLINDRICAL_SURFACE('',#9577,3.165);
#9577 = AXIS2_PLACEMENT_3D('',#9578,#9579,#9580);
#9578 = CARTESIAN_POINT('',(6.446202902092,-2.854191022488E-15,0.5));
#9579 = DIRECTION('',(1.,-5.540892098501E-16,4.4E-16));
#9580 = DIRECTION('',(4.4E-16,7.E-17,-1.));
#9581 = ADVANCED_FACE('',(#9582),#9639,.T.);
#9582 = FACE_BOUND('',#9583,.T.);
#9583 = EDGE_LOOP('',(#9584,#9585,#9586,#9587,#9622,#9623,#9631,#9638));
#9584 = ORIENTED_EDGE('',*,*,#9268,.F.);
#9585 = ORIENTED_EDGE('',*,*,#9570,.T.);
#9586 = ORIENTED_EDGE('',*,*,#9342,.F.);
#9587 = ORIENTED_EDGE('',*,*,#9588,.F.);
#9588 = EDGE_CURVE('',#9456,#9343,#9589,.T.);
#9589 = B_SPLINE_CURVE_WITH_KNOTS('',7,(#9590,#9591,#9592,#9593,#9594,
    #9595,#9596,#9597,#9598,#9599,#9600,#9601,#9602,#9603,#9604,#9605,
    #9606,#9607,#9608,#9609,#9610,#9611,#9612,#9613,#9614,#9615,#9616,
    #9617,#9618,#9619,#9620,#9621),.UNSPECIFIED.,.F.,.F.,(8,6,6,6,6,8),(
    0.,0.240063503494,0.484822149606,0.738650414726,0.86524250525,1.),
  .UNSPECIFIED.);
#9590 = CARTESIAN_POINT('',(11.099947393953,-0.915575073418,
    -1.970533483876));
#9591 = CARTESIAN_POINT('',(11.094330159034,-1.164556518051,
    -1.888637401652));
#9592 = CARTESIAN_POINT('',(11.088729613446,-1.404352021138,
    -1.777717128849));
#9593 = CARTESIAN_POINT('',(11.083148961287,-1.63077492404,
    -1.639169151571));
#9594 = CARTESIAN_POINT('',(11.077587559303,-1.840150532794,
    -1.475103183599));
#9595 = CARTESIAN_POINT('',(11.072043575272,-2.029227504255,
    -1.288141592176));
#9596 = CARTESIAN_POINT('',(11.066516492086,-2.195204255593,
    -1.081375282149));
#9597 = CARTESIAN_POINT('',(11.055394716843,-2.4792876757,
    -0.631217349357));
#9598 = CARTESIAN_POINT('',(11.049796845451,-2.596498512653,
    -0.387023382689));
#9599 = CARTESIAN_POINT('',(11.044218911871,-2.685107216565,
    -0.12973099651));
#9600 = CARTESIAN_POINT('',(11.038659757825,-2.74359005718,
    0.136595105366));
#9601 = CARTESIAN_POINT('',(11.033117054593,-2.771091445103,
    0.407762349111));
#9602 = CARTESIAN_POINT('',(11.027590089195,-2.767415373745,
    0.679501268065));
#9603 = CARTESIAN_POINT('',(11.016370377764,-2.697741459683,
    1.225363278361));
#9604 = CARTESIAN_POINT('',(11.010674780889,-2.629412421122,
    1.499413006067));
#9605 = CARTESIAN_POINT('',(11.004999344389,-2.528864080151,
    1.764776860248));
#9606 = CARTESIAN_POINT('',(10.999342699312,-2.397645279619,
    2.017025948824));
#9607 = CARTESIAN_POINT('',(10.993704043299,-2.237936653355,
    2.252112519528));
#9608 = CARTESIAN_POINT('',(10.988082449147,-2.052543318784,
    2.466364394566));
#9609 = CARTESIAN_POINT('',(10.979688089439,-1.741538251247,
    2.751564688953));
#9610 = CARTESIAN_POINT('',(10.976899197947,-1.632520033474,
    2.840532985784));
#9611 = CARTESIAN_POINT('',(10.974114850485,-1.518400421546,
    2.923185924018));
#9612 = CARTESIAN_POINT('',(10.971334936809,-1.399629276631,
    2.999187657231));
#9613 = CARTESIAN_POINT('',(10.968559286263,-1.276680767672,
    3.068244442509));
#9614 = CARTESIAN_POINT('',(10.96578777068,-1.150051805123,3.13010474363
    ));
#9615 = CARTESIAN_POINT('',(10.960074544279,-0.882097383628,
    3.242526338163));
#9616 = CARTESIAN_POINT('',(10.957133233677,-0.740343878746,
    3.292104298771));
#9617 = CARTESIAN_POINT('',(10.954196524999,-0.595625421624,
    3.333041524461));
#9618 = CARTESIAN_POINT('',(10.951264303795,-0.448579769797,
    3.365146676368));
#9619 = CARTESIAN_POINT('',(10.948336514538,-0.299855000678,
    3.388288052899));
#9620 = CARTESIAN_POINT('',(10.945413383524,-0.150107535482,
    3.402392874269));
#9621 = CARTESIAN_POINT('',(10.942495641764,-1.631558163409E-07,
    3.40744656703));
#9622 = ORIENTED_EDGE('',*,*,#9491,.F.);
#9623 = ORIENTED_EDGE('',*,*,#9624,.T.);
#9624 = EDGE_CURVE('',#9233,#9625,#9627,.T.);
#9625 = VERTEX_POINT('',#9626);
#9626 = CARTESIAN_POINT('',(11.12,-5.449773882698E-15,-2.1));
#9627 = LINE('',#9628,#9629);
#9628 = CARTESIAN_POINT('',(10.793797097908,-8.164910693657E-15,-2.665)
  );
#9629 = VECTOR('',#9630,1.);
#9630 = DIRECTION('',(0.5,-4.420446049252E-16,0.866025403784));
#9631 = ORIENTED_EDGE('',*,*,#9632,.F.);
#9632 = EDGE_CURVE('',#9625,#9625,#9633,.T.);
#9633 = CIRCLE('',#9634,2.6);
#9634 = AXIS2_PLACEMENT_3D('',#9635,#9636,#9637);
#9635 = CARTESIAN_POINT('',(11.12,-5.449773882698E-15,0.5));
#9636 = DIRECTION('',(1.,-5.540892098501E-16,4.4E-16));
#9637 = DIRECTION('',(4.4E-16,-1.6E-16,-1.));
#9638 = ORIENTED_EDGE('',*,*,#9624,.F.);
#9639 = CONICAL_SURFACE('',#9640,3.165,1.047197551197);
#9640 = AXIS2_PLACEMENT_3D('',#9641,#9642,#9643);
#9641 = CARTESIAN_POINT('',(10.793797097908,-5.274910693657E-15,0.5));
#9642 = DIRECTION('',(-1.,5.540892098501E-16,-4.4E-16));
#9643 = DIRECTION('',(4.4E-16,-8.E-17,-1.));
#9644 = ADVANCED_FACE('',(#9645),#9650,.F.);
#9645 = FACE_BOUND('',#9646,.F.);
#9646 = EDGE_LOOP('',(#9647,#9648,#9649));
#9647 = ORIENTED_EDGE('',*,*,#9371,.F.);
#9648 = ORIENTED_EDGE('',*,*,#9588,.F.);
#9649 = ORIENTED_EDGE('',*,*,#9455,.T.);
#9650 = B_SPLINE_SURFACE_WITH_KNOTS('',1,9,(
    (#9651,#9652,#9653,#9654,#9655,#9656,#9657,#9658,#9659,#9660,#9661
      ,#9662,#9663,#9664,#9665,#9666,#9667,#9668,#9669,#9670,#9671,#9672
      ,#9673,#9674,#9675,#9676,#9677,#9678,#9679,#9680,#9681)
    ,(#9682,#9683,#9684,#9685,#9686,#9687,#9688,#9689,#9690,#9691,#9692
      ,#9693,#9694,#9695,#9696,#9697,#9698,#9699,#9700,#9701,#9702,#9703
      ,#9704,#9705,#9706,#9707,#9708,#9709,#9710,#9711,#9712
  )),.UNSPECIFIED.,.F.,.F.,.F.,(2,2),(10,7,7,7,10),(0.,0.659896538121),(
    0.,1.58079326614,3.161586532279,4.742379798419,6.323173064558),
  .UNSPECIFIED.);
#9651 = CARTESIAN_POINT('',(11.825000046513,-1.766819946929E-07,
    3.706208705036));
#9652 = CARTESIAN_POINT('',(11.805277788682,0.559589626385,
    3.706218299694));
#9653 = CARTESIAN_POINT('',(11.785555359242,1.119181165966,
    3.596421986495));
#9654 = CARTESIAN_POINT('',(11.765833349059,1.654147144006,
    3.376584461095));
#9655 = CARTESIAN_POINT('',(11.746111231865,2.13970852102,3.053379667416
    ));
#9656 = CARTESIAN_POINT('',(11.726388955405,2.553409572741,
    2.639731001396));
#9657 = CARTESIAN_POINT('',(11.706666680041,2.876590869118,2.15411297821
    ));
#9658 = CARTESIAN_POINT('',(11.686944420695,3.096351494375,
    1.619185186052));
#9659 = CARTESIAN_POINT('',(11.647499958262,3.31610732476,0.500005959451
    ));
#9660 = CARTESIAN_POINT('',(11.608055558528,3.096345880305,
    -0.619180810396));
#9661 = CARTESIAN_POINT('',(11.588333364318,2.876588315687,
    -1.154116968254));
#9662 = CARTESIAN_POINT('',(11.568611143948,2.553417166136,
    -1.639741299855));
#9663 = CARTESIAN_POINT('',(11.5488888999,2.139741294332,-2.05342399432)
  );
#9664 = CARTESIAN_POINT('',(11.529166658229,1.654117227366,
    -2.376599418034));
#9665 = CARTESIAN_POINT('',(11.509444434731,1.119181826999,
    -2.596346626308));
#9666 = CARTESIAN_POINT('',(11.47,-2.560276846352E-07,-2.816091546905));
#9667 = CARTESIAN_POINT('',(11.430555565268,-1.119181314943,
    -2.596341410478));
#9668 = CARTESIAN_POINT('',(11.410833341775,-1.654115081301,
    -2.376594296255));
#9669 = CARTESIAN_POINT('',(11.391111100098,-2.13974190954,
    -2.053431686353));
#9670 = CARTESIAN_POINT('',(11.371388856047,-2.553428496126,
    -1.639755337618));
#9671 = CARTESIAN_POINT('',(11.351666635678,-2.876603784422,
    -1.1541238742));
#9672 = CARTESIAN_POINT('',(11.331944441477,-3.096346720142,
    -0.619182276498));
#9673 = CARTESIAN_POINT('',(11.292500041728,-3.316085394535,
    0.500005847705));
#9674 = CARTESIAN_POINT('',(11.2530555793,-3.096338538701,1.619183719942
    ));
#9675 = CARTESIAN_POINT('',(11.233333320144,-2.876597454032,
    2.154116790944));
#9676 = CARTESIAN_POINT('',(11.213611044056,-2.553438886071,
    2.639732551235));
#9677 = CARTESIAN_POINT('',(11.19388876881,-2.139774264965,
    3.053445759097));
#9678 = CARTESIAN_POINT('',(11.174166650477,-1.654094861865,
    3.376598542476));
#9679 = CARTESIAN_POINT('',(11.154444640887,-1.119177755525,
    3.596317266814));
#9680 = CARTESIAN_POINT('',(11.134722211327,-0.559589983065,
    3.706224090422));
#9681 = CARTESIAN_POINT('',(11.114999953471,-1.799985949476E-07,
    3.706233685659));
#9682 = CARTESIAN_POINT('',(11.495051043463,-1.967955844463E-07,
    3.134721962924));
#9683 = CARTESIAN_POINT('',(11.475329347647,0.459867752846,3.13473123661
    ));
#9684 = CARTESIAN_POINT('',(11.455610188576,0.919677874609,
    3.044509178045));
#9685 = CARTESIAN_POINT('',(11.435884828224,1.359295222009,
    2.863866873973));
#9686 = CARTESIAN_POINT('',(11.416161062904,1.758326776489,2.59825131727
    ));
#9687 = CARTESIAN_POINT('',(11.39643963262,2.0982777652,2.258332502478)
  );
#9688 = CARTESIAN_POINT('',(11.376718201428,2.363858672966,
    1.859276338133));
#9689 = CARTESIAN_POINT('',(11.356996526304,2.544448720714,
    1.419697965079));
#9690 = CARTESIAN_POINT('',(11.317552347654,2.725035294318,
    0.500006140964));
#9691 = CARTESIAN_POINT('',(11.278107242609,2.544443101745,
    -0.419695374922));
#9692 = CARTESIAN_POINT('',(11.258384606366,2.363854199578,
    -0.859284264158));
#9693 = CARTESIAN_POINT('',(11.238662356744,2.098285490603,
    -1.258347300785));
#9694 = CARTESIAN_POINT('',(11.218940457104,1.758347237852,
    -1.598291816096));
#9695 = CARTESIAN_POINT('',(11.199218522314,1.35928553883,
    -1.863863847229));
#9696 = CARTESIAN_POINT('',(11.179496318924,0.919698117903,
    -2.044443348516));
#9697 = CARTESIAN_POINT('',(11.14005173094,-2.473412222287E-07,
    -2.225020404452));
#9698 = CARTESIAN_POINT('',(11.100607142955,-0.91969762322,
    -2.044438309649));
#9699 = CARTESIAN_POINT('',(11.080884939569,-1.359283465576,
    -1.863858899222));
#9700 = CARTESIAN_POINT('',(11.061163004772,-1.758347832188,
    -1.598299247155));
#9701 = CARTESIAN_POINT('',(11.041441105131,-2.09829643619,
    -1.258360862276));
#9702 = CARTESIAN_POINT('',(11.02171885551,-2.363869143492,-0.8592909358
    ));
#9703 = CARTESIAN_POINT('',(11.001996219275,-2.544443913088,
    -0.419696791282));
#9704 = CARTESIAN_POINT('',(10.962551114215,-2.725014108139,
    0.500006033009));
#9705 = CARTESIAN_POINT('',(10.923106935571,-2.544436204598,
    1.419696548711));
#9706 = CARTESIAN_POINT('',(10.90338526063,-2.363865034468,1.85928002151
    ));
#9707 = CARTESIAN_POINT('',(10.883663828738,-2.098306083992,
    2.258333999734));
#9708 = CARTESIAN_POINT('',(10.863942399626,-1.758390289883,
    2.598315166603));
#9709 = CARTESIAN_POINT('',(10.844218633208,-1.359244713688,
    2.863880477602));
#9710 = CARTESIAN_POINT('',(10.824493273428,-0.919674579877,
    3.044408011276));
#9711 = CARTESIAN_POINT('',(10.80477411424,-0.459868097425,
    3.134736830872));
#9712 = CARTESIAN_POINT('',(10.785052418401,-1.47783555341E-07,
    3.134746096008));
#9713 = ADVANCED_FACE('',(#9714),#9733,.T.);
#9714 = FACE_BOUND('',#9715,.T.);
#9715 = EDGE_LOOP('',(#9716,#9717,#9725,#9732));
#9716 = ORIENTED_EDGE('',*,*,#9632,.T.);
#9717 = ORIENTED_EDGE('',*,*,#9718,.T.);
#9718 = EDGE_CURVE('',#9625,#9719,#9721,.T.);
#9719 = VERTEX_POINT('',#9720);
#9720 = CARTESIAN_POINT('',(11.62,-6.671818487623E-15,-2.1));
#9721 = LINE('',#9722,#9723);
#9722 = CARTESIAN_POINT('',(11.12,-8.459773882698E-15,-2.1));
#9723 = VECTOR('',#9724,1.);
#9724 = DIRECTION('',(1.,-8.840892098501E-16,4.4E-16));
#9725 = ORIENTED_EDGE('',*,*,#9726,.F.);
#9726 = EDGE_CURVE('',#9719,#9719,#9727,.T.);
#9727 = CIRCLE('',#9728,2.6);
#9728 = AXIS2_PLACEMENT_3D('',#9729,#9730,#9731);
#9729 = CARTESIAN_POINT('',(11.62,-5.731818487623E-15,0.5));
#9730 = DIRECTION('',(1.,-5.540892098501E-16,4.4E-16));
#9731 = DIRECTION('',(4.4E-16,-1.8E-16,-1.));
#9732 = ORIENTED_EDGE('',*,*,#9718,.F.);
#9733 = CYLINDRICAL_SURFACE('',#9734,2.6);
#9734 = AXIS2_PLACEMENT_3D('',#9735,#9736,#9737);
#9735 = CARTESIAN_POINT('',(11.12,-5.449773882698E-15,0.5));
#9736 = DIRECTION('',(1.,-5.540892098501E-16,4.4E-16));
#9737 = DIRECTION('',(4.4E-16,-1.6E-16,-1.));
#9738 = ADVANCED_FACE('',(#9739,#9742),#9753,.F.);
#9739 = FACE_BOUND('',#9740,.T.);
#9740 = EDGE_LOOP('',(#9741));
#9741 = ORIENTED_EDGE('',*,*,#9726,.T.);
#9742 = FACE_BOUND('',#9743,.T.);
#9743 = EDGE_LOOP('',(#9744));
#9744 = ORIENTED_EDGE('',*,*,#9745,.F.);
#9745 = EDGE_CURVE('',#9746,#9746,#9748,.T.);
#9746 = VERTEX_POINT('',#9747);
#9747 = CARTESIAN_POINT('',(11.62,-6.671818487623E-15,-1.815));
#9748 = CIRCLE('',#9749,2.315);
#9749 = AXIS2_PLACEMENT_3D('',#9750,#9751,#9752);
#9750 = CARTESIAN_POINT('',(11.62,-5.731818487623E-15,0.5));
#9751 = DIRECTION('',(1.,-5.540892098501E-16,4.4E-16));
#9752 = DIRECTION('',(4.4E-16,-2.3E-16,-1.));
#9753 = PLANE('',#9754);
#9754 = AXIS2_PLACEMENT_3D('',#9755,#9756,#9757);
#9755 = CARTESIAN_POINT('',(11.62,-5.731818487623E-15,0.5));
#9756 = DIRECTION('',(-1.,5.540892098501E-16,-4.4E-16));
#9757 = DIRECTION('',(-4.4E-16,1.8E-16,1.));
#9758 = ADVANCED_FACE('',(#9759),#9778,.F.);
#9759 = FACE_BOUND('',#9760,.F.);
#9760 = EDGE_LOOP('',(#9761,#9769,#9776,#9777));
#9761 = ORIENTED_EDGE('',*,*,#9762,.T.);
#9762 = EDGE_CURVE('',#9746,#9763,#9765,.T.);
#9763 = VERTEX_POINT('',#9764);
#9764 = CARTESIAN_POINT('',(9.69,-4.814726312612E-15,-1.815));
#9765 = LINE('',#9766,#9767);
#9766 = CARTESIAN_POINT('',(11.62,-8.901818487623E-15,-1.815));
#9767 = VECTOR('',#9768,1.);
#9768 = DIRECTION('',(-1.,8.840892098501E-16,-4.4E-16));
#9769 = ORIENTED_EDGE('',*,*,#9770,.T.);
#9770 = EDGE_CURVE('',#9763,#9763,#9771,.T.);
#9771 = CIRCLE('',#9772,2.315);
#9772 = AXIS2_PLACEMENT_3D('',#9773,#9774,#9775);
#9773 = CARTESIAN_POINT('',(9.69,-4.654726312612E-15,0.5));
#9774 = DIRECTION('',(1.,-5.540892098501E-16,4.4E-16));
#9775 = DIRECTION('',(4.4E-16,-1.4E-16,-1.));
#9776 = ORIENTED_EDGE('',*,*,#9762,.F.);
#9777 = ORIENTED_EDGE('',*,*,#9745,.F.);
#9778 = CYLINDRICAL_SURFACE('',#9779,2.315);
#9779 = AXIS2_PLACEMENT_3D('',#9780,#9781,#9782);
#9780 = CARTESIAN_POINT('',(11.62,-5.731818487623E-15,0.5));
#9781 = DIRECTION('',(-1.,5.540892098501E-16,-4.4E-16));
#9782 = DIRECTION('',(4.4E-16,-2.3E-16,-1.));
#9783 = ADVANCED_FACE('',(#9784,#9787),#9798,.F.);
#9784 = FACE_BOUND('',#9785,.T.);
#9785 = EDGE_LOOP('',(#9786));
#9786 = ORIENTED_EDGE('',*,*,#9770,.T.);
#9787 = FACE_BOUND('',#9788,.T.);
#9788 = EDGE_LOOP('',(#9789));
#9789 = ORIENTED_EDGE('',*,*,#9790,.F.);
#9790 = EDGE_CURVE('',#9791,#9791,#9793,.T.);
#9791 = VERTEX_POINT('',#9792);
#9792 = CARTESIAN_POINT('',(9.69,-5.814726312612E-15,8.000000000001E-02)
  );
#9793 = CIRCLE('',#9794,0.42);
#9794 = AXIS2_PLACEMENT_3D('',#9795,#9796,#9797);
#9795 = CARTESIAN_POINT('',(9.69,-4.654726312612E-15,0.5));
#9796 = DIRECTION('',(1.,-5.540892098501E-16,4.4E-16));
#9797 = DIRECTION('',(4.4E-16,-1.78E-15,-1.));
#9798 = PLANE('',#9799);
#9799 = AXIS2_PLACEMENT_3D('',#9800,#9801,#9802);
#9800 = CARTESIAN_POINT('',(9.69,-4.654726312612E-15,0.5));
#9801 = DIRECTION('',(-1.,5.540892098501E-16,-4.4E-16));
#9802 = DIRECTION('',(-4.4E-16,1.4E-16,1.));
#9803 = ADVANCED_FACE('',(#9804),#9823,.F.);
#9804 = FACE_BOUND('',#9805,.F.);
#9805 = EDGE_LOOP('',(#9806,#9814,#9821,#9822));
#9806 = ORIENTED_EDGE('',*,*,#9807,.T.);
#9807 = EDGE_CURVE('',#9791,#9808,#9810,.T.);
#9808 = VERTEX_POINT('',#9809);
#9809 = CARTESIAN_POINT('',(3.7,-1.15463194561E-15,8.E-02));
#9810 = LINE('',#9811,#9812);
#9811 = CARTESIAN_POINT('',(9.69,-7.184726312612E-15,8.E-02));
#9812 = VECTOR('',#9813,1.);
#9813 = DIRECTION('',(-1.,8.840892098501E-16,-4.4E-16));
#9814 = ORIENTED_EDGE('',*,*,#9815,.T.);
#9815 = EDGE_CURVE('',#9808,#9808,#9816,.T.);
#9816 = CIRCLE('',#9817,0.42);
#9817 = AXIS2_PLACEMENT_3D('',#9818,#9819,#9820);
#9818 = CARTESIAN_POINT('',(3.7,-1.33463194561E-15,0.5));
#9819 = DIRECTION('',(1.,-5.540892098501E-16,4.4E-16));
#9820 = DIRECTION('',(4.4E-16,-2.E-16,-1.));
#9821 = ORIENTED_EDGE('',*,*,#9807,.F.);
#9822 = ORIENTED_EDGE('',*,*,#9790,.F.);
#9823 = CYLINDRICAL_SURFACE('',#9824,0.42);
#9824 = AXIS2_PLACEMENT_3D('',#9825,#9826,#9827);
#9825 = CARTESIAN_POINT('',(9.69,-4.654726312612E-15,0.5));
#9826 = DIRECTION('',(-1.,5.540892098501E-16,-4.4E-16));
#9827 = DIRECTION('',(4.4E-16,-1.78E-15,-1.));
#9828 = ADVANCED_FACE('',(#9829),#9832,.F.);
#9829 = FACE_BOUND('',#9830,.F.);
#9830 = EDGE_LOOP('',(#9831));
#9831 = ORIENTED_EDGE('',*,*,#9815,.F.);
#9832 = PLANE('',#9833);
#9833 = AXIS2_PLACEMENT_3D('',#9834,#9835,#9836);
#9834 = CARTESIAN_POINT('',(3.7,-1.29463194561E-15,0.5));
#9835 = DIRECTION('',(-1.,4.440892098501E-16,-8.9E-16));
#9836 = DIRECTION('',(-8.9E-16,3.952393967666E-31,1.));
#9837 = ( GEOMETRIC_REPRESENTATION_CONTEXT(3) 
GLOBAL_UNCERTAINTY_ASSIGNED_CONTEXT((#9841)) 
GLOBAL_UNIT_ASSIGNED_CONTEXT((#9838,#9839,#9840)) REPRESENTATION_CONTEXT
('Context #1','3D Context with UNIT and UNCERTAINTY') );
#9838 = ( LENGTH_UNIT() NAMED_UNIT(*) SI_UNIT(.MILLI.,.METRE.) );
#9839 = ( NAMED_UNIT(*) PLANE_ANGLE_UNIT() SI_UNIT($,.RADIAN.) );
#9840 = ( NAMED_UNIT(*) SI_UNIT($,.STERADIAN.) SOLID_ANGLE_UNIT() );
#9841 = UNCERTAINTY_MEASURE_WITH_UNIT(LENGTH_MEASURE(1.E-07),#9838,
  'distance_accuracy_value','confusion accuracy');
#9842 = CONTEXT_DEPENDENT_SHAPE_REPRESENTATION(#9843,#9845);
#9843 = ( REPRESENTATION_RELATIONSHIP('','',#5178,#5155) 
REPRESENTATION_RELATIONSHIP_WITH_TRANSFORMATION(#9844) 
SHAPE_REPRESENTATION_RELATIONSHIP() );
#9844 = ITEM_DEFINED_TRANSFORMATION('','',#11,#5156);
#9845 = PRODUCT_DEFINITION_SHAPE('Placement','Placement of an item',
  #9846);
#9846 = NEXT_ASSEMBLY_USAGE_OCCURRENCE('16','=>[0:1:1:13]','',#5150,
  #5173,$);
#9847 = PRODUCT_RELATED_PRODUCT_CATEGORY('part',$,(#5175));
#9848 = SHAPE_DEFINITION_REPRESENTATION(#9849,#9855);
#9849 = PRODUCT_DEFINITION_SHAPE('','',#9850);
#9850 = PRODUCT_DEFINITION('design','',#9851,#9854);
#9851 = PRODUCT_DEFINITION_FORMATION('','',#9852);
#9852 = PRODUCT('D_SOD-123','D_SOD-123','',(#9853));
#9853 = PRODUCT_CONTEXT('',#2,'mechanical');
#9854 = PRODUCT_DEFINITION_CONTEXT('part definition',#2,'design');
#9855 = SHAPE_REPRESENTATION('',(#11,#9856),#9860);
#9856 = AXIS2_PLACEMENT_3D('',#9857,#9858,#9859);
#9857 = CARTESIAN_POINT('',(0.,0.,0.));
#9858 = DIRECTION('',(0.,0.,1.));
#9859 = DIRECTION('',(1.,0.,-0.));
#9860 = ( GEOMETRIC_REPRESENTATION_CONTEXT(3) 
GLOBAL_UNCERTAINTY_ASSIGNED_CONTEXT((#9864)) 
GLOBAL_UNIT_ASSIGNED_CONTEXT((#9861,#9862,#9863)) REPRESENTATION_CONTEXT
('Context #1','3D Context with UNIT and UNCERTAINTY') );
#9861 = ( LENGTH_UNIT() NAMED_UNIT(*) SI_UNIT(.MILLI.,.METRE.) );
#9862 = ( NAMED_UNIT(*) PLANE_ANGLE_UNIT() SI_UNIT($,.RADIAN.) );
#9863 = ( NAMED_UNIT(*) SI_UNIT($,.STERADIAN.) SOLID_ANGLE_UNIT() );
#9864 = UNCERTAINTY_MEASURE_WITH_UNIT(LENGTH_MEASURE(1.E-07),#9861,
  'distance_accuracy_value','confusion accuracy');
#9865 = CONTEXT_DEPENDENT_SHAPE_REPRESENTATION(#9866,#9868);
#9866 = ( REPRESENTATION_RELATIONSHIP('','',#9855,#10) 
REPRESENTATION_RELATIONSHIP_WITH_TRANSFORMATION(#9867) 
SHAPE_REPRESENTATION_RELATIONSHIP() );
#9867 = ITEM_DEFINED_TRANSFORMATION('','',#11,#59);
#9868 = PRODUCT_DEFINITION_SHAPE('Placement','Placement of an item',
  #9869);
#9869 = NEXT_ASSEMBLY_USAGE_OCCURRENCE('19','D1','',#5,#9850,$);
#9870 = PRODUCT_RELATED_PRODUCT_CATEGORY('part',$,(#9852));
#9871 = SHAPE_DEFINITION_REPRESENTATION(#9872,#9878);
#9872 = PRODUCT_DEFINITION_SHAPE('','',#9873);
#9873 = PRODUCT_DEFINITION('design','',#9874,#9877);
#9874 = PRODUCT_DEFINITION_FORMATION('','',#9875);
#9875 = PRODUCT('D_SOD-123','D_SOD-123','',(#9876));
#9876 = PRODUCT_CONTEXT('',#2,'mechanical');
#9877 = PRODUCT_DEFINITION_CONTEXT('part definition',#2,'design');
#9878 = ADVANCED_BREP_SHAPE_REPRESENTATION('',(#11,#9879),#11567);
#9879 = MANIFOLD_SOLID_BREP('',#9880);
#9880 = CLOSED_SHELL('',(#9881,#9935,#9998,#10021,#10051,#10084,#10114,
    #10137,#10160,#10183,#10206,#10229,#10262,#10285,#10308,#10396,
    #10471,#10495,#10563,#10651,#10667,#10683,#10699,#10715,#10732,
    #10765,#10782,#10804,#10835,#10858,#10881,#10904,#10934,#10951,
    #10968,#10985,#11002,#11019,#11036,#11053,#11065,#11088,#11111,
    #11128,#11203,#11227,#11295,#11312,#11362,#11379,#11396,#11413,
    #11430,#11447,#11459,#11490,#11514,#11538,#11555));
#9881 = ADVANCED_FACE('',(#9882),#9930,.F.);
#9882 = FACE_BOUND('',#9883,.F.);
#9883 = EDGE_LOOP('',(#9884,#9894,#9901,#9909,#9917,#9925));
#9884 = ORIENTED_EDGE('',*,*,#9885,.T.);
#9885 = EDGE_CURVE('',#9886,#9888,#9890,.T.);
#9886 = VERTEX_POINT('',#9887);
#9887 = CARTESIAN_POINT('',(-1.308243103516,-0.671621551758,0.1));
#9888 = VERTEX_POINT('',#9889);
#9889 = CARTESIAN_POINT('',(-1.308243103516,0.671621551758,0.1));
#9890 = LINE('',#9891,#9892);
#9891 = CARTESIAN_POINT('',(-1.308243103516,-0.671621551758,0.1));
#9892 = VECTOR('',#9893,1.);
#9893 = DIRECTION('',(0.,1.,0.));
#9894 = ORIENTED_EDGE('',*,*,#9895,.T.);
#9895 = EDGE_CURVE('',#9888,#9896,#9898,.T.);
#9896 = VERTEX_POINT('',#9897);
#9897 = CARTESIAN_POINT('',(-1.375,0.705,0.575));
#9898 = B_SPLINE_CURVE_WITH_KNOTS('',1,(#9899,#9900),.UNSPECIFIED.,.F.,
  .F.,(2,2),(0.,1.),.PIECEWISE_BEZIER_KNOTS.);
#9899 = CARTESIAN_POINT('',(-1.308243103516,0.671621551758,0.1));
#9900 = CARTESIAN_POINT('',(-1.375,0.705,0.575));
#9901 = ORIENTED_EDGE('',*,*,#9902,.F.);
#9902 = EDGE_CURVE('',#9903,#9896,#9905,.T.);
#9903 = VERTEX_POINT('',#9904);
#9904 = CARTESIAN_POINT('',(-1.375,0.325,0.575));
#9905 = LINE('',#9906,#9907);
#9906 = CARTESIAN_POINT('',(-1.375,-0.705,0.575));
#9907 = VECTOR('',#9908,1.);
#9908 = DIRECTION('',(0.,1.,0.));
#9909 = ORIENTED_EDGE('',*,*,#9910,.F.);
#9910 = EDGE_CURVE('',#9911,#9903,#9913,.T.);
#9911 = VERTEX_POINT('',#9912);
#9912 = CARTESIAN_POINT('',(-1.375,-0.325,0.575));
#9913 = LINE('',#9914,#9915);
#9914 = CARTESIAN_POINT('',(-1.375,-0.325,0.575));
#9915 = VECTOR('',#9916,1.);
#9916 = DIRECTION('',(1.110223024625E-16,1.,0.));
#9917 = ORIENTED_EDGE('',*,*,#9918,.F.);
#9918 = EDGE_CURVE('',#9919,#9911,#9921,.T.);
#9919 = VERTEX_POINT('',#9920);
#9920 = CARTESIAN_POINT('',(-1.375,-0.705,0.575));
#9921 = LINE('',#9922,#9923);
#9922 = CARTESIAN_POINT('',(-1.375,-0.705,0.575));
#9923 = VECTOR('',#9924,1.);
#9924 = DIRECTION('',(0.,1.,0.));
#9925 = ORIENTED_EDGE('',*,*,#9926,.F.);
#9926 = EDGE_CURVE('',#9886,#9919,#9927,.T.);
#9927 = B_SPLINE_CURVE_WITH_KNOTS('',1,(#9928,#9929),.UNSPECIFIED.,.F.,
  .F.,(2,2),(0.,1.),.PIECEWISE_BEZIER_KNOTS.);
#9928 = CARTESIAN_POINT('',(-1.308243103516,-0.671621551758,0.1));
#9929 = CARTESIAN_POINT('',(-1.375,-0.705,0.575));
#9930 = B_SPLINE_SURFACE_WITH_KNOTS('',1,1,(
    (#9931,#9932)
    ,(#9933,#9934
    )),.UNSPECIFIED.,.F.,.F.,.F.,(2,2),(2,2),(0.,1.41),(0.,1.),
  .PIECEWISE_BEZIER_KNOTS.);
#9931 = CARTESIAN_POINT('',(-1.308243103516,-0.671621551758,0.1));
#9932 = CARTESIAN_POINT('',(-1.375,-0.705,0.575));
#9933 = CARTESIAN_POINT('',(-1.308243103516,0.671621551758,0.1));
#9934 = CARTESIAN_POINT('',(-1.375,0.705,0.575));
#9935 = ADVANCED_FACE('',(#9936),#9993,.F.);
#9936 = FACE_BOUND('',#9937,.T.);
#9937 = EDGE_LOOP('',(#9938,#9939,#9947,#9955,#9963,#9971,#9979,#9987));
#9938 = ORIENTED_EDGE('',*,*,#9885,.T.);
#9939 = ORIENTED_EDGE('',*,*,#9940,.T.);
#9940 = EDGE_CURVE('',#9888,#9941,#9943,.T.);
#9941 = VERTEX_POINT('',#9942);
#9942 = CARTESIAN_POINT('',(-1.246621551758,0.733243103516,0.1));
#9943 = LINE('',#9944,#9945);
#9944 = CARTESIAN_POINT('',(-1.308243103516,0.671621551758,0.1));
#9945 = VECTOR('',#9946,1.);
#9946 = DIRECTION('',(0.707106781187,0.707106781187,0.));
#9947 = ORIENTED_EDGE('',*,*,#9948,.T.);
#9948 = EDGE_CURVE('',#9941,#9949,#9951,.T.);
#9949 = VERTEX_POINT('',#9950);
#9950 = CARTESIAN_POINT('',(1.246621551758,0.733243103516,0.1));
#9951 = LINE('',#9952,#9953);
#9952 = CARTESIAN_POINT('',(-1.246621551758,0.733243103516,0.1));
#9953 = VECTOR('',#9954,1.);
#9954 = DIRECTION('',(1.,0.,0.));
#9955 = ORIENTED_EDGE('',*,*,#9956,.T.);
#9956 = EDGE_CURVE('',#9949,#9957,#9959,.T.);
#9957 = VERTEX_POINT('',#9958);
#9958 = CARTESIAN_POINT('',(1.308243103516,0.671621551758,0.1));
#9959 = LINE('',#9960,#9961);
#9960 = CARTESIAN_POINT('',(1.246621551758,0.733243103516,0.1));
#9961 = VECTOR('',#9962,1.);
#9962 = DIRECTION('',(0.707106781187,-0.707106781187,0.));
#9963 = ORIENTED_EDGE('',*,*,#9964,.T.);
#9964 = EDGE_CURVE('',#9957,#9965,#9967,.T.);
#9965 = VERTEX_POINT('',#9966);
#9966 = CARTESIAN_POINT('',(1.308243103516,-0.671621551758,0.1));
#9967 = LINE('',#9968,#9969);
#9968 = CARTESIAN_POINT('',(1.308243103516,0.671621551758,0.1));
#9969 = VECTOR('',#9970,1.);
#9970 = DIRECTION('',(0.,-1.,0.));
#9971 = ORIENTED_EDGE('',*,*,#9972,.T.);
#9972 = EDGE_CURVE('',#9965,#9973,#9975,.T.);
#9973 = VERTEX_POINT('',#9974);
#9974 = CARTESIAN_POINT('',(1.246621551758,-0.733243103516,0.1));
#9975 = LINE('',#9976,#9977);
#9976 = CARTESIAN_POINT('',(1.308243103516,-0.671621551758,0.1));
#9977 = VECTOR('',#9978,1.);
#9978 = DIRECTION('',(-0.707106781187,-0.707106781187,0.));
#9979 = ORIENTED_EDGE('',*,*,#9980,.T.);
#9980 = EDGE_CURVE('',#9973,#9981,#9983,.T.);
#9981 = VERTEX_POINT('',#9982);
#9982 = CARTESIAN_POINT('',(-1.246621551758,-0.733243103516,0.1));
#9983 = LINE('',#9984,#9985);
#9984 = CARTESIAN_POINT('',(1.246621551758,-0.733243103516,0.1));
#9985 = VECTOR('',#9986,1.);
#9986 = DIRECTION('',(-1.,0.,0.));
#9987 = ORIENTED_EDGE('',*,*,#9988,.T.);
#9988 = EDGE_CURVE('',#9981,#9886,#9989,.T.);
#9989 = LINE('',#9990,#9991);
#9990 = CARTESIAN_POINT('',(-1.246621551758,-0.733243103516,0.1));
#9991 = VECTOR('',#9992,1.);
#9992 = DIRECTION('',(-0.707106781187,0.707106781187,0.));
#9993 = PLANE('',#9994);
#9994 = AXIS2_PLACEMENT_3D('',#9995,#9996,#9997);
#9995 = CARTESIAN_POINT('',(-1.308243103516,-0.671621551758,0.1));
#9996 = DIRECTION('',(0.,0.,1.));
#9997 = DIRECTION('',(0.889616464678,0.456708381546,-0.));
#9998 = ADVANCED_FACE('',(#9999),#10016,.F.);
#9999 = FACE_BOUND('',#10000,.F.);
#10000 = EDGE_LOOP('',(#10001,#10002,#10009,#10015));
#10001 = ORIENTED_EDGE('',*,*,#9940,.T.);
#10002 = ORIENTED_EDGE('',*,*,#10003,.T.);
#10003 = EDGE_CURVE('',#9941,#10004,#10006,.T.);
#10004 = VERTEX_POINT('',#10005);
#10005 = CARTESIAN_POINT('',(-1.28,0.8,0.575));
#10006 = B_SPLINE_CURVE_WITH_KNOTS('',1,(#10007,#10008),.UNSPECIFIED.,
  .F.,.F.,(2,2),(0.,1.),.PIECEWISE_BEZIER_KNOTS.);
#10007 = CARTESIAN_POINT('',(-1.246621551758,0.733243103516,0.1));
#10008 = CARTESIAN_POINT('',(-1.28,0.8,0.575));
#10009 = ORIENTED_EDGE('',*,*,#10010,.F.);
#10010 = EDGE_CURVE('',#9896,#10004,#10011,.T.);
#10011 = LINE('',#10012,#10013);
#10012 = CARTESIAN_POINT('',(-1.375,0.705,0.575));
#10013 = VECTOR('',#10014,1.);
#10014 = DIRECTION('',(0.707106781187,0.707106781187,0.));
#10015 = ORIENTED_EDGE('',*,*,#9895,.F.);
#10016 = B_SPLINE_SURFACE_WITH_KNOTS('',1,1,(
    (#10017,#10018)
    ,(#10019,#10020
    )),.UNSPECIFIED.,.F.,.F.,.F.,(2,2),(2,2),(0.,0.134350288425),(0.,1.)
  ,.PIECEWISE_BEZIER_KNOTS.);
#10017 = CARTESIAN_POINT('',(-1.308243103516,0.671621551758,0.1));
#10018 = CARTESIAN_POINT('',(-1.375,0.705,0.575));
#10019 = CARTESIAN_POINT('',(-1.246621551758,0.733243103516,0.1));
#10020 = CARTESIAN_POINT('',(-1.28,0.8,0.575));
#10021 = ADVANCED_FACE('',(#10022),#10046,.F.);
#10022 = FACE_BOUND('',#10023,.F.);
#10023 = EDGE_LOOP('',(#10024,#10031,#10032,#10040));
#10024 = ORIENTED_EDGE('',*,*,#10025,.F.);
#10025 = EDGE_CURVE('',#9919,#10026,#10028,.T.);
#10026 = VERTEX_POINT('',#10027);
#10027 = CARTESIAN_POINT('',(-1.375,-0.705,0.775));
#10028 = B_SPLINE_CURVE_WITH_KNOTS('',1,(#10029,#10030),.UNSPECIFIED.,
  .F.,.F.,(2,2),(0.,1.),.PIECEWISE_BEZIER_KNOTS.);
#10029 = CARTESIAN_POINT('',(-1.375,-0.705,0.575));
#10030 = CARTESIAN_POINT('',(-1.375,-0.705,0.775));
#10031 = ORIENTED_EDGE('',*,*,#9918,.T.);
#10032 = ORIENTED_EDGE('',*,*,#10033,.T.);
#10033 = EDGE_CURVE('',#9911,#10034,#10036,.T.);
#10034 = VERTEX_POINT('',#10035);
#10035 = CARTESIAN_POINT('',(-1.375,-0.325,0.775));
#10036 = LINE('',#10037,#10038);
#10037 = CARTESIAN_POINT('',(-1.375,-0.325,0.579830288983));
#10038 = VECTOR('',#10039,1.);
#10039 = DIRECTION('',(0.,0.,1.));
#10040 = ORIENTED_EDGE('',*,*,#10041,.F.);
#10041 = EDGE_CURVE('',#10026,#10034,#10042,.T.);
#10042 = LINE('',#10043,#10044);
#10043 = CARTESIAN_POINT('',(-1.375,-0.705,0.775));
#10044 = VECTOR('',#10045,1.);
#10045 = DIRECTION('',(0.,1.,0.));
#10046 = PLANE('',#10047);
#10047 = AXIS2_PLACEMENT_3D('',#10048,#10049,#10050);
#10048 = CARTESIAN_POINT('',(-1.375,-0.705,0.775));
#10049 = DIRECTION('',(1.,0.,0.));
#10050 = DIRECTION('',(-0.,1.,0.));
#10051 = ADVANCED_FACE('',(#10052),#10079,.F.);
#10052 = FACE_BOUND('',#10053,.F.);
#10053 = EDGE_LOOP('',(#10054,#10055,#10064,#10072));
#10054 = ORIENTED_EDGE('',*,*,#9910,.T.);
#10055 = ORIENTED_EDGE('',*,*,#10056,.T.);
#10056 = EDGE_CURVE('',#9903,#10057,#10059,.T.);
#10057 = VERTEX_POINT('',#10058);
#10058 = CARTESIAN_POINT('',(-1.493176930361,0.325,0.47583778132));
#10059 = CIRCLE('',#10060,0.12);
#10060 = AXIS2_PLACEMENT_3D('',#10061,#10062,#10063);
#10061 = CARTESIAN_POINT('',(-1.375,0.325,0.455));
#10062 = DIRECTION('',(-1.110223024625E-16,-1.,0.));
#10063 = DIRECTION('',(9.251858538543E-16,-1.027162637006E-31,1.));
#10064 = ORIENTED_EDGE('',*,*,#10065,.F.);
#10065 = EDGE_CURVE('',#10066,#10057,#10068,.T.);
#10066 = VERTEX_POINT('',#10067);
#10067 = CARTESIAN_POINT('',(-1.493176930361,-0.325,0.47583778132));
#10068 = LINE('',#10069,#10070);
#10069 = CARTESIAN_POINT('',(-1.493176930361,-0.325,0.47583778132));
#10070 = VECTOR('',#10071,1.);
#10071 = DIRECTION('',(1.110223024625E-16,1.,0.));
#10072 = ORIENTED_EDGE('',*,*,#10073,.F.);
#10073 = EDGE_CURVE('',#9911,#10066,#10074,.T.);
#10074 = CIRCLE('',#10075,0.12);
#10075 = AXIS2_PLACEMENT_3D('',#10076,#10077,#10078);
#10076 = CARTESIAN_POINT('',(-1.375,-0.325,0.455));
#10077 = DIRECTION('',(-1.110223024625E-16,-1.,0.));
#10078 = DIRECTION('',(9.251858538543E-16,-1.027162637006E-31,1.));
#10079 = CYLINDRICAL_SURFACE('',#10080,0.12);
#10080 = AXIS2_PLACEMENT_3D('',#10081,#10082,#10083);
#10081 = CARTESIAN_POINT('',(-1.375,-0.325,0.455));
#10082 = DIRECTION('',(-1.110223024625E-16,-1.,0.));
#10083 = DIRECTION('',(9.251858538543E-16,-1.027162637006E-31,1.));
#10084 = ADVANCED_FACE('',(#10085),#10109,.F.);
#10085 = FACE_BOUND('',#10086,.F.);
#10086 = EDGE_LOOP('',(#10087,#10095,#10096,#10103));
#10087 = ORIENTED_EDGE('',*,*,#10088,.F.);
#10088 = EDGE_CURVE('',#9903,#10089,#10091,.T.);
#10089 = VERTEX_POINT('',#10090);
#10090 = CARTESIAN_POINT('',(-1.375,0.325,0.775));
#10091 = LINE('',#10092,#10093);
#10092 = CARTESIAN_POINT('',(-1.375,0.325,0.579830288983));
#10093 = VECTOR('',#10094,1.);
#10094 = DIRECTION('',(0.,0.,1.));
#10095 = ORIENTED_EDGE('',*,*,#9902,.T.);
#10096 = ORIENTED_EDGE('',*,*,#10097,.T.);
#10097 = EDGE_CURVE('',#9896,#10098,#10100,.T.);
#10098 = VERTEX_POINT('',#10099);
#10099 = CARTESIAN_POINT('',(-1.375,0.705,0.775));
#10100 = B_SPLINE_CURVE_WITH_KNOTS('',1,(#10101,#10102),.UNSPECIFIED.,
  .F.,.F.,(2,2),(0.,1.),.PIECEWISE_BEZIER_KNOTS.);
#10101 = CARTESIAN_POINT('',(-1.375,0.705,0.575));
#10102 = CARTESIAN_POINT('',(-1.375,0.705,0.775));
#10103 = ORIENTED_EDGE('',*,*,#10104,.F.);
#10104 = EDGE_CURVE('',#10089,#10098,#10105,.T.);
#10105 = LINE('',#10106,#10107);
#10106 = CARTESIAN_POINT('',(-1.375,-0.705,0.775));
#10107 = VECTOR('',#10108,1.);
#10108 = DIRECTION('',(0.,1.,0.));
#10109 = PLANE('',#10110);
#10110 = AXIS2_PLACEMENT_3D('',#10111,#10112,#10113);
#10111 = CARTESIAN_POINT('',(-1.375,-0.705,0.775));
#10112 = DIRECTION('',(1.,0.,0.));
#10113 = DIRECTION('',(-0.,1.,0.));
#10114 = ADVANCED_FACE('',(#10115),#10132,.F.);
#10115 = FACE_BOUND('',#10116,.F.);
#10116 = EDGE_LOOP('',(#10117,#10118,#10119,#10127));
#10117 = ORIENTED_EDGE('',*,*,#9988,.T.);
#10118 = ORIENTED_EDGE('',*,*,#9926,.T.);
#10119 = ORIENTED_EDGE('',*,*,#10120,.F.);
#10120 = EDGE_CURVE('',#10121,#9919,#10123,.T.);
#10121 = VERTEX_POINT('',#10122);
#10122 = CARTESIAN_POINT('',(-1.28,-0.8,0.575));
#10123 = LINE('',#10124,#10125);
#10124 = CARTESIAN_POINT('',(-1.28,-0.8,0.575));
#10125 = VECTOR('',#10126,1.);
#10126 = DIRECTION('',(-0.707106781187,0.707106781187,0.));
#10127 = ORIENTED_EDGE('',*,*,#10128,.F.);
#10128 = EDGE_CURVE('',#9981,#10121,#10129,.T.);
#10129 = B_SPLINE_CURVE_WITH_KNOTS('',1,(#10130,#10131),.UNSPECIFIED.,
  .F.,.F.,(2,2),(0.,1.),.PIECEWISE_BEZIER_KNOTS.);
#10130 = CARTESIAN_POINT('',(-1.246621551758,-0.733243103516,0.1));
#10131 = CARTESIAN_POINT('',(-1.28,-0.8,0.575));
#10132 = B_SPLINE_SURFACE_WITH_KNOTS('',1,1,(
    (#10133,#10134)
    ,(#10135,#10136
    )),.UNSPECIFIED.,.F.,.F.,.F.,(2,2),(2,2),(0.,0.134350288425),(0.,1.)
  ,.PIECEWISE_BEZIER_KNOTS.);
#10133 = CARTESIAN_POINT('',(-1.246621551758,-0.733243103516,0.1));
#10134 = CARTESIAN_POINT('',(-1.28,-0.8,0.575));
#10135 = CARTESIAN_POINT('',(-1.308243103516,-0.671621551758,0.1));
#10136 = CARTESIAN_POINT('',(-1.375,-0.705,0.575));
#10137 = ADVANCED_FACE('',(#10138),#10155,.F.);
#10138 = FACE_BOUND('',#10139,.F.);
#10139 = EDGE_LOOP('',(#10140,#10141,#10142,#10150));
#10140 = ORIENTED_EDGE('',*,*,#9980,.T.);
#10141 = ORIENTED_EDGE('',*,*,#10128,.T.);
#10142 = ORIENTED_EDGE('',*,*,#10143,.F.);
#10143 = EDGE_CURVE('',#10144,#10121,#10146,.T.);
#10144 = VERTEX_POINT('',#10145);
#10145 = CARTESIAN_POINT('',(1.28,-0.8,0.575));
#10146 = LINE('',#10147,#10148);
#10147 = CARTESIAN_POINT('',(1.28,-0.8,0.575));
#10148 = VECTOR('',#10149,1.);
#10149 = DIRECTION('',(-1.,0.,0.));
#10150 = ORIENTED_EDGE('',*,*,#10151,.F.);
#10151 = EDGE_CURVE('',#9973,#10144,#10152,.T.);
#10152 = B_SPLINE_CURVE_WITH_KNOTS('',1,(#10153,#10154),.UNSPECIFIED.,
  .F.,.F.,(2,2),(0.,1.),.PIECEWISE_BEZIER_KNOTS.);
#10153 = CARTESIAN_POINT('',(1.246621551758,-0.733243103516,0.1));
#10154 = CARTESIAN_POINT('',(1.28,-0.8,0.575));
#10155 = B_SPLINE_SURFACE_WITH_KNOTS('',1,1,(
    (#10156,#10157)
    ,(#10158,#10159
    )),.UNSPECIFIED.,.F.,.F.,.F.,(2,2),(2,2),(0.,2.56),(0.,1.),
  .PIECEWISE_BEZIER_KNOTS.);
#10156 = CARTESIAN_POINT('',(1.246621551758,-0.733243103516,0.1));
#10157 = CARTESIAN_POINT('',(1.28,-0.8,0.575));
#10158 = CARTESIAN_POINT('',(-1.246621551758,-0.733243103516,0.1));
#10159 = CARTESIAN_POINT('',(-1.28,-0.8,0.575));
#10160 = ADVANCED_FACE('',(#10161),#10178,.F.);
#10161 = FACE_BOUND('',#10162,.F.);
#10162 = EDGE_LOOP('',(#10163,#10164,#10171,#10177));
#10163 = ORIENTED_EDGE('',*,*,#9948,.T.);
#10164 = ORIENTED_EDGE('',*,*,#10165,.T.);
#10165 = EDGE_CURVE('',#9949,#10166,#10168,.T.);
#10166 = VERTEX_POINT('',#10167);
#10167 = CARTESIAN_POINT('',(1.28,0.8,0.575));
#10168 = B_SPLINE_CURVE_WITH_KNOTS('',1,(#10169,#10170),.UNSPECIFIED.,
  .F.,.F.,(2,2),(0.,1.),.PIECEWISE_BEZIER_KNOTS.);
#10169 = CARTESIAN_POINT('',(1.246621551758,0.733243103516,0.1));
#10170 = CARTESIAN_POINT('',(1.28,0.8,0.575));
#10171 = ORIENTED_EDGE('',*,*,#10172,.F.);
#10172 = EDGE_CURVE('',#10004,#10166,#10173,.T.);
#10173 = LINE('',#10174,#10175);
#10174 = CARTESIAN_POINT('',(-1.28,0.8,0.575));
#10175 = VECTOR('',#10176,1.);
#10176 = DIRECTION('',(1.,0.,0.));
#10177 = ORIENTED_EDGE('',*,*,#10003,.F.);
#10178 = B_SPLINE_SURFACE_WITH_KNOTS('',1,1,(
    (#10179,#10180)
    ,(#10181,#10182
    )),.UNSPECIFIED.,.F.,.F.,.F.,(2,2),(2,2),(0.,2.56),(0.,1.),
  .PIECEWISE_BEZIER_KNOTS.);
#10179 = CARTESIAN_POINT('',(-1.246621551758,0.733243103516,0.1));
#10180 = CARTESIAN_POINT('',(-1.28,0.8,0.575));
#10181 = CARTESIAN_POINT('',(1.246621551758,0.733243103516,0.1));
#10182 = CARTESIAN_POINT('',(1.28,0.8,0.575));
#10183 = ADVANCED_FACE('',(#10184),#10201,.F.);
#10184 = FACE_BOUND('',#10185,.F.);
#10185 = EDGE_LOOP('',(#10186,#10187,#10188,#10196));
#10186 = ORIENTED_EDGE('',*,*,#9972,.T.);
#10187 = ORIENTED_EDGE('',*,*,#10151,.T.);
#10188 = ORIENTED_EDGE('',*,*,#10189,.F.);
#10189 = EDGE_CURVE('',#10190,#10144,#10192,.T.);
#10190 = VERTEX_POINT('',#10191);
#10191 = CARTESIAN_POINT('',(1.375,-0.705,0.575));
#10192 = LINE('',#10193,#10194);
#10193 = CARTESIAN_POINT('',(1.375,-0.705,0.575));
#10194 = VECTOR('',#10195,1.);
#10195 = DIRECTION('',(-0.707106781187,-0.707106781187,0.));
#10196 = ORIENTED_EDGE('',*,*,#10197,.F.);
#10197 = EDGE_CURVE('',#9965,#10190,#10198,.T.);
#10198 = B_SPLINE_CURVE_WITH_KNOTS('',1,(#10199,#10200),.UNSPECIFIED.,
  .F.,.F.,(2,2),(0.,1.),.PIECEWISE_BEZIER_KNOTS.);
#10199 = CARTESIAN_POINT('',(1.308243103516,-0.671621551758,0.1));
#10200 = CARTESIAN_POINT('',(1.375,-0.705,0.575));
#10201 = B_SPLINE_SURFACE_WITH_KNOTS('',1,1,(
    (#10202,#10203)
    ,(#10204,#10205
    )),.UNSPECIFIED.,.F.,.F.,.F.,(2,2),(2,2),(0.,0.134350288425),(0.,1.)
  ,.PIECEWISE_BEZIER_KNOTS.);
#10202 = CARTESIAN_POINT('',(1.308243103516,-0.671621551758,0.1));
#10203 = CARTESIAN_POINT('',(1.375,-0.705,0.575));
#10204 = CARTESIAN_POINT('',(1.246621551758,-0.733243103516,0.1));
#10205 = CARTESIAN_POINT('',(1.28,-0.8,0.575));
#10206 = ADVANCED_FACE('',(#10207),#10224,.F.);
#10207 = FACE_BOUND('',#10208,.F.);
#10208 = EDGE_LOOP('',(#10209,#10210,#10217,#10223));
#10209 = ORIENTED_EDGE('',*,*,#9956,.T.);
#10210 = ORIENTED_EDGE('',*,*,#10211,.T.);
#10211 = EDGE_CURVE('',#9957,#10212,#10214,.T.);
#10212 = VERTEX_POINT('',#10213);
#10213 = CARTESIAN_POINT('',(1.375,0.705,0.575));
#10214 = B_SPLINE_CURVE_WITH_KNOTS('',1,(#10215,#10216),.UNSPECIFIED.,
  .F.,.F.,(2,2),(0.,1.),.PIECEWISE_BEZIER_KNOTS.);
#10215 = CARTESIAN_POINT('',(1.308243103516,0.671621551758,0.1));
#10216 = CARTESIAN_POINT('',(1.375,0.705,0.575));
#10217 = ORIENTED_EDGE('',*,*,#10218,.F.);
#10218 = EDGE_CURVE('',#10166,#10212,#10219,.T.);
#10219 = LINE('',#10220,#10221);
#10220 = CARTESIAN_POINT('',(1.28,0.8,0.575));
#10221 = VECTOR('',#10222,1.);
#10222 = DIRECTION('',(0.707106781187,-0.707106781187,0.));
#10223 = ORIENTED_EDGE('',*,*,#10165,.F.);
#10224 = B_SPLINE_SURFACE_WITH_KNOTS('',1,1,(
    (#10225,#10226)
    ,(#10227,#10228
    )),.UNSPECIFIED.,.F.,.F.,.F.,(2,2),(2,2),(0.,0.134350288425),(0.,1.)
  ,.PIECEWISE_BEZIER_KNOTS.);
#10225 = CARTESIAN_POINT('',(1.246621551758,0.733243103516,0.1));
#10226 = CARTESIAN_POINT('',(1.28,0.8,0.575));
#10227 = CARTESIAN_POINT('',(1.308243103516,0.671621551758,0.1));
#10228 = CARTESIAN_POINT('',(1.375,0.705,0.575));
#10229 = ADVANCED_FACE('',(#10230),#10257,.F.);
#10230 = FACE_BOUND('',#10231,.F.);
#10231 = EDGE_LOOP('',(#10232,#10233,#10234,#10242,#10250,#10256));
#10232 = ORIENTED_EDGE('',*,*,#9964,.T.);
#10233 = ORIENTED_EDGE('',*,*,#10197,.T.);
#10234 = ORIENTED_EDGE('',*,*,#10235,.F.);
#10235 = EDGE_CURVE('',#10236,#10190,#10238,.T.);
#10236 = VERTEX_POINT('',#10237);
#10237 = CARTESIAN_POINT('',(1.375,-0.325,0.575));
#10238 = LINE('',#10239,#10240);
#10239 = CARTESIAN_POINT('',(1.375,0.705,0.575));
#10240 = VECTOR('',#10241,1.);
#10241 = DIRECTION('',(0.,-1.,0.));
#10242 = ORIENTED_EDGE('',*,*,#10243,.F.);
#10243 = EDGE_CURVE('',#10244,#10236,#10246,.T.);
#10244 = VERTEX_POINT('',#10245);
#10245 = CARTESIAN_POINT('',(1.375,0.325,0.575));
#10246 = LINE('',#10247,#10248);
#10247 = CARTESIAN_POINT('',(1.375,0.325,0.575));
#10248 = VECTOR('',#10249,1.);
#10249 = DIRECTION('',(-2.22044604925E-16,-1.,0.));
#10250 = ORIENTED_EDGE('',*,*,#10251,.F.);
#10251 = EDGE_CURVE('',#10212,#10244,#10252,.T.);
#10252 = LINE('',#10253,#10254);
#10253 = CARTESIAN_POINT('',(1.375,0.705,0.575));
#10254 = VECTOR('',#10255,1.);
#10255 = DIRECTION('',(0.,-1.,0.));
#10256 = ORIENTED_EDGE('',*,*,#10211,.F.);
#10257 = B_SPLINE_SURFACE_WITH_KNOTS('',1,1,(
    (#10258,#10259)
    ,(#10260,#10261
    )),.UNSPECIFIED.,.F.,.F.,.F.,(2,2),(2,2),(0.,1.41),(0.,1.),
  .PIECEWISE_BEZIER_KNOTS.);
#10258 = CARTESIAN_POINT('',(1.308243103516,0.671621551758,0.1));
#10259 = CARTESIAN_POINT('',(1.375,0.705,0.575));
#10260 = CARTESIAN_POINT('',(1.308243103516,-0.671621551758,0.1));
#10261 = CARTESIAN_POINT('',(1.375,-0.705,0.575));
#10262 = ADVANCED_FACE('',(#10263),#10280,.F.);
#10263 = FACE_BOUND('',#10264,.F.);
#10264 = EDGE_LOOP('',(#10265,#10266,#10273,#10279));
#10265 = ORIENTED_EDGE('',*,*,#10010,.T.);
#10266 = ORIENTED_EDGE('',*,*,#10267,.T.);
#10267 = EDGE_CURVE('',#10004,#10268,#10270,.T.);
#10268 = VERTEX_POINT('',#10269);
#10269 = CARTESIAN_POINT('',(-1.28,0.8,0.775));
#10270 = B_SPLINE_CURVE_WITH_KNOTS('',1,(#10271,#10272),.UNSPECIFIED.,
  .F.,.F.,(2,2),(0.,1.),.PIECEWISE_BEZIER_KNOTS.);
#10271 = CARTESIAN_POINT('',(-1.28,0.8,0.575));
#10272 = CARTESIAN_POINT('',(-1.28,0.8,0.775));
#10273 = ORIENTED_EDGE('',*,*,#10274,.F.);
#10274 = EDGE_CURVE('',#10098,#10268,#10275,.T.);
#10275 = LINE('',#10276,#10277);
#10276 = CARTESIAN_POINT('',(-1.375,0.705,0.775));
#10277 = VECTOR('',#10278,1.);
#10278 = DIRECTION('',(0.707106781187,0.707106781187,0.));
#10279 = ORIENTED_EDGE('',*,*,#10097,.F.);
#10280 = PLANE('',#10281);
#10281 = AXIS2_PLACEMENT_3D('',#10282,#10283,#10284);
#10282 = CARTESIAN_POINT('',(-1.375,0.705,0.775));
#10283 = DIRECTION('',(0.707106781187,-0.707106781187,0.));
#10284 = DIRECTION('',(0.707106781187,0.707106781187,0.));
#10285 = ADVANCED_FACE('',(#10286),#10303,.F.);
#10286 = FACE_BOUND('',#10287,.F.);
#10287 = EDGE_LOOP('',(#10288,#10289,#10290,#10298));
#10288 = ORIENTED_EDGE('',*,*,#10120,.T.);
#10289 = ORIENTED_EDGE('',*,*,#10025,.T.);
#10290 = ORIENTED_EDGE('',*,*,#10291,.F.);
#10291 = EDGE_CURVE('',#10292,#10026,#10294,.T.);
#10292 = VERTEX_POINT('',#10293);
#10293 = CARTESIAN_POINT('',(-1.28,-0.8,0.775));
#10294 = LINE('',#10295,#10296);
#10295 = CARTESIAN_POINT('',(-1.28,-0.8,0.775));
#10296 = VECTOR('',#10297,1.);
#10297 = DIRECTION('',(-0.707106781187,0.707106781187,0.));
#10298 = ORIENTED_EDGE('',*,*,#10299,.F.);
#10299 = EDGE_CURVE('',#10121,#10292,#10300,.T.);
#10300 = B_SPLINE_CURVE_WITH_KNOTS('',1,(#10301,#10302),.UNSPECIFIED.,
  .F.,.F.,(2,2),(0.,1.),.PIECEWISE_BEZIER_KNOTS.);
#10301 = CARTESIAN_POINT('',(-1.28,-0.8,0.575));
#10302 = CARTESIAN_POINT('',(-1.28,-0.8,0.775));
#10303 = PLANE('',#10304);
#10304 = AXIS2_PLACEMENT_3D('',#10305,#10306,#10307);
#10305 = CARTESIAN_POINT('',(-1.28,-0.8,0.775));
#10306 = DIRECTION('',(0.707106781187,0.707106781187,0.));
#10307 = DIRECTION('',(-0.707106781187,0.707106781187,0.));
#10308 = ADVANCED_FACE('',(#10309),#10391,.F.);
#10309 = FACE_BOUND('',#10310,.F.);
#10310 = EDGE_LOOP('',(#10311,#10312,#10313,#10321,#10329,#10337,#10345,
    #10353,#10361,#10369,#10377,#10385));
#10311 = ORIENTED_EDGE('',*,*,#10291,.T.);
#10312 = ORIENTED_EDGE('',*,*,#10041,.T.);
#10313 = ORIENTED_EDGE('',*,*,#10314,.T.);
#10314 = EDGE_CURVE('',#10034,#10315,#10317,.T.);
#10315 = VERTEX_POINT('',#10316);
#10316 = CARTESIAN_POINT('',(-1.35,-0.325,0.775));
#10317 = LINE('',#10318,#10319);
#10318 = CARTESIAN_POINT('',(-1.375,-0.325,0.775));
#10319 = VECTOR('',#10320,1.);
#10320 = DIRECTION('',(1.,-1.110223024625E-16,0.));
#10321 = ORIENTED_EDGE('',*,*,#10322,.F.);
#10322 = EDGE_CURVE('',#10323,#10315,#10325,.T.);
#10323 = VERTEX_POINT('',#10324);
#10324 = CARTESIAN_POINT('',(-1.35,-0.6925,0.775));
#10325 = LINE('',#10326,#10327);
#10326 = CARTESIAN_POINT('',(-1.35,-0.6925,0.775));
#10327 = VECTOR('',#10328,1.);
#10328 = DIRECTION('',(0.,1.,0.));
#10329 = ORIENTED_EDGE('',*,*,#10330,.F.);
#10330 = EDGE_CURVE('',#10331,#10323,#10333,.T.);
#10331 = VERTEX_POINT('',#10332);
#10332 = CARTESIAN_POINT('',(-1.2675,-0.775,0.775));
#10333 = LINE('',#10334,#10335);
#10334 = CARTESIAN_POINT('',(-1.2675,-0.775,0.775));
#10335 = VECTOR('',#10336,1.);
#10336 = DIRECTION('',(-0.707106781187,0.707106781187,0.));
#10337 = ORIENTED_EDGE('',*,*,#10338,.F.);
#10338 = EDGE_CURVE('',#10339,#10331,#10341,.T.);
#10339 = VERTEX_POINT('',#10340);
#10340 = CARTESIAN_POINT('',(1.2675,-0.775,0.775));
#10341 = LINE('',#10342,#10343);
#10342 = CARTESIAN_POINT('',(1.2675,-0.775,0.775));
#10343 = VECTOR('',#10344,1.);
#10344 = DIRECTION('',(-1.,0.,0.));
#10345 = ORIENTED_EDGE('',*,*,#10346,.F.);
#10346 = EDGE_CURVE('',#10347,#10339,#10349,.T.);
#10347 = VERTEX_POINT('',#10348);
#10348 = CARTESIAN_POINT('',(1.35,-0.6925,0.775));
#10349 = LINE('',#10350,#10351);
#10350 = CARTESIAN_POINT('',(1.35,-0.6925,0.775));
#10351 = VECTOR('',#10352,1.);
#10352 = DIRECTION('',(-0.707106781187,-0.707106781187,0.));
#10353 = ORIENTED_EDGE('',*,*,#10354,.F.);
#10354 = EDGE_CURVE('',#10355,#10347,#10357,.T.);
#10355 = VERTEX_POINT('',#10356);
#10356 = CARTESIAN_POINT('',(1.35,-0.325,0.775));
#10357 = LINE('',#10358,#10359);
#10358 = CARTESIAN_POINT('',(1.35,0.6925,0.775));
#10359 = VECTOR('',#10360,1.);
#10360 = DIRECTION('',(0.,-1.,0.));
#10361 = ORIENTED_EDGE('',*,*,#10362,.F.);
#10362 = EDGE_CURVE('',#10363,#10355,#10365,.T.);
#10363 = VERTEX_POINT('',#10364);
#10364 = CARTESIAN_POINT('',(1.375,-0.325,0.775));
#10365 = LINE('',#10366,#10367);
#10366 = CARTESIAN_POINT('',(1.375,-0.325,0.775));
#10367 = VECTOR('',#10368,1.);
#10368 = DIRECTION('',(-1.,2.22044604925E-16,0.));
#10369 = ORIENTED_EDGE('',*,*,#10370,.T.);
#10370 = EDGE_CURVE('',#10363,#10371,#10373,.T.);
#10371 = VERTEX_POINT('',#10372);
#10372 = CARTESIAN_POINT('',(1.375,-0.705,0.775));
#10373 = LINE('',#10374,#10375);
#10374 = CARTESIAN_POINT('',(1.375,0.705,0.775));
#10375 = VECTOR('',#10376,1.);
#10376 = DIRECTION('',(0.,-1.,0.));
#10377 = ORIENTED_EDGE('',*,*,#10378,.T.);
#10378 = EDGE_CURVE('',#10371,#10379,#10381,.T.);
#10379 = VERTEX_POINT('',#10380);
#10380 = CARTESIAN_POINT('',(1.28,-0.8,0.775));
#10381 = LINE('',#10382,#10383);
#10382 = CARTESIAN_POINT('',(1.375,-0.705,0.775));
#10383 = VECTOR('',#10384,1.);
#10384 = DIRECTION('',(-0.707106781187,-0.707106781187,0.));
#10385 = ORIENTED_EDGE('',*,*,#10386,.T.);
#10386 = EDGE_CURVE('',#10379,#10292,#10387,.T.);
#10387 = LINE('',#10388,#10389);
#10388 = CARTESIAN_POINT('',(1.28,-0.8,0.775));
#10389 = VECTOR('',#10390,1.);
#10390 = DIRECTION('',(-1.,0.,0.));
#10391 = PLANE('',#10392);
#10392 = AXIS2_PLACEMENT_3D('',#10393,#10394,#10395);
#10393 = CARTESIAN_POINT('',(-1.3625,-4.954714324773E-17,0.775));
#10394 = DIRECTION('',(-7.340317518656E-17,9.85275154485E-18,-1.));
#10395 = DIRECTION('',(7.342878714278E-20,1.,9.85275154485E-18));
#10396 = ADVANCED_FACE('',(#10397),#10466,.F.);
#10397 = FACE_BOUND('',#10398,.F.);
#10398 = EDGE_LOOP('',(#10399,#10400,#10401,#10409,#10418,#10426,#10434,
    #10442,#10451,#10459));
#10399 = ORIENTED_EDGE('',*,*,#10033,.F.);
#10400 = ORIENTED_EDGE('',*,*,#10073,.T.);
#10401 = ORIENTED_EDGE('',*,*,#10402,.T.);
#10402 = EDGE_CURVE('',#10066,#10403,#10405,.T.);
#10403 = VERTEX_POINT('',#10404);
#10404 = CARTESIAN_POINT('',(-1.523665661432,-0.325,0.264432583147));
#10405 = LINE('',#10406,#10407);
#10406 = CARTESIAN_POINT('',(-1.493176930361,-0.325,0.47583778132));
#10407 = VECTOR('',#10408,1.);
#10408 = DIRECTION('',(-0.142742572604,1.584760906992E-17,
    -0.989759848633));
#10409 = ORIENTED_EDGE('',*,*,#10410,.T.);
#10410 = EDGE_CURVE('',#10403,#10411,#10413,.T.);
#10411 = VERTEX_POINT('',#10412);
#10412 = CARTESIAN_POINT('',(-1.838804142396,-0.325,-5.551115123126E-17)
  );
#10413 = CIRCLE('',#10414,0.32);
#10414 = AXIS2_PLACEMENT_3D('',#10415,#10416,#10417);
#10415 = CARTESIAN_POINT('',(-1.838804142396,-0.325,0.32));
#10416 = DIRECTION('',(1.110223024625E-16,1.,0.));
#10417 = DIRECTION('',(0.984807753012,-1.093356242223E-16,
    -0.173648177667));
#10418 = ORIENTED_EDGE('',*,*,#10419,.T.);
#10419 = EDGE_CURVE('',#10411,#10420,#10422,.T.);
#10420 = VERTEX_POINT('',#10421);
#10421 = CARTESIAN_POINT('',(-1.9,-0.325,-5.551115123126E-17));
#10422 = LINE('',#10423,#10424);
#10423 = CARTESIAN_POINT('',(-1.838804142396,-0.325,-5.551115123126E-17)
  );
#10424 = VECTOR('',#10425,1.);
#10425 = DIRECTION('',(-1.,1.110223024625E-16,0.));
#10426 = ORIENTED_EDGE('',*,*,#10427,.T.);
#10427 = EDGE_CURVE('',#10420,#10428,#10430,.T.);
#10428 = VERTEX_POINT('',#10429);
#10429 = CARTESIAN_POINT('',(-1.9,-0.325,0.2));
#10430 = LINE('',#10431,#10432);
#10431 = CARTESIAN_POINT('',(-1.9,-0.325,-5.551115123126E-17));
#10432 = VECTOR('',#10433,1.);
#10433 = DIRECTION('',(0.,0.,1.));
#10434 = ORIENTED_EDGE('',*,*,#10435,.T.);
#10435 = EDGE_CURVE('',#10428,#10436,#10438,.T.);
#10436 = VERTEX_POINT('',#10437);
#10437 = CARTESIAN_POINT('',(-1.838804142396,-0.325,0.2));
#10438 = LINE('',#10439,#10440);
#10439 = CARTESIAN_POINT('',(-1.9,-0.325,0.2));
#10440 = VECTOR('',#10441,1.);
#10441 = DIRECTION('',(1.,-1.110223024625E-16,0.));
#10442 = ORIENTED_EDGE('',*,*,#10443,.T.);
#10443 = EDGE_CURVE('',#10436,#10444,#10446,.T.);
#10444 = VERTEX_POINT('',#10445);
#10445 = CARTESIAN_POINT('',(-1.720627212034,-0.325,0.29916221868));
#10446 = CIRCLE('',#10447,0.12);
#10447 = AXIS2_PLACEMENT_3D('',#10448,#10449,#10450);
#10448 = CARTESIAN_POINT('',(-1.838804142396,-0.325,0.32));
#10449 = DIRECTION('',(-1.110223024625E-16,-1.,0.));
#10450 = DIRECTION('',(1.850371707709E-15,-2.054325274013E-31,-1.));
#10451 = ORIENTED_EDGE('',*,*,#10452,.T.);
#10452 = EDGE_CURVE('',#10444,#10453,#10455,.T.);
#10453 = VERTEX_POINT('',#10454);
#10454 = CARTESIAN_POINT('',(-1.690138480964,-0.325,0.510567416853));
#10455 = LINE('',#10456,#10457);
#10456 = CARTESIAN_POINT('',(-1.720627212034,-0.325,0.29916221868));
#10457 = VECTOR('',#10458,1.);
#10458 = DIRECTION('',(0.142742572604,-1.584760906992E-17,0.989759848633
    ));
#10459 = ORIENTED_EDGE('',*,*,#10460,.T.);
#10460 = EDGE_CURVE('',#10453,#10034,#10461,.T.);
#10461 = CIRCLE('',#10462,0.32);
#10462 = AXIS2_PLACEMENT_3D('',#10463,#10464,#10465);
#10463 = CARTESIAN_POINT('',(-1.375,-0.325,0.455));
#10464 = DIRECTION('',(1.110223024625E-16,1.,0.));
#10465 = DIRECTION('',(-0.984807753012,1.093356242223E-16,0.173648177667
    ));
#10466 = PLANE('',#10467);
#10467 = AXIS2_PLACEMENT_3D('',#10468,#10469,#10470);
#10468 = CARTESIAN_POINT('',(-1.610729118287,-0.325,0.384660577966));
#10469 = DIRECTION('',(1.110223024625E-16,1.,0.));
#10470 = DIRECTION('',(0.,-0.,1.));
#10471 = ADVANCED_FACE('',(#10472),#10490,.F.);
#10472 = FACE_BOUND('',#10473,.F.);
#10473 = EDGE_LOOP('',(#10474,#10475,#10483,#10489));
#10474 = ORIENTED_EDGE('',*,*,#10065,.T.);
#10475 = ORIENTED_EDGE('',*,*,#10476,.T.);
#10476 = EDGE_CURVE('',#10057,#10477,#10479,.T.);
#10477 = VERTEX_POINT('',#10478);
#10478 = CARTESIAN_POINT('',(-1.523665661432,0.325,0.264432583147));
#10479 = LINE('',#10480,#10481);
#10480 = CARTESIAN_POINT('',(-1.493176930361,0.325,0.47583778132));
#10481 = VECTOR('',#10482,1.);
#10482 = DIRECTION('',(-0.142742572604,1.584760906992E-17,
    -0.989759848633));
#10483 = ORIENTED_EDGE('',*,*,#10484,.F.);
#10484 = EDGE_CURVE('',#10403,#10477,#10485,.T.);
#10485 = LINE('',#10486,#10487);
#10486 = CARTESIAN_POINT('',(-1.523665661432,-0.325,0.264432583147));
#10487 = VECTOR('',#10488,1.);
#10488 = DIRECTION('',(1.110223024625E-16,1.,0.));
#10489 = ORIENTED_EDGE('',*,*,#10402,.F.);
#10490 = PLANE('',#10491);
#10491 = AXIS2_PLACEMENT_3D('',#10492,#10493,#10494);
#10492 = CARTESIAN_POINT('',(-1.493176930361,-0.325,0.47583778132));
#10493 = DIRECTION('',(-0.989759848633,1.098854172802E-16,0.142742572604
    ));
#10494 = DIRECTION('',(-0.142742572604,1.584760906992E-17,
    -0.989759848633));
#10495 = ADVANCED_FACE('',(#10496),#10558,.T.);
#10496 = FACE_BOUND('',#10497,.T.);
#10497 = EDGE_LOOP('',(#10498,#10499,#10500,#10501,#10510,#10518,#10526,
    #10534,#10543,#10551));
#10498 = ORIENTED_EDGE('',*,*,#10088,.F.);
#10499 = ORIENTED_EDGE('',*,*,#10056,.T.);
#10500 = ORIENTED_EDGE('',*,*,#10476,.T.);
#10501 = ORIENTED_EDGE('',*,*,#10502,.T.);
#10502 = EDGE_CURVE('',#10477,#10503,#10505,.T.);
#10503 = VERTEX_POINT('',#10504);
#10504 = CARTESIAN_POINT('',(-1.838804142396,0.325,-5.551115123126E-17)
  );
#10505 = CIRCLE('',#10506,0.32);
#10506 = AXIS2_PLACEMENT_3D('',#10507,#10508,#10509);
#10507 = CARTESIAN_POINT('',(-1.838804142396,0.325,0.32));
#10508 = DIRECTION('',(1.110223024625E-16,1.,0.));
#10509 = DIRECTION('',(0.984807753012,-1.093356242223E-16,
    -0.173648177667));
#10510 = ORIENTED_EDGE('',*,*,#10511,.T.);
#10511 = EDGE_CURVE('',#10503,#10512,#10514,.T.);
#10512 = VERTEX_POINT('',#10513);
#10513 = CARTESIAN_POINT('',(-1.9,0.325,-5.551115123126E-17));
#10514 = LINE('',#10515,#10516);
#10515 = CARTESIAN_POINT('',(-1.838804142396,0.325,-5.551115123126E-17)
  );
#10516 = VECTOR('',#10517,1.);
#10517 = DIRECTION('',(-1.,1.110223024625E-16,0.));
#10518 = ORIENTED_EDGE('',*,*,#10519,.T.);
#10519 = EDGE_CURVE('',#10512,#10520,#10522,.T.);
#10520 = VERTEX_POINT('',#10521);
#10521 = CARTESIAN_POINT('',(-1.9,0.325,0.2));
#10522 = LINE('',#10523,#10524);
#10523 = CARTESIAN_POINT('',(-1.9,0.325,-5.551115123126E-17));
#10524 = VECTOR('',#10525,1.);
#10525 = DIRECTION('',(0.,0.,1.));
#10526 = ORIENTED_EDGE('',*,*,#10527,.T.);
#10527 = EDGE_CURVE('',#10520,#10528,#10530,.T.);
#10528 = VERTEX_POINT('',#10529);
#10529 = CARTESIAN_POINT('',(-1.838804142396,0.325,0.2));
#10530 = LINE('',#10531,#10532);
#10531 = CARTESIAN_POINT('',(-1.9,0.325,0.2));
#10532 = VECTOR('',#10533,1.);
#10533 = DIRECTION('',(1.,-1.110223024625E-16,0.));
#10534 = ORIENTED_EDGE('',*,*,#10535,.T.);
#10535 = EDGE_CURVE('',#10528,#10536,#10538,.T.);
#10536 = VERTEX_POINT('',#10537);
#10537 = CARTESIAN_POINT('',(-1.720627212034,0.325,0.29916221868));
#10538 = CIRCLE('',#10539,0.12);
#10539 = AXIS2_PLACEMENT_3D('',#10540,#10541,#10542);
#10540 = CARTESIAN_POINT('',(-1.838804142396,0.325,0.32));
#10541 = DIRECTION('',(-1.110223024625E-16,-1.,0.));
#10542 = DIRECTION('',(1.850371707709E-15,-2.054325274013E-31,-1.));
#10543 = ORIENTED_EDGE('',*,*,#10544,.T.);
#10544 = EDGE_CURVE('',#10536,#10545,#10547,.T.);
#10545 = VERTEX_POINT('',#10546);
#10546 = CARTESIAN_POINT('',(-1.690138480964,0.325,0.510567416853));
#10547 = LINE('',#10548,#10549);
#10548 = CARTESIAN_POINT('',(-1.720627212034,0.325,0.29916221868));
#10549 = VECTOR('',#10550,1.);
#10550 = DIRECTION('',(0.142742572604,-1.584760906992E-17,0.989759848633
    ));
#10551 = ORIENTED_EDGE('',*,*,#10552,.T.);
#10552 = EDGE_CURVE('',#10545,#10089,#10553,.T.);
#10553 = CIRCLE('',#10554,0.32);
#10554 = AXIS2_PLACEMENT_3D('',#10555,#10556,#10557);
#10555 = CARTESIAN_POINT('',(-1.375,0.325,0.455));
#10556 = DIRECTION('',(1.110223024625E-16,1.,0.));
#10557 = DIRECTION('',(-0.984807753012,1.093356242223E-16,0.173648177667
    ));
#10558 = PLANE('',#10559);
#10559 = AXIS2_PLACEMENT_3D('',#10560,#10561,#10562);
#10560 = CARTESIAN_POINT('',(-1.610729118287,0.325,0.384660577966));
#10561 = DIRECTION('',(1.110223024625E-16,1.,0.));
#10562 = DIRECTION('',(0.,-0.,1.));
#10563 = ADVANCED_FACE('',(#10564),#10646,.F.);
#10564 = FACE_BOUND('',#10565,.F.);
#10565 = EDGE_LOOP('',(#10566,#10574,#10575,#10576,#10584,#10592,#10600,
    #10608,#10616,#10624,#10632,#10640));
#10566 = ORIENTED_EDGE('',*,*,#10567,.F.);
#10567 = EDGE_CURVE('',#10089,#10568,#10570,.T.);
#10568 = VERTEX_POINT('',#10569);
#10569 = CARTESIAN_POINT('',(-1.35,0.325,0.775));
#10570 = LINE('',#10571,#10572);
#10571 = CARTESIAN_POINT('',(-1.375,0.325,0.775));
#10572 = VECTOR('',#10573,1.);
#10573 = DIRECTION('',(1.,-1.110223024625E-16,0.));
#10574 = ORIENTED_EDGE('',*,*,#10104,.T.);
#10575 = ORIENTED_EDGE('',*,*,#10274,.T.);
#10576 = ORIENTED_EDGE('',*,*,#10577,.T.);
#10577 = EDGE_CURVE('',#10268,#10578,#10580,.T.);
#10578 = VERTEX_POINT('',#10579);
#10579 = CARTESIAN_POINT('',(1.28,0.8,0.775));
#10580 = LINE('',#10581,#10582);
#10581 = CARTESIAN_POINT('',(-1.28,0.8,0.775));
#10582 = VECTOR('',#10583,1.);
#10583 = DIRECTION('',(1.,0.,0.));
#10584 = ORIENTED_EDGE('',*,*,#10585,.T.);
#10585 = EDGE_CURVE('',#10578,#10586,#10588,.T.);
#10586 = VERTEX_POINT('',#10587);
#10587 = CARTESIAN_POINT('',(1.375,0.705,0.775));
#10588 = LINE('',#10589,#10590);
#10589 = CARTESIAN_POINT('',(1.28,0.8,0.775));
#10590 = VECTOR('',#10591,1.);
#10591 = DIRECTION('',(0.707106781187,-0.707106781187,0.));
#10592 = ORIENTED_EDGE('',*,*,#10593,.T.);
#10593 = EDGE_CURVE('',#10586,#10594,#10596,.T.);
#10594 = VERTEX_POINT('',#10595);
#10595 = CARTESIAN_POINT('',(1.375,0.325,0.775));
#10596 = LINE('',#10597,#10598);
#10597 = CARTESIAN_POINT('',(1.375,0.705,0.775));
#10598 = VECTOR('',#10599,1.);
#10599 = DIRECTION('',(0.,-1.,0.));
#10600 = ORIENTED_EDGE('',*,*,#10601,.T.);
#10601 = EDGE_CURVE('',#10594,#10602,#10604,.T.);
#10602 = VERTEX_POINT('',#10603);
#10603 = CARTESIAN_POINT('',(1.35,0.325,0.775));
#10604 = LINE('',#10605,#10606);
#10605 = CARTESIAN_POINT('',(1.375,0.325,0.775));
#10606 = VECTOR('',#10607,1.);
#10607 = DIRECTION('',(-1.,2.22044604925E-16,0.));
#10608 = ORIENTED_EDGE('',*,*,#10609,.F.);
#10609 = EDGE_CURVE('',#10610,#10602,#10612,.T.);
#10610 = VERTEX_POINT('',#10611);
#10611 = CARTESIAN_POINT('',(1.35,0.6925,0.775));
#10612 = LINE('',#10613,#10614);
#10613 = CARTESIAN_POINT('',(1.35,0.6925,0.775));
#10614 = VECTOR('',#10615,1.);
#10615 = DIRECTION('',(0.,-1.,0.));
#10616 = ORIENTED_EDGE('',*,*,#10617,.F.);
#10617 = EDGE_CURVE('',#10618,#10610,#10620,.T.);
#10618 = VERTEX_POINT('',#10619);
#10619 = CARTESIAN_POINT('',(1.2675,0.775,0.775));
#10620 = LINE('',#10621,#10622);
#10621 = CARTESIAN_POINT('',(1.2675,0.775,0.775));
#10622 = VECTOR('',#10623,1.);
#10623 = DIRECTION('',(0.707106781187,-0.707106781187,0.));
#10624 = ORIENTED_EDGE('',*,*,#10625,.F.);
#10625 = EDGE_CURVE('',#10626,#10618,#10628,.T.);
#10626 = VERTEX_POINT('',#10627);
#10627 = CARTESIAN_POINT('',(-1.2675,0.775,0.775));
#10628 = LINE('',#10629,#10630);
#10629 = CARTESIAN_POINT('',(-1.2675,0.775,0.775));
#10630 = VECTOR('',#10631,1.);
#10631 = DIRECTION('',(1.,0.,0.));
#10632 = ORIENTED_EDGE('',*,*,#10633,.F.);
#10633 = EDGE_CURVE('',#10634,#10626,#10636,.T.);
#10634 = VERTEX_POINT('',#10635);
#10635 = CARTESIAN_POINT('',(-1.35,0.6925,0.775));
#10636 = LINE('',#10637,#10638);
#10637 = CARTESIAN_POINT('',(-1.35,0.6925,0.775));
#10638 = VECTOR('',#10639,1.);
#10639 = DIRECTION('',(0.707106781187,0.707106781187,0.));
#10640 = ORIENTED_EDGE('',*,*,#10641,.F.);
#10641 = EDGE_CURVE('',#10568,#10634,#10642,.T.);
#10642 = LINE('',#10643,#10644);
#10643 = CARTESIAN_POINT('',(-1.35,-0.6925,0.775));
#10644 = VECTOR('',#10645,1.);
#10645 = DIRECTION('',(0.,1.,0.));
#10646 = PLANE('',#10647);
#10647 = AXIS2_PLACEMENT_3D('',#10648,#10649,#10650);
#10648 = CARTESIAN_POINT('',(-1.3625,-4.954714324773E-17,0.775));
#10649 = DIRECTION('',(-7.340317518656E-17,9.85275154485E-18,-1.));
#10650 = DIRECTION('',(7.342878714278E-20,1.,9.85275154485E-18));
#10651 = ADVANCED_FACE('',(#10652),#10662,.F.);
#10652 = FACE_BOUND('',#10653,.F.);
#10653 = EDGE_LOOP('',(#10654,#10655,#10656,#10657));
#10654 = ORIENTED_EDGE('',*,*,#10143,.T.);
#10655 = ORIENTED_EDGE('',*,*,#10299,.T.);
#10656 = ORIENTED_EDGE('',*,*,#10386,.F.);
#10657 = ORIENTED_EDGE('',*,*,#10658,.F.);
#10658 = EDGE_CURVE('',#10144,#10379,#10659,.T.);
#10659 = B_SPLINE_CURVE_WITH_KNOTS('',1,(#10660,#10661),.UNSPECIFIED.,
  .F.,.F.,(2,2),(0.,1.),.PIECEWISE_BEZIER_KNOTS.);
#10660 = CARTESIAN_POINT('',(1.28,-0.8,0.575));
#10661 = CARTESIAN_POINT('',(1.28,-0.8,0.775));
#10662 = PLANE('',#10663);
#10663 = AXIS2_PLACEMENT_3D('',#10664,#10665,#10666);
#10664 = CARTESIAN_POINT('',(1.28,-0.8,0.775));
#10665 = DIRECTION('',(0.,1.,0.));
#10666 = DIRECTION('',(-1.,0.,0.));
#10667 = ADVANCED_FACE('',(#10668),#10678,.F.);
#10668 = FACE_BOUND('',#10669,.F.);
#10669 = EDGE_LOOP('',(#10670,#10671,#10676,#10677));
#10670 = ORIENTED_EDGE('',*,*,#10172,.T.);
#10671 = ORIENTED_EDGE('',*,*,#10672,.T.);
#10672 = EDGE_CURVE('',#10166,#10578,#10673,.T.);
#10673 = B_SPLINE_CURVE_WITH_KNOTS('',1,(#10674,#10675),.UNSPECIFIED.,
  .F.,.F.,(2,2),(0.,1.),.PIECEWISE_BEZIER_KNOTS.);
#10674 = CARTESIAN_POINT('',(1.28,0.8,0.575));
#10675 = CARTESIAN_POINT('',(1.28,0.8,0.775));
#10676 = ORIENTED_EDGE('',*,*,#10577,.F.);
#10677 = ORIENTED_EDGE('',*,*,#10267,.F.);
#10678 = PLANE('',#10679);
#10679 = AXIS2_PLACEMENT_3D('',#10680,#10681,#10682);
#10680 = CARTESIAN_POINT('',(-1.28,0.8,0.775));
#10681 = DIRECTION('',(0.,-1.,0.));
#10682 = DIRECTION('',(1.,0.,0.));
#10683 = ADVANCED_FACE('',(#10684),#10694,.F.);
#10684 = FACE_BOUND('',#10685,.F.);
#10685 = EDGE_LOOP('',(#10686,#10687,#10688,#10689));
#10686 = ORIENTED_EDGE('',*,*,#10189,.T.);
#10687 = ORIENTED_EDGE('',*,*,#10658,.T.);
#10688 = ORIENTED_EDGE('',*,*,#10378,.F.);
#10689 = ORIENTED_EDGE('',*,*,#10690,.F.);
#10690 = EDGE_CURVE('',#10190,#10371,#10691,.T.);
#10691 = B_SPLINE_CURVE_WITH_KNOTS('',1,(#10692,#10693),.UNSPECIFIED.,
  .F.,.F.,(2,2),(0.,1.),.PIECEWISE_BEZIER_KNOTS.);
#10692 = CARTESIAN_POINT('',(1.375,-0.705,0.575));
#10693 = CARTESIAN_POINT('',(1.375,-0.705,0.775));
#10694 = PLANE('',#10695);
#10695 = AXIS2_PLACEMENT_3D('',#10696,#10697,#10698);
#10696 = CARTESIAN_POINT('',(1.375,-0.705,0.775));
#10697 = DIRECTION('',(-0.707106781187,0.707106781187,0.));
#10698 = DIRECTION('',(-0.707106781187,-0.707106781187,0.));
#10699 = ADVANCED_FACE('',(#10700),#10710,.F.);
#10700 = FACE_BOUND('',#10701,.F.);
#10701 = EDGE_LOOP('',(#10702,#10703,#10708,#10709));
#10702 = ORIENTED_EDGE('',*,*,#10218,.T.);
#10703 = ORIENTED_EDGE('',*,*,#10704,.T.);
#10704 = EDGE_CURVE('',#10212,#10586,#10705,.T.);
#10705 = B_SPLINE_CURVE_WITH_KNOTS('',1,(#10706,#10707),.UNSPECIFIED.,
  .F.,.F.,(2,2),(0.,1.),.PIECEWISE_BEZIER_KNOTS.);
#10706 = CARTESIAN_POINT('',(1.375,0.705,0.575));
#10707 = CARTESIAN_POINT('',(1.375,0.705,0.775));
#10708 = ORIENTED_EDGE('',*,*,#10585,.F.);
#10709 = ORIENTED_EDGE('',*,*,#10672,.F.);
#10710 = PLANE('',#10711);
#10711 = AXIS2_PLACEMENT_3D('',#10712,#10713,#10714);
#10712 = CARTESIAN_POINT('',(1.28,0.8,0.775));
#10713 = DIRECTION('',(-0.707106781187,-0.707106781187,0.));
#10714 = DIRECTION('',(0.707106781187,-0.707106781187,0.));
#10715 = ADVANCED_FACE('',(#10716),#10727,.F.);
#10716 = FACE_BOUND('',#10717,.F.);
#10717 = EDGE_LOOP('',(#10718,#10719,#10720,#10726));
#10718 = ORIENTED_EDGE('',*,*,#10704,.F.);
#10719 = ORIENTED_EDGE('',*,*,#10251,.T.);
#10720 = ORIENTED_EDGE('',*,*,#10721,.T.);
#10721 = EDGE_CURVE('',#10244,#10594,#10722,.T.);
#10722 = LINE('',#10723,#10724);
#10723 = CARTESIAN_POINT('',(1.375,0.325,0.579830288983));
#10724 = VECTOR('',#10725,1.);
#10725 = DIRECTION('',(0.,0.,1.));
#10726 = ORIENTED_EDGE('',*,*,#10593,.F.);
#10727 = PLANE('',#10728);
#10728 = AXIS2_PLACEMENT_3D('',#10729,#10730,#10731);
#10729 = CARTESIAN_POINT('',(1.375,0.705,0.775));
#10730 = DIRECTION('',(-1.,0.,0.));
#10731 = DIRECTION('',(0.,-1.,0.));
#10732 = ADVANCED_FACE('',(#10733),#10760,.F.);
#10733 = FACE_BOUND('',#10734,.F.);
#10734 = EDGE_LOOP('',(#10735,#10736,#10745,#10753));
#10735 = ORIENTED_EDGE('',*,*,#10243,.T.);
#10736 = ORIENTED_EDGE('',*,*,#10737,.T.);
#10737 = EDGE_CURVE('',#10236,#10738,#10740,.T.);
#10738 = VERTEX_POINT('',#10739);
#10739 = CARTESIAN_POINT('',(1.493176930361,-0.325,0.47583778132));
#10740 = CIRCLE('',#10741,0.12);
#10741 = AXIS2_PLACEMENT_3D('',#10742,#10743,#10744);
#10742 = CARTESIAN_POINT('',(1.375,-0.325,0.455));
#10743 = DIRECTION('',(2.22044604925E-16,1.,0.));
#10744 = DIRECTION('',(-9.251858538543E-16,2.054325274013E-31,1.));
#10745 = ORIENTED_EDGE('',*,*,#10746,.F.);
#10746 = EDGE_CURVE('',#10747,#10738,#10749,.T.);
#10747 = VERTEX_POINT('',#10748);
#10748 = CARTESIAN_POINT('',(1.493176930361,0.325,0.47583778132));
#10749 = LINE('',#10750,#10751);
#10750 = CARTESIAN_POINT('',(1.493176930361,0.325,0.47583778132));
#10751 = VECTOR('',#10752,1.);
#10752 = DIRECTION('',(-2.22044604925E-16,-1.,0.));
#10753 = ORIENTED_EDGE('',*,*,#10754,.F.);
#10754 = EDGE_CURVE('',#10244,#10747,#10755,.T.);
#10755 = CIRCLE('',#10756,0.12);
#10756 = AXIS2_PLACEMENT_3D('',#10757,#10758,#10759);
#10757 = CARTESIAN_POINT('',(1.375,0.325,0.455));
#10758 = DIRECTION('',(2.22044604925E-16,1.,0.));
#10759 = DIRECTION('',(-9.251858538543E-16,2.054325274013E-31,1.));
#10760 = CYLINDRICAL_SURFACE('',#10761,0.12);
#10761 = AXIS2_PLACEMENT_3D('',#10762,#10763,#10764);
#10762 = CARTESIAN_POINT('',(1.375,0.325,0.455));
#10763 = DIRECTION('',(2.22044604925E-16,1.,0.));
#10764 = DIRECTION('',(-9.251858538543E-16,2.054325274013E-31,1.));
#10765 = ADVANCED_FACE('',(#10766),#10777,.F.);
#10766 = FACE_BOUND('',#10767,.F.);
#10767 = EDGE_LOOP('',(#10768,#10774,#10775,#10776));
#10768 = ORIENTED_EDGE('',*,*,#10769,.F.);
#10769 = EDGE_CURVE('',#10236,#10363,#10770,.T.);
#10770 = LINE('',#10771,#10772);
#10771 = CARTESIAN_POINT('',(1.375,-0.325,0.579830288983));
#10772 = VECTOR('',#10773,1.);
#10773 = DIRECTION('',(0.,0.,1.));
#10774 = ORIENTED_EDGE('',*,*,#10235,.T.);
#10775 = ORIENTED_EDGE('',*,*,#10690,.T.);
#10776 = ORIENTED_EDGE('',*,*,#10370,.F.);
#10777 = PLANE('',#10778);
#10778 = AXIS2_PLACEMENT_3D('',#10779,#10780,#10781);
#10779 = CARTESIAN_POINT('',(1.375,0.705,0.775));
#10780 = DIRECTION('',(-1.,0.,0.));
#10781 = DIRECTION('',(0.,-1.,0.));
#10782 = ADVANCED_FACE('',(#10783),#10799,.F.);
#10783 = FACE_BOUND('',#10784,.F.);
#10784 = EDGE_LOOP('',(#10785,#10786,#10792,#10793));
#10785 = ORIENTED_EDGE('',*,*,#10601,.F.);
#10786 = ORIENTED_EDGE('',*,*,#10787,.T.);
#10787 = EDGE_CURVE('',#10594,#10363,#10788,.T.);
#10788 = LINE('',#10789,#10790);
#10789 = CARTESIAN_POINT('',(1.375,0.325,0.775));
#10790 = VECTOR('',#10791,1.);
#10791 = DIRECTION('',(-2.22044604925E-16,-1.,0.));
#10792 = ORIENTED_EDGE('',*,*,#10362,.T.);
#10793 = ORIENTED_EDGE('',*,*,#10794,.F.);
#10794 = EDGE_CURVE('',#10602,#10355,#10795,.T.);
#10795 = LINE('',#10796,#10797);
#10796 = CARTESIAN_POINT('',(1.35,0.6925,0.775));
#10797 = VECTOR('',#10798,1.);
#10798 = DIRECTION('',(0.,-1.,0.));
#10799 = PLANE('',#10800);
#10800 = AXIS2_PLACEMENT_3D('',#10801,#10802,#10803);
#10801 = CARTESIAN_POINT('',(1.375,0.325,0.775));
#10802 = DIRECTION('',(0.,0.,-1.));
#10803 = DIRECTION('',(-1.,2.22044604925E-16,0.));
#10804 = ADVANCED_FACE('',(#10805),#10830,.F.);
#10805 = FACE_BOUND('',#10806,.F.);
#10806 = EDGE_LOOP('',(#10807,#10808,#10809,#10810,#10817,#10825));
#10807 = ORIENTED_EDGE('',*,*,#10609,.T.);
#10808 = ORIENTED_EDGE('',*,*,#10794,.T.);
#10809 = ORIENTED_EDGE('',*,*,#10354,.T.);
#10810 = ORIENTED_EDGE('',*,*,#10811,.T.);
#10811 = EDGE_CURVE('',#10347,#10812,#10814,.T.);
#10812 = VERTEX_POINT('',#10813);
#10813 = CARTESIAN_POINT('',(1.283243103516,-0.659121551758,1.25));
#10814 = B_SPLINE_CURVE_WITH_KNOTS('',1,(#10815,#10816),.UNSPECIFIED.,
  .F.,.F.,(2,2),(0.,1.),.PIECEWISE_BEZIER_KNOTS.);
#10815 = CARTESIAN_POINT('',(1.35,-0.6925,0.775));
#10816 = CARTESIAN_POINT('',(1.283243103516,-0.659121551758,1.25));
#10817 = ORIENTED_EDGE('',*,*,#10818,.F.);
#10818 = EDGE_CURVE('',#10819,#10812,#10821,.T.);
#10819 = VERTEX_POINT('',#10820);
#10820 = CARTESIAN_POINT('',(1.283243103516,0.659121551758,1.25));
#10821 = LINE('',#10822,#10823);
#10822 = CARTESIAN_POINT('',(1.283243103516,0.659121551758,1.25));
#10823 = VECTOR('',#10824,1.);
#10824 = DIRECTION('',(0.,-1.,0.));
#10825 = ORIENTED_EDGE('',*,*,#10826,.F.);
#10826 = EDGE_CURVE('',#10610,#10819,#10827,.T.);
#10827 = B_SPLINE_CURVE_WITH_KNOTS('',1,(#10828,#10829),.UNSPECIFIED.,
  .F.,.F.,(2,2),(0.,1.),.PIECEWISE_BEZIER_KNOTS.);
#10828 = CARTESIAN_POINT('',(1.35,0.6925,0.775));
#10829 = CARTESIAN_POINT('',(1.283243103516,0.659121551758,1.25));
#10830 = B_SPLINE_SURFACE_WITH_KNOTS('',1,1,(
    (#10831,#10832)
    ,(#10833,#10834
    )),.UNSPECIFIED.,.F.,.F.,.F.,(2,2),(2,2),(0.,1.385),(0.,1.),
  .PIECEWISE_BEZIER_KNOTS.);
#10831 = CARTESIAN_POINT('',(1.35,0.6925,0.775));
#10832 = CARTESIAN_POINT('',(1.283243103516,0.659121551758,1.25));
#10833 = CARTESIAN_POINT('',(1.35,-0.6925,0.775));
#10834 = CARTESIAN_POINT('',(1.283243103516,-0.659121551758,1.25));
#10835 = ADVANCED_FACE('',(#10836),#10853,.F.);
#10836 = FACE_BOUND('',#10837,.F.);
#10837 = EDGE_LOOP('',(#10838,#10839,#10846,#10852));
#10838 = ORIENTED_EDGE('',*,*,#10346,.T.);
#10839 = ORIENTED_EDGE('',*,*,#10840,.T.);
#10840 = EDGE_CURVE('',#10339,#10841,#10843,.T.);
#10841 = VERTEX_POINT('',#10842);
#10842 = CARTESIAN_POINT('',(1.234121551758,-0.708243103516,1.25));
#10843 = B_SPLINE_CURVE_WITH_KNOTS('',1,(#10844,#10845),.UNSPECIFIED.,
  .F.,.F.,(2,2),(0.,1.),.PIECEWISE_BEZIER_KNOTS.);
#10844 = CARTESIAN_POINT('',(1.2675,-0.775,0.775));
#10845 = CARTESIAN_POINT('',(1.234121551758,-0.708243103516,1.25));
#10846 = ORIENTED_EDGE('',*,*,#10847,.F.);
#10847 = EDGE_CURVE('',#10812,#10841,#10848,.T.);
#10848 = LINE('',#10849,#10850);
#10849 = CARTESIAN_POINT('',(1.283243103516,-0.659121551758,1.25));
#10850 = VECTOR('',#10851,1.);
#10851 = DIRECTION('',(-0.707106781187,-0.707106781187,0.));
#10852 = ORIENTED_EDGE('',*,*,#10811,.F.);
#10853 = B_SPLINE_SURFACE_WITH_KNOTS('',1,1,(
    (#10854,#10855)
    ,(#10856,#10857
    )),.UNSPECIFIED.,.F.,.F.,.F.,(2,2),(2,2),(0.,0.116672618896),(0.,1.)
  ,.PIECEWISE_BEZIER_KNOTS.);
#10854 = CARTESIAN_POINT('',(1.35,-0.6925,0.775));
#10855 = CARTESIAN_POINT('',(1.283243103516,-0.659121551758,1.25));
#10856 = CARTESIAN_POINT('',(1.2675,-0.775,0.775));
#10857 = CARTESIAN_POINT('',(1.234121551758,-0.708243103516,1.25));
#10858 = ADVANCED_FACE('',(#10859),#10876,.F.);
#10859 = FACE_BOUND('',#10860,.F.);
#10860 = EDGE_LOOP('',(#10861,#10862,#10869,#10875));
#10861 = ORIENTED_EDGE('',*,*,#10338,.T.);
#10862 = ORIENTED_EDGE('',*,*,#10863,.T.);
#10863 = EDGE_CURVE('',#10331,#10864,#10866,.T.);
#10864 = VERTEX_POINT('',#10865);
#10865 = CARTESIAN_POINT('',(-1.234121551758,-0.708243103516,1.25));
#10866 = B_SPLINE_CURVE_WITH_KNOTS('',1,(#10867,#10868),.UNSPECIFIED.,
  .F.,.F.,(2,2),(0.,1.),.PIECEWISE_BEZIER_KNOTS.);
#10867 = CARTESIAN_POINT('',(-1.2675,-0.775,0.775));
#10868 = CARTESIAN_POINT('',(-1.234121551758,-0.708243103516,1.25));
#10869 = ORIENTED_EDGE('',*,*,#10870,.F.);
#10870 = EDGE_CURVE('',#10841,#10864,#10871,.T.);
#10871 = LINE('',#10872,#10873);
#10872 = CARTESIAN_POINT('',(1.234121551758,-0.708243103516,1.25));
#10873 = VECTOR('',#10874,1.);
#10874 = DIRECTION('',(-1.,0.,0.));
#10875 = ORIENTED_EDGE('',*,*,#10840,.F.);
#10876 = B_SPLINE_SURFACE_WITH_KNOTS('',1,1,(
    (#10877,#10878)
    ,(#10879,#10880
    )),.UNSPECIFIED.,.F.,.F.,.F.,(2,2),(2,2),(0.,2.535),(0.,1.),
  .PIECEWISE_BEZIER_KNOTS.);
#10877 = CARTESIAN_POINT('',(1.2675,-0.775,0.775));
#10878 = CARTESIAN_POINT('',(1.234121551758,-0.708243103516,1.25));
#10879 = CARTESIAN_POINT('',(-1.2675,-0.775,0.775));
#10880 = CARTESIAN_POINT('',(-1.234121551758,-0.708243103516,1.25));
#10881 = ADVANCED_FACE('',(#10882),#10899,.F.);
#10882 = FACE_BOUND('',#10883,.F.);
#10883 = EDGE_LOOP('',(#10884,#10885,#10892,#10898));
#10884 = ORIENTED_EDGE('',*,*,#10330,.T.);
#10885 = ORIENTED_EDGE('',*,*,#10886,.T.);
#10886 = EDGE_CURVE('',#10323,#10887,#10889,.T.);
#10887 = VERTEX_POINT('',#10888);
#10888 = CARTESIAN_POINT('',(-1.283243103516,-0.659121551758,1.25));
#10889 = B_SPLINE_CURVE_WITH_KNOTS('',1,(#10890,#10891),.UNSPECIFIED.,
  .F.,.F.,(2,2),(0.,1.),.PIECEWISE_BEZIER_KNOTS.);
#10890 = CARTESIAN_POINT('',(-1.35,-0.6925,0.775));
#10891 = CARTESIAN_POINT('',(-1.283243103516,-0.659121551758,1.25));
#10892 = ORIENTED_EDGE('',*,*,#10893,.F.);
#10893 = EDGE_CURVE('',#10864,#10887,#10894,.T.);
#10894 = LINE('',#10895,#10896);
#10895 = CARTESIAN_POINT('',(-1.234121551758,-0.708243103516,1.25));
#10896 = VECTOR('',#10897,1.);
#10897 = DIRECTION('',(-0.707106781187,0.707106781187,0.));
#10898 = ORIENTED_EDGE('',*,*,#10863,.F.);
#10899 = B_SPLINE_SURFACE_WITH_KNOTS('',1,1,(
    (#10900,#10901)
    ,(#10902,#10903
    )),.UNSPECIFIED.,.F.,.F.,.F.,(2,2),(2,2),(0.,0.116672618896),(0.,1.)
  ,.PIECEWISE_BEZIER_KNOTS.);
#10900 = CARTESIAN_POINT('',(-1.2675,-0.775,0.775));
#10901 = CARTESIAN_POINT('',(-1.234121551758,-0.708243103516,1.25));
#10902 = CARTESIAN_POINT('',(-1.35,-0.6925,0.775));
#10903 = CARTESIAN_POINT('',(-1.283243103516,-0.659121551758,1.25));
#10904 = ADVANCED_FACE('',(#10905),#10929,.F.);
#10905 = FACE_BOUND('',#10906,.F.);
#10906 = EDGE_LOOP('',(#10907,#10908,#10914,#10915,#10922,#10928));
#10907 = ORIENTED_EDGE('',*,*,#10322,.T.);
#10908 = ORIENTED_EDGE('',*,*,#10909,.T.);
#10909 = EDGE_CURVE('',#10315,#10568,#10910,.T.);
#10910 = LINE('',#10911,#10912);
#10911 = CARTESIAN_POINT('',(-1.35,-0.6925,0.775));
#10912 = VECTOR('',#10913,1.);
#10913 = DIRECTION('',(0.,1.,0.));
#10914 = ORIENTED_EDGE('',*,*,#10641,.T.);
#10915 = ORIENTED_EDGE('',*,*,#10916,.T.);
#10916 = EDGE_CURVE('',#10634,#10917,#10919,.T.);
#10917 = VERTEX_POINT('',#10918);
#10918 = CARTESIAN_POINT('',(-1.283243103516,0.659121551758,1.25));
#10919 = B_SPLINE_CURVE_WITH_KNOTS('',1,(#10920,#10921),.UNSPECIFIED.,
  .F.,.F.,(2,2),(0.,1.),.PIECEWISE_BEZIER_KNOTS.);
#10920 = CARTESIAN_POINT('',(-1.35,0.6925,0.775));
#10921 = CARTESIAN_POINT('',(-1.283243103516,0.659121551758,1.25));
#10922 = ORIENTED_EDGE('',*,*,#10923,.F.);
#10923 = EDGE_CURVE('',#10887,#10917,#10924,.T.);
#10924 = LINE('',#10925,#10926);
#10925 = CARTESIAN_POINT('',(-1.283243103516,-0.659121551758,1.25));
#10926 = VECTOR('',#10927,1.);
#10927 = DIRECTION('',(0.,1.,0.));
#10928 = ORIENTED_EDGE('',*,*,#10886,.F.);
#10929 = B_SPLINE_SURFACE_WITH_KNOTS('',1,1,(
    (#10930,#10931)
    ,(#10932,#10933
    )),.UNSPECIFIED.,.F.,.F.,.F.,(2,2),(2,2),(0.,1.385),(0.,1.),
  .PIECEWISE_BEZIER_KNOTS.);
#10930 = CARTESIAN_POINT('',(-1.35,-0.6925,0.775));
#10931 = CARTESIAN_POINT('',(-1.283243103516,-0.659121551758,1.25));
#10932 = CARTESIAN_POINT('',(-1.35,0.6925,0.775));
#10933 = CARTESIAN_POINT('',(-1.283243103516,0.659121551758,1.25));
#10934 = ADVANCED_FACE('',(#10935),#10946,.F.);
#10935 = FACE_BOUND('',#10936,.F.);
#10936 = EDGE_LOOP('',(#10937,#10938,#10944,#10945));
#10937 = ORIENTED_EDGE('',*,*,#10314,.F.);
#10938 = ORIENTED_EDGE('',*,*,#10939,.T.);
#10939 = EDGE_CURVE('',#10034,#10089,#10940,.T.);
#10940 = LINE('',#10941,#10942);
#10941 = CARTESIAN_POINT('',(-1.375,-0.325,0.775));
#10942 = VECTOR('',#10943,1.);
#10943 = DIRECTION('',(1.110223024625E-16,1.,0.));
#10944 = ORIENTED_EDGE('',*,*,#10567,.T.);
#10945 = ORIENTED_EDGE('',*,*,#10909,.F.);
#10946 = PLANE('',#10947);
#10947 = AXIS2_PLACEMENT_3D('',#10948,#10949,#10950);
#10948 = CARTESIAN_POINT('',(-1.375,-0.325,0.775));
#10949 = DIRECTION('',(0.,0.,-1.));
#10950 = DIRECTION('',(1.,-1.110223024625E-16,0.));
#10951 = ADVANCED_FACE('',(#10952),#10963,.T.);
#10952 = FACE_BOUND('',#10953,.T.);
#10953 = EDGE_LOOP('',(#10954,#10955,#10956,#10957));
#10954 = ORIENTED_EDGE('',*,*,#10460,.T.);
#10955 = ORIENTED_EDGE('',*,*,#10939,.T.);
#10956 = ORIENTED_EDGE('',*,*,#10552,.F.);
#10957 = ORIENTED_EDGE('',*,*,#10958,.F.);
#10958 = EDGE_CURVE('',#10453,#10545,#10959,.T.);
#10959 = LINE('',#10960,#10961);
#10960 = CARTESIAN_POINT('',(-1.690138480964,-0.325,0.510567416853));
#10961 = VECTOR('',#10962,1.);
#10962 = DIRECTION('',(1.110223024625E-16,1.,0.));
#10963 = CYLINDRICAL_SURFACE('',#10964,0.32);
#10964 = AXIS2_PLACEMENT_3D('',#10965,#10966,#10967);
#10965 = CARTESIAN_POINT('',(-1.375,-0.325,0.455));
#10966 = DIRECTION('',(-1.110223024625E-16,-1.,-0.));
#10967 = DIRECTION('',(-0.984807753012,1.093356242223E-16,0.173648177667
    ));
#10968 = ADVANCED_FACE('',(#10969),#10980,.F.);
#10969 = FACE_BOUND('',#10970,.F.);
#10970 = EDGE_LOOP('',(#10971,#10977,#10978,#10979));
#10971 = ORIENTED_EDGE('',*,*,#10972,.T.);
#10972 = EDGE_CURVE('',#10444,#10536,#10973,.T.);
#10973 = LINE('',#10974,#10975);
#10974 = CARTESIAN_POINT('',(-1.720627212034,-0.325,0.29916221868));
#10975 = VECTOR('',#10976,1.);
#10976 = DIRECTION('',(1.110223024625E-16,1.,0.));
#10977 = ORIENTED_EDGE('',*,*,#10544,.T.);
#10978 = ORIENTED_EDGE('',*,*,#10958,.F.);
#10979 = ORIENTED_EDGE('',*,*,#10452,.F.);
#10980 = PLANE('',#10981);
#10981 = AXIS2_PLACEMENT_3D('',#10982,#10983,#10984);
#10982 = CARTESIAN_POINT('',(-1.720627212034,-0.325,0.29916221868));
#10983 = DIRECTION('',(0.989759848633,-1.098854172802E-16,
    -0.142742572604));
#10984 = DIRECTION('',(0.142742572604,-1.584760906992E-17,0.989759848633
    ));
#10985 = ADVANCED_FACE('',(#10986),#10997,.F.);
#10986 = FACE_BOUND('',#10987,.F.);
#10987 = EDGE_LOOP('',(#10988,#10994,#10995,#10996));
#10988 = ORIENTED_EDGE('',*,*,#10989,.T.);
#10989 = EDGE_CURVE('',#10436,#10528,#10990,.T.);
#10990 = LINE('',#10991,#10992);
#10991 = CARTESIAN_POINT('',(-1.838804142396,-0.325,0.2));
#10992 = VECTOR('',#10993,1.);
#10993 = DIRECTION('',(1.110223024625E-16,1.,0.));
#10994 = ORIENTED_EDGE('',*,*,#10535,.T.);
#10995 = ORIENTED_EDGE('',*,*,#10972,.F.);
#10996 = ORIENTED_EDGE('',*,*,#10443,.F.);
#10997 = CYLINDRICAL_SURFACE('',#10998,0.12);
#10998 = AXIS2_PLACEMENT_3D('',#10999,#11000,#11001);
#10999 = CARTESIAN_POINT('',(-1.838804142396,-0.325,0.32));
#11000 = DIRECTION('',(-1.110223024625E-16,-1.,0.));
#11001 = DIRECTION('',(1.850371707709E-15,-2.054325274013E-31,-1.));
#11002 = ADVANCED_FACE('',(#11003),#11014,.F.);
#11003 = FACE_BOUND('',#11004,.F.);
#11004 = EDGE_LOOP('',(#11005,#11011,#11012,#11013));
#11005 = ORIENTED_EDGE('',*,*,#11006,.T.);
#11006 = EDGE_CURVE('',#10428,#10520,#11007,.T.);
#11007 = LINE('',#11008,#11009);
#11008 = CARTESIAN_POINT('',(-1.9,-0.325,0.2));
#11009 = VECTOR('',#11010,1.);
#11010 = DIRECTION('',(1.110223024625E-16,1.,0.));
#11011 = ORIENTED_EDGE('',*,*,#10527,.T.);
#11012 = ORIENTED_EDGE('',*,*,#10989,.F.);
#11013 = ORIENTED_EDGE('',*,*,#10435,.F.);
#11014 = PLANE('',#11015);
#11015 = AXIS2_PLACEMENT_3D('',#11016,#11017,#11018);
#11016 = CARTESIAN_POINT('',(-1.9,-0.325,0.2));
#11017 = DIRECTION('',(0.,0.,-1.));
#11018 = DIRECTION('',(1.,-1.110223024625E-16,0.));
#11019 = ADVANCED_FACE('',(#11020),#11031,.F.);
#11020 = FACE_BOUND('',#11021,.F.);
#11021 = EDGE_LOOP('',(#11022,#11028,#11029,#11030));
#11022 = ORIENTED_EDGE('',*,*,#11023,.T.);
#11023 = EDGE_CURVE('',#10420,#10512,#11024,.T.);
#11024 = LINE('',#11025,#11026);
#11025 = CARTESIAN_POINT('',(-1.9,-0.325,-5.551115123126E-17));
#11026 = VECTOR('',#11027,1.);
#11027 = DIRECTION('',(1.110223024625E-16,1.,0.));
#11028 = ORIENTED_EDGE('',*,*,#10519,.T.);
#11029 = ORIENTED_EDGE('',*,*,#11006,.F.);
#11030 = ORIENTED_EDGE('',*,*,#10427,.F.);
#11031 = PLANE('',#11032);
#11032 = AXIS2_PLACEMENT_3D('',#11033,#11034,#11035);
#11033 = CARTESIAN_POINT('',(-1.9,-0.325,-5.551115123126E-17));
#11034 = DIRECTION('',(1.,-1.110223024625E-16,0.));
#11035 = DIRECTION('',(0.,0.,1.));
#11036 = ADVANCED_FACE('',(#11037),#11048,.F.);
#11037 = FACE_BOUND('',#11038,.F.);
#11038 = EDGE_LOOP('',(#11039,#11045,#11046,#11047));
#11039 = ORIENTED_EDGE('',*,*,#11040,.T.);
#11040 = EDGE_CURVE('',#10411,#10503,#11041,.T.);
#11041 = LINE('',#11042,#11043);
#11042 = CARTESIAN_POINT('',(-1.838804142396,-0.325,-5.551115123126E-17)
  );
#11043 = VECTOR('',#11044,1.);
#11044 = DIRECTION('',(1.110223024625E-16,1.,0.));
#11045 = ORIENTED_EDGE('',*,*,#10511,.T.);
#11046 = ORIENTED_EDGE('',*,*,#11023,.F.);
#11047 = ORIENTED_EDGE('',*,*,#10419,.F.);
#11048 = PLANE('',#11049);
#11049 = AXIS2_PLACEMENT_3D('',#11050,#11051,#11052);
#11050 = CARTESIAN_POINT('',(-1.838804142396,-0.325,-5.551115123126E-17)
  );
#11051 = DIRECTION('',(0.,0.,1.));
#11052 = DIRECTION('',(-1.,1.110223024625E-16,0.));
#11053 = ADVANCED_FACE('',(#11054),#11060,.T.);
#11054 = FACE_BOUND('',#11055,.T.);
#11055 = EDGE_LOOP('',(#11056,#11057,#11058,#11059));
#11056 = ORIENTED_EDGE('',*,*,#10410,.T.);
#11057 = ORIENTED_EDGE('',*,*,#11040,.T.);
#11058 = ORIENTED_EDGE('',*,*,#10502,.F.);
#11059 = ORIENTED_EDGE('',*,*,#10484,.F.);
#11060 = CYLINDRICAL_SURFACE('',#11061,0.32);
#11061 = AXIS2_PLACEMENT_3D('',#11062,#11063,#11064);
#11062 = CARTESIAN_POINT('',(-1.838804142396,-0.325,0.32));
#11063 = DIRECTION('',(-1.110223024625E-16,-1.,-0.));
#11064 = DIRECTION('',(0.984807753012,-1.093356242223E-16,
    -0.173648177667));
#11065 = ADVANCED_FACE('',(#11066),#11083,.F.);
#11066 = FACE_BOUND('',#11067,.F.);
#11067 = EDGE_LOOP('',(#11068,#11069,#11076,#11082));
#11068 = ORIENTED_EDGE('',*,*,#10633,.T.);
#11069 = ORIENTED_EDGE('',*,*,#11070,.T.);
#11070 = EDGE_CURVE('',#10626,#11071,#11073,.T.);
#11071 = VERTEX_POINT('',#11072);
#11072 = CARTESIAN_POINT('',(-1.234121551758,0.708243103516,1.25));
#11073 = B_SPLINE_CURVE_WITH_KNOTS('',1,(#11074,#11075),.UNSPECIFIED.,
  .F.,.F.,(2,2),(0.,1.),.PIECEWISE_BEZIER_KNOTS.);
#11074 = CARTESIAN_POINT('',(-1.2675,0.775,0.775));
#11075 = CARTESIAN_POINT('',(-1.234121551758,0.708243103516,1.25));
#11076 = ORIENTED_EDGE('',*,*,#11077,.F.);
#11077 = EDGE_CURVE('',#10917,#11071,#11078,.T.);
#11078 = LINE('',#11079,#11080);
#11079 = CARTESIAN_POINT('',(-1.283243103516,0.659121551758,1.25));
#11080 = VECTOR('',#11081,1.);
#11081 = DIRECTION('',(0.707106781187,0.707106781187,0.));
#11082 = ORIENTED_EDGE('',*,*,#10916,.F.);
#11083 = B_SPLINE_SURFACE_WITH_KNOTS('',1,1,(
    (#11084,#11085)
    ,(#11086,#11087
    )),.UNSPECIFIED.,.F.,.F.,.F.,(2,2),(2,2),(0.,0.116672618896),(0.,1.)
  ,.PIECEWISE_BEZIER_KNOTS.);
#11084 = CARTESIAN_POINT('',(-1.35,0.6925,0.775));
#11085 = CARTESIAN_POINT('',(-1.283243103516,0.659121551758,1.25));
#11086 = CARTESIAN_POINT('',(-1.2675,0.775,0.775));
#11087 = CARTESIAN_POINT('',(-1.234121551758,0.708243103516,1.25));
#11088 = ADVANCED_FACE('',(#11089),#11106,.F.);
#11089 = FACE_BOUND('',#11090,.F.);
#11090 = EDGE_LOOP('',(#11091,#11092,#11099,#11105));
#11091 = ORIENTED_EDGE('',*,*,#10625,.T.);
#11092 = ORIENTED_EDGE('',*,*,#11093,.T.);
#11093 = EDGE_CURVE('',#10618,#11094,#11096,.T.);
#11094 = VERTEX_POINT('',#11095);
#11095 = CARTESIAN_POINT('',(1.234121551758,0.708243103516,1.25));
#11096 = B_SPLINE_CURVE_WITH_KNOTS('',1,(#11097,#11098),.UNSPECIFIED.,
  .F.,.F.,(2,2),(0.,1.),.PIECEWISE_BEZIER_KNOTS.);
#11097 = CARTESIAN_POINT('',(1.2675,0.775,0.775));
#11098 = CARTESIAN_POINT('',(1.234121551758,0.708243103516,1.25));
#11099 = ORIENTED_EDGE('',*,*,#11100,.F.);
#11100 = EDGE_CURVE('',#11071,#11094,#11101,.T.);
#11101 = LINE('',#11102,#11103);
#11102 = CARTESIAN_POINT('',(-1.234121551758,0.708243103516,1.25));
#11103 = VECTOR('',#11104,1.);
#11104 = DIRECTION('',(1.,0.,0.));
#11105 = ORIENTED_EDGE('',*,*,#11070,.F.);
#11106 = B_SPLINE_SURFACE_WITH_KNOTS('',1,1,(
    (#11107,#11108)
    ,(#11109,#11110
    )),.UNSPECIFIED.,.F.,.F.,.F.,(2,2),(2,2),(0.,2.535),(0.,1.),
  .PIECEWISE_BEZIER_KNOTS.);
#11107 = CARTESIAN_POINT('',(-1.2675,0.775,0.775));
#11108 = CARTESIAN_POINT('',(-1.234121551758,0.708243103516,1.25));
#11109 = CARTESIAN_POINT('',(1.2675,0.775,0.775));
#11110 = CARTESIAN_POINT('',(1.234121551758,0.708243103516,1.25));
#11111 = ADVANCED_FACE('',(#11112),#11123,.F.);
#11112 = FACE_BOUND('',#11113,.F.);
#11113 = EDGE_LOOP('',(#11114,#11115,#11116,#11122));
#11114 = ORIENTED_EDGE('',*,*,#10617,.T.);
#11115 = ORIENTED_EDGE('',*,*,#10826,.T.);
#11116 = ORIENTED_EDGE('',*,*,#11117,.F.);
#11117 = EDGE_CURVE('',#11094,#10819,#11118,.T.);
#11118 = LINE('',#11119,#11120);
#11119 = CARTESIAN_POINT('',(1.234121551758,0.708243103516,1.25));
#11120 = VECTOR('',#11121,1.);
#11121 = DIRECTION('',(0.707106781187,-0.707106781187,0.));
#11122 = ORIENTED_EDGE('',*,*,#11093,.F.);
#11123 = B_SPLINE_SURFACE_WITH_KNOTS('',1,1,(
    (#11124,#11125)
    ,(#11126,#11127
    )),.UNSPECIFIED.,.F.,.F.,.F.,(2,2),(2,2),(0.,0.116672618896),(0.,1.)
  ,.PIECEWISE_BEZIER_KNOTS.);
#11124 = CARTESIAN_POINT('',(1.2675,0.775,0.775));
#11125 = CARTESIAN_POINT('',(1.234121551758,0.708243103516,1.25));
#11126 = CARTESIAN_POINT('',(1.35,0.6925,0.775));
#11127 = CARTESIAN_POINT('',(1.283243103516,0.659121551758,1.25));
#11128 = ADVANCED_FACE('',(#11129),#11198,.F.);
#11129 = FACE_BOUND('',#11130,.F.);
#11130 = EDGE_LOOP('',(#11131,#11132,#11133,#11141,#11150,#11158,#11166,
    #11174,#11183,#11191));
#11131 = ORIENTED_EDGE('',*,*,#10721,.F.);
#11132 = ORIENTED_EDGE('',*,*,#10754,.T.);
#11133 = ORIENTED_EDGE('',*,*,#11134,.T.);
#11134 = EDGE_CURVE('',#10747,#11135,#11137,.T.);
#11135 = VERTEX_POINT('',#11136);
#11136 = CARTESIAN_POINT('',(1.523665661432,0.325,0.264432583147));
#11137 = LINE('',#11138,#11139);
#11138 = CARTESIAN_POINT('',(1.493176930361,0.325,0.47583778132));
#11139 = VECTOR('',#11140,1.);
#11140 = DIRECTION('',(0.142742572604,-3.169521813984E-17,
    -0.989759848633));
#11141 = ORIENTED_EDGE('',*,*,#11142,.T.);
#11142 = EDGE_CURVE('',#11135,#11143,#11145,.T.);
#11143 = VERTEX_POINT('',#11144);
#11144 = CARTESIAN_POINT('',(1.838804142396,0.325,-5.551115123126E-17));
#11145 = CIRCLE('',#11146,0.32);
#11146 = AXIS2_PLACEMENT_3D('',#11147,#11148,#11149);
#11147 = CARTESIAN_POINT('',(1.838804142396,0.325,0.32));
#11148 = DIRECTION('',(-2.22044604925E-16,-1.,0.));
#11149 = DIRECTION('',(-0.984807753012,2.186712484447E-16,
    -0.173648177667));
#11150 = ORIENTED_EDGE('',*,*,#11151,.T.);
#11151 = EDGE_CURVE('',#11143,#11152,#11154,.T.);
#11152 = VERTEX_POINT('',#11153);
#11153 = CARTESIAN_POINT('',(1.9,0.325,-5.551115123126E-17));
#11154 = LINE('',#11155,#11156);
#11155 = CARTESIAN_POINT('',(1.838804142396,0.325,-5.551115123126E-17));
#11156 = VECTOR('',#11157,1.);
#11157 = DIRECTION('',(1.,-2.22044604925E-16,0.));
#11158 = ORIENTED_EDGE('',*,*,#11159,.T.);
#11159 = EDGE_CURVE('',#11152,#11160,#11162,.T.);
#11160 = VERTEX_POINT('',#11161);
#11161 = CARTESIAN_POINT('',(1.9,0.325,0.2));
#11162 = LINE('',#11163,#11164);
#11163 = CARTESIAN_POINT('',(1.9,0.325,-5.551115123126E-17));
#11164 = VECTOR('',#11165,1.);
#11165 = DIRECTION('',(0.,0.,1.));
#11166 = ORIENTED_EDGE('',*,*,#11167,.T.);
#11167 = EDGE_CURVE('',#11160,#11168,#11170,.T.);
#11168 = VERTEX_POINT('',#11169);
#11169 = CARTESIAN_POINT('',(1.838804142396,0.325,0.2));
#11170 = LINE('',#11171,#11172);
#11171 = CARTESIAN_POINT('',(1.9,0.325,0.2));
#11172 = VECTOR('',#11173,1.);
#11173 = DIRECTION('',(-1.,2.22044604925E-16,0.));
#11174 = ORIENTED_EDGE('',*,*,#11175,.T.);
#11175 = EDGE_CURVE('',#11168,#11176,#11178,.T.);
#11176 = VERTEX_POINT('',#11177);
#11177 = CARTESIAN_POINT('',(1.720627212034,0.325,0.29916221868));
#11178 = CIRCLE('',#11179,0.12);
#11179 = AXIS2_PLACEMENT_3D('',#11180,#11181,#11182);
#11180 = CARTESIAN_POINT('',(1.838804142396,0.325,0.32));
#11181 = DIRECTION('',(2.22044604925E-16,1.,0.));
#11182 = DIRECTION('',(-1.850371707709E-15,4.108650548026E-31,-1.));
#11183 = ORIENTED_EDGE('',*,*,#11184,.T.);
#11184 = EDGE_CURVE('',#11176,#11185,#11187,.T.);
#11185 = VERTEX_POINT('',#11186);
#11186 = CARTESIAN_POINT('',(1.690138480964,0.325,0.510567416853));
#11187 = LINE('',#11188,#11189);
#11188 = CARTESIAN_POINT('',(1.720627212034,0.325,0.29916221868));
#11189 = VECTOR('',#11190,1.);
#11190 = DIRECTION('',(-0.142742572604,3.169521813984E-17,0.989759848633
    ));
#11191 = ORIENTED_EDGE('',*,*,#11192,.T.);
#11192 = EDGE_CURVE('',#11185,#10594,#11193,.T.);
#11193 = CIRCLE('',#11194,0.32);
#11194 = AXIS2_PLACEMENT_3D('',#11195,#11196,#11197);
#11195 = CARTESIAN_POINT('',(1.375,0.325,0.455));
#11196 = DIRECTION('',(-2.22044604925E-16,-1.,0.));
#11197 = DIRECTION('',(0.984807753012,-2.186712484447E-16,0.173648177667
    ));
#11198 = PLANE('',#11199);
#11199 = AXIS2_PLACEMENT_3D('',#11200,#11201,#11202);
#11200 = CARTESIAN_POINT('',(1.610729118287,0.325,0.384660577966));
#11201 = DIRECTION('',(-2.22044604925E-16,-1.,0.));
#11202 = DIRECTION('',(0.,0.,1.));
#11203 = ADVANCED_FACE('',(#11204),#11222,.F.);
#11204 = FACE_BOUND('',#11205,.F.);
#11205 = EDGE_LOOP('',(#11206,#11207,#11215,#11221));
#11206 = ORIENTED_EDGE('',*,*,#10746,.T.);
#11207 = ORIENTED_EDGE('',*,*,#11208,.T.);
#11208 = EDGE_CURVE('',#10738,#11209,#11211,.T.);
#11209 = VERTEX_POINT('',#11210);
#11210 = CARTESIAN_POINT('',(1.523665661432,-0.325,0.264432583147));
#11211 = LINE('',#11212,#11213);
#11212 = CARTESIAN_POINT('',(1.493176930361,-0.325,0.47583778132));
#11213 = VECTOR('',#11214,1.);
#11214 = DIRECTION('',(0.142742572604,-3.169521813984E-17,
    -0.989759848633));
#11215 = ORIENTED_EDGE('',*,*,#11216,.F.);
#11216 = EDGE_CURVE('',#11135,#11209,#11217,.T.);
#11217 = LINE('',#11218,#11219);
#11218 = CARTESIAN_POINT('',(1.523665661432,0.325,0.264432583147));
#11219 = VECTOR('',#11220,1.);
#11220 = DIRECTION('',(-2.22044604925E-16,-1.,0.));
#11221 = ORIENTED_EDGE('',*,*,#11134,.F.);
#11222 = PLANE('',#11223);
#11223 = AXIS2_PLACEMENT_3D('',#11224,#11225,#11226);
#11224 = CARTESIAN_POINT('',(1.493176930361,0.325,0.47583778132));
#11225 = DIRECTION('',(0.989759848633,-2.197708345604E-16,0.142742572604
    ));
#11226 = DIRECTION('',(0.142742572604,-3.169521813984E-17,
    -0.989759848633));
#11227 = ADVANCED_FACE('',(#11228),#11290,.T.);
#11228 = FACE_BOUND('',#11229,.T.);
#11229 = EDGE_LOOP('',(#11230,#11231,#11232,#11233,#11242,#11250,#11258,
    #11266,#11275,#11283));
#11230 = ORIENTED_EDGE('',*,*,#10769,.F.);
#11231 = ORIENTED_EDGE('',*,*,#10737,.T.);
#11232 = ORIENTED_EDGE('',*,*,#11208,.T.);
#11233 = ORIENTED_EDGE('',*,*,#11234,.T.);
#11234 = EDGE_CURVE('',#11209,#11235,#11237,.T.);
#11235 = VERTEX_POINT('',#11236);
#11236 = CARTESIAN_POINT('',(1.838804142396,-0.325,-5.551115123126E-17)
  );
#11237 = CIRCLE('',#11238,0.32);
#11238 = AXIS2_PLACEMENT_3D('',#11239,#11240,#11241);
#11239 = CARTESIAN_POINT('',(1.838804142396,-0.325,0.32));
#11240 = DIRECTION('',(-2.22044604925E-16,-1.,0.));
#11241 = DIRECTION('',(-0.984807753012,2.186712484447E-16,
    -0.173648177667));
#11242 = ORIENTED_EDGE('',*,*,#11243,.T.);
#11243 = EDGE_CURVE('',#11235,#11244,#11246,.T.);
#11244 = VERTEX_POINT('',#11245);
#11245 = CARTESIAN_POINT('',(1.9,-0.325,-5.551115123126E-17));
#11246 = LINE('',#11247,#11248);
#11247 = CARTESIAN_POINT('',(1.838804142396,-0.325,-5.551115123126E-17)
  );
#11248 = VECTOR('',#11249,1.);
#11249 = DIRECTION('',(1.,-2.22044604925E-16,0.));
#11250 = ORIENTED_EDGE('',*,*,#11251,.T.);
#11251 = EDGE_CURVE('',#11244,#11252,#11254,.T.);
#11252 = VERTEX_POINT('',#11253);
#11253 = CARTESIAN_POINT('',(1.9,-0.325,0.2));
#11254 = LINE('',#11255,#11256);
#11255 = CARTESIAN_POINT('',(1.9,-0.325,-5.551115123126E-17));
#11256 = VECTOR('',#11257,1.);
#11257 = DIRECTION('',(0.,0.,1.));
#11258 = ORIENTED_EDGE('',*,*,#11259,.T.);
#11259 = EDGE_CURVE('',#11252,#11260,#11262,.T.);
#11260 = VERTEX_POINT('',#11261);
#11261 = CARTESIAN_POINT('',(1.838804142396,-0.325,0.2));
#11262 = LINE('',#11263,#11264);
#11263 = CARTESIAN_POINT('',(1.9,-0.325,0.2));
#11264 = VECTOR('',#11265,1.);
#11265 = DIRECTION('',(-1.,2.22044604925E-16,0.));
#11266 = ORIENTED_EDGE('',*,*,#11267,.T.);
#11267 = EDGE_CURVE('',#11260,#11268,#11270,.T.);
#11268 = VERTEX_POINT('',#11269);
#11269 = CARTESIAN_POINT('',(1.720627212034,-0.325,0.29916221868));
#11270 = CIRCLE('',#11271,0.12);
#11271 = AXIS2_PLACEMENT_3D('',#11272,#11273,#11274);
#11272 = CARTESIAN_POINT('',(1.838804142396,-0.325,0.32));
#11273 = DIRECTION('',(2.22044604925E-16,1.,0.));
#11274 = DIRECTION('',(-1.850371707709E-15,4.108650548026E-31,-1.));
#11275 = ORIENTED_EDGE('',*,*,#11276,.T.);
#11276 = EDGE_CURVE('',#11268,#11277,#11279,.T.);
#11277 = VERTEX_POINT('',#11278);
#11278 = CARTESIAN_POINT('',(1.690138480964,-0.325,0.510567416853));
#11279 = LINE('',#11280,#11281);
#11280 = CARTESIAN_POINT('',(1.720627212034,-0.325,0.29916221868));
#11281 = VECTOR('',#11282,1.);
#11282 = DIRECTION('',(-0.142742572604,3.169521813984E-17,0.989759848633
    ));
#11283 = ORIENTED_EDGE('',*,*,#11284,.T.);
#11284 = EDGE_CURVE('',#11277,#10363,#11285,.T.);
#11285 = CIRCLE('',#11286,0.32);
#11286 = AXIS2_PLACEMENT_3D('',#11287,#11288,#11289);
#11287 = CARTESIAN_POINT('',(1.375,-0.325,0.455));
#11288 = DIRECTION('',(-2.22044604925E-16,-1.,0.));
#11289 = DIRECTION('',(0.984807753012,-2.186712484447E-16,0.173648177667
    ));
#11290 = PLANE('',#11291);
#11291 = AXIS2_PLACEMENT_3D('',#11292,#11293,#11294);
#11292 = CARTESIAN_POINT('',(1.610729118287,-0.325,0.384660577966));
#11293 = DIRECTION('',(-2.22044604925E-16,-1.,0.));
#11294 = DIRECTION('',(0.,0.,1.));
#11295 = ADVANCED_FACE('',(#11296),#11307,.T.);
#11296 = FACE_BOUND('',#11297,.T.);
#11297 = EDGE_LOOP('',(#11298,#11299,#11300,#11301));
#11298 = ORIENTED_EDGE('',*,*,#11192,.T.);
#11299 = ORIENTED_EDGE('',*,*,#10787,.T.);
#11300 = ORIENTED_EDGE('',*,*,#11284,.F.);
#11301 = ORIENTED_EDGE('',*,*,#11302,.F.);
#11302 = EDGE_CURVE('',#11185,#11277,#11303,.T.);
#11303 = LINE('',#11304,#11305);
#11304 = CARTESIAN_POINT('',(1.690138480964,0.325,0.510567416853));
#11305 = VECTOR('',#11306,1.);
#11306 = DIRECTION('',(-2.22044604925E-16,-1.,0.));
#11307 = CYLINDRICAL_SURFACE('',#11308,0.32);
#11308 = AXIS2_PLACEMENT_3D('',#11309,#11310,#11311);
#11309 = CARTESIAN_POINT('',(1.375,0.325,0.455));
#11310 = DIRECTION('',(2.22044604925E-16,1.,0.));
#11311 = DIRECTION('',(0.984807753012,-2.186712484447E-16,0.173648177667
    ));
#11312 = ADVANCED_FACE('',(#11313,#11323),#11357,.T.);
#11313 = FACE_BOUND('',#11314,.T.);
#11314 = EDGE_LOOP('',(#11315,#11316,#11317,#11318,#11319,#11320,#11321,
    #11322));
#11315 = ORIENTED_EDGE('',*,*,#10923,.F.);
#11316 = ORIENTED_EDGE('',*,*,#10893,.F.);
#11317 = ORIENTED_EDGE('',*,*,#10870,.F.);
#11318 = ORIENTED_EDGE('',*,*,#10847,.F.);
#11319 = ORIENTED_EDGE('',*,*,#10818,.F.);
#11320 = ORIENTED_EDGE('',*,*,#11117,.F.);
#11321 = ORIENTED_EDGE('',*,*,#11100,.F.);
#11322 = ORIENTED_EDGE('',*,*,#11077,.F.);
#11323 = FACE_BOUND('',#11324,.T.);
#11324 = EDGE_LOOP('',(#11325,#11335,#11343,#11351));
#11325 = ORIENTED_EDGE('',*,*,#11326,.T.);
#11326 = EDGE_CURVE('',#11327,#11329,#11331,.T.);
#11327 = VERTEX_POINT('',#11328);
#11328 = CARTESIAN_POINT('',(-0.683243103516,-0.608243103516,1.25));
#11329 = VERTEX_POINT('',#11330);
#11330 = CARTESIAN_POINT('',(-1.183243103516,-0.608243103516,1.25));
#11331 = LINE('',#11332,#11333);
#11332 = CARTESIAN_POINT('',(-1.233243103516,-0.608243103516,1.25));
#11333 = VECTOR('',#11334,1.);
#11334 = DIRECTION('',(-1.,0.,0.));
#11335 = ORIENTED_EDGE('',*,*,#11336,.T.);
#11336 = EDGE_CURVE('',#11329,#11337,#11339,.T.);
#11337 = VERTEX_POINT('',#11338);
#11338 = CARTESIAN_POINT('',(-1.183243103516,0.608243103516,1.25));
#11339 = LINE('',#11340,#11341);
#11340 = CARTESIAN_POINT('',(-1.183243103516,-0.633682327637,1.25));
#11341 = VECTOR('',#11342,1.);
#11342 = DIRECTION('',(0.,1.,0.));
#11343 = ORIENTED_EDGE('',*,*,#11344,.F.);
#11344 = EDGE_CURVE('',#11345,#11337,#11347,.T.);
#11345 = VERTEX_POINT('',#11346);
#11346 = CARTESIAN_POINT('',(-0.683243103516,0.608243103516,1.25));
#11347 = LINE('',#11348,#11349);
#11348 = CARTESIAN_POINT('',(-1.233243103516,0.608243103516,1.25));
#11349 = VECTOR('',#11350,1.);
#11350 = DIRECTION('',(-1.,0.,0.));
#11351 = ORIENTED_EDGE('',*,*,#11352,.F.);
#11352 = EDGE_CURVE('',#11327,#11345,#11353,.T.);
#11353 = LINE('',#11354,#11355);
#11354 = CARTESIAN_POINT('',(-0.683243103516,-0.633682327637,1.25));
#11355 = VECTOR('',#11356,1.);
#11356 = DIRECTION('',(0.,1.,0.));
#11357 = PLANE('',#11358);
#11358 = AXIS2_PLACEMENT_3D('',#11359,#11360,#11361);
#11359 = CARTESIAN_POINT('',(-1.283243103516,-0.659121551758,1.25));
#11360 = DIRECTION('',(0.,0.,1.));
#11361 = DIRECTION('',(0.889522261294,0.456891832562,-0.));
#11362 = ADVANCED_FACE('',(#11363),#11374,.F.);
#11363 = FACE_BOUND('',#11364,.F.);
#11364 = EDGE_LOOP('',(#11365,#11371,#11372,#11373));
#11365 = ORIENTED_EDGE('',*,*,#11366,.T.);
#11366 = EDGE_CURVE('',#11176,#11268,#11367,.T.);
#11367 = LINE('',#11368,#11369);
#11368 = CARTESIAN_POINT('',(1.720627212034,0.325,0.29916221868));
#11369 = VECTOR('',#11370,1.);
#11370 = DIRECTION('',(-2.22044604925E-16,-1.,0.));
#11371 = ORIENTED_EDGE('',*,*,#11276,.T.);
#11372 = ORIENTED_EDGE('',*,*,#11302,.F.);
#11373 = ORIENTED_EDGE('',*,*,#11184,.F.);
#11374 = PLANE('',#11375);
#11375 = AXIS2_PLACEMENT_3D('',#11376,#11377,#11378);
#11376 = CARTESIAN_POINT('',(1.720627212034,0.325,0.29916221868));
#11377 = DIRECTION('',(-0.989759848633,2.197708345604E-16,
    -0.142742572604));
#11378 = DIRECTION('',(-0.142742572604,3.169521813984E-17,0.989759848633
    ));
#11379 = ADVANCED_FACE('',(#11380),#11391,.F.);
#11380 = FACE_BOUND('',#11381,.F.);
#11381 = EDGE_LOOP('',(#11382,#11388,#11389,#11390));
#11382 = ORIENTED_EDGE('',*,*,#11383,.T.);
#11383 = EDGE_CURVE('',#11168,#11260,#11384,.T.);
#11384 = LINE('',#11385,#11386);
#11385 = CARTESIAN_POINT('',(1.838804142396,0.325,0.2));
#11386 = VECTOR('',#11387,1.);
#11387 = DIRECTION('',(-2.22044604925E-16,-1.,0.));
#11388 = ORIENTED_EDGE('',*,*,#11267,.T.);
#11389 = ORIENTED_EDGE('',*,*,#11366,.F.);
#11390 = ORIENTED_EDGE('',*,*,#11175,.F.);
#11391 = CYLINDRICAL_SURFACE('',#11392,0.12);
#11392 = AXIS2_PLACEMENT_3D('',#11393,#11394,#11395);
#11393 = CARTESIAN_POINT('',(1.838804142396,0.325,0.32));
#11394 = DIRECTION('',(2.22044604925E-16,1.,0.));
#11395 = DIRECTION('',(-1.850371707709E-15,4.108650548026E-31,-1.));
#11396 = ADVANCED_FACE('',(#11397),#11408,.F.);
#11397 = FACE_BOUND('',#11398,.F.);
#11398 = EDGE_LOOP('',(#11399,#11405,#11406,#11407));
#11399 = ORIENTED_EDGE('',*,*,#11400,.T.);
#11400 = EDGE_CURVE('',#11160,#11252,#11401,.T.);
#11401 = LINE('',#11402,#11403);
#11402 = CARTESIAN_POINT('',(1.9,0.325,0.2));
#11403 = VECTOR('',#11404,1.);
#11404 = DIRECTION('',(-2.22044604925E-16,-1.,0.));
#11405 = ORIENTED_EDGE('',*,*,#11259,.T.);
#11406 = ORIENTED_EDGE('',*,*,#11383,.F.);
#11407 = ORIENTED_EDGE('',*,*,#11167,.F.);
#11408 = PLANE('',#11409);
#11409 = AXIS2_PLACEMENT_3D('',#11410,#11411,#11412);
#11410 = CARTESIAN_POINT('',(1.9,0.325,0.2));
#11411 = DIRECTION('',(0.,0.,-1.));
#11412 = DIRECTION('',(-1.,2.22044604925E-16,0.));
#11413 = ADVANCED_FACE('',(#11414),#11425,.F.);
#11414 = FACE_BOUND('',#11415,.F.);
#11415 = EDGE_LOOP('',(#11416,#11422,#11423,#11424));
#11416 = ORIENTED_EDGE('',*,*,#11417,.T.);
#11417 = EDGE_CURVE('',#11152,#11244,#11418,.T.);
#11418 = LINE('',#11419,#11420);
#11419 = CARTESIAN_POINT('',(1.9,0.325,-5.551115123126E-17));
#11420 = VECTOR('',#11421,1.);
#11421 = DIRECTION('',(-2.22044604925E-16,-1.,0.));
#11422 = ORIENTED_EDGE('',*,*,#11251,.T.);
#11423 = ORIENTED_EDGE('',*,*,#11400,.F.);
#11424 = ORIENTED_EDGE('',*,*,#11159,.F.);
#11425 = PLANE('',#11426);
#11426 = AXIS2_PLACEMENT_3D('',#11427,#11428,#11429);
#11427 = CARTESIAN_POINT('',(1.9,0.325,-5.551115123126E-17));
#11428 = DIRECTION('',(-1.,2.22044604925E-16,0.));
#11429 = DIRECTION('',(0.,0.,1.));
#11430 = ADVANCED_FACE('',(#11431),#11442,.F.);
#11431 = FACE_BOUND('',#11432,.F.);
#11432 = EDGE_LOOP('',(#11433,#11439,#11440,#11441));
#11433 = ORIENTED_EDGE('',*,*,#11434,.T.);
#11434 = EDGE_CURVE('',#11143,#11235,#11435,.T.);
#11435 = LINE('',#11436,#11437);
#11436 = CARTESIAN_POINT('',(1.838804142396,0.325,-5.551115123126E-17));
#11437 = VECTOR('',#11438,1.);
#11438 = DIRECTION('',(-2.22044604925E-16,-1.,0.));
#11439 = ORIENTED_EDGE('',*,*,#11243,.T.);
#11440 = ORIENTED_EDGE('',*,*,#11417,.F.);
#11441 = ORIENTED_EDGE('',*,*,#11151,.F.);
#11442 = PLANE('',#11443);
#11443 = AXIS2_PLACEMENT_3D('',#11444,#11445,#11446);
#11444 = CARTESIAN_POINT('',(1.838804142396,0.325,-5.551115123126E-17));
#11445 = DIRECTION('',(0.,0.,1.));
#11446 = DIRECTION('',(1.,-2.22044604925E-16,0.));
#11447 = ADVANCED_FACE('',(#11448),#11454,.T.);
#11448 = FACE_BOUND('',#11449,.T.);
#11449 = EDGE_LOOP('',(#11450,#11451,#11452,#11453));
#11450 = ORIENTED_EDGE('',*,*,#11142,.T.);
#11451 = ORIENTED_EDGE('',*,*,#11434,.T.);
#11452 = ORIENTED_EDGE('',*,*,#11234,.F.);
#11453 = ORIENTED_EDGE('',*,*,#11216,.F.);
#11454 = CYLINDRICAL_SURFACE('',#11455,0.32);
#11455 = AXIS2_PLACEMENT_3D('',#11456,#11457,#11458);
#11456 = CARTESIAN_POINT('',(1.838804142396,0.325,0.32));
#11457 = DIRECTION('',(2.22044604925E-16,1.,0.));
#11458 = DIRECTION('',(-0.984807753012,2.186712484447E-16,
    -0.173648177667));
#11459 = ADVANCED_FACE('',(#11460),#11485,.F.);
#11460 = FACE_BOUND('',#11461,.F.);
#11461 = EDGE_LOOP('',(#11462,#11463,#11471,#11479));
#11462 = ORIENTED_EDGE('',*,*,#11326,.T.);
#11463 = ORIENTED_EDGE('',*,*,#11464,.T.);
#11464 = EDGE_CURVE('',#11329,#11465,#11467,.T.);
#11465 = VERTEX_POINT('',#11466);
#11466 = CARTESIAN_POINT('',(-1.183243103516,-0.608243103516,1.26));
#11467 = LINE('',#11468,#11469);
#11468 = CARTESIAN_POINT('',(-1.183243103516,-0.608243103516,1.24));
#11469 = VECTOR('',#11470,1.);
#11470 = DIRECTION('',(0.,0.,1.));
#11471 = ORIENTED_EDGE('',*,*,#11472,.T.);
#11472 = EDGE_CURVE('',#11465,#11473,#11475,.T.);
#11473 = VERTEX_POINT('',#11474);
#11474 = CARTESIAN_POINT('',(-0.683243103516,-0.608243103516,1.26));
#11475 = LINE('',#11476,#11477);
#11476 = CARTESIAN_POINT('',(-1.183243103516,-0.608243103516,1.26));
#11477 = VECTOR('',#11478,1.);
#11478 = DIRECTION('',(1.,0.,0.));
#11479 = ORIENTED_EDGE('',*,*,#11480,.F.);
#11480 = EDGE_CURVE('',#11327,#11473,#11481,.T.);
#11481 = LINE('',#11482,#11483);
#11482 = CARTESIAN_POINT('',(-0.683243103516,-0.608243103516,1.24));
#11483 = VECTOR('',#11484,1.);
#11484 = DIRECTION('',(0.,0.,1.));
#11485 = PLANE('',#11486);
#11486 = AXIS2_PLACEMENT_3D('',#11487,#11488,#11489);
#11487 = CARTESIAN_POINT('',(-1.183243103516,-0.608243103516,1.24));
#11488 = DIRECTION('',(0.,1.,0.));
#11489 = DIRECTION('',(0.,-0.,1.));
#11490 = ADVANCED_FACE('',(#11491),#11509,.T.);
#11491 = FACE_BOUND('',#11492,.T.);
#11492 = EDGE_LOOP('',(#11493,#11494,#11495,#11503));
#11493 = ORIENTED_EDGE('',*,*,#11480,.F.);
#11494 = ORIENTED_EDGE('',*,*,#11352,.T.);
#11495 = ORIENTED_EDGE('',*,*,#11496,.T.);
#11496 = EDGE_CURVE('',#11345,#11497,#11499,.T.);
#11497 = VERTEX_POINT('',#11498);
#11498 = CARTESIAN_POINT('',(-0.683243103516,0.608243103516,1.26));
#11499 = LINE('',#11500,#11501);
#11500 = CARTESIAN_POINT('',(-0.683243103516,0.608243103516,1.24));
#11501 = VECTOR('',#11502,1.);
#11502 = DIRECTION('',(0.,0.,1.));
#11503 = ORIENTED_EDGE('',*,*,#11504,.F.);
#11504 = EDGE_CURVE('',#11473,#11497,#11505,.T.);
#11505 = LINE('',#11506,#11507);
#11506 = CARTESIAN_POINT('',(-0.683243103516,-0.608243103516,1.26));
#11507 = VECTOR('',#11508,1.);
#11508 = DIRECTION('',(0.,1.,0.));
#11509 = PLANE('',#11510);
#11510 = AXIS2_PLACEMENT_3D('',#11511,#11512,#11513);
#11511 = CARTESIAN_POINT('',(-0.683243103516,-0.608243103516,1.24));
#11512 = DIRECTION('',(1.,0.,0.));
#11513 = DIRECTION('',(0.,0.,1.));
#11514 = ADVANCED_FACE('',(#11515),#11533,.T.);
#11515 = FACE_BOUND('',#11516,.T.);
#11516 = EDGE_LOOP('',(#11517,#11518,#11526,#11532));
#11517 = ORIENTED_EDGE('',*,*,#11344,.T.);
#11518 = ORIENTED_EDGE('',*,*,#11519,.T.);
#11519 = EDGE_CURVE('',#11337,#11520,#11522,.T.);
#11520 = VERTEX_POINT('',#11521);
#11521 = CARTESIAN_POINT('',(-1.183243103516,0.608243103516,1.26));
#11522 = LINE('',#11523,#11524);
#11523 = CARTESIAN_POINT('',(-1.183243103516,0.608243103516,1.24));
#11524 = VECTOR('',#11525,1.);
#11525 = DIRECTION('',(0.,0.,1.));
#11526 = ORIENTED_EDGE('',*,*,#11527,.T.);
#11527 = EDGE_CURVE('',#11520,#11497,#11528,.T.);
#11528 = LINE('',#11529,#11530);
#11529 = CARTESIAN_POINT('',(-1.183243103516,0.608243103516,1.26));
#11530 = VECTOR('',#11531,1.);
#11531 = DIRECTION('',(1.,0.,0.));
#11532 = ORIENTED_EDGE('',*,*,#11496,.F.);
#11533 = PLANE('',#11534);
#11534 = AXIS2_PLACEMENT_3D('',#11535,#11536,#11537);
#11535 = CARTESIAN_POINT('',(-1.183243103516,0.608243103516,1.24));
#11536 = DIRECTION('',(0.,1.,0.));
#11537 = DIRECTION('',(0.,-0.,1.));
#11538 = ADVANCED_FACE('',(#11539),#11550,.F.);
#11539 = FACE_BOUND('',#11540,.F.);
#11540 = EDGE_LOOP('',(#11541,#11542,#11543,#11544));
#11541 = ORIENTED_EDGE('',*,*,#11464,.F.);
#11542 = ORIENTED_EDGE('',*,*,#11336,.T.);
#11543 = ORIENTED_EDGE('',*,*,#11519,.T.);
#11544 = ORIENTED_EDGE('',*,*,#11545,.F.);
#11545 = EDGE_CURVE('',#11465,#11520,#11546,.T.);
#11546 = LINE('',#11547,#11548);
#11547 = CARTESIAN_POINT('',(-1.183243103516,-0.608243103516,1.26));
#11548 = VECTOR('',#11549,1.);
#11549 = DIRECTION('',(0.,1.,0.));
#11550 = PLANE('',#11551);
#11551 = AXIS2_PLACEMENT_3D('',#11552,#11553,#11554);
#11552 = CARTESIAN_POINT('',(-1.183243103516,-0.608243103516,1.24));
#11553 = DIRECTION('',(1.,0.,0.));
#11554 = DIRECTION('',(0.,0.,1.));
#11555 = ADVANCED_FACE('',(#11556),#11562,.T.);
#11556 = FACE_BOUND('',#11557,.T.);
#11557 = EDGE_LOOP('',(#11558,#11559,#11560,#11561));
#11558 = ORIENTED_EDGE('',*,*,#11545,.F.);
#11559 = ORIENTED_EDGE('',*,*,#11472,.T.);
#11560 = ORIENTED_EDGE('',*,*,#11504,.T.);
#11561 = ORIENTED_EDGE('',*,*,#11527,.F.);
#11562 = PLANE('',#11563);
#11563 = AXIS2_PLACEMENT_3D('',#11564,#11565,#11566);
#11564 = CARTESIAN_POINT('',(-1.183243103516,-0.608243103516,1.26));
#11565 = DIRECTION('',(0.,0.,1.));
#11566 = DIRECTION('',(1.,0.,-0.));
#11567 = ( GEOMETRIC_REPRESENTATION_CONTEXT(3) 
GLOBAL_UNCERTAINTY_ASSIGNED_CONTEXT((#11571)) 
GLOBAL_UNIT_ASSIGNED_CONTEXT((#11568,#11569,#11570)) 
REPRESENTATION_CONTEXT('Context #1',
  '3D Context with UNIT and UNCERTAINTY') );
#11568 = ( LENGTH_UNIT() NAMED_UNIT(*) SI_UNIT(.MILLI.,.METRE.) );
#11569 = ( NAMED_UNIT(*) PLANE_ANGLE_UNIT() SI_UNIT($,.RADIAN.) );
#11570 = ( NAMED_UNIT(*) SI_UNIT($,.STERADIAN.) SOLID_ANGLE_UNIT() );
#11571 = UNCERTAINTY_MEASURE_WITH_UNIT(LENGTH_MEASURE(1.E-07),#11568,
  'distance_accuracy_value','confusion accuracy');
#11572 = CONTEXT_DEPENDENT_SHAPE_REPRESENTATION(#11573,#11575);
#11573 = ( REPRESENTATION_RELATIONSHIP('','',#9878,#9855) 
REPRESENTATION_RELATIONSHIP_WITH_TRANSFORMATION(#11574) 
SHAPE_REPRESENTATION_RELATIONSHIP() );
#11574 = ITEM_DEFINED_TRANSFORMATION('','',#11,#9856);
#11575 = PRODUCT_DEFINITION_SHAPE('Placement','Placement of an item',
  #11576);
#11576 = NEXT_ASSEMBLY_USAGE_OCCURRENCE('18','=>[0:1:1:15]','',#9850,
  #9873,$);
#11577 = PRODUCT_RELATED_PRODUCT_CATEGORY('part',$,(#9875));
#11578 = SHAPE_DEFINITION_REPRESENTATION(#11579,#11585);
#11579 = PRODUCT_DEFINITION_SHAPE('','',#11580);
#11580 = PRODUCT_DEFINITION('design','',#11581,#11584);
#11581 = PRODUCT_DEFINITION_FORMATION('','',#11582);
#11582 = PRODUCT('LED_0805_2012Metric','LED_0805_2012Metric','',(#11583)
  );
#11583 = PRODUCT_CONTEXT('',#2,'mechanical');
#11584 = PRODUCT_DEFINITION_CONTEXT('part definition',#2,'design');
#11585 = SHAPE_REPRESENTATION('',(#11,#11586),#11590);
#11586 = AXIS2_PLACEMENT_3D('',#11587,#11588,#11589);
#11587 = CARTESIAN_POINT('',(0.,0.,0.));
#11588 = DIRECTION('',(0.,0.,1.));
#11589 = DIRECTION('',(1.,0.,-0.));
#11590 = ( GEOMETRIC_REPRESENTATION_CONTEXT(3) 
GLOBAL_UNCERTAINTY_ASSIGNED_CONTEXT((#11594)) 
GLOBAL_UNIT_ASSIGNED_CONTEXT((#11591,#11592,#11593)) 
REPRESENTATION_CONTEXT('Context #1',
  '3D Context with UNIT and UNCERTAINTY') );
#11591 = ( LENGTH_UNIT() NAMED_UNIT(*) SI_UNIT(.MILLI.,.METRE.) );
#11592 = ( NAMED_UNIT(*) PLANE_ANGLE_UNIT() SI_UNIT($,.RADIAN.) );
#11593 = ( NAMED_UNIT(*) SI_UNIT($,.STERADIAN.) SOLID_ANGLE_UNIT() );
#11594 = UNCERTAINTY_MEASURE_WITH_UNIT(LENGTH_MEASURE(1.E-07),#11591,
  'distance_accuracy_value','confusion accuracy');
#11595 = CONTEXT_DEPENDENT_SHAPE_REPRESENTATION(#11596,#11598);
#11596 = ( REPRESENTATION_RELATIONSHIP('','',#11585,#10) 
REPRESENTATION_RELATIONSHIP_WITH_TRANSFORMATION(#11597) 
SHAPE_REPRESENTATION_RELATIONSHIP() );
#11597 = ITEM_DEFINED_TRANSFORMATION('','',#11,#63);
#11598 = PRODUCT_DEFINITION_SHAPE('Placement','Placement of an item',
  #11599);
#11599 = NEXT_ASSEMBLY_USAGE_OCCURRENCE('21','D3','',#5,#11580,$);
#11600 = PRODUCT_RELATED_PRODUCT_CATEGORY('part',$,(#11582));
#11601 = SHAPE_DEFINITION_REPRESENTATION(#11602,#11608);
#11602 = PRODUCT_DEFINITION_SHAPE('','',#11603);
#11603 = PRODUCT_DEFINITION('design','',#11604,#11607);
#11604 = PRODUCT_DEFINITION_FORMATION('','',#11605);
#11605 = PRODUCT('LED_0805_2012Metric','LED_0805_2012Metric','',(#11606)
  );
#11606 = PRODUCT_CONTEXT('',#2,'mechanical');
#11607 = PRODUCT_DEFINITION_CONTEXT('part definition',#2,'design');
#11608 = ADVANCED_BREP_SHAPE_REPRESENTATION('',(#11,#11609),#13132);
#11609 = MANIFOLD_SOLID_BREP('',#11610);
#11610 = CLOSED_SHELL('',(#11611,#11651,#11698,#11777,#11801,#11841,
    #11872,#11889,#11922,#11946,#12013,#12134,#12201,#12225,#12256,
    #12289,#12345,#12369,#12393,#12417,#12450,#12462,#12525,#12550,
    #12567,#12591,#12609,#12627,#12645,#12662,#12679,#12710,#12735,
    #12760,#12784,#12801,#12832,#12856,#12873,#12901,#12926,#12950,
    #12975,#13022,#13039,#13051,#13073,#13085,#13103,#13121));
#11611 = ADVANCED_FACE('',(#11612),#11646,.F.);
#11612 = FACE_BOUND('',#11613,.F.);
#11613 = EDGE_LOOP('',(#11614,#11624,#11632,#11640));
#11614 = ORIENTED_EDGE('',*,*,#11615,.T.);
#11615 = EDGE_CURVE('',#11616,#11618,#11620,.T.);
#11616 = VERTEX_POINT('',#11617);
#11617 = CARTESIAN_POINT('',(-0.65,-0.625,0.465));
#11618 = VERTEX_POINT('',#11619);
#11619 = CARTESIAN_POINT('',(-0.585,-0.625,1.1));
#11620 = LINE('',#11621,#11622);
#11621 = CARTESIAN_POINT('',(-0.65,-0.625,0.465));
#11622 = VECTOR('',#11623,1.);
#11623 = DIRECTION('',(0.101830105936,0.,0.994801804142));
#11624 = ORIENTED_EDGE('',*,*,#11625,.T.);
#11625 = EDGE_CURVE('',#11618,#11626,#11628,.T.);
#11626 = VERTEX_POINT('',#11627);
#11627 = CARTESIAN_POINT('',(0.585,-0.625,1.1));
#11628 = LINE('',#11629,#11630);
#11629 = CARTESIAN_POINT('',(-0.585,-0.625,1.1));
#11630 = VECTOR('',#11631,1.);
#11631 = DIRECTION('',(1.,0.,0.));
#11632 = ORIENTED_EDGE('',*,*,#11633,.T.);
#11633 = EDGE_CURVE('',#11626,#11634,#11636,.T.);
#11634 = VERTEX_POINT('',#11635);
#11635 = CARTESIAN_POINT('',(0.65,-0.625,0.465));
#11636 = LINE('',#11637,#11638);
#11637 = CARTESIAN_POINT('',(0.585,-0.625,1.1));
#11638 = VECTOR('',#11639,1.);
#11639 = DIRECTION('',(0.101830105936,0.,-0.994801804142));
#11640 = ORIENTED_EDGE('',*,*,#11641,.T.);
#11641 = EDGE_CURVE('',#11634,#11616,#11642,.T.);
#11642 = LINE('',#11643,#11644);
#11643 = CARTESIAN_POINT('',(0.65,-0.625,0.465));
#11644 = VECTOR('',#11645,1.);
#11645 = DIRECTION('',(-1.,0.,-4.270088556251E-17));
#11646 = PLANE('',#11647);
#11647 = AXIS2_PLACEMENT_3D('',#11648,#11649,#11650);
#11648 = CARTESIAN_POINT('',(1.481626402817E-17,-0.625,0.771483451357));
#11649 = DIRECTION('',(-5.57234551408E-33,1.,3.18580557984E-32));
#11650 = DIRECTION('',(0.,-3.18580557984E-32,1.));
#11651 = ADVANCED_FACE('',(#11652),#11693,.T.);
#11652 = FACE_BOUND('',#11653,.T.);
#11653 = EDGE_LOOP('',(#11654,#11664,#11672,#11678,#11679,#11687));
#11654 = ORIENTED_EDGE('',*,*,#11655,.T.);
#11655 = EDGE_CURVE('',#11656,#11658,#11660,.T.);
#11656 = VERTEX_POINT('',#11657);
#11657 = CARTESIAN_POINT('',(-0.65,0.625,0.465));
#11658 = VERTEX_POINT('',#11659);
#11659 = CARTESIAN_POINT('',(-0.65,0.46875,0.465));
#11660 = LINE('',#11661,#11662);
#11661 = CARTESIAN_POINT('',(-0.65,0.625,0.465));
#11662 = VECTOR('',#11663,1.);
#11663 = DIRECTION('',(0.,-1.,0.));
#11664 = ORIENTED_EDGE('',*,*,#11665,.F.);
#11665 = EDGE_CURVE('',#11666,#11658,#11668,.T.);
#11666 = VERTEX_POINT('',#11667);
#11667 = CARTESIAN_POINT('',(-0.65,-0.46875,0.465));
#11668 = LINE('',#11669,#11670);
#11669 = CARTESIAN_POINT('',(-0.65,-0.625,0.465));
#11670 = VECTOR('',#11671,1.);
#11671 = DIRECTION('',(0.,1.,0.));
#11672 = ORIENTED_EDGE('',*,*,#11673,.T.);
#11673 = EDGE_CURVE('',#11666,#11616,#11674,.T.);
#11674 = LINE('',#11675,#11676);
#11675 = CARTESIAN_POINT('',(-0.65,0.625,0.465));
#11676 = VECTOR('',#11677,1.);
#11677 = DIRECTION('',(0.,-1.,0.));
#11678 = ORIENTED_EDGE('',*,*,#11615,.T.);
#11679 = ORIENTED_EDGE('',*,*,#11680,.F.);
#11680 = EDGE_CURVE('',#11681,#11618,#11683,.T.);
#11681 = VERTEX_POINT('',#11682);
#11682 = CARTESIAN_POINT('',(-0.585,0.625,1.1));
#11683 = LINE('',#11684,#11685);
#11684 = CARTESIAN_POINT('',(-0.585,0.625,1.1));
#11685 = VECTOR('',#11686,1.);
#11686 = DIRECTION('',(0.,-1.,0.));
#11687 = ORIENTED_EDGE('',*,*,#11688,.F.);
#11688 = EDGE_CURVE('',#11656,#11681,#11689,.T.);
#11689 = LINE('',#11690,#11691);
#11690 = CARTESIAN_POINT('',(-0.65,0.625,0.465));
#11691 = VECTOR('',#11692,1.);
#11692 = DIRECTION('',(0.101830105936,0.,0.994801804142));
#11693 = PLANE('',#11694);
#11694 = AXIS2_PLACEMENT_3D('',#11695,#11696,#11697);
#11695 = CARTESIAN_POINT('',(-0.65,0.625,0.465));
#11696 = DIRECTION('',(-0.994801804142,0.,0.101830105936));
#11697 = DIRECTION('',(0.101830105936,0.,0.994801804142));
#11698 = ADVANCED_FACE('',(#11699),#11772,.F.);
#11699 = FACE_BOUND('',#11700,.F.);
#11700 = EDGE_LOOP('',(#11701,#11711,#11719,#11727,#11733,#11734,#11742,
    #11750,#11758,#11766));
#11701 = ORIENTED_EDGE('',*,*,#11702,.F.);
#11702 = EDGE_CURVE('',#11703,#11705,#11707,.T.);
#11703 = VERTEX_POINT('',#11704);
#11704 = CARTESIAN_POINT('',(-0.965,-0.625,3.5E-02));
#11705 = VERTEX_POINT('',#11706);
#11706 = CARTESIAN_POINT('',(-0.9125,-0.625,3.5E-02));
#11707 = LINE('',#11708,#11709);
#11708 = CARTESIAN_POINT('',(-0.965,-0.625,3.5E-02));
#11709 = VECTOR('',#11710,1.);
#11710 = DIRECTION('',(1.,0.,0.));
#11711 = ORIENTED_EDGE('',*,*,#11712,.T.);
#11712 = EDGE_CURVE('',#11703,#11713,#11715,.T.);
#11713 = VERTEX_POINT('',#11714);
#11714 = CARTESIAN_POINT('',(-0.965,-0.625,0.465));
#11715 = LINE('',#11716,#11717);
#11716 = CARTESIAN_POINT('',(-0.965,-0.625,3.5E-02));
#11717 = VECTOR('',#11718,1.);
#11718 = DIRECTION('',(0.,0.,1.));
#11719 = ORIENTED_EDGE('',*,*,#11720,.T.);
#11720 = EDGE_CURVE('',#11713,#11721,#11723,.T.);
#11721 = VERTEX_POINT('',#11722);
#11722 = CARTESIAN_POINT('',(-0.9125,-0.625,0.465));
#11723 = LINE('',#11724,#11725);
#11724 = CARTESIAN_POINT('',(-0.965,-0.625,0.465));
#11725 = VECTOR('',#11726,1.);
#11726 = DIRECTION('',(1.,0.,0.));
#11727 = ORIENTED_EDGE('',*,*,#11728,.T.);
#11728 = EDGE_CURVE('',#11721,#11616,#11729,.T.);
#11729 = LINE('',#11730,#11731);
#11730 = CARTESIAN_POINT('',(-0.965,-0.625,0.465));
#11731 = VECTOR('',#11732,1.);
#11732 = DIRECTION('',(1.,0.,0.));
#11733 = ORIENTED_EDGE('',*,*,#11641,.F.);
#11734 = ORIENTED_EDGE('',*,*,#11735,.T.);
#11735 = EDGE_CURVE('',#11634,#11736,#11738,.T.);
#11736 = VERTEX_POINT('',#11737);
#11737 = CARTESIAN_POINT('',(0.9125,-0.625,0.465));
#11738 = LINE('',#11739,#11740);
#11739 = CARTESIAN_POINT('',(-0.965,-0.625,0.465));
#11740 = VECTOR('',#11741,1.);
#11741 = DIRECTION('',(1.,0.,0.));
#11742 = ORIENTED_EDGE('',*,*,#11743,.T.);
#11743 = EDGE_CURVE('',#11736,#11744,#11746,.T.);
#11744 = VERTEX_POINT('',#11745);
#11745 = CARTESIAN_POINT('',(0.965,-0.625,0.465));
#11746 = LINE('',#11747,#11748);
#11747 = CARTESIAN_POINT('',(-0.965,-0.625,0.465));
#11748 = VECTOR('',#11749,1.);
#11749 = DIRECTION('',(1.,0.,0.));
#11750 = ORIENTED_EDGE('',*,*,#11751,.F.);
#11751 = EDGE_CURVE('',#11752,#11744,#11754,.T.);
#11752 = VERTEX_POINT('',#11753);
#11753 = CARTESIAN_POINT('',(0.965,-0.625,3.5E-02));
#11754 = LINE('',#11755,#11756);
#11755 = CARTESIAN_POINT('',(0.965,-0.625,3.5E-02));
#11756 = VECTOR('',#11757,1.);
#11757 = DIRECTION('',(0.,0.,1.));
#11758 = ORIENTED_EDGE('',*,*,#11759,.F.);
#11759 = EDGE_CURVE('',#11760,#11752,#11762,.T.);
#11760 = VERTEX_POINT('',#11761);
#11761 = CARTESIAN_POINT('',(0.9125,-0.625,3.5E-02));
#11762 = LINE('',#11763,#11764);
#11763 = CARTESIAN_POINT('',(-0.965,-0.625,3.5E-02));
#11764 = VECTOR('',#11765,1.);
#11765 = DIRECTION('',(1.,0.,0.));
#11766 = ORIENTED_EDGE('',*,*,#11767,.F.);
#11767 = EDGE_CURVE('',#11705,#11760,#11768,.T.);
#11768 = LINE('',#11769,#11770);
#11769 = CARTESIAN_POINT('',(-0.965,-0.625,3.5E-02));
#11770 = VECTOR('',#11771,1.);
#11771 = DIRECTION('',(1.,0.,0.));
#11772 = PLANE('',#11773);
#11773 = AXIS2_PLACEMENT_3D('',#11774,#11775,#11776);
#11774 = CARTESIAN_POINT('',(-0.965,-0.625,3.5E-02));
#11775 = DIRECTION('',(0.,1.,0.));
#11776 = DIRECTION('',(0.,-0.,1.));
#11777 = ADVANCED_FACE('',(#11778),#11796,.T.);
#11778 = FACE_BOUND('',#11779,.T.);
#11779 = EDGE_LOOP('',(#11780,#11781,#11782,#11790));
#11780 = ORIENTED_EDGE('',*,*,#11680,.T.);
#11781 = ORIENTED_EDGE('',*,*,#11625,.T.);
#11782 = ORIENTED_EDGE('',*,*,#11783,.F.);
#11783 = EDGE_CURVE('',#11784,#11626,#11786,.T.);
#11784 = VERTEX_POINT('',#11785);
#11785 = CARTESIAN_POINT('',(0.585,0.625,1.1));
#11786 = LINE('',#11787,#11788);
#11787 = CARTESIAN_POINT('',(0.585,0.625,1.1));
#11788 = VECTOR('',#11789,1.);
#11789 = DIRECTION('',(0.,-1.,0.));
#11790 = ORIENTED_EDGE('',*,*,#11791,.F.);
#11791 = EDGE_CURVE('',#11681,#11784,#11792,.T.);
#11792 = LINE('',#11793,#11794);
#11793 = CARTESIAN_POINT('',(-0.585,0.625,1.1));
#11794 = VECTOR('',#11795,1.);
#11795 = DIRECTION('',(1.,0.,0.));
#11796 = PLANE('',#11797);
#11797 = AXIS2_PLACEMENT_3D('',#11798,#11799,#11800);
#11798 = CARTESIAN_POINT('',(-0.585,0.625,1.1));
#11799 = DIRECTION('',(0.,0.,1.));
#11800 = DIRECTION('',(1.,0.,-0.));
#11801 = ADVANCED_FACE('',(#11802),#11836,.T.);
#11802 = FACE_BOUND('',#11803,.T.);
#11803 = EDGE_LOOP('',(#11804,#11805,#11806,#11814,#11822,#11830));
#11804 = ORIENTED_EDGE('',*,*,#11783,.T.);
#11805 = ORIENTED_EDGE('',*,*,#11633,.T.);
#11806 = ORIENTED_EDGE('',*,*,#11807,.F.);
#11807 = EDGE_CURVE('',#11808,#11634,#11810,.T.);
#11808 = VERTEX_POINT('',#11809);
#11809 = CARTESIAN_POINT('',(0.65,-0.46875,0.465));
#11810 = LINE('',#11811,#11812);
#11811 = CARTESIAN_POINT('',(0.65,0.625,0.465));
#11812 = VECTOR('',#11813,1.);
#11813 = DIRECTION('',(0.,-1.,0.));
#11814 = ORIENTED_EDGE('',*,*,#11815,.F.);
#11815 = EDGE_CURVE('',#11816,#11808,#11818,.T.);
#11816 = VERTEX_POINT('',#11817);
#11817 = CARTESIAN_POINT('',(0.65,0.46875,0.465));
#11818 = LINE('',#11819,#11820);
#11819 = CARTESIAN_POINT('',(0.65,0.625,0.465));
#11820 = VECTOR('',#11821,1.);
#11821 = DIRECTION('',(0.,-1.,0.));
#11822 = ORIENTED_EDGE('',*,*,#11823,.F.);
#11823 = EDGE_CURVE('',#11824,#11816,#11826,.T.);
#11824 = VERTEX_POINT('',#11825);
#11825 = CARTESIAN_POINT('',(0.65,0.625,0.465));
#11826 = LINE('',#11827,#11828);
#11827 = CARTESIAN_POINT('',(0.65,0.625,0.465));
#11828 = VECTOR('',#11829,1.);
#11829 = DIRECTION('',(0.,-1.,0.));
#11830 = ORIENTED_EDGE('',*,*,#11831,.F.);
#11831 = EDGE_CURVE('',#11784,#11824,#11832,.T.);
#11832 = LINE('',#11833,#11834);
#11833 = CARTESIAN_POINT('',(0.585,0.625,1.1));
#11834 = VECTOR('',#11835,1.);
#11835 = DIRECTION('',(0.101830105936,0.,-0.994801804142));
#11836 = PLANE('',#11837);
#11837 = AXIS2_PLACEMENT_3D('',#11838,#11839,#11840);
#11838 = CARTESIAN_POINT('',(0.585,0.625,1.1));
#11839 = DIRECTION('',(0.994801804142,0.,0.101830105936));
#11840 = DIRECTION('',(0.101830105936,0.,-0.994801804142));
#11841 = ADVANCED_FACE('',(#11842),#11867,.T.);
#11842 = FACE_BOUND('',#11843,.T.);
#11843 = EDGE_LOOP('',(#11844,#11852,#11860,#11866));
#11844 = ORIENTED_EDGE('',*,*,#11845,.F.);
#11845 = EDGE_CURVE('',#11846,#11656,#11848,.T.);
#11846 = VERTEX_POINT('',#11847);
#11847 = CARTESIAN_POINT('',(-0.9125,0.625,0.465));
#11848 = LINE('',#11849,#11850);
#11849 = CARTESIAN_POINT('',(-0.965,0.625,0.465));
#11850 = VECTOR('',#11851,1.);
#11851 = DIRECTION('',(1.,0.,0.));
#11852 = ORIENTED_EDGE('',*,*,#11853,.F.);
#11853 = EDGE_CURVE('',#11854,#11846,#11856,.T.);
#11854 = VERTEX_POINT('',#11855);
#11855 = CARTESIAN_POINT('',(-0.9125,0.46875,0.465));
#11856 = LINE('',#11857,#11858);
#11857 = CARTESIAN_POINT('',(-0.9125,7.8125E-02,0.465));
#11858 = VECTOR('',#11859,1.);
#11859 = DIRECTION('',(0.,1.,0.));
#11860 = ORIENTED_EDGE('',*,*,#11861,.F.);
#11861 = EDGE_CURVE('',#11658,#11854,#11862,.T.);
#11862 = LINE('',#11863,#11864);
#11863 = CARTESIAN_POINT('',(-0.93875,0.46875,0.465));
#11864 = VECTOR('',#11865,1.);
#11865 = DIRECTION('',(-1.,0.,0.));
#11866 = ORIENTED_EDGE('',*,*,#11655,.F.);
#11867 = PLANE('',#11868);
#11868 = AXIS2_PLACEMENT_3D('',#11869,#11870,#11871);
#11869 = CARTESIAN_POINT('',(-0.965,-0.625,0.465));
#11870 = DIRECTION('',(0.,0.,1.));
#11871 = DIRECTION('',(1.,0.,-0.));
#11872 = ADVANCED_FACE('',(#11873),#11884,.T.);
#11873 = FACE_BOUND('',#11874,.T.);
#11874 = EDGE_LOOP('',(#11875,#11876,#11877,#11878));
#11875 = ORIENTED_EDGE('',*,*,#11688,.T.);
#11876 = ORIENTED_EDGE('',*,*,#11791,.T.);
#11877 = ORIENTED_EDGE('',*,*,#11831,.T.);
#11878 = ORIENTED_EDGE('',*,*,#11879,.T.);
#11879 = EDGE_CURVE('',#11824,#11656,#11880,.T.);
#11880 = LINE('',#11881,#11882);
#11881 = CARTESIAN_POINT('',(0.65,0.625,0.465));
#11882 = VECTOR('',#11883,1.);
#11883 = DIRECTION('',(-1.,0.,-4.270088556251E-17));
#11884 = PLANE('',#11885);
#11885 = AXIS2_PLACEMENT_3D('',#11886,#11887,#11888);
#11886 = CARTESIAN_POINT('',(1.481626402817E-17,0.625,0.771483451357));
#11887 = DIRECTION('',(-5.57234551408E-33,1.,3.18580557984E-32));
#11888 = DIRECTION('',(0.,-3.18580557984E-32,1.));
#11889 = ADVANCED_FACE('',(#11890),#11917,.T.);
#11890 = FACE_BOUND('',#11891,.T.);
#11891 = EDGE_LOOP('',(#11892,#11901,#11909,#11916));
#11892 = ORIENTED_EDGE('',*,*,#11893,.F.);
#11893 = EDGE_CURVE('',#11894,#11658,#11896,.T.);
#11894 = VERTEX_POINT('',#11895);
#11895 = CARTESIAN_POINT('',(-0.685,0.46875,0.5));
#11896 = CIRCLE('',#11897,3.5E-02);
#11897 = AXIS2_PLACEMENT_3D('',#11898,#11899,#11900);
#11898 = CARTESIAN_POINT('',(-0.685,0.46875,0.465));
#11899 = DIRECTION('',(-0.,1.,0.));
#11900 = DIRECTION('',(1.,0.,0.));
#11901 = ORIENTED_EDGE('',*,*,#11902,.F.);
#11902 = EDGE_CURVE('',#11903,#11894,#11905,.T.);
#11903 = VERTEX_POINT('',#11904);
#11904 = CARTESIAN_POINT('',(-0.685,-0.46875,0.5));
#11905 = LINE('',#11906,#11907);
#11906 = CARTESIAN_POINT('',(-0.685,-0.625,0.5));
#11907 = VECTOR('',#11908,1.);
#11908 = DIRECTION('',(0.,1.,0.));
#11909 = ORIENTED_EDGE('',*,*,#11910,.T.);
#11910 = EDGE_CURVE('',#11903,#11666,#11911,.T.);
#11911 = CIRCLE('',#11912,3.5E-02);
#11912 = AXIS2_PLACEMENT_3D('',#11913,#11914,#11915);
#11913 = CARTESIAN_POINT('',(-0.685,-0.46875,0.465));
#11914 = DIRECTION('',(-0.,1.,0.));
#11915 = DIRECTION('',(1.,0.,0.));
#11916 = ORIENTED_EDGE('',*,*,#11665,.T.);
#11917 = CYLINDRICAL_SURFACE('',#11918,3.5E-02);
#11918 = AXIS2_PLACEMENT_3D('',#11919,#11920,#11921);
#11919 = CARTESIAN_POINT('',(-0.685,-0.625,0.465));
#11920 = DIRECTION('',(0.,1.,0.));
#11921 = DIRECTION('',(1.,0.,0.));
#11922 = ADVANCED_FACE('',(#11923),#11941,.T.);
#11923 = FACE_BOUND('',#11924,.T.);
#11924 = EDGE_LOOP('',(#11925,#11933,#11934,#11935));
#11925 = ORIENTED_EDGE('',*,*,#11926,.F.);
#11926 = EDGE_CURVE('',#11721,#11927,#11929,.T.);
#11927 = VERTEX_POINT('',#11928);
#11928 = CARTESIAN_POINT('',(-0.9125,-0.46875,0.465));
#11929 = LINE('',#11930,#11931);
#11930 = CARTESIAN_POINT('',(-0.9125,-0.546875,0.465));
#11931 = VECTOR('',#11932,1.);
#11932 = DIRECTION('',(0.,1.,0.));
#11933 = ORIENTED_EDGE('',*,*,#11728,.T.);
#11934 = ORIENTED_EDGE('',*,*,#11673,.F.);
#11935 = ORIENTED_EDGE('',*,*,#11936,.F.);
#11936 = EDGE_CURVE('',#11927,#11666,#11937,.T.);
#11937 = LINE('',#11938,#11939);
#11938 = CARTESIAN_POINT('',(-2.625E-02,-0.46875,0.465));
#11939 = VECTOR('',#11940,1.);
#11940 = DIRECTION('',(1.,0.,0.));
#11941 = PLANE('',#11942);
#11942 = AXIS2_PLACEMENT_3D('',#11943,#11944,#11945);
#11943 = CARTESIAN_POINT('',(-0.965,-0.625,0.465));
#11944 = DIRECTION('',(0.,0.,1.));
#11945 = DIRECTION('',(1.,0.,-0.));
#11946 = ADVANCED_FACE('',(#11947),#12008,.F.);
#11947 = FACE_BOUND('',#11948,.F.);
#11948 = EDGE_LOOP('',(#11949,#11959,#11968,#11976,#11985,#11993,#11999,
    #12000,#12001,#12002));
#11949 = ORIENTED_EDGE('',*,*,#11950,.F.);
#11950 = EDGE_CURVE('',#11951,#11953,#11955,.T.);
#11951 = VERTEX_POINT('',#11952);
#11952 = CARTESIAN_POINT('',(-0.965,-0.625,-6.938893903907E-18));
#11953 = VERTEX_POINT('',#11954);
#11954 = CARTESIAN_POINT('',(-0.9125,-0.625,0.));
#11955 = LINE('',#11956,#11957);
#11956 = CARTESIAN_POINT('',(-1.,-0.625,0.));
#11957 = VECTOR('',#11958,1.);
#11958 = DIRECTION('',(1.,0.,0.));
#11959 = ORIENTED_EDGE('',*,*,#11960,.F.);
#11960 = EDGE_CURVE('',#11961,#11951,#11963,.T.);
#11961 = VERTEX_POINT('',#11962);
#11962 = CARTESIAN_POINT('',(-1.,-0.625,3.5E-02));
#11963 = CIRCLE('',#11964,3.5E-02);
#11964 = AXIS2_PLACEMENT_3D('',#11965,#11966,#11967);
#11965 = CARTESIAN_POINT('',(-0.965,-0.625,3.5E-02));
#11966 = DIRECTION('',(0.,-1.,0.));
#11967 = DIRECTION('',(0.,0.,1.));
#11968 = ORIENTED_EDGE('',*,*,#11969,.T.);
#11969 = EDGE_CURVE('',#11961,#11970,#11972,.T.);
#11970 = VERTEX_POINT('',#11971);
#11971 = CARTESIAN_POINT('',(-1.,-0.625,0.465));
#11972 = LINE('',#11973,#11974);
#11973 = CARTESIAN_POINT('',(-1.,-0.625,0.));
#11974 = VECTOR('',#11975,1.);
#11975 = DIRECTION('',(0.,0.,1.));
#11976 = ORIENTED_EDGE('',*,*,#11977,.T.);
#11977 = EDGE_CURVE('',#11970,#11978,#11980,.T.);
#11978 = VERTEX_POINT('',#11979);
#11979 = CARTESIAN_POINT('',(-0.965,-0.625,0.5));
#11980 = CIRCLE('',#11981,3.5E-02);
#11981 = AXIS2_PLACEMENT_3D('',#11982,#11983,#11984);
#11982 = CARTESIAN_POINT('',(-0.965,-0.625,0.465));
#11983 = DIRECTION('',(0.,1.,0.));
#11984 = DIRECTION('',(0.,-0.,1.));
#11985 = ORIENTED_EDGE('',*,*,#11986,.T.);
#11986 = EDGE_CURVE('',#11978,#11987,#11989,.T.);
#11987 = VERTEX_POINT('',#11988);
#11988 = CARTESIAN_POINT('',(-0.9125,-0.625,0.5));
#11989 = LINE('',#11990,#11991);
#11990 = CARTESIAN_POINT('',(-1.,-0.625,0.5));
#11991 = VECTOR('',#11992,1.);
#11992 = DIRECTION('',(1.,0.,0.));
#11993 = ORIENTED_EDGE('',*,*,#11994,.F.);
#11994 = EDGE_CURVE('',#11721,#11987,#11995,.T.);
#11995 = LINE('',#11996,#11997);
#11996 = CARTESIAN_POINT('',(-0.9125,-0.625,0.375));
#11997 = VECTOR('',#11998,1.);
#11998 = DIRECTION('',(0.,0.,1.));
#11999 = ORIENTED_EDGE('',*,*,#11720,.F.);
#12000 = ORIENTED_EDGE('',*,*,#11712,.F.);
#12001 = ORIENTED_EDGE('',*,*,#11702,.T.);
#12002 = ORIENTED_EDGE('',*,*,#12003,.F.);
#12003 = EDGE_CURVE('',#11953,#11705,#12004,.T.);
#12004 = LINE('',#12005,#12006);
#12005 = CARTESIAN_POINT('',(-0.9125,-0.625,0.375));
#12006 = VECTOR('',#12007,1.);
#12007 = DIRECTION('',(0.,0.,1.));
#12008 = PLANE('',#12009);
#12009 = AXIS2_PLACEMENT_3D('',#12010,#12011,#12012);
#12010 = CARTESIAN_POINT('',(-1.,-0.625,0.));
#12011 = DIRECTION('',(0.,1.,0.));
#12012 = DIRECTION('',(0.,-0.,1.));
#12013 = ADVANCED_FACE('',(#12014,#12103),#12129,.F.);
#12014 = FACE_BOUND('',#12015,.F.);
#12015 = EDGE_LOOP('',(#12016,#12024,#12025,#12033,#12041,#12049,#12057,
    #12065,#12073,#12081,#12089,#12097));
#12016 = ORIENTED_EDGE('',*,*,#12017,.F.);
#12017 = EDGE_CURVE('',#11705,#12018,#12020,.T.);
#12018 = VERTEX_POINT('',#12019);
#12019 = CARTESIAN_POINT('',(-0.9125,-0.46875,3.5E-02));
#12020 = LINE('',#12021,#12022);
#12021 = CARTESIAN_POINT('',(-0.9125,-0.546875,3.5E-02));
#12022 = VECTOR('',#12023,1.);
#12023 = DIRECTION('',(0.,1.,0.));
#12024 = ORIENTED_EDGE('',*,*,#11767,.T.);
#12025 = ORIENTED_EDGE('',*,*,#12026,.F.);
#12026 = EDGE_CURVE('',#12027,#11760,#12029,.T.);
#12027 = VERTEX_POINT('',#12028);
#12028 = CARTESIAN_POINT('',(0.9125,-0.46875,3.5E-02));
#12029 = LINE('',#12030,#12031);
#12030 = CARTESIAN_POINT('',(0.9125,-0.703125,3.5E-02));
#12031 = VECTOR('',#12032,1.);
#12032 = DIRECTION('',(0.,-1.,0.));
#12033 = ORIENTED_EDGE('',*,*,#12034,.F.);
#12034 = EDGE_CURVE('',#12035,#12027,#12037,.T.);
#12035 = VERTEX_POINT('',#12036);
#12036 = CARTESIAN_POINT('',(0.65,-0.46875,3.5E-02));
#12037 = LINE('',#12038,#12039);
#12038 = CARTESIAN_POINT('',(-2.625E-02,-0.46875,3.5E-02));
#12039 = VECTOR('',#12040,1.);
#12040 = DIRECTION('',(1.,0.,0.));
#12041 = ORIENTED_EDGE('',*,*,#12042,.T.);
#12042 = EDGE_CURVE('',#12035,#12043,#12045,.T.);
#12043 = VERTEX_POINT('',#12044);
#12044 = CARTESIAN_POINT('',(0.65,0.46875,3.5E-02));
#12045 = LINE('',#12046,#12047);
#12046 = CARTESIAN_POINT('',(0.65,-0.625,3.5E-02));
#12047 = VECTOR('',#12048,1.);
#12048 = DIRECTION('',(0.,1.,0.));
#12049 = ORIENTED_EDGE('',*,*,#12050,.F.);
#12050 = EDGE_CURVE('',#12051,#12043,#12053,.T.);
#12051 = VERTEX_POINT('',#12052);
#12052 = CARTESIAN_POINT('',(0.9125,0.46875,3.5E-02));
#12053 = LINE('',#12054,#12055);
#12054 = CARTESIAN_POINT('',(-0.93875,0.46875,3.5E-02));
#12055 = VECTOR('',#12056,1.);
#12056 = DIRECTION('',(-1.,0.,0.));
#12057 = ORIENTED_EDGE('',*,*,#12058,.F.);
#12058 = EDGE_CURVE('',#12059,#12051,#12061,.T.);
#12059 = VERTEX_POINT('',#12060);
#12060 = CARTESIAN_POINT('',(0.9125,0.625,3.5E-02));
#12061 = LINE('',#12062,#12063);
#12062 = CARTESIAN_POINT('',(0.9125,-7.8125E-02,3.5E-02));
#12063 = VECTOR('',#12064,1.);
#12064 = DIRECTION('',(0.,-1.,0.));
#12065 = ORIENTED_EDGE('',*,*,#12066,.F.);
#12066 = EDGE_CURVE('',#12067,#12059,#12069,.T.);
#12067 = VERTEX_POINT('',#12068);
#12068 = CARTESIAN_POINT('',(-0.9125,0.625,3.5E-02));
#12069 = LINE('',#12070,#12071);
#12070 = CARTESIAN_POINT('',(-0.965,0.625,3.5E-02));
#12071 = VECTOR('',#12072,1.);
#12072 = DIRECTION('',(1.,0.,0.));
#12073 = ORIENTED_EDGE('',*,*,#12074,.F.);
#12074 = EDGE_CURVE('',#12075,#12067,#12077,.T.);
#12075 = VERTEX_POINT('',#12076);
#12076 = CARTESIAN_POINT('',(-0.9125,0.46875,3.5E-02));
#12077 = LINE('',#12078,#12079);
#12078 = CARTESIAN_POINT('',(-0.9125,7.8125E-02,3.5E-02));
#12079 = VECTOR('',#12080,1.);
#12080 = DIRECTION('',(0.,1.,0.));
#12081 = ORIENTED_EDGE('',*,*,#12082,.F.);
#12082 = EDGE_CURVE('',#12083,#12075,#12085,.T.);
#12083 = VERTEX_POINT('',#12084);
#12084 = CARTESIAN_POINT('',(-0.65,0.46875,3.5E-02));
#12085 = LINE('',#12086,#12087);
#12086 = CARTESIAN_POINT('',(-0.93875,0.46875,3.5E-02));
#12087 = VECTOR('',#12088,1.);
#12088 = DIRECTION('',(-1.,0.,0.));
#12089 = ORIENTED_EDGE('',*,*,#12090,.F.);
#12090 = EDGE_CURVE('',#12091,#12083,#12093,.T.);
#12091 = VERTEX_POINT('',#12092);
#12092 = CARTESIAN_POINT('',(-0.65,-0.46875,3.5E-02));
#12093 = LINE('',#12094,#12095);
#12094 = CARTESIAN_POINT('',(-0.65,-0.625,3.5E-02));
#12095 = VECTOR('',#12096,1.);
#12096 = DIRECTION('',(0.,1.,0.));
#12097 = ORIENTED_EDGE('',*,*,#12098,.F.);
#12098 = EDGE_CURVE('',#12018,#12091,#12099,.T.);
#12099 = LINE('',#12100,#12101);
#12100 = CARTESIAN_POINT('',(-2.625E-02,-0.46875,3.5E-02));
#12101 = VECTOR('',#12102,1.);
#12102 = DIRECTION('',(1.,0.,0.));
#12103 = FACE_BOUND('',#12104,.F.);
#12104 = EDGE_LOOP('',(#12105,#12115,#12123));
#12105 = ORIENTED_EDGE('',*,*,#12106,.T.);
#12106 = EDGE_CURVE('',#12107,#12109,#12111,.T.);
#12107 = VERTEX_POINT('',#12108);
#12108 = CARTESIAN_POINT('',(0.433012701892,0.5,3.5E-02));
#12109 = VERTEX_POINT('',#12110);
#12110 = CARTESIAN_POINT('',(0.433012701892,-0.5,3.5E-02));
#12111 = LINE('',#12112,#12113);
#12112 = CARTESIAN_POINT('',(0.433012701892,0.5,3.5E-02));
#12113 = VECTOR('',#12114,1.);
#12114 = DIRECTION('',(0.,-1.,0.));
#12115 = ORIENTED_EDGE('',*,*,#12116,.T.);
#12116 = EDGE_CURVE('',#12109,#12117,#12119,.T.);
#12117 = VERTEX_POINT('',#12118);
#12118 = CARTESIAN_POINT('',(-0.433012701892,0.,3.5E-02));
#12119 = LINE('',#12120,#12121);
#12120 = CARTESIAN_POINT('',(0.433012701892,-0.5,3.5E-02));
#12121 = VECTOR('',#12122,1.);
#12122 = DIRECTION('',(-0.866025403784,0.5,0.));
#12123 = ORIENTED_EDGE('',*,*,#12124,.T.);
#12124 = EDGE_CURVE('',#12117,#12107,#12125,.T.);
#12125 = LINE('',#12126,#12127);
#12126 = CARTESIAN_POINT('',(-0.433012701892,0.,3.5E-02));
#12127 = VECTOR('',#12128,1.);
#12128 = DIRECTION('',(0.866025403784,0.5,0.));
#12129 = PLANE('',#12130);
#12130 = AXIS2_PLACEMENT_3D('',#12131,#12132,#12133);
#12131 = CARTESIAN_POINT('',(-0.965,-0.625,3.5E-02));
#12132 = DIRECTION('',(0.,0.,1.));
#12133 = DIRECTION('',(1.,0.,-0.));
#12134 = ADVANCED_FACE('',(#12135),#12196,.F.);
#12135 = FACE_BOUND('',#12136,.F.);
#12136 = EDGE_LOOP('',(#12137,#12147,#12153,#12154,#12155,#12156,#12164,
    #12172,#12181,#12189));
#12137 = ORIENTED_EDGE('',*,*,#12138,.F.);
#12138 = EDGE_CURVE('',#12139,#12141,#12143,.T.);
#12139 = VERTEX_POINT('',#12140);
#12140 = CARTESIAN_POINT('',(0.9125,-0.625,0.));
#12141 = VERTEX_POINT('',#12142);
#12142 = CARTESIAN_POINT('',(0.965,-0.625,-6.938893903907E-18));
#12143 = LINE('',#12144,#12145);
#12144 = CARTESIAN_POINT('',(0.65,-0.625,0.));
#12145 = VECTOR('',#12146,1.);
#12146 = DIRECTION('',(1.,0.,0.));
#12147 = ORIENTED_EDGE('',*,*,#12148,.F.);
#12148 = EDGE_CURVE('',#11760,#12139,#12149,.T.);
#12149 = LINE('',#12150,#12151);
#12150 = CARTESIAN_POINT('',(0.9125,-0.625,0.375));
#12151 = VECTOR('',#12152,1.);
#12152 = DIRECTION('',(0.,0.,-1.));
#12153 = ORIENTED_EDGE('',*,*,#11759,.T.);
#12154 = ORIENTED_EDGE('',*,*,#11751,.T.);
#12155 = ORIENTED_EDGE('',*,*,#11743,.F.);
#12156 = ORIENTED_EDGE('',*,*,#12157,.F.);
#12157 = EDGE_CURVE('',#12158,#11736,#12160,.T.);
#12158 = VERTEX_POINT('',#12159);
#12159 = CARTESIAN_POINT('',(0.9125,-0.625,0.5));
#12160 = LINE('',#12161,#12162);
#12161 = CARTESIAN_POINT('',(0.9125,-0.625,0.375));
#12162 = VECTOR('',#12163,1.);
#12163 = DIRECTION('',(0.,0.,-1.));
#12164 = ORIENTED_EDGE('',*,*,#12165,.T.);
#12165 = EDGE_CURVE('',#12158,#12166,#12168,.T.);
#12166 = VERTEX_POINT('',#12167);
#12167 = CARTESIAN_POINT('',(0.965,-0.625,0.5));
#12168 = LINE('',#12169,#12170);
#12169 = CARTESIAN_POINT('',(0.65,-0.625,0.5));
#12170 = VECTOR('',#12171,1.);
#12171 = DIRECTION('',(1.,0.,0.));
#12172 = ORIENTED_EDGE('',*,*,#12173,.F.);
#12173 = EDGE_CURVE('',#12174,#12166,#12176,.T.);
#12174 = VERTEX_POINT('',#12175);
#12175 = CARTESIAN_POINT('',(1.,-0.625,0.465));
#12176 = CIRCLE('',#12177,3.5E-02);
#12177 = AXIS2_PLACEMENT_3D('',#12178,#12179,#12180);
#12178 = CARTESIAN_POINT('',(0.965,-0.625,0.465));
#12179 = DIRECTION('',(0.,-1.,0.));
#12180 = DIRECTION('',(0.,0.,1.));
#12181 = ORIENTED_EDGE('',*,*,#12182,.F.);
#12182 = EDGE_CURVE('',#12183,#12174,#12185,.T.);
#12183 = VERTEX_POINT('',#12184);
#12184 = CARTESIAN_POINT('',(1.,-0.625,3.5E-02));
#12185 = LINE('',#12186,#12187);
#12186 = CARTESIAN_POINT('',(1.,-0.625,0.));
#12187 = VECTOR('',#12188,1.);
#12188 = DIRECTION('',(0.,0.,1.));
#12189 = ORIENTED_EDGE('',*,*,#12190,.T.);
#12190 = EDGE_CURVE('',#12183,#12141,#12191,.T.);
#12191 = CIRCLE('',#12192,3.5E-02);
#12192 = AXIS2_PLACEMENT_3D('',#12193,#12194,#12195);
#12193 = CARTESIAN_POINT('',(0.965,-0.625,3.5E-02));
#12194 = DIRECTION('',(0.,1.,0.));
#12195 = DIRECTION('',(0.,-0.,1.));
#12196 = PLANE('',#12197);
#12197 = AXIS2_PLACEMENT_3D('',#12198,#12199,#12200);
#12198 = CARTESIAN_POINT('',(0.65,-0.625,0.));
#12199 = DIRECTION('',(0.,1.,0.));
#12200 = DIRECTION('',(0.,-0.,1.));
#12201 = ADVANCED_FACE('',(#12202),#12220,.T.);
#12202 = FACE_BOUND('',#12203,.T.);
#12203 = EDGE_LOOP('',(#12204,#12212,#12213,#12214));
#12204 = ORIENTED_EDGE('',*,*,#12205,.F.);
#12205 = EDGE_CURVE('',#11808,#12206,#12208,.T.);
#12206 = VERTEX_POINT('',#12207);
#12207 = CARTESIAN_POINT('',(0.9125,-0.46875,0.465));
#12208 = LINE('',#12209,#12210);
#12209 = CARTESIAN_POINT('',(-2.625E-02,-0.46875,0.465));
#12210 = VECTOR('',#12211,1.);
#12211 = DIRECTION('',(1.,0.,0.));
#12212 = ORIENTED_EDGE('',*,*,#11807,.T.);
#12213 = ORIENTED_EDGE('',*,*,#11735,.T.);
#12214 = ORIENTED_EDGE('',*,*,#12215,.F.);
#12215 = EDGE_CURVE('',#12206,#11736,#12216,.T.);
#12216 = LINE('',#12217,#12218);
#12217 = CARTESIAN_POINT('',(0.9125,-0.703125,0.465));
#12218 = VECTOR('',#12219,1.);
#12219 = DIRECTION('',(0.,-1.,0.));
#12220 = PLANE('',#12221);
#12221 = AXIS2_PLACEMENT_3D('',#12222,#12223,#12224);
#12222 = CARTESIAN_POINT('',(-0.965,-0.625,0.465));
#12223 = DIRECTION('',(0.,0.,1.));
#12224 = DIRECTION('',(1.,0.,-0.));
#12225 = ADVANCED_FACE('',(#12226),#12251,.T.);
#12226 = FACE_BOUND('',#12227,.T.);
#12227 = EDGE_LOOP('',(#12228,#12236,#12237,#12245));
#12228 = ORIENTED_EDGE('',*,*,#12229,.F.);
#12229 = EDGE_CURVE('',#11824,#12230,#12232,.T.);
#12230 = VERTEX_POINT('',#12231);
#12231 = CARTESIAN_POINT('',(0.9125,0.625,0.465));
#12232 = LINE('',#12233,#12234);
#12233 = CARTESIAN_POINT('',(-0.965,0.625,0.465));
#12234 = VECTOR('',#12235,1.);
#12235 = DIRECTION('',(1.,0.,0.));
#12236 = ORIENTED_EDGE('',*,*,#11823,.T.);
#12237 = ORIENTED_EDGE('',*,*,#12238,.F.);
#12238 = EDGE_CURVE('',#12239,#11816,#12241,.T.);
#12239 = VERTEX_POINT('',#12240);
#12240 = CARTESIAN_POINT('',(0.9125,0.46875,0.465));
#12241 = LINE('',#12242,#12243);
#12242 = CARTESIAN_POINT('',(-0.93875,0.46875,0.465));
#12243 = VECTOR('',#12244,1.);
#12244 = DIRECTION('',(-1.,0.,0.));
#12245 = ORIENTED_EDGE('',*,*,#12246,.F.);
#12246 = EDGE_CURVE('',#12230,#12239,#12247,.T.);
#12247 = LINE('',#12248,#12249);
#12248 = CARTESIAN_POINT('',(0.9125,-7.8125E-02,0.465));
#12249 = VECTOR('',#12250,1.);
#12250 = DIRECTION('',(0.,-1.,0.));
#12251 = PLANE('',#12252);
#12252 = AXIS2_PLACEMENT_3D('',#12253,#12254,#12255);
#12253 = CARTESIAN_POINT('',(-0.965,-0.625,0.465));
#12254 = DIRECTION('',(0.,0.,1.));
#12255 = DIRECTION('',(1.,0.,-0.));
#12256 = ADVANCED_FACE('',(#12257),#12284,.T.);
#12257 = FACE_BOUND('',#12258,.T.);
#12258 = EDGE_LOOP('',(#12259,#12260,#12269,#12277));
#12259 = ORIENTED_EDGE('',*,*,#11815,.T.);
#12260 = ORIENTED_EDGE('',*,*,#12261,.T.);
#12261 = EDGE_CURVE('',#11808,#12262,#12264,.T.);
#12262 = VERTEX_POINT('',#12263);
#12263 = CARTESIAN_POINT('',(0.685,-0.46875,0.5));
#12264 = CIRCLE('',#12265,3.5E-02);
#12265 = AXIS2_PLACEMENT_3D('',#12266,#12267,#12268);
#12266 = CARTESIAN_POINT('',(0.685,-0.46875,0.465));
#12267 = DIRECTION('',(0.,1.,-0.));
#12268 = DIRECTION('',(-1.,0.,0.));
#12269 = ORIENTED_EDGE('',*,*,#12270,.T.);
#12270 = EDGE_CURVE('',#12262,#12271,#12273,.T.);
#12271 = VERTEX_POINT('',#12272);
#12272 = CARTESIAN_POINT('',(0.685,0.46875,0.5));
#12273 = LINE('',#12274,#12275);
#12274 = CARTESIAN_POINT('',(0.685,-0.625,0.5));
#12275 = VECTOR('',#12276,1.);
#12276 = DIRECTION('',(0.,1.,0.));
#12277 = ORIENTED_EDGE('',*,*,#12278,.F.);
#12278 = EDGE_CURVE('',#11816,#12271,#12279,.T.);
#12279 = CIRCLE('',#12280,3.5E-02);
#12280 = AXIS2_PLACEMENT_3D('',#12281,#12282,#12283);
#12281 = CARTESIAN_POINT('',(0.685,0.46875,0.465));
#12282 = DIRECTION('',(0.,1.,-0.));
#12283 = DIRECTION('',(-1.,0.,0.));
#12284 = CYLINDRICAL_SURFACE('',#12285,3.5E-02);
#12285 = AXIS2_PLACEMENT_3D('',#12286,#12287,#12288);
#12286 = CARTESIAN_POINT('',(0.685,-0.625,0.465));
#12287 = DIRECTION('',(0.,1.,0.));
#12288 = DIRECTION('',(-1.,0.,0.));
#12289 = ADVANCED_FACE('',(#12290),#12340,.T.);
#12290 = FACE_BOUND('',#12291,.T.);
#12291 = EDGE_LOOP('',(#12292,#12300,#12308,#12314,#12315,#12316,#12317,
    #12325,#12333,#12339));
#12292 = ORIENTED_EDGE('',*,*,#12293,.F.);
#12293 = EDGE_CURVE('',#12294,#12067,#12296,.T.);
#12294 = VERTEX_POINT('',#12295);
#12295 = CARTESIAN_POINT('',(-0.965,0.625,3.5E-02));
#12296 = LINE('',#12297,#12298);
#12297 = CARTESIAN_POINT('',(-0.965,0.625,3.5E-02));
#12298 = VECTOR('',#12299,1.);
#12299 = DIRECTION('',(1.,0.,0.));
#12300 = ORIENTED_EDGE('',*,*,#12301,.T.);
#12301 = EDGE_CURVE('',#12294,#12302,#12304,.T.);
#12302 = VERTEX_POINT('',#12303);
#12303 = CARTESIAN_POINT('',(-0.965,0.625,0.465));
#12304 = LINE('',#12305,#12306);
#12305 = CARTESIAN_POINT('',(-0.965,0.625,3.5E-02));
#12306 = VECTOR('',#12307,1.);
#12307 = DIRECTION('',(0.,0.,1.));
#12308 = ORIENTED_EDGE('',*,*,#12309,.T.);
#12309 = EDGE_CURVE('',#12302,#11846,#12310,.T.);
#12310 = LINE('',#12311,#12312);
#12311 = CARTESIAN_POINT('',(-0.965,0.625,0.465));
#12312 = VECTOR('',#12313,1.);
#12313 = DIRECTION('',(1.,0.,0.));
#12314 = ORIENTED_EDGE('',*,*,#11845,.T.);
#12315 = ORIENTED_EDGE('',*,*,#11879,.F.);
#12316 = ORIENTED_EDGE('',*,*,#12229,.T.);
#12317 = ORIENTED_EDGE('',*,*,#12318,.T.);
#12318 = EDGE_CURVE('',#12230,#12319,#12321,.T.);
#12319 = VERTEX_POINT('',#12320);
#12320 = CARTESIAN_POINT('',(0.965,0.625,0.465));
#12321 = LINE('',#12322,#12323);
#12322 = CARTESIAN_POINT('',(-0.965,0.625,0.465));
#12323 = VECTOR('',#12324,1.);
#12324 = DIRECTION('',(1.,0.,0.));
#12325 = ORIENTED_EDGE('',*,*,#12326,.F.);
#12326 = EDGE_CURVE('',#12327,#12319,#12329,.T.);
#12327 = VERTEX_POINT('',#12328);
#12328 = CARTESIAN_POINT('',(0.965,0.625,3.5E-02));
#12329 = LINE('',#12330,#12331);
#12330 = CARTESIAN_POINT('',(0.965,0.625,3.5E-02));
#12331 = VECTOR('',#12332,1.);
#12332 = DIRECTION('',(0.,0.,1.));
#12333 = ORIENTED_EDGE('',*,*,#12334,.F.);
#12334 = EDGE_CURVE('',#12059,#12327,#12335,.T.);
#12335 = LINE('',#12336,#12337);
#12336 = CARTESIAN_POINT('',(-0.965,0.625,3.5E-02));
#12337 = VECTOR('',#12338,1.);
#12338 = DIRECTION('',(1.,0.,0.));
#12339 = ORIENTED_EDGE('',*,*,#12066,.F.);
#12340 = PLANE('',#12341);
#12341 = AXIS2_PLACEMENT_3D('',#12342,#12343,#12344);
#12342 = CARTESIAN_POINT('',(-0.965,0.625,3.5E-02));
#12343 = DIRECTION('',(0.,1.,0.));
#12344 = DIRECTION('',(0.,-0.,1.));
#12345 = ADVANCED_FACE('',(#12346),#12364,.F.);
#12346 = FACE_BOUND('',#12347,.F.);
#12347 = EDGE_LOOP('',(#12348,#12356,#12362,#12363));
#12348 = ORIENTED_EDGE('',*,*,#12349,.F.);
#12349 = EDGE_CURVE('',#12350,#11894,#12352,.T.);
#12350 = VERTEX_POINT('',#12351);
#12351 = CARTESIAN_POINT('',(-0.9125,0.46875,0.5));
#12352 = LINE('',#12353,#12354);
#12353 = CARTESIAN_POINT('',(-0.95625,0.46875,0.5));
#12354 = VECTOR('',#12355,1.);
#12355 = DIRECTION('',(1.,0.,0.));
#12356 = ORIENTED_EDGE('',*,*,#12357,.T.);
#12357 = EDGE_CURVE('',#12350,#11854,#12358,.T.);
#12358 = LINE('',#12359,#12360);
#12359 = CARTESIAN_POINT('',(-0.9125,0.46875,0.75));
#12360 = VECTOR('',#12361,1.);
#12361 = DIRECTION('',(-0.,-0.,-1.));
#12362 = ORIENTED_EDGE('',*,*,#11861,.F.);
#12363 = ORIENTED_EDGE('',*,*,#11893,.F.);
#12364 = PLANE('',#12365);
#12365 = AXIS2_PLACEMENT_3D('',#12366,#12367,#12368);
#12366 = CARTESIAN_POINT('',(-0.9125,0.46875,0.75));
#12367 = DIRECTION('',(0.,-1.,0.));
#12368 = DIRECTION('',(1.,0.,0.));
#12369 = ADVANCED_FACE('',(#12370),#12388,.F.);
#12370 = FACE_BOUND('',#12371,.F.);
#12371 = EDGE_LOOP('',(#12372,#12373,#12381,#12387));
#12372 = ORIENTED_EDGE('',*,*,#12357,.F.);
#12373 = ORIENTED_EDGE('',*,*,#12374,.F.);
#12374 = EDGE_CURVE('',#12375,#12350,#12377,.T.);
#12375 = VERTEX_POINT('',#12376);
#12376 = CARTESIAN_POINT('',(-0.9125,0.625,0.5));
#12377 = LINE('',#12378,#12379);
#12378 = CARTESIAN_POINT('',(-0.9125,7.8125E-02,0.5));
#12379 = VECTOR('',#12380,1.);
#12380 = DIRECTION('',(0.,-1.,0.));
#12381 = ORIENTED_EDGE('',*,*,#12382,.F.);
#12382 = EDGE_CURVE('',#11846,#12375,#12383,.T.);
#12383 = LINE('',#12384,#12385);
#12384 = CARTESIAN_POINT('',(-0.9125,0.625,0.375));
#12385 = VECTOR('',#12386,1.);
#12386 = DIRECTION('',(0.,0.,1.));
#12387 = ORIENTED_EDGE('',*,*,#11853,.F.);
#12388 = PLANE('',#12389);
#12389 = AXIS2_PLACEMENT_3D('',#12390,#12391,#12392);
#12390 = CARTESIAN_POINT('',(-0.9125,0.78125,0.75));
#12391 = DIRECTION('',(-1.,0.,0.));
#12392 = DIRECTION('',(0.,-1.,0.));
#12393 = ADVANCED_FACE('',(#12394),#12412,.F.);
#12394 = FACE_BOUND('',#12395,.F.);
#12395 = EDGE_LOOP('',(#12396,#12404,#12410,#12411));
#12396 = ORIENTED_EDGE('',*,*,#12397,.F.);
#12397 = EDGE_CURVE('',#12398,#11927,#12400,.T.);
#12398 = VERTEX_POINT('',#12399);
#12399 = CARTESIAN_POINT('',(-0.9125,-0.46875,0.5));
#12400 = LINE('',#12401,#12402);
#12401 = CARTESIAN_POINT('',(-0.9125,-0.46875,0.75));
#12402 = VECTOR('',#12403,1.);
#12403 = DIRECTION('',(-0.,-0.,-1.));
#12404 = ORIENTED_EDGE('',*,*,#12405,.F.);
#12405 = EDGE_CURVE('',#11903,#12398,#12406,.T.);
#12406 = LINE('',#12407,#12408);
#12407 = CARTESIAN_POINT('',(-4.375E-02,-0.46875,0.5));
#12408 = VECTOR('',#12409,1.);
#12409 = DIRECTION('',(-1.,0.,0.));
#12410 = ORIENTED_EDGE('',*,*,#11910,.T.);
#12411 = ORIENTED_EDGE('',*,*,#11936,.F.);
#12412 = PLANE('',#12413);
#12413 = AXIS2_PLACEMENT_3D('',#12414,#12415,#12416);
#12414 = CARTESIAN_POINT('',(0.9125,-0.46875,0.75));
#12415 = DIRECTION('',(0.,1.,0.));
#12416 = DIRECTION('',(-1.,0.,0.));
#12417 = ADVANCED_FACE('',(#12418),#12445,.T.);
#12418 = FACE_BOUND('',#12419,.T.);
#12419 = EDGE_LOOP('',(#12420,#12428,#12434,#12435,#12441,#12442,#12443,
    #12444));
#12420 = ORIENTED_EDGE('',*,*,#12421,.F.);
#12421 = EDGE_CURVE('',#12422,#12375,#12424,.T.);
#12422 = VERTEX_POINT('',#12423);
#12423 = CARTESIAN_POINT('',(-0.965,0.625,0.5));
#12424 = LINE('',#12425,#12426);
#12425 = CARTESIAN_POINT('',(-1.,0.625,0.5));
#12426 = VECTOR('',#12427,1.);
#12427 = DIRECTION('',(1.,0.,0.));
#12428 = ORIENTED_EDGE('',*,*,#12429,.F.);
#12429 = EDGE_CURVE('',#11978,#12422,#12430,.T.);
#12430 = LINE('',#12431,#12432);
#12431 = CARTESIAN_POINT('',(-0.965,-0.625,0.5));
#12432 = VECTOR('',#12433,1.);
#12433 = DIRECTION('',(0.,1.,0.));
#12434 = ORIENTED_EDGE('',*,*,#11986,.T.);
#12435 = ORIENTED_EDGE('',*,*,#12436,.F.);
#12436 = EDGE_CURVE('',#12398,#11987,#12437,.T.);
#12437 = LINE('',#12438,#12439);
#12438 = CARTESIAN_POINT('',(-0.9125,-0.546875,0.5));
#12439 = VECTOR('',#12440,1.);
#12440 = DIRECTION('',(0.,-1.,0.));
#12441 = ORIENTED_EDGE('',*,*,#12405,.F.);
#12442 = ORIENTED_EDGE('',*,*,#11902,.T.);
#12443 = ORIENTED_EDGE('',*,*,#12349,.F.);
#12444 = ORIENTED_EDGE('',*,*,#12374,.F.);
#12445 = PLANE('',#12446);
#12446 = AXIS2_PLACEMENT_3D('',#12447,#12448,#12449);
#12447 = CARTESIAN_POINT('',(-1.,-0.625,0.5));
#12448 = DIRECTION('',(0.,0.,1.));
#12449 = DIRECTION('',(1.,0.,-0.));
#12450 = ADVANCED_FACE('',(#12451),#12457,.F.);
#12451 = FACE_BOUND('',#12452,.F.);
#12452 = EDGE_LOOP('',(#12453,#12454,#12455,#12456));
#12453 = ORIENTED_EDGE('',*,*,#12436,.F.);
#12454 = ORIENTED_EDGE('',*,*,#12397,.T.);
#12455 = ORIENTED_EDGE('',*,*,#11926,.F.);
#12456 = ORIENTED_EDGE('',*,*,#11994,.T.);
#12457 = PLANE('',#12458);
#12458 = AXIS2_PLACEMENT_3D('',#12459,#12460,#12461);
#12459 = CARTESIAN_POINT('',(-0.9125,-0.46875,0.75));
#12460 = DIRECTION('',(-1.,0.,0.));
#12461 = DIRECTION('',(0.,-1.,0.));
#12462 = ADVANCED_FACE('',(#12463),#12520,.F.);
#12463 = FACE_BOUND('',#12464,.F.);
#12464 = EDGE_LOOP('',(#12465,#12475,#12481,#12482,#12490,#12498,#12506,
    #12514));
#12465 = ORIENTED_EDGE('',*,*,#12466,.F.);
#12466 = EDGE_CURVE('',#12467,#12469,#12471,.T.);
#12467 = VERTEX_POINT('',#12468);
#12468 = CARTESIAN_POINT('',(-0.965,0.625,-6.938893903907E-18));
#12469 = VERTEX_POINT('',#12470);
#12470 = CARTESIAN_POINT('',(-0.9125,0.625,0.));
#12471 = LINE('',#12472,#12473);
#12472 = CARTESIAN_POINT('',(-1.,0.625,0.));
#12473 = VECTOR('',#12474,1.);
#12474 = DIRECTION('',(1.,0.,0.));
#12475 = ORIENTED_EDGE('',*,*,#12476,.F.);
#12476 = EDGE_CURVE('',#11951,#12467,#12477,.T.);
#12477 = LINE('',#12478,#12479);
#12478 = CARTESIAN_POINT('',(-0.965,-0.625,-6.938893903907E-18));
#12479 = VECTOR('',#12480,1.);
#12480 = DIRECTION('',(0.,1.,0.));
#12481 = ORIENTED_EDGE('',*,*,#11950,.T.);
#12482 = ORIENTED_EDGE('',*,*,#12483,.F.);
#12483 = EDGE_CURVE('',#12484,#11953,#12486,.T.);
#12484 = VERTEX_POINT('',#12485);
#12485 = CARTESIAN_POINT('',(-0.9125,-0.46875,0.));
#12486 = LINE('',#12487,#12488);
#12487 = CARTESIAN_POINT('',(-0.9125,-0.546875,0.));
#12488 = VECTOR('',#12489,1.);
#12489 = DIRECTION('',(0.,-1.,0.));
#12490 = ORIENTED_EDGE('',*,*,#12491,.F.);
#12491 = EDGE_CURVE('',#12492,#12484,#12494,.T.);
#12492 = VERTEX_POINT('',#12493);
#12493 = CARTESIAN_POINT('',(-0.685,-0.46875,-6.938893903907E-18));
#12494 = LINE('',#12495,#12496);
#12495 = CARTESIAN_POINT('',(-4.375E-02,-0.46875,0.));
#12496 = VECTOR('',#12497,1.);
#12497 = DIRECTION('',(-1.,0.,0.));
#12498 = ORIENTED_EDGE('',*,*,#12499,.T.);
#12499 = EDGE_CURVE('',#12492,#12500,#12502,.T.);
#12500 = VERTEX_POINT('',#12501);
#12501 = CARTESIAN_POINT('',(-0.685,0.46875,-6.938893903907E-18));
#12502 = LINE('',#12503,#12504);
#12503 = CARTESIAN_POINT('',(-0.685,-0.625,-6.938893903907E-18));
#12504 = VECTOR('',#12505,1.);
#12505 = DIRECTION('',(0.,1.,0.));
#12506 = ORIENTED_EDGE('',*,*,#12507,.F.);
#12507 = EDGE_CURVE('',#12508,#12500,#12510,.T.);
#12508 = VERTEX_POINT('',#12509);
#12509 = CARTESIAN_POINT('',(-0.9125,0.46875,0.));
#12510 = LINE('',#12511,#12512);
#12511 = CARTESIAN_POINT('',(-0.95625,0.46875,0.));
#12512 = VECTOR('',#12513,1.);
#12513 = DIRECTION('',(1.,0.,0.));
#12514 = ORIENTED_EDGE('',*,*,#12515,.F.);
#12515 = EDGE_CURVE('',#12469,#12508,#12516,.T.);
#12516 = LINE('',#12517,#12518);
#12517 = CARTESIAN_POINT('',(-0.9125,7.8125E-02,0.));
#12518 = VECTOR('',#12519,1.);
#12519 = DIRECTION('',(0.,-1.,0.));
#12520 = PLANE('',#12521);
#12521 = AXIS2_PLACEMENT_3D('',#12522,#12523,#12524);
#12522 = CARTESIAN_POINT('',(-1.,-0.625,0.));
#12523 = DIRECTION('',(0.,0.,1.));
#12524 = DIRECTION('',(1.,0.,-0.));
#12525 = ADVANCED_FACE('',(#12526),#12545,.T.);
#12526 = FACE_BOUND('',#12527,.T.);
#12527 = EDGE_LOOP('',(#12528,#12536,#12543,#12544));
#12528 = ORIENTED_EDGE('',*,*,#12529,.T.);
#12529 = EDGE_CURVE('',#11961,#12530,#12532,.T.);
#12530 = VERTEX_POINT('',#12531);
#12531 = CARTESIAN_POINT('',(-1.,0.625,3.5E-02));
#12532 = LINE('',#12533,#12534);
#12533 = CARTESIAN_POINT('',(-1.,-0.625,3.5E-02));
#12534 = VECTOR('',#12535,1.);
#12535 = DIRECTION('',(0.,1.,0.));
#12536 = ORIENTED_EDGE('',*,*,#12537,.T.);
#12537 = EDGE_CURVE('',#12530,#12467,#12538,.T.);
#12538 = CIRCLE('',#12539,3.5E-02);
#12539 = AXIS2_PLACEMENT_3D('',#12540,#12541,#12542);
#12540 = CARTESIAN_POINT('',(-0.965,0.625,3.5E-02));
#12541 = DIRECTION('',(0.,-1.,0.));
#12542 = DIRECTION('',(0.,0.,1.));
#12543 = ORIENTED_EDGE('',*,*,#12476,.F.);
#12544 = ORIENTED_EDGE('',*,*,#11960,.F.);
#12545 = CYLINDRICAL_SURFACE('',#12546,3.5E-02);
#12546 = AXIS2_PLACEMENT_3D('',#12547,#12548,#12549);
#12547 = CARTESIAN_POINT('',(-0.965,-0.625,3.5E-02));
#12548 = DIRECTION('',(0.,1.,0.));
#12549 = DIRECTION('',(-1.,0.,0.));
#12550 = ADVANCED_FACE('',(#12551),#12562,.F.);
#12551 = FACE_BOUND('',#12552,.F.);
#12552 = EDGE_LOOP('',(#12553,#12554,#12560,#12561));
#12553 = ORIENTED_EDGE('',*,*,#12017,.T.);
#12554 = ORIENTED_EDGE('',*,*,#12555,.T.);
#12555 = EDGE_CURVE('',#12018,#12484,#12556,.T.);
#12556 = LINE('',#12557,#12558);
#12557 = CARTESIAN_POINT('',(-0.9125,-0.46875,0.75));
#12558 = VECTOR('',#12559,1.);
#12559 = DIRECTION('',(-0.,-0.,-1.));
#12560 = ORIENTED_EDGE('',*,*,#12483,.T.);
#12561 = ORIENTED_EDGE('',*,*,#12003,.T.);
#12562 = PLANE('',#12563);
#12563 = AXIS2_PLACEMENT_3D('',#12564,#12565,#12566);
#12564 = CARTESIAN_POINT('',(-0.9125,-0.46875,0.75));
#12565 = DIRECTION('',(-1.,0.,0.));
#12566 = DIRECTION('',(0.,-1.,0.));
#12567 = ADVANCED_FACE('',(#12568),#12586,.F.);
#12568 = FACE_BOUND('',#12569,.F.);
#12569 = EDGE_LOOP('',(#12570,#12571,#12572,#12580));
#12570 = ORIENTED_EDGE('',*,*,#11969,.F.);
#12571 = ORIENTED_EDGE('',*,*,#12529,.T.);
#12572 = ORIENTED_EDGE('',*,*,#12573,.T.);
#12573 = EDGE_CURVE('',#12530,#12574,#12576,.T.);
#12574 = VERTEX_POINT('',#12575);
#12575 = CARTESIAN_POINT('',(-1.,0.625,0.465));
#12576 = LINE('',#12577,#12578);
#12577 = CARTESIAN_POINT('',(-1.,0.625,0.));
#12578 = VECTOR('',#12579,1.);
#12579 = DIRECTION('',(0.,0.,1.));
#12580 = ORIENTED_EDGE('',*,*,#12581,.F.);
#12581 = EDGE_CURVE('',#11970,#12574,#12582,.T.);
#12582 = LINE('',#12583,#12584);
#12583 = CARTESIAN_POINT('',(-1.,-0.625,0.465));
#12584 = VECTOR('',#12585,1.);
#12585 = DIRECTION('',(0.,1.,0.));
#12586 = PLANE('',#12587);
#12587 = AXIS2_PLACEMENT_3D('',#12588,#12589,#12590);
#12588 = CARTESIAN_POINT('',(-1.,-0.625,0.));
#12589 = DIRECTION('',(1.,0.,0.));
#12590 = DIRECTION('',(0.,0.,1.));
#12591 = ADVANCED_FACE('',(#12592),#12604,.T.);
#12592 = FACE_BOUND('',#12593,.T.);
#12593 = EDGE_LOOP('',(#12594,#12595,#12596,#12603));
#12594 = ORIENTED_EDGE('',*,*,#11977,.T.);
#12595 = ORIENTED_EDGE('',*,*,#12429,.T.);
#12596 = ORIENTED_EDGE('',*,*,#12597,.F.);
#12597 = EDGE_CURVE('',#12574,#12422,#12598,.T.);
#12598 = CIRCLE('',#12599,3.5E-02);
#12599 = AXIS2_PLACEMENT_3D('',#12600,#12601,#12602);
#12600 = CARTESIAN_POINT('',(-0.965,0.625,0.465));
#12601 = DIRECTION('',(0.,1.,0.));
#12602 = DIRECTION('',(0.,-0.,1.));
#12603 = ORIENTED_EDGE('',*,*,#12581,.F.);
#12604 = CYLINDRICAL_SURFACE('',#12605,3.5E-02);
#12605 = AXIS2_PLACEMENT_3D('',#12606,#12607,#12608);
#12606 = CARTESIAN_POINT('',(-0.965,-0.625,0.465));
#12607 = DIRECTION('',(0.,1.,0.));
#12608 = DIRECTION('',(-1.,0.,0.));
#12609 = ADVANCED_FACE('',(#12610),#12622,.F.);
#12610 = FACE_BOUND('',#12611,.F.);
#12611 = EDGE_LOOP('',(#12612,#12613,#12614,#12621));
#12612 = ORIENTED_EDGE('',*,*,#12555,.F.);
#12613 = ORIENTED_EDGE('',*,*,#12098,.T.);
#12614 = ORIENTED_EDGE('',*,*,#12615,.T.);
#12615 = EDGE_CURVE('',#12091,#12492,#12616,.T.);
#12616 = CIRCLE('',#12617,3.5E-02);
#12617 = AXIS2_PLACEMENT_3D('',#12618,#12619,#12620);
#12618 = CARTESIAN_POINT('',(-0.685,-0.46875,3.5E-02));
#12619 = DIRECTION('',(-0.,1.,0.));
#12620 = DIRECTION('',(1.,0.,0.));
#12621 = ORIENTED_EDGE('',*,*,#12491,.T.);
#12622 = PLANE('',#12623);
#12623 = AXIS2_PLACEMENT_3D('',#12624,#12625,#12626);
#12624 = CARTESIAN_POINT('',(0.9125,-0.46875,0.75));
#12625 = DIRECTION('',(0.,1.,0.));
#12626 = DIRECTION('',(-1.,0.,0.));
#12627 = ADVANCED_FACE('',(#12628),#12640,.T.);
#12628 = FACE_BOUND('',#12629,.T.);
#12629 = EDGE_LOOP('',(#12630,#12631,#12632,#12633));
#12630 = ORIENTED_EDGE('',*,*,#12090,.F.);
#12631 = ORIENTED_EDGE('',*,*,#12615,.T.);
#12632 = ORIENTED_EDGE('',*,*,#12499,.T.);
#12633 = ORIENTED_EDGE('',*,*,#12634,.F.);
#12634 = EDGE_CURVE('',#12083,#12500,#12635,.T.);
#12635 = CIRCLE('',#12636,3.5E-02);
#12636 = AXIS2_PLACEMENT_3D('',#12637,#12638,#12639);
#12637 = CARTESIAN_POINT('',(-0.685,0.46875,3.5E-02));
#12638 = DIRECTION('',(-0.,1.,0.));
#12639 = DIRECTION('',(1.,0.,0.));
#12640 = CYLINDRICAL_SURFACE('',#12641,3.5E-02);
#12641 = AXIS2_PLACEMENT_3D('',#12642,#12643,#12644);
#12642 = CARTESIAN_POINT('',(-0.685,-0.625,3.5E-02));
#12643 = DIRECTION('',(0.,1.,0.));
#12644 = DIRECTION('',(1.,0.,0.));
#12645 = ADVANCED_FACE('',(#12646),#12657,.F.);
#12646 = FACE_BOUND('',#12647,.F.);
#12647 = EDGE_LOOP('',(#12648,#12649,#12655,#12656));
#12648 = ORIENTED_EDGE('',*,*,#12082,.T.);
#12649 = ORIENTED_EDGE('',*,*,#12650,.T.);
#12650 = EDGE_CURVE('',#12075,#12508,#12651,.T.);
#12651 = LINE('',#12652,#12653);
#12652 = CARTESIAN_POINT('',(-0.9125,0.46875,0.75));
#12653 = VECTOR('',#12654,1.);
#12654 = DIRECTION('',(-0.,-0.,-1.));
#12655 = ORIENTED_EDGE('',*,*,#12507,.T.);
#12656 = ORIENTED_EDGE('',*,*,#12634,.F.);
#12657 = PLANE('',#12658);
#12658 = AXIS2_PLACEMENT_3D('',#12659,#12660,#12661);
#12659 = CARTESIAN_POINT('',(-0.9125,0.46875,0.75));
#12660 = DIRECTION('',(0.,-1.,0.));
#12661 = DIRECTION('',(1.,0.,0.));
#12662 = ADVANCED_FACE('',(#12663),#12674,.F.);
#12663 = FACE_BOUND('',#12664,.F.);
#12664 = EDGE_LOOP('',(#12665,#12666,#12667,#12673));
#12665 = ORIENTED_EDGE('',*,*,#12650,.F.);
#12666 = ORIENTED_EDGE('',*,*,#12074,.T.);
#12667 = ORIENTED_EDGE('',*,*,#12668,.F.);
#12668 = EDGE_CURVE('',#12469,#12067,#12669,.T.);
#12669 = LINE('',#12670,#12671);
#12670 = CARTESIAN_POINT('',(-0.9125,0.625,0.375));
#12671 = VECTOR('',#12672,1.);
#12672 = DIRECTION('',(0.,0.,1.));
#12673 = ORIENTED_EDGE('',*,*,#12515,.T.);
#12674 = PLANE('',#12675);
#12675 = AXIS2_PLACEMENT_3D('',#12676,#12677,#12678);
#12676 = CARTESIAN_POINT('',(-0.9125,0.78125,0.75));
#12677 = DIRECTION('',(-1.,0.,0.));
#12678 = DIRECTION('',(0.,-1.,0.));
#12679 = ADVANCED_FACE('',(#12680),#12705,.F.);
#12680 = FACE_BOUND('',#12681,.F.);
#12681 = EDGE_LOOP('',(#12682,#12683,#12691,#12699));
#12682 = ORIENTED_EDGE('',*,*,#12058,.T.);
#12683 = ORIENTED_EDGE('',*,*,#12684,.T.);
#12684 = EDGE_CURVE('',#12051,#12685,#12687,.T.);
#12685 = VERTEX_POINT('',#12686);
#12686 = CARTESIAN_POINT('',(0.9125,0.46875,0.));
#12687 = LINE('',#12688,#12689);
#12688 = CARTESIAN_POINT('',(0.9125,0.46875,0.75));
#12689 = VECTOR('',#12690,1.);
#12690 = DIRECTION('',(-0.,-0.,-1.));
#12691 = ORIENTED_EDGE('',*,*,#12692,.T.);
#12692 = EDGE_CURVE('',#12685,#12693,#12695,.T.);
#12693 = VERTEX_POINT('',#12694);
#12694 = CARTESIAN_POINT('',(0.9125,0.625,0.));
#12695 = LINE('',#12696,#12697);
#12696 = CARTESIAN_POINT('',(0.9125,-7.8125E-02,0.));
#12697 = VECTOR('',#12698,1.);
#12698 = DIRECTION('',(0.,1.,0.));
#12699 = ORIENTED_EDGE('',*,*,#12700,.F.);
#12700 = EDGE_CURVE('',#12059,#12693,#12701,.T.);
#12701 = LINE('',#12702,#12703);
#12702 = CARTESIAN_POINT('',(0.9125,0.625,0.375));
#12703 = VECTOR('',#12704,1.);
#12704 = DIRECTION('',(0.,0.,-1.));
#12705 = PLANE('',#12706);
#12706 = AXIS2_PLACEMENT_3D('',#12707,#12708,#12709);
#12707 = CARTESIAN_POINT('',(0.9125,0.46875,0.75));
#12708 = DIRECTION('',(1.,0.,0.));
#12709 = DIRECTION('',(-0.,1.,0.));
#12710 = ADVANCED_FACE('',(#12711),#12730,.F.);
#12711 = FACE_BOUND('',#12712,.F.);
#12712 = EDGE_LOOP('',(#12713,#12714,#12715,#12724));
#12713 = ORIENTED_EDGE('',*,*,#12684,.F.);
#12714 = ORIENTED_EDGE('',*,*,#12050,.T.);
#12715 = ORIENTED_EDGE('',*,*,#12716,.F.);
#12716 = EDGE_CURVE('',#12717,#12043,#12719,.T.);
#12717 = VERTEX_POINT('',#12718);
#12718 = CARTESIAN_POINT('',(0.685,0.46875,-6.938893903907E-18));
#12719 = CIRCLE('',#12720,3.5E-02);
#12720 = AXIS2_PLACEMENT_3D('',#12721,#12722,#12723);
#12721 = CARTESIAN_POINT('',(0.685,0.46875,3.5E-02));
#12722 = DIRECTION('',(0.,1.,-0.));
#12723 = DIRECTION('',(-1.,0.,0.));
#12724 = ORIENTED_EDGE('',*,*,#12725,.T.);
#12725 = EDGE_CURVE('',#12717,#12685,#12726,.T.);
#12726 = LINE('',#12727,#12728);
#12727 = CARTESIAN_POINT('',(-0.13125,0.46875,0.));
#12728 = VECTOR('',#12729,1.);
#12729 = DIRECTION('',(1.,0.,0.));
#12730 = PLANE('',#12731);
#12731 = AXIS2_PLACEMENT_3D('',#12732,#12733,#12734);
#12732 = CARTESIAN_POINT('',(-0.9125,0.46875,0.75));
#12733 = DIRECTION('',(0.,-1.,0.));
#12734 = DIRECTION('',(1.,0.,0.));
#12735 = ADVANCED_FACE('',(#12736),#12755,.T.);
#12736 = FACE_BOUND('',#12737,.T.);
#12737 = EDGE_LOOP('',(#12738,#12739,#12747,#12754));
#12738 = ORIENTED_EDGE('',*,*,#12716,.F.);
#12739 = ORIENTED_EDGE('',*,*,#12740,.F.);
#12740 = EDGE_CURVE('',#12741,#12717,#12743,.T.);
#12741 = VERTEX_POINT('',#12742);
#12742 = CARTESIAN_POINT('',(0.685,-0.46875,-6.938893903907E-18));
#12743 = LINE('',#12744,#12745);
#12744 = CARTESIAN_POINT('',(0.685,-0.625,-6.938893903907E-18));
#12745 = VECTOR('',#12746,1.);
#12746 = DIRECTION('',(0.,1.,0.));
#12747 = ORIENTED_EDGE('',*,*,#12748,.T.);
#12748 = EDGE_CURVE('',#12741,#12035,#12749,.T.);
#12749 = CIRCLE('',#12750,3.5E-02);
#12750 = AXIS2_PLACEMENT_3D('',#12751,#12752,#12753);
#12751 = CARTESIAN_POINT('',(0.685,-0.46875,3.5E-02));
#12752 = DIRECTION('',(0.,1.,-0.));
#12753 = DIRECTION('',(-1.,0.,0.));
#12754 = ORIENTED_EDGE('',*,*,#12042,.T.);
#12755 = CYLINDRICAL_SURFACE('',#12756,3.5E-02);
#12756 = AXIS2_PLACEMENT_3D('',#12757,#12758,#12759);
#12757 = CARTESIAN_POINT('',(0.685,-0.625,3.5E-02));
#12758 = DIRECTION('',(0.,1.,0.));
#12759 = DIRECTION('',(-1.,0.,0.));
#12760 = ADVANCED_FACE('',(#12761),#12779,.F.);
#12761 = FACE_BOUND('',#12762,.F.);
#12762 = EDGE_LOOP('',(#12763,#12764,#12772,#12778));
#12763 = ORIENTED_EDGE('',*,*,#12034,.T.);
#12764 = ORIENTED_EDGE('',*,*,#12765,.T.);
#12765 = EDGE_CURVE('',#12027,#12766,#12768,.T.);
#12766 = VERTEX_POINT('',#12767);
#12767 = CARTESIAN_POINT('',(0.9125,-0.46875,0.));
#12768 = LINE('',#12769,#12770);
#12769 = CARTESIAN_POINT('',(0.9125,-0.46875,0.75));
#12770 = VECTOR('',#12771,1.);
#12771 = DIRECTION('',(-0.,-0.,-1.));
#12772 = ORIENTED_EDGE('',*,*,#12773,.T.);
#12773 = EDGE_CURVE('',#12766,#12741,#12774,.T.);
#12774 = LINE('',#12775,#12776);
#12775 = CARTESIAN_POINT('',(0.78125,-0.46875,0.));
#12776 = VECTOR('',#12777,1.);
#12777 = DIRECTION('',(-1.,0.,0.));
#12778 = ORIENTED_EDGE('',*,*,#12748,.T.);
#12779 = PLANE('',#12780);
#12780 = AXIS2_PLACEMENT_3D('',#12781,#12782,#12783);
#12781 = CARTESIAN_POINT('',(0.9125,-0.46875,0.75));
#12782 = DIRECTION('',(0.,1.,0.));
#12783 = DIRECTION('',(-1.,0.,0.));
#12784 = ADVANCED_FACE('',(#12785),#12796,.F.);
#12785 = FACE_BOUND('',#12786,.F.);
#12786 = EDGE_LOOP('',(#12787,#12788,#12789,#12790));
#12787 = ORIENTED_EDGE('',*,*,#12765,.F.);
#12788 = ORIENTED_EDGE('',*,*,#12026,.T.);
#12789 = ORIENTED_EDGE('',*,*,#12148,.T.);
#12790 = ORIENTED_EDGE('',*,*,#12791,.T.);
#12791 = EDGE_CURVE('',#12139,#12766,#12792,.T.);
#12792 = LINE('',#12793,#12794);
#12793 = CARTESIAN_POINT('',(0.9125,-0.703125,0.));
#12794 = VECTOR('',#12795,1.);
#12795 = DIRECTION('',(0.,1.,0.));
#12796 = PLANE('',#12797);
#12797 = AXIS2_PLACEMENT_3D('',#12798,#12799,#12800);
#12798 = CARTESIAN_POINT('',(0.9125,-0.78125,0.75));
#12799 = DIRECTION('',(1.,0.,0.));
#12800 = DIRECTION('',(-0.,1.,0.));
#12801 = ADVANCED_FACE('',(#12802),#12827,.T.);
#12802 = FACE_BOUND('',#12803,.T.);
#12803 = EDGE_LOOP('',(#12804,#12812,#12813,#12821));
#12804 = ORIENTED_EDGE('',*,*,#12805,.T.);
#12805 = EDGE_CURVE('',#12806,#12107,#12808,.T.);
#12806 = VERTEX_POINT('',#12807);
#12807 = CARTESIAN_POINT('',(0.433012701892,0.5,1.75E-02));
#12808 = LINE('',#12809,#12810);
#12809 = CARTESIAN_POINT('',(0.433012701892,0.5,1.75E-02));
#12810 = VECTOR('',#12811,1.);
#12811 = DIRECTION('',(0.,0.,1.));
#12812 = ORIENTED_EDGE('',*,*,#12106,.T.);
#12813 = ORIENTED_EDGE('',*,*,#12814,.F.);
#12814 = EDGE_CURVE('',#12815,#12109,#12817,.T.);
#12815 = VERTEX_POINT('',#12816);
#12816 = CARTESIAN_POINT('',(0.433012701892,-0.5,1.75E-02));
#12817 = LINE('',#12818,#12819);
#12818 = CARTESIAN_POINT('',(0.433012701892,-0.5,1.75E-02));
#12819 = VECTOR('',#12820,1.);
#12820 = DIRECTION('',(0.,0.,1.));
#12821 = ORIENTED_EDGE('',*,*,#12822,.F.);
#12822 = EDGE_CURVE('',#12806,#12815,#12823,.T.);
#12823 = LINE('',#12824,#12825);
#12824 = CARTESIAN_POINT('',(0.433012701892,0.5,1.75E-02));
#12825 = VECTOR('',#12826,1.);
#12826 = DIRECTION('',(0.,-1.,0.));
#12827 = PLANE('',#12828);
#12828 = AXIS2_PLACEMENT_3D('',#12829,#12830,#12831);
#12829 = CARTESIAN_POINT('',(0.433012701892,0.5,1.75E-02));
#12830 = DIRECTION('',(1.,0.,0.));
#12831 = DIRECTION('',(0.,-1.,0.));
#12832 = ADVANCED_FACE('',(#12833),#12851,.T.);
#12833 = FACE_BOUND('',#12834,.T.);
#12834 = EDGE_LOOP('',(#12835,#12843,#12844,#12845));
#12835 = ORIENTED_EDGE('',*,*,#12836,.T.);
#12836 = EDGE_CURVE('',#12837,#12117,#12839,.T.);
#12837 = VERTEX_POINT('',#12838);
#12838 = CARTESIAN_POINT('',(-0.433012701892,0.,1.75E-02));
#12839 = LINE('',#12840,#12841);
#12840 = CARTESIAN_POINT('',(-0.433012701892,0.,1.75E-02));
#12841 = VECTOR('',#12842,1.);
#12842 = DIRECTION('',(0.,0.,1.));
#12843 = ORIENTED_EDGE('',*,*,#12124,.T.);
#12844 = ORIENTED_EDGE('',*,*,#12805,.F.);
#12845 = ORIENTED_EDGE('',*,*,#12846,.F.);
#12846 = EDGE_CURVE('',#12837,#12806,#12847,.T.);
#12847 = LINE('',#12848,#12849);
#12848 = CARTESIAN_POINT('',(-0.433012701892,0.,1.75E-02));
#12849 = VECTOR('',#12850,1.);
#12850 = DIRECTION('',(0.866025403784,0.5,0.));
#12851 = PLANE('',#12852);
#12852 = AXIS2_PLACEMENT_3D('',#12853,#12854,#12855);
#12853 = CARTESIAN_POINT('',(-0.433012701892,0.,1.75E-02));
#12854 = DIRECTION('',(-0.5,0.866025403784,0.));
#12855 = DIRECTION('',(0.866025403784,0.5,0.));
#12856 = ADVANCED_FACE('',(#12857),#12868,.T.);
#12857 = FACE_BOUND('',#12858,.T.);
#12858 = EDGE_LOOP('',(#12859,#12860,#12861,#12862));
#12859 = ORIENTED_EDGE('',*,*,#12814,.T.);
#12860 = ORIENTED_EDGE('',*,*,#12116,.T.);
#12861 = ORIENTED_EDGE('',*,*,#12836,.F.);
#12862 = ORIENTED_EDGE('',*,*,#12863,.F.);
#12863 = EDGE_CURVE('',#12815,#12837,#12864,.T.);
#12864 = LINE('',#12865,#12866);
#12865 = CARTESIAN_POINT('',(0.433012701892,-0.5,1.75E-02));
#12866 = VECTOR('',#12867,1.);
#12867 = DIRECTION('',(-0.866025403784,0.5,0.));
#12868 = PLANE('',#12869);
#12869 = AXIS2_PLACEMENT_3D('',#12870,#12871,#12872);
#12870 = CARTESIAN_POINT('',(0.433012701892,-0.5,1.75E-02));
#12871 = DIRECTION('',(-0.5,-0.866025403784,0.));
#12872 = DIRECTION('',(-0.866025403784,0.5,0.));
#12873 = ADVANCED_FACE('',(#12874),#12896,.F.);
#12874 = FACE_BOUND('',#12875,.F.);
#12875 = EDGE_LOOP('',(#12876,#12884,#12885,#12886,#12887,#12888,#12889,
    #12890));
#12876 = ORIENTED_EDGE('',*,*,#12877,.F.);
#12877 = EDGE_CURVE('',#12693,#12878,#12880,.T.);
#12878 = VERTEX_POINT('',#12879);
#12879 = CARTESIAN_POINT('',(0.965,0.625,-6.938893903907E-18));
#12880 = LINE('',#12881,#12882);
#12881 = CARTESIAN_POINT('',(0.65,0.625,0.));
#12882 = VECTOR('',#12883,1.);
#12883 = DIRECTION('',(1.,0.,0.));
#12884 = ORIENTED_EDGE('',*,*,#12692,.F.);
#12885 = ORIENTED_EDGE('',*,*,#12725,.F.);
#12886 = ORIENTED_EDGE('',*,*,#12740,.F.);
#12887 = ORIENTED_EDGE('',*,*,#12773,.F.);
#12888 = ORIENTED_EDGE('',*,*,#12791,.F.);
#12889 = ORIENTED_EDGE('',*,*,#12138,.T.);
#12890 = ORIENTED_EDGE('',*,*,#12891,.T.);
#12891 = EDGE_CURVE('',#12141,#12878,#12892,.T.);
#12892 = LINE('',#12893,#12894);
#12893 = CARTESIAN_POINT('',(0.965,-0.625,-6.938893903907E-18));
#12894 = VECTOR('',#12895,1.);
#12895 = DIRECTION('',(0.,1.,0.));
#12896 = PLANE('',#12897);
#12897 = AXIS2_PLACEMENT_3D('',#12898,#12899,#12900);
#12898 = CARTESIAN_POINT('',(0.65,-0.625,0.));
#12899 = DIRECTION('',(0.,0.,1.));
#12900 = DIRECTION('',(1.,0.,-0.));
#12901 = ADVANCED_FACE('',(#12902),#12921,.T.);
#12902 = FACE_BOUND('',#12903,.T.);
#12903 = EDGE_LOOP('',(#12904,#12905,#12906,#12915));
#12904 = ORIENTED_EDGE('',*,*,#12190,.T.);
#12905 = ORIENTED_EDGE('',*,*,#12891,.T.);
#12906 = ORIENTED_EDGE('',*,*,#12907,.F.);
#12907 = EDGE_CURVE('',#12908,#12878,#12910,.T.);
#12908 = VERTEX_POINT('',#12909);
#12909 = CARTESIAN_POINT('',(1.,0.625,3.5E-02));
#12910 = CIRCLE('',#12911,3.5E-02);
#12911 = AXIS2_PLACEMENT_3D('',#12912,#12913,#12914);
#12912 = CARTESIAN_POINT('',(0.965,0.625,3.5E-02));
#12913 = DIRECTION('',(0.,1.,0.));
#12914 = DIRECTION('',(0.,-0.,1.));
#12915 = ORIENTED_EDGE('',*,*,#12916,.F.);
#12916 = EDGE_CURVE('',#12183,#12908,#12917,.T.);
#12917 = LINE('',#12918,#12919);
#12918 = CARTESIAN_POINT('',(1.,-0.625,3.5E-02));
#12919 = VECTOR('',#12920,1.);
#12920 = DIRECTION('',(0.,1.,0.));
#12921 = CYLINDRICAL_SURFACE('',#12922,3.5E-02);
#12922 = AXIS2_PLACEMENT_3D('',#12923,#12924,#12925);
#12923 = CARTESIAN_POINT('',(0.965,-0.625,3.5E-02));
#12924 = DIRECTION('',(0.,1.,0.));
#12925 = DIRECTION('',(1.,0.,0.));
#12926 = ADVANCED_FACE('',(#12927),#12945,.T.);
#12927 = FACE_BOUND('',#12928,.T.);
#12928 = EDGE_LOOP('',(#12929,#12930,#12931,#12939));
#12929 = ORIENTED_EDGE('',*,*,#12182,.F.);
#12930 = ORIENTED_EDGE('',*,*,#12916,.T.);
#12931 = ORIENTED_EDGE('',*,*,#12932,.T.);
#12932 = EDGE_CURVE('',#12908,#12933,#12935,.T.);
#12933 = VERTEX_POINT('',#12934);
#12934 = CARTESIAN_POINT('',(1.,0.625,0.465));
#12935 = LINE('',#12936,#12937);
#12936 = CARTESIAN_POINT('',(1.,0.625,0.));
#12937 = VECTOR('',#12938,1.);
#12938 = DIRECTION('',(0.,0.,1.));
#12939 = ORIENTED_EDGE('',*,*,#12940,.F.);
#12940 = EDGE_CURVE('',#12174,#12933,#12941,.T.);
#12941 = LINE('',#12942,#12943);
#12942 = CARTESIAN_POINT('',(1.,-0.625,0.465));
#12943 = VECTOR('',#12944,1.);
#12944 = DIRECTION('',(0.,1.,0.));
#12945 = PLANE('',#12946);
#12946 = AXIS2_PLACEMENT_3D('',#12947,#12948,#12949);
#12947 = CARTESIAN_POINT('',(1.,-0.625,0.));
#12948 = DIRECTION('',(1.,0.,0.));
#12949 = DIRECTION('',(0.,0.,1.));
#12950 = ADVANCED_FACE('',(#12951),#12970,.T.);
#12951 = FACE_BOUND('',#12952,.T.);
#12952 = EDGE_LOOP('',(#12953,#12954,#12963,#12969));
#12953 = ORIENTED_EDGE('',*,*,#12940,.T.);
#12954 = ORIENTED_EDGE('',*,*,#12955,.T.);
#12955 = EDGE_CURVE('',#12933,#12956,#12958,.T.);
#12956 = VERTEX_POINT('',#12957);
#12957 = CARTESIAN_POINT('',(0.965,0.625,0.5));
#12958 = CIRCLE('',#12959,3.5E-02);
#12959 = AXIS2_PLACEMENT_3D('',#12960,#12961,#12962);
#12960 = CARTESIAN_POINT('',(0.965,0.625,0.465));
#12961 = DIRECTION('',(0.,-1.,0.));
#12962 = DIRECTION('',(0.,0.,1.));
#12963 = ORIENTED_EDGE('',*,*,#12964,.F.);
#12964 = EDGE_CURVE('',#12166,#12956,#12965,.T.);
#12965 = LINE('',#12966,#12967);
#12966 = CARTESIAN_POINT('',(0.965,-0.625,0.5));
#12967 = VECTOR('',#12968,1.);
#12968 = DIRECTION('',(0.,1.,0.));
#12969 = ORIENTED_EDGE('',*,*,#12173,.F.);
#12970 = CYLINDRICAL_SURFACE('',#12971,3.5E-02);
#12971 = AXIS2_PLACEMENT_3D('',#12972,#12973,#12974);
#12972 = CARTESIAN_POINT('',(0.965,-0.625,0.465));
#12973 = DIRECTION('',(0.,1.,0.));
#12974 = DIRECTION('',(1.,0.,0.));
#12975 = ADVANCED_FACE('',(#12976),#13017,.T.);
#12976 = FACE_BOUND('',#12977,.T.);
#12977 = EDGE_LOOP('',(#12978,#12986,#12994,#13000,#13001,#13009,#13015,
    #13016));
#12978 = ORIENTED_EDGE('',*,*,#12979,.F.);
#12979 = EDGE_CURVE('',#12980,#12956,#12982,.T.);
#12980 = VERTEX_POINT('',#12981);
#12981 = CARTESIAN_POINT('',(0.9125,0.625,0.5));
#12982 = LINE('',#12983,#12984);
#12983 = CARTESIAN_POINT('',(0.65,0.625,0.5));
#12984 = VECTOR('',#12985,1.);
#12985 = DIRECTION('',(1.,0.,0.));
#12986 = ORIENTED_EDGE('',*,*,#12987,.F.);
#12987 = EDGE_CURVE('',#12988,#12980,#12990,.T.);
#12988 = VERTEX_POINT('',#12989);
#12989 = CARTESIAN_POINT('',(0.9125,0.46875,0.5));
#12990 = LINE('',#12991,#12992);
#12991 = CARTESIAN_POINT('',(0.9125,-7.8125E-02,0.5));
#12992 = VECTOR('',#12993,1.);
#12993 = DIRECTION('',(0.,1.,0.));
#12994 = ORIENTED_EDGE('',*,*,#12995,.F.);
#12995 = EDGE_CURVE('',#12271,#12988,#12996,.T.);
#12996 = LINE('',#12997,#12998);
#12997 = CARTESIAN_POINT('',(-0.13125,0.46875,0.5));
#12998 = VECTOR('',#12999,1.);
#12999 = DIRECTION('',(1.,0.,0.));
#13000 = ORIENTED_EDGE('',*,*,#12270,.F.);
#13001 = ORIENTED_EDGE('',*,*,#13002,.F.);
#13002 = EDGE_CURVE('',#13003,#12262,#13005,.T.);
#13003 = VERTEX_POINT('',#13004);
#13004 = CARTESIAN_POINT('',(0.9125,-0.46875,0.5));
#13005 = LINE('',#13006,#13007);
#13006 = CARTESIAN_POINT('',(0.78125,-0.46875,0.5));
#13007 = VECTOR('',#13008,1.);
#13008 = DIRECTION('',(-1.,0.,0.));
#13009 = ORIENTED_EDGE('',*,*,#13010,.F.);
#13010 = EDGE_CURVE('',#12158,#13003,#13011,.T.);
#13011 = LINE('',#13012,#13013);
#13012 = CARTESIAN_POINT('',(0.9125,-0.703125,0.5));
#13013 = VECTOR('',#13014,1.);
#13014 = DIRECTION('',(0.,1.,0.));
#13015 = ORIENTED_EDGE('',*,*,#12165,.T.);
#13016 = ORIENTED_EDGE('',*,*,#12964,.T.);
#13017 = PLANE('',#13018);
#13018 = AXIS2_PLACEMENT_3D('',#13019,#13020,#13021);
#13019 = CARTESIAN_POINT('',(0.65,-0.625,0.5));
#13020 = DIRECTION('',(0.,0.,1.));
#13021 = DIRECTION('',(1.,0.,-0.));
#13022 = ADVANCED_FACE('',(#13023),#13034,.F.);
#13023 = FACE_BOUND('',#13024,.F.);
#13024 = EDGE_LOOP('',(#13025,#13031,#13032,#13033));
#13025 = ORIENTED_EDGE('',*,*,#13026,.F.);
#13026 = EDGE_CURVE('',#13003,#12206,#13027,.T.);
#13027 = LINE('',#13028,#13029);
#13028 = CARTESIAN_POINT('',(0.9125,-0.46875,0.75));
#13029 = VECTOR('',#13030,1.);
#13030 = DIRECTION('',(-0.,-0.,-1.));
#13031 = ORIENTED_EDGE('',*,*,#13010,.F.);
#13032 = ORIENTED_EDGE('',*,*,#12157,.T.);
#13033 = ORIENTED_EDGE('',*,*,#12215,.F.);
#13034 = PLANE('',#13035);
#13035 = AXIS2_PLACEMENT_3D('',#13036,#13037,#13038);
#13036 = CARTESIAN_POINT('',(0.9125,-0.78125,0.75));
#13037 = DIRECTION('',(1.,0.,0.));
#13038 = DIRECTION('',(-0.,1.,0.));
#13039 = ADVANCED_FACE('',(#13040),#13046,.F.);
#13040 = FACE_BOUND('',#13041,.F.);
#13041 = EDGE_LOOP('',(#13042,#13043,#13044,#13045));
#13042 = ORIENTED_EDGE('',*,*,#13002,.F.);
#13043 = ORIENTED_EDGE('',*,*,#13026,.T.);
#13044 = ORIENTED_EDGE('',*,*,#12205,.F.);
#13045 = ORIENTED_EDGE('',*,*,#12261,.T.);
#13046 = PLANE('',#13047);
#13047 = AXIS2_PLACEMENT_3D('',#13048,#13049,#13050);
#13048 = CARTESIAN_POINT('',(0.9125,-0.46875,0.75));
#13049 = DIRECTION('',(0.,1.,0.));
#13050 = DIRECTION('',(-1.,0.,0.));
#13051 = ADVANCED_FACE('',(#13052),#13068,.F.);
#13052 = FACE_BOUND('',#13053,.F.);
#13053 = EDGE_LOOP('',(#13054,#13055,#13061,#13062));
#13054 = ORIENTED_EDGE('',*,*,#12987,.F.);
#13055 = ORIENTED_EDGE('',*,*,#13056,.T.);
#13056 = EDGE_CURVE('',#12988,#12239,#13057,.T.);
#13057 = LINE('',#13058,#13059);
#13058 = CARTESIAN_POINT('',(0.9125,0.46875,0.75));
#13059 = VECTOR('',#13060,1.);
#13060 = DIRECTION('',(-0.,-0.,-1.));
#13061 = ORIENTED_EDGE('',*,*,#12246,.F.);
#13062 = ORIENTED_EDGE('',*,*,#13063,.F.);
#13063 = EDGE_CURVE('',#12980,#12230,#13064,.T.);
#13064 = LINE('',#13065,#13066);
#13065 = CARTESIAN_POINT('',(0.9125,0.625,0.375));
#13066 = VECTOR('',#13067,1.);
#13067 = DIRECTION('',(0.,0.,-1.));
#13068 = PLANE('',#13069);
#13069 = AXIS2_PLACEMENT_3D('',#13070,#13071,#13072);
#13070 = CARTESIAN_POINT('',(0.9125,0.46875,0.75));
#13071 = DIRECTION('',(1.,0.,0.));
#13072 = DIRECTION('',(-0.,1.,0.));
#13073 = ADVANCED_FACE('',(#13074),#13080,.F.);
#13074 = FACE_BOUND('',#13075,.F.);
#13075 = EDGE_LOOP('',(#13076,#13077,#13078,#13079));
#13076 = ORIENTED_EDGE('',*,*,#13056,.F.);
#13077 = ORIENTED_EDGE('',*,*,#12995,.F.);
#13078 = ORIENTED_EDGE('',*,*,#12278,.F.);
#13079 = ORIENTED_EDGE('',*,*,#12238,.F.);
#13080 = PLANE('',#13081);
#13081 = AXIS2_PLACEMENT_3D('',#13082,#13083,#13084);
#13082 = CARTESIAN_POINT('',(-0.9125,0.46875,0.75));
#13083 = DIRECTION('',(0.,-1.,0.));
#13084 = DIRECTION('',(1.,0.,0.));
#13085 = ADVANCED_FACE('',(#13086),#13098,.T.);
#13086 = FACE_BOUND('',#13087,.T.);
#13087 = EDGE_LOOP('',(#13088,#13089,#13090,#13091,#13092,#13093,#13094,
    #13095,#13096,#13097));
#13088 = ORIENTED_EDGE('',*,*,#12466,.F.);
#13089 = ORIENTED_EDGE('',*,*,#12537,.F.);
#13090 = ORIENTED_EDGE('',*,*,#12573,.T.);
#13091 = ORIENTED_EDGE('',*,*,#12597,.T.);
#13092 = ORIENTED_EDGE('',*,*,#12421,.T.);
#13093 = ORIENTED_EDGE('',*,*,#12382,.F.);
#13094 = ORIENTED_EDGE('',*,*,#12309,.F.);
#13095 = ORIENTED_EDGE('',*,*,#12301,.F.);
#13096 = ORIENTED_EDGE('',*,*,#12293,.T.);
#13097 = ORIENTED_EDGE('',*,*,#12668,.F.);
#13098 = PLANE('',#13099);
#13099 = AXIS2_PLACEMENT_3D('',#13100,#13101,#13102);
#13100 = CARTESIAN_POINT('',(-1.,0.625,0.));
#13101 = DIRECTION('',(0.,1.,0.));
#13102 = DIRECTION('',(0.,-0.,1.));
#13103 = ADVANCED_FACE('',(#13104),#13116,.T.);
#13104 = FACE_BOUND('',#13105,.T.);
#13105 = EDGE_LOOP('',(#13106,#13107,#13108,#13109,#13110,#13111,#13112,
    #13113,#13114,#13115));
#13106 = ORIENTED_EDGE('',*,*,#12877,.F.);
#13107 = ORIENTED_EDGE('',*,*,#12700,.F.);
#13108 = ORIENTED_EDGE('',*,*,#12334,.T.);
#13109 = ORIENTED_EDGE('',*,*,#12326,.T.);
#13110 = ORIENTED_EDGE('',*,*,#12318,.F.);
#13111 = ORIENTED_EDGE('',*,*,#13063,.F.);
#13112 = ORIENTED_EDGE('',*,*,#12979,.T.);
#13113 = ORIENTED_EDGE('',*,*,#12955,.F.);
#13114 = ORIENTED_EDGE('',*,*,#12932,.F.);
#13115 = ORIENTED_EDGE('',*,*,#12907,.T.);
#13116 = PLANE('',#13117);
#13117 = AXIS2_PLACEMENT_3D('',#13118,#13119,#13120);
#13118 = CARTESIAN_POINT('',(0.65,0.625,0.));
#13119 = DIRECTION('',(0.,1.,0.));
#13120 = DIRECTION('',(0.,-0.,1.));
#13121 = ADVANCED_FACE('',(#13122),#13127,.T.);
#13122 = FACE_BOUND('',#13123,.T.);
#13123 = EDGE_LOOP('',(#13124,#13125,#13126));
#13124 = ORIENTED_EDGE('',*,*,#12846,.T.);
#13125 = ORIENTED_EDGE('',*,*,#12822,.T.);
#13126 = ORIENTED_EDGE('',*,*,#12863,.T.);
#13127 = PLANE('',#13128);
#13128 = AXIS2_PLACEMENT_3D('',#13129,#13130,#13131);
#13129 = CARTESIAN_POINT('',(0.144337567297,9.251858538543E-18,1.75E-02)
  );
#13130 = DIRECTION('',(-0.,-0.,-1.));
#13131 = DIRECTION('',(-1.,0.,0.));
#13132 = ( GEOMETRIC_REPRESENTATION_CONTEXT(3) 
GLOBAL_UNCERTAINTY_ASSIGNED_CONTEXT((#13136)) 
GLOBAL_UNIT_ASSIGNED_CONTEXT((#13133,#13134,#13135)) 
REPRESENTATION_CONTEXT('Context #1',
  '3D Context with UNIT and UNCERTAINTY') );
#13133 = ( LENGTH_UNIT() NAMED_UNIT(*) SI_UNIT(.MILLI.,.METRE.) );
#13134 = ( NAMED_UNIT(*) PLANE_ANGLE_UNIT() SI_UNIT($,.RADIAN.) );
#13135 = ( NAMED_UNIT(*) SI_UNIT($,.STERADIAN.) SOLID_ANGLE_UNIT() );
#13136 = UNCERTAINTY_MEASURE_WITH_UNIT(LENGTH_MEASURE(1.E-07),#13133,
  'distance_accuracy_value','confusion accuracy');
#13137 = CONTEXT_DEPENDENT_SHAPE_REPRESENTATION(#13138,#13140);
#13138 = ( REPRESENTATION_RELATIONSHIP('','',#11608,#11585) 
REPRESENTATION_RELATIONSHIP_WITH_TRANSFORMATION(#13139) 
SHAPE_REPRESENTATION_RELATIONSHIP() );
#13139 = ITEM_DEFINED_TRANSFORMATION('','',#11,#11586);
#13140 = PRODUCT_DEFINITION_SHAPE('Placement','Placement of an item',
  #13141);
#13141 = NEXT_ASSEMBLY_USAGE_OCCURRENCE('20','=>[0:1:1:17]','',#11580,
  #11603,$);
#13142 = PRODUCT_RELATED_PRODUCT_CATEGORY('part',$,(#11605));
#13143 = CONTEXT_DEPENDENT_SHAPE_REPRESENTATION(#13144,#13146);
#13144 = ( REPRESENTATION_RELATIONSHIP('','',#4239,#10) 
REPRESENTATION_RELATIONSHIP_WITH_TRANSFORMATION(#13145) 
SHAPE_REPRESENTATION_RELATIONSHIP() );
#13145 = ITEM_DEFINED_TRANSFORMATION('','',#11,#67);
#13146 = PRODUCT_DEFINITION_SHAPE('Placement','Placement of an item',
  #13147);
#13147 = NEXT_ASSEMBLY_USAGE_OCCURRENCE('22','C5','',#5,#4234,$);
#13148 = CONTEXT_DEPENDENT_SHAPE_REPRESENTATION(#13149,#13151);
#13149 = ( REPRESENTATION_RELATIONSHIP('','',#5155,#10) 
REPRESENTATION_RELATIONSHIP_WITH_TRANSFORMATION(#13150) 
SHAPE_REPRESENTATION_RELATIONSHIP() );
#13150 = ITEM_DEFINED_TRANSFORMATION('','',#11,#71);
#13151 = PRODUCT_DEFINITION_SHAPE('Placement','Placement of an item',
  #13152);
#13152 = NEXT_ASSEMBLY_USAGE_OCCURRENCE('23','J1','',#5,#5150,$);
#13153 = SHAPE_DEFINITION_REPRESENTATION(#13154,#13160);
#13154 = PRODUCT_DEFINITION_SHAPE('','',#13155);
#13155 = PRODUCT_DEFINITION('design','',#13156,#13159);
#13156 = PRODUCT_DEFINITION_FORMATION('','',#13157);
#13157 = PRODUCT('SOT-23','SOT-23','',(#13158));
#13158 = PRODUCT_CONTEXT('',#2,'mechanical');
#13159 = PRODUCT_DEFINITION_CONTEXT('part definition',#2,'design');
#13160 = SHAPE_REPRESENTATION('',(#11,#13161),#13165);
#13161 = AXIS2_PLACEMENT_3D('',#13162,#13163,#13164);
#13162 = CARTESIAN_POINT('',(0.,0.,0.));
#13163 = DIRECTION('',(0.,0.,1.));
#13164 = DIRECTION('',(1.,0.,-0.));
#13165 = ( GEOMETRIC_REPRESENTATION_CONTEXT(3) 
GLOBAL_UNCERTAINTY_ASSIGNED_CONTEXT((#13169)) 
GLOBAL_UNIT_ASSIGNED_CONTEXT((#13166,#13167,#13168)) 
REPRESENTATION_CONTEXT('Context #1',
  '3D Context with UNIT and UNCERTAINTY') );
#13166 = ( LENGTH_UNIT() NAMED_UNIT(*) SI_UNIT(.MILLI.,.METRE.) );
#13167 = ( NAMED_UNIT(*) PLANE_ANGLE_UNIT() SI_UNIT($,.RADIAN.) );
#13168 = ( NAMED_UNIT(*) SI_UNIT($,.STERADIAN.) SOLID_ANGLE_UNIT() );
#13169 = UNCERTAINTY_MEASURE_WITH_UNIT(LENGTH_MEASURE(1.E-07),#13166,
  'distance_accuracy_value','confusion accuracy');
#13170 = CONTEXT_DEPENDENT_SHAPE_REPRESENTATION(#13171,#13173);
#13171 = ( REPRESENTATION_RELATIONSHIP('','',#13160,#10) 
REPRESENTATION_RELATIONSHIP_WITH_TRANSFORMATION(#13172) 
SHAPE_REPRESENTATION_RELATIONSHIP() );
#13172 = ITEM_DEFINED_TRANSFORMATION('','',#11,#75);
#13173 = PRODUCT_DEFINITION_SHAPE('Placement','Placement of an item',
  #13174);
#13174 = NEXT_ASSEMBLY_USAGE_OCCURRENCE('25','Q1','',#5,#13155,$);
#13175 = PRODUCT_RELATED_PRODUCT_CATEGORY('part',$,(#13157));
#13176 = SHAPE_DEFINITION_REPRESENTATION(#13177,#13183);
#13177 = PRODUCT_DEFINITION_SHAPE('','',#13178);
#13178 = PRODUCT_DEFINITION('design','',#13179,#13182);
#13179 = PRODUCT_DEFINITION_FORMATION('','',#13180);
#13180 = PRODUCT('SOT-23','SOT-23','',(#13181));
#13181 = PRODUCT_CONTEXT('',#2,'mechanical');
#13182 = PRODUCT_DEFINITION_CONTEXT('part definition',#2,'design');
#13183 = ADVANCED_BREP_SHAPE_REPRESENTATION('',(#11,#13184),#15166);
#13184 = MANIFOLD_SOLID_BREP('',#13185);
#13185 = CLOSED_SHELL('',(#13186,#13224,#13287,#13310,#13339,#13362,
    #13417,#13456,#13479,#13502,#13519,#13542,#13630,#13646,#13676,
    #13709,#13740,#13773,#13790,#13807,#13840,#13870,#13893,#13916,
    #13933,#13962,#14016,#14039,#14062,#14085,#14124,#14146,#14190,
    #14265,#14289,#14357,#14374,#14449,#14473,#14541,#14616,#14640,
    #14708,#14725,#14742,#14788,#14804,#14820,#14837,#14849,#14866,
    #14883,#14900,#14917,#14934,#14951,#14963,#14980,#14997,#15014,
    #15031,#15048,#15060,#15077,#15094,#15111,#15128,#15145,#15157));
#13186 = ADVANCED_FACE('',(#13187),#13219,.F.);
#13187 = FACE_BOUND('',#13188,.F.);
#13188 = EDGE_LOOP('',(#13189,#13199,#13206,#13214));
#13189 = ORIENTED_EDGE('',*,*,#13190,.T.);
#13190 = EDGE_CURVE('',#13191,#13193,#13195,.T.);
#13191 = VERTEX_POINT('',#13192);
#13192 = CARTESIAN_POINT('',(-0.571621551758,1.433243103516,0.1));
#13193 = VERTEX_POINT('',#13194);
#13194 = CARTESIAN_POINT('',(0.571621551758,1.433243103516,0.1));
#13195 = LINE('',#13196,#13197);
#13196 = CARTESIAN_POINT('',(-0.571621551758,1.433243103516,0.1));
#13197 = VECTOR('',#13198,1.);
#13198 = DIRECTION('',(1.,1.110223024625E-16,0.));
#13199 = ORIENTED_EDGE('',*,*,#13200,.T.);
#13200 = EDGE_CURVE('',#13193,#13201,#13203,.T.);
#13201 = VERTEX_POINT('',#13202);
#13202 = CARTESIAN_POINT('',(0.605,1.5,0.575));
#13203 = B_SPLINE_CURVE_WITH_KNOTS('',1,(#13204,#13205),.UNSPECIFIED.,
  .F.,.F.,(2,2),(0.,1.),.PIECEWISE_BEZIER_KNOTS.);
#13204 = CARTESIAN_POINT('',(0.571621551758,1.433243103516,0.1));
#13205 = CARTESIAN_POINT('',(0.605,1.5,0.575));
#13206 = ORIENTED_EDGE('',*,*,#13207,.F.);
#13207 = EDGE_CURVE('',#13208,#13201,#13210,.T.);
#13208 = VERTEX_POINT('',#13209);
#13209 = CARTESIAN_POINT('',(-0.605,1.5,0.575));
#13210 = LINE('',#13211,#13212);
#13211 = CARTESIAN_POINT('',(-0.605,1.5,0.575));
#13212 = VECTOR('',#13213,1.);
#13213 = DIRECTION('',(1.,1.110223024625E-16,0.));
#13214 = ORIENTED_EDGE('',*,*,#13215,.F.);
#13215 = EDGE_CURVE('',#13191,#13208,#13216,.T.);
#13216 = B_SPLINE_CURVE_WITH_KNOTS('',1,(#13217,#13218),.UNSPECIFIED.,
  .F.,.F.,(2,2),(0.,1.),.PIECEWISE_BEZIER_KNOTS.);
#13217 = CARTESIAN_POINT('',(-0.571621551758,1.433243103516,0.1));
#13218 = CARTESIAN_POINT('',(-0.605,1.5,0.575));
#13219 = B_SPLINE_SURFACE_WITH_KNOTS('',1,1,(
    (#13220,#13221)
    ,(#13222,#13223
    )),.UNSPECIFIED.,.F.,.F.,.F.,(2,2),(2,2),(0.,1.21),(0.,1.),
  .PIECEWISE_BEZIER_KNOTS.);
#13220 = CARTESIAN_POINT('',(-0.571621551758,1.433243103516,0.1));
#13221 = CARTESIAN_POINT('',(-0.605,1.5,0.575));
#13222 = CARTESIAN_POINT('',(0.571621551758,1.433243103516,0.1));
#13223 = CARTESIAN_POINT('',(0.605,1.5,0.575));
#13224 = ADVANCED_FACE('',(#13225),#13282,.T.);
#13225 = FACE_BOUND('',#13226,.T.);
#13226 = EDGE_LOOP('',(#13227,#13228,#13236,#13244,#13252,#13260,#13268,
    #13276));
#13227 = ORIENTED_EDGE('',*,*,#13190,.T.);
#13228 = ORIENTED_EDGE('',*,*,#13229,.T.);
#13229 = EDGE_CURVE('',#13193,#13230,#13232,.T.);
#13230 = VERTEX_POINT('',#13231);
#13231 = CARTESIAN_POINT('',(0.633243103516,1.371621551758,0.1));
#13232 = LINE('',#13233,#13234);
#13233 = CARTESIAN_POINT('',(0.571621551758,1.433243103516,0.1));
#13234 = VECTOR('',#13235,1.);
#13235 = DIRECTION('',(0.707106781187,-0.707106781187,0.));
#13236 = ORIENTED_EDGE('',*,*,#13237,.T.);
#13237 = EDGE_CURVE('',#13230,#13238,#13240,.T.);
#13238 = VERTEX_POINT('',#13239);
#13239 = CARTESIAN_POINT('',(0.633243103516,-1.371621551758,0.1));
#13240 = LINE('',#13241,#13242);
#13241 = CARTESIAN_POINT('',(0.633243103516,1.371621551758,0.1));
#13242 = VECTOR('',#13243,1.);
#13243 = DIRECTION('',(1.110223024625E-16,-1.,0.));
#13244 = ORIENTED_EDGE('',*,*,#13245,.T.);
#13245 = EDGE_CURVE('',#13238,#13246,#13248,.T.);
#13246 = VERTEX_POINT('',#13247);
#13247 = CARTESIAN_POINT('',(0.571621551758,-1.433243103516,0.1));
#13248 = LINE('',#13249,#13250);
#13249 = CARTESIAN_POINT('',(0.633243103516,-1.371621551758,0.1));
#13250 = VECTOR('',#13251,1.);
#13251 = DIRECTION('',(-0.707106781187,-0.707106781187,0.));
#13252 = ORIENTED_EDGE('',*,*,#13253,.T.);
#13253 = EDGE_CURVE('',#13246,#13254,#13256,.T.);
#13254 = VERTEX_POINT('',#13255);
#13255 = CARTESIAN_POINT('',(-0.571621551758,-1.433243103516,0.1));
#13256 = LINE('',#13257,#13258);
#13257 = CARTESIAN_POINT('',(0.571621551758,-1.433243103516,0.1));
#13258 = VECTOR('',#13259,1.);
#13259 = DIRECTION('',(-1.,-1.110223024625E-16,0.));
#13260 = ORIENTED_EDGE('',*,*,#13261,.T.);
#13261 = EDGE_CURVE('',#13254,#13262,#13264,.T.);
#13262 = VERTEX_POINT('',#13263);
#13263 = CARTESIAN_POINT('',(-0.633243103516,-1.371621551758,0.1));
#13264 = LINE('',#13265,#13266);
#13265 = CARTESIAN_POINT('',(-0.571621551758,-1.433243103516,0.1));
#13266 = VECTOR('',#13267,1.);
#13267 = DIRECTION('',(-0.707106781187,0.707106781187,0.));
#13268 = ORIENTED_EDGE('',*,*,#13269,.T.);
#13269 = EDGE_CURVE('',#13262,#13270,#13272,.T.);
#13270 = VERTEX_POINT('',#13271);
#13271 = CARTESIAN_POINT('',(-0.633243103516,1.371621551758,0.1));
#13272 = LINE('',#13273,#13274);
#13273 = CARTESIAN_POINT('',(-0.633243103516,-1.371621551758,0.1));
#13274 = VECTOR('',#13275,1.);
#13275 = DIRECTION('',(-1.110223024625E-16,1.,0.));
#13276 = ORIENTED_EDGE('',*,*,#13277,.T.);
#13277 = EDGE_CURVE('',#13270,#13191,#13278,.T.);
#13278 = LINE('',#13279,#13280);
#13279 = CARTESIAN_POINT('',(-0.633243103516,1.371621551758,0.1));
#13280 = VECTOR('',#13281,1.);
#13281 = DIRECTION('',(0.707106781187,0.707106781187,0.));
#13282 = PLANE('',#13283);
#13283 = AXIS2_PLACEMENT_3D('',#13284,#13285,#13286);
#13284 = CARTESIAN_POINT('',(-0.571621551758,1.433243103516,0.1));
#13285 = DIRECTION('',(0.,0.,-1.));
#13286 = DIRECTION('',(0.370454302632,-0.928850692879,0.));
#13287 = ADVANCED_FACE('',(#13288),#13305,.F.);
#13288 = FACE_BOUND('',#13289,.F.);
#13289 = EDGE_LOOP('',(#13290,#13291,#13298,#13304));
#13290 = ORIENTED_EDGE('',*,*,#13229,.T.);
#13291 = ORIENTED_EDGE('',*,*,#13292,.T.);
#13292 = EDGE_CURVE('',#13230,#13293,#13295,.T.);
#13293 = VERTEX_POINT('',#13294);
#13294 = CARTESIAN_POINT('',(0.7,1.405,0.575));
#13295 = B_SPLINE_CURVE_WITH_KNOTS('',1,(#13296,#13297),.UNSPECIFIED.,
  .F.,.F.,(2,2),(0.,1.),.PIECEWISE_BEZIER_KNOTS.);
#13296 = CARTESIAN_POINT('',(0.633243103516,1.371621551758,0.1));
#13297 = CARTESIAN_POINT('',(0.7,1.405,0.575));
#13298 = ORIENTED_EDGE('',*,*,#13299,.F.);
#13299 = EDGE_CURVE('',#13201,#13293,#13300,.T.);
#13300 = LINE('',#13301,#13302);
#13301 = CARTESIAN_POINT('',(0.605,1.5,0.575));
#13302 = VECTOR('',#13303,1.);
#13303 = DIRECTION('',(0.707106781187,-0.707106781187,0.));
#13304 = ORIENTED_EDGE('',*,*,#13200,.F.);
#13305 = B_SPLINE_SURFACE_WITH_KNOTS('',1,1,(
    (#13306,#13307)
    ,(#13308,#13309
    )),.UNSPECIFIED.,.F.,.F.,.F.,(2,2),(2,2),(0.,0.134350288425),(0.,1.)
  ,.PIECEWISE_BEZIER_KNOTS.);
#13306 = CARTESIAN_POINT('',(0.571621551758,1.433243103516,0.1));
#13307 = CARTESIAN_POINT('',(0.605,1.5,0.575));
#13308 = CARTESIAN_POINT('',(0.633243103516,1.371621551758,0.1));
#13309 = CARTESIAN_POINT('',(0.7,1.405,0.575));
#13310 = ADVANCED_FACE('',(#13311),#13334,.F.);
#13311 = FACE_BOUND('',#13312,.F.);
#13312 = EDGE_LOOP('',(#13313,#13314,#13321,#13329));
#13313 = ORIENTED_EDGE('',*,*,#13207,.T.);
#13314 = ORIENTED_EDGE('',*,*,#13315,.T.);
#13315 = EDGE_CURVE('',#13201,#13316,#13318,.T.);
#13316 = VERTEX_POINT('',#13317);
#13317 = CARTESIAN_POINT('',(0.605,1.5,0.725));
#13318 = B_SPLINE_CURVE_WITH_KNOTS('',1,(#13319,#13320),.UNSPECIFIED.,
  .F.,.F.,(2,2),(0.,1.),.PIECEWISE_BEZIER_KNOTS.);
#13319 = CARTESIAN_POINT('',(0.605,1.5,0.575));
#13320 = CARTESIAN_POINT('',(0.605,1.5,0.725));
#13321 = ORIENTED_EDGE('',*,*,#13322,.F.);
#13322 = EDGE_CURVE('',#13323,#13316,#13325,.T.);
#13323 = VERTEX_POINT('',#13324);
#13324 = CARTESIAN_POINT('',(-0.605,1.5,0.725));
#13325 = LINE('',#13326,#13327);
#13326 = CARTESIAN_POINT('',(-0.605,1.5,0.725));
#13327 = VECTOR('',#13328,1.);
#13328 = DIRECTION('',(1.,1.110223024625E-16,0.));
#13329 = ORIENTED_EDGE('',*,*,#13330,.F.);
#13330 = EDGE_CURVE('',#13208,#13323,#13331,.T.);
#13331 = B_SPLINE_CURVE_WITH_KNOTS('',1,(#13332,#13333),.UNSPECIFIED.,
  .F.,.F.,(2,2),(0.,1.),.PIECEWISE_BEZIER_KNOTS.);
#13332 = CARTESIAN_POINT('',(-0.605,1.5,0.575));
#13333 = CARTESIAN_POINT('',(-0.605,1.5,0.725));
#13334 = PLANE('',#13335);
#13335 = AXIS2_PLACEMENT_3D('',#13336,#13337,#13338);
#13336 = CARTESIAN_POINT('',(-0.605,1.5,0.725));
#13337 = DIRECTION('',(1.110223024625E-16,-1.,0.));
#13338 = DIRECTION('',(1.,1.110223024625E-16,0.));
#13339 = ADVANCED_FACE('',(#13340),#13357,.F.);
#13340 = FACE_BOUND('',#13341,.F.);
#13341 = EDGE_LOOP('',(#13342,#13343,#13344,#13352));
#13342 = ORIENTED_EDGE('',*,*,#13277,.T.);
#13343 = ORIENTED_EDGE('',*,*,#13215,.T.);
#13344 = ORIENTED_EDGE('',*,*,#13345,.F.);
#13345 = EDGE_CURVE('',#13346,#13208,#13348,.T.);
#13346 = VERTEX_POINT('',#13347);
#13347 = CARTESIAN_POINT('',(-0.7,1.405,0.575));
#13348 = LINE('',#13349,#13350);
#13349 = CARTESIAN_POINT('',(-0.7,1.405,0.575));
#13350 = VECTOR('',#13351,1.);
#13351 = DIRECTION('',(0.707106781187,0.707106781187,0.));
#13352 = ORIENTED_EDGE('',*,*,#13353,.F.);
#13353 = EDGE_CURVE('',#13270,#13346,#13354,.T.);
#13354 = B_SPLINE_CURVE_WITH_KNOTS('',1,(#13355,#13356),.UNSPECIFIED.,
  .F.,.F.,(2,2),(0.,1.),.PIECEWISE_BEZIER_KNOTS.);
#13355 = CARTESIAN_POINT('',(-0.633243103516,1.371621551758,0.1));
#13356 = CARTESIAN_POINT('',(-0.7,1.405,0.575));
#13357 = B_SPLINE_SURFACE_WITH_KNOTS('',1,1,(
    (#13358,#13359)
    ,(#13360,#13361
    )),.UNSPECIFIED.,.F.,.F.,.F.,(2,2),(2,2),(0.,0.134350288425),(0.,1.)
  ,.PIECEWISE_BEZIER_KNOTS.);
#13358 = CARTESIAN_POINT('',(-0.633243103516,1.371621551758,0.1));
#13359 = CARTESIAN_POINT('',(-0.7,1.405,0.575));
#13360 = CARTESIAN_POINT('',(-0.571621551758,1.433243103516,0.1));
#13361 = CARTESIAN_POINT('',(-0.605,1.5,0.575));
#13362 = ADVANCED_FACE('',(#13363),#13412,.F.);
#13363 = FACE_BOUND('',#13364,.F.);
#13364 = EDGE_LOOP('',(#13365,#13366,#13367,#13375,#13383,#13391,#13399,
    #13407));
#13365 = ORIENTED_EDGE('',*,*,#13269,.T.);
#13366 = ORIENTED_EDGE('',*,*,#13353,.T.);
#13367 = ORIENTED_EDGE('',*,*,#13368,.F.);
#13368 = EDGE_CURVE('',#13369,#13346,#13371,.T.);
#13369 = VERTEX_POINT('',#13370);
#13370 = CARTESIAN_POINT('',(-0.7,1.15,0.575));
#13371 = LINE('',#13372,#13373);
#13372 = CARTESIAN_POINT('',(-0.7,-1.405,0.575));
#13373 = VECTOR('',#13374,1.);
#13374 = DIRECTION('',(-1.110223024625E-16,1.,0.));
#13375 = ORIENTED_EDGE('',*,*,#13376,.F.);
#13376 = EDGE_CURVE('',#13377,#13369,#13379,.T.);
#13377 = VERTEX_POINT('',#13378);
#13378 = CARTESIAN_POINT('',(-0.7,0.75,0.575));
#13379 = LINE('',#13380,#13381);
#13380 = CARTESIAN_POINT('',(-0.7,0.75,0.575));
#13381 = VECTOR('',#13382,1.);
#13382 = DIRECTION('',(1.144237745222E-17,1.,0.));
#13383 = ORIENTED_EDGE('',*,*,#13384,.F.);
#13384 = EDGE_CURVE('',#13385,#13377,#13387,.T.);
#13385 = VERTEX_POINT('',#13386);
#13386 = CARTESIAN_POINT('',(-0.7,-0.75,0.575));
#13387 = LINE('',#13388,#13389);
#13388 = CARTESIAN_POINT('',(-0.7,-1.405,0.575));
#13389 = VECTOR('',#13390,1.);
#13390 = DIRECTION('',(-1.110223024625E-16,1.,0.));
#13391 = ORIENTED_EDGE('',*,*,#13392,.F.);
#13392 = EDGE_CURVE('',#13393,#13385,#13395,.T.);
#13393 = VERTEX_POINT('',#13394);
#13394 = CARTESIAN_POINT('',(-0.7,-1.15,0.575));
#13395 = LINE('',#13396,#13397);
#13396 = CARTESIAN_POINT('',(-0.7,-1.15,0.575));
#13397 = VECTOR('',#13398,1.);
#13398 = DIRECTION('',(1.144237745222E-17,1.,0.));
#13399 = ORIENTED_EDGE('',*,*,#13400,.F.);
#13400 = EDGE_CURVE('',#13401,#13393,#13403,.T.);
#13401 = VERTEX_POINT('',#13402);
#13402 = CARTESIAN_POINT('',(-0.7,-1.405,0.575));
#13403 = LINE('',#13404,#13405);
#13404 = CARTESIAN_POINT('',(-0.7,-1.405,0.575));
#13405 = VECTOR('',#13406,1.);
#13406 = DIRECTION('',(-1.110223024625E-16,1.,0.));
#13407 = ORIENTED_EDGE('',*,*,#13408,.F.);
#13408 = EDGE_CURVE('',#13262,#13401,#13409,.T.);
#13409 = B_SPLINE_CURVE_WITH_KNOTS('',1,(#13410,#13411),.UNSPECIFIED.,
  .F.,.F.,(2,2),(0.,1.),.PIECEWISE_BEZIER_KNOTS.);
#13410 = CARTESIAN_POINT('',(-0.633243103516,-1.371621551758,0.1));
#13411 = CARTESIAN_POINT('',(-0.7,-1.405,0.575));
#13412 = B_SPLINE_SURFACE_WITH_KNOTS('',1,1,(
    (#13413,#13414)
    ,(#13415,#13416
    )),.UNSPECIFIED.,.F.,.F.,.F.,(2,2),(2,2),(0.,2.81),(0.,1.),
  .PIECEWISE_BEZIER_KNOTS.);
#13413 = CARTESIAN_POINT('',(-0.633243103516,-1.371621551758,0.1));
#13414 = CARTESIAN_POINT('',(-0.7,-1.405,0.575));
#13415 = CARTESIAN_POINT('',(-0.633243103516,1.371621551758,0.1));
#13416 = CARTESIAN_POINT('',(-0.7,1.405,0.575));
#13417 = ADVANCED_FACE('',(#13418),#13451,.F.);
#13418 = FACE_BOUND('',#13419,.F.);
#13419 = EDGE_LOOP('',(#13420,#13421,#13428,#13436,#13444,#13450));
#13420 = ORIENTED_EDGE('',*,*,#13237,.T.);
#13421 = ORIENTED_EDGE('',*,*,#13422,.T.);
#13422 = EDGE_CURVE('',#13238,#13423,#13425,.T.);
#13423 = VERTEX_POINT('',#13424);
#13424 = CARTESIAN_POINT('',(0.7,-1.405,0.575));
#13425 = B_SPLINE_CURVE_WITH_KNOTS('',1,(#13426,#13427),.UNSPECIFIED.,
  .F.,.F.,(2,2),(0.,1.),.PIECEWISE_BEZIER_KNOTS.);
#13426 = CARTESIAN_POINT('',(0.633243103516,-1.371621551758,0.1));
#13427 = CARTESIAN_POINT('',(0.7,-1.405,0.575));
#13428 = ORIENTED_EDGE('',*,*,#13429,.F.);
#13429 = EDGE_CURVE('',#13430,#13423,#13432,.T.);
#13430 = VERTEX_POINT('',#13431);
#13431 = CARTESIAN_POINT('',(0.7,-0.2,0.575));
#13432 = LINE('',#13433,#13434);
#13433 = CARTESIAN_POINT('',(0.7,1.405,0.575));
#13434 = VECTOR('',#13435,1.);
#13435 = DIRECTION('',(1.110223024625E-16,-1.,0.));
#13436 = ORIENTED_EDGE('',*,*,#13437,.F.);
#13437 = EDGE_CURVE('',#13438,#13430,#13440,.T.);
#13438 = VERTEX_POINT('',#13439);
#13439 = CARTESIAN_POINT('',(0.7,0.2,0.575));
#13440 = LINE('',#13441,#13442);
#13441 = CARTESIAN_POINT('',(0.7,0.2,0.575));
#13442 = VECTOR('',#13443,1.);
#13443 = DIRECTION('',(1.110223024625E-16,-1.,0.));
#13444 = ORIENTED_EDGE('',*,*,#13445,.F.);
#13445 = EDGE_CURVE('',#13293,#13438,#13446,.T.);
#13446 = LINE('',#13447,#13448);
#13447 = CARTESIAN_POINT('',(0.7,1.405,0.575));
#13448 = VECTOR('',#13449,1.);
#13449 = DIRECTION('',(1.110223024625E-16,-1.,0.));
#13450 = ORIENTED_EDGE('',*,*,#13292,.F.);
#13451 = B_SPLINE_SURFACE_WITH_KNOTS('',1,1,(
    (#13452,#13453)
    ,(#13454,#13455
    )),.UNSPECIFIED.,.F.,.F.,.F.,(2,2),(2,2),(0.,2.81),(0.,1.),
  .PIECEWISE_BEZIER_KNOTS.);
#13452 = CARTESIAN_POINT('',(0.633243103516,1.371621551758,0.1));
#13453 = CARTESIAN_POINT('',(0.7,1.405,0.575));
#13454 = CARTESIAN_POINT('',(0.633243103516,-1.371621551758,0.1));
#13455 = CARTESIAN_POINT('',(0.7,-1.405,0.575));
#13456 = ADVANCED_FACE('',(#13457),#13474,.F.);
#13457 = FACE_BOUND('',#13458,.F.);
#13458 = EDGE_LOOP('',(#13459,#13460,#13461,#13469));
#13459 = ORIENTED_EDGE('',*,*,#13261,.T.);
#13460 = ORIENTED_EDGE('',*,*,#13408,.T.);
#13461 = ORIENTED_EDGE('',*,*,#13462,.F.);
#13462 = EDGE_CURVE('',#13463,#13401,#13465,.T.);
#13463 = VERTEX_POINT('',#13464);
#13464 = CARTESIAN_POINT('',(-0.605,-1.5,0.575));
#13465 = LINE('',#13466,#13467);
#13466 = CARTESIAN_POINT('',(-0.605,-1.5,0.575));
#13467 = VECTOR('',#13468,1.);
#13468 = DIRECTION('',(-0.707106781187,0.707106781187,0.));
#13469 = ORIENTED_EDGE('',*,*,#13470,.F.);
#13470 = EDGE_CURVE('',#13254,#13463,#13471,.T.);
#13471 = B_SPLINE_CURVE_WITH_KNOTS('',1,(#13472,#13473),.UNSPECIFIED.,
  .F.,.F.,(2,2),(0.,1.),.PIECEWISE_BEZIER_KNOTS.);
#13472 = CARTESIAN_POINT('',(-0.571621551758,-1.433243103516,0.1));
#13473 = CARTESIAN_POINT('',(-0.605,-1.5,0.575));
#13474 = B_SPLINE_SURFACE_WITH_KNOTS('',1,1,(
    (#13475,#13476)
    ,(#13477,#13478
    )),.UNSPECIFIED.,.F.,.F.,.F.,(2,2),(2,2),(0.,0.134350288425),(0.,1.)
  ,.PIECEWISE_BEZIER_KNOTS.);
#13475 = CARTESIAN_POINT('',(-0.571621551758,-1.433243103516,0.1));
#13476 = CARTESIAN_POINT('',(-0.605,-1.5,0.575));
#13477 = CARTESIAN_POINT('',(-0.633243103516,-1.371621551758,0.1));
#13478 = CARTESIAN_POINT('',(-0.7,-1.405,0.575));
#13479 = ADVANCED_FACE('',(#13480),#13497,.F.);
#13480 = FACE_BOUND('',#13481,.F.);
#13481 = EDGE_LOOP('',(#13482,#13483,#13490,#13496));
#13482 = ORIENTED_EDGE('',*,*,#13245,.T.);
#13483 = ORIENTED_EDGE('',*,*,#13484,.T.);
#13484 = EDGE_CURVE('',#13246,#13485,#13487,.T.);
#13485 = VERTEX_POINT('',#13486);
#13486 = CARTESIAN_POINT('',(0.605,-1.5,0.575));
#13487 = B_SPLINE_CURVE_WITH_KNOTS('',1,(#13488,#13489),.UNSPECIFIED.,
  .F.,.F.,(2,2),(0.,1.),.PIECEWISE_BEZIER_KNOTS.);
#13488 = CARTESIAN_POINT('',(0.571621551758,-1.433243103516,0.1));
#13489 = CARTESIAN_POINT('',(0.605,-1.5,0.575));
#13490 = ORIENTED_EDGE('',*,*,#13491,.F.);
#13491 = EDGE_CURVE('',#13423,#13485,#13492,.T.);
#13492 = LINE('',#13493,#13494);
#13493 = CARTESIAN_POINT('',(0.7,-1.405,0.575));
#13494 = VECTOR('',#13495,1.);
#13495 = DIRECTION('',(-0.707106781187,-0.707106781187,0.));
#13496 = ORIENTED_EDGE('',*,*,#13422,.F.);
#13497 = B_SPLINE_SURFACE_WITH_KNOTS('',1,1,(
    (#13498,#13499)
    ,(#13500,#13501
    )),.UNSPECIFIED.,.F.,.F.,.F.,(2,2),(2,2),(0.,0.134350288425),(0.,1.)
  ,.PIECEWISE_BEZIER_KNOTS.);
#13498 = CARTESIAN_POINT('',(0.633243103516,-1.371621551758,0.1));
#13499 = CARTESIAN_POINT('',(0.7,-1.405,0.575));
#13500 = CARTESIAN_POINT('',(0.571621551758,-1.433243103516,0.1));
#13501 = CARTESIAN_POINT('',(0.605,-1.5,0.575));
#13502 = ADVANCED_FACE('',(#13503),#13514,.F.);
#13503 = FACE_BOUND('',#13504,.F.);
#13504 = EDGE_LOOP('',(#13505,#13506,#13507,#13513));
#13505 = ORIENTED_EDGE('',*,*,#13253,.T.);
#13506 = ORIENTED_EDGE('',*,*,#13470,.T.);
#13507 = ORIENTED_EDGE('',*,*,#13508,.F.);
#13508 = EDGE_CURVE('',#13485,#13463,#13509,.T.);
#13509 = LINE('',#13510,#13511);
#13510 = CARTESIAN_POINT('',(0.605,-1.5,0.575));
#13511 = VECTOR('',#13512,1.);
#13512 = DIRECTION('',(-1.,-1.110223024625E-16,0.));
#13513 = ORIENTED_EDGE('',*,*,#13484,.F.);
#13514 = B_SPLINE_SURFACE_WITH_KNOTS('',1,1,(
    (#13515,#13516)
    ,(#13517,#13518
    )),.UNSPECIFIED.,.F.,.F.,.F.,(2,2),(2,2),(0.,1.21),(0.,1.),
  .PIECEWISE_BEZIER_KNOTS.);
#13515 = CARTESIAN_POINT('',(0.571621551758,-1.433243103516,0.1));
#13516 = CARTESIAN_POINT('',(0.605,-1.5,0.575));
#13517 = CARTESIAN_POINT('',(-0.571621551758,-1.433243103516,0.1));
#13518 = CARTESIAN_POINT('',(-0.605,-1.5,0.575));
#13519 = ADVANCED_FACE('',(#13520),#13537,.F.);
#13520 = FACE_BOUND('',#13521,.F.);
#13521 = EDGE_LOOP('',(#13522,#13523,#13530,#13536));
#13522 = ORIENTED_EDGE('',*,*,#13299,.T.);
#13523 = ORIENTED_EDGE('',*,*,#13524,.T.);
#13524 = EDGE_CURVE('',#13293,#13525,#13527,.T.);
#13525 = VERTEX_POINT('',#13526);
#13526 = CARTESIAN_POINT('',(0.7,1.405,0.725));
#13527 = B_SPLINE_CURVE_WITH_KNOTS('',1,(#13528,#13529),.UNSPECIFIED.,
  .F.,.F.,(2,2),(0.,1.),.PIECEWISE_BEZIER_KNOTS.);
#13528 = CARTESIAN_POINT('',(0.7,1.405,0.575));
#13529 = CARTESIAN_POINT('',(0.7,1.405,0.725));
#13530 = ORIENTED_EDGE('',*,*,#13531,.F.);
#13531 = EDGE_CURVE('',#13316,#13525,#13532,.T.);
#13532 = LINE('',#13533,#13534);
#13533 = CARTESIAN_POINT('',(0.605,1.5,0.725));
#13534 = VECTOR('',#13535,1.);
#13535 = DIRECTION('',(0.707106781187,-0.707106781187,0.));
#13536 = ORIENTED_EDGE('',*,*,#13315,.F.);
#13537 = PLANE('',#13538);
#13538 = AXIS2_PLACEMENT_3D('',#13539,#13540,#13541);
#13539 = CARTESIAN_POINT('',(0.605,1.5,0.725));
#13540 = DIRECTION('',(-0.707106781187,-0.707106781187,0.));
#13541 = DIRECTION('',(0.707106781187,-0.707106781187,0.));
#13542 = ADVANCED_FACE('',(#13543),#13625,.F.);
#13543 = FACE_BOUND('',#13544,.F.);
#13544 = EDGE_LOOP('',(#13545,#13553,#13554,#13555,#13563,#13571,#13579,
    #13587,#13595,#13603,#13611,#13619));
#13545 = ORIENTED_EDGE('',*,*,#13546,.T.);
#13546 = EDGE_CURVE('',#13547,#13323,#13549,.T.);
#13547 = VERTEX_POINT('',#13548);
#13548 = CARTESIAN_POINT('',(-0.7,1.405,0.725));
#13549 = LINE('',#13550,#13551);
#13550 = CARTESIAN_POINT('',(-0.7,1.405,0.725));
#13551 = VECTOR('',#13552,1.);
#13552 = DIRECTION('',(0.707106781187,0.707106781187,0.));
#13553 = ORIENTED_EDGE('',*,*,#13322,.T.);
#13554 = ORIENTED_EDGE('',*,*,#13531,.T.);
#13555 = ORIENTED_EDGE('',*,*,#13556,.T.);
#13556 = EDGE_CURVE('',#13525,#13557,#13559,.T.);
#13557 = VERTEX_POINT('',#13558);
#13558 = CARTESIAN_POINT('',(0.7,0.2,0.725));
#13559 = LINE('',#13560,#13561);
#13560 = CARTESIAN_POINT('',(0.7,1.405,0.725));
#13561 = VECTOR('',#13562,1.);
#13562 = DIRECTION('',(1.110223024625E-16,-1.,0.));
#13563 = ORIENTED_EDGE('',*,*,#13564,.T.);
#13564 = EDGE_CURVE('',#13557,#13565,#13567,.T.);
#13565 = VERTEX_POINT('',#13566);
#13566 = CARTESIAN_POINT('',(0.675,0.2,0.725));
#13567 = LINE('',#13568,#13569);
#13568 = CARTESIAN_POINT('',(0.7,0.2,0.725));
#13569 = VECTOR('',#13570,1.);
#13570 = DIRECTION('',(-1.,-1.110223024625E-16,0.));
#13571 = ORIENTED_EDGE('',*,*,#13572,.F.);
#13572 = EDGE_CURVE('',#13573,#13565,#13575,.T.);
#13573 = VERTEX_POINT('',#13574);
#13574 = CARTESIAN_POINT('',(0.675,1.3925,0.725));
#13575 = LINE('',#13576,#13577);
#13576 = CARTESIAN_POINT('',(0.675,1.3925,0.725));
#13577 = VECTOR('',#13578,1.);
#13578 = DIRECTION('',(1.110223024625E-16,-1.,0.));
#13579 = ORIENTED_EDGE('',*,*,#13580,.F.);
#13580 = EDGE_CURVE('',#13581,#13573,#13583,.T.);
#13581 = VERTEX_POINT('',#13582);
#13582 = CARTESIAN_POINT('',(0.5925,1.475,0.725));
#13583 = LINE('',#13584,#13585);
#13584 = CARTESIAN_POINT('',(0.5925,1.475,0.725));
#13585 = VECTOR('',#13586,1.);
#13586 = DIRECTION('',(0.707106781187,-0.707106781187,0.));
#13587 = ORIENTED_EDGE('',*,*,#13588,.F.);
#13588 = EDGE_CURVE('',#13589,#13581,#13591,.T.);
#13589 = VERTEX_POINT('',#13590);
#13590 = CARTESIAN_POINT('',(-0.5925,1.475,0.725));
#13591 = LINE('',#13592,#13593);
#13592 = CARTESIAN_POINT('',(-0.5925,1.475,0.725));
#13593 = VECTOR('',#13594,1.);
#13594 = DIRECTION('',(1.,1.110223024625E-16,0.));
#13595 = ORIENTED_EDGE('',*,*,#13596,.F.);
#13596 = EDGE_CURVE('',#13597,#13589,#13599,.T.);
#13597 = VERTEX_POINT('',#13598);
#13598 = CARTESIAN_POINT('',(-0.675,1.3925,0.725));
#13599 = LINE('',#13600,#13601);
#13600 = CARTESIAN_POINT('',(-0.675,1.3925,0.725));
#13601 = VECTOR('',#13602,1.);
#13602 = DIRECTION('',(0.707106781187,0.707106781187,0.));
#13603 = ORIENTED_EDGE('',*,*,#13604,.F.);
#13604 = EDGE_CURVE('',#13605,#13597,#13607,.T.);
#13605 = VERTEX_POINT('',#13606);
#13606 = CARTESIAN_POINT('',(-0.675,1.15,0.725));
#13607 = LINE('',#13608,#13609);
#13608 = CARTESIAN_POINT('',(-0.675,-1.3925,0.725));
#13609 = VECTOR('',#13610,1.);
#13610 = DIRECTION('',(-1.110223024625E-16,1.,0.));
#13611 = ORIENTED_EDGE('',*,*,#13612,.F.);
#13612 = EDGE_CURVE('',#13613,#13605,#13615,.T.);
#13613 = VERTEX_POINT('',#13614);
#13614 = CARTESIAN_POINT('',(-0.7,1.15,0.725));
#13615 = LINE('',#13616,#13617);
#13616 = CARTESIAN_POINT('',(-0.7,1.15,0.725));
#13617 = VECTOR('',#13618,1.);
#13618 = DIRECTION('',(1.,-1.144237745222E-17,0.));
#13619 = ORIENTED_EDGE('',*,*,#13620,.T.);
#13620 = EDGE_CURVE('',#13613,#13547,#13621,.T.);
#13621 = LINE('',#13622,#13623);
#13622 = CARTESIAN_POINT('',(-0.7,-1.405,0.725));
#13623 = VECTOR('',#13624,1.);
#13624 = DIRECTION('',(-1.110223024625E-16,1.,0.));
#13625 = PLANE('',#13626);
#13626 = AXIS2_PLACEMENT_3D('',#13627,#13628,#13629);
#13627 = CARTESIAN_POINT('',(-1.486299604971E-16,1.4875,0.725));
#13628 = DIRECTION('',(1.022886882533E-31,-6.310887241768E-27,-1.));
#13629 = DIRECTION('',(1.,1.217738924546E-16,1.022886882525E-31));
#13630 = ADVANCED_FACE('',(#13631),#13641,.F.);
#13631 = FACE_BOUND('',#13632,.F.);
#13632 = EDGE_LOOP('',(#13633,#13634,#13635,#13636));
#13633 = ORIENTED_EDGE('',*,*,#13345,.T.);
#13634 = ORIENTED_EDGE('',*,*,#13330,.T.);
#13635 = ORIENTED_EDGE('',*,*,#13546,.F.);
#13636 = ORIENTED_EDGE('',*,*,#13637,.F.);
#13637 = EDGE_CURVE('',#13346,#13547,#13638,.T.);
#13638 = B_SPLINE_CURVE_WITH_KNOTS('',1,(#13639,#13640),.UNSPECIFIED.,
  .F.,.F.,(2,2),(0.,1.),.PIECEWISE_BEZIER_KNOTS.);
#13639 = CARTESIAN_POINT('',(-0.7,1.405,0.575));
#13640 = CARTESIAN_POINT('',(-0.7,1.405,0.725));
#13641 = PLANE('',#13642);
#13642 = AXIS2_PLACEMENT_3D('',#13643,#13644,#13645);
#13643 = CARTESIAN_POINT('',(-0.7,1.405,0.725));
#13644 = DIRECTION('',(0.707106781187,-0.707106781187,0.));
#13645 = DIRECTION('',(0.707106781187,0.707106781187,0.));
#13646 = ADVANCED_FACE('',(#13647),#13671,.F.);
#13647 = FACE_BOUND('',#13648,.F.);
#13648 = EDGE_LOOP('',(#13649,#13656,#13657,#13665));
#13649 = ORIENTED_EDGE('',*,*,#13650,.F.);
#13650 = EDGE_CURVE('',#13401,#13651,#13653,.T.);
#13651 = VERTEX_POINT('',#13652);
#13652 = CARTESIAN_POINT('',(-0.7,-1.405,0.725));
#13653 = B_SPLINE_CURVE_WITH_KNOTS('',1,(#13654,#13655),.UNSPECIFIED.,
  .F.,.F.,(2,2),(0.,1.),.PIECEWISE_BEZIER_KNOTS.);
#13654 = CARTESIAN_POINT('',(-0.7,-1.405,0.575));
#13655 = CARTESIAN_POINT('',(-0.7,-1.405,0.725));
#13656 = ORIENTED_EDGE('',*,*,#13400,.T.);
#13657 = ORIENTED_EDGE('',*,*,#13658,.T.);
#13658 = EDGE_CURVE('',#13393,#13659,#13661,.T.);
#13659 = VERTEX_POINT('',#13660);
#13660 = CARTESIAN_POINT('',(-0.7,-1.15,0.725));
#13661 = LINE('',#13662,#13663);
#13662 = CARTESIAN_POINT('',(-0.7,-1.15,0.529763586955));
#13663 = VECTOR('',#13664,1.);
#13664 = DIRECTION('',(0.,0.,1.));
#13665 = ORIENTED_EDGE('',*,*,#13666,.F.);
#13666 = EDGE_CURVE('',#13651,#13659,#13667,.T.);
#13667 = LINE('',#13668,#13669);
#13668 = CARTESIAN_POINT('',(-0.7,-1.405,0.725));
#13669 = VECTOR('',#13670,1.);
#13670 = DIRECTION('',(-1.110223024625E-16,1.,0.));
#13671 = PLANE('',#13672);
#13672 = AXIS2_PLACEMENT_3D('',#13673,#13674,#13675);
#13673 = CARTESIAN_POINT('',(-0.7,-1.405,0.725));
#13674 = DIRECTION('',(1.,1.110223024625E-16,0.));
#13675 = DIRECTION('',(-1.110223024625E-16,1.,0.));
#13676 = ADVANCED_FACE('',(#13677),#13704,.F.);
#13677 = FACE_BOUND('',#13678,.F.);
#13678 = EDGE_LOOP('',(#13679,#13680,#13689,#13697));
#13679 = ORIENTED_EDGE('',*,*,#13392,.T.);
#13680 = ORIENTED_EDGE('',*,*,#13681,.T.);
#13681 = EDGE_CURVE('',#13385,#13682,#13684,.T.);
#13682 = VERTEX_POINT('',#13683);
#13683 = CARTESIAN_POINT('',(-0.798480775301,-0.75,0.492364817767));
#13684 = CIRCLE('',#13685,0.1);
#13685 = AXIS2_PLACEMENT_3D('',#13686,#13687,#13688);
#13686 = CARTESIAN_POINT('',(-0.7,-0.75,0.475));
#13687 = DIRECTION('',(-1.144237745222E-17,-1.,-5.473822126269E-48));
#13688 = DIRECTION('',(2.22044604925E-15,-2.540718180781E-32,1.));
#13689 = ORIENTED_EDGE('',*,*,#13690,.F.);
#13690 = EDGE_CURVE('',#13691,#13682,#13693,.T.);
#13691 = VERTEX_POINT('',#13692);
#13692 = CARTESIAN_POINT('',(-0.798480775301,-1.15,0.492364817767));
#13693 = LINE('',#13694,#13695);
#13694 = CARTESIAN_POINT('',(-0.798480775301,-1.15,0.492364817767));
#13695 = VECTOR('',#13696,1.);
#13696 = DIRECTION('',(1.144237745222E-17,1.,0.));
#13697 = ORIENTED_EDGE('',*,*,#13698,.F.);
#13698 = EDGE_CURVE('',#13393,#13691,#13699,.T.);
#13699 = CIRCLE('',#13700,0.1);
#13700 = AXIS2_PLACEMENT_3D('',#13701,#13702,#13703);
#13701 = CARTESIAN_POINT('',(-0.7,-1.15,0.475));
#13702 = DIRECTION('',(-1.144237745222E-17,-1.,-5.473822126269E-48));
#13703 = DIRECTION('',(2.22044604925E-15,-2.540718180781E-32,1.));
#13704 = CYLINDRICAL_SURFACE('',#13705,0.1);
#13705 = AXIS2_PLACEMENT_3D('',#13706,#13707,#13708);
#13706 = CARTESIAN_POINT('',(-0.7,-1.15,0.475));
#13707 = DIRECTION('',(-1.144237745222E-17,-1.,0.));
#13708 = DIRECTION('',(2.22044604925E-15,-2.540718180781E-32,1.));
#13709 = ADVANCED_FACE('',(#13710),#13735,.F.);
#13710 = FACE_BOUND('',#13711,.F.);
#13711 = EDGE_LOOP('',(#13712,#13720,#13721,#13729));
#13712 = ORIENTED_EDGE('',*,*,#13713,.F.);
#13713 = EDGE_CURVE('',#13385,#13714,#13716,.T.);
#13714 = VERTEX_POINT('',#13715);
#13715 = CARTESIAN_POINT('',(-0.7,-0.75,0.725));
#13716 = LINE('',#13717,#13718);
#13717 = CARTESIAN_POINT('',(-0.7,-0.75,0.529763586955));
#13718 = VECTOR('',#13719,1.);
#13719 = DIRECTION('',(0.,0.,1.));
#13720 = ORIENTED_EDGE('',*,*,#13384,.T.);
#13721 = ORIENTED_EDGE('',*,*,#13722,.T.);
#13722 = EDGE_CURVE('',#13377,#13723,#13725,.T.);
#13723 = VERTEX_POINT('',#13724);
#13724 = CARTESIAN_POINT('',(-0.7,0.75,0.725));
#13725 = LINE('',#13726,#13727);
#13726 = CARTESIAN_POINT('',(-0.7,0.75,0.529763586955));
#13727 = VECTOR('',#13728,1.);
#13728 = DIRECTION('',(0.,0.,1.));
#13729 = ORIENTED_EDGE('',*,*,#13730,.F.);
#13730 = EDGE_CURVE('',#13714,#13723,#13731,.T.);
#13731 = LINE('',#13732,#13733);
#13732 = CARTESIAN_POINT('',(-0.7,-1.405,0.725));
#13733 = VECTOR('',#13734,1.);
#13734 = DIRECTION('',(-1.110223024625E-16,1.,0.));
#13735 = PLANE('',#13736);
#13736 = AXIS2_PLACEMENT_3D('',#13737,#13738,#13739);
#13737 = CARTESIAN_POINT('',(-0.7,-1.405,0.725));
#13738 = DIRECTION('',(1.,1.110223024625E-16,0.));
#13739 = DIRECTION('',(-1.110223024625E-16,1.,0.));
#13740 = ADVANCED_FACE('',(#13741),#13768,.F.);
#13741 = FACE_BOUND('',#13742,.F.);
#13742 = EDGE_LOOP('',(#13743,#13744,#13753,#13761));
#13743 = ORIENTED_EDGE('',*,*,#13376,.T.);
#13744 = ORIENTED_EDGE('',*,*,#13745,.T.);
#13745 = EDGE_CURVE('',#13369,#13746,#13748,.T.);
#13746 = VERTEX_POINT('',#13747);
#13747 = CARTESIAN_POINT('',(-0.798480775301,1.15,0.492364817767));
#13748 = CIRCLE('',#13749,0.1);
#13749 = AXIS2_PLACEMENT_3D('',#13750,#13751,#13752);
#13750 = CARTESIAN_POINT('',(-0.7,1.15,0.475));
#13751 = DIRECTION('',(-1.144237745222E-17,-1.,-5.473822126269E-48));
#13752 = DIRECTION('',(2.22044604925E-15,-2.540718180781E-32,1.));
#13753 = ORIENTED_EDGE('',*,*,#13754,.F.);
#13754 = EDGE_CURVE('',#13755,#13746,#13757,.T.);
#13755 = VERTEX_POINT('',#13756);
#13756 = CARTESIAN_POINT('',(-0.798480775301,0.75,0.492364817767));
#13757 = LINE('',#13758,#13759);
#13758 = CARTESIAN_POINT('',(-0.798480775301,0.75,0.492364817767));
#13759 = VECTOR('',#13760,1.);
#13760 = DIRECTION('',(1.144237745222E-17,1.,0.));
#13761 = ORIENTED_EDGE('',*,*,#13762,.F.);
#13762 = EDGE_CURVE('',#13377,#13755,#13763,.T.);
#13763 = CIRCLE('',#13764,0.1);
#13764 = AXIS2_PLACEMENT_3D('',#13765,#13766,#13767);
#13765 = CARTESIAN_POINT('',(-0.7,0.75,0.475));
#13766 = DIRECTION('',(-1.144237745222E-17,-1.,-5.473822126269E-48));
#13767 = DIRECTION('',(2.22044604925E-15,-2.540718180781E-32,1.));
#13768 = CYLINDRICAL_SURFACE('',#13769,0.1);
#13769 = AXIS2_PLACEMENT_3D('',#13770,#13771,#13772);
#13770 = CARTESIAN_POINT('',(-0.7,0.75,0.475));
#13771 = DIRECTION('',(-1.144237745222E-17,-1.,0.));
#13772 = DIRECTION('',(2.22044604925E-15,-2.540718180781E-32,1.));
#13773 = ADVANCED_FACE('',(#13774),#13785,.F.);
#13774 = FACE_BOUND('',#13775,.F.);
#13775 = EDGE_LOOP('',(#13776,#13782,#13783,#13784));
#13776 = ORIENTED_EDGE('',*,*,#13777,.F.);
#13777 = EDGE_CURVE('',#13369,#13613,#13778,.T.);
#13778 = LINE('',#13779,#13780);
#13779 = CARTESIAN_POINT('',(-0.7,1.15,0.529763586955));
#13780 = VECTOR('',#13781,1.);
#13781 = DIRECTION('',(0.,0.,1.));
#13782 = ORIENTED_EDGE('',*,*,#13368,.T.);
#13783 = ORIENTED_EDGE('',*,*,#13637,.T.);
#13784 = ORIENTED_EDGE('',*,*,#13620,.F.);
#13785 = PLANE('',#13786);
#13786 = AXIS2_PLACEMENT_3D('',#13787,#13788,#13789);
#13787 = CARTESIAN_POINT('',(-0.7,-1.405,0.725));
#13788 = DIRECTION('',(1.,1.110223024625E-16,0.));
#13789 = DIRECTION('',(-1.110223024625E-16,1.,0.));
#13790 = ADVANCED_FACE('',(#13791),#13802,.F.);
#13791 = FACE_BOUND('',#13792,.F.);
#13792 = EDGE_LOOP('',(#13793,#13794,#13795,#13801));
#13793 = ORIENTED_EDGE('',*,*,#13524,.F.);
#13794 = ORIENTED_EDGE('',*,*,#13445,.T.);
#13795 = ORIENTED_EDGE('',*,*,#13796,.T.);
#13796 = EDGE_CURVE('',#13438,#13557,#13797,.T.);
#13797 = LINE('',#13798,#13799);
#13798 = CARTESIAN_POINT('',(0.7,0.2,0.529763586955));
#13799 = VECTOR('',#13800,1.);
#13800 = DIRECTION('',(0.,0.,1.));
#13801 = ORIENTED_EDGE('',*,*,#13556,.F.);
#13802 = PLANE('',#13803);
#13803 = AXIS2_PLACEMENT_3D('',#13804,#13805,#13806);
#13804 = CARTESIAN_POINT('',(0.7,1.405,0.725));
#13805 = DIRECTION('',(-1.,-1.110223024625E-16,0.));
#13806 = DIRECTION('',(1.110223024625E-16,-1.,0.));
#13807 = ADVANCED_FACE('',(#13808),#13835,.F.);
#13808 = FACE_BOUND('',#13809,.F.);
#13809 = EDGE_LOOP('',(#13810,#13811,#13820,#13828));
#13810 = ORIENTED_EDGE('',*,*,#13437,.T.);
#13811 = ORIENTED_EDGE('',*,*,#13812,.T.);
#13812 = EDGE_CURVE('',#13430,#13813,#13815,.T.);
#13813 = VERTEX_POINT('',#13814);
#13814 = CARTESIAN_POINT('',(0.798480775301,-0.2,0.492364817767));
#13815 = CIRCLE('',#13816,0.1);
#13816 = AXIS2_PLACEMENT_3D('',#13817,#13818,#13819);
#13817 = CARTESIAN_POINT('',(0.7,-0.2,0.475));
#13818 = DIRECTION('',(-1.110223024625E-16,1.,0.));
#13819 = DIRECTION('',(-2.22044604925E-15,-2.465190328815E-31,1.));
#13820 = ORIENTED_EDGE('',*,*,#13821,.F.);
#13821 = EDGE_CURVE('',#13822,#13813,#13824,.T.);
#13822 = VERTEX_POINT('',#13823);
#13823 = CARTESIAN_POINT('',(0.798480775301,0.2,0.492364817767));
#13824 = LINE('',#13825,#13826);
#13825 = CARTESIAN_POINT('',(0.798480775301,0.2,0.492364817767));
#13826 = VECTOR('',#13827,1.);
#13827 = DIRECTION('',(1.110223024625E-16,-1.,0.));
#13828 = ORIENTED_EDGE('',*,*,#13829,.F.);
#13829 = EDGE_CURVE('',#13438,#13822,#13830,.T.);
#13830 = CIRCLE('',#13831,0.1);
#13831 = AXIS2_PLACEMENT_3D('',#13832,#13833,#13834);
#13832 = CARTESIAN_POINT('',(0.7,0.2,0.475));
#13833 = DIRECTION('',(-1.110223024625E-16,1.,0.));
#13834 = DIRECTION('',(-2.22044604925E-15,-2.465190328815E-31,1.));
#13835 = CYLINDRICAL_SURFACE('',#13836,0.1);
#13836 = AXIS2_PLACEMENT_3D('',#13837,#13838,#13839);
#13837 = CARTESIAN_POINT('',(0.7,0.2,0.475));
#13838 = DIRECTION('',(-1.110223024625E-16,1.,0.));
#13839 = DIRECTION('',(-2.22044604925E-15,-2.465190328815E-31,1.));
#13840 = ADVANCED_FACE('',(#13841),#13865,.F.);
#13841 = FACE_BOUND('',#13842,.F.);
#13842 = EDGE_LOOP('',(#13843,#13851,#13852,#13859));
#13843 = ORIENTED_EDGE('',*,*,#13844,.F.);
#13844 = EDGE_CURVE('',#13430,#13845,#13847,.T.);
#13845 = VERTEX_POINT('',#13846);
#13846 = CARTESIAN_POINT('',(0.7,-0.2,0.725));
#13847 = LINE('',#13848,#13849);
#13848 = CARTESIAN_POINT('',(0.7,-0.2,0.529763586955));
#13849 = VECTOR('',#13850,1.);
#13850 = DIRECTION('',(0.,0.,1.));
#13851 = ORIENTED_EDGE('',*,*,#13429,.T.);
#13852 = ORIENTED_EDGE('',*,*,#13853,.T.);
#13853 = EDGE_CURVE('',#13423,#13854,#13856,.T.);
#13854 = VERTEX_POINT('',#13855);
#13855 = CARTESIAN_POINT('',(0.7,-1.405,0.725));
#13856 = B_SPLINE_CURVE_WITH_KNOTS('',1,(#13857,#13858),.UNSPECIFIED.,
  .F.,.F.,(2,2),(0.,1.),.PIECEWISE_BEZIER_KNOTS.);
#13857 = CARTESIAN_POINT('',(0.7,-1.405,0.575));
#13858 = CARTESIAN_POINT('',(0.7,-1.405,0.725));
#13859 = ORIENTED_EDGE('',*,*,#13860,.F.);
#13860 = EDGE_CURVE('',#13845,#13854,#13861,.T.);
#13861 = LINE('',#13862,#13863);
#13862 = CARTESIAN_POINT('',(0.7,1.405,0.725));
#13863 = VECTOR('',#13864,1.);
#13864 = DIRECTION('',(1.110223024625E-16,-1.,0.));
#13865 = PLANE('',#13866);
#13866 = AXIS2_PLACEMENT_3D('',#13867,#13868,#13869);
#13867 = CARTESIAN_POINT('',(0.7,1.405,0.725));
#13868 = DIRECTION('',(-1.,-1.110223024625E-16,0.));
#13869 = DIRECTION('',(1.110223024625E-16,-1.,0.));
#13870 = ADVANCED_FACE('',(#13871),#13888,.F.);
#13871 = FACE_BOUND('',#13872,.F.);
#13872 = EDGE_LOOP('',(#13873,#13874,#13875,#13883));
#13873 = ORIENTED_EDGE('',*,*,#13462,.T.);
#13874 = ORIENTED_EDGE('',*,*,#13650,.T.);
#13875 = ORIENTED_EDGE('',*,*,#13876,.F.);
#13876 = EDGE_CURVE('',#13877,#13651,#13879,.T.);
#13877 = VERTEX_POINT('',#13878);
#13878 = CARTESIAN_POINT('',(-0.605,-1.5,0.725));
#13879 = LINE('',#13880,#13881);
#13880 = CARTESIAN_POINT('',(-0.605,-1.5,0.725));
#13881 = VECTOR('',#13882,1.);
#13882 = DIRECTION('',(-0.707106781187,0.707106781187,0.));
#13883 = ORIENTED_EDGE('',*,*,#13884,.F.);
#13884 = EDGE_CURVE('',#13463,#13877,#13885,.T.);
#13885 = B_SPLINE_CURVE_WITH_KNOTS('',1,(#13886,#13887),.UNSPECIFIED.,
  .F.,.F.,(2,2),(0.,1.),.PIECEWISE_BEZIER_KNOTS.);
#13886 = CARTESIAN_POINT('',(-0.605,-1.5,0.575));
#13887 = CARTESIAN_POINT('',(-0.605,-1.5,0.725));
#13888 = PLANE('',#13889);
#13889 = AXIS2_PLACEMENT_3D('',#13890,#13891,#13892);
#13890 = CARTESIAN_POINT('',(-0.605,-1.5,0.725));
#13891 = DIRECTION('',(0.707106781187,0.707106781187,0.));
#13892 = DIRECTION('',(-0.707106781187,0.707106781187,0.));
#13893 = ADVANCED_FACE('',(#13894),#13911,.F.);
#13894 = FACE_BOUND('',#13895,.F.);
#13895 = EDGE_LOOP('',(#13896,#13897,#13904,#13910));
#13896 = ORIENTED_EDGE('',*,*,#13491,.T.);
#13897 = ORIENTED_EDGE('',*,*,#13898,.T.);
#13898 = EDGE_CURVE('',#13485,#13899,#13901,.T.);
#13899 = VERTEX_POINT('',#13900);
#13900 = CARTESIAN_POINT('',(0.605,-1.5,0.725));
#13901 = B_SPLINE_CURVE_WITH_KNOTS('',1,(#13902,#13903),.UNSPECIFIED.,
  .F.,.F.,(2,2),(0.,1.),.PIECEWISE_BEZIER_KNOTS.);
#13902 = CARTESIAN_POINT('',(0.605,-1.5,0.575));
#13903 = CARTESIAN_POINT('',(0.605,-1.5,0.725));
#13904 = ORIENTED_EDGE('',*,*,#13905,.F.);
#13905 = EDGE_CURVE('',#13854,#13899,#13906,.T.);
#13906 = LINE('',#13907,#13908);
#13907 = CARTESIAN_POINT('',(0.7,-1.405,0.725));
#13908 = VECTOR('',#13909,1.);
#13909 = DIRECTION('',(-0.707106781187,-0.707106781187,0.));
#13910 = ORIENTED_EDGE('',*,*,#13853,.F.);
#13911 = PLANE('',#13912);
#13912 = AXIS2_PLACEMENT_3D('',#13913,#13914,#13915);
#13913 = CARTESIAN_POINT('',(0.7,-1.405,0.725));
#13914 = DIRECTION('',(-0.707106781187,0.707106781187,0.));
#13915 = DIRECTION('',(-0.707106781187,-0.707106781187,0.));
#13916 = ADVANCED_FACE('',(#13917),#13928,.F.);
#13917 = FACE_BOUND('',#13918,.F.);
#13918 = EDGE_LOOP('',(#13919,#13920,#13921,#13927));
#13919 = ORIENTED_EDGE('',*,*,#13508,.T.);
#13920 = ORIENTED_EDGE('',*,*,#13884,.T.);
#13921 = ORIENTED_EDGE('',*,*,#13922,.F.);
#13922 = EDGE_CURVE('',#13899,#13877,#13923,.T.);
#13923 = LINE('',#13924,#13925);
#13924 = CARTESIAN_POINT('',(0.605,-1.5,0.725));
#13925 = VECTOR('',#13926,1.);
#13926 = DIRECTION('',(-1.,-1.110223024625E-16,0.));
#13927 = ORIENTED_EDGE('',*,*,#13898,.F.);
#13928 = PLANE('',#13929);
#13929 = AXIS2_PLACEMENT_3D('',#13930,#13931,#13932);
#13930 = CARTESIAN_POINT('',(0.605,-1.5,0.725));
#13931 = DIRECTION('',(-1.110223024625E-16,1.,0.));
#13932 = DIRECTION('',(-1.,-1.110223024625E-16,0.));
#13933 = ADVANCED_FACE('',(#13934),#13957,.F.);
#13934 = FACE_BOUND('',#13935,.F.);
#13935 = EDGE_LOOP('',(#13936,#13944,#13950,#13951));
#13936 = ORIENTED_EDGE('',*,*,#13937,.F.);
#13937 = EDGE_CURVE('',#13723,#13938,#13940,.T.);
#13938 = VERTEX_POINT('',#13939);
#13939 = CARTESIAN_POINT('',(-0.675,0.75,0.725));
#13940 = LINE('',#13941,#13942);
#13941 = CARTESIAN_POINT('',(-0.7,0.75,0.725));
#13942 = VECTOR('',#13943,1.);
#13943 = DIRECTION('',(1.,-1.144237745222E-17,0.));
#13944 = ORIENTED_EDGE('',*,*,#13945,.T.);
#13945 = EDGE_CURVE('',#13723,#13613,#13946,.T.);
#13946 = LINE('',#13947,#13948);
#13947 = CARTESIAN_POINT('',(-0.7,0.75,0.725));
#13948 = VECTOR('',#13949,1.);
#13949 = DIRECTION('',(1.144237745222E-17,1.,0.));
#13950 = ORIENTED_EDGE('',*,*,#13612,.T.);
#13951 = ORIENTED_EDGE('',*,*,#13952,.F.);
#13952 = EDGE_CURVE('',#13938,#13605,#13953,.T.);
#13953 = LINE('',#13954,#13955);
#13954 = CARTESIAN_POINT('',(-0.675,-1.3925,0.725));
#13955 = VECTOR('',#13956,1.);
#13956 = DIRECTION('',(-1.110223024625E-16,1.,0.));
#13957 = PLANE('',#13958);
#13958 = AXIS2_PLACEMENT_3D('',#13959,#13960,#13961);
#13959 = CARTESIAN_POINT('',(-0.7,0.75,0.725));
#13960 = DIRECTION('',(0.,0.,-1.));
#13961 = DIRECTION('',(1.,-1.144237745222E-17,0.));
#13962 = ADVANCED_FACE('',(#13963),#14011,.F.);
#13963 = FACE_BOUND('',#13964,.F.);
#13964 = EDGE_LOOP('',(#13965,#13975,#13983,#13989,#13990,#13991,#13998,
    #14006));
#13965 = ORIENTED_EDGE('',*,*,#13966,.T.);
#13966 = EDGE_CURVE('',#13967,#13969,#13971,.T.);
#13967 = VERTEX_POINT('',#13968);
#13968 = CARTESIAN_POINT('',(-0.675,-1.3925,0.725));
#13969 = VERTEX_POINT('',#13970);
#13970 = CARTESIAN_POINT('',(-0.675,-1.15,0.725));
#13971 = LINE('',#13972,#13973);
#13972 = CARTESIAN_POINT('',(-0.675,-1.3925,0.725));
#13973 = VECTOR('',#13974,1.);
#13974 = DIRECTION('',(-1.110223024625E-16,1.,0.));
#13975 = ORIENTED_EDGE('',*,*,#13976,.T.);
#13976 = EDGE_CURVE('',#13969,#13977,#13979,.T.);
#13977 = VERTEX_POINT('',#13978);
#13978 = CARTESIAN_POINT('',(-0.675,-0.75,0.725));
#13979 = LINE('',#13980,#13981);
#13980 = CARTESIAN_POINT('',(-0.675,-1.3925,0.725));
#13981 = VECTOR('',#13982,1.);
#13982 = DIRECTION('',(-1.110223024625E-16,1.,0.));
#13983 = ORIENTED_EDGE('',*,*,#13984,.T.);
#13984 = EDGE_CURVE('',#13977,#13938,#13985,.T.);
#13985 = LINE('',#13986,#13987);
#13986 = CARTESIAN_POINT('',(-0.675,-1.3925,0.725));
#13987 = VECTOR('',#13988,1.);
#13988 = DIRECTION('',(-1.110223024625E-16,1.,0.));
#13989 = ORIENTED_EDGE('',*,*,#13952,.T.);
#13990 = ORIENTED_EDGE('',*,*,#13604,.T.);
#13991 = ORIENTED_EDGE('',*,*,#13992,.T.);
#13992 = EDGE_CURVE('',#13597,#13993,#13995,.T.);
#13993 = VERTEX_POINT('',#13994);
#13994 = CARTESIAN_POINT('',(-0.608243103516,1.359121551758,1.2));
#13995 = B_SPLINE_CURVE_WITH_KNOTS('',1,(#13996,#13997),.UNSPECIFIED.,
  .F.,.F.,(2,2),(0.,1.),.PIECEWISE_BEZIER_KNOTS.);
#13996 = CARTESIAN_POINT('',(-0.675,1.3925,0.725));
#13997 = CARTESIAN_POINT('',(-0.608243103516,1.359121551758,1.2));
#13998 = ORIENTED_EDGE('',*,*,#13999,.F.);
#13999 = EDGE_CURVE('',#14000,#13993,#14002,.T.);
#14000 = VERTEX_POINT('',#14001);
#14001 = CARTESIAN_POINT('',(-0.608243103516,-1.359121551758,1.2));
#14002 = LINE('',#14003,#14004);
#14003 = CARTESIAN_POINT('',(-0.608243103516,-1.359121551758,1.2));
#14004 = VECTOR('',#14005,1.);
#14005 = DIRECTION('',(-1.110223024625E-16,1.,0.));
#14006 = ORIENTED_EDGE('',*,*,#14007,.F.);
#14007 = EDGE_CURVE('',#13967,#14000,#14008,.T.);
#14008 = B_SPLINE_CURVE_WITH_KNOTS('',1,(#14009,#14010),.UNSPECIFIED.,
  .F.,.F.,(2,2),(0.,1.),.PIECEWISE_BEZIER_KNOTS.);
#14009 = CARTESIAN_POINT('',(-0.675,-1.3925,0.725));
#14010 = CARTESIAN_POINT('',(-0.608243103516,-1.359121551758,1.2));
#14011 = B_SPLINE_SURFACE_WITH_KNOTS('',1,1,(
    (#14012,#14013)
    ,(#14014,#14015
    )),.UNSPECIFIED.,.F.,.F.,.F.,(2,2),(2,2),(0.,2.785),(0.,1.),
  .PIECEWISE_BEZIER_KNOTS.);
#14012 = CARTESIAN_POINT('',(-0.675,-1.3925,0.725));
#14013 = CARTESIAN_POINT('',(-0.608243103516,-1.359121551758,1.2));
#14014 = CARTESIAN_POINT('',(-0.675,1.3925,0.725));
#14015 = CARTESIAN_POINT('',(-0.608243103516,1.359121551758,1.2));
#14016 = ADVANCED_FACE('',(#14017),#14034,.F.);
#14017 = FACE_BOUND('',#14018,.F.);
#14018 = EDGE_LOOP('',(#14019,#14020,#14027,#14033));
#14019 = ORIENTED_EDGE('',*,*,#13596,.T.);
#14020 = ORIENTED_EDGE('',*,*,#14021,.T.);
#14021 = EDGE_CURVE('',#13589,#14022,#14024,.T.);
#14022 = VERTEX_POINT('',#14023);
#14023 = CARTESIAN_POINT('',(-0.559121551758,1.408243103516,1.2));
#14024 = B_SPLINE_CURVE_WITH_KNOTS('',1,(#14025,#14026),.UNSPECIFIED.,
  .F.,.F.,(2,2),(0.,1.),.PIECEWISE_BEZIER_KNOTS.);
#14025 = CARTESIAN_POINT('',(-0.5925,1.475,0.725));
#14026 = CARTESIAN_POINT('',(-0.559121551758,1.408243103516,1.2));
#14027 = ORIENTED_EDGE('',*,*,#14028,.F.);
#14028 = EDGE_CURVE('',#13993,#14022,#14029,.T.);
#14029 = LINE('',#14030,#14031);
#14030 = CARTESIAN_POINT('',(-0.608243103516,1.359121551758,1.2));
#14031 = VECTOR('',#14032,1.);
#14032 = DIRECTION('',(0.707106781187,0.707106781187,0.));
#14033 = ORIENTED_EDGE('',*,*,#13992,.F.);
#14034 = B_SPLINE_SURFACE_WITH_KNOTS('',1,1,(
    (#14035,#14036)
    ,(#14037,#14038
    )),.UNSPECIFIED.,.F.,.F.,.F.,(2,2),(2,2),(0.,0.116672618896),(0.,1.)
  ,.PIECEWISE_BEZIER_KNOTS.);
#14035 = CARTESIAN_POINT('',(-0.675,1.3925,0.725));
#14036 = CARTESIAN_POINT('',(-0.608243103516,1.359121551758,1.2));
#14037 = CARTESIAN_POINT('',(-0.5925,1.475,0.725));
#14038 = CARTESIAN_POINT('',(-0.559121551758,1.408243103516,1.2));
#14039 = ADVANCED_FACE('',(#14040),#14057,.F.);
#14040 = FACE_BOUND('',#14041,.F.);
#14041 = EDGE_LOOP('',(#14042,#14043,#14050,#14056));
#14042 = ORIENTED_EDGE('',*,*,#13588,.T.);
#14043 = ORIENTED_EDGE('',*,*,#14044,.T.);
#14044 = EDGE_CURVE('',#13581,#14045,#14047,.T.);
#14045 = VERTEX_POINT('',#14046);
#14046 = CARTESIAN_POINT('',(0.559121551758,1.408243103516,1.2));
#14047 = B_SPLINE_CURVE_WITH_KNOTS('',1,(#14048,#14049),.UNSPECIFIED.,
  .F.,.F.,(2,2),(0.,1.),.PIECEWISE_BEZIER_KNOTS.);
#14048 = CARTESIAN_POINT('',(0.5925,1.475,0.725));
#14049 = CARTESIAN_POINT('',(0.559121551758,1.408243103516,1.2));
#14050 = ORIENTED_EDGE('',*,*,#14051,.F.);
#14051 = EDGE_CURVE('',#14022,#14045,#14052,.T.);
#14052 = LINE('',#14053,#14054);
#14053 = CARTESIAN_POINT('',(-0.559121551758,1.408243103516,1.2));
#14054 = VECTOR('',#14055,1.);
#14055 = DIRECTION('',(1.,1.110223024625E-16,0.));
#14056 = ORIENTED_EDGE('',*,*,#14021,.F.);
#14057 = B_SPLINE_SURFACE_WITH_KNOTS('',1,1,(
    (#14058,#14059)
    ,(#14060,#14061
    )),.UNSPECIFIED.,.F.,.F.,.F.,(2,2),(2,2),(0.,1.185),(0.,1.),
  .PIECEWISE_BEZIER_KNOTS.);
#14058 = CARTESIAN_POINT('',(-0.5925,1.475,0.725));
#14059 = CARTESIAN_POINT('',(-0.559121551758,1.408243103516,1.2));
#14060 = CARTESIAN_POINT('',(0.5925,1.475,0.725));
#14061 = CARTESIAN_POINT('',(0.559121551758,1.408243103516,1.2));
#14062 = ADVANCED_FACE('',(#14063),#14080,.F.);
#14063 = FACE_BOUND('',#14064,.F.);
#14064 = EDGE_LOOP('',(#14065,#14066,#14073,#14079));
#14065 = ORIENTED_EDGE('',*,*,#13580,.T.);
#14066 = ORIENTED_EDGE('',*,*,#14067,.T.);
#14067 = EDGE_CURVE('',#13573,#14068,#14070,.T.);
#14068 = VERTEX_POINT('',#14069);
#14069 = CARTESIAN_POINT('',(0.608243103516,1.359121551758,1.2));
#14070 = B_SPLINE_CURVE_WITH_KNOTS('',1,(#14071,#14072),.UNSPECIFIED.,
  .F.,.F.,(2,2),(0.,1.),.PIECEWISE_BEZIER_KNOTS.);
#14071 = CARTESIAN_POINT('',(0.675,1.3925,0.725));
#14072 = CARTESIAN_POINT('',(0.608243103516,1.359121551758,1.2));
#14073 = ORIENTED_EDGE('',*,*,#14074,.F.);
#14074 = EDGE_CURVE('',#14045,#14068,#14075,.T.);
#14075 = LINE('',#14076,#14077);
#14076 = CARTESIAN_POINT('',(0.559121551758,1.408243103516,1.2));
#14077 = VECTOR('',#14078,1.);
#14078 = DIRECTION('',(0.707106781187,-0.707106781187,0.));
#14079 = ORIENTED_EDGE('',*,*,#14044,.F.);
#14080 = B_SPLINE_SURFACE_WITH_KNOTS('',1,1,(
    (#14081,#14082)
    ,(#14083,#14084
    )),.UNSPECIFIED.,.F.,.F.,.F.,(2,2),(2,2),(0.,0.116672618896),(0.,1.)
  ,.PIECEWISE_BEZIER_KNOTS.);
#14081 = CARTESIAN_POINT('',(0.5925,1.475,0.725));
#14082 = CARTESIAN_POINT('',(0.559121551758,1.408243103516,1.2));
#14083 = CARTESIAN_POINT('',(0.675,1.3925,0.725));
#14084 = CARTESIAN_POINT('',(0.608243103516,1.359121551758,1.2));
#14085 = ADVANCED_FACE('',(#14086),#14119,.F.);
#14086 = FACE_BOUND('',#14087,.F.);
#14087 = EDGE_LOOP('',(#14088,#14089,#14097,#14105,#14112,#14118));
#14088 = ORIENTED_EDGE('',*,*,#13572,.T.);
#14089 = ORIENTED_EDGE('',*,*,#14090,.T.);
#14090 = EDGE_CURVE('',#13565,#14091,#14093,.T.);
#14091 = VERTEX_POINT('',#14092);
#14092 = CARTESIAN_POINT('',(0.675,-0.2,0.725));
#14093 = LINE('',#14094,#14095);
#14094 = CARTESIAN_POINT('',(0.675,1.3925,0.725));
#14095 = VECTOR('',#14096,1.);
#14096 = DIRECTION('',(1.110223024625E-16,-1.,0.));
#14097 = ORIENTED_EDGE('',*,*,#14098,.T.);
#14098 = EDGE_CURVE('',#14091,#14099,#14101,.T.);
#14099 = VERTEX_POINT('',#14100);
#14100 = CARTESIAN_POINT('',(0.675,-1.3925,0.725));
#14101 = LINE('',#14102,#14103);
#14102 = CARTESIAN_POINT('',(0.675,1.3925,0.725));
#14103 = VECTOR('',#14104,1.);
#14104 = DIRECTION('',(1.110223024625E-16,-1.,0.));
#14105 = ORIENTED_EDGE('',*,*,#14106,.T.);
#14106 = EDGE_CURVE('',#14099,#14107,#14109,.T.);
#14107 = VERTEX_POINT('',#14108);
#14108 = CARTESIAN_POINT('',(0.608243103516,-1.359121551758,1.2));
#14109 = B_SPLINE_CURVE_WITH_KNOTS('',1,(#14110,#14111),.UNSPECIFIED.,
  .F.,.F.,(2,2),(0.,1.),.PIECEWISE_BEZIER_KNOTS.);
#14110 = CARTESIAN_POINT('',(0.675,-1.3925,0.725));
#14111 = CARTESIAN_POINT('',(0.608243103516,-1.359121551758,1.2));
#14112 = ORIENTED_EDGE('',*,*,#14113,.F.);
#14113 = EDGE_CURVE('',#14068,#14107,#14114,.T.);
#14114 = LINE('',#14115,#14116);
#14115 = CARTESIAN_POINT('',(0.608243103516,1.359121551758,1.2));
#14116 = VECTOR('',#14117,1.);
#14117 = DIRECTION('',(1.110223024625E-16,-1.,0.));
#14118 = ORIENTED_EDGE('',*,*,#14067,.F.);
#14119 = B_SPLINE_SURFACE_WITH_KNOTS('',1,1,(
    (#14120,#14121)
    ,(#14122,#14123
    )),.UNSPECIFIED.,.F.,.F.,.F.,(2,2),(2,2),(0.,2.785),(0.,1.),
  .PIECEWISE_BEZIER_KNOTS.);
#14120 = CARTESIAN_POINT('',(0.675,1.3925,0.725));
#14121 = CARTESIAN_POINT('',(0.608243103516,1.359121551758,1.2));
#14122 = CARTESIAN_POINT('',(0.675,-1.3925,0.725));
#14123 = CARTESIAN_POINT('',(0.608243103516,-1.359121551758,1.2));
#14124 = ADVANCED_FACE('',(#14125),#14141,.F.);
#14125 = FACE_BOUND('',#14126,.F.);
#14126 = EDGE_LOOP('',(#14127,#14128,#14134,#14140));
#14127 = ORIENTED_EDGE('',*,*,#13564,.F.);
#14128 = ORIENTED_EDGE('',*,*,#14129,.T.);
#14129 = EDGE_CURVE('',#13557,#13845,#14130,.T.);
#14130 = LINE('',#14131,#14132);
#14131 = CARTESIAN_POINT('',(0.7,0.2,0.725));
#14132 = VECTOR('',#14133,1.);
#14133 = DIRECTION('',(1.110223024625E-16,-1.,0.));
#14134 = ORIENTED_EDGE('',*,*,#14135,.T.);
#14135 = EDGE_CURVE('',#13845,#14091,#14136,.T.);
#14136 = LINE('',#14137,#14138);
#14137 = CARTESIAN_POINT('',(0.7,-0.2,0.725));
#14138 = VECTOR('',#14139,1.);
#14139 = DIRECTION('',(-1.,-1.110223024625E-16,0.));
#14140 = ORIENTED_EDGE('',*,*,#14090,.F.);
#14141 = PLANE('',#14142);
#14142 = AXIS2_PLACEMENT_3D('',#14143,#14144,#14145);
#14143 = CARTESIAN_POINT('',(0.7,0.2,0.725));
#14144 = DIRECTION('',(0.,0.,-1.));
#14145 = DIRECTION('',(-1.,-1.110223024625E-16,-0.));
#14146 = ADVANCED_FACE('',(#14147),#14185,.F.);
#14147 = FACE_BOUND('',#14148,.F.);
#14148 = EDGE_LOOP('',(#14149,#14150,#14151,#14152,#14153,#14154,#14155,
    #14161,#14162,#14170,#14178,#14184));
#14149 = ORIENTED_EDGE('',*,*,#14135,.F.);
#14150 = ORIENTED_EDGE('',*,*,#13860,.T.);
#14151 = ORIENTED_EDGE('',*,*,#13905,.T.);
#14152 = ORIENTED_EDGE('',*,*,#13922,.T.);
#14153 = ORIENTED_EDGE('',*,*,#13876,.T.);
#14154 = ORIENTED_EDGE('',*,*,#13666,.T.);
#14155 = ORIENTED_EDGE('',*,*,#14156,.T.);
#14156 = EDGE_CURVE('',#13659,#13969,#14157,.T.);
#14157 = LINE('',#14158,#14159);
#14158 = CARTESIAN_POINT('',(-0.7,-1.15,0.725));
#14159 = VECTOR('',#14160,1.);
#14160 = DIRECTION('',(1.,-1.144237745222E-17,0.));
#14161 = ORIENTED_EDGE('',*,*,#13966,.F.);
#14162 = ORIENTED_EDGE('',*,*,#14163,.F.);
#14163 = EDGE_CURVE('',#14164,#13967,#14166,.T.);
#14164 = VERTEX_POINT('',#14165);
#14165 = CARTESIAN_POINT('',(-0.5925,-1.475,0.725));
#14166 = LINE('',#14167,#14168);
#14167 = CARTESIAN_POINT('',(-0.5925,-1.475,0.725));
#14168 = VECTOR('',#14169,1.);
#14169 = DIRECTION('',(-0.707106781187,0.707106781187,0.));
#14170 = ORIENTED_EDGE('',*,*,#14171,.F.);
#14171 = EDGE_CURVE('',#14172,#14164,#14174,.T.);
#14172 = VERTEX_POINT('',#14173);
#14173 = CARTESIAN_POINT('',(0.5925,-1.475,0.725));
#14174 = LINE('',#14175,#14176);
#14175 = CARTESIAN_POINT('',(0.5925,-1.475,0.725));
#14176 = VECTOR('',#14177,1.);
#14177 = DIRECTION('',(-1.,-1.110223024625E-16,0.));
#14178 = ORIENTED_EDGE('',*,*,#14179,.F.);
#14179 = EDGE_CURVE('',#14099,#14172,#14180,.T.);
#14180 = LINE('',#14181,#14182);
#14181 = CARTESIAN_POINT('',(0.675,-1.3925,0.725));
#14182 = VECTOR('',#14183,1.);
#14183 = DIRECTION('',(-0.707106781187,-0.707106781187,0.));
#14184 = ORIENTED_EDGE('',*,*,#14098,.F.);
#14185 = PLANE('',#14186);
#14186 = AXIS2_PLACEMENT_3D('',#14187,#14188,#14189);
#14187 = CARTESIAN_POINT('',(-1.486299604971E-16,1.4875,0.725));
#14188 = DIRECTION('',(1.022886882533E-31,-6.310887241768E-27,-1.));
#14189 = DIRECTION('',(1.,1.217738924546E-16,1.022886882525E-31));
#14190 = ADVANCED_FACE('',(#14191),#14260,.F.);
#14191 = FACE_BOUND('',#14192,.F.);
#14192 = EDGE_LOOP('',(#14193,#14194,#14195,#14203,#14212,#14220,#14228,
    #14236,#14245,#14253));
#14193 = ORIENTED_EDGE('',*,*,#13658,.F.);
#14194 = ORIENTED_EDGE('',*,*,#13698,.T.);
#14195 = ORIENTED_EDGE('',*,*,#14196,.T.);
#14196 = EDGE_CURVE('',#13691,#14197,#14199,.T.);
#14197 = VERTEX_POINT('',#14198);
#14198 = CARTESIAN_POINT('',(-0.843471632406,-1.15,0.206587955583));
#14199 = LINE('',#14200,#14201);
#14200 = CARTESIAN_POINT('',(-0.798480775301,-1.15,0.492364817767));
#14201 = VECTOR('',#14202,1.);
#14202 = DIRECTION('',(-0.155518033909,1.779496044609E-18,
    -0.987833053268));
#14203 = ORIENTED_EDGE('',*,*,#14204,.T.);
#14204 = EDGE_CURVE('',#14197,#14205,#14207,.T.);
#14205 = VERTEX_POINT('',#14206);
#14206 = CARTESIAN_POINT('',(-1.089673570659,-1.15,5.551115123126E-17));
#14207 = CIRCLE('',#14208,0.25);
#14208 = AXIS2_PLACEMENT_3D('',#14209,#14210,#14211);
#14209 = CARTESIAN_POINT('',(-1.089673570659,-1.15,0.25));
#14210 = DIRECTION('',(1.144237745222E-17,1.,3.851859888774E-34));
#14211 = DIRECTION('',(0.984807753012,-1.126854202784E-17,
    -0.173648177667));
#14212 = ORIENTED_EDGE('',*,*,#14213,.T.);
#14213 = EDGE_CURVE('',#14205,#14214,#14216,.T.);
#14214 = VERTEX_POINT('',#14215);
#14215 = CARTESIAN_POINT('',(-1.25,-1.15,5.551115123126E-17));
#14216 = LINE('',#14217,#14218);
#14217 = CARTESIAN_POINT('',(-1.089673570659,-1.15,5.551115123126E-17));
#14218 = VECTOR('',#14219,1.);
#14219 = DIRECTION('',(-1.,1.144237745222E-17,0.));
#14220 = ORIENTED_EDGE('',*,*,#14221,.T.);
#14221 = EDGE_CURVE('',#14214,#14222,#14224,.T.);
#14222 = VERTEX_POINT('',#14223);
#14223 = CARTESIAN_POINT('',(-1.25,-1.15,0.15));
#14224 = LINE('',#14225,#14226);
#14225 = CARTESIAN_POINT('',(-1.25,-1.15,5.551115123126E-17));
#14226 = VECTOR('',#14227,1.);
#14227 = DIRECTION('',(0.,0.,1.));
#14228 = ORIENTED_EDGE('',*,*,#14229,.T.);
#14229 = EDGE_CURVE('',#14222,#14230,#14232,.T.);
#14230 = VERTEX_POINT('',#14231);
#14231 = CARTESIAN_POINT('',(-1.089673570659,-1.15,0.15));
#14232 = LINE('',#14233,#14234);
#14233 = CARTESIAN_POINT('',(-1.25,-1.15,0.15));
#14234 = VECTOR('',#14235,1.);
#14235 = DIRECTION('',(1.,-1.144237745222E-17,0.));
#14236 = ORIENTED_EDGE('',*,*,#14237,.T.);
#14237 = EDGE_CURVE('',#14230,#14238,#14240,.T.);
#14238 = VERTEX_POINT('',#14239);
#14239 = CARTESIAN_POINT('',(-0.991192795358,-1.15,0.232635182233));
#14240 = CIRCLE('',#14241,0.1);
#14241 = AXIS2_PLACEMENT_3D('',#14242,#14243,#14244);
#14242 = CARTESIAN_POINT('',(-1.089673570659,-1.15,0.25));
#14243 = DIRECTION('',(-1.144237745222E-17,-1.,1.094764425254E-47));
#14244 = DIRECTION('',(-2.22044604925E-15,2.540718180781E-32,-1.));
#14245 = ORIENTED_EDGE('',*,*,#14246,.T.);
#14246 = EDGE_CURVE('',#14238,#14247,#14249,.T.);
#14247 = VERTEX_POINT('',#14248);
#14248 = CARTESIAN_POINT('',(-0.946201938253,-1.15,0.518412044417));
#14249 = LINE('',#14250,#14251);
#14250 = CARTESIAN_POINT('',(-0.991192795358,-1.15,0.232635182233));
#14251 = VECTOR('',#14252,1.);
#14252 = DIRECTION('',(0.155518033909,-1.779496044609E-18,0.987833053268
    ));
#14253 = ORIENTED_EDGE('',*,*,#14254,.T.);
#14254 = EDGE_CURVE('',#14247,#13659,#14255,.T.);
#14255 = CIRCLE('',#14256,0.25);
#14256 = AXIS2_PLACEMENT_3D('',#14257,#14258,#14259);
#14257 = CARTESIAN_POINT('',(-0.7,-1.15,0.475));
#14258 = DIRECTION('',(1.144237745222E-17,1.,0.));
#14259 = DIRECTION('',(-0.984807753012,1.126854202784E-17,0.173648177667
    ));
#14260 = PLANE('',#14261);
#14261 = AXIS2_PLACEMENT_3D('',#14262,#14263,#14264);
#14262 = CARTESIAN_POINT('',(-0.931323080229,-1.15,0.33452717391));
#14263 = DIRECTION('',(1.144237745222E-17,1.,0.));
#14264 = DIRECTION('',(0.,-0.,1.));
#14265 = ADVANCED_FACE('',(#14266),#14284,.F.);
#14266 = FACE_BOUND('',#14267,.F.);
#14267 = EDGE_LOOP('',(#14268,#14269,#14277,#14283));
#14268 = ORIENTED_EDGE('',*,*,#13690,.T.);
#14269 = ORIENTED_EDGE('',*,*,#14270,.T.);
#14270 = EDGE_CURVE('',#13682,#14271,#14273,.T.);
#14271 = VERTEX_POINT('',#14272);
#14272 = CARTESIAN_POINT('',(-0.843471632406,-0.75,0.206587955583));
#14273 = LINE('',#14274,#14275);
#14274 = CARTESIAN_POINT('',(-0.798480775301,-0.75,0.492364817767));
#14275 = VECTOR('',#14276,1.);
#14276 = DIRECTION('',(-0.155518033909,1.779496044609E-18,
    -0.987833053268));
#14277 = ORIENTED_EDGE('',*,*,#14278,.F.);
#14278 = EDGE_CURVE('',#14197,#14271,#14279,.T.);
#14279 = LINE('',#14280,#14281);
#14280 = CARTESIAN_POINT('',(-0.843471632406,-1.15,0.206587955583));
#14281 = VECTOR('',#14282,1.);
#14282 = DIRECTION('',(1.144237745222E-17,1.,0.));
#14283 = ORIENTED_EDGE('',*,*,#14196,.F.);
#14284 = PLANE('',#14285);
#14285 = AXIS2_PLACEMENT_3D('',#14286,#14287,#14288);
#14286 = CARTESIAN_POINT('',(-0.798480775301,-1.15,0.492364817767));
#14287 = DIRECTION('',(-0.987833053268,1.130315865527E-17,0.155518033909
    ));
#14288 = DIRECTION('',(-0.155518033909,1.779496044609E-18,
    -0.987833053268));
#14289 = ADVANCED_FACE('',(#14290),#14352,.T.);
#14290 = FACE_BOUND('',#14291,.T.);
#14291 = EDGE_LOOP('',(#14292,#14293,#14294,#14295,#14304,#14312,#14320,
    #14328,#14337,#14345));
#14292 = ORIENTED_EDGE('',*,*,#13713,.F.);
#14293 = ORIENTED_EDGE('',*,*,#13681,.T.);
#14294 = ORIENTED_EDGE('',*,*,#14270,.T.);
#14295 = ORIENTED_EDGE('',*,*,#14296,.T.);
#14296 = EDGE_CURVE('',#14271,#14297,#14299,.T.);
#14297 = VERTEX_POINT('',#14298);
#14298 = CARTESIAN_POINT('',(-1.089673570659,-0.75,5.551115123126E-17));
#14299 = CIRCLE('',#14300,0.25);
#14300 = AXIS2_PLACEMENT_3D('',#14301,#14302,#14303);
#14301 = CARTESIAN_POINT('',(-1.089673570659,-0.75,0.25));
#14302 = DIRECTION('',(1.144237745222E-17,1.,3.851859888774E-34));
#14303 = DIRECTION('',(0.984807753012,-1.126854202784E-17,
    -0.173648177667));
#14304 = ORIENTED_EDGE('',*,*,#14305,.T.);
#14305 = EDGE_CURVE('',#14297,#14306,#14308,.T.);
#14306 = VERTEX_POINT('',#14307);
#14307 = CARTESIAN_POINT('',(-1.25,-0.75,5.551115123126E-17));
#14308 = LINE('',#14309,#14310);
#14309 = CARTESIAN_POINT('',(-1.089673570659,-0.75,5.551115123126E-17));
#14310 = VECTOR('',#14311,1.);
#14311 = DIRECTION('',(-1.,1.144237745222E-17,0.));
#14312 = ORIENTED_EDGE('',*,*,#14313,.T.);
#14313 = EDGE_CURVE('',#14306,#14314,#14316,.T.);
#14314 = VERTEX_POINT('',#14315);
#14315 = CARTESIAN_POINT('',(-1.25,-0.75,0.15));
#14316 = LINE('',#14317,#14318);
#14317 = CARTESIAN_POINT('',(-1.25,-0.75,5.551115123126E-17));
#14318 = VECTOR('',#14319,1.);
#14319 = DIRECTION('',(0.,0.,1.));
#14320 = ORIENTED_EDGE('',*,*,#14321,.T.);
#14321 = EDGE_CURVE('',#14314,#14322,#14324,.T.);
#14322 = VERTEX_POINT('',#14323);
#14323 = CARTESIAN_POINT('',(-1.089673570659,-0.75,0.15));
#14324 = LINE('',#14325,#14326);
#14325 = CARTESIAN_POINT('',(-1.25,-0.75,0.15));
#14326 = VECTOR('',#14327,1.);
#14327 = DIRECTION('',(1.,-1.144237745222E-17,0.));
#14328 = ORIENTED_EDGE('',*,*,#14329,.T.);
#14329 = EDGE_CURVE('',#14322,#14330,#14332,.T.);
#14330 = VERTEX_POINT('',#14331);
#14331 = CARTESIAN_POINT('',(-0.991192795358,-0.75,0.232635182233));
#14332 = CIRCLE('',#14333,0.1);
#14333 = AXIS2_PLACEMENT_3D('',#14334,#14335,#14336);
#14334 = CARTESIAN_POINT('',(-1.089673570659,-0.75,0.25));
#14335 = DIRECTION('',(-1.144237745222E-17,-1.,1.094764425254E-47));
#14336 = DIRECTION('',(-2.22044604925E-15,2.540718180781E-32,-1.));
#14337 = ORIENTED_EDGE('',*,*,#14338,.T.);
#14338 = EDGE_CURVE('',#14330,#14339,#14341,.T.);
#14339 = VERTEX_POINT('',#14340);
#14340 = CARTESIAN_POINT('',(-0.946201938253,-0.75,0.518412044417));
#14341 = LINE('',#14342,#14343);
#14342 = CARTESIAN_POINT('',(-0.991192795358,-0.75,0.232635182233));
#14343 = VECTOR('',#14344,1.);
#14344 = DIRECTION('',(0.155518033909,-1.779496044609E-18,0.987833053268
    ));
#14345 = ORIENTED_EDGE('',*,*,#14346,.T.);
#14346 = EDGE_CURVE('',#14339,#13714,#14347,.T.);
#14347 = CIRCLE('',#14348,0.25);
#14348 = AXIS2_PLACEMENT_3D('',#14349,#14350,#14351);
#14349 = CARTESIAN_POINT('',(-0.7,-0.75,0.475));
#14350 = DIRECTION('',(1.144237745222E-17,1.,0.));
#14351 = DIRECTION('',(-0.984807753012,1.126854202784E-17,0.173648177667
    ));
#14352 = PLANE('',#14353);
#14353 = AXIS2_PLACEMENT_3D('',#14354,#14355,#14356);
#14354 = CARTESIAN_POINT('',(-0.931323080229,-0.75,0.33452717391));
#14355 = DIRECTION('',(1.144237745222E-17,1.,0.));
#14356 = DIRECTION('',(0.,-0.,1.));
#14357 = ADVANCED_FACE('',(#14358),#14369,.F.);
#14358 = FACE_BOUND('',#14359,.F.);
#14359 = EDGE_LOOP('',(#14360,#14361,#14362,#14363));
#14360 = ORIENTED_EDGE('',*,*,#13730,.T.);
#14361 = ORIENTED_EDGE('',*,*,#13937,.T.);
#14362 = ORIENTED_EDGE('',*,*,#13984,.F.);
#14363 = ORIENTED_EDGE('',*,*,#14364,.F.);
#14364 = EDGE_CURVE('',#13714,#13977,#14365,.T.);
#14365 = LINE('',#14366,#14367);
#14366 = CARTESIAN_POINT('',(-0.7,-0.75,0.725));
#14367 = VECTOR('',#14368,1.);
#14368 = DIRECTION('',(1.,-1.144237745222E-17,0.));
#14369 = PLANE('',#14370);
#14370 = AXIS2_PLACEMENT_3D('',#14371,#14372,#14373);
#14371 = CARTESIAN_POINT('',(-1.486299604971E-16,1.4875,0.725));
#14372 = DIRECTION('',(1.022886882533E-31,-6.310887241768E-27,-1.));
#14373 = DIRECTION('',(1.,1.217738924546E-16,1.022886882525E-31));
#14374 = ADVANCED_FACE('',(#14375),#14444,.F.);
#14375 = FACE_BOUND('',#14376,.F.);
#14376 = EDGE_LOOP('',(#14377,#14378,#14379,#14387,#14396,#14404,#14412,
    #14420,#14429,#14437));
#14377 = ORIENTED_EDGE('',*,*,#13722,.F.);
#14378 = ORIENTED_EDGE('',*,*,#13762,.T.);
#14379 = ORIENTED_EDGE('',*,*,#14380,.T.);
#14380 = EDGE_CURVE('',#13755,#14381,#14383,.T.);
#14381 = VERTEX_POINT('',#14382);
#14382 = CARTESIAN_POINT('',(-0.843471632406,0.75,0.206587955583));
#14383 = LINE('',#14384,#14385);
#14384 = CARTESIAN_POINT('',(-0.798480775301,0.75,0.492364817767));
#14385 = VECTOR('',#14386,1.);
#14386 = DIRECTION('',(-0.155518033909,1.779496044609E-18,
    -0.987833053268));
#14387 = ORIENTED_EDGE('',*,*,#14388,.T.);
#14388 = EDGE_CURVE('',#14381,#14389,#14391,.T.);
#14389 = VERTEX_POINT('',#14390);
#14390 = CARTESIAN_POINT('',(-1.089673570659,0.75,5.551115123126E-17));
#14391 = CIRCLE('',#14392,0.25);
#14392 = AXIS2_PLACEMENT_3D('',#14393,#14394,#14395);
#14393 = CARTESIAN_POINT('',(-1.089673570659,0.75,0.25));
#14394 = DIRECTION('',(1.144237745222E-17,1.,3.851859888774E-34));
#14395 = DIRECTION('',(0.984807753012,-1.126854202784E-17,
    -0.173648177667));
#14396 = ORIENTED_EDGE('',*,*,#14397,.T.);
#14397 = EDGE_CURVE('',#14389,#14398,#14400,.T.);
#14398 = VERTEX_POINT('',#14399);
#14399 = CARTESIAN_POINT('',(-1.25,0.75,5.551115123126E-17));
#14400 = LINE('',#14401,#14402);
#14401 = CARTESIAN_POINT('',(-1.089673570659,0.75,5.551115123126E-17));
#14402 = VECTOR('',#14403,1.);
#14403 = DIRECTION('',(-1.,1.144237745222E-17,0.));
#14404 = ORIENTED_EDGE('',*,*,#14405,.T.);
#14405 = EDGE_CURVE('',#14398,#14406,#14408,.T.);
#14406 = VERTEX_POINT('',#14407);
#14407 = CARTESIAN_POINT('',(-1.25,0.75,0.15));
#14408 = LINE('',#14409,#14410);
#14409 = CARTESIAN_POINT('',(-1.25,0.75,5.551115123126E-17));
#14410 = VECTOR('',#14411,1.);
#14411 = DIRECTION('',(0.,0.,1.));
#14412 = ORIENTED_EDGE('',*,*,#14413,.T.);
#14413 = EDGE_CURVE('',#14406,#14414,#14416,.T.);
#14414 = VERTEX_POINT('',#14415);
#14415 = CARTESIAN_POINT('',(-1.089673570659,0.75,0.15));
#14416 = LINE('',#14417,#14418);
#14417 = CARTESIAN_POINT('',(-1.25,0.75,0.15));
#14418 = VECTOR('',#14419,1.);
#14419 = DIRECTION('',(1.,-1.144237745222E-17,0.));
#14420 = ORIENTED_EDGE('',*,*,#14421,.T.);
#14421 = EDGE_CURVE('',#14414,#14422,#14424,.T.);
#14422 = VERTEX_POINT('',#14423);
#14423 = CARTESIAN_POINT('',(-0.991192795358,0.75,0.232635182233));
#14424 = CIRCLE('',#14425,0.1);
#14425 = AXIS2_PLACEMENT_3D('',#14426,#14427,#14428);
#14426 = CARTESIAN_POINT('',(-1.089673570659,0.75,0.25));
#14427 = DIRECTION('',(-1.144237745222E-17,-1.,1.094764425254E-47));
#14428 = DIRECTION('',(-2.22044604925E-15,2.540718180781E-32,-1.));
#14429 = ORIENTED_EDGE('',*,*,#14430,.T.);
#14430 = EDGE_CURVE('',#14422,#14431,#14433,.T.);
#14431 = VERTEX_POINT('',#14432);
#14432 = CARTESIAN_POINT('',(-0.946201938253,0.75,0.518412044417));
#14433 = LINE('',#14434,#14435);
#14434 = CARTESIAN_POINT('',(-0.991192795358,0.75,0.232635182233));
#14435 = VECTOR('',#14436,1.);
#14436 = DIRECTION('',(0.155518033909,-1.779496044609E-18,0.987833053268
    ));
#14437 = ORIENTED_EDGE('',*,*,#14438,.T.);
#14438 = EDGE_CURVE('',#14431,#13723,#14439,.T.);
#14439 = CIRCLE('',#14440,0.25);
#14440 = AXIS2_PLACEMENT_3D('',#14441,#14442,#14443);
#14441 = CARTESIAN_POINT('',(-0.7,0.75,0.475));
#14442 = DIRECTION('',(1.144237745222E-17,1.,0.));
#14443 = DIRECTION('',(-0.984807753012,1.126854202784E-17,0.173648177667
    ));
#14444 = PLANE('',#14445);
#14445 = AXIS2_PLACEMENT_3D('',#14446,#14447,#14448);
#14446 = CARTESIAN_POINT('',(-0.931323080229,0.75,0.33452717391));
#14447 = DIRECTION('',(1.144237745222E-17,1.,0.));
#14448 = DIRECTION('',(0.,-0.,1.));
#14449 = ADVANCED_FACE('',(#14450),#14468,.F.);
#14450 = FACE_BOUND('',#14451,.F.);
#14451 = EDGE_LOOP('',(#14452,#14453,#14461,#14467));
#14452 = ORIENTED_EDGE('',*,*,#13754,.T.);
#14453 = ORIENTED_EDGE('',*,*,#14454,.T.);
#14454 = EDGE_CURVE('',#13746,#14455,#14457,.T.);
#14455 = VERTEX_POINT('',#14456);
#14456 = CARTESIAN_POINT('',(-0.843471632406,1.15,0.206587955583));
#14457 = LINE('',#14458,#14459);
#14458 = CARTESIAN_POINT('',(-0.798480775301,1.15,0.492364817767));
#14459 = VECTOR('',#14460,1.);
#14460 = DIRECTION('',(-0.155518033909,1.779496044609E-18,
    -0.987833053268));
#14461 = ORIENTED_EDGE('',*,*,#14462,.F.);
#14462 = EDGE_CURVE('',#14381,#14455,#14463,.T.);
#14463 = LINE('',#14464,#14465);
#14464 = CARTESIAN_POINT('',(-0.843471632406,0.75,0.206587955583));
#14465 = VECTOR('',#14466,1.);
#14466 = DIRECTION('',(1.144237745222E-17,1.,0.));
#14467 = ORIENTED_EDGE('',*,*,#14380,.F.);
#14468 = PLANE('',#14469);
#14469 = AXIS2_PLACEMENT_3D('',#14470,#14471,#14472);
#14470 = CARTESIAN_POINT('',(-0.798480775301,0.75,0.492364817767));
#14471 = DIRECTION('',(-0.987833053268,1.130315865527E-17,0.155518033909
    ));
#14472 = DIRECTION('',(-0.155518033909,1.779496044609E-18,
    -0.987833053268));
#14473 = ADVANCED_FACE('',(#14474),#14536,.T.);
#14474 = FACE_BOUND('',#14475,.T.);
#14475 = EDGE_LOOP('',(#14476,#14477,#14478,#14479,#14488,#14496,#14504,
    #14512,#14521,#14529));
#14476 = ORIENTED_EDGE('',*,*,#13777,.F.);
#14477 = ORIENTED_EDGE('',*,*,#13745,.T.);
#14478 = ORIENTED_EDGE('',*,*,#14454,.T.);
#14479 = ORIENTED_EDGE('',*,*,#14480,.T.);
#14480 = EDGE_CURVE('',#14455,#14481,#14483,.T.);
#14481 = VERTEX_POINT('',#14482);
#14482 = CARTESIAN_POINT('',(-1.089673570659,1.15,5.551115123126E-17));
#14483 = CIRCLE('',#14484,0.25);
#14484 = AXIS2_PLACEMENT_3D('',#14485,#14486,#14487);
#14485 = CARTESIAN_POINT('',(-1.089673570659,1.15,0.25));
#14486 = DIRECTION('',(1.144237745222E-17,1.,3.851859888774E-34));
#14487 = DIRECTION('',(0.984807753012,-1.126854202784E-17,
    -0.173648177667));
#14488 = ORIENTED_EDGE('',*,*,#14489,.T.);
#14489 = EDGE_CURVE('',#14481,#14490,#14492,.T.);
#14490 = VERTEX_POINT('',#14491);
#14491 = CARTESIAN_POINT('',(-1.25,1.15,5.551115123126E-17));
#14492 = LINE('',#14493,#14494);
#14493 = CARTESIAN_POINT('',(-1.089673570659,1.15,5.551115123126E-17));
#14494 = VECTOR('',#14495,1.);
#14495 = DIRECTION('',(-1.,1.144237745222E-17,0.));
#14496 = ORIENTED_EDGE('',*,*,#14497,.T.);
#14497 = EDGE_CURVE('',#14490,#14498,#14500,.T.);
#14498 = VERTEX_POINT('',#14499);
#14499 = CARTESIAN_POINT('',(-1.25,1.15,0.15));
#14500 = LINE('',#14501,#14502);
#14501 = CARTESIAN_POINT('',(-1.25,1.15,5.551115123126E-17));
#14502 = VECTOR('',#14503,1.);
#14503 = DIRECTION('',(0.,0.,1.));
#14504 = ORIENTED_EDGE('',*,*,#14505,.T.);
#14505 = EDGE_CURVE('',#14498,#14506,#14508,.T.);
#14506 = VERTEX_POINT('',#14507);
#14507 = CARTESIAN_POINT('',(-1.089673570659,1.15,0.15));
#14508 = LINE('',#14509,#14510);
#14509 = CARTESIAN_POINT('',(-1.25,1.15,0.15));
#14510 = VECTOR('',#14511,1.);
#14511 = DIRECTION('',(1.,-1.144237745222E-17,0.));
#14512 = ORIENTED_EDGE('',*,*,#14513,.T.);
#14513 = EDGE_CURVE('',#14506,#14514,#14516,.T.);
#14514 = VERTEX_POINT('',#14515);
#14515 = CARTESIAN_POINT('',(-0.991192795358,1.15,0.232635182233));
#14516 = CIRCLE('',#14517,0.1);
#14517 = AXIS2_PLACEMENT_3D('',#14518,#14519,#14520);
#14518 = CARTESIAN_POINT('',(-1.089673570659,1.15,0.25));
#14519 = DIRECTION('',(-1.144237745222E-17,-1.,1.094764425254E-47));
#14520 = DIRECTION('',(-2.22044604925E-15,2.540718180781E-32,-1.));
#14521 = ORIENTED_EDGE('',*,*,#14522,.T.);
#14522 = EDGE_CURVE('',#14514,#14523,#14525,.T.);
#14523 = VERTEX_POINT('',#14524);
#14524 = CARTESIAN_POINT('',(-0.946201938253,1.15,0.518412044417));
#14525 = LINE('',#14526,#14527);
#14526 = CARTESIAN_POINT('',(-0.991192795358,1.15,0.232635182233));
#14527 = VECTOR('',#14528,1.);
#14528 = DIRECTION('',(0.155518033909,-1.779496044609E-18,0.987833053268
    ));
#14529 = ORIENTED_EDGE('',*,*,#14530,.T.);
#14530 = EDGE_CURVE('',#14523,#13613,#14531,.T.);
#14531 = CIRCLE('',#14532,0.25);
#14532 = AXIS2_PLACEMENT_3D('',#14533,#14534,#14535);
#14533 = CARTESIAN_POINT('',(-0.7,1.15,0.475));
#14534 = DIRECTION('',(1.144237745222E-17,1.,0.));
#14535 = DIRECTION('',(-0.984807753012,1.126854202784E-17,0.173648177667
    ));
#14536 = PLANE('',#14537);
#14537 = AXIS2_PLACEMENT_3D('',#14538,#14539,#14540);
#14538 = CARTESIAN_POINT('',(-0.931323080229,1.15,0.33452717391));
#14539 = DIRECTION('',(1.144237745222E-17,1.,0.));
#14540 = DIRECTION('',(0.,-0.,1.));
#14541 = ADVANCED_FACE('',(#14542),#14611,.F.);
#14542 = FACE_BOUND('',#14543,.F.);
#14543 = EDGE_LOOP('',(#14544,#14545,#14546,#14554,#14563,#14571,#14579,
    #14587,#14596,#14604));
#14544 = ORIENTED_EDGE('',*,*,#13796,.F.);
#14545 = ORIENTED_EDGE('',*,*,#13829,.T.);
#14546 = ORIENTED_EDGE('',*,*,#14547,.T.);
#14547 = EDGE_CURVE('',#13822,#14548,#14550,.T.);
#14548 = VERTEX_POINT('',#14549);
#14549 = CARTESIAN_POINT('',(0.843471632406,0.2,0.206587955583));
#14550 = LINE('',#14551,#14552);
#14551 = CARTESIAN_POINT('',(0.798480775301,0.2,0.492364817767));
#14552 = VECTOR('',#14553,1.);
#14553 = DIRECTION('',(0.155518033909,1.726597019897E-17,-0.987833053268
    ));
#14554 = ORIENTED_EDGE('',*,*,#14555,.T.);
#14555 = EDGE_CURVE('',#14548,#14556,#14558,.T.);
#14556 = VERTEX_POINT('',#14557);
#14557 = CARTESIAN_POINT('',(1.089673570659,0.2,5.551115123126E-17));
#14558 = CIRCLE('',#14559,0.25);
#14559 = AXIS2_PLACEMENT_3D('',#14560,#14561,#14562);
#14560 = CARTESIAN_POINT('',(1.089673570659,0.2,0.25));
#14561 = DIRECTION('',(1.110223024625E-16,-1.,0.));
#14562 = DIRECTION('',(-0.984807753012,-1.093356242223E-16,
    -0.173648177667));
#14563 = ORIENTED_EDGE('',*,*,#14564,.T.);
#14564 = EDGE_CURVE('',#14556,#14565,#14567,.T.);
#14565 = VERTEX_POINT('',#14566);
#14566 = CARTESIAN_POINT('',(1.25,0.2,5.551115123126E-17));
#14567 = LINE('',#14568,#14569);
#14568 = CARTESIAN_POINT('',(1.089673570659,0.2,5.551115123126E-17));
#14569 = VECTOR('',#14570,1.);
#14570 = DIRECTION('',(1.,1.110223024625E-16,0.));
#14571 = ORIENTED_EDGE('',*,*,#14572,.T.);
#14572 = EDGE_CURVE('',#14565,#14573,#14575,.T.);
#14573 = VERTEX_POINT('',#14574);
#14574 = CARTESIAN_POINT('',(1.25,0.2,0.15));
#14575 = LINE('',#14576,#14577);
#14576 = CARTESIAN_POINT('',(1.25,0.2,5.551115123126E-17));
#14577 = VECTOR('',#14578,1.);
#14578 = DIRECTION('',(0.,0.,1.));
#14579 = ORIENTED_EDGE('',*,*,#14580,.T.);
#14580 = EDGE_CURVE('',#14573,#14581,#14583,.T.);
#14581 = VERTEX_POINT('',#14582);
#14582 = CARTESIAN_POINT('',(1.089673570659,0.2,0.15));
#14583 = LINE('',#14584,#14585);
#14584 = CARTESIAN_POINT('',(1.25,0.2,0.15));
#14585 = VECTOR('',#14586,1.);
#14586 = DIRECTION('',(-1.,-1.110223024625E-16,0.));
#14587 = ORIENTED_EDGE('',*,*,#14588,.T.);
#14588 = EDGE_CURVE('',#14581,#14589,#14591,.T.);
#14589 = VERTEX_POINT('',#14590);
#14590 = CARTESIAN_POINT('',(0.991192795358,0.2,0.232635182233));
#14591 = CIRCLE('',#14592,0.1);
#14592 = AXIS2_PLACEMENT_3D('',#14593,#14594,#14595);
#14593 = CARTESIAN_POINT('',(1.089673570659,0.2,0.25));
#14594 = DIRECTION('',(-1.110223024625E-16,1.,0.));
#14595 = DIRECTION('',(2.22044604925E-15,2.465190328815E-31,-1.));
#14596 = ORIENTED_EDGE('',*,*,#14597,.T.);
#14597 = EDGE_CURVE('',#14589,#14598,#14600,.T.);
#14598 = VERTEX_POINT('',#14599);
#14599 = CARTESIAN_POINT('',(0.946201938253,0.2,0.518412044417));
#14600 = LINE('',#14601,#14602);
#14601 = CARTESIAN_POINT('',(0.991192795358,0.2,0.232635182233));
#14602 = VECTOR('',#14603,1.);
#14603 = DIRECTION('',(-0.155518033909,-1.726597019897E-17,
    0.987833053268));
#14604 = ORIENTED_EDGE('',*,*,#14605,.T.);
#14605 = EDGE_CURVE('',#14598,#13557,#14606,.T.);
#14606 = CIRCLE('',#14607,0.25);
#14607 = AXIS2_PLACEMENT_3D('',#14608,#14609,#14610);
#14608 = CARTESIAN_POINT('',(0.7,0.2,0.475));
#14609 = DIRECTION('',(1.110223024625E-16,-1.,0.));
#14610 = DIRECTION('',(0.984807753012,1.093356242223E-16,0.173648177667)
  );
#14611 = PLANE('',#14612);
#14612 = AXIS2_PLACEMENT_3D('',#14613,#14614,#14615);
#14613 = CARTESIAN_POINT('',(0.931323080229,0.2,0.33452717391));
#14614 = DIRECTION('',(1.110223024625E-16,-1.,0.));
#14615 = DIRECTION('',(0.,0.,1.));
#14616 = ADVANCED_FACE('',(#14617),#14635,.F.);
#14617 = FACE_BOUND('',#14618,.F.);
#14618 = EDGE_LOOP('',(#14619,#14620,#14628,#14634));
#14619 = ORIENTED_EDGE('',*,*,#13821,.T.);
#14620 = ORIENTED_EDGE('',*,*,#14621,.T.);
#14621 = EDGE_CURVE('',#13813,#14622,#14624,.T.);
#14622 = VERTEX_POINT('',#14623);
#14623 = CARTESIAN_POINT('',(0.843471632406,-0.2,0.206587955583));
#14624 = LINE('',#14625,#14626);
#14625 = CARTESIAN_POINT('',(0.798480775301,-0.2,0.492364817767));
#14626 = VECTOR('',#14627,1.);
#14627 = DIRECTION('',(0.155518033909,1.726597019897E-17,-0.987833053268
    ));
#14628 = ORIENTED_EDGE('',*,*,#14629,.F.);
#14629 = EDGE_CURVE('',#14548,#14622,#14630,.T.);
#14630 = LINE('',#14631,#14632);
#14631 = CARTESIAN_POINT('',(0.843471632406,0.2,0.206587955583));
#14632 = VECTOR('',#14633,1.);
#14633 = DIRECTION('',(1.110223024625E-16,-1.,0.));
#14634 = ORIENTED_EDGE('',*,*,#14547,.F.);
#14635 = PLANE('',#14636);
#14636 = AXIS2_PLACEMENT_3D('',#14637,#14638,#14639);
#14637 = CARTESIAN_POINT('',(0.798480775301,0.2,0.492364817767));
#14638 = DIRECTION('',(0.987833053268,1.096715000224E-16,0.155518033909)
  );
#14639 = DIRECTION('',(0.155518033909,1.726597019897E-17,-0.987833053268
    ));
#14640 = ADVANCED_FACE('',(#14641),#14703,.T.);
#14641 = FACE_BOUND('',#14642,.T.);
#14642 = EDGE_LOOP('',(#14643,#14644,#14645,#14646,#14655,#14663,#14671,
    #14679,#14688,#14696));
#14643 = ORIENTED_EDGE('',*,*,#13844,.F.);
#14644 = ORIENTED_EDGE('',*,*,#13812,.T.);
#14645 = ORIENTED_EDGE('',*,*,#14621,.T.);
#14646 = ORIENTED_EDGE('',*,*,#14647,.T.);
#14647 = EDGE_CURVE('',#14622,#14648,#14650,.T.);
#14648 = VERTEX_POINT('',#14649);
#14649 = CARTESIAN_POINT('',(1.089673570659,-0.2,5.551115123126E-17));
#14650 = CIRCLE('',#14651,0.25);
#14651 = AXIS2_PLACEMENT_3D('',#14652,#14653,#14654);
#14652 = CARTESIAN_POINT('',(1.089673570659,-0.2,0.25));
#14653 = DIRECTION('',(1.110223024625E-16,-1.,0.));
#14654 = DIRECTION('',(-0.984807753012,-1.093356242223E-16,
    -0.173648177667));
#14655 = ORIENTED_EDGE('',*,*,#14656,.T.);
#14656 = EDGE_CURVE('',#14648,#14657,#14659,.T.);
#14657 = VERTEX_POINT('',#14658);
#14658 = CARTESIAN_POINT('',(1.25,-0.2,5.551115123126E-17));
#14659 = LINE('',#14660,#14661);
#14660 = CARTESIAN_POINT('',(1.089673570659,-0.2,5.551115123126E-17));
#14661 = VECTOR('',#14662,1.);
#14662 = DIRECTION('',(1.,1.110223024625E-16,0.));
#14663 = ORIENTED_EDGE('',*,*,#14664,.T.);
#14664 = EDGE_CURVE('',#14657,#14665,#14667,.T.);
#14665 = VERTEX_POINT('',#14666);
#14666 = CARTESIAN_POINT('',(1.25,-0.2,0.15));
#14667 = LINE('',#14668,#14669);
#14668 = CARTESIAN_POINT('',(1.25,-0.2,5.551115123126E-17));
#14669 = VECTOR('',#14670,1.);
#14670 = DIRECTION('',(0.,0.,1.));
#14671 = ORIENTED_EDGE('',*,*,#14672,.T.);
#14672 = EDGE_CURVE('',#14665,#14673,#14675,.T.);
#14673 = VERTEX_POINT('',#14674);
#14674 = CARTESIAN_POINT('',(1.089673570659,-0.2,0.15));
#14675 = LINE('',#14676,#14677);
#14676 = CARTESIAN_POINT('',(1.25,-0.2,0.15));
#14677 = VECTOR('',#14678,1.);
#14678 = DIRECTION('',(-1.,-1.110223024625E-16,0.));
#14679 = ORIENTED_EDGE('',*,*,#14680,.T.);
#14680 = EDGE_CURVE('',#14673,#14681,#14683,.T.);
#14681 = VERTEX_POINT('',#14682);
#14682 = CARTESIAN_POINT('',(0.991192795358,-0.2,0.232635182233));
#14683 = CIRCLE('',#14684,0.1);
#14684 = AXIS2_PLACEMENT_3D('',#14685,#14686,#14687);
#14685 = CARTESIAN_POINT('',(1.089673570659,-0.2,0.25));
#14686 = DIRECTION('',(-1.110223024625E-16,1.,0.));
#14687 = DIRECTION('',(2.22044604925E-15,2.465190328815E-31,-1.));
#14688 = ORIENTED_EDGE('',*,*,#14689,.T.);
#14689 = EDGE_CURVE('',#14681,#14690,#14692,.T.);
#14690 = VERTEX_POINT('',#14691);
#14691 = CARTESIAN_POINT('',(0.946201938253,-0.2,0.518412044417));
#14692 = LINE('',#14693,#14694);
#14693 = CARTESIAN_POINT('',(0.991192795358,-0.2,0.232635182233));
#14694 = VECTOR('',#14695,1.);
#14695 = DIRECTION('',(-0.155518033909,-1.726597019897E-17,
    0.987833053268));
#14696 = ORIENTED_EDGE('',*,*,#14697,.T.);
#14697 = EDGE_CURVE('',#14690,#13845,#14698,.T.);
#14698 = CIRCLE('',#14699,0.25);
#14699 = AXIS2_PLACEMENT_3D('',#14700,#14701,#14702);
#14700 = CARTESIAN_POINT('',(0.7,-0.2,0.475));
#14701 = DIRECTION('',(1.110223024625E-16,-1.,0.));
#14702 = DIRECTION('',(0.984807753012,1.093356242223E-16,0.173648177667)
  );
#14703 = PLANE('',#14704);
#14704 = AXIS2_PLACEMENT_3D('',#14705,#14706,#14707);
#14705 = CARTESIAN_POINT('',(0.931323080229,-0.2,0.33452717391));
#14706 = DIRECTION('',(1.110223024625E-16,-1.,0.));
#14707 = DIRECTION('',(0.,0.,1.));
#14708 = ADVANCED_FACE('',(#14709),#14720,.T.);
#14709 = FACE_BOUND('',#14710,.T.);
#14710 = EDGE_LOOP('',(#14711,#14712,#14713,#14714));
#14711 = ORIENTED_EDGE('',*,*,#14438,.T.);
#14712 = ORIENTED_EDGE('',*,*,#13945,.T.);
#14713 = ORIENTED_EDGE('',*,*,#14530,.F.);
#14714 = ORIENTED_EDGE('',*,*,#14715,.F.);
#14715 = EDGE_CURVE('',#14431,#14523,#14716,.T.);
#14716 = LINE('',#14717,#14718);
#14717 = CARTESIAN_POINT('',(-0.946201938253,0.75,0.518412044417));
#14718 = VECTOR('',#14719,1.);
#14719 = DIRECTION('',(1.144237745222E-17,1.,0.));
#14720 = CYLINDRICAL_SURFACE('',#14721,0.25);
#14721 = AXIS2_PLACEMENT_3D('',#14722,#14723,#14724);
#14722 = CARTESIAN_POINT('',(-0.7,0.75,0.475));
#14723 = DIRECTION('',(-1.144237745222E-17,-1.,0.));
#14724 = DIRECTION('',(-0.984807753012,1.126854202784E-17,0.173648177667
    ));
#14725 = ADVANCED_FACE('',(#14726),#14737,.F.);
#14726 = FACE_BOUND('',#14727,.F.);
#14727 = EDGE_LOOP('',(#14728,#14729,#14735,#14736));
#14728 = ORIENTED_EDGE('',*,*,#14156,.F.);
#14729 = ORIENTED_EDGE('',*,*,#14730,.T.);
#14730 = EDGE_CURVE('',#13659,#13714,#14731,.T.);
#14731 = LINE('',#14732,#14733);
#14732 = CARTESIAN_POINT('',(-0.7,-1.15,0.725));
#14733 = VECTOR('',#14734,1.);
#14734 = DIRECTION('',(1.144237745222E-17,1.,0.));
#14735 = ORIENTED_EDGE('',*,*,#14364,.T.);
#14736 = ORIENTED_EDGE('',*,*,#13976,.F.);
#14737 = PLANE('',#14738);
#14738 = AXIS2_PLACEMENT_3D('',#14739,#14740,#14741);
#14739 = CARTESIAN_POINT('',(-0.7,-1.15,0.725));
#14740 = DIRECTION('',(0.,0.,-1.));
#14741 = DIRECTION('',(1.,-1.144237745222E-17,0.));
#14742 = ADVANCED_FACE('',(#14743,#14772),#14783,.T.);
#14743 = FACE_BOUND('',#14744,.T.);
#14744 = EDGE_LOOP('',(#14745,#14746,#14747,#14748,#14756,#14764,#14770,
    #14771));
#14745 = ORIENTED_EDGE('',*,*,#14051,.F.);
#14746 = ORIENTED_EDGE('',*,*,#14028,.F.);
#14747 = ORIENTED_EDGE('',*,*,#13999,.F.);
#14748 = ORIENTED_EDGE('',*,*,#14749,.F.);
#14749 = EDGE_CURVE('',#14750,#14000,#14752,.T.);
#14750 = VERTEX_POINT('',#14751);
#14751 = CARTESIAN_POINT('',(-0.559121551758,-1.408243103516,1.2));
#14752 = LINE('',#14753,#14754);
#14753 = CARTESIAN_POINT('',(-0.559121551758,-1.408243103516,1.2));
#14754 = VECTOR('',#14755,1.);
#14755 = DIRECTION('',(-0.707106781187,0.707106781187,0.));
#14756 = ORIENTED_EDGE('',*,*,#14757,.F.);
#14757 = EDGE_CURVE('',#14758,#14750,#14760,.T.);
#14758 = VERTEX_POINT('',#14759);
#14759 = CARTESIAN_POINT('',(0.559121551758,-1.408243103516,1.2));
#14760 = LINE('',#14761,#14762);
#14761 = CARTESIAN_POINT('',(0.559121551758,-1.408243103516,1.2));
#14762 = VECTOR('',#14763,1.);
#14763 = DIRECTION('',(-1.,-1.110223024625E-16,0.));
#14764 = ORIENTED_EDGE('',*,*,#14765,.F.);
#14765 = EDGE_CURVE('',#14107,#14758,#14766,.T.);
#14766 = LINE('',#14767,#14768);
#14767 = CARTESIAN_POINT('',(0.608243103516,-1.359121551758,1.2));
#14768 = VECTOR('',#14769,1.);
#14769 = DIRECTION('',(-0.707106781187,-0.707106781187,0.));
#14770 = ORIENTED_EDGE('',*,*,#14113,.F.);
#14771 = ORIENTED_EDGE('',*,*,#14074,.F.);
#14772 = FACE_BOUND('',#14773,.T.);
#14773 = EDGE_LOOP('',(#14774));
#14774 = ORIENTED_EDGE('',*,*,#14775,.T.);
#14775 = EDGE_CURVE('',#14776,#14776,#14778,.T.);
#14776 = VERTEX_POINT('',#14777);
#14777 = CARTESIAN_POINT('',(-0.428243103516,1.178243103516,1.2));
#14778 = CIRCLE('',#14779,5.E-02);
#14779 = AXIS2_PLACEMENT_3D('',#14780,#14781,#14782);
#14780 = CARTESIAN_POINT('',(-0.428243103516,1.228243103516,1.2));
#14781 = DIRECTION('',(0.,-0.,-1.));
#14782 = DIRECTION('',(1.110223024625E-16,-1.,0.));
#14783 = PLANE('',#14784);
#14784 = AXIS2_PLACEMENT_3D('',#14785,#14786,#14787);
#14785 = CARTESIAN_POINT('',(-0.559121551758,1.408243103516,1.2));
#14786 = DIRECTION('',(0.,0.,1.));
#14787 = DIRECTION('',(0.369013679242,-0.929423963825,0.));
#14788 = ADVANCED_FACE('',(#14789),#14799,.F.);
#14789 = FACE_BOUND('',#14790,.F.);
#14790 = EDGE_LOOP('',(#14791,#14792,#14793,#14794));
#14791 = ORIENTED_EDGE('',*,*,#14163,.T.);
#14792 = ORIENTED_EDGE('',*,*,#14007,.T.);
#14793 = ORIENTED_EDGE('',*,*,#14749,.F.);
#14794 = ORIENTED_EDGE('',*,*,#14795,.F.);
#14795 = EDGE_CURVE('',#14164,#14750,#14796,.T.);
#14796 = B_SPLINE_CURVE_WITH_KNOTS('',1,(#14797,#14798),.UNSPECIFIED.,
  .F.,.F.,(2,2),(0.,1.),.PIECEWISE_BEZIER_KNOTS.);
#14797 = CARTESIAN_POINT('',(-0.5925,-1.475,0.725));
#14798 = CARTESIAN_POINT('',(-0.559121551758,-1.408243103516,1.2));
#14799 = B_SPLINE_SURFACE_WITH_KNOTS('',1,1,(
    (#14800,#14801)
    ,(#14802,#14803
    )),.UNSPECIFIED.,.F.,.F.,.F.,(2,2),(2,2),(0.,0.116672618896),(0.,1.)
  ,.PIECEWISE_BEZIER_KNOTS.);
#14800 = CARTESIAN_POINT('',(-0.5925,-1.475,0.725));
#14801 = CARTESIAN_POINT('',(-0.559121551758,-1.408243103516,1.2));
#14802 = CARTESIAN_POINT('',(-0.675,-1.3925,0.725));
#14803 = CARTESIAN_POINT('',(-0.608243103516,-1.359121551758,1.2));
#14804 = ADVANCED_FACE('',(#14805),#14815,.F.);
#14805 = FACE_BOUND('',#14806,.F.);
#14806 = EDGE_LOOP('',(#14807,#14808,#14813,#14814));
#14807 = ORIENTED_EDGE('',*,*,#14179,.T.);
#14808 = ORIENTED_EDGE('',*,*,#14809,.T.);
#14809 = EDGE_CURVE('',#14172,#14758,#14810,.T.);
#14810 = B_SPLINE_CURVE_WITH_KNOTS('',1,(#14811,#14812),.UNSPECIFIED.,
  .F.,.F.,(2,2),(0.,1.),.PIECEWISE_BEZIER_KNOTS.);
#14811 = CARTESIAN_POINT('',(0.5925,-1.475,0.725));
#14812 = CARTESIAN_POINT('',(0.559121551758,-1.408243103516,1.2));
#14813 = ORIENTED_EDGE('',*,*,#14765,.F.);
#14814 = ORIENTED_EDGE('',*,*,#14106,.F.);
#14815 = B_SPLINE_SURFACE_WITH_KNOTS('',1,1,(
    (#14816,#14817)
    ,(#14818,#14819
    )),.UNSPECIFIED.,.F.,.F.,.F.,(2,2),(2,2),(0.,0.116672618896),(0.,1.)
  ,.PIECEWISE_BEZIER_KNOTS.);
#14816 = CARTESIAN_POINT('',(0.675,-1.3925,0.725));
#14817 = CARTESIAN_POINT('',(0.608243103516,-1.359121551758,1.2));
#14818 = CARTESIAN_POINT('',(0.5925,-1.475,0.725));
#14819 = CARTESIAN_POINT('',(0.559121551758,-1.408243103516,1.2));
#14820 = ADVANCED_FACE('',(#14821),#14832,.T.);
#14821 = FACE_BOUND('',#14822,.T.);
#14822 = EDGE_LOOP('',(#14823,#14824,#14825,#14826));
#14823 = ORIENTED_EDGE('',*,*,#14605,.T.);
#14824 = ORIENTED_EDGE('',*,*,#14129,.T.);
#14825 = ORIENTED_EDGE('',*,*,#14697,.F.);
#14826 = ORIENTED_EDGE('',*,*,#14827,.F.);
#14827 = EDGE_CURVE('',#14598,#14690,#14828,.T.);
#14828 = LINE('',#14829,#14830);
#14829 = CARTESIAN_POINT('',(0.946201938253,0.2,0.518412044417));
#14830 = VECTOR('',#14831,1.);
#14831 = DIRECTION('',(1.110223024625E-16,-1.,0.));
#14832 = CYLINDRICAL_SURFACE('',#14833,0.25);
#14833 = AXIS2_PLACEMENT_3D('',#14834,#14835,#14836);
#14834 = CARTESIAN_POINT('',(0.7,0.2,0.475));
#14835 = DIRECTION('',(-1.110223024625E-16,1.,0.));
#14836 = DIRECTION('',(0.984807753012,1.093356242223E-16,0.173648177667)
  );
#14837 = ADVANCED_FACE('',(#14838),#14844,.F.);
#14838 = FACE_BOUND('',#14839,.F.);
#14839 = EDGE_LOOP('',(#14840,#14841,#14842,#14843));
#14840 = ORIENTED_EDGE('',*,*,#14171,.T.);
#14841 = ORIENTED_EDGE('',*,*,#14795,.T.);
#14842 = ORIENTED_EDGE('',*,*,#14757,.F.);
#14843 = ORIENTED_EDGE('',*,*,#14809,.F.);
#14844 = B_SPLINE_SURFACE_WITH_KNOTS('',1,1,(
    (#14845,#14846)
    ,(#14847,#14848
    )),.UNSPECIFIED.,.F.,.F.,.F.,(2,2),(2,2),(0.,1.185),(0.,1.),
  .PIECEWISE_BEZIER_KNOTS.);
#14845 = CARTESIAN_POINT('',(0.5925,-1.475,0.725));
#14846 = CARTESIAN_POINT('',(0.559121551758,-1.408243103516,1.2));
#14847 = CARTESIAN_POINT('',(-0.5925,-1.475,0.725));
#14848 = CARTESIAN_POINT('',(-0.559121551758,-1.408243103516,1.2));
#14849 = ADVANCED_FACE('',(#14850),#14861,.T.);
#14850 = FACE_BOUND('',#14851,.T.);
#14851 = EDGE_LOOP('',(#14852,#14853,#14854,#14855));
#14852 = ORIENTED_EDGE('',*,*,#14254,.T.);
#14853 = ORIENTED_EDGE('',*,*,#14730,.T.);
#14854 = ORIENTED_EDGE('',*,*,#14346,.F.);
#14855 = ORIENTED_EDGE('',*,*,#14856,.F.);
#14856 = EDGE_CURVE('',#14247,#14339,#14857,.T.);
#14857 = LINE('',#14858,#14859);
#14858 = CARTESIAN_POINT('',(-0.946201938253,-1.15,0.518412044417));
#14859 = VECTOR('',#14860,1.);
#14860 = DIRECTION('',(1.144237745222E-17,1.,0.));
#14861 = CYLINDRICAL_SURFACE('',#14862,0.25);
#14862 = AXIS2_PLACEMENT_3D('',#14863,#14864,#14865);
#14863 = CARTESIAN_POINT('',(-0.7,-1.15,0.475));
#14864 = DIRECTION('',(-1.144237745222E-17,-1.,0.));
#14865 = DIRECTION('',(-0.984807753012,1.126854202784E-17,0.173648177667
    ));
#14866 = ADVANCED_FACE('',(#14867),#14878,.F.);
#14867 = FACE_BOUND('',#14868,.F.);
#14868 = EDGE_LOOP('',(#14869,#14875,#14876,#14877));
#14869 = ORIENTED_EDGE('',*,*,#14870,.T.);
#14870 = EDGE_CURVE('',#14238,#14330,#14871,.T.);
#14871 = LINE('',#14872,#14873);
#14872 = CARTESIAN_POINT('',(-0.991192795358,-1.15,0.232635182233));
#14873 = VECTOR('',#14874,1.);
#14874 = DIRECTION('',(1.144237745222E-17,1.,0.));
#14875 = ORIENTED_EDGE('',*,*,#14338,.T.);
#14876 = ORIENTED_EDGE('',*,*,#14856,.F.);
#14877 = ORIENTED_EDGE('',*,*,#14246,.F.);
#14878 = PLANE('',#14879);
#14879 = AXIS2_PLACEMENT_3D('',#14880,#14881,#14882);
#14880 = CARTESIAN_POINT('',(-0.991192795358,-1.15,0.232635182233));
#14881 = DIRECTION('',(0.987833053268,-1.130315865527E-17,
    -0.155518033909));
#14882 = DIRECTION('',(0.155518033909,-1.779496044609E-18,0.987833053268
    ));
#14883 = ADVANCED_FACE('',(#14884),#14895,.F.);
#14884 = FACE_BOUND('',#14885,.F.);
#14885 = EDGE_LOOP('',(#14886,#14892,#14893,#14894));
#14886 = ORIENTED_EDGE('',*,*,#14887,.T.);
#14887 = EDGE_CURVE('',#14230,#14322,#14888,.T.);
#14888 = LINE('',#14889,#14890);
#14889 = CARTESIAN_POINT('',(-1.089673570659,-1.15,0.15));
#14890 = VECTOR('',#14891,1.);
#14891 = DIRECTION('',(1.144237745222E-17,1.,0.));
#14892 = ORIENTED_EDGE('',*,*,#14329,.T.);
#14893 = ORIENTED_EDGE('',*,*,#14870,.F.);
#14894 = ORIENTED_EDGE('',*,*,#14237,.F.);
#14895 = CYLINDRICAL_SURFACE('',#14896,0.1);
#14896 = AXIS2_PLACEMENT_3D('',#14897,#14898,#14899);
#14897 = CARTESIAN_POINT('',(-1.089673570659,-1.15,0.25));
#14898 = DIRECTION('',(-1.144237745222E-17,-1.,0.));
#14899 = DIRECTION('',(-2.22044604925E-15,2.540718180781E-32,-1.));
#14900 = ADVANCED_FACE('',(#14901),#14912,.F.);
#14901 = FACE_BOUND('',#14902,.F.);
#14902 = EDGE_LOOP('',(#14903,#14909,#14910,#14911));
#14903 = ORIENTED_EDGE('',*,*,#14904,.T.);
#14904 = EDGE_CURVE('',#14222,#14314,#14905,.T.);
#14905 = LINE('',#14906,#14907);
#14906 = CARTESIAN_POINT('',(-1.25,-1.15,0.15));
#14907 = VECTOR('',#14908,1.);
#14908 = DIRECTION('',(1.144237745222E-17,1.,0.));
#14909 = ORIENTED_EDGE('',*,*,#14321,.T.);
#14910 = ORIENTED_EDGE('',*,*,#14887,.F.);
#14911 = ORIENTED_EDGE('',*,*,#14229,.F.);
#14912 = PLANE('',#14913);
#14913 = AXIS2_PLACEMENT_3D('',#14914,#14915,#14916);
#14914 = CARTESIAN_POINT('',(-1.25,-1.15,0.15));
#14915 = DIRECTION('',(0.,0.,-1.));
#14916 = DIRECTION('',(1.,-1.144237745222E-17,0.));
#14917 = ADVANCED_FACE('',(#14918),#14929,.F.);
#14918 = FACE_BOUND('',#14919,.F.);
#14919 = EDGE_LOOP('',(#14920,#14926,#14927,#14928));
#14920 = ORIENTED_EDGE('',*,*,#14921,.T.);
#14921 = EDGE_CURVE('',#14214,#14306,#14922,.T.);
#14922 = LINE('',#14923,#14924);
#14923 = CARTESIAN_POINT('',(-1.25,-1.15,5.551115123126E-17));
#14924 = VECTOR('',#14925,1.);
#14925 = DIRECTION('',(1.144237745222E-17,1.,0.));
#14926 = ORIENTED_EDGE('',*,*,#14313,.T.);
#14927 = ORIENTED_EDGE('',*,*,#14904,.F.);
#14928 = ORIENTED_EDGE('',*,*,#14221,.F.);
#14929 = PLANE('',#14930);
#14930 = AXIS2_PLACEMENT_3D('',#14931,#14932,#14933);
#14931 = CARTESIAN_POINT('',(-1.25,-1.15,5.551115123126E-17));
#14932 = DIRECTION('',(1.,-1.144237745222E-17,0.));
#14933 = DIRECTION('',(0.,0.,1.));
#14934 = ADVANCED_FACE('',(#14935),#14946,.F.);
#14935 = FACE_BOUND('',#14936,.F.);
#14936 = EDGE_LOOP('',(#14937,#14943,#14944,#14945));
#14937 = ORIENTED_EDGE('',*,*,#14938,.T.);
#14938 = EDGE_CURVE('',#14205,#14297,#14939,.T.);
#14939 = LINE('',#14940,#14941);
#14940 = CARTESIAN_POINT('',(-1.089673570659,-1.15,5.551115123126E-17));
#14941 = VECTOR('',#14942,1.);
#14942 = DIRECTION('',(1.144237745222E-17,1.,0.));
#14943 = ORIENTED_EDGE('',*,*,#14305,.T.);
#14944 = ORIENTED_EDGE('',*,*,#14921,.F.);
#14945 = ORIENTED_EDGE('',*,*,#14213,.F.);
#14946 = PLANE('',#14947);
#14947 = AXIS2_PLACEMENT_3D('',#14948,#14949,#14950);
#14948 = CARTESIAN_POINT('',(-1.089673570659,-1.15,5.551115123126E-17));
#14949 = DIRECTION('',(0.,0.,1.));
#14950 = DIRECTION('',(-1.,1.144237745222E-17,0.));
#14951 = ADVANCED_FACE('',(#14952),#14958,.T.);
#14952 = FACE_BOUND('',#14953,.T.);
#14953 = EDGE_LOOP('',(#14954,#14955,#14956,#14957));
#14954 = ORIENTED_EDGE('',*,*,#14204,.T.);
#14955 = ORIENTED_EDGE('',*,*,#14938,.T.);
#14956 = ORIENTED_EDGE('',*,*,#14296,.F.);
#14957 = ORIENTED_EDGE('',*,*,#14278,.F.);
#14958 = CYLINDRICAL_SURFACE('',#14959,0.25);
#14959 = AXIS2_PLACEMENT_3D('',#14960,#14961,#14962);
#14960 = CARTESIAN_POINT('',(-1.089673570659,-1.15,0.25));
#14961 = DIRECTION('',(-1.144237745222E-17,-1.,0.));
#14962 = DIRECTION('',(0.984807753012,-1.126854202784E-17,
    -0.173648177667));
#14963 = ADVANCED_FACE('',(#14964),#14975,.F.);
#14964 = FACE_BOUND('',#14965,.F.);
#14965 = EDGE_LOOP('',(#14966,#14972,#14973,#14974));
#14966 = ORIENTED_EDGE('',*,*,#14967,.T.);
#14967 = EDGE_CURVE('',#14422,#14514,#14968,.T.);
#14968 = LINE('',#14969,#14970);
#14969 = CARTESIAN_POINT('',(-0.991192795358,0.75,0.232635182233));
#14970 = VECTOR('',#14971,1.);
#14971 = DIRECTION('',(1.144237745222E-17,1.,0.));
#14972 = ORIENTED_EDGE('',*,*,#14522,.T.);
#14973 = ORIENTED_EDGE('',*,*,#14715,.F.);
#14974 = ORIENTED_EDGE('',*,*,#14430,.F.);
#14975 = PLANE('',#14976);
#14976 = AXIS2_PLACEMENT_3D('',#14977,#14978,#14979);
#14977 = CARTESIAN_POINT('',(-0.991192795358,0.75,0.232635182233));
#14978 = DIRECTION('',(0.987833053268,-1.130315865527E-17,
    -0.155518033909));
#14979 = DIRECTION('',(0.155518033909,-1.779496044609E-18,0.987833053268
    ));
#14980 = ADVANCED_FACE('',(#14981),#14992,.F.);
#14981 = FACE_BOUND('',#14982,.F.);
#14982 = EDGE_LOOP('',(#14983,#14989,#14990,#14991));
#14983 = ORIENTED_EDGE('',*,*,#14984,.T.);
#14984 = EDGE_CURVE('',#14414,#14506,#14985,.T.);
#14985 = LINE('',#14986,#14987);
#14986 = CARTESIAN_POINT('',(-1.089673570659,0.75,0.15));
#14987 = VECTOR('',#14988,1.);
#14988 = DIRECTION('',(1.144237745222E-17,1.,0.));
#14989 = ORIENTED_EDGE('',*,*,#14513,.T.);
#14990 = ORIENTED_EDGE('',*,*,#14967,.F.);
#14991 = ORIENTED_EDGE('',*,*,#14421,.F.);
#14992 = CYLINDRICAL_SURFACE('',#14993,0.1);
#14993 = AXIS2_PLACEMENT_3D('',#14994,#14995,#14996);
#14994 = CARTESIAN_POINT('',(-1.089673570659,0.75,0.25));
#14995 = DIRECTION('',(-1.144237745222E-17,-1.,0.));
#14996 = DIRECTION('',(-2.22044604925E-15,2.540718180781E-32,-1.));
#14997 = ADVANCED_FACE('',(#14998),#15009,.F.);
#14998 = FACE_BOUND('',#14999,.F.);
#14999 = EDGE_LOOP('',(#15000,#15006,#15007,#15008));
#15000 = ORIENTED_EDGE('',*,*,#15001,.T.);
#15001 = EDGE_CURVE('',#14406,#14498,#15002,.T.);
#15002 = LINE('',#15003,#15004);
#15003 = CARTESIAN_POINT('',(-1.25,0.75,0.15));
#15004 = VECTOR('',#15005,1.);
#15005 = DIRECTION('',(1.144237745222E-17,1.,0.));
#15006 = ORIENTED_EDGE('',*,*,#14505,.T.);
#15007 = ORIENTED_EDGE('',*,*,#14984,.F.);
#15008 = ORIENTED_EDGE('',*,*,#14413,.F.);
#15009 = PLANE('',#15010);
#15010 = AXIS2_PLACEMENT_3D('',#15011,#15012,#15013);
#15011 = CARTESIAN_POINT('',(-1.25,0.75,0.15));
#15012 = DIRECTION('',(0.,0.,-1.));
#15013 = DIRECTION('',(1.,-1.144237745222E-17,0.));
#15014 = ADVANCED_FACE('',(#15015),#15026,.F.);
#15015 = FACE_BOUND('',#15016,.F.);
#15016 = EDGE_LOOP('',(#15017,#15023,#15024,#15025));
#15017 = ORIENTED_EDGE('',*,*,#15018,.T.);
#15018 = EDGE_CURVE('',#14398,#14490,#15019,.T.);
#15019 = LINE('',#15020,#15021);
#15020 = CARTESIAN_POINT('',(-1.25,0.75,5.551115123126E-17));
#15021 = VECTOR('',#15022,1.);
#15022 = DIRECTION('',(1.144237745222E-17,1.,0.));
#15023 = ORIENTED_EDGE('',*,*,#14497,.T.);
#15024 = ORIENTED_EDGE('',*,*,#15001,.F.);
#15025 = ORIENTED_EDGE('',*,*,#14405,.F.);
#15026 = PLANE('',#15027);
#15027 = AXIS2_PLACEMENT_3D('',#15028,#15029,#15030);
#15028 = CARTESIAN_POINT('',(-1.25,0.75,5.551115123126E-17));
#15029 = DIRECTION('',(1.,-1.144237745222E-17,0.));
#15030 = DIRECTION('',(0.,0.,1.));
#15031 = ADVANCED_FACE('',(#15032),#15043,.F.);
#15032 = FACE_BOUND('',#15033,.F.);
#15033 = EDGE_LOOP('',(#15034,#15040,#15041,#15042));
#15034 = ORIENTED_EDGE('',*,*,#15035,.T.);
#15035 = EDGE_CURVE('',#14389,#14481,#15036,.T.);
#15036 = LINE('',#15037,#15038);
#15037 = CARTESIAN_POINT('',(-1.089673570659,0.75,5.551115123126E-17));
#15038 = VECTOR('',#15039,1.);
#15039 = DIRECTION('',(1.144237745222E-17,1.,0.));
#15040 = ORIENTED_EDGE('',*,*,#14489,.T.);
#15041 = ORIENTED_EDGE('',*,*,#15018,.F.);
#15042 = ORIENTED_EDGE('',*,*,#14397,.F.);
#15043 = PLANE('',#15044);
#15044 = AXIS2_PLACEMENT_3D('',#15045,#15046,#15047);
#15045 = CARTESIAN_POINT('',(-1.089673570659,0.75,5.551115123126E-17));
#15046 = DIRECTION('',(0.,0.,1.));
#15047 = DIRECTION('',(-1.,1.144237745222E-17,0.));
#15048 = ADVANCED_FACE('',(#15049),#15055,.T.);
#15049 = FACE_BOUND('',#15050,.T.);
#15050 = EDGE_LOOP('',(#15051,#15052,#15053,#15054));
#15051 = ORIENTED_EDGE('',*,*,#14388,.T.);
#15052 = ORIENTED_EDGE('',*,*,#15035,.T.);
#15053 = ORIENTED_EDGE('',*,*,#14480,.F.);
#15054 = ORIENTED_EDGE('',*,*,#14462,.F.);
#15055 = CYLINDRICAL_SURFACE('',#15056,0.25);
#15056 = AXIS2_PLACEMENT_3D('',#15057,#15058,#15059);
#15057 = CARTESIAN_POINT('',(-1.089673570659,0.75,0.25));
#15058 = DIRECTION('',(-1.144237745222E-17,-1.,0.));
#15059 = DIRECTION('',(0.984807753012,-1.126854202784E-17,
    -0.173648177667));
#15060 = ADVANCED_FACE('',(#15061),#15072,.F.);
#15061 = FACE_BOUND('',#15062,.F.);
#15062 = EDGE_LOOP('',(#15063,#15069,#15070,#15071));
#15063 = ORIENTED_EDGE('',*,*,#15064,.T.);
#15064 = EDGE_CURVE('',#14589,#14681,#15065,.T.);
#15065 = LINE('',#15066,#15067);
#15066 = CARTESIAN_POINT('',(0.991192795358,0.2,0.232635182233));
#15067 = VECTOR('',#15068,1.);
#15068 = DIRECTION('',(1.110223024625E-16,-1.,0.));
#15069 = ORIENTED_EDGE('',*,*,#14689,.T.);
#15070 = ORIENTED_EDGE('',*,*,#14827,.F.);
#15071 = ORIENTED_EDGE('',*,*,#14597,.F.);
#15072 = PLANE('',#15073);
#15073 = AXIS2_PLACEMENT_3D('',#15074,#15075,#15076);
#15074 = CARTESIAN_POINT('',(0.991192795358,0.2,0.232635182233));
#15075 = DIRECTION('',(-0.987833053268,-1.096715000224E-16,
    -0.155518033909));
#15076 = DIRECTION('',(-0.155518033909,-1.726597019897E-17,
    0.987833053268));
#15077 = ADVANCED_FACE('',(#15078),#15089,.F.);
#15078 = FACE_BOUND('',#15079,.F.);
#15079 = EDGE_LOOP('',(#15080,#15086,#15087,#15088));
#15080 = ORIENTED_EDGE('',*,*,#15081,.T.);
#15081 = EDGE_CURVE('',#14581,#14673,#15082,.T.);
#15082 = LINE('',#15083,#15084);
#15083 = CARTESIAN_POINT('',(1.089673570659,0.2,0.15));
#15084 = VECTOR('',#15085,1.);
#15085 = DIRECTION('',(1.110223024625E-16,-1.,0.));
#15086 = ORIENTED_EDGE('',*,*,#14680,.T.);
#15087 = ORIENTED_EDGE('',*,*,#15064,.F.);
#15088 = ORIENTED_EDGE('',*,*,#14588,.F.);
#15089 = CYLINDRICAL_SURFACE('',#15090,0.1);
#15090 = AXIS2_PLACEMENT_3D('',#15091,#15092,#15093);
#15091 = CARTESIAN_POINT('',(1.089673570659,0.2,0.25));
#15092 = DIRECTION('',(-1.110223024625E-16,1.,0.));
#15093 = DIRECTION('',(2.22044604925E-15,2.465190328815E-31,-1.));
#15094 = ADVANCED_FACE('',(#15095),#15106,.F.);
#15095 = FACE_BOUND('',#15096,.F.);
#15096 = EDGE_LOOP('',(#15097,#15103,#15104,#15105));
#15097 = ORIENTED_EDGE('',*,*,#15098,.T.);
#15098 = EDGE_CURVE('',#14573,#14665,#15099,.T.);
#15099 = LINE('',#15100,#15101);
#15100 = CARTESIAN_POINT('',(1.25,0.2,0.15));
#15101 = VECTOR('',#15102,1.);
#15102 = DIRECTION('',(1.110223024625E-16,-1.,0.));
#15103 = ORIENTED_EDGE('',*,*,#14672,.T.);
#15104 = ORIENTED_EDGE('',*,*,#15081,.F.);
#15105 = ORIENTED_EDGE('',*,*,#14580,.F.);
#15106 = PLANE('',#15107);
#15107 = AXIS2_PLACEMENT_3D('',#15108,#15109,#15110);
#15108 = CARTESIAN_POINT('',(1.25,0.2,0.15));
#15109 = DIRECTION('',(0.,0.,-1.));
#15110 = DIRECTION('',(-1.,-1.110223024625E-16,-0.));
#15111 = ADVANCED_FACE('',(#15112),#15123,.F.);
#15112 = FACE_BOUND('',#15113,.F.);
#15113 = EDGE_LOOP('',(#15114,#15120,#15121,#15122));
#15114 = ORIENTED_EDGE('',*,*,#15115,.T.);
#15115 = EDGE_CURVE('',#14565,#14657,#15116,.T.);
#15116 = LINE('',#15117,#15118);
#15117 = CARTESIAN_POINT('',(1.25,0.2,5.551115123126E-17));
#15118 = VECTOR('',#15119,1.);
#15119 = DIRECTION('',(1.110223024625E-16,-1.,0.));
#15120 = ORIENTED_EDGE('',*,*,#14664,.T.);
#15121 = ORIENTED_EDGE('',*,*,#15098,.F.);
#15122 = ORIENTED_EDGE('',*,*,#14572,.F.);
#15123 = PLANE('',#15124);
#15124 = AXIS2_PLACEMENT_3D('',#15125,#15126,#15127);
#15125 = CARTESIAN_POINT('',(1.25,0.2,5.551115123126E-17));
#15126 = DIRECTION('',(-1.,-1.110223024625E-16,0.));
#15127 = DIRECTION('',(0.,0.,1.));
#15128 = ADVANCED_FACE('',(#15129),#15140,.F.);
#15129 = FACE_BOUND('',#15130,.F.);
#15130 = EDGE_LOOP('',(#15131,#15137,#15138,#15139));
#15131 = ORIENTED_EDGE('',*,*,#15132,.T.);
#15132 = EDGE_CURVE('',#14556,#14648,#15133,.T.);
#15133 = LINE('',#15134,#15135);
#15134 = CARTESIAN_POINT('',(1.089673570659,0.2,5.551115123126E-17));
#15135 = VECTOR('',#15136,1.);
#15136 = DIRECTION('',(1.110223024625E-16,-1.,0.));
#15137 = ORIENTED_EDGE('',*,*,#14656,.T.);
#15138 = ORIENTED_EDGE('',*,*,#15115,.F.);
#15139 = ORIENTED_EDGE('',*,*,#14564,.F.);
#15140 = PLANE('',#15141);
#15141 = AXIS2_PLACEMENT_3D('',#15142,#15143,#15144);
#15142 = CARTESIAN_POINT('',(1.089673570659,0.2,5.551115123126E-17));
#15143 = DIRECTION('',(0.,0.,1.));
#15144 = DIRECTION('',(1.,1.110223024625E-16,-0.));
#15145 = ADVANCED_FACE('',(#15146),#15152,.T.);
#15146 = FACE_BOUND('',#15147,.T.);
#15147 = EDGE_LOOP('',(#15148,#15149,#15150,#15151));
#15148 = ORIENTED_EDGE('',*,*,#14555,.T.);
#15149 = ORIENTED_EDGE('',*,*,#15132,.T.);
#15150 = ORIENTED_EDGE('',*,*,#14647,.F.);
#15151 = ORIENTED_EDGE('',*,*,#14629,.F.);
#15152 = CYLINDRICAL_SURFACE('',#15153,0.25);
#15153 = AXIS2_PLACEMENT_3D('',#15154,#15155,#15156);
#15154 = CARTESIAN_POINT('',(1.089673570659,0.2,0.25));
#15155 = DIRECTION('',(-1.110223024625E-16,1.,0.));
#15156 = DIRECTION('',(-0.984807753012,-1.093356242223E-16,
    -0.173648177667));
#15157 = ADVANCED_FACE('',(#15158),#15161,.F.);
#15158 = FACE_BOUND('',#15159,.T.);
#15159 = EDGE_LOOP('',(#15160));
#15160 = ORIENTED_EDGE('',*,*,#14775,.F.);
#15161 = PLANE('',#15162);
#15162 = AXIS2_PLACEMENT_3D('',#15163,#15164,#15165);
#15163 = CARTESIAN_POINT('',(-0.428243103516,1.228243103516,1.2));
#15164 = DIRECTION('',(0.,0.,-1.));
#15165 = DIRECTION('',(1.110223024625E-16,-1.,0.));
#15166 = ( GEOMETRIC_REPRESENTATION_CONTEXT(3) 
GLOBAL_UNCERTAINTY_ASSIGNED_CONTEXT((#15170)) 
GLOBAL_UNIT_ASSIGNED_CONTEXT((#15167,#15168,#15169)) 
REPRESENTATION_CONTEXT('Context #1',
  '3D Context with UNIT and UNCERTAINTY') );
#15167 = ( LENGTH_UNIT() NAMED_UNIT(*) SI_UNIT(.MILLI.,.METRE.) );
#15168 = ( NAMED_UNIT(*) PLANE_ANGLE_UNIT() SI_UNIT($,.RADIAN.) );
#15169 = ( NAMED_UNIT(*) SI_UNIT($,.STERADIAN.) SOLID_ANGLE_UNIT() );
#15170 = UNCERTAINTY_MEASURE_WITH_UNIT(LENGTH_MEASURE(1.E-07),#15167,
  'distance_accuracy_value','confusion accuracy');
#15171 = CONTEXT_DEPENDENT_SHAPE_REPRESENTATION(#15172,#15174);
#15172 = ( REPRESENTATION_RELATIONSHIP('','',#13183,#13160) 
REPRESENTATION_RELATIONSHIP_WITH_TRANSFORMATION(#15173) 
SHAPE_REPRESENTATION_RELATIONSHIP() );
#15173 = ITEM_DEFINED_TRANSFORMATION('','',#11,#13161);
#15174 = PRODUCT_DEFINITION_SHAPE('Placement','Placement of an item',
  #15175);
#15175 = NEXT_ASSEMBLY_USAGE_OCCURRENCE('24','=>[0:1:1:19]','',#13155,
  #13178,$);
#15176 = PRODUCT_RELATED_PRODUCT_CATEGORY('part',$,(#13180));
#15177 = CONTEXT_DEPENDENT_SHAPE_REPRESENTATION(#15178,#15180);
#15178 = ( REPRESENTATION_RELATIONSHIP('','',#9855,#10) 
REPRESENTATION_RELATIONSHIP_WITH_TRANSFORMATION(#15179) 
SHAPE_REPRESENTATION_RELATIONSHIP() );
#15179 = ITEM_DEFINED_TRANSFORMATION('','',#11,#79);
#15180 = PRODUCT_DEFINITION_SHAPE('Placement','Placement of an item',
  #15181);
#15181 = NEXT_ASSEMBLY_USAGE_OCCURRENCE('26','D2','',#5,#9850,$);
#15182 = CONTEXT_DEPENDENT_SHAPE_REPRESENTATION(#15183,#15185);
#15183 = ( REPRESENTATION_RELATIONSHIP('','',#4239,#10) 
REPRESENTATION_RELATIONSHIP_WITH_TRANSFORMATION(#15184) 
SHAPE_REPRESENTATION_RELATIONSHIP() );
#15184 = ITEM_DEFINED_TRANSFORMATION('','',#11,#83);
#15185 = PRODUCT_DEFINITION_SHAPE('Placement','Placement of an item',
  #15186);
#15186 = NEXT_ASSEMBLY_USAGE_OCCURRENCE('27','C12','',#5,#4234,$);
#15187 = CONTEXT_DEPENDENT_SHAPE_REPRESENTATION(#15188,#15190);
#15188 = ( REPRESENTATION_RELATIONSHIP('','',#1869,#10) 
REPRESENTATION_RELATIONSHIP_WITH_TRANSFORMATION(#15189) 
SHAPE_REPRESENTATION_RELATIONSHIP() );
#15189 = ITEM_DEFINED_TRANSFORMATION('','',#11,#87);
#15190 = PRODUCT_DEFINITION_SHAPE('Placement','Placement of an item',
  #15191);
#15191 = NEXT_ASSEMBLY_USAGE_OCCURRENCE('28','L1','',#5,#1864,$);
#15192 = CONTEXT_DEPENDENT_SHAPE_REPRESENTATION(#15193,#15195);
#15193 = ( REPRESENTATION_RELATIONSHIP('','',#4239,#10) 
REPRESENTATION_RELATIONSHIP_WITH_TRANSFORMATION(#15194) 
SHAPE_REPRESENTATION_RELATIONSHIP() );
#15194 = ITEM_DEFINED_TRANSFORMATION('','',#11,#91);
#15195 = PRODUCT_DEFINITION_SHAPE('Placement','Placement of an item',
  #15196);
#15196 = NEXT_ASSEMBLY_USAGE_OCCURRENCE('29','C11','',#5,#4234,$);
#15197 = CONTEXT_DEPENDENT_SHAPE_REPRESENTATION(#15198,#15200);
#15198 = ( REPRESENTATION_RELATIONSHIP('','',#4239,#10) 
REPRESENTATION_RELATIONSHIP_WITH_TRANSFORMATION(#15199) 
SHAPE_REPRESENTATION_RELATIONSHIP() );
#15199 = ITEM_DEFINED_TRANSFORMATION('','',#11,#95);
#15200 = PRODUCT_DEFINITION_SHAPE('Placement','Placement of an item',
  #15201);
#15201 = NEXT_ASSEMBLY_USAGE_OCCURRENCE('30','C3','',#5,#4234,$);
#15202 = CONTEXT_DEPENDENT_SHAPE_REPRESENTATION(#15203,#15205);
#15203 = ( REPRESENTATION_RELATIONSHIP('','',#4239,#10) 
REPRESENTATION_RELATIONSHIP_WITH_TRANSFORMATION(#15204) 
SHAPE_REPRESENTATION_RELATIONSHIP() );
#15204 = ITEM_DEFINED_TRANSFORMATION('','',#11,#99);
#15205 = PRODUCT_DEFINITION_SHAPE('Placement','Placement of an item',
  #15206);
#15206 = NEXT_ASSEMBLY_USAGE_OCCURRENCE('31','C7','',#5,#4234,$);
#15207 = CONTEXT_DEPENDENT_SHAPE_REPRESENTATION(#15208,#15210);
#15208 = ( REPRESENTATION_RELATIONSHIP('','',#4239,#10) 
REPRESENTATION_RELATIONSHIP_WITH_TRANSFORMATION(#15209) 
SHAPE_REPRESENTATION_RELATIONSHIP() );
#15209 = ITEM_DEFINED_TRANSFORMATION('','',#11,#103);
#15210 = PRODUCT_DEFINITION_SHAPE('Placement','Placement of an item',
  #15211);
#15211 = NEXT_ASSEMBLY_USAGE_OCCURRENCE('32','C10','',#5,#4234,$);
#15212 = CONTEXT_DEPENDENT_SHAPE_REPRESENTATION(#15213,#15215);
#15213 = ( REPRESENTATION_RELATIONSHIP('','',#136,#10) 
REPRESENTATION_RELATIONSHIP_WITH_TRANSFORMATION(#15214) 
SHAPE_REPRESENTATION_RELATIONSHIP() );
#15214 = ITEM_DEFINED_TRANSFORMATION('','',#11,#107);
#15215 = PRODUCT_DEFINITION_SHAPE('Placement','Placement of an item',
  #15216);
#15216 = NEXT_ASSEMBLY_USAGE_OCCURRENCE('33','R1','',#5,#131,$);
#15217 = CONTEXT_DEPENDENT_SHAPE_REPRESENTATION(#15218,#15220);
#15218 = ( REPRESENTATION_RELATIONSHIP('','',#1869,#10) 
REPRESENTATION_RELATIONSHIP_WITH_TRANSFORMATION(#15219) 
SHAPE_REPRESENTATION_RELATIONSHIP() );
#15219 = ITEM_DEFINED_TRANSFORMATION('','',#11,#111);
#15220 = PRODUCT_DEFINITION_SHAPE('Placement','Placement of an item',
  #15221);
#15221 = NEXT_ASSEMBLY_USAGE_OCCURRENCE('34','L2','',#5,#1864,$);
#15222 = CONTEXT_DEPENDENT_SHAPE_REPRESENTATION(#15223,#15225);
#15223 = ( REPRESENTATION_RELATIONSHIP('','',#4239,#10) 
REPRESENTATION_RELATIONSHIP_WITH_TRANSFORMATION(#15224) 
SHAPE_REPRESENTATION_RELATIONSHIP() );
#15224 = ITEM_DEFINED_TRANSFORMATION('','',#11,#115);
#15225 = PRODUCT_DEFINITION_SHAPE('Placement','Placement of an item',
  #15226);
#15226 = NEXT_ASSEMBLY_USAGE_OCCURRENCE('35','C4','',#5,#4234,$);
#15227 = SHAPE_DEFINITION_REPRESENTATION(#15228,#15234);
#15228 = PRODUCT_DEFINITION_SHAPE('','',#15229);
#15229 = PRODUCT_DEFINITION('design','',#15230,#15233);
#15230 = PRODUCT_DEFINITION_FORMATION('','',#15231);
#15231 = PRODUCT('lna_fm_98mhz_PCB','lna_fm_98mhz_PCB','',(#15232));
#15232 = PRODUCT_CONTEXT('',#2,'mechanical');
#15233 = PRODUCT_DEFINITION_CONTEXT('part definition',#2,'design');
#15234 = ADVANCED_BREP_SHAPE_REPRESENTATION('',(#11,#15235),#15619);
#15235 = MANIFOLD_SOLID_BREP('',#15236);
#15236 = CLOSED_SHELL('',(#15237,#15277,#15308,#15339,#15422,#15505,
    #15517,#15534,#15551,#15568,#15585,#15602));
#15237 = ADVANCED_FACE('',(#15238),#15272,.T.);
#15238 = FACE_BOUND('',#15239,.T.);
#15239 = EDGE_LOOP('',(#15240,#15250,#15258,#15266));
#15240 = ORIENTED_EDGE('',*,*,#15241,.T.);
#15241 = EDGE_CURVE('',#15242,#15244,#15246,.T.);
#15242 = VERTEX_POINT('',#15243);
#15243 = CARTESIAN_POINT('',(46.,-30.,0.));
#15244 = VERTEX_POINT('',#15245);
#15245 = CARTESIAN_POINT('',(46.,-30.,1.51));
#15246 = LINE('',#15247,#15248);
#15247 = CARTESIAN_POINT('',(46.,-30.,0.));
#15248 = VECTOR('',#15249,1.);
#15249 = DIRECTION('',(0.,0.,1.));
#15250 = ORIENTED_EDGE('',*,*,#15251,.T.);
#15251 = EDGE_CURVE('',#15244,#15252,#15254,.T.);
#15252 = VERTEX_POINT('',#15253);
#15253 = CARTESIAN_POINT('',(0.,-30.,1.51));
#15254 = LINE('',#15255,#15256);
#15255 = CARTESIAN_POINT('',(46.,-30.,1.51));
#15256 = VECTOR('',#15257,1.);
#15257 = DIRECTION('',(-1.,0.,0.));
#15258 = ORIENTED_EDGE('',*,*,#15259,.F.);
#15259 = EDGE_CURVE('',#15260,#15252,#15262,.T.);
#15260 = VERTEX_POINT('',#15261);
#15261 = CARTESIAN_POINT('',(0.,-30.,0.));
#15262 = LINE('',#15263,#15264);
#15263 = CARTESIAN_POINT('',(0.,-30.,0.));
#15264 = VECTOR('',#15265,1.);
#15265 = DIRECTION('',(0.,0.,1.));
#15266 = ORIENTED_EDGE('',*,*,#15267,.F.);
#15267 = EDGE_CURVE('',#15242,#15260,#15268,.T.);
#15268 = LINE('',#15269,#15270);
#15269 = CARTESIAN_POINT('',(46.,-30.,0.));
#15270 = VECTOR('',#15271,1.);
#15271 = DIRECTION('',(-1.,0.,0.));
#15272 = PLANE('',#15273);
#15273 = AXIS2_PLACEMENT_3D('',#15274,#15275,#15276);
#15274 = CARTESIAN_POINT('',(46.,-30.,0.));
#15275 = DIRECTION('',(0.,-1.,0.));
#15276 = DIRECTION('',(-1.,0.,0.));
#15277 = ADVANCED_FACE('',(#15278),#15303,.T.);
#15278 = FACE_BOUND('',#15279,.T.);
#15279 = EDGE_LOOP('',(#15280,#15290,#15296,#15297));
#15280 = ORIENTED_EDGE('',*,*,#15281,.T.);
#15281 = EDGE_CURVE('',#15282,#15284,#15286,.T.);
#15282 = VERTEX_POINT('',#15283);
#15283 = CARTESIAN_POINT('',(46.,-0.,0.));
#15284 = VERTEX_POINT('',#15285);
#15285 = CARTESIAN_POINT('',(46.,0.,1.51));
#15286 = LINE('',#15287,#15288);
#15287 = CARTESIAN_POINT('',(46.,-0.,0.));
#15288 = VECTOR('',#15289,1.);
#15289 = DIRECTION('',(0.,0.,1.));
#15290 = ORIENTED_EDGE('',*,*,#15291,.T.);
#15291 = EDGE_CURVE('',#15284,#15244,#15292,.T.);
#15292 = LINE('',#15293,#15294);
#15293 = CARTESIAN_POINT('',(46.,0.,1.51));
#15294 = VECTOR('',#15295,1.);
#15295 = DIRECTION('',(0.,-1.,0.));
#15296 = ORIENTED_EDGE('',*,*,#15241,.F.);
#15297 = ORIENTED_EDGE('',*,*,#15298,.F.);
#15298 = EDGE_CURVE('',#15282,#15242,#15299,.T.);
#15299 = LINE('',#15300,#15301);
#15300 = CARTESIAN_POINT('',(46.,-0.,0.));
#15301 = VECTOR('',#15302,1.);
#15302 = DIRECTION('',(0.,-1.,0.));
#15303 = PLANE('',#15304);
#15304 = AXIS2_PLACEMENT_3D('',#15305,#15306,#15307);
#15305 = CARTESIAN_POINT('',(46.,-0.,0.));
#15306 = DIRECTION('',(1.,0.,-0.));
#15307 = DIRECTION('',(0.,-1.,0.));
#15308 = ADVANCED_FACE('',(#15309),#15334,.T.);
#15309 = FACE_BOUND('',#15310,.T.);
#15310 = EDGE_LOOP('',(#15311,#15312,#15320,#15328));
#15311 = ORIENTED_EDGE('',*,*,#15259,.T.);
#15312 = ORIENTED_EDGE('',*,*,#15313,.T.);
#15313 = EDGE_CURVE('',#15252,#15314,#15316,.T.);
#15314 = VERTEX_POINT('',#15315);
#15315 = CARTESIAN_POINT('',(0.,0.,1.51));
#15316 = LINE('',#15317,#15318);
#15317 = CARTESIAN_POINT('',(0.,-30.,1.51));
#15318 = VECTOR('',#15319,1.);
#15319 = DIRECTION('',(0.,1.,0.));
#15320 = ORIENTED_EDGE('',*,*,#15321,.F.);
#15321 = EDGE_CURVE('',#15322,#15314,#15324,.T.);
#15322 = VERTEX_POINT('',#15323);
#15323 = CARTESIAN_POINT('',(0.,-0.,0.));
#15324 = LINE('',#15325,#15326);
#15325 = CARTESIAN_POINT('',(0.,-0.,0.));
#15326 = VECTOR('',#15327,1.);
#15327 = DIRECTION('',(0.,0.,1.));
#15328 = ORIENTED_EDGE('',*,*,#15329,.F.);
#15329 = EDGE_CURVE('',#15260,#15322,#15330,.T.);
#15330 = LINE('',#15331,#15332);
#15331 = CARTESIAN_POINT('',(0.,-30.,0.));
#15332 = VECTOR('',#15333,1.);
#15333 = DIRECTION('',(0.,1.,0.));
#15334 = PLANE('',#15335);
#15335 = AXIS2_PLACEMENT_3D('',#15336,#15337,#15338);
#15336 = CARTESIAN_POINT('',(0.,-30.,0.));
#15337 = DIRECTION('',(-1.,0.,0.));
#15338 = DIRECTION('',(0.,1.,0.));
#15339 = ADVANCED_FACE('',(#15340,#15351,#15362,#15373,#15384,#15395,
    #15406),#15417,.F.);
#15340 = FACE_BOUND('',#15341,.F.);
#15341 = EDGE_LOOP('',(#15342,#15343,#15344,#15350));
#15342 = ORIENTED_EDGE('',*,*,#15267,.F.);
#15343 = ORIENTED_EDGE('',*,*,#15298,.F.);
#15344 = ORIENTED_EDGE('',*,*,#15345,.F.);
#15345 = EDGE_CURVE('',#15322,#15282,#15346,.T.);
#15346 = LINE('',#15347,#15348);
#15347 = CARTESIAN_POINT('',(0.,-0.,0.));
#15348 = VECTOR('',#15349,1.);
#15349 = DIRECTION('',(1.,0.,0.));
#15350 = ORIENTED_EDGE('',*,*,#15329,.F.);
#15351 = FACE_BOUND('',#15352,.F.);
#15352 = EDGE_LOOP('',(#15353));
#15353 = ORIENTED_EDGE('',*,*,#15354,.T.);
#15354 = EDGE_CURVE('',#15355,#15355,#15357,.T.);
#15355 = VERTEX_POINT('',#15356);
#15356 = CARTESIAN_POINT('',(3.5,-27.6,0.));
#15357 = CIRCLE('',#15358,1.1);
#15358 = AXIS2_PLACEMENT_3D('',#15359,#15360,#15361);
#15359 = CARTESIAN_POINT('',(3.5,-26.5,0.));
#15360 = DIRECTION('',(-0.,0.,-1.));
#15361 = DIRECTION('',(-0.,-1.,0.));
#15362 = FACE_BOUND('',#15363,.F.);
#15363 = EDGE_LOOP('',(#15364));
#15364 = ORIENTED_EDGE('',*,*,#15365,.T.);
#15365 = EDGE_CURVE('',#15366,#15366,#15368,.T.);
#15366 = VERTEX_POINT('',#15367);
#15367 = CARTESIAN_POINT('',(42.5,-27.6,0.));
#15368 = CIRCLE('',#15369,1.1);
#15369 = AXIS2_PLACEMENT_3D('',#15370,#15371,#15372);
#15370 = CARTESIAN_POINT('',(42.5,-26.5,0.));
#15371 = DIRECTION('',(-0.,0.,-1.));
#15372 = DIRECTION('',(-0.,-1.,0.));
#15373 = FACE_BOUND('',#15374,.F.);
#15374 = EDGE_LOOP('',(#15375));
#15375 = ORIENTED_EDGE('',*,*,#15376,.T.);
#15376 = EDGE_CURVE('',#15377,#15377,#15379,.T.);
#15377 = VERTEX_POINT('',#15378);
#15378 = CARTESIAN_POINT('',(3.5,-4.6,0.));
#15379 = CIRCLE('',#15380,1.1);
#15380 = AXIS2_PLACEMENT_3D('',#15381,#15382,#15383);
#15381 = CARTESIAN_POINT('',(3.5,-3.5,0.));
#15382 = DIRECTION('',(-0.,0.,-1.));
#15383 = DIRECTION('',(-0.,-1.,0.));
#15384 = FACE_BOUND('',#15385,.F.);
#15385 = EDGE_LOOP('',(#15386));
#15386 = ORIENTED_EDGE('',*,*,#15387,.T.);
#15387 = EDGE_CURVE('',#15388,#15388,#15390,.T.);
#15388 = VERTEX_POINT('',#15389);
#15389 = CARTESIAN_POINT('',(11.,-4.,0.));
#15390 = CIRCLE('',#15391,0.5);
#15391 = AXIS2_PLACEMENT_3D('',#15392,#15393,#15394);
#15392 = CARTESIAN_POINT('',(11.,-3.5,0.));
#15393 = DIRECTION('',(-0.,0.,-1.));
#15394 = DIRECTION('',(-0.,-1.,0.));
#15395 = FACE_BOUND('',#15396,.F.);
#15396 = EDGE_LOOP('',(#15397));
#15397 = ORIENTED_EDGE('',*,*,#15398,.T.);
#15398 = EDGE_CURVE('',#15399,#15399,#15401,.T.);
#15399 = VERTEX_POINT('',#15400);
#15400 = CARTESIAN_POINT('',(13.54,-4.,0.));
#15401 = CIRCLE('',#15402,0.5);
#15402 = AXIS2_PLACEMENT_3D('',#15403,#15404,#15405);
#15403 = CARTESIAN_POINT('',(13.54,-3.5,0.));
#15404 = DIRECTION('',(-0.,0.,-1.));
#15405 = DIRECTION('',(-0.,-1.,0.));
#15406 = FACE_BOUND('',#15407,.F.);
#15407 = EDGE_LOOP('',(#15408));
#15408 = ORIENTED_EDGE('',*,*,#15409,.T.);
#15409 = EDGE_CURVE('',#15410,#15410,#15412,.T.);
#15410 = VERTEX_POINT('',#15411);
#15411 = CARTESIAN_POINT('',(42.5,-4.6,0.));
#15412 = CIRCLE('',#15413,1.1);
#15413 = AXIS2_PLACEMENT_3D('',#15414,#15415,#15416);
#15414 = CARTESIAN_POINT('',(42.5,-3.5,0.));
#15415 = DIRECTION('',(-0.,0.,-1.));
#15416 = DIRECTION('',(-0.,-1.,0.));
#15417 = PLANE('',#15418);
#15418 = AXIS2_PLACEMENT_3D('',#15419,#15420,#15421);
#15419 = CARTESIAN_POINT('',(0.,0.,0.));
#15420 = DIRECTION('',(0.,0.,1.));
#15421 = DIRECTION('',(1.,0.,-0.));
#15422 = ADVANCED_FACE('',(#15423,#15434,#15445,#15456,#15467,#15478,
    #15489),#15500,.T.);
#15423 = FACE_BOUND('',#15424,.T.);
#15424 = EDGE_LOOP('',(#15425,#15426,#15427,#15433));
#15425 = ORIENTED_EDGE('',*,*,#15251,.F.);
#15426 = ORIENTED_EDGE('',*,*,#15291,.F.);
#15427 = ORIENTED_EDGE('',*,*,#15428,.F.);
#15428 = EDGE_CURVE('',#15314,#15284,#15429,.T.);
#15429 = LINE('',#15430,#15431);
#15430 = CARTESIAN_POINT('',(0.,0.,1.51));
#15431 = VECTOR('',#15432,1.);
#15432 = DIRECTION('',(1.,0.,0.));
#15433 = ORIENTED_EDGE('',*,*,#15313,.F.);
#15434 = FACE_BOUND('',#15435,.T.);
#15435 = EDGE_LOOP('',(#15436));
#15436 = ORIENTED_EDGE('',*,*,#15437,.T.);
#15437 = EDGE_CURVE('',#15438,#15438,#15440,.T.);
#15438 = VERTEX_POINT('',#15439);
#15439 = CARTESIAN_POINT('',(3.5,-27.6,1.51));
#15440 = CIRCLE('',#15441,1.1);
#15441 = AXIS2_PLACEMENT_3D('',#15442,#15443,#15444);
#15442 = CARTESIAN_POINT('',(3.5,-26.5,1.51));
#15443 = DIRECTION('',(-0.,0.,-1.));
#15444 = DIRECTION('',(-0.,-1.,0.));
#15445 = FACE_BOUND('',#15446,.T.);
#15446 = EDGE_LOOP('',(#15447));
#15447 = ORIENTED_EDGE('',*,*,#15448,.T.);
#15448 = EDGE_CURVE('',#15449,#15449,#15451,.T.);
#15449 = VERTEX_POINT('',#15450);
#15450 = CARTESIAN_POINT('',(42.5,-27.6,1.51));
#15451 = CIRCLE('',#15452,1.1);
#15452 = AXIS2_PLACEMENT_3D('',#15453,#15454,#15455);
#15453 = CARTESIAN_POINT('',(42.5,-26.5,1.51));
#15454 = DIRECTION('',(-0.,0.,-1.));
#15455 = DIRECTION('',(-0.,-1.,0.));
#15456 = FACE_BOUND('',#15457,.T.);
#15457 = EDGE_LOOP('',(#15458));
#15458 = ORIENTED_EDGE('',*,*,#15459,.T.);
#15459 = EDGE_CURVE('',#15460,#15460,#15462,.T.);
#15460 = VERTEX_POINT('',#15461);
#15461 = CARTESIAN_POINT('',(3.5,-4.6,1.51));
#15462 = CIRCLE('',#15463,1.1);
#15463 = AXIS2_PLACEMENT_3D('',#15464,#15465,#15466);
#15464 = CARTESIAN_POINT('',(3.5,-3.5,1.51));
#15465 = DIRECTION('',(-0.,0.,-1.));
#15466 = DIRECTION('',(-0.,-1.,0.));
#15467 = FACE_BOUND('',#15468,.T.);
#15468 = EDGE_LOOP('',(#15469));
#15469 = ORIENTED_EDGE('',*,*,#15470,.T.);
#15470 = EDGE_CURVE('',#15471,#15471,#15473,.T.);
#15471 = VERTEX_POINT('',#15472);
#15472 = CARTESIAN_POINT('',(11.,-4.,1.51));
#15473 = CIRCLE('',#15474,0.5);
#15474 = AXIS2_PLACEMENT_3D('',#15475,#15476,#15477);
#15475 = CARTESIAN_POINT('',(11.,-3.5,1.51));
#15476 = DIRECTION('',(-0.,0.,-1.));
#15477 = DIRECTION('',(-0.,-1.,0.));
#15478 = FACE_BOUND('',#15479,.T.);
#15479 = EDGE_LOOP('',(#15480));
#15480 = ORIENTED_EDGE('',*,*,#15481,.T.);
#15481 = EDGE_CURVE('',#15482,#15482,#15484,.T.);
#15482 = VERTEX_POINT('',#15483);
#15483 = CARTESIAN_POINT('',(13.54,-4.,1.51));
#15484 = CIRCLE('',#15485,0.5);
#15485 = AXIS2_PLACEMENT_3D('',#15486,#15487,#15488);
#15486 = CARTESIAN_POINT('',(13.54,-3.5,1.51));
#15487 = DIRECTION('',(-0.,0.,-1.));
#15488 = DIRECTION('',(-0.,-1.,0.));
#15489 = FACE_BOUND('',#15490,.T.);
#15490 = EDGE_LOOP('',(#15491));
#15491 = ORIENTED_EDGE('',*,*,#15492,.T.);
#15492 = EDGE_CURVE('',#15493,#15493,#15495,.T.);
#15493 = VERTEX_POINT('',#15494);
#15494 = CARTESIAN_POINT('',(42.5,-4.6,1.51));
#15495 = CIRCLE('',#15496,1.1);
#15496 = AXIS2_PLACEMENT_3D('',#15497,#15498,#15499);
#15497 = CARTESIAN_POINT('',(42.5,-3.5,1.51));
#15498 = DIRECTION('',(-0.,0.,-1.));
#15499 = DIRECTION('',(-0.,-1.,0.));
#15500 = PLANE('',#15501);
#15501 = AXIS2_PLACEMENT_3D('',#15502,#15503,#15504);
#15502 = CARTESIAN_POINT('',(0.,0.,1.51));
#15503 = DIRECTION('',(0.,0.,1.));
#15504 = DIRECTION('',(1.,0.,-0.));
#15505 = ADVANCED_FACE('',(#15506),#15512,.T.);
#15506 = FACE_BOUND('',#15507,.T.);
#15507 = EDGE_LOOP('',(#15508,#15509,#15510,#15511));
#15508 = ORIENTED_EDGE('',*,*,#15321,.T.);
#15509 = ORIENTED_EDGE('',*,*,#15428,.T.);
#15510 = ORIENTED_EDGE('',*,*,#15281,.F.);
#15511 = ORIENTED_EDGE('',*,*,#15345,.F.);
#15512 = PLANE('',#15513);
#15513 = AXIS2_PLACEMENT_3D('',#15514,#15515,#15516);
#15514 = CARTESIAN_POINT('',(0.,0.,0.));
#15515 = DIRECTION('',(0.,1.,0.));
#15516 = DIRECTION('',(1.,0.,0.));
#15517 = ADVANCED_FACE('',(#15518),#15529,.F.);
#15518 = FACE_BOUND('',#15519,.T.);
#15519 = EDGE_LOOP('',(#15520,#15521,#15527,#15528));
#15520 = ORIENTED_EDGE('',*,*,#15354,.T.);
#15521 = ORIENTED_EDGE('',*,*,#15522,.T.);
#15522 = EDGE_CURVE('',#15355,#15438,#15523,.T.);
#15523 = LINE('',#15524,#15525);
#15524 = CARTESIAN_POINT('',(3.5,-27.6,-4.6E-02));
#15525 = VECTOR('',#15526,1.);
#15526 = DIRECTION('',(0.,0.,1.));
#15527 = ORIENTED_EDGE('',*,*,#15437,.F.);
#15528 = ORIENTED_EDGE('',*,*,#15522,.F.);
#15529 = CYLINDRICAL_SURFACE('',#15530,1.1);
#15530 = AXIS2_PLACEMENT_3D('',#15531,#15532,#15533);
#15531 = CARTESIAN_POINT('',(3.5,-26.5,-4.6E-02));
#15532 = DIRECTION('',(-0.,-0.,-1.));
#15533 = DIRECTION('',(-0.,-1.,0.));
#15534 = ADVANCED_FACE('',(#15535),#15546,.F.);
#15535 = FACE_BOUND('',#15536,.T.);
#15536 = EDGE_LOOP('',(#15537,#15538,#15544,#15545));
#15537 = ORIENTED_EDGE('',*,*,#15365,.T.);
#15538 = ORIENTED_EDGE('',*,*,#15539,.T.);
#15539 = EDGE_CURVE('',#15366,#15449,#15540,.T.);
#15540 = LINE('',#15541,#15542);
#15541 = CARTESIAN_POINT('',(42.5,-27.6,-4.6E-02));
#15542 = VECTOR('',#15543,1.);
#15543 = DIRECTION('',(0.,0.,1.));
#15544 = ORIENTED_EDGE('',*,*,#15448,.F.);
#15545 = ORIENTED_EDGE('',*,*,#15539,.F.);
#15546 = CYLINDRICAL_SURFACE('',#15547,1.1);
#15547 = AXIS2_PLACEMENT_3D('',#15548,#15549,#15550);
#15548 = CARTESIAN_POINT('',(42.5,-26.5,-4.6E-02));
#15549 = DIRECTION('',(-0.,-0.,-1.));
#15550 = DIRECTION('',(-0.,-1.,0.));
#15551 = ADVANCED_FACE('',(#15552),#15563,.F.);
#15552 = FACE_BOUND('',#15553,.T.);
#15553 = EDGE_LOOP('',(#15554,#15555,#15561,#15562));
#15554 = ORIENTED_EDGE('',*,*,#15376,.T.);
#15555 = ORIENTED_EDGE('',*,*,#15556,.T.);
#15556 = EDGE_CURVE('',#15377,#15460,#15557,.T.);
#15557 = LINE('',#15558,#15559);
#15558 = CARTESIAN_POINT('',(3.5,-4.6,-4.6E-02));
#15559 = VECTOR('',#15560,1.);
#15560 = DIRECTION('',(0.,0.,1.));
#15561 = ORIENTED_EDGE('',*,*,#15459,.F.);
#15562 = ORIENTED_EDGE('',*,*,#15556,.F.);
#15563 = CYLINDRICAL_SURFACE('',#15564,1.1);
#15564 = AXIS2_PLACEMENT_3D('',#15565,#15566,#15567);
#15565 = CARTESIAN_POINT('',(3.5,-3.5,-4.6E-02));
#15566 = DIRECTION('',(-0.,-0.,-1.));
#15567 = DIRECTION('',(-0.,-1.,0.));
#15568 = ADVANCED_FACE('',(#15569),#15580,.F.);
#15569 = FACE_BOUND('',#15570,.T.);
#15570 = EDGE_LOOP('',(#15571,#15572,#15578,#15579));
#15571 = ORIENTED_EDGE('',*,*,#15387,.T.);
#15572 = ORIENTED_EDGE('',*,*,#15573,.T.);
#15573 = EDGE_CURVE('',#15388,#15471,#15574,.T.);
#15574 = LINE('',#15575,#15576);
#15575 = CARTESIAN_POINT('',(11.,-4.,-4.6E-02));
#15576 = VECTOR('',#15577,1.);
#15577 = DIRECTION('',(0.,0.,1.));
#15578 = ORIENTED_EDGE('',*,*,#15470,.F.);
#15579 = ORIENTED_EDGE('',*,*,#15573,.F.);
#15580 = CYLINDRICAL_SURFACE('',#15581,0.5);
#15581 = AXIS2_PLACEMENT_3D('',#15582,#15583,#15584);
#15582 = CARTESIAN_POINT('',(11.,-3.5,-4.6E-02));
#15583 = DIRECTION('',(-0.,-0.,-1.));
#15584 = DIRECTION('',(-0.,-1.,0.));
#15585 = ADVANCED_FACE('',(#15586),#15597,.F.);
#15586 = FACE_BOUND('',#15587,.T.);
#15587 = EDGE_LOOP('',(#15588,#15589,#15595,#15596));
#15588 = ORIENTED_EDGE('',*,*,#15398,.T.);
#15589 = ORIENTED_EDGE('',*,*,#15590,.T.);
#15590 = EDGE_CURVE('',#15399,#15482,#15591,.T.);
#15591 = LINE('',#15592,#15593);
#15592 = CARTESIAN_POINT('',(13.54,-4.,-4.6E-02));
#15593 = VECTOR('',#15594,1.);
#15594 = DIRECTION('',(0.,0.,1.));
#15595 = ORIENTED_EDGE('',*,*,#15481,.F.);
#15596 = ORIENTED_EDGE('',*,*,#15590,.F.);
#15597 = CYLINDRICAL_SURFACE('',#15598,0.5);
#15598 = AXIS2_PLACEMENT_3D('',#15599,#15600,#15601);
#15599 = CARTESIAN_POINT('',(13.54,-3.5,-4.6E-02));
#15600 = DIRECTION('',(-0.,-0.,-1.));
#15601 = DIRECTION('',(-0.,-1.,0.));
#15602 = ADVANCED_FACE('',(#15603),#15614,.F.);
#15603 = FACE_BOUND('',#15604,.T.);
#15604 = EDGE_LOOP('',(#15605,#15606,#15612,#15613));
#15605 = ORIENTED_EDGE('',*,*,#15409,.T.);
#15606 = ORIENTED_EDGE('',*,*,#15607,.T.);
#15607 = EDGE_CURVE('',#15410,#15493,#15608,.T.);
#15608 = LINE('',#15609,#15610);
#15609 = CARTESIAN_POINT('',(42.5,-4.6,-4.6E-02));
#15610 = VECTOR('',#15611,1.);
#15611 = DIRECTION('',(0.,0.,1.));
#15612 = ORIENTED_EDGE('',*,*,#15492,.F.);
#15613 = ORIENTED_EDGE('',*,*,#15607,.F.);
#15614 = CYLINDRICAL_SURFACE('',#15615,1.1);
#15615 = AXIS2_PLACEMENT_3D('',#15616,#15617,#15618);
#15616 = CARTESIAN_POINT('',(42.5,-3.5,-4.6E-02));
#15617 = DIRECTION('',(-0.,-0.,-1.));
#15618 = DIRECTION('',(-0.,-1.,0.));
#15619 = ( GEOMETRIC_REPRESENTATION_CONTEXT(3) 
GLOBAL_UNCERTAINTY_ASSIGNED_CONTEXT((#15623)) 
GLOBAL_UNIT_ASSIGNED_CONTEXT((#15620,#15621,#15622)) 
REPRESENTATION_CONTEXT('Context #1',
  '3D Context with UNIT and UNCERTAINTY') );
#15620 = ( LENGTH_UNIT() NAMED_UNIT(*) SI_UNIT(.MILLI.,.METRE.) );
#15621 = ( NAMED_UNIT(*) PLANE_ANGLE_UNIT() SI_UNIT($,.RADIAN.) );
#15622 = ( NAMED_UNIT(*) SI_UNIT($,.STERADIAN.) SOLID_ANGLE_UNIT() );
#15623 = UNCERTAINTY_MEASURE_WITH_UNIT(LENGTH_MEASURE(1.E-07),#15620,
  'distance_accuracy_value','confusion accuracy');
#15624 = CONTEXT_DEPENDENT_SHAPE_REPRESENTATION(#15625,#15627);
#15625 = ( REPRESENTATION_RELATIONSHIP('','',#15234,#10) 
REPRESENTATION_RELATIONSHIP_WITH_TRANSFORMATION(#15626) 
SHAPE_REPRESENTATION_RELATIONSHIP() );
#15626 = ITEM_DEFINED_TRANSFORMATION('','',#11,#119);
#15627 = PRODUCT_DEFINITION_SHAPE('Placement','Placement of an item',
  #15628);
#15628 = NEXT_ASSEMBLY_USAGE_OCCURRENCE('36','=>[0:1:1:20]','',#5,#15229
  ,$);
#15629 = PRODUCT_RELATED_PRODUCT_CATEGORY('part',$,(#15231));
#15630 = MECHANICAL_DESIGN_GEOMETRIC_PRESENTATION_REPRESENTATION('',(
    #15631,#15641,#15650,#15659,#15668,#15678,#15687,#15696,#15705,
    #15714,#15723,#15732,#15741,#15750,#15759,#15768,#15777,#15786,
    #15795,#15804,#15813,#15822,#15831,#15840,#15849,#15858,#15867,
    #15876,#15885,#15894,#15903,#15912,#15921,#15930,#15939,#15948,
    #15957,#15966,#15975,#15984,#15993,#16002,#16011,#16020,#16029,
    #16038,#16047,#16056,#16065,#16074,#16083,#16092,#16101,#16110,
    #16119,#16129,#16138,#16147,#16156),#11567);
#15631 = STYLED_ITEM('color',(#15632),#9881);
#15632 = PRESENTATION_STYLE_ASSIGNMENT((#15633,#15639));
#15633 = SURFACE_STYLE_USAGE(.BOTH.,#15634);
#15634 = SURFACE_SIDE_STYLE('',(#15635));
#15635 = SURFACE_STYLE_FILL_AREA(#15636);
#15636 = FILL_AREA_STYLE('',(#15637));
#15637 = FILL_AREA_STYLE_COLOUR('',#15638);
#15638 = COLOUR_RGB('',0.147999998088,0.144999993226,0.144999993226);
#15639 = CURVE_STYLE('',#15640,POSITIVE_LENGTH_MEASURE(0.1),#15638);
#15640 = DRAUGHTING_PRE_DEFINED_CURVE_FONT('continuous');
#15641 = STYLED_ITEM('color',(#15642),#9935);
#15642 = PRESENTATION_STYLE_ASSIGNMENT((#15643,#15648));
#15643 = SURFACE_STYLE_USAGE(.BOTH.,#15644);
#15644 = SURFACE_SIDE_STYLE('',(#15645));
#15645 = SURFACE_STYLE_FILL_AREA(#15646);
#15646 = FILL_AREA_STYLE('',(#15647));
#15647 = FILL_AREA_STYLE_COLOUR('',#15638);
#15648 = CURVE_STYLE('',#15649,POSITIVE_LENGTH_MEASURE(0.1),#15638);
#15649 = DRAUGHTING_PRE_DEFINED_CURVE_FONT('continuous');
#15650 = STYLED_ITEM('color',(#15651),#9998);
#15651 = PRESENTATION_STYLE_ASSIGNMENT((#15652,#15657));
#15652 = SURFACE_STYLE_USAGE(.BOTH.,#15653);
#15653 = SURFACE_SIDE_STYLE('',(#15654));
#15654 = SURFACE_STYLE_FILL_AREA(#15655);
#15655 = FILL_AREA_STYLE('',(#15656));
#15656 = FILL_AREA_STYLE_COLOUR('',#15638);
#15657 = CURVE_STYLE('',#15658,POSITIVE_LENGTH_MEASURE(0.1),#15638);
#15658 = DRAUGHTING_PRE_DEFINED_CURVE_FONT('continuous');
#15659 = STYLED_ITEM('color',(#15660),#10021);
#15660 = PRESENTATION_STYLE_ASSIGNMENT((#15661,#15666));
#15661 = SURFACE_STYLE_USAGE(.BOTH.,#15662);
#15662 = SURFACE_SIDE_STYLE('',(#15663));
#15663 = SURFACE_STYLE_FILL_AREA(#15664);
#15664 = FILL_AREA_STYLE('',(#15665));
#15665 = FILL_AREA_STYLE_COLOUR('',#15638);
#15666 = CURVE_STYLE('',#15667,POSITIVE_LENGTH_MEASURE(0.1),#15638);
#15667 = DRAUGHTING_PRE_DEFINED_CURVE_FONT('continuous');
#15668 = STYLED_ITEM('color',(#15669),#10051);
#15669 = PRESENTATION_STYLE_ASSIGNMENT((#15670,#15676));
#15670 = SURFACE_STYLE_USAGE(.BOTH.,#15671);
#15671 = SURFACE_SIDE_STYLE('',(#15672));
#15672 = SURFACE_STYLE_FILL_AREA(#15673);
#15673 = FILL_AREA_STYLE('',(#15674));
#15674 = FILL_AREA_STYLE_COLOUR('',#15675);
#15675 = COLOUR_RGB('',0.823999987314,0.819999987296,0.781000009244);
#15676 = CURVE_STYLE('',#15677,POSITIVE_LENGTH_MEASURE(0.1),#15675);
#15677 = DRAUGHTING_PRE_DEFINED_CURVE_FONT('continuous');
#15678 = STYLED_ITEM('color',(#15679),#10084);
#15679 = PRESENTATION_STYLE_ASSIGNMENT((#15680,#15685));
#15680 = SURFACE_STYLE_USAGE(.BOTH.,#15681);
#15681 = SURFACE_SIDE_STYLE('',(#15682));
#15682 = SURFACE_STYLE_FILL_AREA(#15683);
#15683 = FILL_AREA_STYLE('',(#15684));
#15684 = FILL_AREA_STYLE_COLOUR('',#15638);
#15685 = CURVE_STYLE('',#15686,POSITIVE_LENGTH_MEASURE(0.1),#15638);
#15686 = DRAUGHTING_PRE_DEFINED_CURVE_FONT('continuous');
#15687 = STYLED_ITEM('color',(#15688),#10114);
#15688 = PRESENTATION_STYLE_ASSIGNMENT((#15689,#15694));
#15689 = SURFACE_STYLE_USAGE(.BOTH.,#15690);
#15690 = SURFACE_SIDE_STYLE('',(#15691));
#15691 = SURFACE_STYLE_FILL_AREA(#15692);
#15692 = FILL_AREA_STYLE('',(#15693));
#15693 = FILL_AREA_STYLE_COLOUR('',#15638);
#15694 = CURVE_STYLE('',#15695,POSITIVE_LENGTH_MEASURE(0.1),#15638);
#15695 = DRAUGHTING_PRE_DEFINED_CURVE_FONT('continuous');
#15696 = STYLED_ITEM('color',(#15697),#10137);
#15697 = PRESENTATION_STYLE_ASSIGNMENT((#15698,#15703));
#15698 = SURFACE_STYLE_USAGE(.BOTH.,#15699);
#15699 = SURFACE_SIDE_STYLE('',(#15700));
#15700 = SURFACE_STYLE_FILL_AREA(#15701);
#15701 = FILL_AREA_STYLE('',(#15702));
#15702 = FILL_AREA_STYLE_COLOUR('',#15638);
#15703 = CURVE_STYLE('',#15704,POSITIVE_LENGTH_MEASURE(0.1),#15638);
#15704 = DRAUGHTING_PRE_DEFINED_CURVE_FONT('continuous');
#15705 = STYLED_ITEM('color',(#15706),#10160);
#15706 = PRESENTATION_STYLE_ASSIGNMENT((#15707,#15712));
#15707 = SURFACE_STYLE_USAGE(.BOTH.,#15708);
#15708 = SURFACE_SIDE_STYLE('',(#15709));
#15709 = SURFACE_STYLE_FILL_AREA(#15710);
#15710 = FILL_AREA_STYLE('',(#15711));
#15711 = FILL_AREA_STYLE_COLOUR('',#15638);
#15712 = CURVE_STYLE('',#15713,POSITIVE_LENGTH_MEASURE(0.1),#15638);
#15713 = DRAUGHTING_PRE_DEFINED_CURVE_FONT('continuous');
#15714 = STYLED_ITEM('color',(#15715),#10183);
#15715 = PRESENTATION_STYLE_ASSIGNMENT((#15716,#15721));
#15716 = SURFACE_STYLE_USAGE(.BOTH.,#15717);
#15717 = SURFACE_SIDE_STYLE('',(#15718));
#15718 = SURFACE_STYLE_FILL_AREA(#15719);
#15719 = FILL_AREA_STYLE('',(#15720));
#15720 = FILL_AREA_STYLE_COLOUR('',#15638);
#15721 = CURVE_STYLE('',#15722,POSITIVE_LENGTH_MEASURE(0.1),#15638);
#15722 = DRAUGHTING_PRE_DEFINED_CURVE_FONT('continuous');
#15723 = STYLED_ITEM('color',(#15724),#10206);
#15724 = PRESENTATION_STYLE_ASSIGNMENT((#15725,#15730));
#15725 = SURFACE_STYLE_USAGE(.BOTH.,#15726);
#15726 = SURFACE_SIDE_STYLE('',(#15727));
#15727 = SURFACE_STYLE_FILL_AREA(#15728);
#15728 = FILL_AREA_STYLE('',(#15729));
#15729 = FILL_AREA_STYLE_COLOUR('',#15638);
#15730 = CURVE_STYLE('',#15731,POSITIVE_LENGTH_MEASURE(0.1),#15638);
#15731 = DRAUGHTING_PRE_DEFINED_CURVE_FONT('continuous');
#15732 = STYLED_ITEM('color',(#15733),#10229);
#15733 = PRESENTATION_STYLE_ASSIGNMENT((#15734,#15739));
#15734 = SURFACE_STYLE_USAGE(.BOTH.,#15735);
#15735 = SURFACE_SIDE_STYLE('',(#15736));
#15736 = SURFACE_STYLE_FILL_AREA(#15737);
#15737 = FILL_AREA_STYLE('',(#15738));
#15738 = FILL_AREA_STYLE_COLOUR('',#15638);
#15739 = CURVE_STYLE('',#15740,POSITIVE_LENGTH_MEASURE(0.1),#15638);
#15740 = DRAUGHTING_PRE_DEFINED_CURVE_FONT('continuous');
#15741 = STYLED_ITEM('color',(#15742),#10262);
#15742 = PRESENTATION_STYLE_ASSIGNMENT((#15743,#15748));
#15743 = SURFACE_STYLE_USAGE(.BOTH.,#15744);
#15744 = SURFACE_SIDE_STYLE('',(#15745));
#15745 = SURFACE_STYLE_FILL_AREA(#15746);
#15746 = FILL_AREA_STYLE('',(#15747));
#15747 = FILL_AREA_STYLE_COLOUR('',#15638);
#15748 = CURVE_STYLE('',#15749,POSITIVE_LENGTH_MEASURE(0.1),#15638);
#15749 = DRAUGHTING_PRE_DEFINED_CURVE_FONT('continuous');
#15750 = STYLED_ITEM('color',(#15751),#10285);
#15751 = PRESENTATION_STYLE_ASSIGNMENT((#15752,#15757));
#15752 = SURFACE_STYLE_USAGE(.BOTH.,#15753);
#15753 = SURFACE_SIDE_STYLE('',(#15754));
#15754 = SURFACE_STYLE_FILL_AREA(#15755);
#15755 = FILL_AREA_STYLE('',(#15756));
#15756 = FILL_AREA_STYLE_COLOUR('',#15638);
#15757 = CURVE_STYLE('',#15758,POSITIVE_LENGTH_MEASURE(0.1),#15638);
#15758 = DRAUGHTING_PRE_DEFINED_CURVE_FONT('continuous');
#15759 = STYLED_ITEM('color',(#15760),#10308);
#15760 = PRESENTATION_STYLE_ASSIGNMENT((#15761,#15766));
#15761 = SURFACE_STYLE_USAGE(.BOTH.,#15762);
#15762 = SURFACE_SIDE_STYLE('',(#15763));
#15763 = SURFACE_STYLE_FILL_AREA(#15764);
#15764 = FILL_AREA_STYLE('',(#15765));
#15765 = FILL_AREA_STYLE_COLOUR('',#15638);
#15766 = CURVE_STYLE('',#15767,POSITIVE_LENGTH_MEASURE(0.1),#15638);
#15767 = DRAUGHTING_PRE_DEFINED_CURVE_FONT('continuous');
#15768 = STYLED_ITEM('color',(#15769),#10396);
#15769 = PRESENTATION_STYLE_ASSIGNMENT((#15770,#15775));
#15770 = SURFACE_STYLE_USAGE(.BOTH.,#15771);
#15771 = SURFACE_SIDE_STYLE('',(#15772));
#15772 = SURFACE_STYLE_FILL_AREA(#15773);
#15773 = FILL_AREA_STYLE('',(#15774));
#15774 = FILL_AREA_STYLE_COLOUR('',#15675);
#15775 = CURVE_STYLE('',#15776,POSITIVE_LENGTH_MEASURE(0.1),#15675);
#15776 = DRAUGHTING_PRE_DEFINED_CURVE_FONT('continuous');
#15777 = STYLED_ITEM('color',(#15778),#10471);
#15778 = PRESENTATION_STYLE_ASSIGNMENT((#15779,#15784));
#15779 = SURFACE_STYLE_USAGE(.BOTH.,#15780);
#15780 = SURFACE_SIDE_STYLE('',(#15781));
#15781 = SURFACE_STYLE_FILL_AREA(#15782);
#15782 = FILL_AREA_STYLE('',(#15783));
#15783 = FILL_AREA_STYLE_COLOUR('',#15675);
#15784 = CURVE_STYLE('',#15785,POSITIVE_LENGTH_MEASURE(0.1),#15675);
#15785 = DRAUGHTING_PRE_DEFINED_CURVE_FONT('continuous');
#15786 = STYLED_ITEM('color',(#15787),#10495);
#15787 = PRESENTATION_STYLE_ASSIGNMENT((#15788,#15793));
#15788 = SURFACE_STYLE_USAGE(.BOTH.,#15789);
#15789 = SURFACE_SIDE_STYLE('',(#15790));
#15790 = SURFACE_STYLE_FILL_AREA(#15791);
#15791 = FILL_AREA_STYLE('',(#15792));
#15792 = FILL_AREA_STYLE_COLOUR('',#15675);
#15793 = CURVE_STYLE('',#15794,POSITIVE_LENGTH_MEASURE(0.1),#15675);
#15794 = DRAUGHTING_PRE_DEFINED_CURVE_FONT('continuous');
#15795 = STYLED_ITEM('color',(#15796),#10563);
#15796 = PRESENTATION_STYLE_ASSIGNMENT((#15797,#15802));
#15797 = SURFACE_STYLE_USAGE(.BOTH.,#15798);
#15798 = SURFACE_SIDE_STYLE('',(#15799));
#15799 = SURFACE_STYLE_FILL_AREA(#15800);
#15800 = FILL_AREA_STYLE('',(#15801));
#15801 = FILL_AREA_STYLE_COLOUR('',#15638);
#15802 = CURVE_STYLE('',#15803,POSITIVE_LENGTH_MEASURE(0.1),#15638);
#15803 = DRAUGHTING_PRE_DEFINED_CURVE_FONT('continuous');
#15804 = STYLED_ITEM('color',(#15805),#10651);
#15805 = PRESENTATION_STYLE_ASSIGNMENT((#15806,#15811));
#15806 = SURFACE_STYLE_USAGE(.BOTH.,#15807);
#15807 = SURFACE_SIDE_STYLE('',(#15808));
#15808 = SURFACE_STYLE_FILL_AREA(#15809);
#15809 = FILL_AREA_STYLE('',(#15810));
#15810 = FILL_AREA_STYLE_COLOUR('',#15638);
#15811 = CURVE_STYLE('',#15812,POSITIVE_LENGTH_MEASURE(0.1),#15638);
#15812 = DRAUGHTING_PRE_DEFINED_CURVE_FONT('continuous');
#15813 = STYLED_ITEM('color',(#15814),#10667);
#15814 = PRESENTATION_STYLE_ASSIGNMENT((#15815,#15820));
#15815 = SURFACE_STYLE_USAGE(.BOTH.,#15816);
#15816 = SURFACE_SIDE_STYLE('',(#15817));
#15817 = SURFACE_STYLE_FILL_AREA(#15818);
#15818 = FILL_AREA_STYLE('',(#15819));
#15819 = FILL_AREA_STYLE_COLOUR('',#15638);
#15820 = CURVE_STYLE('',#15821,POSITIVE_LENGTH_MEASURE(0.1),#15638);
#15821 = DRAUGHTING_PRE_DEFINED_CURVE_FONT('continuous');
#15822 = STYLED_ITEM('color',(#15823),#10683);
#15823 = PRESENTATION_STYLE_ASSIGNMENT((#15824,#15829));
#15824 = SURFACE_STYLE_USAGE(.BOTH.,#15825);
#15825 = SURFACE_SIDE_STYLE('',(#15826));
#15826 = SURFACE_STYLE_FILL_AREA(#15827);
#15827 = FILL_AREA_STYLE('',(#15828));
#15828 = FILL_AREA_STYLE_COLOUR('',#15638);
#15829 = CURVE_STYLE('',#15830,POSITIVE_LENGTH_MEASURE(0.1),#15638);
#15830 = DRAUGHTING_PRE_DEFINED_CURVE_FONT('continuous');
#15831 = STYLED_ITEM('color',(#15832),#10699);
#15832 = PRESENTATION_STYLE_ASSIGNMENT((#15833,#15838));
#15833 = SURFACE_STYLE_USAGE(.BOTH.,#15834);
#15834 = SURFACE_SIDE_STYLE('',(#15835));
#15835 = SURFACE_STYLE_FILL_AREA(#15836);
#15836 = FILL_AREA_STYLE('',(#15837));
#15837 = FILL_AREA_STYLE_COLOUR('',#15638);
#15838 = CURVE_STYLE('',#15839,POSITIVE_LENGTH_MEASURE(0.1),#15638);
#15839 = DRAUGHTING_PRE_DEFINED_CURVE_FONT('continuous');
#15840 = STYLED_ITEM('color',(#15841),#10715);
#15841 = PRESENTATION_STYLE_ASSIGNMENT((#15842,#15847));
#15842 = SURFACE_STYLE_USAGE(.BOTH.,#15843);
#15843 = SURFACE_SIDE_STYLE('',(#15844));
#15844 = SURFACE_STYLE_FILL_AREA(#15845);
#15845 = FILL_AREA_STYLE('',(#15846));
#15846 = FILL_AREA_STYLE_COLOUR('',#15638);
#15847 = CURVE_STYLE('',#15848,POSITIVE_LENGTH_MEASURE(0.1),#15638);
#15848 = DRAUGHTING_PRE_DEFINED_CURVE_FONT('continuous');
#15849 = STYLED_ITEM('color',(#15850),#10732);
#15850 = PRESENTATION_STYLE_ASSIGNMENT((#15851,#15856));
#15851 = SURFACE_STYLE_USAGE(.BOTH.,#15852);
#15852 = SURFACE_SIDE_STYLE('',(#15853));
#15853 = SURFACE_STYLE_FILL_AREA(#15854);
#15854 = FILL_AREA_STYLE('',(#15855));
#15855 = FILL_AREA_STYLE_COLOUR('',#15675);
#15856 = CURVE_STYLE('',#15857,POSITIVE_LENGTH_MEASURE(0.1),#15675);
#15857 = DRAUGHTING_PRE_DEFINED_CURVE_FONT('continuous');
#15858 = STYLED_ITEM('color',(#15859),#10765);
#15859 = PRESENTATION_STYLE_ASSIGNMENT((#15860,#15865));
#15860 = SURFACE_STYLE_USAGE(.BOTH.,#15861);
#15861 = SURFACE_SIDE_STYLE('',(#15862));
#15862 = SURFACE_STYLE_FILL_AREA(#15863);
#15863 = FILL_AREA_STYLE('',(#15864));
#15864 = FILL_AREA_STYLE_COLOUR('',#15638);
#15865 = CURVE_STYLE('',#15866,POSITIVE_LENGTH_MEASURE(0.1),#15638);
#15866 = DRAUGHTING_PRE_DEFINED_CURVE_FONT('continuous');
#15867 = STYLED_ITEM('color',(#15868),#10782);
#15868 = PRESENTATION_STYLE_ASSIGNMENT((#15869,#15874));
#15869 = SURFACE_STYLE_USAGE(.BOTH.,#15870);
#15870 = SURFACE_SIDE_STYLE('',(#15871));
#15871 = SURFACE_STYLE_FILL_AREA(#15872);
#15872 = FILL_AREA_STYLE('',(#15873));
#15873 = FILL_AREA_STYLE_COLOUR('',#15675);
#15874 = CURVE_STYLE('',#15875,POSITIVE_LENGTH_MEASURE(0.1),#15675);
#15875 = DRAUGHTING_PRE_DEFINED_CURVE_FONT('continuous');
#15876 = STYLED_ITEM('color',(#15877),#10804);
#15877 = PRESENTATION_STYLE_ASSIGNMENT((#15878,#15883));
#15878 = SURFACE_STYLE_USAGE(.BOTH.,#15879);
#15879 = SURFACE_SIDE_STYLE('',(#15880));
#15880 = SURFACE_STYLE_FILL_AREA(#15881);
#15881 = FILL_AREA_STYLE('',(#15882));
#15882 = FILL_AREA_STYLE_COLOUR('',#15638);
#15883 = CURVE_STYLE('',#15884,POSITIVE_LENGTH_MEASURE(0.1),#15638);
#15884 = DRAUGHTING_PRE_DEFINED_CURVE_FONT('continuous');
#15885 = STYLED_ITEM('color',(#15886),#10835);
#15886 = PRESENTATION_STYLE_ASSIGNMENT((#15887,#15892));
#15887 = SURFACE_STYLE_USAGE(.BOTH.,#15888);
#15888 = SURFACE_SIDE_STYLE('',(#15889));
#15889 = SURFACE_STYLE_FILL_AREA(#15890);
#15890 = FILL_AREA_STYLE('',(#15891));
#15891 = FILL_AREA_STYLE_COLOUR('',#15638);
#15892 = CURVE_STYLE('',#15893,POSITIVE_LENGTH_MEASURE(0.1),#15638);
#15893 = DRAUGHTING_PRE_DEFINED_CURVE_FONT('continuous');
#15894 = STYLED_ITEM('color',(#15895),#10858);
#15895 = PRESENTATION_STYLE_ASSIGNMENT((#15896,#15901));
#15896 = SURFACE_STYLE_USAGE(.BOTH.,#15897);
#15897 = SURFACE_SIDE_STYLE('',(#15898));
#15898 = SURFACE_STYLE_FILL_AREA(#15899);
#15899 = FILL_AREA_STYLE('',(#15900));
#15900 = FILL_AREA_STYLE_COLOUR('',#15638);
#15901 = CURVE_STYLE('',#15902,POSITIVE_LENGTH_MEASURE(0.1),#15638);
#15902 = DRAUGHTING_PRE_DEFINED_CURVE_FONT('continuous');
#15903 = STYLED_ITEM('color',(#15904),#10881);
#15904 = PRESENTATION_STYLE_ASSIGNMENT((#15905,#15910));
#15905 = SURFACE_STYLE_USAGE(.BOTH.,#15906);
#15906 = SURFACE_SIDE_STYLE('',(#15907));
#15907 = SURFACE_STYLE_FILL_AREA(#15908);
#15908 = FILL_AREA_STYLE('',(#15909));
#15909 = FILL_AREA_STYLE_COLOUR('',#15638);
#15910 = CURVE_STYLE('',#15911,POSITIVE_LENGTH_MEASURE(0.1),#15638);
#15911 = DRAUGHTING_PRE_DEFINED_CURVE_FONT('continuous');
#15912 = STYLED_ITEM('color',(#15913),#10904);
#15913 = PRESENTATION_STYLE_ASSIGNMENT((#15914,#15919));
#15914 = SURFACE_STYLE_USAGE(.BOTH.,#15915);
#15915 = SURFACE_SIDE_STYLE('',(#15916));
#15916 = SURFACE_STYLE_FILL_AREA(#15917);
#15917 = FILL_AREA_STYLE('',(#15918));
#15918 = FILL_AREA_STYLE_COLOUR('',#15638);
#15919 = CURVE_STYLE('',#15920,POSITIVE_LENGTH_MEASURE(0.1),#15638);
#15920 = DRAUGHTING_PRE_DEFINED_CURVE_FONT('continuous');
#15921 = STYLED_ITEM('color',(#15922),#10934);
#15922 = PRESENTATION_STYLE_ASSIGNMENT((#15923,#15928));
#15923 = SURFACE_STYLE_USAGE(.BOTH.,#15924);
#15924 = SURFACE_SIDE_STYLE('',(#15925));
#15925 = SURFACE_STYLE_FILL_AREA(#15926);
#15926 = FILL_AREA_STYLE('',(#15927));
#15927 = FILL_AREA_STYLE_COLOUR('',#15675);
#15928 = CURVE_STYLE('',#15929,POSITIVE_LENGTH_MEASURE(0.1),#15675);
#15929 = DRAUGHTING_PRE_DEFINED_CURVE_FONT('continuous');
#15930 = STYLED_ITEM('color',(#15931),#10951);
#15931 = PRESENTATION_STYLE_ASSIGNMENT((#15932,#15937));
#15932 = SURFACE_STYLE_USAGE(.BOTH.,#15933);
#15933 = SURFACE_SIDE_STYLE('',(#15934));
#15934 = SURFACE_STYLE_FILL_AREA(#15935);
#15935 = FILL_AREA_STYLE('',(#15936));
#15936 = FILL_AREA_STYLE_COLOUR('',#15675);
#15937 = CURVE_STYLE('',#15938,POSITIVE_LENGTH_MEASURE(0.1),#15675);
#15938 = DRAUGHTING_PRE_DEFINED_CURVE_FONT('continuous');
#15939 = STYLED_ITEM('color',(#15940),#10968);
#15940 = PRESENTATION_STYLE_ASSIGNMENT((#15941,#15946));
#15941 = SURFACE_STYLE_USAGE(.BOTH.,#15942);
#15942 = SURFACE_SIDE_STYLE('',(#15943));
#15943 = SURFACE_STYLE_FILL_AREA(#15944);
#15944 = FILL_AREA_STYLE('',(#15945));
#15945 = FILL_AREA_STYLE_COLOUR('',#15675);
#15946 = CURVE_STYLE('',#15947,POSITIVE_LENGTH_MEASURE(0.1),#15675);
#15947 = DRAUGHTING_PRE_DEFINED_CURVE_FONT('continuous');
#15948 = STYLED_ITEM('color',(#15949),#10985);
#15949 = PRESENTATION_STYLE_ASSIGNMENT((#15950,#15955));
#15950 = SURFACE_STYLE_USAGE(.BOTH.,#15951);
#15951 = SURFACE_SIDE_STYLE('',(#15952));
#15952 = SURFACE_STYLE_FILL_AREA(#15953);
#15953 = FILL_AREA_STYLE('',(#15954));
#15954 = FILL_AREA_STYLE_COLOUR('',#15675);
#15955 = CURVE_STYLE('',#15956,POSITIVE_LENGTH_MEASURE(0.1),#15675);
#15956 = DRAUGHTING_PRE_DEFINED_CURVE_FONT('continuous');
#15957 = STYLED_ITEM('color',(#15958),#11002);
#15958 = PRESENTATION_STYLE_ASSIGNMENT((#15959,#15964));
#15959 = SURFACE_STYLE_USAGE(.BOTH.,#15960);
#15960 = SURFACE_SIDE_STYLE('',(#15961));
#15961 = SURFACE_STYLE_FILL_AREA(#15962);
#15962 = FILL_AREA_STYLE('',(#15963));
#15963 = FILL_AREA_STYLE_COLOUR('',#15675);
#15964 = CURVE_STYLE('',#15965,POSITIVE_LENGTH_MEASURE(0.1),#15675);
#15965 = DRAUGHTING_PRE_DEFINED_CURVE_FONT('continuous');
#15966 = STYLED_ITEM('color',(#15967),#11019);
#15967 = PRESENTATION_STYLE_ASSIGNMENT((#15968,#15973));
#15968 = SURFACE_STYLE_USAGE(.BOTH.,#15969);
#15969 = SURFACE_SIDE_STYLE('',(#15970));
#15970 = SURFACE_STYLE_FILL_AREA(#15971);
#15971 = FILL_AREA_STYLE('',(#15972));
#15972 = FILL_AREA_STYLE_COLOUR('',#15675);
#15973 = CURVE_STYLE('',#15974,POSITIVE_LENGTH_MEASURE(0.1),#15675);
#15974 = DRAUGHTING_PRE_DEFINED_CURVE_FONT('continuous');
#15975 = STYLED_ITEM('color',(#15976),#11036);
#15976 = PRESENTATION_STYLE_ASSIGNMENT((#15977,#15982));
#15977 = SURFACE_STYLE_USAGE(.BOTH.,#15978);
#15978 = SURFACE_SIDE_STYLE('',(#15979));
#15979 = SURFACE_STYLE_FILL_AREA(#15980);
#15980 = FILL_AREA_STYLE('',(#15981));
#15981 = FILL_AREA_STYLE_COLOUR('',#15675);
#15982 = CURVE_STYLE('',#15983,POSITIVE_LENGTH_MEASURE(0.1),#15675);
#15983 = DRAUGHTING_PRE_DEFINED_CURVE_FONT('continuous');
#15984 = STYLED_ITEM('color',(#15985),#11053);
#15985 = PRESENTATION_STYLE_ASSIGNMENT((#15986,#15991));
#15986 = SURFACE_STYLE_USAGE(.BOTH.,#15987);
#15987 = SURFACE_SIDE_STYLE('',(#15988));
#15988 = SURFACE_STYLE_FILL_AREA(#15989);
#15989 = FILL_AREA_STYLE('',(#15990));
#15990 = FILL_AREA_STYLE_COLOUR('',#15675);
#15991 = CURVE_STYLE('',#15992,POSITIVE_LENGTH_MEASURE(0.1),#15675);
#15992 = DRAUGHTING_PRE_DEFINED_CURVE_FONT('continuous');
#15993 = STYLED_ITEM('color',(#15994),#11065);
#15994 = PRESENTATION_STYLE_ASSIGNMENT((#15995,#16000));
#15995 = SURFACE_STYLE_USAGE(.BOTH.,#15996);
#15996 = SURFACE_SIDE_STYLE('',(#15997));
#15997 = SURFACE_STYLE_FILL_AREA(#15998);
#15998 = FILL_AREA_STYLE('',(#15999));
#15999 = FILL_AREA_STYLE_COLOUR('',#15638);
#16000 = CURVE_STYLE('',#16001,POSITIVE_LENGTH_MEASURE(0.1),#15638);
#16001 = DRAUGHTING_PRE_DEFINED_CURVE_FONT('continuous');
#16002 = STYLED_ITEM('color',(#16003),#11088);
#16003 = PRESENTATION_STYLE_ASSIGNMENT((#16004,#16009));
#16004 = SURFACE_STYLE_USAGE(.BOTH.,#16005);
#16005 = SURFACE_SIDE_STYLE('',(#16006));
#16006 = SURFACE_STYLE_FILL_AREA(#16007);
#16007 = FILL_AREA_STYLE('',(#16008));
#16008 = FILL_AREA_STYLE_COLOUR('',#15638);
#16009 = CURVE_STYLE('',#16010,POSITIVE_LENGTH_MEASURE(0.1),#15638);
#16010 = DRAUGHTING_PRE_DEFINED_CURVE_FONT('continuous');
#16011 = STYLED_ITEM('color',(#16012),#11111);
#16012 = PRESENTATION_STYLE_ASSIGNMENT((#16013,#16018));
#16013 = SURFACE_STYLE_USAGE(.BOTH.,#16014);
#16014 = SURFACE_SIDE_STYLE('',(#16015));
#16015 = SURFACE_STYLE_FILL_AREA(#16016);
#16016 = FILL_AREA_STYLE('',(#16017));
#16017 = FILL_AREA_STYLE_COLOUR('',#15638);
#16018 = CURVE_STYLE('',#16019,POSITIVE_LENGTH_MEASURE(0.1),#15638);
#16019 = DRAUGHTING_PRE_DEFINED_CURVE_FONT('continuous');
#16020 = STYLED_ITEM('color',(#16021),#11128);
#16021 = PRESENTATION_STYLE_ASSIGNMENT((#16022,#16027));
#16022 = SURFACE_STYLE_USAGE(.BOTH.,#16023);
#16023 = SURFACE_SIDE_STYLE('',(#16024));
#16024 = SURFACE_STYLE_FILL_AREA(#16025);
#16025 = FILL_AREA_STYLE('',(#16026));
#16026 = FILL_AREA_STYLE_COLOUR('',#15675);
#16027 = CURVE_STYLE('',#16028,POSITIVE_LENGTH_MEASURE(0.1),#15675);
#16028 = DRAUGHTING_PRE_DEFINED_CURVE_FONT('continuous');
#16029 = STYLED_ITEM('color',(#16030),#11203);
#16030 = PRESENTATION_STYLE_ASSIGNMENT((#16031,#16036));
#16031 = SURFACE_STYLE_USAGE(.BOTH.,#16032);
#16032 = SURFACE_SIDE_STYLE('',(#16033));
#16033 = SURFACE_STYLE_FILL_AREA(#16034);
#16034 = FILL_AREA_STYLE('',(#16035));
#16035 = FILL_AREA_STYLE_COLOUR('',#15675);
#16036 = CURVE_STYLE('',#16037,POSITIVE_LENGTH_MEASURE(0.1),#15675);
#16037 = DRAUGHTING_PRE_DEFINED_CURVE_FONT('continuous');
#16038 = STYLED_ITEM('color',(#16039),#11227);
#16039 = PRESENTATION_STYLE_ASSIGNMENT((#16040,#16045));
#16040 = SURFACE_STYLE_USAGE(.BOTH.,#16041);
#16041 = SURFACE_SIDE_STYLE('',(#16042));
#16042 = SURFACE_STYLE_FILL_AREA(#16043);
#16043 = FILL_AREA_STYLE('',(#16044));
#16044 = FILL_AREA_STYLE_COLOUR('',#15675);
#16045 = CURVE_STYLE('',#16046,POSITIVE_LENGTH_MEASURE(0.1),#15675);
#16046 = DRAUGHTING_PRE_DEFINED_CURVE_FONT('continuous');
#16047 = STYLED_ITEM('color',(#16048),#11295);
#16048 = PRESENTATION_STYLE_ASSIGNMENT((#16049,#16054));
#16049 = SURFACE_STYLE_USAGE(.BOTH.,#16050);
#16050 = SURFACE_SIDE_STYLE('',(#16051));
#16051 = SURFACE_STYLE_FILL_AREA(#16052);
#16052 = FILL_AREA_STYLE('',(#16053));
#16053 = FILL_AREA_STYLE_COLOUR('',#15675);
#16054 = CURVE_STYLE('',#16055,POSITIVE_LENGTH_MEASURE(0.1),#15675);
#16055 = DRAUGHTING_PRE_DEFINED_CURVE_FONT('continuous');
#16056 = STYLED_ITEM('color',(#16057),#11312);
#16057 = PRESENTATION_STYLE_ASSIGNMENT((#16058,#16063));
#16058 = SURFACE_STYLE_USAGE(.BOTH.,#16059);
#16059 = SURFACE_SIDE_STYLE('',(#16060));
#16060 = SURFACE_STYLE_FILL_AREA(#16061);
#16061 = FILL_AREA_STYLE('',(#16062));
#16062 = FILL_AREA_STYLE_COLOUR('',#15638);
#16063 = CURVE_STYLE('',#16064,POSITIVE_LENGTH_MEASURE(0.1),#15638);
#16064 = DRAUGHTING_PRE_DEFINED_CURVE_FONT('continuous');
#16065 = STYLED_ITEM('color',(#16066),#11362);
#16066 = PRESENTATION_STYLE_ASSIGNMENT((#16067,#16072));
#16067 = SURFACE_STYLE_USAGE(.BOTH.,#16068);
#16068 = SURFACE_SIDE_STYLE('',(#16069));
#16069 = SURFACE_STYLE_FILL_AREA(#16070);
#16070 = FILL_AREA_STYLE('',(#16071));
#16071 = FILL_AREA_STYLE_COLOUR('',#15675);
#16072 = CURVE_STYLE('',#16073,POSITIVE_LENGTH_MEASURE(0.1),#15675);
#16073 = DRAUGHTING_PRE_DEFINED_CURVE_FONT('continuous');
#16074 = STYLED_ITEM('color',(#16075),#11379);
#16075 = PRESENTATION_STYLE_ASSIGNMENT((#16076,#16081));
#16076 = SURFACE_STYLE_USAGE(.BOTH.,#16077);
#16077 = SURFACE_SIDE_STYLE('',(#16078));
#16078 = SURFACE_STYLE_FILL_AREA(#16079);
#16079 = FILL_AREA_STYLE('',(#16080));
#16080 = FILL_AREA_STYLE_COLOUR('',#15675);
#16081 = CURVE_STYLE('',#16082,POSITIVE_LENGTH_MEASURE(0.1),#15675);
#16082 = DRAUGHTING_PRE_DEFINED_CURVE_FONT('continuous');
#16083 = STYLED_ITEM('color',(#16084),#11396);
#16084 = PRESENTATION_STYLE_ASSIGNMENT((#16085,#16090));
#16085 = SURFACE_STYLE_USAGE(.BOTH.,#16086);
#16086 = SURFACE_SIDE_STYLE('',(#16087));
#16087 = SURFACE_STYLE_FILL_AREA(#16088);
#16088 = FILL_AREA_STYLE('',(#16089));
#16089 = FILL_AREA_STYLE_COLOUR('',#15675);
#16090 = CURVE_STYLE('',#16091,POSITIVE_LENGTH_MEASURE(0.1),#15675);
#16091 = DRAUGHTING_PRE_DEFINED_CURVE_FONT('continuous');
#16092 = STYLED_ITEM('color',(#16093),#11413);
#16093 = PRESENTATION_STYLE_ASSIGNMENT((#16094,#16099));
#16094 = SURFACE_STYLE_USAGE(.BOTH.,#16095);
#16095 = SURFACE_SIDE_STYLE('',(#16096));
#16096 = SURFACE_STYLE_FILL_AREA(#16097);
#16097 = FILL_AREA_STYLE('',(#16098));
#16098 = FILL_AREA_STYLE_COLOUR('',#15675);
#16099 = CURVE_STYLE('',#16100,POSITIVE_LENGTH_MEASURE(0.1),#15675);
#16100 = DRAUGHTING_PRE_DEFINED_CURVE_FONT('continuous');
#16101 = STYLED_ITEM('color',(#16102),#11430);
#16102 = PRESENTATION_STYLE_ASSIGNMENT((#16103,#16108));
#16103 = SURFACE_STYLE_USAGE(.BOTH.,#16104);
#16104 = SURFACE_SIDE_STYLE('',(#16105));
#16105 = SURFACE_STYLE_FILL_AREA(#16106);
#16106 = FILL_AREA_STYLE('',(#16107));
#16107 = FILL_AREA_STYLE_COLOUR('',#15675);
#16108 = CURVE_STYLE('',#16109,POSITIVE_LENGTH_MEASURE(0.1),#15675);
#16109 = DRAUGHTING_PRE_DEFINED_CURVE_FONT('continuous');
#16110 = STYLED_ITEM('color',(#16111),#11447);
#16111 = PRESENTATION_STYLE_ASSIGNMENT((#16112,#16117));
#16112 = SURFACE_STYLE_USAGE(.BOTH.,#16113);
#16113 = SURFACE_SIDE_STYLE('',(#16114));
#16114 = SURFACE_STYLE_FILL_AREA(#16115);
#16115 = FILL_AREA_STYLE('',(#16116));
#16116 = FILL_AREA_STYLE_COLOUR('',#15675);
#16117 = CURVE_STYLE('',#16118,POSITIVE_LENGTH_MEASURE(0.1),#15675);
#16118 = DRAUGHTING_PRE_DEFINED_CURVE_FONT('continuous');
#16119 = STYLED_ITEM('color',(#16120),#11459);
#16120 = PRESENTATION_STYLE_ASSIGNMENT((#16121,#16127));
#16121 = SURFACE_STYLE_USAGE(.BOTH.,#16122);
#16122 = SURFACE_SIDE_STYLE('',(#16123));
#16123 = SURFACE_STYLE_FILL_AREA(#16124);
#16124 = FILL_AREA_STYLE('',(#16125));
#16125 = FILL_AREA_STYLE_COLOUR('',#16126);
#16126 = COLOUR_RGB('',0.690999998585,0.664000007176,0.597999987832);
#16127 = CURVE_STYLE('',#16128,POSITIVE_LENGTH_MEASURE(0.1),#16126);
#16128 = DRAUGHTING_PRE_DEFINED_CURVE_FONT('continuous');
#16129 = STYLED_ITEM('color',(#16130),#11490);
#16130 = PRESENTATION_STYLE_ASSIGNMENT((#16131,#16136));
#16131 = SURFACE_STYLE_USAGE(.BOTH.,#16132);
#16132 = SURFACE_SIDE_STYLE('',(#16133));
#16133 = SURFACE_STYLE_FILL_AREA(#16134);
#16134 = FILL_AREA_STYLE('',(#16135));
#16135 = FILL_AREA_STYLE_COLOUR('',#16126);
#16136 = CURVE_STYLE('',#16137,POSITIVE_LENGTH_MEASURE(0.1),#16126);
#16137 = DRAUGHTING_PRE_DEFINED_CURVE_FONT('continuous');
#16138 = STYLED_ITEM('color',(#16139),#11514);
#16139 = PRESENTATION_STYLE_ASSIGNMENT((#16140,#16145));
#16140 = SURFACE_STYLE_USAGE(.BOTH.,#16141);
#16141 = SURFACE_SIDE_STYLE('',(#16142));
#16142 = SURFACE_STYLE_FILL_AREA(#16143);
#16143 = FILL_AREA_STYLE('',(#16144));
#16144 = FILL_AREA_STYLE_COLOUR('',#16126);
#16145 = CURVE_STYLE('',#16146,POSITIVE_LENGTH_MEASURE(0.1),#16126);
#16146 = DRAUGHTING_PRE_DEFINED_CURVE_FONT('continuous');
#16147 = STYLED_ITEM('color',(#16148),#11538);
#16148 = PRESENTATION_STYLE_ASSIGNMENT((#16149,#16154));
#16149 = SURFACE_STYLE_USAGE(.BOTH.,#16150);
#16150 = SURFACE_SIDE_STYLE('',(#16151));
#16151 = SURFACE_STYLE_FILL_AREA(#16152);
#16152 = FILL_AREA_STYLE('',(#16153));
#16153 = FILL_AREA_STYLE_COLOUR('',#16126);
#16154 = CURVE_STYLE('',#16155,POSITIVE_LENGTH_MEASURE(0.1),#16126);
#16155 = DRAUGHTING_PRE_DEFINED_CURVE_FONT('continuous');
#16156 = STYLED_ITEM('color',(#16157),#11555);
#16157 = PRESENTATION_STYLE_ASSIGNMENT((#16158,#16163));
#16158 = SURFACE_STYLE_USAGE(.BOTH.,#16159);
#16159 = SURFACE_SIDE_STYLE('',(#16160));
#16160 = SURFACE_STYLE_FILL_AREA(#16161);
#16161 = FILL_AREA_STYLE('',(#16162));
#16162 = FILL_AREA_STYLE_COLOUR('',#16126);
#16163 = CURVE_STYLE('',#16164,POSITIVE_LENGTH_MEASURE(0.1),#16126);
#16164 = DRAUGHTING_PRE_DEFINED_CURVE_FONT('continuous');
#16165 = MECHANICAL_DESIGN_GEOMETRIC_PRESENTATION_REPRESENTATION('',(
    #16166,#16173,#16180,#16187,#16194,#16201,#16208,#16215,#16222,
    #16229,#16236,#16243,#16250,#16257,#16264,#16271,#16278,#16286,
    #16293,#16300,#16307,#16314,#16321,#16328,#16335,#16342,#16349,
    #16356,#16363,#16370,#16377,#16384,#16391,#16398,#16405,#16412,
    #16419,#16426,#16433,#16440,#16447,#16454,#16461,#16468,#16475,
    #16482,#16489,#16496,#16503,#16510,#16517,#16524),#4221);
#16166 = STYLED_ITEM('color',(#16167),#2791);
#16167 = PRESENTATION_STYLE_ASSIGNMENT((#16168));
#16168 = SURFACE_STYLE_USAGE(.BOTH.,#16169);
#16169 = SURFACE_SIDE_STYLE('',(#16170));
#16170 = SURFACE_STYLE_FILL_AREA(#16171);
#16171 = FILL_AREA_STYLE('',(#16172));
#16172 = FILL_AREA_STYLE_COLOUR('',#15638);
#16173 = STYLED_ITEM('color',(#16174),#2831);
#16174 = PRESENTATION_STYLE_ASSIGNMENT((#16175));
#16175 = SURFACE_STYLE_USAGE(.BOTH.,#16176);
#16176 = SURFACE_SIDE_STYLE('',(#16177));
#16177 = SURFACE_STYLE_FILL_AREA(#16178);
#16178 = FILL_AREA_STYLE('',(#16179));
#16179 = FILL_AREA_STYLE_COLOUR('',#15638);
#16180 = STYLED_ITEM('color',(#16181),#2862);
#16181 = PRESENTATION_STYLE_ASSIGNMENT((#16182));
#16182 = SURFACE_STYLE_USAGE(.BOTH.,#16183);
#16183 = SURFACE_SIDE_STYLE('',(#16184));
#16184 = SURFACE_STYLE_FILL_AREA(#16185);
#16185 = FILL_AREA_STYLE('',(#16186));
#16186 = FILL_AREA_STYLE_COLOUR('',#15638);
#16187 = STYLED_ITEM('color',(#16188),#2893);
#16188 = PRESENTATION_STYLE_ASSIGNMENT((#16189));
#16189 = SURFACE_STYLE_USAGE(.BOTH.,#16190);
#16190 = SURFACE_SIDE_STYLE('',(#16191));
#16191 = SURFACE_STYLE_FILL_AREA(#16192);
#16192 = FILL_AREA_STYLE('',(#16193));
#16193 = FILL_AREA_STYLE_COLOUR('',#15638);
#16194 = STYLED_ITEM('color',(#16195),#3058);
#16195 = PRESENTATION_STYLE_ASSIGNMENT((#16196));
#16196 = SURFACE_STYLE_USAGE(.BOTH.,#16197);
#16197 = SURFACE_SIDE_STYLE('',(#16198));
#16198 = SURFACE_STYLE_FILL_AREA(#16199);
#16199 = FILL_AREA_STYLE('',(#16200));
#16200 = FILL_AREA_STYLE_COLOUR('',#15638);
#16201 = STYLED_ITEM('color',(#16202),#3223);
#16202 = PRESENTATION_STYLE_ASSIGNMENT((#16203));
#16203 = SURFACE_STYLE_USAGE(.BOTH.,#16204);
#16204 = SURFACE_SIDE_STYLE('',(#16205));
#16205 = SURFACE_STYLE_FILL_AREA(#16206);
#16206 = FILL_AREA_STYLE('',(#16207));
#16207 = FILL_AREA_STYLE_COLOUR('',#15638);
#16208 = STYLED_ITEM('color',(#16209),#3240);
#16209 = PRESENTATION_STYLE_ASSIGNMENT((#16210));
#16210 = SURFACE_STYLE_USAGE(.BOTH.,#16211);
#16211 = SURFACE_SIDE_STYLE('',(#16212));
#16212 = SURFACE_STYLE_FILL_AREA(#16213);
#16213 = FILL_AREA_STYLE('',(#16214));
#16214 = FILL_AREA_STYLE_COLOUR('',#15638);
#16215 = STYLED_ITEM('color',(#16216),#3257);
#16216 = PRESENTATION_STYLE_ASSIGNMENT((#16217));
#16217 = SURFACE_STYLE_USAGE(.BOTH.,#16218);
#16218 = SURFACE_SIDE_STYLE('',(#16219));
#16219 = SURFACE_STYLE_FILL_AREA(#16220);
#16220 = FILL_AREA_STYLE('',(#16221));
#16221 = FILL_AREA_STYLE_COLOUR('',#15638);
#16222 = STYLED_ITEM('color',(#16223),#3274);
#16223 = PRESENTATION_STYLE_ASSIGNMENT((#16224));
#16224 = SURFACE_STYLE_USAGE(.BOTH.,#16225);
#16225 = SURFACE_SIDE_STYLE('',(#16226));
#16226 = SURFACE_STYLE_FILL_AREA(#16227);
#16227 = FILL_AREA_STYLE('',(#16228));
#16228 = FILL_AREA_STYLE_COLOUR('',#15638);
#16229 = STYLED_ITEM('color',(#16230),#3291);
#16230 = PRESENTATION_STYLE_ASSIGNMENT((#16231));
#16231 = SURFACE_STYLE_USAGE(.BOTH.,#16232);
#16232 = SURFACE_SIDE_STYLE('',(#16233));
#16233 = SURFACE_STYLE_FILL_AREA(#16234);
#16234 = FILL_AREA_STYLE('',(#16235));
#16235 = FILL_AREA_STYLE_COLOUR('',#15638);
#16236 = STYLED_ITEM('color',(#16237),#3308);
#16237 = PRESENTATION_STYLE_ASSIGNMENT((#16238));
#16238 = SURFACE_STYLE_USAGE(.BOTH.,#16239);
#16239 = SURFACE_SIDE_STYLE('',(#16240));
#16240 = SURFACE_STYLE_FILL_AREA(#16241);
#16241 = FILL_AREA_STYLE('',(#16242));
#16242 = FILL_AREA_STYLE_COLOUR('',#15638);
#16243 = STYLED_ITEM('color',(#16244),#3325);
#16244 = PRESENTATION_STYLE_ASSIGNMENT((#16245));
#16245 = SURFACE_STYLE_USAGE(.BOTH.,#16246);
#16246 = SURFACE_SIDE_STYLE('',(#16247));
#16247 = SURFACE_STYLE_FILL_AREA(#16248);
#16248 = FILL_AREA_STYLE('',(#16249));
#16249 = FILL_AREA_STYLE_COLOUR('',#15638);
#16250 = STYLED_ITEM('color',(#16251),#3342);
#16251 = PRESENTATION_STYLE_ASSIGNMENT((#16252));
#16252 = SURFACE_STYLE_USAGE(.BOTH.,#16253);
#16253 = SURFACE_SIDE_STYLE('',(#16254));
#16254 = SURFACE_STYLE_FILL_AREA(#16255);
#16255 = FILL_AREA_STYLE('',(#16256));
#16256 = FILL_AREA_STYLE_COLOUR('',#15638);
#16257 = STYLED_ITEM('color',(#16258),#3359);
#16258 = PRESENTATION_STYLE_ASSIGNMENT((#16259));
#16259 = SURFACE_STYLE_USAGE(.BOTH.,#16260);
#16260 = SURFACE_SIDE_STYLE('',(#16261));
#16261 = SURFACE_STYLE_FILL_AREA(#16262);
#16262 = FILL_AREA_STYLE('',(#16263));
#16263 = FILL_AREA_STYLE_COLOUR('',#15638);
#16264 = STYLED_ITEM('color',(#16265),#3376);
#16265 = PRESENTATION_STYLE_ASSIGNMENT((#16266));
#16266 = SURFACE_STYLE_USAGE(.BOTH.,#16267);
#16267 = SURFACE_SIDE_STYLE('',(#16268));
#16268 = SURFACE_STYLE_FILL_AREA(#16269);
#16269 = FILL_AREA_STYLE('',(#16270));
#16270 = FILL_AREA_STYLE_COLOUR('',#15638);
#16271 = STYLED_ITEM('color',(#16272),#3393);
#16272 = PRESENTATION_STYLE_ASSIGNMENT((#16273));
#16273 = SURFACE_STYLE_USAGE(.BOTH.,#16274);
#16274 = SURFACE_SIDE_STYLE('',(#16275));
#16275 = SURFACE_STYLE_FILL_AREA(#16276);
#16276 = FILL_AREA_STYLE('',(#16277));
#16277 = FILL_AREA_STYLE_COLOUR('',#15638);
#16278 = STYLED_ITEM('color',(#16279),#3405);
#16279 = PRESENTATION_STYLE_ASSIGNMENT((#16280));
#16280 = SURFACE_STYLE_USAGE(.BOTH.,#16281);
#16281 = SURFACE_SIDE_STYLE('',(#16282));
#16282 = SURFACE_STYLE_FILL_AREA(#16283);
#16283 = FILL_AREA_STYLE('',(#16284));
#16284 = FILL_AREA_STYLE_COLOUR('',#16285);
#16285 = COLOUR_RGB('',0.859000020776,0.737999965183,0.495999988746);
#16286 = STYLED_ITEM('color',(#16287),#3436);
#16287 = PRESENTATION_STYLE_ASSIGNMENT((#16288));
#16288 = SURFACE_STYLE_USAGE(.BOTH.,#16289);
#16289 = SURFACE_SIDE_STYLE('',(#16290));
#16290 = SURFACE_STYLE_FILL_AREA(#16291);
#16291 = FILL_AREA_STYLE('',(#16292));
#16292 = FILL_AREA_STYLE_COLOUR('',#16285);
#16293 = STYLED_ITEM('color',(#16294),#3460);
#16294 = PRESENTATION_STYLE_ASSIGNMENT((#16295));
#16295 = SURFACE_STYLE_USAGE(.BOTH.,#16296);
#16296 = SURFACE_SIDE_STYLE('',(#16297));
#16297 = SURFACE_STYLE_FILL_AREA(#16298);
#16298 = FILL_AREA_STYLE('',(#16299));
#16299 = FILL_AREA_STYLE_COLOUR('',#16285);
#16300 = STYLED_ITEM('color',(#16301),#3484);
#16301 = PRESENTATION_STYLE_ASSIGNMENT((#16302));
#16302 = SURFACE_STYLE_USAGE(.BOTH.,#16303);
#16303 = SURFACE_SIDE_STYLE('',(#16304));
#16304 = SURFACE_STYLE_FILL_AREA(#16305);
#16305 = FILL_AREA_STYLE('',(#16306));
#16306 = FILL_AREA_STYLE_COLOUR('',#16285);
#16307 = STYLED_ITEM('color',(#16308),#3501);
#16308 = PRESENTATION_STYLE_ASSIGNMENT((#16309));
#16309 = SURFACE_STYLE_USAGE(.BOTH.,#16310);
#16310 = SURFACE_SIDE_STYLE('',(#16311));
#16311 = SURFACE_STYLE_FILL_AREA(#16312);
#16312 = FILL_AREA_STYLE('',(#16313));
#16313 = FILL_AREA_STYLE_COLOUR('',#16285);
#16314 = STYLED_ITEM('color',(#16315),#3532);
#16315 = PRESENTATION_STYLE_ASSIGNMENT((#16316));
#16316 = SURFACE_STYLE_USAGE(.BOTH.,#16317);
#16317 = SURFACE_SIDE_STYLE('',(#16318));
#16318 = SURFACE_STYLE_FILL_AREA(#16319);
#16319 = FILL_AREA_STYLE('',(#16320));
#16320 = FILL_AREA_STYLE_COLOUR('',#16285);
#16321 = STYLED_ITEM('color',(#16322),#3556);
#16322 = PRESENTATION_STYLE_ASSIGNMENT((#16323));
#16323 = SURFACE_STYLE_USAGE(.BOTH.,#16324);
#16324 = SURFACE_SIDE_STYLE('',(#16325));
#16325 = SURFACE_STYLE_FILL_AREA(#16326);
#16326 = FILL_AREA_STYLE('',(#16327));
#16327 = FILL_AREA_STYLE_COLOUR('',#16285);
#16328 = STYLED_ITEM('color',(#16329),#3580);
#16329 = PRESENTATION_STYLE_ASSIGNMENT((#16330));
#16330 = SURFACE_STYLE_USAGE(.BOTH.,#16331);
#16331 = SURFACE_SIDE_STYLE('',(#16332));
#16332 = SURFACE_STYLE_FILL_AREA(#16333);
#16333 = FILL_AREA_STYLE('',(#16334));
#16334 = FILL_AREA_STYLE_COLOUR('',#16285);
#16335 = STYLED_ITEM('color',(#16336),#3597);
#16336 = PRESENTATION_STYLE_ASSIGNMENT((#16337));
#16337 = SURFACE_STYLE_USAGE(.BOTH.,#16338);
#16338 = SURFACE_SIDE_STYLE('',(#16339));
#16339 = SURFACE_STYLE_FILL_AREA(#16340);
#16340 = FILL_AREA_STYLE('',(#16341));
#16341 = FILL_AREA_STYLE_COLOUR('',#16285);
#16342 = STYLED_ITEM('color',(#16343),#3628);
#16343 = PRESENTATION_STYLE_ASSIGNMENT((#16344));
#16344 = SURFACE_STYLE_USAGE(.BOTH.,#16345);
#16345 = SURFACE_SIDE_STYLE('',(#16346));
#16346 = SURFACE_STYLE_FILL_AREA(#16347);
#16347 = FILL_AREA_STYLE('',(#16348));
#16348 = FILL_AREA_STYLE_COLOUR('',#16285);
#16349 = STYLED_ITEM('color',(#16350),#3652);
#16350 = PRESENTATION_STYLE_ASSIGNMENT((#16351));
#16351 = SURFACE_STYLE_USAGE(.BOTH.,#16352);
#16352 = SURFACE_SIDE_STYLE('',(#16353));
#16353 = SURFACE_STYLE_FILL_AREA(#16354);
#16354 = FILL_AREA_STYLE('',(#16355));
#16355 = FILL_AREA_STYLE_COLOUR('',#16285);
#16356 = STYLED_ITEM('color',(#16357),#3676);
#16357 = PRESENTATION_STYLE_ASSIGNMENT((#16358));
#16358 = SURFACE_STYLE_USAGE(.BOTH.,#16359);
#16359 = SURFACE_SIDE_STYLE('',(#16360));
#16360 = SURFACE_STYLE_FILL_AREA(#16361);
#16361 = FILL_AREA_STYLE('',(#16362));
#16362 = FILL_AREA_STYLE_COLOUR('',#16285);
#16363 = STYLED_ITEM('color',(#16364),#3693);
#16364 = PRESENTATION_STYLE_ASSIGNMENT((#16365));
#16365 = SURFACE_STYLE_USAGE(.BOTH.,#16366);
#16366 = SURFACE_SIDE_STYLE('',(#16367));
#16367 = SURFACE_STYLE_FILL_AREA(#16368);
#16368 = FILL_AREA_STYLE('',(#16369));
#16369 = FILL_AREA_STYLE_COLOUR('',#16285);
#16370 = STYLED_ITEM('color',(#16371),#3724);
#16371 = PRESENTATION_STYLE_ASSIGNMENT((#16372));
#16372 = SURFACE_STYLE_USAGE(.BOTH.,#16373);
#16373 = SURFACE_SIDE_STYLE('',(#16374));
#16374 = SURFACE_STYLE_FILL_AREA(#16375);
#16375 = FILL_AREA_STYLE('',(#16376));
#16376 = FILL_AREA_STYLE_COLOUR('',#16285);
#16377 = STYLED_ITEM('color',(#16378),#3748);
#16378 = PRESENTATION_STYLE_ASSIGNMENT((#16379));
#16379 = SURFACE_STYLE_USAGE(.BOTH.,#16380);
#16380 = SURFACE_SIDE_STYLE('',(#16381));
#16381 = SURFACE_STYLE_FILL_AREA(#16382);
#16382 = FILL_AREA_STYLE('',(#16383));
#16383 = FILL_AREA_STYLE_COLOUR('',#16285);
#16384 = STYLED_ITEM('color',(#16385),#3772);
#16385 = PRESENTATION_STYLE_ASSIGNMENT((#16386));
#16386 = SURFACE_STYLE_USAGE(.BOTH.,#16387);
#16387 = SURFACE_SIDE_STYLE('',(#16388));
#16388 = SURFACE_STYLE_FILL_AREA(#16389);
#16389 = FILL_AREA_STYLE('',(#16390));
#16390 = FILL_AREA_STYLE_COLOUR('',#16285);
#16391 = STYLED_ITEM('color',(#16392),#3789);
#16392 = PRESENTATION_STYLE_ASSIGNMENT((#16393));
#16393 = SURFACE_STYLE_USAGE(.BOTH.,#16394);
#16394 = SURFACE_SIDE_STYLE('',(#16395));
#16395 = SURFACE_STYLE_FILL_AREA(#16396);
#16396 = FILL_AREA_STYLE('',(#16397));
#16397 = FILL_AREA_STYLE_COLOUR('',#16285);
#16398 = STYLED_ITEM('color',(#16399),#3820);
#16399 = PRESENTATION_STYLE_ASSIGNMENT((#16400));
#16400 = SURFACE_STYLE_USAGE(.BOTH.,#16401);
#16401 = SURFACE_SIDE_STYLE('',(#16402));
#16402 = SURFACE_STYLE_FILL_AREA(#16403);
#16403 = FILL_AREA_STYLE('',(#16404));
#16404 = FILL_AREA_STYLE_COLOUR('',#16285);
#16405 = STYLED_ITEM('color',(#16406),#3844);
#16406 = PRESENTATION_STYLE_ASSIGNMENT((#16407));
#16407 = SURFACE_STYLE_USAGE(.BOTH.,#16408);
#16408 = SURFACE_SIDE_STYLE('',(#16409));
#16409 = SURFACE_STYLE_FILL_AREA(#16410);
#16410 = FILL_AREA_STYLE('',(#16411));
#16411 = FILL_AREA_STYLE_COLOUR('',#16285);
#16412 = STYLED_ITEM('color',(#16413),#3868);
#16413 = PRESENTATION_STYLE_ASSIGNMENT((#16414));
#16414 = SURFACE_STYLE_USAGE(.BOTH.,#16415);
#16415 = SURFACE_SIDE_STYLE('',(#16416));
#16416 = SURFACE_STYLE_FILL_AREA(#16417);
#16417 = FILL_AREA_STYLE('',(#16418));
#16418 = FILL_AREA_STYLE_COLOUR('',#16285);
#16419 = STYLED_ITEM('color',(#16420),#3885);
#16420 = PRESENTATION_STYLE_ASSIGNMENT((#16421));
#16421 = SURFACE_STYLE_USAGE(.BOTH.,#16422);
#16422 = SURFACE_SIDE_STYLE('',(#16423));
#16423 = SURFACE_STYLE_FILL_AREA(#16424);
#16424 = FILL_AREA_STYLE('',(#16425));
#16425 = FILL_AREA_STYLE_COLOUR('',#16285);
#16426 = STYLED_ITEM('color',(#16427),#3916);
#16427 = PRESENTATION_STYLE_ASSIGNMENT((#16428));
#16428 = SURFACE_STYLE_USAGE(.BOTH.,#16429);
#16429 = SURFACE_SIDE_STYLE('',(#16430));
#16430 = SURFACE_STYLE_FILL_AREA(#16431);
#16431 = FILL_AREA_STYLE('',(#16432));
#16432 = FILL_AREA_STYLE_COLOUR('',#16285);
#16433 = STYLED_ITEM('color',(#16434),#3940);
#16434 = PRESENTATION_STYLE_ASSIGNMENT((#16435));
#16435 = SURFACE_STYLE_USAGE(.BOTH.,#16436);
#16436 = SURFACE_SIDE_STYLE('',(#16437));
#16437 = SURFACE_STYLE_FILL_AREA(#16438);
#16438 = FILL_AREA_STYLE('',(#16439));
#16439 = FILL_AREA_STYLE_COLOUR('',#16285);
#16440 = STYLED_ITEM('color',(#16441),#3964);
#16441 = PRESENTATION_STYLE_ASSIGNMENT((#16442));
#16442 = SURFACE_STYLE_USAGE(.BOTH.,#16443);
#16443 = SURFACE_SIDE_STYLE('',(#16444));
#16444 = SURFACE_STYLE_FILL_AREA(#16445);
#16445 = FILL_AREA_STYLE('',(#16446));
#16446 = FILL_AREA_STYLE_COLOUR('',#16285);
#16447 = STYLED_ITEM('color',(#16448),#3981);
#16448 = PRESENTATION_STYLE_ASSIGNMENT((#16449));
#16449 = SURFACE_STYLE_USAGE(.BOTH.,#16450);
#16450 = SURFACE_SIDE_STYLE('',(#16451));
#16451 = SURFACE_STYLE_FILL_AREA(#16452);
#16452 = FILL_AREA_STYLE('',(#16453));
#16453 = FILL_AREA_STYLE_COLOUR('',#16285);
#16454 = STYLED_ITEM('color',(#16455),#4012);
#16455 = PRESENTATION_STYLE_ASSIGNMENT((#16456));
#16456 = SURFACE_STYLE_USAGE(.BOTH.,#16457);
#16457 = SURFACE_SIDE_STYLE('',(#16458));
#16458 = SURFACE_STYLE_FILL_AREA(#16459);
#16459 = FILL_AREA_STYLE('',(#16460));
#16460 = FILL_AREA_STYLE_COLOUR('',#16285);
#16461 = STYLED_ITEM('color',(#16462),#4036);
#16462 = PRESENTATION_STYLE_ASSIGNMENT((#16463));
#16463 = SURFACE_STYLE_USAGE(.BOTH.,#16464);
#16464 = SURFACE_SIDE_STYLE('',(#16465));
#16465 = SURFACE_STYLE_FILL_AREA(#16466);
#16466 = FILL_AREA_STYLE('',(#16467));
#16467 = FILL_AREA_STYLE_COLOUR('',#16285);
#16468 = STYLED_ITEM('color',(#16469),#4060);
#16469 = PRESENTATION_STYLE_ASSIGNMENT((#16470));
#16470 = SURFACE_STYLE_USAGE(.BOTH.,#16471);
#16471 = SURFACE_SIDE_STYLE('',(#16472));
#16472 = SURFACE_STYLE_FILL_AREA(#16473);
#16473 = FILL_AREA_STYLE('',(#16474));
#16474 = FILL_AREA_STYLE_COLOUR('',#16285);
#16475 = STYLED_ITEM('color',(#16476),#4077);
#16476 = PRESENTATION_STYLE_ASSIGNMENT((#16477));
#16477 = SURFACE_STYLE_USAGE(.BOTH.,#16478);
#16478 = SURFACE_SIDE_STYLE('',(#16479));
#16479 = SURFACE_STYLE_FILL_AREA(#16480);
#16480 = FILL_AREA_STYLE('',(#16481));
#16481 = FILL_AREA_STYLE_COLOUR('',#16285);
#16482 = STYLED_ITEM('color',(#16483),#4108);
#16483 = PRESENTATION_STYLE_ASSIGNMENT((#16484));
#16484 = SURFACE_STYLE_USAGE(.BOTH.,#16485);
#16485 = SURFACE_SIDE_STYLE('',(#16486));
#16486 = SURFACE_STYLE_FILL_AREA(#16487);
#16487 = FILL_AREA_STYLE('',(#16488));
#16488 = FILL_AREA_STYLE_COLOUR('',#16285);
#16489 = STYLED_ITEM('color',(#16490),#4132);
#16490 = PRESENTATION_STYLE_ASSIGNMENT((#16491));
#16491 = SURFACE_STYLE_USAGE(.BOTH.,#16492);
#16492 = SURFACE_SIDE_STYLE('',(#16493));
#16493 = SURFACE_STYLE_FILL_AREA(#16494);
#16494 = FILL_AREA_STYLE('',(#16495));
#16495 = FILL_AREA_STYLE_COLOUR('',#16285);
#16496 = STYLED_ITEM('color',(#16497),#4156);
#16497 = PRESENTATION_STYLE_ASSIGNMENT((#16498));
#16498 = SURFACE_STYLE_USAGE(.BOTH.,#16499);
#16499 = SURFACE_SIDE_STYLE('',(#16500));
#16500 = SURFACE_STYLE_FILL_AREA(#16501);
#16501 = FILL_AREA_STYLE('',(#16502));
#16502 = FILL_AREA_STYLE_COLOUR('',#16285);
#16503 = STYLED_ITEM('color',(#16504),#4173);
#16504 = PRESENTATION_STYLE_ASSIGNMENT((#16505));
#16505 = SURFACE_STYLE_USAGE(.BOTH.,#16506);
#16506 = SURFACE_SIDE_STYLE('',(#16507));
#16507 = SURFACE_STYLE_FILL_AREA(#16508);
#16508 = FILL_AREA_STYLE('',(#16509));
#16509 = FILL_AREA_STYLE_COLOUR('',#16285);
#16510 = STYLED_ITEM('color',(#16511),#4185);
#16511 = PRESENTATION_STYLE_ASSIGNMENT((#16512));
#16512 = SURFACE_STYLE_USAGE(.BOTH.,#16513);
#16513 = SURFACE_SIDE_STYLE('',(#16514));
#16514 = SURFACE_STYLE_FILL_AREA(#16515);
#16515 = FILL_AREA_STYLE('',(#16516));
#16516 = FILL_AREA_STYLE_COLOUR('',#16285);
#16517 = STYLED_ITEM('color',(#16518),#4197);
#16518 = PRESENTATION_STYLE_ASSIGNMENT((#16519));
#16519 = SURFACE_STYLE_USAGE(.BOTH.,#16520);
#16520 = SURFACE_SIDE_STYLE('',(#16521));
#16521 = SURFACE_STYLE_FILL_AREA(#16522);
#16522 = FILL_AREA_STYLE('',(#16523));
#16523 = FILL_AREA_STYLE_COLOUR('',#16285);
#16524 = STYLED_ITEM('color',(#16525),#4209);
#16525 = PRESENTATION_STYLE_ASSIGNMENT((#16526));
#16526 = SURFACE_STYLE_USAGE(.BOTH.,#16527);
#16527 = SURFACE_SIDE_STYLE('',(#16528));
#16528 = SURFACE_STYLE_FILL_AREA(#16529);
#16529 = FILL_AREA_STYLE('',(#16530));
#16530 = FILL_AREA_STYLE_COLOUR('',#16285);
#16531 = MECHANICAL_DESIGN_GEOMETRIC_PRESENTATION_REPRESENTATION('',(
    #16532),#9837);
#16532 = STYLED_ITEM('color',(#16533),#5179);
#16533 = PRESENTATION_STYLE_ASSIGNMENT((#16534,#16539));
#16534 = SURFACE_STYLE_USAGE(.BOTH.,#16535);
#16535 = SURFACE_SIDE_STYLE('',(#16536));
#16536 = SURFACE_STYLE_FILL_AREA(#16537);
#16537 = FILL_AREA_STYLE('',(#16538));
#16538 = FILL_AREA_STYLE_COLOUR('',#16285);
#16539 = CURVE_STYLE('',#16540,POSITIVE_LENGTH_MEASURE(0.1),#16285);
#16540 = DRAUGHTING_PRE_DEFINED_CURVE_FONT('continuous');
#16541 = MECHANICAL_DESIGN_GEOMETRIC_PRESENTATION_REPRESENTATION('',(
    #16542,#16551,#16560,#16569,#16578,#16587,#16596,#16605,#16614,
    #16623,#16632,#16641,#16650,#16659,#16668,#16677,#16686,#16695,
    #16704,#16713,#16722,#16731,#16740,#16749,#16758,#16767,#16776,
    #16785,#16794,#16803,#16812,#16821,#16830,#16839,#16848,#16857,
    #16866,#16875,#16884,#16893,#16902,#16911,#16920,#16929,#16938,
    #16947,#16956,#16965,#16974,#16983,#16992,#17001,#17010,#17019,
    #17028,#17037,#17046,#17055,#17064,#17073,#17082,#17091,#17100,
    #17109,#17118,#17127,#17136,#17145,#17154),#15166);
#16542 = STYLED_ITEM('color',(#16543),#13186);
#16543 = PRESENTATION_STYLE_ASSIGNMENT((#16544,#16549));
#16544 = SURFACE_STYLE_USAGE(.BOTH.,#16545);
#16545 = SURFACE_SIDE_STYLE('',(#16546));
#16546 = SURFACE_STYLE_FILL_AREA(#16547);
#16547 = FILL_AREA_STYLE('',(#16548));
#16548 = FILL_AREA_STYLE_COLOUR('',#15638);
#16549 = CURVE_STYLE('',#16550,POSITIVE_LENGTH_MEASURE(0.1),#15638);
#16550 = DRAUGHTING_PRE_DEFINED_CURVE_FONT('continuous');
#16551 = STYLED_ITEM('color',(#16552),#13224);
#16552 = PRESENTATION_STYLE_ASSIGNMENT((#16553,#16558));
#16553 = SURFACE_STYLE_USAGE(.BOTH.,#16554);
#16554 = SURFACE_SIDE_STYLE('',(#16555));
#16555 = SURFACE_STYLE_FILL_AREA(#16556);
#16556 = FILL_AREA_STYLE('',(#16557));
#16557 = FILL_AREA_STYLE_COLOUR('',#15638);
#16558 = CURVE_STYLE('',#16559,POSITIVE_LENGTH_MEASURE(0.1),#15638);
#16559 = DRAUGHTING_PRE_DEFINED_CURVE_FONT('continuous');
#16560 = STYLED_ITEM('color',(#16561),#13287);
#16561 = PRESENTATION_STYLE_ASSIGNMENT((#16562,#16567));
#16562 = SURFACE_STYLE_USAGE(.BOTH.,#16563);
#16563 = SURFACE_SIDE_STYLE('',(#16564));
#16564 = SURFACE_STYLE_FILL_AREA(#16565);
#16565 = FILL_AREA_STYLE('',(#16566));
#16566 = FILL_AREA_STYLE_COLOUR('',#15638);
#16567 = CURVE_STYLE('',#16568,POSITIVE_LENGTH_MEASURE(0.1),#15638);
#16568 = DRAUGHTING_PRE_DEFINED_CURVE_FONT('continuous');
#16569 = STYLED_ITEM('color',(#16570),#13310);
#16570 = PRESENTATION_STYLE_ASSIGNMENT((#16571,#16576));
#16571 = SURFACE_STYLE_USAGE(.BOTH.,#16572);
#16572 = SURFACE_SIDE_STYLE('',(#16573));
#16573 = SURFACE_STYLE_FILL_AREA(#16574);
#16574 = FILL_AREA_STYLE('',(#16575));
#16575 = FILL_AREA_STYLE_COLOUR('',#15638);
#16576 = CURVE_STYLE('',#16577,POSITIVE_LENGTH_MEASURE(0.1),#15638);
#16577 = DRAUGHTING_PRE_DEFINED_CURVE_FONT('continuous');
#16578 = STYLED_ITEM('color',(#16579),#13339);
#16579 = PRESENTATION_STYLE_ASSIGNMENT((#16580,#16585));
#16580 = SURFACE_STYLE_USAGE(.BOTH.,#16581);
#16581 = SURFACE_SIDE_STYLE('',(#16582));
#16582 = SURFACE_STYLE_FILL_AREA(#16583);
#16583 = FILL_AREA_STYLE('',(#16584));
#16584 = FILL_AREA_STYLE_COLOUR('',#15638);
#16585 = CURVE_STYLE('',#16586,POSITIVE_LENGTH_MEASURE(0.1),#15638);
#16586 = DRAUGHTING_PRE_DEFINED_CURVE_FONT('continuous');
#16587 = STYLED_ITEM('color',(#16588),#13362);
#16588 = PRESENTATION_STYLE_ASSIGNMENT((#16589,#16594));
#16589 = SURFACE_STYLE_USAGE(.BOTH.,#16590);
#16590 = SURFACE_SIDE_STYLE('',(#16591));
#16591 = SURFACE_STYLE_FILL_AREA(#16592);
#16592 = FILL_AREA_STYLE('',(#16593));
#16593 = FILL_AREA_STYLE_COLOUR('',#15638);
#16594 = CURVE_STYLE('',#16595,POSITIVE_LENGTH_MEASURE(0.1),#15638);
#16595 = DRAUGHTING_PRE_DEFINED_CURVE_FONT('continuous');
#16596 = STYLED_ITEM('color',(#16597),#13417);
#16597 = PRESENTATION_STYLE_ASSIGNMENT((#16598,#16603));
#16598 = SURFACE_STYLE_USAGE(.BOTH.,#16599);
#16599 = SURFACE_SIDE_STYLE('',(#16600));
#16600 = SURFACE_STYLE_FILL_AREA(#16601);
#16601 = FILL_AREA_STYLE('',(#16602));
#16602 = FILL_AREA_STYLE_COLOUR('',#15638);
#16603 = CURVE_STYLE('',#16604,POSITIVE_LENGTH_MEASURE(0.1),#15638);
#16604 = DRAUGHTING_PRE_DEFINED_CURVE_FONT('continuous');
#16605 = STYLED_ITEM('color',(#16606),#13456);
#16606 = PRESENTATION_STYLE_ASSIGNMENT((#16607,#16612));
#16607 = SURFACE_STYLE_USAGE(.BOTH.,#16608);
#16608 = SURFACE_SIDE_STYLE('',(#16609));
#16609 = SURFACE_STYLE_FILL_AREA(#16610);
#16610 = FILL_AREA_STYLE('',(#16611));
#16611 = FILL_AREA_STYLE_COLOUR('',#15638);
#16612 = CURVE_STYLE('',#16613,POSITIVE_LENGTH_MEASURE(0.1),#15638);
#16613 = DRAUGHTING_PRE_DEFINED_CURVE_FONT('continuous');
#16614 = STYLED_ITEM('color',(#16615),#13479);
#16615 = PRESENTATION_STYLE_ASSIGNMENT((#16616,#16621));
#16616 = SURFACE_STYLE_USAGE(.BOTH.,#16617);
#16617 = SURFACE_SIDE_STYLE('',(#16618));
#16618 = SURFACE_STYLE_FILL_AREA(#16619);
#16619 = FILL_AREA_STYLE('',(#16620));
#16620 = FILL_AREA_STYLE_COLOUR('',#15638);
#16621 = CURVE_STYLE('',#16622,POSITIVE_LENGTH_MEASURE(0.1),#15638);
#16622 = DRAUGHTING_PRE_DEFINED_CURVE_FONT('continuous');
#16623 = STYLED_ITEM('color',(#16624),#13502);
#16624 = PRESENTATION_STYLE_ASSIGNMENT((#16625,#16630));
#16625 = SURFACE_STYLE_USAGE(.BOTH.,#16626);
#16626 = SURFACE_SIDE_STYLE('',(#16627));
#16627 = SURFACE_STYLE_FILL_AREA(#16628);
#16628 = FILL_AREA_STYLE('',(#16629));
#16629 = FILL_AREA_STYLE_COLOUR('',#15638);
#16630 = CURVE_STYLE('',#16631,POSITIVE_LENGTH_MEASURE(0.1),#15638);
#16631 = DRAUGHTING_PRE_DEFINED_CURVE_FONT('continuous');
#16632 = STYLED_ITEM('color',(#16633),#13519);
#16633 = PRESENTATION_STYLE_ASSIGNMENT((#16634,#16639));
#16634 = SURFACE_STYLE_USAGE(.BOTH.,#16635);
#16635 = SURFACE_SIDE_STYLE('',(#16636));
#16636 = SURFACE_STYLE_FILL_AREA(#16637);
#16637 = FILL_AREA_STYLE('',(#16638));
#16638 = FILL_AREA_STYLE_COLOUR('',#15638);
#16639 = CURVE_STYLE('',#16640,POSITIVE_LENGTH_MEASURE(0.1),#15638);
#16640 = DRAUGHTING_PRE_DEFINED_CURVE_FONT('continuous');
#16641 = STYLED_ITEM('color',(#16642),#13542);
#16642 = PRESENTATION_STYLE_ASSIGNMENT((#16643,#16648));
#16643 = SURFACE_STYLE_USAGE(.BOTH.,#16644);
#16644 = SURFACE_SIDE_STYLE('',(#16645));
#16645 = SURFACE_STYLE_FILL_AREA(#16646);
#16646 = FILL_AREA_STYLE('',(#16647));
#16647 = FILL_AREA_STYLE_COLOUR('',#15638);
#16648 = CURVE_STYLE('',#16649,POSITIVE_LENGTH_MEASURE(0.1),#15638);
#16649 = DRAUGHTING_PRE_DEFINED_CURVE_FONT('continuous');
#16650 = STYLED_ITEM('color',(#16651),#13630);
#16651 = PRESENTATION_STYLE_ASSIGNMENT((#16652,#16657));
#16652 = SURFACE_STYLE_USAGE(.BOTH.,#16653);
#16653 = SURFACE_SIDE_STYLE('',(#16654));
#16654 = SURFACE_STYLE_FILL_AREA(#16655);
#16655 = FILL_AREA_STYLE('',(#16656));
#16656 = FILL_AREA_STYLE_COLOUR('',#15638);
#16657 = CURVE_STYLE('',#16658,POSITIVE_LENGTH_MEASURE(0.1),#15638);
#16658 = DRAUGHTING_PRE_DEFINED_CURVE_FONT('continuous');
#16659 = STYLED_ITEM('color',(#16660),#13646);
#16660 = PRESENTATION_STYLE_ASSIGNMENT((#16661,#16666));
#16661 = SURFACE_STYLE_USAGE(.BOTH.,#16662);
#16662 = SURFACE_SIDE_STYLE('',(#16663));
#16663 = SURFACE_STYLE_FILL_AREA(#16664);
#16664 = FILL_AREA_STYLE('',(#16665));
#16665 = FILL_AREA_STYLE_COLOUR('',#15638);
#16666 = CURVE_STYLE('',#16667,POSITIVE_LENGTH_MEASURE(0.1),#15638);
#16667 = DRAUGHTING_PRE_DEFINED_CURVE_FONT('continuous');
#16668 = STYLED_ITEM('color',(#16669),#13676);
#16669 = PRESENTATION_STYLE_ASSIGNMENT((#16670,#16675));
#16670 = SURFACE_STYLE_USAGE(.BOTH.,#16671);
#16671 = SURFACE_SIDE_STYLE('',(#16672));
#16672 = SURFACE_STYLE_FILL_AREA(#16673);
#16673 = FILL_AREA_STYLE('',(#16674));
#16674 = FILL_AREA_STYLE_COLOUR('',#15675);
#16675 = CURVE_STYLE('',#16676,POSITIVE_LENGTH_MEASURE(0.1),#15675);
#16676 = DRAUGHTING_PRE_DEFINED_CURVE_FONT('continuous');
#16677 = STYLED_ITEM('color',(#16678),#13709);
#16678 = PRESENTATION_STYLE_ASSIGNMENT((#16679,#16684));
#16679 = SURFACE_STYLE_USAGE(.BOTH.,#16680);
#16680 = SURFACE_SIDE_STYLE('',(#16681));
#16681 = SURFACE_STYLE_FILL_AREA(#16682);
#16682 = FILL_AREA_STYLE('',(#16683));
#16683 = FILL_AREA_STYLE_COLOUR('',#15638);
#16684 = CURVE_STYLE('',#16685,POSITIVE_LENGTH_MEASURE(0.1),#15638);
#16685 = DRAUGHTING_PRE_DEFINED_CURVE_FONT('continuous');
#16686 = STYLED_ITEM('color',(#16687),#13740);
#16687 = PRESENTATION_STYLE_ASSIGNMENT((#16688,#16693));
#16688 = SURFACE_STYLE_USAGE(.BOTH.,#16689);
#16689 = SURFACE_SIDE_STYLE('',(#16690));
#16690 = SURFACE_STYLE_FILL_AREA(#16691);
#16691 = FILL_AREA_STYLE('',(#16692));
#16692 = FILL_AREA_STYLE_COLOUR('',#15675);
#16693 = CURVE_STYLE('',#16694,POSITIVE_LENGTH_MEASURE(0.1),#15675);
#16694 = DRAUGHTING_PRE_DEFINED_CURVE_FONT('continuous');
#16695 = STYLED_ITEM('color',(#16696),#13773);
#16696 = PRESENTATION_STYLE_ASSIGNMENT((#16697,#16702));
#16697 = SURFACE_STYLE_USAGE(.BOTH.,#16698);
#16698 = SURFACE_SIDE_STYLE('',(#16699));
#16699 = SURFACE_STYLE_FILL_AREA(#16700);
#16700 = FILL_AREA_STYLE('',(#16701));
#16701 = FILL_AREA_STYLE_COLOUR('',#15638);
#16702 = CURVE_STYLE('',#16703,POSITIVE_LENGTH_MEASURE(0.1),#15638);
#16703 = DRAUGHTING_PRE_DEFINED_CURVE_FONT('continuous');
#16704 = STYLED_ITEM('color',(#16705),#13790);
#16705 = PRESENTATION_STYLE_ASSIGNMENT((#16706,#16711));
#16706 = SURFACE_STYLE_USAGE(.BOTH.,#16707);
#16707 = SURFACE_SIDE_STYLE('',(#16708));
#16708 = SURFACE_STYLE_FILL_AREA(#16709);
#16709 = FILL_AREA_STYLE('',(#16710));
#16710 = FILL_AREA_STYLE_COLOUR('',#15638);
#16711 = CURVE_STYLE('',#16712,POSITIVE_LENGTH_MEASURE(0.1),#15638);
#16712 = DRAUGHTING_PRE_DEFINED_CURVE_FONT('continuous');
#16713 = STYLED_ITEM('color',(#16714),#13807);
#16714 = PRESENTATION_STYLE_ASSIGNMENT((#16715,#16720));
#16715 = SURFACE_STYLE_USAGE(.BOTH.,#16716);
#16716 = SURFACE_SIDE_STYLE('',(#16717));
#16717 = SURFACE_STYLE_FILL_AREA(#16718);
#16718 = FILL_AREA_STYLE('',(#16719));
#16719 = FILL_AREA_STYLE_COLOUR('',#15675);
#16720 = CURVE_STYLE('',#16721,POSITIVE_LENGTH_MEASURE(0.1),#15675);
#16721 = DRAUGHTING_PRE_DEFINED_CURVE_FONT('continuous');
#16722 = STYLED_ITEM('color',(#16723),#13840);
#16723 = PRESENTATION_STYLE_ASSIGNMENT((#16724,#16729));
#16724 = SURFACE_STYLE_USAGE(.BOTH.,#16725);
#16725 = SURFACE_SIDE_STYLE('',(#16726));
#16726 = SURFACE_STYLE_FILL_AREA(#16727);
#16727 = FILL_AREA_STYLE('',(#16728));
#16728 = FILL_AREA_STYLE_COLOUR('',#15638);
#16729 = CURVE_STYLE('',#16730,POSITIVE_LENGTH_MEASURE(0.1),#15638);
#16730 = DRAUGHTING_PRE_DEFINED_CURVE_FONT('continuous');
#16731 = STYLED_ITEM('color',(#16732),#13870);
#16732 = PRESENTATION_STYLE_ASSIGNMENT((#16733,#16738));
#16733 = SURFACE_STYLE_USAGE(.BOTH.,#16734);
#16734 = SURFACE_SIDE_STYLE('',(#16735));
#16735 = SURFACE_STYLE_FILL_AREA(#16736);
#16736 = FILL_AREA_STYLE('',(#16737));
#16737 = FILL_AREA_STYLE_COLOUR('',#15638);
#16738 = CURVE_STYLE('',#16739,POSITIVE_LENGTH_MEASURE(0.1),#15638);
#16739 = DRAUGHTING_PRE_DEFINED_CURVE_FONT('continuous');
#16740 = STYLED_ITEM('color',(#16741),#13893);
#16741 = PRESENTATION_STYLE_ASSIGNMENT((#16742,#16747));
#16742 = SURFACE_STYLE_USAGE(.BOTH.,#16743);
#16743 = SURFACE_SIDE_STYLE('',(#16744));
#16744 = SURFACE_STYLE_FILL_AREA(#16745);
#16745 = FILL_AREA_STYLE('',(#16746));
#16746 = FILL_AREA_STYLE_COLOUR('',#15638);
#16747 = CURVE_STYLE('',#16748,POSITIVE_LENGTH_MEASURE(0.1),#15638);
#16748 = DRAUGHTING_PRE_DEFINED_CURVE_FONT('continuous');
#16749 = STYLED_ITEM('color',(#16750),#13916);
#16750 = PRESENTATION_STYLE_ASSIGNMENT((#16751,#16756));
#16751 = SURFACE_STYLE_USAGE(.BOTH.,#16752);
#16752 = SURFACE_SIDE_STYLE('',(#16753));
#16753 = SURFACE_STYLE_FILL_AREA(#16754);
#16754 = FILL_AREA_STYLE('',(#16755));
#16755 = FILL_AREA_STYLE_COLOUR('',#15638);
#16756 = CURVE_STYLE('',#16757,POSITIVE_LENGTH_MEASURE(0.1),#15638);
#16757 = DRAUGHTING_PRE_DEFINED_CURVE_FONT('continuous');
#16758 = STYLED_ITEM('color',(#16759),#13933);
#16759 = PRESENTATION_STYLE_ASSIGNMENT((#16760,#16765));
#16760 = SURFACE_STYLE_USAGE(.BOTH.,#16761);
#16761 = SURFACE_SIDE_STYLE('',(#16762));
#16762 = SURFACE_STYLE_FILL_AREA(#16763);
#16763 = FILL_AREA_STYLE('',(#16764));
#16764 = FILL_AREA_STYLE_COLOUR('',#15675);
#16765 = CURVE_STYLE('',#16766,POSITIVE_LENGTH_MEASURE(0.1),#15675);
#16766 = DRAUGHTING_PRE_DEFINED_CURVE_FONT('continuous');
#16767 = STYLED_ITEM('color',(#16768),#13962);
#16768 = PRESENTATION_STYLE_ASSIGNMENT((#16769,#16774));
#16769 = SURFACE_STYLE_USAGE(.BOTH.,#16770);
#16770 = SURFACE_SIDE_STYLE('',(#16771));
#16771 = SURFACE_STYLE_FILL_AREA(#16772);
#16772 = FILL_AREA_STYLE('',(#16773));
#16773 = FILL_AREA_STYLE_COLOUR('',#15638);
#16774 = CURVE_STYLE('',#16775,POSITIVE_LENGTH_MEASURE(0.1),#15638);
#16775 = DRAUGHTING_PRE_DEFINED_CURVE_FONT('continuous');
#16776 = STYLED_ITEM('color',(#16777),#14016);
#16777 = PRESENTATION_STYLE_ASSIGNMENT((#16778,#16783));
#16778 = SURFACE_STYLE_USAGE(.BOTH.,#16779);
#16779 = SURFACE_SIDE_STYLE('',(#16780));
#16780 = SURFACE_STYLE_FILL_AREA(#16781);
#16781 = FILL_AREA_STYLE('',(#16782));
#16782 = FILL_AREA_STYLE_COLOUR('',#15638);
#16783 = CURVE_STYLE('',#16784,POSITIVE_LENGTH_MEASURE(0.1),#15638);
#16784 = DRAUGHTING_PRE_DEFINED_CURVE_FONT('continuous');
#16785 = STYLED_ITEM('color',(#16786),#14039);
#16786 = PRESENTATION_STYLE_ASSIGNMENT((#16787,#16792));
#16787 = SURFACE_STYLE_USAGE(.BOTH.,#16788);
#16788 = SURFACE_SIDE_STYLE('',(#16789));
#16789 = SURFACE_STYLE_FILL_AREA(#16790);
#16790 = FILL_AREA_STYLE('',(#16791));
#16791 = FILL_AREA_STYLE_COLOUR('',#15638);
#16792 = CURVE_STYLE('',#16793,POSITIVE_LENGTH_MEASURE(0.1),#15638);
#16793 = DRAUGHTING_PRE_DEFINED_CURVE_FONT('continuous');
#16794 = STYLED_ITEM('color',(#16795),#14062);
#16795 = PRESENTATION_STYLE_ASSIGNMENT((#16796,#16801));
#16796 = SURFACE_STYLE_USAGE(.BOTH.,#16797);
#16797 = SURFACE_SIDE_STYLE('',(#16798));
#16798 = SURFACE_STYLE_FILL_AREA(#16799);
#16799 = FILL_AREA_STYLE('',(#16800));
#16800 = FILL_AREA_STYLE_COLOUR('',#15638);
#16801 = CURVE_STYLE('',#16802,POSITIVE_LENGTH_MEASURE(0.1),#15638);
#16802 = DRAUGHTING_PRE_DEFINED_CURVE_FONT('continuous');
#16803 = STYLED_ITEM('color',(#16804),#14085);
#16804 = PRESENTATION_STYLE_ASSIGNMENT((#16805,#16810));
#16805 = SURFACE_STYLE_USAGE(.BOTH.,#16806);
#16806 = SURFACE_SIDE_STYLE('',(#16807));
#16807 = SURFACE_STYLE_FILL_AREA(#16808);
#16808 = FILL_AREA_STYLE('',(#16809));
#16809 = FILL_AREA_STYLE_COLOUR('',#15638);
#16810 = CURVE_STYLE('',#16811,POSITIVE_LENGTH_MEASURE(0.1),#15638);
#16811 = DRAUGHTING_PRE_DEFINED_CURVE_FONT('continuous');
#16812 = STYLED_ITEM('color',(#16813),#14124);
#16813 = PRESENTATION_STYLE_ASSIGNMENT((#16814,#16819));
#16814 = SURFACE_STYLE_USAGE(.BOTH.,#16815);
#16815 = SURFACE_SIDE_STYLE('',(#16816));
#16816 = SURFACE_STYLE_FILL_AREA(#16817);
#16817 = FILL_AREA_STYLE('',(#16818));
#16818 = FILL_AREA_STYLE_COLOUR('',#15675);
#16819 = CURVE_STYLE('',#16820,POSITIVE_LENGTH_MEASURE(0.1),#15675);
#16820 = DRAUGHTING_PRE_DEFINED_CURVE_FONT('continuous');
#16821 = STYLED_ITEM('color',(#16822),#14146);
#16822 = PRESENTATION_STYLE_ASSIGNMENT((#16823,#16828));
#16823 = SURFACE_STYLE_USAGE(.BOTH.,#16824);
#16824 = SURFACE_SIDE_STYLE('',(#16825));
#16825 = SURFACE_STYLE_FILL_AREA(#16826);
#16826 = FILL_AREA_STYLE('',(#16827));
#16827 = FILL_AREA_STYLE_COLOUR('',#15638);
#16828 = CURVE_STYLE('',#16829,POSITIVE_LENGTH_MEASURE(0.1),#15638);
#16829 = DRAUGHTING_PRE_DEFINED_CURVE_FONT('continuous');
#16830 = STYLED_ITEM('color',(#16831),#14190);
#16831 = PRESENTATION_STYLE_ASSIGNMENT((#16832,#16837));
#16832 = SURFACE_STYLE_USAGE(.BOTH.,#16833);
#16833 = SURFACE_SIDE_STYLE('',(#16834));
#16834 = SURFACE_STYLE_FILL_AREA(#16835);
#16835 = FILL_AREA_STYLE('',(#16836));
#16836 = FILL_AREA_STYLE_COLOUR('',#15675);
#16837 = CURVE_STYLE('',#16838,POSITIVE_LENGTH_MEASURE(0.1),#15675);
#16838 = DRAUGHTING_PRE_DEFINED_CURVE_FONT('continuous');
#16839 = STYLED_ITEM('color',(#16840),#14265);
#16840 = PRESENTATION_STYLE_ASSIGNMENT((#16841,#16846));
#16841 = SURFACE_STYLE_USAGE(.BOTH.,#16842);
#16842 = SURFACE_SIDE_STYLE('',(#16843));
#16843 = SURFACE_STYLE_FILL_AREA(#16844);
#16844 = FILL_AREA_STYLE('',(#16845));
#16845 = FILL_AREA_STYLE_COLOUR('',#15675);
#16846 = CURVE_STYLE('',#16847,POSITIVE_LENGTH_MEASURE(0.1),#15675);
#16847 = DRAUGHTING_PRE_DEFINED_CURVE_FONT('continuous');
#16848 = STYLED_ITEM('color',(#16849),#14289);
#16849 = PRESENTATION_STYLE_ASSIGNMENT((#16850,#16855));
#16850 = SURFACE_STYLE_USAGE(.BOTH.,#16851);
#16851 = SURFACE_SIDE_STYLE('',(#16852));
#16852 = SURFACE_STYLE_FILL_AREA(#16853);
#16853 = FILL_AREA_STYLE('',(#16854));
#16854 = FILL_AREA_STYLE_COLOUR('',#15675);
#16855 = CURVE_STYLE('',#16856,POSITIVE_LENGTH_MEASURE(0.1),#15675);
#16856 = DRAUGHTING_PRE_DEFINED_CURVE_FONT('continuous');
#16857 = STYLED_ITEM('color',(#16858),#14357);
#16858 = PRESENTATION_STYLE_ASSIGNMENT((#16859,#16864));
#16859 = SURFACE_STYLE_USAGE(.BOTH.,#16860);
#16860 = SURFACE_SIDE_STYLE('',(#16861));
#16861 = SURFACE_STYLE_FILL_AREA(#16862);
#16862 = FILL_AREA_STYLE('',(#16863));
#16863 = FILL_AREA_STYLE_COLOUR('',#15638);
#16864 = CURVE_STYLE('',#16865,POSITIVE_LENGTH_MEASURE(0.1),#15638);
#16865 = DRAUGHTING_PRE_DEFINED_CURVE_FONT('continuous');
#16866 = STYLED_ITEM('color',(#16867),#14374);
#16867 = PRESENTATION_STYLE_ASSIGNMENT((#16868,#16873));
#16868 = SURFACE_STYLE_USAGE(.BOTH.,#16869);
#16869 = SURFACE_SIDE_STYLE('',(#16870));
#16870 = SURFACE_STYLE_FILL_AREA(#16871);
#16871 = FILL_AREA_STYLE('',(#16872));
#16872 = FILL_AREA_STYLE_COLOUR('',#15675);
#16873 = CURVE_STYLE('',#16874,POSITIVE_LENGTH_MEASURE(0.1),#15675);
#16874 = DRAUGHTING_PRE_DEFINED_CURVE_FONT('continuous');
#16875 = STYLED_ITEM('color',(#16876),#14449);
#16876 = PRESENTATION_STYLE_ASSIGNMENT((#16877,#16882));
#16877 = SURFACE_STYLE_USAGE(.BOTH.,#16878);
#16878 = SURFACE_SIDE_STYLE('',(#16879));
#16879 = SURFACE_STYLE_FILL_AREA(#16880);
#16880 = FILL_AREA_STYLE('',(#16881));
#16881 = FILL_AREA_STYLE_COLOUR('',#15675);
#16882 = CURVE_STYLE('',#16883,POSITIVE_LENGTH_MEASURE(0.1),#15675);
#16883 = DRAUGHTING_PRE_DEFINED_CURVE_FONT('continuous');
#16884 = STYLED_ITEM('color',(#16885),#14473);
#16885 = PRESENTATION_STYLE_ASSIGNMENT((#16886,#16891));
#16886 = SURFACE_STYLE_USAGE(.BOTH.,#16887);
#16887 = SURFACE_SIDE_STYLE('',(#16888));
#16888 = SURFACE_STYLE_FILL_AREA(#16889);
#16889 = FILL_AREA_STYLE('',(#16890));
#16890 = FILL_AREA_STYLE_COLOUR('',#15675);
#16891 = CURVE_STYLE('',#16892,POSITIVE_LENGTH_MEASURE(0.1),#15675);
#16892 = DRAUGHTING_PRE_DEFINED_CURVE_FONT('continuous');
#16893 = STYLED_ITEM('color',(#16894),#14541);
#16894 = PRESENTATION_STYLE_ASSIGNMENT((#16895,#16900));
#16895 = SURFACE_STYLE_USAGE(.BOTH.,#16896);
#16896 = SURFACE_SIDE_STYLE('',(#16897));
#16897 = SURFACE_STYLE_FILL_AREA(#16898);
#16898 = FILL_AREA_STYLE('',(#16899));
#16899 = FILL_AREA_STYLE_COLOUR('',#15675);
#16900 = CURVE_STYLE('',#16901,POSITIVE_LENGTH_MEASURE(0.1),#15675);
#16901 = DRAUGHTING_PRE_DEFINED_CURVE_FONT('continuous');
#16902 = STYLED_ITEM('color',(#16903),#14616);
#16903 = PRESENTATION_STYLE_ASSIGNMENT((#16904,#16909));
#16904 = SURFACE_STYLE_USAGE(.BOTH.,#16905);
#16905 = SURFACE_SIDE_STYLE('',(#16906));
#16906 = SURFACE_STYLE_FILL_AREA(#16907);
#16907 = FILL_AREA_STYLE('',(#16908));
#16908 = FILL_AREA_STYLE_COLOUR('',#15675);
#16909 = CURVE_STYLE('',#16910,POSITIVE_LENGTH_MEASURE(0.1),#15675);
#16910 = DRAUGHTING_PRE_DEFINED_CURVE_FONT('continuous');
#16911 = STYLED_ITEM('color',(#16912),#14640);
#16912 = PRESENTATION_STYLE_ASSIGNMENT((#16913,#16918));
#16913 = SURFACE_STYLE_USAGE(.BOTH.,#16914);
#16914 = SURFACE_SIDE_STYLE('',(#16915));
#16915 = SURFACE_STYLE_FILL_AREA(#16916);
#16916 = FILL_AREA_STYLE('',(#16917));
#16917 = FILL_AREA_STYLE_COLOUR('',#15675);
#16918 = CURVE_STYLE('',#16919,POSITIVE_LENGTH_MEASURE(0.1),#15675);
#16919 = DRAUGHTING_PRE_DEFINED_CURVE_FONT('continuous');
#16920 = STYLED_ITEM('color',(#16921),#14708);
#16921 = PRESENTATION_STYLE_ASSIGNMENT((#16922,#16927));
#16922 = SURFACE_STYLE_USAGE(.BOTH.,#16923);
#16923 = SURFACE_SIDE_STYLE('',(#16924));
#16924 = SURFACE_STYLE_FILL_AREA(#16925);
#16925 = FILL_AREA_STYLE('',(#16926));
#16926 = FILL_AREA_STYLE_COLOUR('',#15675);
#16927 = CURVE_STYLE('',#16928,POSITIVE_LENGTH_MEASURE(0.1),#15675);
#16928 = DRAUGHTING_PRE_DEFINED_CURVE_FONT('continuous');
#16929 = STYLED_ITEM('color',(#16930),#14725);
#16930 = PRESENTATION_STYLE_ASSIGNMENT((#16931,#16936));
#16931 = SURFACE_STYLE_USAGE(.BOTH.,#16932);
#16932 = SURFACE_SIDE_STYLE('',(#16933));
#16933 = SURFACE_STYLE_FILL_AREA(#16934);
#16934 = FILL_AREA_STYLE('',(#16935));
#16935 = FILL_AREA_STYLE_COLOUR('',#15675);
#16936 = CURVE_STYLE('',#16937,POSITIVE_LENGTH_MEASURE(0.1),#15675);
#16937 = DRAUGHTING_PRE_DEFINED_CURVE_FONT('continuous');
#16938 = STYLED_ITEM('color',(#16939),#14742);
#16939 = PRESENTATION_STYLE_ASSIGNMENT((#16940,#16945));
#16940 = SURFACE_STYLE_USAGE(.BOTH.,#16941);
#16941 = SURFACE_SIDE_STYLE('',(#16942));
#16942 = SURFACE_STYLE_FILL_AREA(#16943);
#16943 = FILL_AREA_STYLE('',(#16944));
#16944 = FILL_AREA_STYLE_COLOUR('',#15638);
#16945 = CURVE_STYLE('',#16946,POSITIVE_LENGTH_MEASURE(0.1),#15638);
#16946 = DRAUGHTING_PRE_DEFINED_CURVE_FONT('continuous');
#16947 = STYLED_ITEM('color',(#16948),#14788);
#16948 = PRESENTATION_STYLE_ASSIGNMENT((#16949,#16954));
#16949 = SURFACE_STYLE_USAGE(.BOTH.,#16950);
#16950 = SURFACE_SIDE_STYLE('',(#16951));
#16951 = SURFACE_STYLE_FILL_AREA(#16952);
#16952 = FILL_AREA_STYLE('',(#16953));
#16953 = FILL_AREA_STYLE_COLOUR('',#15638);
#16954 = CURVE_STYLE('',#16955,POSITIVE_LENGTH_MEASURE(0.1),#15638);
#16955 = DRAUGHTING_PRE_DEFINED_CURVE_FONT('continuous');
#16956 = STYLED_ITEM('color',(#16957),#14804);
#16957 = PRESENTATION_STYLE_ASSIGNMENT((#16958,#16963));
#16958 = SURFACE_STYLE_USAGE(.BOTH.,#16959);
#16959 = SURFACE_SIDE_STYLE('',(#16960));
#16960 = SURFACE_STYLE_FILL_AREA(#16961);
#16961 = FILL_AREA_STYLE('',(#16962));
#16962 = FILL_AREA_STYLE_COLOUR('',#15638);
#16963 = CURVE_STYLE('',#16964,POSITIVE_LENGTH_MEASURE(0.1),#15638);
#16964 = DRAUGHTING_PRE_DEFINED_CURVE_FONT('continuous');
#16965 = STYLED_ITEM('color',(#16966),#14820);
#16966 = PRESENTATION_STYLE_ASSIGNMENT((#16967,#16972));
#16967 = SURFACE_STYLE_USAGE(.BOTH.,#16968);
#16968 = SURFACE_SIDE_STYLE('',(#16969));
#16969 = SURFACE_STYLE_FILL_AREA(#16970);
#16970 = FILL_AREA_STYLE('',(#16971));
#16971 = FILL_AREA_STYLE_COLOUR('',#15675);
#16972 = CURVE_STYLE('',#16973,POSITIVE_LENGTH_MEASURE(0.1),#15675);
#16973 = DRAUGHTING_PRE_DEFINED_CURVE_FONT('continuous');
#16974 = STYLED_ITEM('color',(#16975),#14837);
#16975 = PRESENTATION_STYLE_ASSIGNMENT((#16976,#16981));
#16976 = SURFACE_STYLE_USAGE(.BOTH.,#16977);
#16977 = SURFACE_SIDE_STYLE('',(#16978));
#16978 = SURFACE_STYLE_FILL_AREA(#16979);
#16979 = FILL_AREA_STYLE('',(#16980));
#16980 = FILL_AREA_STYLE_COLOUR('',#15638);
#16981 = CURVE_STYLE('',#16982,POSITIVE_LENGTH_MEASURE(0.1),#15638);
#16982 = DRAUGHTING_PRE_DEFINED_CURVE_FONT('continuous');
#16983 = STYLED_ITEM('color',(#16984),#14849);
#16984 = PRESENTATION_STYLE_ASSIGNMENT((#16985,#16990));
#16985 = SURFACE_STYLE_USAGE(.BOTH.,#16986);
#16986 = SURFACE_SIDE_STYLE('',(#16987));
#16987 = SURFACE_STYLE_FILL_AREA(#16988);
#16988 = FILL_AREA_STYLE('',(#16989));
#16989 = FILL_AREA_STYLE_COLOUR('',#15675);
#16990 = CURVE_STYLE('',#16991,POSITIVE_LENGTH_MEASURE(0.1),#15675);
#16991 = DRAUGHTING_PRE_DEFINED_CURVE_FONT('continuous');
#16992 = STYLED_ITEM('color',(#16993),#14866);
#16993 = PRESENTATION_STYLE_ASSIGNMENT((#16994,#16999));
#16994 = SURFACE_STYLE_USAGE(.BOTH.,#16995);
#16995 = SURFACE_SIDE_STYLE('',(#16996));
#16996 = SURFACE_STYLE_FILL_AREA(#16997);
#16997 = FILL_AREA_STYLE('',(#16998));
#16998 = FILL_AREA_STYLE_COLOUR('',#15675);
#16999 = CURVE_STYLE('',#17000,POSITIVE_LENGTH_MEASURE(0.1),#15675);
#17000 = DRAUGHTING_PRE_DEFINED_CURVE_FONT('continuous');
#17001 = STYLED_ITEM('color',(#17002),#14883);
#17002 = PRESENTATION_STYLE_ASSIGNMENT((#17003,#17008));
#17003 = SURFACE_STYLE_USAGE(.BOTH.,#17004);
#17004 = SURFACE_SIDE_STYLE('',(#17005));
#17005 = SURFACE_STYLE_FILL_AREA(#17006);
#17006 = FILL_AREA_STYLE('',(#17007));
#17007 = FILL_AREA_STYLE_COLOUR('',#15675);
#17008 = CURVE_STYLE('',#17009,POSITIVE_LENGTH_MEASURE(0.1),#15675);
#17009 = DRAUGHTING_PRE_DEFINED_CURVE_FONT('continuous');
#17010 = STYLED_ITEM('color',(#17011),#14900);
#17011 = PRESENTATION_STYLE_ASSIGNMENT((#17012,#17017));
#17012 = SURFACE_STYLE_USAGE(.BOTH.,#17013);
#17013 = SURFACE_SIDE_STYLE('',(#17014));
#17014 = SURFACE_STYLE_FILL_AREA(#17015);
#17015 = FILL_AREA_STYLE('',(#17016));
#17016 = FILL_AREA_STYLE_COLOUR('',#15675);
#17017 = CURVE_STYLE('',#17018,POSITIVE_LENGTH_MEASURE(0.1),#15675);
#17018 = DRAUGHTING_PRE_DEFINED_CURVE_FONT('continuous');
#17019 = STYLED_ITEM('color',(#17020),#14917);
#17020 = PRESENTATION_STYLE_ASSIGNMENT((#17021,#17026));
#17021 = SURFACE_STYLE_USAGE(.BOTH.,#17022);
#17022 = SURFACE_SIDE_STYLE('',(#17023));
#17023 = SURFACE_STYLE_FILL_AREA(#17024);
#17024 = FILL_AREA_STYLE('',(#17025));
#17025 = FILL_AREA_STYLE_COLOUR('',#15675);
#17026 = CURVE_STYLE('',#17027,POSITIVE_LENGTH_MEASURE(0.1),#15675);
#17027 = DRAUGHTING_PRE_DEFINED_CURVE_FONT('continuous');
#17028 = STYLED_ITEM('color',(#17029),#14934);
#17029 = PRESENTATION_STYLE_ASSIGNMENT((#17030,#17035));
#17030 = SURFACE_STYLE_USAGE(.BOTH.,#17031);
#17031 = SURFACE_SIDE_STYLE('',(#17032));
#17032 = SURFACE_STYLE_FILL_AREA(#17033);
#17033 = FILL_AREA_STYLE('',(#17034));
#17034 = FILL_AREA_STYLE_COLOUR('',#15675);
#17035 = CURVE_STYLE('',#17036,POSITIVE_LENGTH_MEASURE(0.1),#15675);
#17036 = DRAUGHTING_PRE_DEFINED_CURVE_FONT('continuous');
#17037 = STYLED_ITEM('color',(#17038),#14951);
#17038 = PRESENTATION_STYLE_ASSIGNMENT((#17039,#17044));
#17039 = SURFACE_STYLE_USAGE(.BOTH.,#17040);
#17040 = SURFACE_SIDE_STYLE('',(#17041));
#17041 = SURFACE_STYLE_FILL_AREA(#17042);
#17042 = FILL_AREA_STYLE('',(#17043));
#17043 = FILL_AREA_STYLE_COLOUR('',#15675);
#17044 = CURVE_STYLE('',#17045,POSITIVE_LENGTH_MEASURE(0.1),#15675);
#17045 = DRAUGHTING_PRE_DEFINED_CURVE_FONT('continuous');
#17046 = STYLED_ITEM('color',(#17047),#14963);
#17047 = PRESENTATION_STYLE_ASSIGNMENT((#17048,#17053));
#17048 = SURFACE_STYLE_USAGE(.BOTH.,#17049);
#17049 = SURFACE_SIDE_STYLE('',(#17050));
#17050 = SURFACE_STYLE_FILL_AREA(#17051);
#17051 = FILL_AREA_STYLE('',(#17052));
#17052 = FILL_AREA_STYLE_COLOUR('',#15675);
#17053 = CURVE_STYLE('',#17054,POSITIVE_LENGTH_MEASURE(0.1),#15675);
#17054 = DRAUGHTING_PRE_DEFINED_CURVE_FONT('continuous');
#17055 = STYLED_ITEM('color',(#17056),#14980);
#17056 = PRESENTATION_STYLE_ASSIGNMENT((#17057,#17062));
#17057 = SURFACE_STYLE_USAGE(.BOTH.,#17058);
#17058 = SURFACE_SIDE_STYLE('',(#17059));
#17059 = SURFACE_STYLE_FILL_AREA(#17060);
#17060 = FILL_AREA_STYLE('',(#17061));
#17061 = FILL_AREA_STYLE_COLOUR('',#15675);
#17062 = CURVE_STYLE('',#17063,POSITIVE_LENGTH_MEASURE(0.1),#15675);
#17063 = DRAUGHTING_PRE_DEFINED_CURVE_FONT('continuous');
#17064 = STYLED_ITEM('color',(#17065),#14997);
#17065 = PRESENTATION_STYLE_ASSIGNMENT((#17066,#17071));
#17066 = SURFACE_STYLE_USAGE(.BOTH.,#17067);
#17067 = SURFACE_SIDE_STYLE('',(#17068));
#17068 = SURFACE_STYLE_FILL_AREA(#17069);
#17069 = FILL_AREA_STYLE('',(#17070));
#17070 = FILL_AREA_STYLE_COLOUR('',#15675);
#17071 = CURVE_STYLE('',#17072,POSITIVE_LENGTH_MEASURE(0.1),#15675);
#17072 = DRAUGHTING_PRE_DEFINED_CURVE_FONT('continuous');
#17073 = STYLED_ITEM('color',(#17074),#15014);
#17074 = PRESENTATION_STYLE_ASSIGNMENT((#17075,#17080));
#17075 = SURFACE_STYLE_USAGE(.BOTH.,#17076);
#17076 = SURFACE_SIDE_STYLE('',(#17077));
#17077 = SURFACE_STYLE_FILL_AREA(#17078);
#17078 = FILL_AREA_STYLE('',(#17079));
#17079 = FILL_AREA_STYLE_COLOUR('',#15675);
#17080 = CURVE_STYLE('',#17081,POSITIVE_LENGTH_MEASURE(0.1),#15675);
#17081 = DRAUGHTING_PRE_DEFINED_CURVE_FONT('continuous');
#17082 = STYLED_ITEM('color',(#17083),#15031);
#17083 = PRESENTATION_STYLE_ASSIGNMENT((#17084,#17089));
#17084 = SURFACE_STYLE_USAGE(.BOTH.,#17085);
#17085 = SURFACE_SIDE_STYLE('',(#17086));
#17086 = SURFACE_STYLE_FILL_AREA(#17087);
#17087 = FILL_AREA_STYLE('',(#17088));
#17088 = FILL_AREA_STYLE_COLOUR('',#15675);
#17089 = CURVE_STYLE('',#17090,POSITIVE_LENGTH_MEASURE(0.1),#15675);
#17090 = DRAUGHTING_PRE_DEFINED_CURVE_FONT('continuous');
#17091 = STYLED_ITEM('color',(#17092),#15048);
#17092 = PRESENTATION_STYLE_ASSIGNMENT((#17093,#17098));
#17093 = SURFACE_STYLE_USAGE(.BOTH.,#17094);
#17094 = SURFACE_SIDE_STYLE('',(#17095));
#17095 = SURFACE_STYLE_FILL_AREA(#17096);
#17096 = FILL_AREA_STYLE('',(#17097));
#17097 = FILL_AREA_STYLE_COLOUR('',#15675);
#17098 = CURVE_STYLE('',#17099,POSITIVE_LENGTH_MEASURE(0.1),#15675);
#17099 = DRAUGHTING_PRE_DEFINED_CURVE_FONT('continuous');
#17100 = STYLED_ITEM('color',(#17101),#15060);
#17101 = PRESENTATION_STYLE_ASSIGNMENT((#17102,#17107));
#17102 = SURFACE_STYLE_USAGE(.BOTH.,#17103);
#17103 = SURFACE_SIDE_STYLE('',(#17104));
#17104 = SURFACE_STYLE_FILL_AREA(#17105);
#17105 = FILL_AREA_STYLE('',(#17106));
#17106 = FILL_AREA_STYLE_COLOUR('',#15675);
#17107 = CURVE_STYLE('',#17108,POSITIVE_LENGTH_MEASURE(0.1),#15675);
#17108 = DRAUGHTING_PRE_DEFINED_CURVE_FONT('continuous');
#17109 = STYLED_ITEM('color',(#17110),#15077);
#17110 = PRESENTATION_STYLE_ASSIGNMENT((#17111,#17116));
#17111 = SURFACE_STYLE_USAGE(.BOTH.,#17112);
#17112 = SURFACE_SIDE_STYLE('',(#17113));
#17113 = SURFACE_STYLE_FILL_AREA(#17114);
#17114 = FILL_AREA_STYLE('',(#17115));
#17115 = FILL_AREA_STYLE_COLOUR('',#15675);
#17116 = CURVE_STYLE('',#17117,POSITIVE_LENGTH_MEASURE(0.1),#15675);
#17117 = DRAUGHTING_PRE_DEFINED_CURVE_FONT('continuous');
#17118 = STYLED_ITEM('color',(#17119),#15094);
#17119 = PRESENTATION_STYLE_ASSIGNMENT((#17120,#17125));
#17120 = SURFACE_STYLE_USAGE(.BOTH.,#17121);
#17121 = SURFACE_SIDE_STYLE('',(#17122));
#17122 = SURFACE_STYLE_FILL_AREA(#17123);
#17123 = FILL_AREA_STYLE('',(#17124));
#17124 = FILL_AREA_STYLE_COLOUR('',#15675);
#17125 = CURVE_STYLE('',#17126,POSITIVE_LENGTH_MEASURE(0.1),#15675);
#17126 = DRAUGHTING_PRE_DEFINED_CURVE_FONT('continuous');
#17127 = STYLED_ITEM('color',(#17128),#15111);
#17128 = PRESENTATION_STYLE_ASSIGNMENT((#17129,#17134));
#17129 = SURFACE_STYLE_USAGE(.BOTH.,#17130);
#17130 = SURFACE_SIDE_STYLE('',(#17131));
#17131 = SURFACE_STYLE_FILL_AREA(#17132);
#17132 = FILL_AREA_STYLE('',(#17133));
#17133 = FILL_AREA_STYLE_COLOUR('',#15675);
#17134 = CURVE_STYLE('',#17135,POSITIVE_LENGTH_MEASURE(0.1),#15675);
#17135 = DRAUGHTING_PRE_DEFINED_CURVE_FONT('continuous');
#17136 = STYLED_ITEM('color',(#17137),#15128);
#17137 = PRESENTATION_STYLE_ASSIGNMENT((#17138,#17143));
#17138 = SURFACE_STYLE_USAGE(.BOTH.,#17139);
#17139 = SURFACE_SIDE_STYLE('',(#17140));
#17140 = SURFACE_STYLE_FILL_AREA(#17141);
#17141 = FILL_AREA_STYLE('',(#17142));
#17142 = FILL_AREA_STYLE_COLOUR('',#15675);
#17143 = CURVE_STYLE('',#17144,POSITIVE_LENGTH_MEASURE(0.1),#15675);
#17144 = DRAUGHTING_PRE_DEFINED_CURVE_FONT('continuous');
#17145 = STYLED_ITEM('color',(#17146),#15145);
#17146 = PRESENTATION_STYLE_ASSIGNMENT((#17147,#17152));
#17147 = SURFACE_STYLE_USAGE(.BOTH.,#17148);
#17148 = SURFACE_SIDE_STYLE('',(#17149));
#17149 = SURFACE_STYLE_FILL_AREA(#17150);
#17150 = FILL_AREA_STYLE('',(#17151));
#17151 = FILL_AREA_STYLE_COLOUR('',#15675);
#17152 = CURVE_STYLE('',#17153,POSITIVE_LENGTH_MEASURE(0.1),#15675);
#17153 = DRAUGHTING_PRE_DEFINED_CURVE_FONT('continuous');
#17154 = STYLED_ITEM('color',(#17155),#15157);
#17155 = PRESENTATION_STYLE_ASSIGNMENT((#17156,#17161));
#17156 = SURFACE_STYLE_USAGE(.BOTH.,#17157);
#17157 = SURFACE_SIDE_STYLE('',(#17158));
#17158 = SURFACE_STYLE_FILL_AREA(#17159);
#17159 = FILL_AREA_STYLE('',(#17160));
#17160 = FILL_AREA_STYLE_COLOUR('',#16126);
#17161 = CURVE_STYLE('',#17162,POSITIVE_LENGTH_MEASURE(0.1),#16126);
#17162 = DRAUGHTING_PRE_DEFINED_CURVE_FONT('continuous');
#17163 = MECHANICAL_DESIGN_GEOMETRIC_PRESENTATION_REPRESENTATION('',(
    #17164,#17171,#17178,#17185,#17192,#17199,#17206,#17213,#17220,
    #17227,#17234,#17242,#17249,#17256,#17263,#17270,#17277,#17284,
    #17291,#17298,#17305,#17312,#17319,#17326,#17333,#17340,#17347,
    #17354),#5117);
#17164 = STYLED_ITEM('color',(#17165),#4265);
#17165 = PRESENTATION_STYLE_ASSIGNMENT((#17166));
#17166 = SURFACE_STYLE_USAGE(.BOTH.,#17167);
#17167 = SURFACE_SIDE_STYLE('',(#17168));
#17168 = SURFACE_STYLE_FILL_AREA(#17169);
#17169 = FILL_AREA_STYLE('',(#17170));
#17170 = FILL_AREA_STYLE_COLOUR('',#15675);
#17171 = STYLED_ITEM('color',(#17172),#4341);
#17172 = PRESENTATION_STYLE_ASSIGNMENT((#17173));
#17173 = SURFACE_STYLE_USAGE(.BOTH.,#17174);
#17174 = SURFACE_SIDE_STYLE('',(#17175));
#17175 = SURFACE_STYLE_FILL_AREA(#17176);
#17176 = FILL_AREA_STYLE('',(#17177));
#17177 = FILL_AREA_STYLE_COLOUR('',#15675);
#17178 = STYLED_ITEM('color',(#17179),#4372);
#17179 = PRESENTATION_STYLE_ASSIGNMENT((#17180));
#17180 = SURFACE_STYLE_USAGE(.BOTH.,#17181);
#17181 = SURFACE_SIDE_STYLE('',(#17182));
#17182 = SURFACE_STYLE_FILL_AREA(#17183);
#17183 = FILL_AREA_STYLE('',(#17184));
#17184 = FILL_AREA_STYLE_COLOUR('',#15675);
#17185 = STYLED_ITEM('color',(#17186),#4397);
#17186 = PRESENTATION_STYLE_ASSIGNMENT((#17187));
#17187 = SURFACE_STYLE_USAGE(.BOTH.,#17188);
#17188 = SURFACE_SIDE_STYLE('',(#17189));
#17189 = SURFACE_STYLE_FILL_AREA(#17190);
#17190 = FILL_AREA_STYLE('',(#17191));
#17191 = FILL_AREA_STYLE_COLOUR('',#15675);
#17192 = STYLED_ITEM('color',(#17193),#4422);
#17193 = PRESENTATION_STYLE_ASSIGNMENT((#17194));
#17194 = SURFACE_STYLE_USAGE(.BOTH.,#17195);
#17195 = SURFACE_SIDE_STYLE('',(#17196));
#17196 = SURFACE_STYLE_FILL_AREA(#17197);
#17197 = FILL_AREA_STYLE('',(#17198));
#17198 = FILL_AREA_STYLE_COLOUR('',#15675);
#17199 = STYLED_ITEM('color',(#17200),#4446);
#17200 = PRESENTATION_STYLE_ASSIGNMENT((#17201));
#17201 = SURFACE_STYLE_USAGE(.BOTH.,#17202);
#17202 = SURFACE_SIDE_STYLE('',(#17203));
#17203 = SURFACE_STYLE_FILL_AREA(#17204);
#17204 = FILL_AREA_STYLE('',(#17205));
#17205 = FILL_AREA_STYLE_COLOUR('',#15675);
#17206 = STYLED_ITEM('color',(#17207),#4470);
#17207 = PRESENTATION_STYLE_ASSIGNMENT((#17208));
#17208 = SURFACE_STYLE_USAGE(.BOTH.,#17209);
#17209 = SURFACE_SIDE_STYLE('',(#17210));
#17210 = SURFACE_STYLE_FILL_AREA(#17211);
#17211 = FILL_AREA_STYLE('',(#17212));
#17212 = FILL_AREA_STYLE_COLOUR('',#15675);
#17213 = STYLED_ITEM('color',(#17214),#4495);
#17214 = PRESENTATION_STYLE_ASSIGNMENT((#17215));
#17215 = SURFACE_STYLE_USAGE(.BOTH.,#17216);
#17216 = SURFACE_SIDE_STYLE('',(#17217));
#17217 = SURFACE_STYLE_FILL_AREA(#17218);
#17218 = FILL_AREA_STYLE('',(#17219));
#17219 = FILL_AREA_STYLE_COLOUR('',#15675);
#17220 = STYLED_ITEM('color',(#17221),#4520);
#17221 = PRESENTATION_STYLE_ASSIGNMENT((#17222));
#17222 = SURFACE_STYLE_USAGE(.BOTH.,#17223);
#17223 = SURFACE_SIDE_STYLE('',(#17224));
#17224 = SURFACE_STYLE_FILL_AREA(#17225);
#17225 = FILL_AREA_STYLE('',(#17226));
#17226 = FILL_AREA_STYLE_COLOUR('',#15675);
#17227 = STYLED_ITEM('color',(#17228),#4537);
#17228 = PRESENTATION_STYLE_ASSIGNMENT((#17229));
#17229 = SURFACE_STYLE_USAGE(.BOTH.,#17230);
#17230 = SURFACE_SIDE_STYLE('',(#17231));
#17231 = SURFACE_STYLE_FILL_AREA(#17232);
#17232 = FILL_AREA_STYLE('',(#17233));
#17233 = FILL_AREA_STYLE_COLOUR('',#15675);
#17234 = STYLED_ITEM('color',(#17235),#4623);
#17235 = PRESENTATION_STYLE_ASSIGNMENT((#17236));
#17236 = SURFACE_STYLE_USAGE(.BOTH.,#17237);
#17237 = SURFACE_SIDE_STYLE('',(#17238));
#17238 = SURFACE_STYLE_FILL_AREA(#17239);
#17239 = FILL_AREA_STYLE('',(#17240));
#17240 = FILL_AREA_STYLE_COLOUR('',#17241);
#17241 = COLOUR_RGB('',0.379000005575,0.270000008848,0.214999999939);
#17242 = STYLED_ITEM('color',(#17243),#4655);
#17243 = PRESENTATION_STYLE_ASSIGNMENT((#17244));
#17244 = SURFACE_STYLE_USAGE(.BOTH.,#17245);
#17245 = SURFACE_SIDE_STYLE('',(#17246));
#17246 = SURFACE_STYLE_FILL_AREA(#17247);
#17247 = FILL_AREA_STYLE('',(#17248));
#17248 = FILL_AREA_STYLE_COLOUR('',#17241);
#17249 = STYLED_ITEM('color',(#17250),#4679);
#17250 = PRESENTATION_STYLE_ASSIGNMENT((#17251));
#17251 = SURFACE_STYLE_USAGE(.BOTH.,#17252);
#17252 = SURFACE_SIDE_STYLE('',(#17253));
#17253 = SURFACE_STYLE_FILL_AREA(#17254);
#17254 = FILL_AREA_STYLE('',(#17255));
#17255 = FILL_AREA_STYLE_COLOUR('',#17241);
#17256 = STYLED_ITEM('color',(#17257),#4704);
#17257 = PRESENTATION_STYLE_ASSIGNMENT((#17258));
#17258 = SURFACE_STYLE_USAGE(.BOTH.,#17259);
#17259 = SURFACE_SIDE_STYLE('',(#17260));
#17260 = SURFACE_STYLE_FILL_AREA(#17261);
#17261 = FILL_AREA_STYLE('',(#17262));
#17262 = FILL_AREA_STYLE_COLOUR('',#17241);
#17263 = STYLED_ITEM('color',(#17264),#4728);
#17264 = PRESENTATION_STYLE_ASSIGNMENT((#17265));
#17265 = SURFACE_STYLE_USAGE(.BOTH.,#17266);
#17266 = SURFACE_SIDE_STYLE('',(#17267));
#17267 = SURFACE_STYLE_FILL_AREA(#17268);
#17268 = FILL_AREA_STYLE('',(#17269));
#17269 = FILL_AREA_STYLE_COLOUR('',#17241);
#17270 = STYLED_ITEM('color',(#17271),#4753);
#17271 = PRESENTATION_STYLE_ASSIGNMENT((#17272));
#17272 = SURFACE_STYLE_USAGE(.BOTH.,#17273);
#17273 = SURFACE_SIDE_STYLE('',(#17274));
#17274 = SURFACE_STYLE_FILL_AREA(#17275);
#17275 = FILL_AREA_STYLE('',(#17276));
#17276 = FILL_AREA_STYLE_COLOUR('',#17241);
#17277 = STYLED_ITEM('color',(#17278),#4777);
#17278 = PRESENTATION_STYLE_ASSIGNMENT((#17279));
#17279 = SURFACE_STYLE_USAGE(.BOTH.,#17280);
#17280 = SURFACE_SIDE_STYLE('',(#17281));
#17281 = SURFACE_STYLE_FILL_AREA(#17282);
#17282 = FILL_AREA_STYLE('',(#17283));
#17283 = FILL_AREA_STYLE_COLOUR('',#17241);
#17284 = STYLED_ITEM('color',(#17285),#4802);
#17285 = PRESENTATION_STYLE_ASSIGNMENT((#17286));
#17286 = SURFACE_STYLE_USAGE(.BOTH.,#17287);
#17287 = SURFACE_SIDE_STYLE('',(#17288));
#17288 = SURFACE_STYLE_FILL_AREA(#17289);
#17289 = FILL_AREA_STYLE('',(#17290));
#17290 = FILL_AREA_STYLE_COLOUR('',#17241);
#17291 = STYLED_ITEM('color',(#17292),#4819);
#17292 = PRESENTATION_STYLE_ASSIGNMENT((#17293));
#17293 = SURFACE_STYLE_USAGE(.BOTH.,#17294);
#17294 = SURFACE_SIDE_STYLE('',(#17295));
#17295 = SURFACE_STYLE_FILL_AREA(#17296);
#17296 = FILL_AREA_STYLE('',(#17297));
#17297 = FILL_AREA_STYLE_COLOUR('',#15675);
#17298 = STYLED_ITEM('color',(#17299),#4905);
#17299 = PRESENTATION_STYLE_ASSIGNMENT((#17300));
#17300 = SURFACE_STYLE_USAGE(.BOTH.,#17301);
#17301 = SURFACE_SIDE_STYLE('',(#17302));
#17302 = SURFACE_STYLE_FILL_AREA(#17303);
#17303 = FILL_AREA_STYLE('',(#17304));
#17304 = FILL_AREA_STYLE_COLOUR('',#15675);
#17305 = STYLED_ITEM('color',(#17306),#4936);
#17306 = PRESENTATION_STYLE_ASSIGNMENT((#17307));
#17307 = SURFACE_STYLE_USAGE(.BOTH.,#17308);
#17308 = SURFACE_SIDE_STYLE('',(#17309));
#17309 = SURFACE_STYLE_FILL_AREA(#17310);
#17310 = FILL_AREA_STYLE('',(#17311));
#17311 = FILL_AREA_STYLE_COLOUR('',#15675);
#17312 = STYLED_ITEM('color',(#17313),#4961);
#17313 = PRESENTATION_STYLE_ASSIGNMENT((#17314));
#17314 = SURFACE_STYLE_USAGE(.BOTH.,#17315);
#17315 = SURFACE_SIDE_STYLE('',(#17316));
#17316 = SURFACE_STYLE_FILL_AREA(#17317);
#17317 = FILL_AREA_STYLE('',(#17318));
#17318 = FILL_AREA_STYLE_COLOUR('',#15675);
#17319 = STYLED_ITEM('color',(#17320),#4986);
#17320 = PRESENTATION_STYLE_ASSIGNMENT((#17321));
#17321 = SURFACE_STYLE_USAGE(.BOTH.,#17322);
#17322 = SURFACE_SIDE_STYLE('',(#17323));
#17323 = SURFACE_STYLE_FILL_AREA(#17324);
#17324 = FILL_AREA_STYLE('',(#17325));
#17325 = FILL_AREA_STYLE_COLOUR('',#15675);
#17326 = STYLED_ITEM('color',(#17327),#5010);
#17327 = PRESENTATION_STYLE_ASSIGNMENT((#17328));
#17328 = SURFACE_STYLE_USAGE(.BOTH.,#17329);
#17329 = SURFACE_SIDE_STYLE('',(#17330));
#17330 = SURFACE_STYLE_FILL_AREA(#17331);
#17331 = FILL_AREA_STYLE('',(#17332));
#17332 = FILL_AREA_STYLE_COLOUR('',#15675);
#17333 = STYLED_ITEM('color',(#17334),#5034);
#17334 = PRESENTATION_STYLE_ASSIGNMENT((#17335));
#17335 = SURFACE_STYLE_USAGE(.BOTH.,#17336);
#17336 = SURFACE_SIDE_STYLE('',(#17337));
#17337 = SURFACE_STYLE_FILL_AREA(#17338);
#17338 = FILL_AREA_STYLE('',(#17339));
#17339 = FILL_AREA_STYLE_COLOUR('',#15675);
#17340 = STYLED_ITEM('color',(#17341),#5059);
#17341 = PRESENTATION_STYLE_ASSIGNMENT((#17342));
#17342 = SURFACE_STYLE_USAGE(.BOTH.,#17343);
#17343 = SURFACE_SIDE_STYLE('',(#17344));
#17344 = SURFACE_STYLE_FILL_AREA(#17345);
#17345 = FILL_AREA_STYLE('',(#17346));
#17346 = FILL_AREA_STYLE_COLOUR('',#15675);
#17347 = STYLED_ITEM('color',(#17348),#5084);
#17348 = PRESENTATION_STYLE_ASSIGNMENT((#17349));
#17349 = SURFACE_STYLE_USAGE(.BOTH.,#17350);
#17350 = SURFACE_SIDE_STYLE('',(#17351));
#17351 = SURFACE_STYLE_FILL_AREA(#17352);
#17352 = FILL_AREA_STYLE('',(#17353));
#17353 = FILL_AREA_STYLE_COLOUR('',#15675);
#17354 = STYLED_ITEM('color',(#17355),#5101);
#17355 = PRESENTATION_STYLE_ASSIGNMENT((#17356));
#17356 = SURFACE_STYLE_USAGE(.BOTH.,#17357);
#17357 = SURFACE_SIDE_STYLE('',(#17358));
#17358 = SURFACE_STYLE_FILL_AREA(#17359);
#17359 = FILL_AREA_STYLE('',(#17360));
#17360 = FILL_AREA_STYLE_COLOUR('',#15675);
#17361 = MECHANICAL_DESIGN_GEOMETRIC_PRESENTATION_REPRESENTATION('',(
    #17362,#17369,#17376,#17383,#17390,#17397,#17404,#17411,#17418,
    #17425,#17432,#17440,#17447,#17454,#17461,#17468,#17475,#17482,
    #17489,#17496,#17503,#17510,#17517,#17524,#17531,#17538,#17545,
    #17552),#2747);
#17362 = STYLED_ITEM('color',(#17363),#1895);
#17363 = PRESENTATION_STYLE_ASSIGNMENT((#17364));
#17364 = SURFACE_STYLE_USAGE(.BOTH.,#17365);
#17365 = SURFACE_SIDE_STYLE('',(#17366));
#17366 = SURFACE_STYLE_FILL_AREA(#17367);
#17367 = FILL_AREA_STYLE('',(#17368));
#17368 = FILL_AREA_STYLE_COLOUR('',#15675);
#17369 = STYLED_ITEM('color',(#17370),#1971);
#17370 = PRESENTATION_STYLE_ASSIGNMENT((#17371));
#17371 = SURFACE_STYLE_USAGE(.BOTH.,#17372);
#17372 = SURFACE_SIDE_STYLE('',(#17373));
#17373 = SURFACE_STYLE_FILL_AREA(#17374);
#17374 = FILL_AREA_STYLE('',(#17375));
#17375 = FILL_AREA_STYLE_COLOUR('',#15675);
#17376 = STYLED_ITEM('color',(#17377),#2002);
#17377 = PRESENTATION_STYLE_ASSIGNMENT((#17378));
#17378 = SURFACE_STYLE_USAGE(.BOTH.,#17379);
#17379 = SURFACE_SIDE_STYLE('',(#17380));
#17380 = SURFACE_STYLE_FILL_AREA(#17381);
#17381 = FILL_AREA_STYLE('',(#17382));
#17382 = FILL_AREA_STYLE_COLOUR('',#15675);
#17383 = STYLED_ITEM('color',(#17384),#2027);
#17384 = PRESENTATION_STYLE_ASSIGNMENT((#17385));
#17385 = SURFACE_STYLE_USAGE(.BOTH.,#17386);
#17386 = SURFACE_SIDE_STYLE('',(#17387));
#17387 = SURFACE_STYLE_FILL_AREA(#17388);
#17388 = FILL_AREA_STYLE('',(#17389));
#17389 = FILL_AREA_STYLE_COLOUR('',#15675);
#17390 = STYLED_ITEM('color',(#17391),#2052);
#17391 = PRESENTATION_STYLE_ASSIGNMENT((#17392));
#17392 = SURFACE_STYLE_USAGE(.BOTH.,#17393);
#17393 = SURFACE_SIDE_STYLE('',(#17394));
#17394 = SURFACE_STYLE_FILL_AREA(#17395);
#17395 = FILL_AREA_STYLE('',(#17396));
#17396 = FILL_AREA_STYLE_COLOUR('',#15675);
#17397 = STYLED_ITEM('color',(#17398),#2076);
#17398 = PRESENTATION_STYLE_ASSIGNMENT((#17399));
#17399 = SURFACE_STYLE_USAGE(.BOTH.,#17400);
#17400 = SURFACE_SIDE_STYLE('',(#17401));
#17401 = SURFACE_STYLE_FILL_AREA(#17402);
#17402 = FILL_AREA_STYLE('',(#17403));
#17403 = FILL_AREA_STYLE_COLOUR('',#15675);
#17404 = STYLED_ITEM('color',(#17405),#2100);
#17405 = PRESENTATION_STYLE_ASSIGNMENT((#17406));
#17406 = SURFACE_STYLE_USAGE(.BOTH.,#17407);
#17407 = SURFACE_SIDE_STYLE('',(#17408));
#17408 = SURFACE_STYLE_FILL_AREA(#17409);
#17409 = FILL_AREA_STYLE('',(#17410));
#17410 = FILL_AREA_STYLE_COLOUR('',#15675);
#17411 = STYLED_ITEM('color',(#17412),#2125);
#17412 = PRESENTATION_STYLE_ASSIGNMENT((#17413));
#17413 = SURFACE_STYLE_USAGE(.BOTH.,#17414);
#17414 = SURFACE_SIDE_STYLE('',(#17415));
#17415 = SURFACE_STYLE_FILL_AREA(#17416);
#17416 = FILL_AREA_STYLE('',(#17417));
#17417 = FILL_AREA_STYLE_COLOUR('',#15675);
#17418 = STYLED_ITEM('color',(#17419),#2150);
#17419 = PRESENTATION_STYLE_ASSIGNMENT((#17420));
#17420 = SURFACE_STYLE_USAGE(.BOTH.,#17421);
#17421 = SURFACE_SIDE_STYLE('',(#17422));
#17422 = SURFACE_STYLE_FILL_AREA(#17423);
#17423 = FILL_AREA_STYLE('',(#17424));
#17424 = FILL_AREA_STYLE_COLOUR('',#15675);
#17425 = STYLED_ITEM('color',(#17426),#2167);
#17426 = PRESENTATION_STYLE_ASSIGNMENT((#17427));
#17427 = SURFACE_STYLE_USAGE(.BOTH.,#17428);
#17428 = SURFACE_SIDE_STYLE('',(#17429));
#17429 = SURFACE_STYLE_FILL_AREA(#17430);
#17430 = FILL_AREA_STYLE('',(#17431));
#17431 = FILL_AREA_STYLE_COLOUR('',#15675);
#17432 = STYLED_ITEM('color',(#17433),#2253);
#17433 = PRESENTATION_STYLE_ASSIGNMENT((#17434));
#17434 = SURFACE_STYLE_USAGE(.BOTH.,#17435);
#17435 = SURFACE_SIDE_STYLE('',(#17436));
#17436 = SURFACE_STYLE_FILL_AREA(#17437);
#17437 = FILL_AREA_STYLE('',(#17438));
#17438 = FILL_AREA_STYLE_COLOUR('',#17439);
#17439 = COLOUR_RGB('',0.272999999305,0.272999999305,0.272999999305);
#17440 = STYLED_ITEM('color',(#17441),#2285);
#17441 = PRESENTATION_STYLE_ASSIGNMENT((#17442));
#17442 = SURFACE_STYLE_USAGE(.BOTH.,#17443);
#17443 = SURFACE_SIDE_STYLE('',(#17444));
#17444 = SURFACE_STYLE_FILL_AREA(#17445);
#17445 = FILL_AREA_STYLE('',(#17446));
#17446 = FILL_AREA_STYLE_COLOUR('',#17439);
#17447 = STYLED_ITEM('color',(#17448),#2309);
#17448 = PRESENTATION_STYLE_ASSIGNMENT((#17449));
#17449 = SURFACE_STYLE_USAGE(.BOTH.,#17450);
#17450 = SURFACE_SIDE_STYLE('',(#17451));
#17451 = SURFACE_STYLE_FILL_AREA(#17452);
#17452 = FILL_AREA_STYLE('',(#17453));
#17453 = FILL_AREA_STYLE_COLOUR('',#17439);
#17454 = STYLED_ITEM('color',(#17455),#2334);
#17455 = PRESENTATION_STYLE_ASSIGNMENT((#17456));
#17456 = SURFACE_STYLE_USAGE(.BOTH.,#17457);
#17457 = SURFACE_SIDE_STYLE('',(#17458));
#17458 = SURFACE_STYLE_FILL_AREA(#17459);
#17459 = FILL_AREA_STYLE('',(#17460));
#17460 = FILL_AREA_STYLE_COLOUR('',#17439);
#17461 = STYLED_ITEM('color',(#17462),#2358);
#17462 = PRESENTATION_STYLE_ASSIGNMENT((#17463));
#17463 = SURFACE_STYLE_USAGE(.BOTH.,#17464);
#17464 = SURFACE_SIDE_STYLE('',(#17465));
#17465 = SURFACE_STYLE_FILL_AREA(#17466);
#17466 = FILL_AREA_STYLE('',(#17467));
#17467 = FILL_AREA_STYLE_COLOUR('',#17439);
#17468 = STYLED_ITEM('color',(#17469),#2383);
#17469 = PRESENTATION_STYLE_ASSIGNMENT((#17470));
#17470 = SURFACE_STYLE_USAGE(.BOTH.,#17471);
#17471 = SURFACE_SIDE_STYLE('',(#17472));
#17472 = SURFACE_STYLE_FILL_AREA(#17473);
#17473 = FILL_AREA_STYLE('',(#17474));
#17474 = FILL_AREA_STYLE_COLOUR('',#17439);
#17475 = STYLED_ITEM('color',(#17476),#2407);
#17476 = PRESENTATION_STYLE_ASSIGNMENT((#17477));
#17477 = SURFACE_STYLE_USAGE(.BOTH.,#17478);
#17478 = SURFACE_SIDE_STYLE('',(#17479));
#17479 = SURFACE_STYLE_FILL_AREA(#17480);
#17480 = FILL_AREA_STYLE('',(#17481));
#17481 = FILL_AREA_STYLE_COLOUR('',#17439);
#17482 = STYLED_ITEM('color',(#17483),#2432);
#17483 = PRESENTATION_STYLE_ASSIGNMENT((#17484));
#17484 = SURFACE_STYLE_USAGE(.BOTH.,#17485);
#17485 = SURFACE_SIDE_STYLE('',(#17486));
#17486 = SURFACE_STYLE_FILL_AREA(#17487);
#17487 = FILL_AREA_STYLE('',(#17488));
#17488 = FILL_AREA_STYLE_COLOUR('',#17439);
#17489 = STYLED_ITEM('color',(#17490),#2449);
#17490 = PRESENTATION_STYLE_ASSIGNMENT((#17491));
#17491 = SURFACE_STYLE_USAGE(.BOTH.,#17492);
#17492 = SURFACE_SIDE_STYLE('',(#17493));
#17493 = SURFACE_STYLE_FILL_AREA(#17494);
#17494 = FILL_AREA_STYLE('',(#17495));
#17495 = FILL_AREA_STYLE_COLOUR('',#15675);
#17496 = STYLED_ITEM('color',(#17497),#2535);
#17497 = PRESENTATION_STYLE_ASSIGNMENT((#17498));
#17498 = SURFACE_STYLE_USAGE(.BOTH.,#17499);
#17499 = SURFACE_SIDE_STYLE('',(#17500));
#17500 = SURFACE_STYLE_FILL_AREA(#17501);
#17501 = FILL_AREA_STYLE('',(#17502));
#17502 = FILL_AREA_STYLE_COLOUR('',#15675);
#17503 = STYLED_ITEM('color',(#17504),#2566);
#17504 = PRESENTATION_STYLE_ASSIGNMENT((#17505));
#17505 = SURFACE_STYLE_USAGE(.BOTH.,#17506);
#17506 = SURFACE_SIDE_STYLE('',(#17507));
#17507 = SURFACE_STYLE_FILL_AREA(#17508);
#17508 = FILL_AREA_STYLE('',(#17509));
#17509 = FILL_AREA_STYLE_COLOUR('',#15675);
#17510 = STYLED_ITEM('color',(#17511),#2591);
#17511 = PRESENTATION_STYLE_ASSIGNMENT((#17512));
#17512 = SURFACE_STYLE_USAGE(.BOTH.,#17513);
#17513 = SURFACE_SIDE_STYLE('',(#17514));
#17514 = SURFACE_STYLE_FILL_AREA(#17515);
#17515 = FILL_AREA_STYLE('',(#17516));
#17516 = FILL_AREA_STYLE_COLOUR('',#15675);
#17517 = STYLED_ITEM('color',(#17518),#2616);
#17518 = PRESENTATION_STYLE_ASSIGNMENT((#17519));
#17519 = SURFACE_STYLE_USAGE(.BOTH.,#17520);
#17520 = SURFACE_SIDE_STYLE('',(#17521));
#17521 = SURFACE_STYLE_FILL_AREA(#17522);
#17522 = FILL_AREA_STYLE('',(#17523));
#17523 = FILL_AREA_STYLE_COLOUR('',#15675);
#17524 = STYLED_ITEM('color',(#17525),#2640);
#17525 = PRESENTATION_STYLE_ASSIGNMENT((#17526));
#17526 = SURFACE_STYLE_USAGE(.BOTH.,#17527);
#17527 = SURFACE_SIDE_STYLE('',(#17528));
#17528 = SURFACE_STYLE_FILL_AREA(#17529);
#17529 = FILL_AREA_STYLE('',(#17530));
#17530 = FILL_AREA_STYLE_COLOUR('',#15675);
#17531 = STYLED_ITEM('color',(#17532),#2664);
#17532 = PRESENTATION_STYLE_ASSIGNMENT((#17533));
#17533 = SURFACE_STYLE_USAGE(.BOTH.,#17534);
#17534 = SURFACE_SIDE_STYLE('',(#17535));
#17535 = SURFACE_STYLE_FILL_AREA(#17536);
#17536 = FILL_AREA_STYLE('',(#17537));
#17537 = FILL_AREA_STYLE_COLOUR('',#15675);
#17538 = STYLED_ITEM('color',(#17539),#2689);
#17539 = PRESENTATION_STYLE_ASSIGNMENT((#17540));
#17540 = SURFACE_STYLE_USAGE(.BOTH.,#17541);
#17541 = SURFACE_SIDE_STYLE('',(#17542));
#17542 = SURFACE_STYLE_FILL_AREA(#17543);
#17543 = FILL_AREA_STYLE('',(#17544));
#17544 = FILL_AREA_STYLE_COLOUR('',#15675);
#17545 = STYLED_ITEM('color',(#17546),#2714);
#17546 = PRESENTATION_STYLE_ASSIGNMENT((#17547));
#17547 = SURFACE_STYLE_USAGE(.BOTH.,#17548);
#17548 = SURFACE_SIDE_STYLE('',(#17549));
#17549 = SURFACE_STYLE_FILL_AREA(#17550);
#17550 = FILL_AREA_STYLE('',(#17551));
#17551 = FILL_AREA_STYLE_COLOUR('',#15675);
#17552 = STYLED_ITEM('color',(#17553),#2731);
#17553 = PRESENTATION_STYLE_ASSIGNMENT((#17554));
#17554 = SURFACE_STYLE_USAGE(.BOTH.,#17555);
#17555 = SURFACE_SIDE_STYLE('',(#17556));
#17556 = SURFACE_STYLE_FILL_AREA(#17557);
#17557 = FILL_AREA_STYLE('',(#17558));
#17558 = FILL_AREA_STYLE_COLOUR('',#15675);
#17559 = MECHANICAL_DESIGN_GEOMETRIC_PRESENTATION_REPRESENTATION('',(
    #17560,#17567,#17574,#17581,#17588,#17595,#17602,#17609,#17617,
    #17624,#17631,#17638,#17645,#17652,#17660,#17667,#17674,#17681,
    #17688,#17695,#17702,#17709,#17716,#17723,#17730,#17737),#950);
#17560 = STYLED_ITEM('color',(#17561),#162);
#17561 = PRESENTATION_STYLE_ASSIGNMENT((#17562));
#17562 = SURFACE_STYLE_USAGE(.BOTH.,#17563);
#17563 = SURFACE_SIDE_STYLE('',(#17564));
#17564 = SURFACE_STYLE_FILL_AREA(#17565);
#17565 = FILL_AREA_STYLE('',(#17566));
#17566 = FILL_AREA_STYLE_COLOUR('',#15675);
#17567 = STYLED_ITEM('color',(#17568),#202);
#17568 = PRESENTATION_STYLE_ASSIGNMENT((#17569));
#17569 = SURFACE_STYLE_USAGE(.BOTH.,#17570);
#17570 = SURFACE_SIDE_STYLE('',(#17571));
#17571 = SURFACE_STYLE_FILL_AREA(#17572);
#17572 = FILL_AREA_STYLE('',(#17573));
#17573 = FILL_AREA_STYLE_COLOUR('',#15675);
#17574 = STYLED_ITEM('color',(#17575),#285);
#17575 = PRESENTATION_STYLE_ASSIGNMENT((#17576));
#17576 = SURFACE_STYLE_USAGE(.BOTH.,#17577);
#17577 = SURFACE_SIDE_STYLE('',(#17578));
#17578 = SURFACE_STYLE_FILL_AREA(#17579);
#17579 = FILL_AREA_STYLE('',(#17580));
#17580 = FILL_AREA_STYLE_COLOUR('',#15675);
#17581 = STYLED_ITEM('color',(#17582),#310);
#17582 = PRESENTATION_STYLE_ASSIGNMENT((#17583));
#17583 = SURFACE_STYLE_USAGE(.BOTH.,#17584);
#17584 = SURFACE_SIDE_STYLE('',(#17585));
#17585 = SURFACE_STYLE_FILL_AREA(#17586);
#17586 = FILL_AREA_STYLE('',(#17587));
#17587 = FILL_AREA_STYLE_COLOUR('',#15675);
#17588 = STYLED_ITEM('color',(#17589),#335);
#17589 = PRESENTATION_STYLE_ASSIGNMENT((#17590));
#17590 = SURFACE_STYLE_USAGE(.BOTH.,#17591);
#17591 = SURFACE_SIDE_STYLE('',(#17592));
#17592 = SURFACE_STYLE_FILL_AREA(#17593);
#17593 = FILL_AREA_STYLE('',(#17594));
#17594 = FILL_AREA_STYLE_COLOUR('',#15675);
#17595 = STYLED_ITEM('color',(#17596),#402);
#17596 = PRESENTATION_STYLE_ASSIGNMENT((#17597));
#17597 = SURFACE_STYLE_USAGE(.BOTH.,#17598);
#17598 = SURFACE_SIDE_STYLE('',(#17599));
#17599 = SURFACE_STYLE_FILL_AREA(#17600);
#17600 = FILL_AREA_STYLE('',(#17601));
#17601 = FILL_AREA_STYLE_COLOUR('',#15675);
#17602 = STYLED_ITEM('color',(#17603),#419);
#17603 = PRESENTATION_STYLE_ASSIGNMENT((#17604));
#17604 = SURFACE_STYLE_USAGE(.BOTH.,#17605);
#17605 = SURFACE_SIDE_STYLE('',(#17606));
#17606 = SURFACE_STYLE_FILL_AREA(#17607);
#17607 = FILL_AREA_STYLE('',(#17608));
#17608 = FILL_AREA_STYLE_COLOUR('',#15675);
#17609 = STYLED_ITEM('color',(#17610),#436);
#17610 = PRESENTATION_STYLE_ASSIGNMENT((#17611));
#17611 = SURFACE_STYLE_USAGE(.BOTH.,#17612);
#17612 = SURFACE_SIDE_STYLE('',(#17613));
#17613 = SURFACE_STYLE_FILL_AREA(#17614);
#17614 = FILL_AREA_STYLE('',(#17615));
#17615 = FILL_AREA_STYLE_COLOUR('',#17616);
#17616 = COLOUR_RGB('',0.894999966383,0.890999961016,0.813000030345);
#17617 = STYLED_ITEM('color',(#17618),#485);
#17618 = PRESENTATION_STYLE_ASSIGNMENT((#17619));
#17619 = SURFACE_STYLE_USAGE(.BOTH.,#17620);
#17620 = SURFACE_SIDE_STYLE('',(#17621));
#17621 = SURFACE_STYLE_FILL_AREA(#17622);
#17622 = FILL_AREA_STYLE('',(#17623));
#17623 = FILL_AREA_STYLE_COLOUR('',#15675);
#17624 = STYLED_ITEM('color',(#17625),#502);
#17625 = PRESENTATION_STYLE_ASSIGNMENT((#17626));
#17626 = SURFACE_STYLE_USAGE(.BOTH.,#17627);
#17627 = SURFACE_SIDE_STYLE('',(#17628));
#17628 = SURFACE_STYLE_FILL_AREA(#17629);
#17629 = FILL_AREA_STYLE('',(#17630));
#17630 = FILL_AREA_STYLE_COLOUR('',#15675);
#17631 = STYLED_ITEM('color',(#17632),#519);
#17632 = PRESENTATION_STYLE_ASSIGNMENT((#17633));
#17633 = SURFACE_STYLE_USAGE(.BOTH.,#17634);
#17634 = SURFACE_SIDE_STYLE('',(#17635));
#17635 = SURFACE_STYLE_FILL_AREA(#17636);
#17636 = FILL_AREA_STYLE('',(#17637));
#17637 = FILL_AREA_STYLE_COLOUR('',#17616);
#17638 = STYLED_ITEM('color',(#17639),#568);
#17639 = PRESENTATION_STYLE_ASSIGNMENT((#17640));
#17640 = SURFACE_STYLE_USAGE(.BOTH.,#17641);
#17641 = SURFACE_SIDE_STYLE('',(#17642));
#17642 = SURFACE_STYLE_FILL_AREA(#17643);
#17643 = FILL_AREA_STYLE('',(#17644));
#17644 = FILL_AREA_STYLE_COLOUR('',#17616);
#17645 = STYLED_ITEM('color',(#17646),#585);
#17646 = PRESENTATION_STYLE_ASSIGNMENT((#17647));
#17647 = SURFACE_STYLE_USAGE(.BOTH.,#17648);
#17648 = SURFACE_SIDE_STYLE('',(#17649));
#17649 = SURFACE_STYLE_FILL_AREA(#17650);
#17650 = FILL_AREA_STYLE('',(#17651));
#17651 = FILL_AREA_STYLE_COLOUR('',#15675);
#17652 = STYLED_ITEM('color',(#17653),#654);
#17653 = PRESENTATION_STYLE_ASSIGNMENT((#17654));
#17654 = SURFACE_STYLE_USAGE(.BOTH.,#17655);
#17655 = SURFACE_SIDE_STYLE('',(#17656));
#17656 = SURFACE_STYLE_FILL_AREA(#17657);
#17657 = FILL_AREA_STYLE('',(#17658));
#17658 = FILL_AREA_STYLE_COLOUR('',#17659);
#17659 = COLOUR_RGB('',8.200000279077E-02,8.600000121357E-02,
  9.399999706163E-02);
#17660 = STYLED_ITEM('color',(#17661),#685);
#17661 = PRESENTATION_STYLE_ASSIGNMENT((#17662));
#17662 = SURFACE_STYLE_USAGE(.BOTH.,#17663);
#17663 = SURFACE_SIDE_STYLE('',(#17664));
#17664 = SURFACE_STYLE_FILL_AREA(#17665);
#17665 = FILL_AREA_STYLE('',(#17666));
#17666 = FILL_AREA_STYLE_COLOUR('',#17659);
#17667 = STYLED_ITEM('color',(#17668),#709);
#17668 = PRESENTATION_STYLE_ASSIGNMENT((#17669));
#17669 = SURFACE_STYLE_USAGE(.BOTH.,#17670);
#17670 = SURFACE_SIDE_STYLE('',(#17671));
#17671 = SURFACE_STYLE_FILL_AREA(#17672);
#17672 = FILL_AREA_STYLE('',(#17673));
#17673 = FILL_AREA_STYLE_COLOUR('',#15675);
#17674 = STYLED_ITEM('color',(#17675),#778);
#17675 = PRESENTATION_STYLE_ASSIGNMENT((#17676));
#17676 = SURFACE_STYLE_USAGE(.BOTH.,#17677);
#17677 = SURFACE_SIDE_STYLE('',(#17678));
#17678 = SURFACE_STYLE_FILL_AREA(#17679);
#17679 = FILL_AREA_STYLE('',(#17680));
#17680 = FILL_AREA_STYLE_COLOUR('',#17659);
#17681 = STYLED_ITEM('color',(#17682),#802);
#17682 = PRESENTATION_STYLE_ASSIGNMENT((#17683));
#17683 = SURFACE_STYLE_USAGE(.BOTH.,#17684);
#17684 = SURFACE_SIDE_STYLE('',(#17685));
#17685 = SURFACE_STYLE_FILL_AREA(#17686);
#17686 = FILL_AREA_STYLE('',(#17687));
#17687 = FILL_AREA_STYLE_COLOUR('',#15675);
#17688 = STYLED_ITEM('color',(#17689),#819);
#17689 = PRESENTATION_STYLE_ASSIGNMENT((#17690));
#17690 = SURFACE_STYLE_USAGE(.BOTH.,#17691);
#17691 = SURFACE_SIDE_STYLE('',(#17692));
#17692 = SURFACE_STYLE_FILL_AREA(#17693);
#17693 = FILL_AREA_STYLE('',(#17694));
#17694 = FILL_AREA_STYLE_COLOUR('',#15675);
#17695 = STYLED_ITEM('color',(#17696),#836);
#17696 = PRESENTATION_STYLE_ASSIGNMENT((#17697));
#17697 = SURFACE_STYLE_USAGE(.BOTH.,#17698);
#17698 = SURFACE_SIDE_STYLE('',(#17699));
#17699 = SURFACE_STYLE_FILL_AREA(#17700);
#17700 = FILL_AREA_STYLE('',(#17701));
#17701 = FILL_AREA_STYLE_COLOUR('',#15675);
#17702 = STYLED_ITEM('color',(#17703),#853);
#17703 = PRESENTATION_STYLE_ASSIGNMENT((#17704));
#17704 = SURFACE_STYLE_USAGE(.BOTH.,#17705);
#17705 = SURFACE_SIDE_STYLE('',(#17706));
#17706 = SURFACE_STYLE_FILL_AREA(#17707);
#17707 = FILL_AREA_STYLE('',(#17708));
#17708 = FILL_AREA_STYLE_COLOUR('',#15675);
#17709 = STYLED_ITEM('color',(#17710),#870);
#17710 = PRESENTATION_STYLE_ASSIGNMENT((#17711));
#17711 = SURFACE_STYLE_USAGE(.BOTH.,#17712);
#17712 = SURFACE_SIDE_STYLE('',(#17713));
#17713 = SURFACE_STYLE_FILL_AREA(#17714);
#17714 = FILL_AREA_STYLE('',(#17715));
#17715 = FILL_AREA_STYLE_COLOUR('',#15675);
#17716 = STYLED_ITEM('color',(#17717),#887);
#17717 = PRESENTATION_STYLE_ASSIGNMENT((#17718));
#17718 = SURFACE_STYLE_USAGE(.BOTH.,#17719);
#17719 = SURFACE_SIDE_STYLE('',(#17720));
#17720 = SURFACE_STYLE_FILL_AREA(#17721);
#17721 = FILL_AREA_STYLE('',(#17722));
#17722 = FILL_AREA_STYLE_COLOUR('',#15675);
#17723 = STYLED_ITEM('color',(#17724),#904);
#17724 = PRESENTATION_STYLE_ASSIGNMENT((#17725));
#17725 = SURFACE_STYLE_USAGE(.BOTH.,#17726);
#17726 = SURFACE_SIDE_STYLE('',(#17727));
#17727 = SURFACE_STYLE_FILL_AREA(#17728);
#17728 = FILL_AREA_STYLE('',(#17729));
#17729 = FILL_AREA_STYLE_COLOUR('',#15675);
#17730 = STYLED_ITEM('color',(#17731),#921);
#17731 = PRESENTATION_STYLE_ASSIGNMENT((#17732));
#17732 = SURFACE_STYLE_USAGE(.BOTH.,#17733);
#17733 = SURFACE_SIDE_STYLE('',(#17734));
#17734 = SURFACE_STYLE_FILL_AREA(#17735);
#17735 = FILL_AREA_STYLE('',(#17736));
#17736 = FILL_AREA_STYLE_COLOUR('',#17659);
#17737 = STYLED_ITEM('color',(#17738),#938);
#17738 = PRESENTATION_STYLE_ASSIGNMENT((#17739));
#17739 = SURFACE_STYLE_USAGE(.BOTH.,#17740);
#17740 = SURFACE_SIDE_STYLE('',(#17741));
#17741 = SURFACE_STYLE_FILL_AREA(#17742);
#17742 = FILL_AREA_STYLE('',(#17743));
#17743 = FILL_AREA_STYLE_COLOUR('',#17659);
#17744 = MECHANICAL_DESIGN_GEOMETRIC_PRESENTATION_REPRESENTATION('',(
    #17745,#17752,#17759,#17766,#17773,#17780,#17787,#17794,#17801,
    #17808,#17815,#17822,#17829,#17836,#17843,#17850,#17857,#17864,
    #17871,#17878,#17885,#17892,#17899,#17906,#17913,#17920,#17927,
    #17934),#1846);
#17745 = STYLED_ITEM('color',(#17746),#994);
#17746 = PRESENTATION_STYLE_ASSIGNMENT((#17747));
#17747 = SURFACE_STYLE_USAGE(.BOTH.,#17748);
#17748 = SURFACE_SIDE_STYLE('',(#17749));
#17749 = SURFACE_STYLE_FILL_AREA(#17750);
#17750 = FILL_AREA_STYLE('',(#17751));
#17751 = FILL_AREA_STYLE_COLOUR('',#15675);
#17752 = STYLED_ITEM('color',(#17753),#1070);
#17753 = PRESENTATION_STYLE_ASSIGNMENT((#17754));
#17754 = SURFACE_STYLE_USAGE(.BOTH.,#17755);
#17755 = SURFACE_SIDE_STYLE('',(#17756));
#17756 = SURFACE_STYLE_FILL_AREA(#17757);
#17757 = FILL_AREA_STYLE('',(#17758));
#17758 = FILL_AREA_STYLE_COLOUR('',#15675);
#17759 = STYLED_ITEM('color',(#17760),#1101);
#17760 = PRESENTATION_STYLE_ASSIGNMENT((#17761));
#17761 = SURFACE_STYLE_USAGE(.BOTH.,#17762);
#17762 = SURFACE_SIDE_STYLE('',(#17763));
#17763 = SURFACE_STYLE_FILL_AREA(#17764);
#17764 = FILL_AREA_STYLE('',(#17765));
#17765 = FILL_AREA_STYLE_COLOUR('',#15675);
#17766 = STYLED_ITEM('color',(#17767),#1126);
#17767 = PRESENTATION_STYLE_ASSIGNMENT((#17768));
#17768 = SURFACE_STYLE_USAGE(.BOTH.,#17769);
#17769 = SURFACE_SIDE_STYLE('',(#17770));
#17770 = SURFACE_STYLE_FILL_AREA(#17771);
#17771 = FILL_AREA_STYLE('',(#17772));
#17772 = FILL_AREA_STYLE_COLOUR('',#15675);
#17773 = STYLED_ITEM('color',(#17774),#1151);
#17774 = PRESENTATION_STYLE_ASSIGNMENT((#17775));
#17775 = SURFACE_STYLE_USAGE(.BOTH.,#17776);
#17776 = SURFACE_SIDE_STYLE('',(#17777));
#17777 = SURFACE_STYLE_FILL_AREA(#17778);
#17778 = FILL_AREA_STYLE('',(#17779));
#17779 = FILL_AREA_STYLE_COLOUR('',#15675);
#17780 = STYLED_ITEM('color',(#17781),#1175);
#17781 = PRESENTATION_STYLE_ASSIGNMENT((#17782));
#17782 = SURFACE_STYLE_USAGE(.BOTH.,#17783);
#17783 = SURFACE_SIDE_STYLE('',(#17784));
#17784 = SURFACE_STYLE_FILL_AREA(#17785);
#17785 = FILL_AREA_STYLE('',(#17786));
#17786 = FILL_AREA_STYLE_COLOUR('',#15675);
#17787 = STYLED_ITEM('color',(#17788),#1199);
#17788 = PRESENTATION_STYLE_ASSIGNMENT((#17789));
#17789 = SURFACE_STYLE_USAGE(.BOTH.,#17790);
#17790 = SURFACE_SIDE_STYLE('',(#17791));
#17791 = SURFACE_STYLE_FILL_AREA(#17792);
#17792 = FILL_AREA_STYLE('',(#17793));
#17793 = FILL_AREA_STYLE_COLOUR('',#15675);
#17794 = STYLED_ITEM('color',(#17795),#1224);
#17795 = PRESENTATION_STYLE_ASSIGNMENT((#17796));
#17796 = SURFACE_STYLE_USAGE(.BOTH.,#17797);
#17797 = SURFACE_SIDE_STYLE('',(#17798));
#17798 = SURFACE_STYLE_FILL_AREA(#17799);
#17799 = FILL_AREA_STYLE('',(#17800));
#17800 = FILL_AREA_STYLE_COLOUR('',#15675);
#17801 = STYLED_ITEM('color',(#17802),#1249);
#17802 = PRESENTATION_STYLE_ASSIGNMENT((#17803));
#17803 = SURFACE_STYLE_USAGE(.BOTH.,#17804);
#17804 = SURFACE_SIDE_STYLE('',(#17805));
#17805 = SURFACE_STYLE_FILL_AREA(#17806);
#17806 = FILL_AREA_STYLE('',(#17807));
#17807 = FILL_AREA_STYLE_COLOUR('',#15675);
#17808 = STYLED_ITEM('color',(#17809),#1266);
#17809 = PRESENTATION_STYLE_ASSIGNMENT((#17810));
#17810 = SURFACE_STYLE_USAGE(.BOTH.,#17811);
#17811 = SURFACE_SIDE_STYLE('',(#17812));
#17812 = SURFACE_STYLE_FILL_AREA(#17813);
#17813 = FILL_AREA_STYLE('',(#17814));
#17814 = FILL_AREA_STYLE_COLOUR('',#15675);
#17815 = STYLED_ITEM('color',(#17816),#1352);
#17816 = PRESENTATION_STYLE_ASSIGNMENT((#17817));
#17817 = SURFACE_STYLE_USAGE(.BOTH.,#17818);
#17818 = SURFACE_SIDE_STYLE('',(#17819));
#17819 = SURFACE_STYLE_FILL_AREA(#17820);
#17820 = FILL_AREA_STYLE('',(#17821));
#17821 = FILL_AREA_STYLE_COLOUR('',#17241);
#17822 = STYLED_ITEM('color',(#17823),#1384);
#17823 = PRESENTATION_STYLE_ASSIGNMENT((#17824));
#17824 = SURFACE_STYLE_USAGE(.BOTH.,#17825);
#17825 = SURFACE_SIDE_STYLE('',(#17826));
#17826 = SURFACE_STYLE_FILL_AREA(#17827);
#17827 = FILL_AREA_STYLE('',(#17828));
#17828 = FILL_AREA_STYLE_COLOUR('',#17241);
#17829 = STYLED_ITEM('color',(#17830),#1408);
#17830 = PRESENTATION_STYLE_ASSIGNMENT((#17831));
#17831 = SURFACE_STYLE_USAGE(.BOTH.,#17832);
#17832 = SURFACE_SIDE_STYLE('',(#17833));
#17833 = SURFACE_STYLE_FILL_AREA(#17834);
#17834 = FILL_AREA_STYLE('',(#17835));
#17835 = FILL_AREA_STYLE_COLOUR('',#17241);
#17836 = STYLED_ITEM('color',(#17837),#1433);
#17837 = PRESENTATION_STYLE_ASSIGNMENT((#17838));
#17838 = SURFACE_STYLE_USAGE(.BOTH.,#17839);
#17839 = SURFACE_SIDE_STYLE('',(#17840));
#17840 = SURFACE_STYLE_FILL_AREA(#17841);
#17841 = FILL_AREA_STYLE('',(#17842));
#17842 = FILL_AREA_STYLE_COLOUR('',#17241);
#17843 = STYLED_ITEM('color',(#17844),#1457);
#17844 = PRESENTATION_STYLE_ASSIGNMENT((#17845));
#17845 = SURFACE_STYLE_USAGE(.BOTH.,#17846);
#17846 = SURFACE_SIDE_STYLE('',(#17847));
#17847 = SURFACE_STYLE_FILL_AREA(#17848);
#17848 = FILL_AREA_STYLE('',(#17849));
#17849 = FILL_AREA_STYLE_COLOUR('',#17241);
#17850 = STYLED_ITEM('color',(#17851),#1482);
#17851 = PRESENTATION_STYLE_ASSIGNMENT((#17852));
#17852 = SURFACE_STYLE_USAGE(.BOTH.,#17853);
#17853 = SURFACE_SIDE_STYLE('',(#17854));
#17854 = SURFACE_STYLE_FILL_AREA(#17855);
#17855 = FILL_AREA_STYLE('',(#17856));
#17856 = FILL_AREA_STYLE_COLOUR('',#17241);
#17857 = STYLED_ITEM('color',(#17858),#1506);
#17858 = PRESENTATION_STYLE_ASSIGNMENT((#17859));
#17859 = SURFACE_STYLE_USAGE(.BOTH.,#17860);
#17860 = SURFACE_SIDE_STYLE('',(#17861));
#17861 = SURFACE_STYLE_FILL_AREA(#17862);
#17862 = FILL_AREA_STYLE('',(#17863));
#17863 = FILL_AREA_STYLE_COLOUR('',#17241);
#17864 = STYLED_ITEM('color',(#17865),#1531);
#17865 = PRESENTATION_STYLE_ASSIGNMENT((#17866));
#17866 = SURFACE_STYLE_USAGE(.BOTH.,#17867);
#17867 = SURFACE_SIDE_STYLE('',(#17868));
#17868 = SURFACE_STYLE_FILL_AREA(#17869);
#17869 = FILL_AREA_STYLE('',(#17870));
#17870 = FILL_AREA_STYLE_COLOUR('',#17241);
#17871 = STYLED_ITEM('color',(#17872),#1548);
#17872 = PRESENTATION_STYLE_ASSIGNMENT((#17873));
#17873 = SURFACE_STYLE_USAGE(.BOTH.,#17874);
#17874 = SURFACE_SIDE_STYLE('',(#17875));
#17875 = SURFACE_STYLE_FILL_AREA(#17876);
#17876 = FILL_AREA_STYLE('',(#17877));
#17877 = FILL_AREA_STYLE_COLOUR('',#15675);
#17878 = STYLED_ITEM('color',(#17879),#1634);
#17879 = PRESENTATION_STYLE_ASSIGNMENT((#17880));
#17880 = SURFACE_STYLE_USAGE(.BOTH.,#17881);
#17881 = SURFACE_SIDE_STYLE('',(#17882));
#17882 = SURFACE_STYLE_FILL_AREA(#17883);
#17883 = FILL_AREA_STYLE('',(#17884));
#17884 = FILL_AREA_STYLE_COLOUR('',#15675);
#17885 = STYLED_ITEM('color',(#17886),#1665);
#17886 = PRESENTATION_STYLE_ASSIGNMENT((#17887));
#17887 = SURFACE_STYLE_USAGE(.BOTH.,#17888);
#17888 = SURFACE_SIDE_STYLE('',(#17889));
#17889 = SURFACE_STYLE_FILL_AREA(#17890);
#17890 = FILL_AREA_STYLE('',(#17891));
#17891 = FILL_AREA_STYLE_COLOUR('',#15675);
#17892 = STYLED_ITEM('color',(#17893),#1690);
#17893 = PRESENTATION_STYLE_ASSIGNMENT((#17894));
#17894 = SURFACE_STYLE_USAGE(.BOTH.,#17895);
#17895 = SURFACE_SIDE_STYLE('',(#17896));
#17896 = SURFACE_STYLE_FILL_AREA(#17897);
#17897 = FILL_AREA_STYLE('',(#17898));
#17898 = FILL_AREA_STYLE_COLOUR('',#15675);
#17899 = STYLED_ITEM('color',(#17900),#1715);
#17900 = PRESENTATION_STYLE_ASSIGNMENT((#17901));
#17901 = SURFACE_STYLE_USAGE(.BOTH.,#17902);
#17902 = SURFACE_SIDE_STYLE('',(#17903));
#17903 = SURFACE_STYLE_FILL_AREA(#17904);
#17904 = FILL_AREA_STYLE('',(#17905));
#17905 = FILL_AREA_STYLE_COLOUR('',#15675);
#17906 = STYLED_ITEM('color',(#17907),#1739);
#17907 = PRESENTATION_STYLE_ASSIGNMENT((#17908));
#17908 = SURFACE_STYLE_USAGE(.BOTH.,#17909);
#17909 = SURFACE_SIDE_STYLE('',(#17910));
#17910 = SURFACE_STYLE_FILL_AREA(#17911);
#17911 = FILL_AREA_STYLE('',(#17912));
#17912 = FILL_AREA_STYLE_COLOUR('',#15675);
#17913 = STYLED_ITEM('color',(#17914),#1763);
#17914 = PRESENTATION_STYLE_ASSIGNMENT((#17915));
#17915 = SURFACE_STYLE_USAGE(.BOTH.,#17916);
#17916 = SURFACE_SIDE_STYLE('',(#17917));
#17917 = SURFACE_STYLE_FILL_AREA(#17918);
#17918 = FILL_AREA_STYLE('',(#17919));
#17919 = FILL_AREA_STYLE_COLOUR('',#15675);
#17920 = STYLED_ITEM('color',(#17921),#1788);
#17921 = PRESENTATION_STYLE_ASSIGNMENT((#17922));
#17922 = SURFACE_STYLE_USAGE(.BOTH.,#17923);
#17923 = SURFACE_SIDE_STYLE('',(#17924));
#17924 = SURFACE_STYLE_FILL_AREA(#17925);
#17925 = FILL_AREA_STYLE('',(#17926));
#17926 = FILL_AREA_STYLE_COLOUR('',#15675);
#17927 = STYLED_ITEM('color',(#17928),#1813);
#17928 = PRESENTATION_STYLE_ASSIGNMENT((#17929));
#17929 = SURFACE_STYLE_USAGE(.BOTH.,#17930);
#17930 = SURFACE_SIDE_STYLE('',(#17931));
#17931 = SURFACE_STYLE_FILL_AREA(#17932);
#17932 = FILL_AREA_STYLE('',(#17933));
#17933 = FILL_AREA_STYLE_COLOUR('',#15675);
#17934 = STYLED_ITEM('color',(#17935),#1830);
#17935 = PRESENTATION_STYLE_ASSIGNMENT((#17936));
#17936 = SURFACE_STYLE_USAGE(.BOTH.,#17937);
#17937 = SURFACE_SIDE_STYLE('',(#17938));
#17938 = SURFACE_STYLE_FILL_AREA(#17939);
#17939 = FILL_AREA_STYLE('',(#17940));
#17940 = FILL_AREA_STYLE_COLOUR('',#15675);
#17941 = MECHANICAL_DESIGN_GEOMETRIC_PRESENTATION_REPRESENTATION('',(
    #17942,#17949,#17956,#17963,#17970,#17977,#17984,#17991,#17998,
    #18005,#18012,#18019,#18026,#18033,#18040,#18047,#18054,#18061,
    #18068,#18075,#18082,#18089,#18096,#18103,#18110,#18117,#18124,
    #18131,#18138,#18145,#18152,#18159,#18166,#18173,#18180,#18187,
    #18195,#18202,#18209,#18216,#18223,#18230,#18237,#18244,#18251,
    #18258,#18265,#18272,#18279,#18286),#13132);
#17942 = STYLED_ITEM('color',(#17943),#11611);
#17943 = PRESENTATION_STYLE_ASSIGNMENT((#17944));
#17944 = SURFACE_STYLE_USAGE(.BOTH.,#17945);
#17945 = SURFACE_SIDE_STYLE('',(#17946));
#17946 = SURFACE_STYLE_FILL_AREA(#17947);
#17947 = FILL_AREA_STYLE('',(#17948));
#17948 = FILL_AREA_STYLE_COLOUR('',#17616);
#17949 = STYLED_ITEM('color',(#17950),#11651);
#17950 = PRESENTATION_STYLE_ASSIGNMENT((#17951));
#17951 = SURFACE_STYLE_USAGE(.BOTH.,#17952);
#17952 = SURFACE_SIDE_STYLE('',(#17953));
#17953 = SURFACE_STYLE_FILL_AREA(#17954);
#17954 = FILL_AREA_STYLE('',(#17955));
#17955 = FILL_AREA_STYLE_COLOUR('',#17616);
#17956 = STYLED_ITEM('color',(#17957),#11698);
#17957 = PRESENTATION_STYLE_ASSIGNMENT((#17958));
#17958 = SURFACE_STYLE_USAGE(.BOTH.,#17959);
#17959 = SURFACE_SIDE_STYLE('',(#17960));
#17960 = SURFACE_STYLE_FILL_AREA(#17961);
#17961 = FILL_AREA_STYLE('',(#17962));
#17962 = FILL_AREA_STYLE_COLOUR('',#17616);
#17963 = STYLED_ITEM('color',(#17964),#11777);
#17964 = PRESENTATION_STYLE_ASSIGNMENT((#17965));
#17965 = SURFACE_STYLE_USAGE(.BOTH.,#17966);
#17966 = SURFACE_SIDE_STYLE('',(#17967));
#17967 = SURFACE_STYLE_FILL_AREA(#17968);
#17968 = FILL_AREA_STYLE('',(#17969));
#17969 = FILL_AREA_STYLE_COLOUR('',#17616);
#17970 = STYLED_ITEM('color',(#17971),#11801);
#17971 = PRESENTATION_STYLE_ASSIGNMENT((#17972));
#17972 = SURFACE_STYLE_USAGE(.BOTH.,#17973);
#17973 = SURFACE_SIDE_STYLE('',(#17974));
#17974 = SURFACE_STYLE_FILL_AREA(#17975);
#17975 = FILL_AREA_STYLE('',(#17976));
#17976 = FILL_AREA_STYLE_COLOUR('',#17616);
#17977 = STYLED_ITEM('color',(#17978),#11841);
#17978 = PRESENTATION_STYLE_ASSIGNMENT((#17979));
#17979 = SURFACE_STYLE_USAGE(.BOTH.,#17980);
#17980 = SURFACE_SIDE_STYLE('',(#17981));
#17981 = SURFACE_STYLE_FILL_AREA(#17982);
#17982 = FILL_AREA_STYLE('',(#17983));
#17983 = FILL_AREA_STYLE_COLOUR('',#17616);
#17984 = STYLED_ITEM('color',(#17985),#11872);
#17985 = PRESENTATION_STYLE_ASSIGNMENT((#17986));
#17986 = SURFACE_STYLE_USAGE(.BOTH.,#17987);
#17987 = SURFACE_SIDE_STYLE('',(#17988));
#17988 = SURFACE_STYLE_FILL_AREA(#17989);
#17989 = FILL_AREA_STYLE('',(#17990));
#17990 = FILL_AREA_STYLE_COLOUR('',#17616);
#17991 = STYLED_ITEM('color',(#17992),#11889);
#17992 = PRESENTATION_STYLE_ASSIGNMENT((#17993));
#17993 = SURFACE_STYLE_USAGE(.BOTH.,#17994);
#17994 = SURFACE_SIDE_STYLE('',(#17995));
#17995 = SURFACE_STYLE_FILL_AREA(#17996);
#17996 = FILL_AREA_STYLE('',(#17997));
#17997 = FILL_AREA_STYLE_COLOUR('',#16285);
#17998 = STYLED_ITEM('color',(#17999),#11922);
#17999 = PRESENTATION_STYLE_ASSIGNMENT((#18000));
#18000 = SURFACE_STYLE_USAGE(.BOTH.,#18001);
#18001 = SURFACE_SIDE_STYLE('',(#18002));
#18002 = SURFACE_STYLE_FILL_AREA(#18003);
#18003 = FILL_AREA_STYLE('',(#18004));
#18004 = FILL_AREA_STYLE_COLOUR('',#17616);
#18005 = STYLED_ITEM('color',(#18006),#11946);
#18006 = PRESENTATION_STYLE_ASSIGNMENT((#18007));
#18007 = SURFACE_STYLE_USAGE(.BOTH.,#18008);
#18008 = SURFACE_SIDE_STYLE('',(#18009));
#18009 = SURFACE_STYLE_FILL_AREA(#18010);
#18010 = FILL_AREA_STYLE('',(#18011));
#18011 = FILL_AREA_STYLE_COLOUR('',#16285);
#18012 = STYLED_ITEM('color',(#18013),#12013);
#18013 = PRESENTATION_STYLE_ASSIGNMENT((#18014));
#18014 = SURFACE_STYLE_USAGE(.BOTH.,#18015);
#18015 = SURFACE_SIDE_STYLE('',(#18016));
#18016 = SURFACE_STYLE_FILL_AREA(#18017);
#18017 = FILL_AREA_STYLE('',(#18018));
#18018 = FILL_AREA_STYLE_COLOUR('',#17616);
#18019 = STYLED_ITEM('color',(#18020),#12134);
#18020 = PRESENTATION_STYLE_ASSIGNMENT((#18021));
#18021 = SURFACE_STYLE_USAGE(.BOTH.,#18022);
#18022 = SURFACE_SIDE_STYLE('',(#18023));
#18023 = SURFACE_STYLE_FILL_AREA(#18024);
#18024 = FILL_AREA_STYLE('',(#18025));
#18025 = FILL_AREA_STYLE_COLOUR('',#16285);
#18026 = STYLED_ITEM('color',(#18027),#12201);
#18027 = PRESENTATION_STYLE_ASSIGNMENT((#18028));
#18028 = SURFACE_STYLE_USAGE(.BOTH.,#18029);
#18029 = SURFACE_SIDE_STYLE('',(#18030));
#18030 = SURFACE_STYLE_FILL_AREA(#18031);
#18031 = FILL_AREA_STYLE('',(#18032));
#18032 = FILL_AREA_STYLE_COLOUR('',#17616);
#18033 = STYLED_ITEM('color',(#18034),#12225);
#18034 = PRESENTATION_STYLE_ASSIGNMENT((#18035));
#18035 = SURFACE_STYLE_USAGE(.BOTH.,#18036);
#18036 = SURFACE_SIDE_STYLE('',(#18037));
#18037 = SURFACE_STYLE_FILL_AREA(#18038);
#18038 = FILL_AREA_STYLE('',(#18039));
#18039 = FILL_AREA_STYLE_COLOUR('',#17616);
#18040 = STYLED_ITEM('color',(#18041),#12256);
#18041 = PRESENTATION_STYLE_ASSIGNMENT((#18042));
#18042 = SURFACE_STYLE_USAGE(.BOTH.,#18043);
#18043 = SURFACE_SIDE_STYLE('',(#18044));
#18044 = SURFACE_STYLE_FILL_AREA(#18045);
#18045 = FILL_AREA_STYLE('',(#18046));
#18046 = FILL_AREA_STYLE_COLOUR('',#16285);
#18047 = STYLED_ITEM('color',(#18048),#12289);
#18048 = PRESENTATION_STYLE_ASSIGNMENT((#18049));
#18049 = SURFACE_STYLE_USAGE(.BOTH.,#18050);
#18050 = SURFACE_SIDE_STYLE('',(#18051));
#18051 = SURFACE_STYLE_FILL_AREA(#18052);
#18052 = FILL_AREA_STYLE('',(#18053));
#18053 = FILL_AREA_STYLE_COLOUR('',#17616);
#18054 = STYLED_ITEM('color',(#18055),#12345);
#18055 = PRESENTATION_STYLE_ASSIGNMENT((#18056));
#18056 = SURFACE_STYLE_USAGE(.BOTH.,#18057);
#18057 = SURFACE_SIDE_STYLE('',(#18058));
#18058 = SURFACE_STYLE_FILL_AREA(#18059);
#18059 = FILL_AREA_STYLE('',(#18060));
#18060 = FILL_AREA_STYLE_COLOUR('',#16285);
#18061 = STYLED_ITEM('color',(#18062),#12369);
#18062 = PRESENTATION_STYLE_ASSIGNMENT((#18063));
#18063 = SURFACE_STYLE_USAGE(.BOTH.,#18064);
#18064 = SURFACE_SIDE_STYLE('',(#18065));
#18065 = SURFACE_STYLE_FILL_AREA(#18066);
#18066 = FILL_AREA_STYLE('',(#18067));
#18067 = FILL_AREA_STYLE_COLOUR('',#16285);
#18068 = STYLED_ITEM('color',(#18069),#12393);
#18069 = PRESENTATION_STYLE_ASSIGNMENT((#18070));
#18070 = SURFACE_STYLE_USAGE(.BOTH.,#18071);
#18071 = SURFACE_SIDE_STYLE('',(#18072));
#18072 = SURFACE_STYLE_FILL_AREA(#18073);
#18073 = FILL_AREA_STYLE('',(#18074));
#18074 = FILL_AREA_STYLE_COLOUR('',#16285);
#18075 = STYLED_ITEM('color',(#18076),#12417);
#18076 = PRESENTATION_STYLE_ASSIGNMENT((#18077));
#18077 = SURFACE_STYLE_USAGE(.BOTH.,#18078);
#18078 = SURFACE_SIDE_STYLE('',(#18079));
#18079 = SURFACE_STYLE_FILL_AREA(#18080);
#18080 = FILL_AREA_STYLE('',(#18081));
#18081 = FILL_AREA_STYLE_COLOUR('',#16285);
#18082 = STYLED_ITEM('color',(#18083),#12450);
#18083 = PRESENTATION_STYLE_ASSIGNMENT((#18084));
#18084 = SURFACE_STYLE_USAGE(.BOTH.,#18085);
#18085 = SURFACE_SIDE_STYLE('',(#18086));
#18086 = SURFACE_STYLE_FILL_AREA(#18087);
#18087 = FILL_AREA_STYLE('',(#18088));
#18088 = FILL_AREA_STYLE_COLOUR('',#16285);
#18089 = STYLED_ITEM('color',(#18090),#12462);
#18090 = PRESENTATION_STYLE_ASSIGNMENT((#18091));
#18091 = SURFACE_STYLE_USAGE(.BOTH.,#18092);
#18092 = SURFACE_SIDE_STYLE('',(#18093));
#18093 = SURFACE_STYLE_FILL_AREA(#18094);
#18094 = FILL_AREA_STYLE('',(#18095));
#18095 = FILL_AREA_STYLE_COLOUR('',#16285);
#18096 = STYLED_ITEM('color',(#18097),#12525);
#18097 = PRESENTATION_STYLE_ASSIGNMENT((#18098));
#18098 = SURFACE_STYLE_USAGE(.BOTH.,#18099);
#18099 = SURFACE_SIDE_STYLE('',(#18100));
#18100 = SURFACE_STYLE_FILL_AREA(#18101);
#18101 = FILL_AREA_STYLE('',(#18102));
#18102 = FILL_AREA_STYLE_COLOUR('',#16285);
#18103 = STYLED_ITEM('color',(#18104),#12550);
#18104 = PRESENTATION_STYLE_ASSIGNMENT((#18105));
#18105 = SURFACE_STYLE_USAGE(.BOTH.,#18106);
#18106 = SURFACE_SIDE_STYLE('',(#18107));
#18107 = SURFACE_STYLE_FILL_AREA(#18108);
#18108 = FILL_AREA_STYLE('',(#18109));
#18109 = FILL_AREA_STYLE_COLOUR('',#16285);
#18110 = STYLED_ITEM('color',(#18111),#12567);
#18111 = PRESENTATION_STYLE_ASSIGNMENT((#18112));
#18112 = SURFACE_STYLE_USAGE(.BOTH.,#18113);
#18113 = SURFACE_SIDE_STYLE('',(#18114));
#18114 = SURFACE_STYLE_FILL_AREA(#18115);
#18115 = FILL_AREA_STYLE('',(#18116));
#18116 = FILL_AREA_STYLE_COLOUR('',#16285);
#18117 = STYLED_ITEM('color',(#18118),#12591);
#18118 = PRESENTATION_STYLE_ASSIGNMENT((#18119));
#18119 = SURFACE_STYLE_USAGE(.BOTH.,#18120);
#18120 = SURFACE_SIDE_STYLE('',(#18121));
#18121 = SURFACE_STYLE_FILL_AREA(#18122);
#18122 = FILL_AREA_STYLE('',(#18123));
#18123 = FILL_AREA_STYLE_COLOUR('',#16285);
#18124 = STYLED_ITEM('color',(#18125),#12609);
#18125 = PRESENTATION_STYLE_ASSIGNMENT((#18126));
#18126 = SURFACE_STYLE_USAGE(.BOTH.,#18127);
#18127 = SURFACE_SIDE_STYLE('',(#18128));
#18128 = SURFACE_STYLE_FILL_AREA(#18129);
#18129 = FILL_AREA_STYLE('',(#18130));
#18130 = FILL_AREA_STYLE_COLOUR('',#16285);
#18131 = STYLED_ITEM('color',(#18132),#12627);
#18132 = PRESENTATION_STYLE_ASSIGNMENT((#18133));
#18133 = SURFACE_STYLE_USAGE(.BOTH.,#18134);
#18134 = SURFACE_SIDE_STYLE('',(#18135));
#18135 = SURFACE_STYLE_FILL_AREA(#18136);
#18136 = FILL_AREA_STYLE('',(#18137));
#18137 = FILL_AREA_STYLE_COLOUR('',#16285);
#18138 = STYLED_ITEM('color',(#18139),#12645);
#18139 = PRESENTATION_STYLE_ASSIGNMENT((#18140));
#18140 = SURFACE_STYLE_USAGE(.BOTH.,#18141);
#18141 = SURFACE_SIDE_STYLE('',(#18142));
#18142 = SURFACE_STYLE_FILL_AREA(#18143);
#18143 = FILL_AREA_STYLE('',(#18144));
#18144 = FILL_AREA_STYLE_COLOUR('',#16285);
#18145 = STYLED_ITEM('color',(#18146),#12662);
#18146 = PRESENTATION_STYLE_ASSIGNMENT((#18147));
#18147 = SURFACE_STYLE_USAGE(.BOTH.,#18148);
#18148 = SURFACE_SIDE_STYLE('',(#18149));
#18149 = SURFACE_STYLE_FILL_AREA(#18150);
#18150 = FILL_AREA_STYLE('',(#18151));
#18151 = FILL_AREA_STYLE_COLOUR('',#16285);
#18152 = STYLED_ITEM('color',(#18153),#12679);
#18153 = PRESENTATION_STYLE_ASSIGNMENT((#18154));
#18154 = SURFACE_STYLE_USAGE(.BOTH.,#18155);
#18155 = SURFACE_SIDE_STYLE('',(#18156));
#18156 = SURFACE_STYLE_FILL_AREA(#18157);
#18157 = FILL_AREA_STYLE('',(#18158));
#18158 = FILL_AREA_STYLE_COLOUR('',#16285);
#18159 = STYLED_ITEM('color',(#18160),#12710);
#18160 = PRESENTATION_STYLE_ASSIGNMENT((#18161));
#18161 = SURFACE_STYLE_USAGE(.BOTH.,#18162);
#18162 = SURFACE_SIDE_STYLE('',(#18163));
#18163 = SURFACE_STYLE_FILL_AREA(#18164);
#18164 = FILL_AREA_STYLE('',(#18165));
#18165 = FILL_AREA_STYLE_COLOUR('',#16285);
#18166 = STYLED_ITEM('color',(#18167),#12735);
#18167 = PRESENTATION_STYLE_ASSIGNMENT((#18168));
#18168 = SURFACE_STYLE_USAGE(.BOTH.,#18169);
#18169 = SURFACE_SIDE_STYLE('',(#18170));
#18170 = SURFACE_STYLE_FILL_AREA(#18171);
#18171 = FILL_AREA_STYLE('',(#18172));
#18172 = FILL_AREA_STYLE_COLOUR('',#16285);
#18173 = STYLED_ITEM('color',(#18174),#12760);
#18174 = PRESENTATION_STYLE_ASSIGNMENT((#18175));
#18175 = SURFACE_STYLE_USAGE(.BOTH.,#18176);
#18176 = SURFACE_SIDE_STYLE('',(#18177));
#18177 = SURFACE_STYLE_FILL_AREA(#18178);
#18178 = FILL_AREA_STYLE('',(#18179));
#18179 = FILL_AREA_STYLE_COLOUR('',#16285);
#18180 = STYLED_ITEM('color',(#18181),#12784);
#18181 = PRESENTATION_STYLE_ASSIGNMENT((#18182));
#18182 = SURFACE_STYLE_USAGE(.BOTH.,#18183);
#18183 = SURFACE_SIDE_STYLE('',(#18184));
#18184 = SURFACE_STYLE_FILL_AREA(#18185);
#18185 = FILL_AREA_STYLE('',(#18186));
#18186 = FILL_AREA_STYLE_COLOUR('',#16285);
#18187 = STYLED_ITEM('color',(#18188),#12801);
#18188 = PRESENTATION_STYLE_ASSIGNMENT((#18189));
#18189 = SURFACE_STYLE_USAGE(.BOTH.,#18190);
#18190 = SURFACE_SIDE_STYLE('',(#18191));
#18191 = SURFACE_STYLE_FILL_AREA(#18192);
#18192 = FILL_AREA_STYLE('',(#18193));
#18193 = FILL_AREA_STYLE_COLOUR('',#18194);
#18194 = COLOUR_RGB('',0.340000006699,0.68000001254,0.444999988852);
#18195 = STYLED_ITEM('color',(#18196),#12832);
#18196 = PRESENTATION_STYLE_ASSIGNMENT((#18197));
#18197 = SURFACE_STYLE_USAGE(.BOTH.,#18198);
#18198 = SURFACE_SIDE_STYLE('',(#18199));
#18199 = SURFACE_STYLE_FILL_AREA(#18200);
#18200 = FILL_AREA_STYLE('',(#18201));
#18201 = FILL_AREA_STYLE_COLOUR('',#18194);
#18202 = STYLED_ITEM('color',(#18203),#12856);
#18203 = PRESENTATION_STYLE_ASSIGNMENT((#18204));
#18204 = SURFACE_STYLE_USAGE(.BOTH.,#18205);
#18205 = SURFACE_SIDE_STYLE('',(#18206));
#18206 = SURFACE_STYLE_FILL_AREA(#18207);
#18207 = FILL_AREA_STYLE('',(#18208));
#18208 = FILL_AREA_STYLE_COLOUR('',#18194);
#18209 = STYLED_ITEM('color',(#18210),#12873);
#18210 = PRESENTATION_STYLE_ASSIGNMENT((#18211));
#18211 = SURFACE_STYLE_USAGE(.BOTH.,#18212);
#18212 = SURFACE_SIDE_STYLE('',(#18213));
#18213 = SURFACE_STYLE_FILL_AREA(#18214);
#18214 = FILL_AREA_STYLE('',(#18215));
#18215 = FILL_AREA_STYLE_COLOUR('',#16285);
#18216 = STYLED_ITEM('color',(#18217),#12901);
#18217 = PRESENTATION_STYLE_ASSIGNMENT((#18218));
#18218 = SURFACE_STYLE_USAGE(.BOTH.,#18219);
#18219 = SURFACE_SIDE_STYLE('',(#18220));
#18220 = SURFACE_STYLE_FILL_AREA(#18221);
#18221 = FILL_AREA_STYLE('',(#18222));
#18222 = FILL_AREA_STYLE_COLOUR('',#16285);
#18223 = STYLED_ITEM('color',(#18224),#12926);
#18224 = PRESENTATION_STYLE_ASSIGNMENT((#18225));
#18225 = SURFACE_STYLE_USAGE(.BOTH.,#18226);
#18226 = SURFACE_SIDE_STYLE('',(#18227));
#18227 = SURFACE_STYLE_FILL_AREA(#18228);
#18228 = FILL_AREA_STYLE('',(#18229));
#18229 = FILL_AREA_STYLE_COLOUR('',#16285);
#18230 = STYLED_ITEM('color',(#18231),#12950);
#18231 = PRESENTATION_STYLE_ASSIGNMENT((#18232));
#18232 = SURFACE_STYLE_USAGE(.BOTH.,#18233);
#18233 = SURFACE_SIDE_STYLE('',(#18234));
#18234 = SURFACE_STYLE_FILL_AREA(#18235);
#18235 = FILL_AREA_STYLE('',(#18236));
#18236 = FILL_AREA_STYLE_COLOUR('',#16285);
#18237 = STYLED_ITEM('color',(#18238),#12975);
#18238 = PRESENTATION_STYLE_ASSIGNMENT((#18239));
#18239 = SURFACE_STYLE_USAGE(.BOTH.,#18240);
#18240 = SURFACE_SIDE_STYLE('',(#18241));
#18241 = SURFACE_STYLE_FILL_AREA(#18242);
#18242 = FILL_AREA_STYLE('',(#18243));
#18243 = FILL_AREA_STYLE_COLOUR('',#16285);
#18244 = STYLED_ITEM('color',(#18245),#13022);
#18245 = PRESENTATION_STYLE_ASSIGNMENT((#18246));
#18246 = SURFACE_STYLE_USAGE(.BOTH.,#18247);
#18247 = SURFACE_SIDE_STYLE('',(#18248));
#18248 = SURFACE_STYLE_FILL_AREA(#18249);
#18249 = FILL_AREA_STYLE('',(#18250));
#18250 = FILL_AREA_STYLE_COLOUR('',#16285);
#18251 = STYLED_ITEM('color',(#18252),#13039);
#18252 = PRESENTATION_STYLE_ASSIGNMENT((#18253));
#18253 = SURFACE_STYLE_USAGE(.BOTH.,#18254);
#18254 = SURFACE_SIDE_STYLE('',(#18255));
#18255 = SURFACE_STYLE_FILL_AREA(#18256);
#18256 = FILL_AREA_STYLE('',(#18257));
#18257 = FILL_AREA_STYLE_COLOUR('',#16285);
#18258 = STYLED_ITEM('color',(#18259),#13051);
#18259 = PRESENTATION_STYLE_ASSIGNMENT((#18260));
#18260 = SURFACE_STYLE_USAGE(.BOTH.,#18261);
#18261 = SURFACE_SIDE_STYLE('',(#18262));
#18262 = SURFACE_STYLE_FILL_AREA(#18263);
#18263 = FILL_AREA_STYLE('',(#18264));
#18264 = FILL_AREA_STYLE_COLOUR('',#16285);
#18265 = STYLED_ITEM('color',(#18266),#13073);
#18266 = PRESENTATION_STYLE_ASSIGNMENT((#18267));
#18267 = SURFACE_STYLE_USAGE(.BOTH.,#18268);
#18268 = SURFACE_SIDE_STYLE('',(#18269));
#18269 = SURFACE_STYLE_FILL_AREA(#18270);
#18270 = FILL_AREA_STYLE('',(#18271));
#18271 = FILL_AREA_STYLE_COLOUR('',#16285);
#18272 = STYLED_ITEM('color',(#18273),#13085);
#18273 = PRESENTATION_STYLE_ASSIGNMENT((#18274));
#18274 = SURFACE_STYLE_USAGE(.BOTH.,#18275);
#18275 = SURFACE_SIDE_STYLE('',(#18276));
#18276 = SURFACE_STYLE_FILL_AREA(#18277);
#18277 = FILL_AREA_STYLE('',(#18278));
#18278 = FILL_AREA_STYLE_COLOUR('',#16285);
#18279 = STYLED_ITEM('color',(#18280),#13103);
#18280 = PRESENTATION_STYLE_ASSIGNMENT((#18281));
#18281 = SURFACE_STYLE_USAGE(.BOTH.,#18282);
#18282 = SURFACE_SIDE_STYLE('',(#18283));
#18283 = SURFACE_STYLE_FILL_AREA(#18284);
#18284 = FILL_AREA_STYLE('',(#18285));
#18285 = FILL_AREA_STYLE_COLOUR('',#16285);
#18286 = STYLED_ITEM('color',(#18287),#13121);
#18287 = PRESENTATION_STYLE_ASSIGNMENT((#18288));
#18288 = SURFACE_STYLE_USAGE(.BOTH.,#18289);
#18289 = SURFACE_SIDE_STYLE('',(#18290));
#18290 = SURFACE_STYLE_FILL_AREA(#18291);
#18291 = FILL_AREA_STYLE('',(#18292));
#18292 = FILL_AREA_STYLE_COLOUR('',#18194);
#18293 = MECHANICAL_DESIGN_GEOMETRIC_PRESENTATION_REPRESENTATION('',(
    #18294),#15619);
#18294 = STYLED_ITEM('color',(#18295),#15235);
#18295 = PRESENTATION_STYLE_ASSIGNMENT((#18296));
#18296 = SURFACE_STYLE_USAGE(.BOTH.,#18297);
#18297 = SURFACE_SIDE_STYLE('',(#18298));
#18298 = SURFACE_STYLE_FILL_AREA(#18299);
#18299 = FILL_AREA_STYLE('',(#18300));
#18300 = FILL_AREA_STYLE_COLOUR('',#18301);
#18301 = COLOUR_RGB('',0.313304153717,0.484529207832,0.410020903123);
ENDSEC;
END-ISO-10303-21;
