ISO-10303-21;
HEADER;
FILE_DESCRIPTION(('KiCad electronic assembly'),'2;1');
FILE_NAME('lna_fm_98mhz_assembly.step','2026-09-08T14:43:01',('Pcbnew'),
  ('Kicad'),'Open CASCADE STEP processor 7.9','KiCad to STEP converter',
  'Unknown');
FILE_SCHEMA(('AUTOMOTIVE_DESIGN { 1 0 10303 214 1 1 1 1 }'));
ENDSEC;
DATA;
#1 = APPLICATION_PROTOCOL_DEFINITION('international standard',
  'automotive_design',2000,#2);
#2 = APPLICATION_CONTEXT(
  'core data for automotive mechanical design processes');
#3 = SHAPE_DEFINITION_REPRESENTATION(#4,#10);
#4 = PRODUCT_DEFINITION_SHAPE('','',#5);
#5 = PRODUCT_DEFINITION('design','',#6,#9);
#6 = PRODUCT_DEFINITION_FORMATION('','',#7);
#7 = PRODUCT('lna_fm_98mhz_assembly 1','lna_fm_98mhz_assembly 1','',(#8)
  );
#8 = PRODUCT_CONTEXT('',#2,'mechanical');
#9 = PRODUCT_DEFINITION_CONTEXT('part definition',#2,'design');
#10 = SHAPE_REPRESENTATION('',(#11,#15,#19,#23,#27,#31,#35,#39,#43,#47,
    #51,#55,#59,#63,#67,#71,#75,#79,#83,#87,#91,#95,#99,#103,#107,#111,
    #115,#119),#123);
#11 = AXIS2_PLACEMENT_3D('',#12,#13,#14);
#12 = CARTESIAN_POINT('',(0.,0.,0.));
#13 = DIRECTION('',(0.,0.,1.));
#14 = DIRECTION('',(1.,0.,-0.));
#15 = AXIS2_PLACEMENT_3D('',#16,#17,#18);
#16 = CARTESIAN_POINT('',(13.5,-10.5,1.595));
#17 = DIRECTION('',(0.,-0.,1.));
#18 = DIRECTION('',(1.110223024625E-16,1.,0.));
#19 = AXIS2_PLACEMENT_3D('',#20,#21,#22);
#20 = CARTESIAN_POINT('',(17.,-15.,1.595));
#21 = DIRECTION('',(0.,0.,1.));
#22 = DIRECTION('',(1.,0.,0.));
#23 = AXIS2_PLACEMENT_3D('',#24,#25,#26);
#24 = CARTESIAN_POINT('',(14.675,-20.,1.595));
#25 = DIRECTION('',(-0.,0.,1.));
#26 = DIRECTION('',(1.110223024625E-16,-1.,0.));
#27 = AXIS2_PLACEMENT_3D('',#28,#29,#30);
#28 = CARTESIAN_POINT('',(21.,-18.5,1.595));
#29 = DIRECTION('',(-0.,0.,1.));
#30 = DIRECTION('',(1.110223024625E-16,-1.,0.));
#31 = AXIS2_PLACEMENT_3D('',#32,#33,#34);
#32 = CARTESIAN_POINT('',(14.675,-24.5,1.595));
#33 = DIRECTION('',(-0.,0.,1.));
#34 = DIRECTION('',(1.110223024625E-16,-1.,0.));
#35 = AXIS2_PLACEMENT_3D('',#36,#37,#38);
#36 = CARTESIAN_POINT('',(16.062,-10.5,1.595));
#37 = DIRECTION('',(0.,-0.,1.));
#38 = DIRECTION('',(1.110223024625E-16,1.,0.));
#39 = AXIS2_PLACEMENT_3D('',#40,#41,#42);
#40 = CARTESIAN_POINT('',(24.,-7.5,1.595));
#41 = DIRECTION('',(-0.,0.,1.));
#42 = DIRECTION('',(1.110223024625E-16,-1.,0.));
#43 = AXIS2_PLACEMENT_3D('',#44,#45,#46);
#44 = CARTESIAN_POINT('',(36.,-10.,1.595));
#45 = DIRECTION('',(0.,-0.,1.));
#46 = DIRECTION('',(1.110223024625E-16,1.,0.));
#47 = AXIS2_PLACEMENT_3D('',#48,#49,#50);
#48 = CARTESIAN_POINT('',(25.5,-15.,1.595));
#49 = DIRECTION('',(0.,0.,1.));
#50 = DIRECTION('',(1.,0.,0.));
#51 = AXIS2_PLACEMENT_3D('',#52,#53,#54);
#52 = CARTESIAN_POINT('',(19.,-3.5,1.595));
#53 = DIRECTION('',(0.,-0.,1.));
#54 = DIRECTION('',(1.110223024625E-16,1.,0.));
#55 = AXIS2_PLACEMENT_3D('',#56,#57,#58);
#56 = CARTESIAN_POINT('',(26.8,-7.5,1.595));
#57 = DIRECTION('',(-0.,0.,1.));
#58 = DIRECTION('',(1.110223024625E-16,-1.,0.));
#59 = AXIS2_PLACEMENT_3D('',#60,#61,#62);
#60 = CARTESIAN_POINT('',(6.5,-17.5,1.595));
#61 = DIRECTION('',(-0.,0.,1.));
#62 = DIRECTION('',(1.110223024625E-16,-1.,0.));
#63 = AXIS2_PLACEMENT_3D('',#64,#65,#66);
#64 = CARTESIAN_POINT('',(8.5,-10.5,1.595));
#65 = DIRECTION('',(0.,-0.,1.));
#66 = DIRECTION('',(1.110223024625E-16,1.,0.));
#67 = AXIS2_PLACEMENT_3D('',#68,#69,#70);
#68 = CARTESIAN_POINT('',(10.,-2.,1.595));
#69 = DIRECTION('',(0.,0.,1.));
#70 = DIRECTION('',(1.,0.,0.));
#71 = AXIS2_PLACEMENT_3D('',#72,#73,#74);
#72 = CARTESIAN_POINT('',(11.,-10.5,1.595));
#73 = DIRECTION('',(0.,-0.,1.));
#74 = DIRECTION('',(1.110223024625E-16,1.,0.));
#75 = AXIS2_PLACEMENT_3D('',#76,#77,#78);
#76 = CARTESIAN_POINT('',(39.,-10.,1.595));
#77 = DIRECTION('',(0.,0.,1.));
#78 = DIRECTION('',(1.,0.,0.));
#79 = AXIS2_PLACEMENT_3D('',#80,#81,#82);
#80 = CARTESIAN_POINT('',(39.,-7.5,1.595));
#81 = DIRECTION('',(0.,0.,1.));
#82 = DIRECTION('',(1.,0.,0.));
#83 = AXIS2_PLACEMENT_3D('',#84,#85,#86);
#84 = CARTESIAN_POINT('',(6.,-8.5,1.595));
#85 = DIRECTION('',(0.,-0.,1.));
#86 = DIRECTION('',(1.110223024625E-16,1.,0.));
#87 = AXIS2_PLACEMENT_3D('',#88,#89,#90);
#88 = CARTESIAN_POINT('',(43.9,-15.,1.595));
#89 = DIRECTION('',(0.,0.,1.));
#90 = DIRECTION('',(1.,0.,0.));
#91 = AXIS2_PLACEMENT_3D('',#92,#93,#94);
#92 = CARTESIAN_POINT('',(10.95,-5.,1.595));
#93 = DIRECTION('',(0.,-0.,1.));
#94 = DIRECTION('',(1.110223024625E-16,1.,0.));
#95 = AXIS2_PLACEMENT_3D('',#96,#97,#98);
#96 = CARTESIAN_POINT('',(36.,-5.,1.595));
#97 = DIRECTION('',(-0.,0.,1.));
#98 = DIRECTION('',(1.110223024625E-16,-1.,0.));
#99 = AXIS2_PLACEMENT_3D('',#100,#101,#102);
#100 = CARTESIAN_POINT('',(8.5,-17.5,1.595));
#101 = DIRECTION('',(-0.,0.,1.));
#102 = DIRECTION('',(1.110223024625E-16,-1.,0.));
#103 = AXIS2_PLACEMENT_3D('',#104,#105,#106);
#104 = CARTESIAN_POINT('',(21.,-10.,1.595));
#105 = DIRECTION('',(0.,-0.,1.));
#106 = DIRECTION('',(1.110223024625E-16,1.,0.));
#107 = AXIS2_PLACEMENT_3D('',#108,#109,#110);
#108 = CARTESIAN_POINT('',(14.5,-3.5,1.595));
#109 = DIRECTION('',(0.,0.,1.));
#110 = DIRECTION('',(1.,0.,0.));
#111 = AXIS2_PLACEMENT_3D('',#112,#113,#114);
#112 = CARTESIAN_POINT('',(2.1,-15.,1.595));
#113 = DIRECTION('',(0.,0.,1.));
#114 = DIRECTION('',(-1.,1.224646799147E-16,0.));
#115 = AXIS2_PLACEMENT_3D('',#116,#117,#118);
#116 = CARTESIAN_POINT('',(11.5,-15.95,1.595));
#117 = DIRECTION('',(0.,0.,1.));
#118 = DIRECTION('',(1.,0.,0.));
#119 = AXIS2_PLACEMENT_3D('',#120,#121,#122);
#120 = CARTESIAN_POINT('',(0.,0.,0.));
#121 = DIRECTION('',(0.,0.,1.));
#122 = DIRECTION('',(1.,0.,-0.));
#123 = ( GEOMETRIC_REPRESENTATION_CONTEXT(3) 
GLOBAL_UNCERTAINTY_ASSIGNED_CONTEXT((#127)) GLOBAL_UNIT_ASSIGNED_CONTEXT
((#124,#125,#126)) REPRESENTATION_CONTEXT('Context #1',
  '3D Context with UNIT and UNCERTAINTY') );
#124 = ( LENGTH_UNIT() NAMED_UNIT(*) SI_UNIT(.MILLI.,.METRE.) );
#125 = ( NAMED_UNIT(*) PLANE_ANGLE_UNIT() SI_UNIT($,.RADIAN.) );
#126 = ( NAMED_UNIT(*) SI_UNIT($,.STERADIAN.) SOLID_ANGLE_UNIT() );
#127 = UNCERTAINTY_MEASURE_WITH_UNIT(LENGTH_MEASURE(1.E-07),#124,
  'distance_accuracy_value','confusion accuracy');
#128 = PRODUCT_RELATED_PRODUCT_CATEGORY('part',$,(#7));
#129 = SHAPE_DEFINITION_REPRESENTATION(#130,#136);
#130 = PRODUCT_DEFINITION_SHAPE('','',#131);
#131 = PRODUCT_DEFINITION('design','',#132,#135);
#132 = PRODUCT_DEFINITION_FORMATION('','',#133);
#133 = PRODUCT('C_0805_2012Metric','C_0805_2012Metric','',(#134));
#134 = PRODUCT_CONTEXT('',#2,'mechanical');
#135 = PRODUCT_DEFINITION_CONTEXT('part definition',#2,'design');
#136 = SHAPE_REPRESENTATION('',(#11,#137),#141);
#137 = AXIS2_PLACEMENT_3D('',#138,#139,#140);
#138 = CARTESIAN_POINT('',(0.,0.,0.));
#139 = DIRECTION('',(0.,0.,1.));
#140 = DIRECTION('',(1.,0.,-0.));
#141 = ( GEOMETRIC_REPRESENTATION_CONTEXT(3) 
GLOBAL_UNCERTAINTY_ASSIGNED_CONTEXT((#145)) GLOBAL_UNIT_ASSIGNED_CONTEXT
((#142,#143,#144)) REPRESENTATION_CONTEXT('Context #1',
  '3D Context with UNIT and UNCERTAINTY') );
#142 = ( LENGTH_UNIT() NAMED_UNIT(*) SI_UNIT(.MILLI.,.METRE.) );
#143 = ( NAMED_UNIT(*) PLANE_ANGLE_UNIT() SI_UNIT($,.RADIAN.) );
#144 = ( NAMED_UNIT(*) SI_UNIT($,.STERADIAN.) SOLID_ANGLE_UNIT() );
#145 = UNCERTAINTY_MEASURE_WITH_UNIT(LENGTH_MEASURE(1.E-07),#142,
  'distance_accuracy_value','confusion accuracy');
#146 = CONTEXT_DEPENDENT_SHAPE_REPRESENTATION(#147,#149);
#147 = ( REPRESENTATION_RELATIONSHIP('','',#136,#10) 
REPRESENTATION_RELATIONSHIP_WITH_TRANSFORMATION(#148) 
SHAPE_REPRESENTATION_RELATIONSHIP() );
#148 = ITEM_DEFINED_TRANSFORMATION('','',#11,#15);
#149 = PRODUCT_DEFINITION_SHAPE('Placement','Placement of an item',#150
  );
#150 = NEXT_ASSEMBLY_USAGE_OCCURRENCE('2','C4','',#5,#131,$);
#151 = PRODUCT_RELATED_PRODUCT_CATEGORY('part',$,(#133));
#152 = SHAPE_DEFINITION_REPRESENTATION(#153,#159);
#153 = PRODUCT_DEFINITION_SHAPE('','',#154);
#154 = PRODUCT_DEFINITION('design','',#155,#158);
#155 = PRODUCT_DEFINITION_FORMATION('','',#156);
#156 = PRODUCT('C_0805_2012Metric','C_0805_2012Metric','',(#157));
#157 = PRODUCT_CONTEXT('',#2,'mechanical');
#158 = PRODUCT_DEFINITION_CONTEXT('part definition',#2,'design');
#159 = ADVANCED_BREP_SHAPE_REPRESENTATION('',(#11,#160),#1014);
#160 = MANIFOLD_SOLID_BREP('',#161);
#161 = CLOSED_SHELL('',(#162,#238,#269,#294,#319,#343,#367,#392,#417,
    #434,#520,#552,#576,#601,#625,#650,#674,#699,#716,#802,#833,#858,
    #883,#907,#931,#956,#981,#998));
#162 = ADVANCED_FACE('',(#163),#233,.F.);
#163 = FACE_BOUND('',#164,.F.);
#164 = EDGE_LOOP('',(#165,#175,#184,#192,#201,#209,#218,#226));
#165 = ORIENTED_EDGE('',*,*,#166,.F.);
#166 = EDGE_CURVE('',#167,#169,#171,.T.);
#167 = VERTEX_POINT('',#168);
#168 = CARTESIAN_POINT('',(-1.,-0.625,4.E-02));
#169 = VERTEX_POINT('',#170);
#170 = CARTESIAN_POINT('',(-1.,-0.625,1.21));
#171 = LINE('',#172,#173);
#172 = CARTESIAN_POINT('',(-1.,-0.625,0.));
#173 = VECTOR('',#174,1.);
#174 = DIRECTION('',(0.,0.,1.));
#175 = ORIENTED_EDGE('',*,*,#176,.T.);
#176 = EDGE_CURVE('',#167,#177,#179,.T.);
#177 = VERTEX_POINT('',#178);
#178 = CARTESIAN_POINT('',(-1.,-0.585,0.));
#179 = CIRCLE('',#180,4.E-02);
#180 = AXIS2_PLACEMENT_3D('',#181,#182,#183);
#181 = CARTESIAN_POINT('',(-1.,-0.585,4.E-02));
#182 = DIRECTION('',(1.,0.,-0.));
#183 = DIRECTION('',(0.,0.,1.));
#184 = ORIENTED_EDGE('',*,*,#185,.T.);
#185 = EDGE_CURVE('',#177,#186,#188,.T.);
#186 = VERTEX_POINT('',#187);
#187 = CARTESIAN_POINT('',(-1.,0.585,0.));
#188 = LINE('',#189,#190);
#189 = CARTESIAN_POINT('',(-1.,-0.625,0.));
#190 = VECTOR('',#191,1.);
#191 = DIRECTION('',(0.,1.,0.));
#192 = ORIENTED_EDGE('',*,*,#193,.F.);
#193 = EDGE_CURVE('',#194,#186,#196,.T.);
#194 = VERTEX_POINT('',#195);
#195 = CARTESIAN_POINT('',(-1.,0.625,4.E-02));
#196 = CIRCLE('',#197,4.E-02);
#197 = AXIS2_PLACEMENT_3D('',#198,#199,#200);
#198 = CARTESIAN_POINT('',(-1.,0.585,4.E-02));
#199 = DIRECTION('',(-1.,0.,0.));
#200 = DIRECTION('',(0.,0.,1.));
#201 = ORIENTED_EDGE('',*,*,#202,.T.);
#202 = EDGE_CURVE('',#194,#203,#205,.T.);
#203 = VERTEX_POINT('',#204);
#204 = CARTESIAN_POINT('',(-1.,0.625,1.21));
#205 = LINE('',#206,#207);
#206 = CARTESIAN_POINT('',(-1.,0.625,0.));
#207 = VECTOR('',#208,1.);
#208 = DIRECTION('',(0.,0.,1.));
#209 = ORIENTED_EDGE('',*,*,#210,.T.);
#210 = EDGE_CURVE('',#203,#211,#213,.T.);
#211 = VERTEX_POINT('',#212);
#212 = CARTESIAN_POINT('',(-1.,0.585,1.25));
#213 = CIRCLE('',#214,4.E-02);
#214 = AXIS2_PLACEMENT_3D('',#215,#216,#217);
#215 = CARTESIAN_POINT('',(-1.,0.585,1.21));
#216 = DIRECTION('',(1.,0.,-0.));
#217 = DIRECTION('',(0.,0.,1.));
#218 = ORIENTED_EDGE('',*,*,#219,.F.);
#219 = EDGE_CURVE('',#220,#211,#222,.T.);
#220 = VERTEX_POINT('',#221);
#221 = CARTESIAN_POINT('',(-1.,-0.585,1.25));
#222 = LINE('',#223,#224);
#223 = CARTESIAN_POINT('',(-1.,-0.625,1.25));
#224 = VECTOR('',#225,1.);
#225 = DIRECTION('',(0.,1.,0.));
#226 = ORIENTED_EDGE('',*,*,#227,.F.);
#227 = EDGE_CURVE('',#169,#220,#228,.T.);
#228 = CIRCLE('',#229,4.E-02);
#229 = AXIS2_PLACEMENT_3D('',#230,#231,#232);
#230 = CARTESIAN_POINT('',(-1.,-0.585,1.21));
#231 = DIRECTION('',(-1.,0.,0.));
#232 = DIRECTION('',(0.,0.,1.));
#233 = PLANE('',#234);
#234 = AXIS2_PLACEMENT_3D('',#235,#236,#237);
#235 = CARTESIAN_POINT('',(-1.,-0.625,0.));
#236 = DIRECTION('',(1.,0.,0.));
#237 = DIRECTION('',(0.,0.,1.));
#238 = ADVANCED_FACE('',(#239),#264,.F.);
#239 = FACE_BOUND('',#240,.F.);
#240 = EDGE_LOOP('',(#241,#251,#257,#258));
#241 = ORIENTED_EDGE('',*,*,#242,.F.);
#242 = EDGE_CURVE('',#243,#245,#247,.T.);
#243 = VERTEX_POINT('',#244);
#244 = CARTESIAN_POINT('',(-0.6,-0.625,4.E-02));
#245 = VERTEX_POINT('',#246);
#246 = CARTESIAN_POINT('',(-0.6,-0.625,1.21));
#247 = LINE('',#248,#249);
#248 = CARTESIAN_POINT('',(-0.6,-0.625,0.));
#249 = VECTOR('',#250,1.);
#250 = DIRECTION('',(0.,0.,1.));
#251 = ORIENTED_EDGE('',*,*,#252,.F.);
#252 = EDGE_CURVE('',#167,#243,#253,.T.);
#253 = LINE('',#254,#255);
#254 = CARTESIAN_POINT('',(-1.,-0.625,4.E-02));
#255 = VECTOR('',#256,1.);
#256 = DIRECTION('',(1.,0.,0.));
#257 = ORIENTED_EDGE('',*,*,#166,.T.);
#258 = ORIENTED_EDGE('',*,*,#259,.T.);
#259 = EDGE_CURVE('',#169,#245,#260,.T.);
#260 = LINE('',#261,#262);
#261 = CARTESIAN_POINT('',(-1.,-0.625,1.21));
#262 = VECTOR('',#263,1.);
#263 = DIRECTION('',(1.,0.,0.));
#264 = PLANE('',#265);
#265 = AXIS2_PLACEMENT_3D('',#266,#267,#268);
#266 = CARTESIAN_POINT('',(-1.,-0.625,0.));
#267 = DIRECTION('',(0.,1.,0.));
#268 = DIRECTION('',(0.,-0.,1.));
#269 = ADVANCED_FACE('',(#270),#289,.T.);
#270 = FACE_BOUND('',#271,.T.);
#271 = EDGE_LOOP('',(#272,#273,#281,#288));
#272 = ORIENTED_EDGE('',*,*,#176,.T.);
#273 = ORIENTED_EDGE('',*,*,#274,.T.);
#274 = EDGE_CURVE('',#177,#275,#277,.T.);
#275 = VERTEX_POINT('',#276);
#276 = CARTESIAN_POINT('',(-0.6,-0.585,0.));
#277 = LINE('',#278,#279);
#278 = CARTESIAN_POINT('',(-1.,-0.585,0.));
#279 = VECTOR('',#280,1.);
#280 = DIRECTION('',(1.,0.,0.));
#281 = ORIENTED_EDGE('',*,*,#282,.F.);
#282 = EDGE_CURVE('',#243,#275,#283,.T.);
#283 = CIRCLE('',#284,4.E-02);
#284 = AXIS2_PLACEMENT_3D('',#285,#286,#287);
#285 = CARTESIAN_POINT('',(-0.6,-0.585,4.E-02));
#286 = DIRECTION('',(1.,0.,-0.));
#287 = DIRECTION('',(0.,0.,1.));
#288 = ORIENTED_EDGE('',*,*,#252,.F.);
#289 = CYLINDRICAL_SURFACE('',#290,4.E-02);
#290 = AXIS2_PLACEMENT_3D('',#291,#292,#293);
#291 = CARTESIAN_POINT('',(-1.,-0.585,4.E-02));
#292 = DIRECTION('',(1.,0.,0.));
#293 = DIRECTION('',(0.,-1.,0.));
#294 = ADVANCED_FACE('',(#295),#314,.T.);
#295 = FACE_BOUND('',#296,.T.);
#296 = EDGE_LOOP('',(#297,#298,#307,#313));
#297 = ORIENTED_EDGE('',*,*,#259,.T.);
#298 = ORIENTED_EDGE('',*,*,#299,.T.);
#299 = EDGE_CURVE('',#245,#300,#302,.T.);
#300 = VERTEX_POINT('',#301);
#301 = CARTESIAN_POINT('',(-0.6,-0.585,1.25));
#302 = CIRCLE('',#303,4.E-02);
#303 = AXIS2_PLACEMENT_3D('',#304,#305,#306);
#304 = CARTESIAN_POINT('',(-0.6,-0.585,1.21));
#305 = DIRECTION('',(-1.,0.,0.));
#306 = DIRECTION('',(0.,0.,1.));
#307 = ORIENTED_EDGE('',*,*,#308,.F.);
#308 = EDGE_CURVE('',#220,#300,#309,.T.);
#309 = LINE('',#310,#311);
#310 = CARTESIAN_POINT('',(-1.,-0.585,1.25));
#311 = VECTOR('',#312,1.);
#312 = DIRECTION('',(1.,0.,0.));
#313 = ORIENTED_EDGE('',*,*,#227,.F.);
#314 = CYLINDRICAL_SURFACE('',#315,4.E-02);
#315 = AXIS2_PLACEMENT_3D('',#316,#317,#318);
#316 = CARTESIAN_POINT('',(-1.,-0.585,1.21));
#317 = DIRECTION('',(1.,0.,0.));
#318 = DIRECTION('',(0.,-1.,0.));
#319 = ADVANCED_FACE('',(#320),#338,.F.);
#320 = FACE_BOUND('',#321,.F.);
#321 = EDGE_LOOP('',(#322,#323,#324,#332));
#322 = ORIENTED_EDGE('',*,*,#185,.F.);
#323 = ORIENTED_EDGE('',*,*,#274,.T.);
#324 = ORIENTED_EDGE('',*,*,#325,.T.);
#325 = EDGE_CURVE('',#275,#326,#328,.T.);
#326 = VERTEX_POINT('',#327);
#327 = CARTESIAN_POINT('',(-0.6,0.585,0.));
#328 = LINE('',#329,#330);
#329 = CARTESIAN_POINT('',(-0.6,-0.625,0.));
#330 = VECTOR('',#331,1.);
#331 = DIRECTION('',(0.,1.,0.));
#332 = ORIENTED_EDGE('',*,*,#333,.F.);
#333 = EDGE_CURVE('',#186,#326,#334,.T.);
#334 = LINE('',#335,#336);
#335 = CARTESIAN_POINT('',(-1.,0.585,0.));
#336 = VECTOR('',#337,1.);
#337 = DIRECTION('',(1.,0.,0.));
#338 = PLANE('',#339);
#339 = AXIS2_PLACEMENT_3D('',#340,#341,#342);
#340 = CARTESIAN_POINT('',(-1.,-0.625,0.));
#341 = DIRECTION('',(0.,0.,1.));
#342 = DIRECTION('',(1.,0.,-0.));
#343 = ADVANCED_FACE('',(#344),#362,.T.);
#344 = FACE_BOUND('',#345,.T.);
#345 = EDGE_LOOP('',(#346,#347,#348,#356));
#346 = ORIENTED_EDGE('',*,*,#219,.F.);
#347 = ORIENTED_EDGE('',*,*,#308,.T.);
#348 = ORIENTED_EDGE('',*,*,#349,.T.);
#349 = EDGE_CURVE('',#300,#350,#352,.T.);
#350 = VERTEX_POINT('',#351);
#351 = CARTESIAN_POINT('',(-0.6,0.585,1.25));
#352 = LINE('',#353,#354);
#353 = CARTESIAN_POINT('',(-0.6,-0.625,1.25));
#354 = VECTOR('',#355,1.);
#355 = DIRECTION('',(0.,1.,0.));
#356 = ORIENTED_EDGE('',*,*,#357,.F.);
#357 = EDGE_CURVE('',#211,#350,#358,.T.);
#358 = LINE('',#359,#360);
#359 = CARTESIAN_POINT('',(-1.,0.585,1.25));
#360 = VECTOR('',#361,1.);
#361 = DIRECTION('',(1.,0.,0.));
#362 = PLANE('',#363);
#363 = AXIS2_PLACEMENT_3D('',#364,#365,#366);
#364 = CARTESIAN_POINT('',(-1.,-0.625,1.25));
#365 = DIRECTION('',(0.,0.,1.));
#366 = DIRECTION('',(1.,0.,-0.));
#367 = ADVANCED_FACE('',(#368),#387,.T.);
#368 = FACE_BOUND('',#369,.T.);
#369 = EDGE_LOOP('',(#370,#378,#385,#386));
#370 = ORIENTED_EDGE('',*,*,#371,.T.);
#371 = EDGE_CURVE('',#194,#372,#374,.T.);
#372 = VERTEX_POINT('',#373);
#373 = CARTESIAN_POINT('',(-0.6,0.625,4.E-02));
#374 = LINE('',#375,#376);
#375 = CARTESIAN_POINT('',(-1.,0.625,4.E-02));
#376 = VECTOR('',#377,1.);
#377 = DIRECTION('',(1.,0.,0.));
#378 = ORIENTED_EDGE('',*,*,#379,.T.);
#379 = EDGE_CURVE('',#372,#326,#380,.T.);
#380 = CIRCLE('',#381,4.E-02);
#381 = AXIS2_PLACEMENT_3D('',#382,#383,#384);
#382 = CARTESIAN_POINT('',(-0.6,0.585,4.E-02));
#383 = DIRECTION('',(-1.,0.,0.));
#384 = DIRECTION('',(0.,0.,1.));
#385 = ORIENTED_EDGE('',*,*,#333,.F.);
#386 = ORIENTED_EDGE('',*,*,#193,.F.);
#387 = CYLINDRICAL_SURFACE('',#388,4.E-02);
#388 = AXIS2_PLACEMENT_3D('',#389,#390,#391);
#389 = CARTESIAN_POINT('',(-1.,0.585,4.E-02));
#390 = DIRECTION('',(1.,0.,0.));
#391 = DIRECTION('',(-0.,1.,0.));
#392 = ADVANCED_FACE('',(#393),#412,.T.);
#393 = FACE_BOUND('',#394,.T.);
#394 = EDGE_LOOP('',(#395,#396,#397,#406));
#395 = ORIENTED_EDGE('',*,*,#210,.T.);
#396 = ORIENTED_EDGE('',*,*,#357,.T.);
#397 = ORIENTED_EDGE('',*,*,#398,.F.);
#398 = EDGE_CURVE('',#399,#350,#401,.T.);
#399 = VERTEX_POINT('',#400);
#400 = CARTESIAN_POINT('',(-0.6,0.625,1.21));
#401 = CIRCLE('',#402,4.E-02);
#402 = AXIS2_PLACEMENT_3D('',#403,#404,#405);
#403 = CARTESIAN_POINT('',(-0.6,0.585,1.21));
#404 = DIRECTION('',(1.,0.,-0.));
#405 = DIRECTION('',(0.,0.,1.));
#406 = ORIENTED_EDGE('',*,*,#407,.F.);
#407 = EDGE_CURVE('',#203,#399,#408,.T.);
#408 = LINE('',#409,#410);
#409 = CARTESIAN_POINT('',(-1.,0.625,1.21));
#410 = VECTOR('',#411,1.);
#411 = DIRECTION('',(1.,0.,0.));
#412 = CYLINDRICAL_SURFACE('',#413,4.E-02);
#413 = AXIS2_PLACEMENT_3D('',#414,#415,#416);
#414 = CARTESIAN_POINT('',(-1.,0.585,1.21));
#415 = DIRECTION('',(1.,0.,0.));
#416 = DIRECTION('',(-0.,1.,0.));
#417 = ADVANCED_FACE('',(#418),#429,.T.);
#418 = FACE_BOUND('',#419,.T.);
#419 = EDGE_LOOP('',(#420,#426,#427,#428));
#420 = ORIENTED_EDGE('',*,*,#421,.F.);
#421 = EDGE_CURVE('',#372,#399,#422,.T.);
#422 = LINE('',#423,#424);
#423 = CARTESIAN_POINT('',(-0.6,0.625,0.));
#424 = VECTOR('',#425,1.);
#425 = DIRECTION('',(0.,0.,1.));
#426 = ORIENTED_EDGE('',*,*,#371,.F.);
#427 = ORIENTED_EDGE('',*,*,#202,.T.);
#428 = ORIENTED_EDGE('',*,*,#407,.T.);
#429 = PLANE('',#430);
#430 = AXIS2_PLACEMENT_3D('',#431,#432,#433);
#431 = CARTESIAN_POINT('',(-1.,0.625,0.));
#432 = DIRECTION('',(0.,1.,0.));
#433 = DIRECTION('',(0.,-0.,1.));
#434 = ADVANCED_FACE('',(#435,#445),#515,.T.);
#435 = FACE_BOUND('',#436,.T.);
#436 = EDGE_LOOP('',(#437,#438,#439,#440,#441,#442,#443,#444));
#437 = ORIENTED_EDGE('',*,*,#242,.F.);
#438 = ORIENTED_EDGE('',*,*,#282,.T.);
#439 = ORIENTED_EDGE('',*,*,#325,.T.);
#440 = ORIENTED_EDGE('',*,*,#379,.F.);
#441 = ORIENTED_EDGE('',*,*,#421,.T.);
#442 = ORIENTED_EDGE('',*,*,#398,.T.);
#443 = ORIENTED_EDGE('',*,*,#349,.F.);
#444 = ORIENTED_EDGE('',*,*,#299,.F.);
#445 = FACE_BOUND('',#446,.T.);
#446 = EDGE_LOOP('',(#447,#458,#466,#475,#483,#492,#500,#509));
#447 = ORIENTED_EDGE('',*,*,#448,.F.);
#448 = EDGE_CURVE('',#449,#451,#453,.T.);
#449 = VERTEX_POINT('',#450);
#450 = CARTESIAN_POINT('',(-0.6,-0.585,8.E-02));
#451 = VERTEX_POINT('',#452);
#452 = CARTESIAN_POINT('',(-0.6,-0.545,4.E-02));
#453 = CIRCLE('',#454,4.E-02);
#454 = AXIS2_PLACEMENT_3D('',#455,#456,#457);
#455 = CARTESIAN_POINT('',(-0.6,-0.545,8.E-02));
#456 = DIRECTION('',(1.,0.,-0.));
#457 = DIRECTION('',(0.,0.,1.));
#458 = ORIENTED_EDGE('',*,*,#459,.T.);
#459 = EDGE_CURVE('',#449,#460,#462,.T.);
#460 = VERTEX_POINT('',#461);
#461 = CARTESIAN_POINT('',(-0.6,-0.585,1.17));
#462 = LINE('',#463,#464);
#463 = CARTESIAN_POINT('',(-0.6,-0.585,4.E-02));
#464 = VECTOR('',#465,1.);
#465 = DIRECTION('',(0.,0.,1.));
#466 = ORIENTED_EDGE('',*,*,#467,.T.);
#467 = EDGE_CURVE('',#460,#468,#470,.T.);
#468 = VERTEX_POINT('',#469);
#469 = CARTESIAN_POINT('',(-0.6,-0.545,1.21));
#470 = CIRCLE('',#471,4.E-02);
#471 = AXIS2_PLACEMENT_3D('',#472,#473,#474);
#472 = CARTESIAN_POINT('',(-0.6,-0.545,1.17));
#473 = DIRECTION('',(-1.,0.,0.));
#474 = DIRECTION('',(0.,0.,1.));
#475 = ORIENTED_EDGE('',*,*,#476,.T.);
#476 = EDGE_CURVE('',#468,#477,#479,.T.);
#477 = VERTEX_POINT('',#478);
#478 = CARTESIAN_POINT('',(-0.6,0.545,1.21));
#479 = LINE('',#480,#481);
#480 = CARTESIAN_POINT('',(-0.6,-0.585,1.21));
#481 = VECTOR('',#482,1.);
#482 = DIRECTION('',(0.,1.,0.));
#483 = ORIENTED_EDGE('',*,*,#484,.F.);
#484 = EDGE_CURVE('',#485,#477,#487,.T.);
#485 = VERTEX_POINT('',#486);
#486 = CARTESIAN_POINT('',(-0.6,0.585,1.17));
#487 = CIRCLE('',#488,4.E-02);
#488 = AXIS2_PLACEMENT_3D('',#489,#490,#491);
#489 = CARTESIAN_POINT('',(-0.6,0.545,1.17));
#490 = DIRECTION('',(1.,0.,-0.));
#491 = DIRECTION('',(0.,0.,1.));
#492 = ORIENTED_EDGE('',*,*,#493,.F.);
#493 = EDGE_CURVE('',#494,#485,#496,.T.);
#494 = VERTEX_POINT('',#495);
#495 = CARTESIAN_POINT('',(-0.6,0.585,8.E-02));
#496 = LINE('',#497,#498);
#497 = CARTESIAN_POINT('',(-0.6,0.585,4.E-02));
#498 = VECTOR('',#499,1.);
#499 = DIRECTION('',(0.,0.,1.));
#500 = ORIENTED_EDGE('',*,*,#501,.T.);
#501 = EDGE_CURVE('',#494,#502,#504,.T.);
#502 = VERTEX_POINT('',#503);
#503 = CARTESIAN_POINT('',(-0.6,0.545,4.E-02));
#504 = CIRCLE('',#505,4.E-02);
#505 = AXIS2_PLACEMENT_3D('',#506,#507,#508);
#506 = CARTESIAN_POINT('',(-0.6,0.545,8.E-02));
#507 = DIRECTION('',(-1.,0.,0.));
#508 = DIRECTION('',(0.,0.,1.));
#509 = ORIENTED_EDGE('',*,*,#510,.F.);
#510 = EDGE_CURVE('',#451,#502,#511,.T.);
#511 = LINE('',#512,#513);
#512 = CARTESIAN_POINT('',(-0.6,-0.585,4.E-02));
#513 = VECTOR('',#514,1.);
#514 = DIRECTION('',(0.,1.,0.));
#515 = PLANE('',#516);
#516 = AXIS2_PLACEMENT_3D('',#517,#518,#519);
#517 = CARTESIAN_POINT('',(-0.6,-0.625,0.));
#518 = DIRECTION('',(1.,0.,0.));
#519 = DIRECTION('',(0.,0.,1.));
#520 = ADVANCED_FACE('',(#521),#547,.T.);
#521 = FACE_BOUND('',#522,.T.);
#522 = EDGE_LOOP('',(#523,#524,#532,#541));
#523 = ORIENTED_EDGE('',*,*,#448,.T.);
#524 = ORIENTED_EDGE('',*,*,#525,.T.);
#525 = EDGE_CURVE('',#451,#526,#528,.T.);
#526 = VERTEX_POINT('',#527);
#527 = CARTESIAN_POINT('',(0.6,-0.545,4.E-02));
#528 = LINE('',#529,#530);
#529 = CARTESIAN_POINT('',(-0.6,-0.545,4.E-02));
#530 = VECTOR('',#531,1.);
#531 = DIRECTION('',(1.,0.,0.));
#532 = ORIENTED_EDGE('',*,*,#533,.F.);
#533 = EDGE_CURVE('',#534,#526,#536,.T.);
#534 = VERTEX_POINT('',#535);
#535 = CARTESIAN_POINT('',(0.6,-0.585,8.E-02));
#536 = CIRCLE('',#537,4.E-02);
#537 = AXIS2_PLACEMENT_3D('',#538,#539,#540);
#538 = CARTESIAN_POINT('',(0.6,-0.545,8.E-02));
#539 = DIRECTION('',(1.,0.,-0.));
#540 = DIRECTION('',(0.,0.,1.));
#541 = ORIENTED_EDGE('',*,*,#542,.F.);
#542 = EDGE_CURVE('',#449,#534,#543,.T.);
#543 = LINE('',#544,#545);
#544 = CARTESIAN_POINT('',(-0.6,-0.585,8.E-02));
#545 = VECTOR('',#546,1.);
#546 = DIRECTION('',(1.,0.,0.));
#547 = CYLINDRICAL_SURFACE('',#548,4.E-02);
#548 = AXIS2_PLACEMENT_3D('',#549,#550,#551);
#549 = CARTESIAN_POINT('',(-0.6,-0.545,8.E-02));
#550 = DIRECTION('',(1.,0.,0.));
#551 = DIRECTION('',(0.,-1.,0.));
#552 = ADVANCED_FACE('',(#553),#571,.F.);
#553 = FACE_BOUND('',#554,.F.);
#554 = EDGE_LOOP('',(#555,#556,#557,#565));
#555 = ORIENTED_EDGE('',*,*,#510,.F.);
#556 = ORIENTED_EDGE('',*,*,#525,.T.);
#557 = ORIENTED_EDGE('',*,*,#558,.T.);
#558 = EDGE_CURVE('',#526,#559,#561,.T.);
#559 = VERTEX_POINT('',#560);
#560 = CARTESIAN_POINT('',(0.6,0.545,4.E-02));
#561 = LINE('',#562,#563);
#562 = CARTESIAN_POINT('',(0.6,-0.585,4.E-02));
#563 = VECTOR('',#564,1.);
#564 = DIRECTION('',(0.,1.,0.));
#565 = ORIENTED_EDGE('',*,*,#566,.F.);
#566 = EDGE_CURVE('',#502,#559,#567,.T.);
#567 = LINE('',#568,#569);
#568 = CARTESIAN_POINT('',(-0.6,0.545,4.E-02));
#569 = VECTOR('',#570,1.);
#570 = DIRECTION('',(1.,0.,0.));
#571 = PLANE('',#572);
#572 = AXIS2_PLACEMENT_3D('',#573,#574,#575);
#573 = CARTESIAN_POINT('',(-0.6,-0.585,4.E-02));
#574 = DIRECTION('',(0.,0.,1.));
#575 = DIRECTION('',(1.,0.,-0.));
#576 = ADVANCED_FACE('',(#577),#596,.T.);
#577 = FACE_BOUND('',#578,.T.);
#578 = EDGE_LOOP('',(#579,#587,#594,#595));
#579 = ORIENTED_EDGE('',*,*,#580,.T.);
#580 = EDGE_CURVE('',#494,#581,#583,.T.);
#581 = VERTEX_POINT('',#582);
#582 = CARTESIAN_POINT('',(0.6,0.585,8.E-02));
#583 = LINE('',#584,#585);
#584 = CARTESIAN_POINT('',(-0.6,0.585,8.E-02));
#585 = VECTOR('',#586,1.);
#586 = DIRECTION('',(1.,0.,0.));
#587 = ORIENTED_EDGE('',*,*,#588,.T.);
#588 = EDGE_CURVE('',#581,#559,#589,.T.);
#589 = CIRCLE('',#590,4.E-02);
#590 = AXIS2_PLACEMENT_3D('',#591,#592,#593);
#591 = CARTESIAN_POINT('',(0.6,0.545,8.E-02));
#592 = DIRECTION('',(-1.,0.,0.));
#593 = DIRECTION('',(0.,0.,1.));
#594 = ORIENTED_EDGE('',*,*,#566,.F.);
#595 = ORIENTED_EDGE('',*,*,#501,.F.);
#596 = CYLINDRICAL_SURFACE('',#597,4.E-02);
#597 = AXIS2_PLACEMENT_3D('',#598,#599,#600);
#598 = CARTESIAN_POINT('',(-0.6,0.545,8.E-02));
#599 = DIRECTION('',(1.,0.,0.));
#600 = DIRECTION('',(-0.,1.,0.));
#601 = ADVANCED_FACE('',(#602),#620,.T.);
#602 = FACE_BOUND('',#603,.T.);
#603 = EDGE_LOOP('',(#604,#612,#613,#614));
#604 = ORIENTED_EDGE('',*,*,#605,.F.);
#605 = EDGE_CURVE('',#581,#606,#608,.T.);
#606 = VERTEX_POINT('',#607);
#607 = CARTESIAN_POINT('',(0.6,0.585,1.17));
#608 = LINE('',#609,#610);
#609 = CARTESIAN_POINT('',(0.6,0.585,4.E-02));
#610 = VECTOR('',#611,1.);
#611 = DIRECTION('',(0.,0.,1.));
#612 = ORIENTED_EDGE('',*,*,#580,.F.);
#613 = ORIENTED_EDGE('',*,*,#493,.T.);
#614 = ORIENTED_EDGE('',*,*,#615,.T.);
#615 = EDGE_CURVE('',#485,#606,#616,.T.);
#616 = LINE('',#617,#618);
#617 = CARTESIAN_POINT('',(-0.6,0.585,1.17));
#618 = VECTOR('',#619,1.);
#619 = DIRECTION('',(1.,0.,0.));
#620 = PLANE('',#621);
#621 = AXIS2_PLACEMENT_3D('',#622,#623,#624);
#622 = CARTESIAN_POINT('',(-0.6,0.585,4.E-02));
#623 = DIRECTION('',(0.,1.,0.));
#624 = DIRECTION('',(0.,-0.,1.));
#625 = ADVANCED_FACE('',(#626),#645,.T.);
#626 = FACE_BOUND('',#627,.T.);
#627 = EDGE_LOOP('',(#628,#629,#637,#644));
#628 = ORIENTED_EDGE('',*,*,#484,.T.);
#629 = ORIENTED_EDGE('',*,*,#630,.T.);
#630 = EDGE_CURVE('',#477,#631,#633,.T.);
#631 = VERTEX_POINT('',#632);
#632 = CARTESIAN_POINT('',(0.6,0.545,1.21));
#633 = LINE('',#634,#635);
#634 = CARTESIAN_POINT('',(-0.6,0.545,1.21));
#635 = VECTOR('',#636,1.);
#636 = DIRECTION('',(1.,0.,0.));
#637 = ORIENTED_EDGE('',*,*,#638,.F.);
#638 = EDGE_CURVE('',#606,#631,#639,.T.);
#639 = CIRCLE('',#640,4.E-02);
#640 = AXIS2_PLACEMENT_3D('',#641,#642,#643);
#641 = CARTESIAN_POINT('',(0.6,0.545,1.17));
#642 = DIRECTION('',(1.,0.,-0.));
#643 = DIRECTION('',(0.,0.,1.));
#644 = ORIENTED_EDGE('',*,*,#615,.F.);
#645 = CYLINDRICAL_SURFACE('',#646,4.E-02);
#646 = AXIS2_PLACEMENT_3D('',#647,#648,#649);
#647 = CARTESIAN_POINT('',(-0.6,0.545,1.17));
#648 = DIRECTION('',(1.,0.,0.));
#649 = DIRECTION('',(-0.,1.,0.));
#650 = ADVANCED_FACE('',(#651),#669,.T.);
#651 = FACE_BOUND('',#652,.T.);
#652 = EDGE_LOOP('',(#653,#654,#662,#668));
#653 = ORIENTED_EDGE('',*,*,#476,.F.);
#654 = ORIENTED_EDGE('',*,*,#655,.T.);
#655 = EDGE_CURVE('',#468,#656,#658,.T.);
#656 = VERTEX_POINT('',#657);
#657 = CARTESIAN_POINT('',(0.6,-0.545,1.21));
#658 = LINE('',#659,#660);
#659 = CARTESIAN_POINT('',(-0.6,-0.545,1.21));
#660 = VECTOR('',#661,1.);
#661 = DIRECTION('',(1.,0.,0.));
#662 = ORIENTED_EDGE('',*,*,#663,.T.);
#663 = EDGE_CURVE('',#656,#631,#664,.T.);
#664 = LINE('',#665,#666);
#665 = CARTESIAN_POINT('',(0.6,-0.585,1.21));
#666 = VECTOR('',#667,1.);
#667 = DIRECTION('',(0.,1.,0.));
#668 = ORIENTED_EDGE('',*,*,#630,.F.);
#669 = PLANE('',#670);
#670 = AXIS2_PLACEMENT_3D('',#671,#672,#673);
#671 = CARTESIAN_POINT('',(-0.6,-0.585,1.21));
#672 = DIRECTION('',(0.,0.,1.));
#673 = DIRECTION('',(1.,0.,-0.));
#674 = ADVANCED_FACE('',(#675),#694,.T.);
#675 = FACE_BOUND('',#676,.T.);
#676 = EDGE_LOOP('',(#677,#685,#692,#693));
#677 = ORIENTED_EDGE('',*,*,#678,.T.);
#678 = EDGE_CURVE('',#460,#679,#681,.T.);
#679 = VERTEX_POINT('',#680);
#680 = CARTESIAN_POINT('',(0.6,-0.585,1.17));
#681 = LINE('',#682,#683);
#682 = CARTESIAN_POINT('',(-0.6,-0.585,1.17));
#683 = VECTOR('',#684,1.);
#684 = DIRECTION('',(1.,0.,0.));
#685 = ORIENTED_EDGE('',*,*,#686,.T.);
#686 = EDGE_CURVE('',#679,#656,#687,.T.);
#687 = CIRCLE('',#688,4.E-02);
#688 = AXIS2_PLACEMENT_3D('',#689,#690,#691);
#689 = CARTESIAN_POINT('',(0.6,-0.545,1.17));
#690 = DIRECTION('',(-1.,0.,0.));
#691 = DIRECTION('',(0.,0.,1.));
#692 = ORIENTED_EDGE('',*,*,#655,.F.);
#693 = ORIENTED_EDGE('',*,*,#467,.F.);
#694 = CYLINDRICAL_SURFACE('',#695,4.E-02);
#695 = AXIS2_PLACEMENT_3D('',#696,#697,#698);
#696 = CARTESIAN_POINT('',(-0.6,-0.545,1.17));
#697 = DIRECTION('',(1.,0.,0.));
#698 = DIRECTION('',(0.,-1.,0.));
#699 = ADVANCED_FACE('',(#700),#711,.F.);
#700 = FACE_BOUND('',#701,.F.);
#701 = EDGE_LOOP('',(#702,#708,#709,#710));
#702 = ORIENTED_EDGE('',*,*,#703,.F.);
#703 = EDGE_CURVE('',#534,#679,#704,.T.);
#704 = LINE('',#705,#706);
#705 = CARTESIAN_POINT('',(0.6,-0.585,4.E-02));
#706 = VECTOR('',#707,1.);
#707 = DIRECTION('',(0.,0.,1.));
#708 = ORIENTED_EDGE('',*,*,#542,.F.);
#709 = ORIENTED_EDGE('',*,*,#459,.T.);
#710 = ORIENTED_EDGE('',*,*,#678,.T.);
#711 = PLANE('',#712);
#712 = AXIS2_PLACEMENT_3D('',#713,#714,#715);
#713 = CARTESIAN_POINT('',(-0.6,-0.585,4.E-02));
#714 = DIRECTION('',(0.,1.,0.));
#715 = DIRECTION('',(0.,-0.,1.));
#716 = ADVANCED_FACE('',(#717,#787),#797,.F.);
#717 = FACE_BOUND('',#718,.F.);
#718 = EDGE_LOOP('',(#719,#729,#738,#746,#755,#763,#772,#780));
#719 = ORIENTED_EDGE('',*,*,#720,.F.);
#720 = EDGE_CURVE('',#721,#723,#725,.T.);
#721 = VERTEX_POINT('',#722);
#722 = CARTESIAN_POINT('',(0.6,-0.625,4.E-02));
#723 = VERTEX_POINT('',#724);
#724 = CARTESIAN_POINT('',(0.6,-0.625,1.21));
#725 = LINE('',#726,#727);
#726 = CARTESIAN_POINT('',(0.6,-0.625,0.));
#727 = VECTOR('',#728,1.);
#728 = DIRECTION('',(0.,0.,1.));
#729 = ORIENTED_EDGE('',*,*,#730,.T.);
#730 = EDGE_CURVE('',#721,#731,#733,.T.);
#731 = VERTEX_POINT('',#732);
#732 = CARTESIAN_POINT('',(0.6,-0.585,0.));
#733 = CIRCLE('',#734,4.E-02);
#734 = AXIS2_PLACEMENT_3D('',#735,#736,#737);
#735 = CARTESIAN_POINT('',(0.6,-0.585,4.E-02));
#736 = DIRECTION('',(1.,0.,-0.));
#737 = DIRECTION('',(0.,0.,1.));
#738 = ORIENTED_EDGE('',*,*,#739,.T.);
#739 = EDGE_CURVE('',#731,#740,#742,.T.);
#740 = VERTEX_POINT('',#741);
#741 = CARTESIAN_POINT('',(0.6,0.585,0.));
#742 = LINE('',#743,#744);
#743 = CARTESIAN_POINT('',(0.6,-0.625,0.));
#744 = VECTOR('',#745,1.);
#745 = DIRECTION('',(0.,1.,0.));
#746 = ORIENTED_EDGE('',*,*,#747,.F.);
#747 = EDGE_CURVE('',#748,#740,#750,.T.);
#748 = VERTEX_POINT('',#749);
#749 = CARTESIAN_POINT('',(0.6,0.625,4.E-02));
#750 = CIRCLE('',#751,4.E-02);
#751 = AXIS2_PLACEMENT_3D('',#752,#753,#754);
#752 = CARTESIAN_POINT('',(0.6,0.585,4.E-02));
#753 = DIRECTION('',(-1.,0.,0.));
#754 = DIRECTION('',(0.,0.,1.));
#755 = ORIENTED_EDGE('',*,*,#756,.T.);
#756 = EDGE_CURVE('',#748,#757,#759,.T.);
#757 = VERTEX_POINT('',#758);
#758 = CARTESIAN_POINT('',(0.6,0.625,1.21));
#759 = LINE('',#760,#761);
#760 = CARTESIAN_POINT('',(0.6,0.625,0.));
#761 = VECTOR('',#762,1.);
#762 = DIRECTION('',(0.,0.,1.));
#763 = ORIENTED_EDGE('',*,*,#764,.T.);
#764 = EDGE_CURVE('',#757,#765,#767,.T.);
#765 = VERTEX_POINT('',#766);
#766 = CARTESIAN_POINT('',(0.6,0.585,1.25));
#767 = CIRCLE('',#768,4.E-02);
#768 = AXIS2_PLACEMENT_3D('',#769,#770,#771);
#769 = CARTESIAN_POINT('',(0.6,0.585,1.21));
#770 = DIRECTION('',(1.,0.,-0.));
#771 = DIRECTION('',(0.,0.,1.));
#772 = ORIENTED_EDGE('',*,*,#773,.F.);
#773 = EDGE_CURVE('',#774,#765,#776,.T.);
#774 = VERTEX_POINT('',#775);
#775 = CARTESIAN_POINT('',(0.6,-0.585,1.25));
#776 = LINE('',#777,#778);
#777 = CARTESIAN_POINT('',(0.6,-0.625,1.25));
#778 = VECTOR('',#779,1.);
#779 = DIRECTION('',(0.,1.,0.));
#780 = ORIENTED_EDGE('',*,*,#781,.F.);
#781 = EDGE_CURVE('',#723,#774,#782,.T.);
#782 = CIRCLE('',#783,4.E-02);
#783 = AXIS2_PLACEMENT_3D('',#784,#785,#786);
#784 = CARTESIAN_POINT('',(0.6,-0.585,1.21));
#785 = DIRECTION('',(-1.,0.,0.));
#786 = DIRECTION('',(0.,0.,1.));
#787 = FACE_BOUND('',#788,.F.);
#788 = EDGE_LOOP('',(#789,#790,#791,#792,#793,#794,#795,#796));
#789 = ORIENTED_EDGE('',*,*,#533,.F.);
#790 = ORIENTED_EDGE('',*,*,#703,.T.);
#791 = ORIENTED_EDGE('',*,*,#686,.T.);
#792 = ORIENTED_EDGE('',*,*,#663,.T.);
#793 = ORIENTED_EDGE('',*,*,#638,.F.);
#794 = ORIENTED_EDGE('',*,*,#605,.F.);
#795 = ORIENTED_EDGE('',*,*,#588,.T.);
#796 = ORIENTED_EDGE('',*,*,#558,.F.);
#797 = PLANE('',#798);
#798 = AXIS2_PLACEMENT_3D('',#799,#800,#801);
#799 = CARTESIAN_POINT('',(0.6,-0.625,0.));
#800 = DIRECTION('',(1.,0.,0.));
#801 = DIRECTION('',(0.,0.,1.));
#802 = ADVANCED_FACE('',(#803),#828,.F.);
#803 = FACE_BOUND('',#804,.F.);
#804 = EDGE_LOOP('',(#805,#815,#821,#822));
#805 = ORIENTED_EDGE('',*,*,#806,.F.);
#806 = EDGE_CURVE('',#807,#809,#811,.T.);
#807 = VERTEX_POINT('',#808);
#808 = CARTESIAN_POINT('',(1.,-0.625,4.E-02));
#809 = VERTEX_POINT('',#810);
#810 = CARTESIAN_POINT('',(1.,-0.625,1.21));
#811 = LINE('',#812,#813);
#812 = CARTESIAN_POINT('',(1.,-0.625,0.));
#813 = VECTOR('',#814,1.);
#814 = DIRECTION('',(0.,0.,1.));
#815 = ORIENTED_EDGE('',*,*,#816,.F.);
#816 = EDGE_CURVE('',#721,#807,#817,.T.);
#817 = LINE('',#818,#819);
#818 = CARTESIAN_POINT('',(0.6,-0.625,4.E-02));
#819 = VECTOR('',#820,1.);
#820 = DIRECTION('',(1.,0.,0.));
#821 = ORIENTED_EDGE('',*,*,#720,.T.);
#822 = ORIENTED_EDGE('',*,*,#823,.T.);
#823 = EDGE_CURVE('',#723,#809,#824,.T.);
#824 = LINE('',#825,#826);
#825 = CARTESIAN_POINT('',(0.6,-0.625,1.21));
#826 = VECTOR('',#827,1.);
#827 = DIRECTION('',(1.,0.,0.));
#828 = PLANE('',#829);
#829 = AXIS2_PLACEMENT_3D('',#830,#831,#832);
#830 = CARTESIAN_POINT('',(0.6,-0.625,0.));
#831 = DIRECTION('',(0.,1.,0.));
#832 = DIRECTION('',(0.,-0.,1.));
#833 = ADVANCED_FACE('',(#834),#853,.T.);
#834 = FACE_BOUND('',#835,.T.);
#835 = EDGE_LOOP('',(#836,#837,#845,#852));
#836 = ORIENTED_EDGE('',*,*,#730,.T.);
#837 = ORIENTED_EDGE('',*,*,#838,.T.);
#838 = EDGE_CURVE('',#731,#839,#841,.T.);
#839 = VERTEX_POINT('',#840);
#840 = CARTESIAN_POINT('',(1.,-0.585,0.));
#841 = LINE('',#842,#843);
#842 = CARTESIAN_POINT('',(0.6,-0.585,0.));
#843 = VECTOR('',#844,1.);
#844 = DIRECTION('',(1.,0.,0.));
#845 = ORIENTED_EDGE('',*,*,#846,.F.);
#846 = EDGE_CURVE('',#807,#839,#847,.T.);
#847 = CIRCLE('',#848,4.E-02);
#848 = AXIS2_PLACEMENT_3D('',#849,#850,#851);
#849 = CARTESIAN_POINT('',(1.,-0.585,4.E-02));
#850 = DIRECTION('',(1.,0.,-0.));
#851 = DIRECTION('',(0.,0.,1.));
#852 = ORIENTED_EDGE('',*,*,#816,.F.);
#853 = CYLINDRICAL_SURFACE('',#854,4.E-02);
#854 = AXIS2_PLACEMENT_3D('',#855,#856,#857);
#855 = CARTESIAN_POINT('',(0.6,-0.585,4.E-02));
#856 = DIRECTION('',(1.,0.,0.));
#857 = DIRECTION('',(0.,-1.,0.));
#858 = ADVANCED_FACE('',(#859),#878,.T.);
#859 = FACE_BOUND('',#860,.T.);
#860 = EDGE_LOOP('',(#861,#862,#871,#877));
#861 = ORIENTED_EDGE('',*,*,#823,.T.);
#862 = ORIENTED_EDGE('',*,*,#863,.T.);
#863 = EDGE_CURVE('',#809,#864,#866,.T.);
#864 = VERTEX_POINT('',#865);
#865 = CARTESIAN_POINT('',(1.,-0.585,1.25));
#866 = CIRCLE('',#867,4.E-02);
#867 = AXIS2_PLACEMENT_3D('',#868,#869,#870);
#868 = CARTESIAN_POINT('',(1.,-0.585,1.21));
#869 = DIRECTION('',(-1.,0.,0.));
#870 = DIRECTION('',(0.,0.,1.));
#871 = ORIENTED_EDGE('',*,*,#872,.F.);
#872 = EDGE_CURVE('',#774,#864,#873,.T.);
#873 = LINE('',#874,#875);
#874 = CARTESIAN_POINT('',(0.6,-0.585,1.25));
#875 = VECTOR('',#876,1.);
#876 = DIRECTION('',(1.,0.,0.));
#877 = ORIENTED_EDGE('',*,*,#781,.F.);
#878 = CYLINDRICAL_SURFACE('',#879,4.E-02);
#879 = AXIS2_PLACEMENT_3D('',#880,#881,#882);
#880 = CARTESIAN_POINT('',(0.6,-0.585,1.21));
#881 = DIRECTION('',(1.,0.,0.));
#882 = DIRECTION('',(0.,-1.,0.));
#883 = ADVANCED_FACE('',(#884),#902,.F.);
#884 = FACE_BOUND('',#885,.F.);
#885 = EDGE_LOOP('',(#886,#887,#888,#896));
#886 = ORIENTED_EDGE('',*,*,#739,.F.);
#887 = ORIENTED_EDGE('',*,*,#838,.T.);
#888 = ORIENTED_EDGE('',*,*,#889,.T.);
#889 = EDGE_CURVE('',#839,#890,#892,.T.);
#890 = VERTEX_POINT('',#891);
#891 = CARTESIAN_POINT('',(1.,0.585,0.));
#892 = LINE('',#893,#894);
#893 = CARTESIAN_POINT('',(1.,-0.625,0.));
#894 = VECTOR('',#895,1.);
#895 = DIRECTION('',(0.,1.,0.));
#896 = ORIENTED_EDGE('',*,*,#897,.F.);
#897 = EDGE_CURVE('',#740,#890,#898,.T.);
#898 = LINE('',#899,#900);
#899 = CARTESIAN_POINT('',(0.6,0.585,0.));
#900 = VECTOR('',#901,1.);
#901 = DIRECTION('',(1.,0.,0.));
#902 = PLANE('',#903);
#903 = AXIS2_PLACEMENT_3D('',#904,#905,#906);
#904 = CARTESIAN_POINT('',(0.6,-0.625,0.));
#905 = DIRECTION('',(0.,0.,1.));
#906 = DIRECTION('',(1.,0.,-0.));
#907 = ADVANCED_FACE('',(#908),#926,.T.);
#908 = FACE_BOUND('',#909,.T.);
#909 = EDGE_LOOP('',(#910,#911,#912,#920));
#910 = ORIENTED_EDGE('',*,*,#773,.F.);
#911 = ORIENTED_EDGE('',*,*,#872,.T.);
#912 = ORIENTED_EDGE('',*,*,#913,.T.);
#913 = EDGE_CURVE('',#864,#914,#916,.T.);
#914 = VERTEX_POINT('',#915);
#915 = CARTESIAN_POINT('',(1.,0.585,1.25));
#916 = LINE('',#917,#918);
#917 = CARTESIAN_POINT('',(1.,-0.625,1.25));
#918 = VECTOR('',#919,1.);
#919 = DIRECTION('',(0.,1.,0.));
#920 = ORIENTED_EDGE('',*,*,#921,.F.);
#921 = EDGE_CURVE('',#765,#914,#922,.T.);
#922 = LINE('',#923,#924);
#923 = CARTESIAN_POINT('',(0.6,0.585,1.25));
#924 = VECTOR('',#925,1.);
#925 = DIRECTION('',(1.,0.,0.));
#926 = PLANE('',#927);
#927 = AXIS2_PLACEMENT_3D('',#928,#929,#930);
#928 = CARTESIAN_POINT('',(0.6,-0.625,1.25));
#929 = DIRECTION('',(0.,0.,1.));
#930 = DIRECTION('',(1.,0.,-0.));
#931 = ADVANCED_FACE('',(#932),#951,.T.);
#932 = FACE_BOUND('',#933,.T.);
#933 = EDGE_LOOP('',(#934,#942,#949,#950));
#934 = ORIENTED_EDGE('',*,*,#935,.T.);
#935 = EDGE_CURVE('',#748,#936,#938,.T.);
#936 = VERTEX_POINT('',#937);
#937 = CARTESIAN_POINT('',(1.,0.625,4.E-02));
#938 = LINE('',#939,#940);
#939 = CARTESIAN_POINT('',(0.6,0.625,4.E-02));
#940 = VECTOR('',#941,1.);
#941 = DIRECTION('',(1.,0.,0.));
#942 = ORIENTED_EDGE('',*,*,#943,.T.);
#943 = EDGE_CURVE('',#936,#890,#944,.T.);
#944 = CIRCLE('',#945,4.E-02);
#945 = AXIS2_PLACEMENT_3D('',#946,#947,#948);
#946 = CARTESIAN_POINT('',(1.,0.585,4.E-02));
#947 = DIRECTION('',(-1.,0.,0.));
#948 = DIRECTION('',(0.,0.,1.));
#949 = ORIENTED_EDGE('',*,*,#897,.F.);
#950 = ORIENTED_EDGE('',*,*,#747,.F.);
#951 = CYLINDRICAL_SURFACE('',#952,4.E-02);
#952 = AXIS2_PLACEMENT_3D('',#953,#954,#955);
#953 = CARTESIAN_POINT('',(0.6,0.585,4.E-02));
#954 = DIRECTION('',(1.,0.,0.));
#955 = DIRECTION('',(-0.,1.,0.));
#956 = ADVANCED_FACE('',(#957),#976,.T.);
#957 = FACE_BOUND('',#958,.T.);
#958 = EDGE_LOOP('',(#959,#960,#961,#970));
#959 = ORIENTED_EDGE('',*,*,#764,.T.);
#960 = ORIENTED_EDGE('',*,*,#921,.T.);
#961 = ORIENTED_EDGE('',*,*,#962,.F.);
#962 = EDGE_CURVE('',#963,#914,#965,.T.);
#963 = VERTEX_POINT('',#964);
#964 = CARTESIAN_POINT('',(1.,0.625,1.21));
#965 = CIRCLE('',#966,4.E-02);
#966 = AXIS2_PLACEMENT_3D('',#967,#968,#969);
#967 = CARTESIAN_POINT('',(1.,0.585,1.21));
#968 = DIRECTION('',(1.,0.,-0.));
#969 = DIRECTION('',(0.,0.,1.));
#970 = ORIENTED_EDGE('',*,*,#971,.F.);
#971 = EDGE_CURVE('',#757,#963,#972,.T.);
#972 = LINE('',#973,#974);
#973 = CARTESIAN_POINT('',(0.6,0.625,1.21));
#974 = VECTOR('',#975,1.);
#975 = DIRECTION('',(1.,0.,0.));
#976 = CYLINDRICAL_SURFACE('',#977,4.E-02);
#977 = AXIS2_PLACEMENT_3D('',#978,#979,#980);
#978 = CARTESIAN_POINT('',(0.6,0.585,1.21));
#979 = DIRECTION('',(1.,0.,0.));
#980 = DIRECTION('',(-0.,1.,0.));
#981 = ADVANCED_FACE('',(#982),#993,.T.);
#982 = FACE_BOUND('',#983,.T.);
#983 = EDGE_LOOP('',(#984,#990,#991,#992));
#984 = ORIENTED_EDGE('',*,*,#985,.F.);
#985 = EDGE_CURVE('',#936,#963,#986,.T.);
#986 = LINE('',#987,#988);
#987 = CARTESIAN_POINT('',(1.,0.625,0.));
#988 = VECTOR('',#989,1.);
#989 = DIRECTION('',(0.,0.,1.));
#990 = ORIENTED_EDGE('',*,*,#935,.F.);
#991 = ORIENTED_EDGE('',*,*,#756,.T.);
#992 = ORIENTED_EDGE('',*,*,#971,.T.);
#993 = PLANE('',#994);
#994 = AXIS2_PLACEMENT_3D('',#995,#996,#997);
#995 = CARTESIAN_POINT('',(0.6,0.625,0.));
#996 = DIRECTION('',(0.,1.,0.));
#997 = DIRECTION('',(0.,-0.,1.));
#998 = ADVANCED_FACE('',(#999),#1009,.T.);
#999 = FACE_BOUND('',#1000,.T.);
#1000 = EDGE_LOOP('',(#1001,#1002,#1003,#1004,#1005,#1006,#1007,#1008));
#1001 = ORIENTED_EDGE('',*,*,#806,.F.);
#1002 = ORIENTED_EDGE('',*,*,#846,.T.);
#1003 = ORIENTED_EDGE('',*,*,#889,.T.);
#1004 = ORIENTED_EDGE('',*,*,#943,.F.);
#1005 = ORIENTED_EDGE('',*,*,#985,.T.);
#1006 = ORIENTED_EDGE('',*,*,#962,.T.);
#1007 = ORIENTED_EDGE('',*,*,#913,.F.);
#1008 = ORIENTED_EDGE('',*,*,#863,.F.);
#1009 = PLANE('',#1010);
#1010 = AXIS2_PLACEMENT_3D('',#1011,#1012,#1013);
#1011 = CARTESIAN_POINT('',(1.,-0.625,0.));
#1012 = DIRECTION('',(1.,0.,0.));
#1013 = DIRECTION('',(0.,0.,1.));
#1014 = ( GEOMETRIC_REPRESENTATION_CONTEXT(3) 
GLOBAL_UNCERTAINTY_ASSIGNED_CONTEXT((#1018)) 
GLOBAL_UNIT_ASSIGNED_CONTEXT((#1015,#1016,#1017)) REPRESENTATION_CONTEXT
('Context #1','3D Context with UNIT and UNCERTAINTY') );
#1015 = ( LENGTH_UNIT() NAMED_UNIT(*) SI_UNIT(.MILLI.,.METRE.) );
#1016 = ( NAMED_UNIT(*) PLANE_ANGLE_UNIT() SI_UNIT($,.RADIAN.) );
#1017 = ( NAMED_UNIT(*) SI_UNIT($,.STERADIAN.) SOLID_ANGLE_UNIT() );
#1018 = UNCERTAINTY_MEASURE_WITH_UNIT(LENGTH_MEASURE(1.E-07),#1015,
  'distance_accuracy_value','confusion accuracy');
#1019 = CONTEXT_DEPENDENT_SHAPE_REPRESENTATION(#1020,#1022);
#1020 = ( REPRESENTATION_RELATIONSHIP('','',#159,#136) 
REPRESENTATION_RELATIONSHIP_WITH_TRANSFORMATION(#1021) 
SHAPE_REPRESENTATION_RELATIONSHIP() );
#1021 = ITEM_DEFINED_TRANSFORMATION('','',#11,#137);
#1022 = PRODUCT_DEFINITION_SHAPE('Placement','Placement of an item',
  #1023);
#1023 = NEXT_ASSEMBLY_USAGE_OCCURRENCE('1','=>[0:1:1:3]','',#131,#154,$
  );
#1024 = PRODUCT_RELATED_PRODUCT_CATEGORY('part',$,(#156));
#1025 = SHAPE_DEFINITION_REPRESENTATION(#1026,#1032);
#1026 = PRODUCT_DEFINITION_SHAPE('','',#1027);
#1027 = PRODUCT_DEFINITION('design','',#1028,#1031);
#1028 = PRODUCT_DEFINITION_FORMATION('','',#1029);
#1029 = PRODUCT('SOT-23','SOT-23','',(#1030));
#1030 = PRODUCT_CONTEXT('',#2,'mechanical');
#1031 = PRODUCT_DEFINITION_CONTEXT('part definition',#2,'design');
#1032 = SHAPE_REPRESENTATION('',(#11,#1033),#1037);
#1033 = AXIS2_PLACEMENT_3D('',#1034,#1035,#1036);
#1034 = CARTESIAN_POINT('',(0.,0.,0.));
#1035 = DIRECTION('',(0.,0.,1.));
#1036 = DIRECTION('',(1.,0.,-0.));
#1037 = ( GEOMETRIC_REPRESENTATION_CONTEXT(3) 
GLOBAL_UNCERTAINTY_ASSIGNED_CONTEXT((#1041)) 
GLOBAL_UNIT_ASSIGNED_CONTEXT((#1038,#1039,#1040)) REPRESENTATION_CONTEXT
('Context #1','3D Context with UNIT and UNCERTAINTY') );
#1038 = ( LENGTH_UNIT() NAMED_UNIT(*) SI_UNIT(.MILLI.,.METRE.) );
#1039 = ( NAMED_UNIT(*) PLANE_ANGLE_UNIT() SI_UNIT($,.RADIAN.) );
#1040 = ( NAMED_UNIT(*) SI_UNIT($,.STERADIAN.) SOLID_ANGLE_UNIT() );
#1041 = UNCERTAINTY_MEASURE_WITH_UNIT(LENGTH_MEASURE(1.E-07),#1038,
  'distance_accuracy_value','confusion accuracy');
#1042 = CONTEXT_DEPENDENT_SHAPE_REPRESENTATION(#1043,#1045);
#1043 = ( REPRESENTATION_RELATIONSHIP('','',#1032,#10) 
REPRESENTATION_RELATIONSHIP_WITH_TRANSFORMATION(#1044) 
SHAPE_REPRESENTATION_RELATIONSHIP() );
#1044 = ITEM_DEFINED_TRANSFORMATION('','',#11,#19);
#1045 = PRODUCT_DEFINITION_SHAPE('Placement','Placement of an item',
  #1046);
#1046 = NEXT_ASSEMBLY_USAGE_OCCURRENCE('4','Q1','',#5,#1027,$);
#1047 = PRODUCT_RELATED_PRODUCT_CATEGORY('part',$,(#1029));
#1048 = SHAPE_DEFINITION_REPRESENTATION(#1049,#1055);
#1049 = PRODUCT_DEFINITION_SHAPE('','',#1050);
#1050 = PRODUCT_DEFINITION('design','',#1051,#1054);
#1051 = PRODUCT_DEFINITION_FORMATION('','',#1052);
#1052 = PRODUCT('SOT-23','SOT-23','',(#1053));
#1053 = PRODUCT_CONTEXT('',#2,'mechanical');
#1054 = PRODUCT_DEFINITION_CONTEXT('part definition',#2,'design');
#1055 = ADVANCED_BREP_SHAPE_REPRESENTATION('',(#11,#1056),#3038);
#1056 = MANIFOLD_SOLID_BREP('',#1057);
#1057 = CLOSED_SHELL('',(#1058,#1096,#1159,#1182,#1211,#1234,#1289,#1328
    ,#1351,#1374,#1391,#1414,#1502,#1518,#1548,#1581,#1612,#1645,#1662,
    #1679,#1712,#1742,#1765,#1788,#1805,#1834,#1888,#1911,#1934,#1957,
    #1996,#2018,#2062,#2137,#2161,#2229,#2246,#2321,#2345,#2413,#2488,
    #2512,#2580,#2597,#2614,#2660,#2676,#2692,#2709,#2721,#2738,#2755,
    #2772,#2789,#2806,#2823,#2835,#2852,#2869,#2886,#2903,#2920,#2932,
    #2949,#2966,#2983,#3000,#3017,#3029));
#1058 = ADVANCED_FACE('',(#1059),#1091,.F.);
#1059 = FACE_BOUND('',#1060,.F.);
#1060 = EDGE_LOOP('',(#1061,#1071,#1078,#1086));
#1061 = ORIENTED_EDGE('',*,*,#1062,.T.);
#1062 = EDGE_CURVE('',#1063,#1065,#1067,.T.);
#1063 = VERTEX_POINT('',#1064);
#1064 = CARTESIAN_POINT('',(-0.571621551758,1.433243103516,0.1));
#1065 = VERTEX_POINT('',#1066);
#1066 = CARTESIAN_POINT('',(0.571621551758,1.433243103516,0.1));
#1067 = LINE('',#1068,#1069);
#1068 = CARTESIAN_POINT('',(-0.571621551758,1.433243103516,0.1));
#1069 = VECTOR('',#1070,1.);
#1070 = DIRECTION('',(1.,1.110223024625E-16,0.));
#1071 = ORIENTED_EDGE('',*,*,#1072,.T.);
#1072 = EDGE_CURVE('',#1065,#1073,#1075,.T.);
#1073 = VERTEX_POINT('',#1074);
#1074 = CARTESIAN_POINT('',(0.605,1.5,0.575));
#1075 = B_SPLINE_CURVE_WITH_KNOTS('',1,(#1076,#1077),.UNSPECIFIED.,.F.,
  .F.,(2,2),(0.,1.),.PIECEWISE_BEZIER_KNOTS.);
#1076 = CARTESIAN_POINT('',(0.571621551758,1.433243103516,0.1));
#1077 = CARTESIAN_POINT('',(0.605,1.5,0.575));
#1078 = ORIENTED_EDGE('',*,*,#1079,.F.);
#1079 = EDGE_CURVE('',#1080,#1073,#1082,.T.);
#1080 = VERTEX_POINT('',#1081);
#1081 = CARTESIAN_POINT('',(-0.605,1.5,0.575));
#1082 = LINE('',#1083,#1084);
#1083 = CARTESIAN_POINT('',(-0.605,1.5,0.575));
#1084 = VECTOR('',#1085,1.);
#1085 = DIRECTION('',(1.,1.110223024625E-16,0.));
#1086 = ORIENTED_EDGE('',*,*,#1087,.F.);
#1087 = EDGE_CURVE('',#1063,#1080,#1088,.T.);
#1088 = B_SPLINE_CURVE_WITH_KNOTS('',1,(#1089,#1090),.UNSPECIFIED.,.F.,
  .F.,(2,2),(0.,1.),.PIECEWISE_BEZIER_KNOTS.);
#1089 = CARTESIAN_POINT('',(-0.571621551758,1.433243103516,0.1));
#1090 = CARTESIAN_POINT('',(-0.605,1.5,0.575));
#1091 = B_SPLINE_SURFACE_WITH_KNOTS('',1,1,(
    (#1092,#1093)
    ,(#1094,#1095
    )),.UNSPECIFIED.,.F.,.F.,.F.,(2,2),(2,2),(0.,1.21),(0.,1.),
  .PIECEWISE_BEZIER_KNOTS.);
#1092 = CARTESIAN_POINT('',(-0.571621551758,1.433243103516,0.1));
#1093 = CARTESIAN_POINT('',(-0.605,1.5,0.575));
#1094 = CARTESIAN_POINT('',(0.571621551758,1.433243103516,0.1));
#1095 = CARTESIAN_POINT('',(0.605,1.5,0.575));
#1096 = ADVANCED_FACE('',(#1097),#1154,.T.);
#1097 = FACE_BOUND('',#1098,.T.);
#1098 = EDGE_LOOP('',(#1099,#1100,#1108,#1116,#1124,#1132,#1140,#1148));
#1099 = ORIENTED_EDGE('',*,*,#1062,.T.);
#1100 = ORIENTED_EDGE('',*,*,#1101,.T.);
#1101 = EDGE_CURVE('',#1065,#1102,#1104,.T.);
#1102 = VERTEX_POINT('',#1103);
#1103 = CARTESIAN_POINT('',(0.633243103516,1.371621551758,0.1));
#1104 = LINE('',#1105,#1106);
#1105 = CARTESIAN_POINT('',(0.571621551758,1.433243103516,0.1));
#1106 = VECTOR('',#1107,1.);
#1107 = DIRECTION('',(0.707106781187,-0.707106781187,0.));
#1108 = ORIENTED_EDGE('',*,*,#1109,.T.);
#1109 = EDGE_CURVE('',#1102,#1110,#1112,.T.);
#1110 = VERTEX_POINT('',#1111);
#1111 = CARTESIAN_POINT('',(0.633243103516,-1.371621551758,0.1));
#1112 = LINE('',#1113,#1114);
#1113 = CARTESIAN_POINT('',(0.633243103516,1.371621551758,0.1));
#1114 = VECTOR('',#1115,1.);
#1115 = DIRECTION('',(1.110223024625E-16,-1.,0.));
#1116 = ORIENTED_EDGE('',*,*,#1117,.T.);
#1117 = EDGE_CURVE('',#1110,#1118,#1120,.T.);
#1118 = VERTEX_POINT('',#1119);
#1119 = CARTESIAN_POINT('',(0.571621551758,-1.433243103516,0.1));
#1120 = LINE('',#1121,#1122);
#1121 = CARTESIAN_POINT('',(0.633243103516,-1.371621551758,0.1));
#1122 = VECTOR('',#1123,1.);
#1123 = DIRECTION('',(-0.707106781187,-0.707106781187,0.));
#1124 = ORIENTED_EDGE('',*,*,#1125,.T.);
#1125 = EDGE_CURVE('',#1118,#1126,#1128,.T.);
#1126 = VERTEX_POINT('',#1127);
#1127 = CARTESIAN_POINT('',(-0.571621551758,-1.433243103516,0.1));
#1128 = LINE('',#1129,#1130);
#1129 = CARTESIAN_POINT('',(0.571621551758,-1.433243103516,0.1));
#1130 = VECTOR('',#1131,1.);
#1131 = DIRECTION('',(-1.,-1.110223024625E-16,0.));
#1132 = ORIENTED_EDGE('',*,*,#1133,.T.);
#1133 = EDGE_CURVE('',#1126,#1134,#1136,.T.);
#1134 = VERTEX_POINT('',#1135);
#1135 = CARTESIAN_POINT('',(-0.633243103516,-1.371621551758,0.1));
#1136 = LINE('',#1137,#1138);
#1137 = CARTESIAN_POINT('',(-0.571621551758,-1.433243103516,0.1));
#1138 = VECTOR('',#1139,1.);
#1139 = DIRECTION('',(-0.707106781187,0.707106781187,0.));
#1140 = ORIENTED_EDGE('',*,*,#1141,.T.);
#1141 = EDGE_CURVE('',#1134,#1142,#1144,.T.);
#1142 = VERTEX_POINT('',#1143);
#1143 = CARTESIAN_POINT('',(-0.633243103516,1.371621551758,0.1));
#1144 = LINE('',#1145,#1146);
#1145 = CARTESIAN_POINT('',(-0.633243103516,-1.371621551758,0.1));
#1146 = VECTOR('',#1147,1.);
#1147 = DIRECTION('',(-1.110223024625E-16,1.,0.));
#1148 = ORIENTED_EDGE('',*,*,#1149,.T.);
#1149 = EDGE_CURVE('',#1142,#1063,#1150,.T.);
#1150 = LINE('',#1151,#1152);
#1151 = CARTESIAN_POINT('',(-0.633243103516,1.371621551758,0.1));
#1152 = VECTOR('',#1153,1.);
#1153 = DIRECTION('',(0.707106781187,0.707106781187,0.));
#1154 = PLANE('',#1155);
#1155 = AXIS2_PLACEMENT_3D('',#1156,#1157,#1158);
#1156 = CARTESIAN_POINT('',(-0.571621551758,1.433243103516,0.1));
#1157 = DIRECTION('',(0.,0.,-1.));
#1158 = DIRECTION('',(0.370454302632,-0.928850692879,0.));
#1159 = ADVANCED_FACE('',(#1160),#1177,.F.);
#1160 = FACE_BOUND('',#1161,.F.);
#1161 = EDGE_LOOP('',(#1162,#1163,#1170,#1176));
#1162 = ORIENTED_EDGE('',*,*,#1101,.T.);
#1163 = ORIENTED_EDGE('',*,*,#1164,.T.);
#1164 = EDGE_CURVE('',#1102,#1165,#1167,.T.);
#1165 = VERTEX_POINT('',#1166);
#1166 = CARTESIAN_POINT('',(0.7,1.405,0.575));
#1167 = B_SPLINE_CURVE_WITH_KNOTS('',1,(#1168,#1169),.UNSPECIFIED.,.F.,
  .F.,(2,2),(0.,1.),.PIECEWISE_BEZIER_KNOTS.);
#1168 = CARTESIAN_POINT('',(0.633243103516,1.371621551758,0.1));
#1169 = CARTESIAN_POINT('',(0.7,1.405,0.575));
#1170 = ORIENTED_EDGE('',*,*,#1171,.F.);
#1171 = EDGE_CURVE('',#1073,#1165,#1172,.T.);
#1172 = LINE('',#1173,#1174);
#1173 = CARTESIAN_POINT('',(0.605,1.5,0.575));
#1174 = VECTOR('',#1175,1.);
#1175 = DIRECTION('',(0.707106781187,-0.707106781187,0.));
#1176 = ORIENTED_EDGE('',*,*,#1072,.F.);
#1177 = B_SPLINE_SURFACE_WITH_KNOTS('',1,1,(
    (#1178,#1179)
    ,(#1180,#1181
    )),.UNSPECIFIED.,.F.,.F.,.F.,(2,2),(2,2),(0.,0.134350288425),(0.,1.)
  ,.PIECEWISE_BEZIER_KNOTS.);
#1178 = CARTESIAN_POINT('',(0.571621551758,1.433243103516,0.1));
#1179 = CARTESIAN_POINT('',(0.605,1.5,0.575));
#1180 = CARTESIAN_POINT('',(0.633243103516,1.371621551758,0.1));
#1181 = CARTESIAN_POINT('',(0.7,1.405,0.575));
#1182 = ADVANCED_FACE('',(#1183),#1206,.F.);
#1183 = FACE_BOUND('',#1184,.F.);
#1184 = EDGE_LOOP('',(#1185,#1186,#1193,#1201));
#1185 = ORIENTED_EDGE('',*,*,#1079,.T.);
#1186 = ORIENTED_EDGE('',*,*,#1187,.T.);
#1187 = EDGE_CURVE('',#1073,#1188,#1190,.T.);
#1188 = VERTEX_POINT('',#1189);
#1189 = CARTESIAN_POINT('',(0.605,1.5,0.725));
#1190 = B_SPLINE_CURVE_WITH_KNOTS('',1,(#1191,#1192),.UNSPECIFIED.,.F.,
  .F.,(2,2),(0.,1.),.PIECEWISE_BEZIER_KNOTS.);
#1191 = CARTESIAN_POINT('',(0.605,1.5,0.575));
#1192 = CARTESIAN_POINT('',(0.605,1.5,0.725));
#1193 = ORIENTED_EDGE('',*,*,#1194,.F.);
#1194 = EDGE_CURVE('',#1195,#1188,#1197,.T.);
#1195 = VERTEX_POINT('',#1196);
#1196 = CARTESIAN_POINT('',(-0.605,1.5,0.725));
#1197 = LINE('',#1198,#1199);
#1198 = CARTESIAN_POINT('',(-0.605,1.5,0.725));
#1199 = VECTOR('',#1200,1.);
#1200 = DIRECTION('',(1.,1.110223024625E-16,0.));
#1201 = ORIENTED_EDGE('',*,*,#1202,.F.);
#1202 = EDGE_CURVE('',#1080,#1195,#1203,.T.);
#1203 = B_SPLINE_CURVE_WITH_KNOTS('',1,(#1204,#1205),.UNSPECIFIED.,.F.,
  .F.,(2,2),(0.,1.),.PIECEWISE_BEZIER_KNOTS.);
#1204 = CARTESIAN_POINT('',(-0.605,1.5,0.575));
#1205 = CARTESIAN_POINT('',(-0.605,1.5,0.725));
#1206 = PLANE('',#1207);
#1207 = AXIS2_PLACEMENT_3D('',#1208,#1209,#1210);
#1208 = CARTESIAN_POINT('',(-0.605,1.5,0.725));
#1209 = DIRECTION('',(1.110223024625E-16,-1.,0.));
#1210 = DIRECTION('',(1.,1.110223024625E-16,0.));
#1211 = ADVANCED_FACE('',(#1212),#1229,.F.);
#1212 = FACE_BOUND('',#1213,.F.);
#1213 = EDGE_LOOP('',(#1214,#1215,#1216,#1224));
#1214 = ORIENTED_EDGE('',*,*,#1149,.T.);
#1215 = ORIENTED_EDGE('',*,*,#1087,.T.);
#1216 = ORIENTED_EDGE('',*,*,#1217,.F.);
#1217 = EDGE_CURVE('',#1218,#1080,#1220,.T.);
#1218 = VERTEX_POINT('',#1219);
#1219 = CARTESIAN_POINT('',(-0.7,1.405,0.575));
#1220 = LINE('',#1221,#1222);
#1221 = CARTESIAN_POINT('',(-0.7,1.405,0.575));
#1222 = VECTOR('',#1223,1.);
#1223 = DIRECTION('',(0.707106781187,0.707106781187,0.));
#1224 = ORIENTED_EDGE('',*,*,#1225,.F.);
#1225 = EDGE_CURVE('',#1142,#1218,#1226,.T.);
#1226 = B_SPLINE_CURVE_WITH_KNOTS('',1,(#1227,#1228),.UNSPECIFIED.,.F.,
  .F.,(2,2),(0.,1.),.PIECEWISE_BEZIER_KNOTS.);
#1227 = CARTESIAN_POINT('',(-0.633243103516,1.371621551758,0.1));
#1228 = CARTESIAN_POINT('',(-0.7,1.405,0.575));
#1229 = B_SPLINE_SURFACE_WITH_KNOTS('',1,1,(
    (#1230,#1231)
    ,(#1232,#1233
    )),.UNSPECIFIED.,.F.,.F.,.F.,(2,2),(2,2),(0.,0.134350288425),(0.,1.)
  ,.PIECEWISE_BEZIER_KNOTS.);
#1230 = CARTESIAN_POINT('',(-0.633243103516,1.371621551758,0.1));
#1231 = CARTESIAN_POINT('',(-0.7,1.405,0.575));
#1232 = CARTESIAN_POINT('',(-0.571621551758,1.433243103516,0.1));
#1233 = CARTESIAN_POINT('',(-0.605,1.5,0.575));
#1234 = ADVANCED_FACE('',(#1235),#1284,.F.);
#1235 = FACE_BOUND('',#1236,.F.);
#1236 = EDGE_LOOP('',(#1237,#1238,#1239,#1247,#1255,#1263,#1271,#1279));
#1237 = ORIENTED_EDGE('',*,*,#1141,.T.);
#1238 = ORIENTED_EDGE('',*,*,#1225,.T.);
#1239 = ORIENTED_EDGE('',*,*,#1240,.F.);
#1240 = EDGE_CURVE('',#1241,#1218,#1243,.T.);
#1241 = VERTEX_POINT('',#1242);
#1242 = CARTESIAN_POINT('',(-0.7,1.15,0.575));
#1243 = LINE('',#1244,#1245);
#1244 = CARTESIAN_POINT('',(-0.7,-1.405,0.575));
#1245 = VECTOR('',#1246,1.);
#1246 = DIRECTION('',(-1.110223024625E-16,1.,0.));
#1247 = ORIENTED_EDGE('',*,*,#1248,.F.);
#1248 = EDGE_CURVE('',#1249,#1241,#1251,.T.);
#1249 = VERTEX_POINT('',#1250);
#1250 = CARTESIAN_POINT('',(-0.7,0.75,0.575));
#1251 = LINE('',#1252,#1253);
#1252 = CARTESIAN_POINT('',(-0.7,0.75,0.575));
#1253 = VECTOR('',#1254,1.);
#1254 = DIRECTION('',(1.144237745222E-17,1.,0.));
#1255 = ORIENTED_EDGE('',*,*,#1256,.F.);
#1256 = EDGE_CURVE('',#1257,#1249,#1259,.T.);
#1257 = VERTEX_POINT('',#1258);
#1258 = CARTESIAN_POINT('',(-0.7,-0.75,0.575));
#1259 = LINE('',#1260,#1261);
#1260 = CARTESIAN_POINT('',(-0.7,-1.405,0.575));
#1261 = VECTOR('',#1262,1.);
#1262 = DIRECTION('',(-1.110223024625E-16,1.,0.));
#1263 = ORIENTED_EDGE('',*,*,#1264,.F.);
#1264 = EDGE_CURVE('',#1265,#1257,#1267,.T.);
#1265 = VERTEX_POINT('',#1266);
#1266 = CARTESIAN_POINT('',(-0.7,-1.15,0.575));
#1267 = LINE('',#1268,#1269);
#1268 = CARTESIAN_POINT('',(-0.7,-1.15,0.575));
#1269 = VECTOR('',#1270,1.);
#1270 = DIRECTION('',(1.144237745222E-17,1.,0.));
#1271 = ORIENTED_EDGE('',*,*,#1272,.F.);
#1272 = EDGE_CURVE('',#1273,#1265,#1275,.T.);
#1273 = VERTEX_POINT('',#1274);
#1274 = CARTESIAN_POINT('',(-0.7,-1.405,0.575));
#1275 = LINE('',#1276,#1277);
#1276 = CARTESIAN_POINT('',(-0.7,-1.405,0.575));
#1277 = VECTOR('',#1278,1.);
#1278 = DIRECTION('',(-1.110223024625E-16,1.,0.));
#1279 = ORIENTED_EDGE('',*,*,#1280,.F.);
#1280 = EDGE_CURVE('',#1134,#1273,#1281,.T.);
#1281 = B_SPLINE_CURVE_WITH_KNOTS('',1,(#1282,#1283),.UNSPECIFIED.,.F.,
  .F.,(2,2),(0.,1.),.PIECEWISE_BEZIER_KNOTS.);
#1282 = CARTESIAN_POINT('',(-0.633243103516,-1.371621551758,0.1));
#1283 = CARTESIAN_POINT('',(-0.7,-1.405,0.575));
#1284 = B_SPLINE_SURFACE_WITH_KNOTS('',1,1,(
    (#1285,#1286)
    ,(#1287,#1288
    )),.UNSPECIFIED.,.F.,.F.,.F.,(2,2),(2,2),(0.,2.81),(0.,1.),
  .PIECEWISE_BEZIER_KNOTS.);
#1285 = CARTESIAN_POINT('',(-0.633243103516,-1.371621551758,0.1));
#1286 = CARTESIAN_POINT('',(-0.7,-1.405,0.575));
#1287 = CARTESIAN_POINT('',(-0.633243103516,1.371621551758,0.1));
#1288 = CARTESIAN_POINT('',(-0.7,1.405,0.575));
#1289 = ADVANCED_FACE('',(#1290),#1323,.F.);
#1290 = FACE_BOUND('',#1291,.F.);
#1291 = EDGE_LOOP('',(#1292,#1293,#1300,#1308,#1316,#1322));
#1292 = ORIENTED_EDGE('',*,*,#1109,.T.);
#1293 = ORIENTED_EDGE('',*,*,#1294,.T.);
#1294 = EDGE_CURVE('',#1110,#1295,#1297,.T.);
#1295 = VERTEX_POINT('',#1296);
#1296 = CARTESIAN_POINT('',(0.7,-1.405,0.575));
#1297 = B_SPLINE_CURVE_WITH_KNOTS('',1,(#1298,#1299),.UNSPECIFIED.,.F.,
  .F.,(2,2),(0.,1.),.PIECEWISE_BEZIER_KNOTS.);
#1298 = CARTESIAN_POINT('',(0.633243103516,-1.371621551758,0.1));
#1299 = CARTESIAN_POINT('',(0.7,-1.405,0.575));
#1300 = ORIENTED_EDGE('',*,*,#1301,.F.);
#1301 = EDGE_CURVE('',#1302,#1295,#1304,.T.);
#1302 = VERTEX_POINT('',#1303);
#1303 = CARTESIAN_POINT('',(0.7,-0.2,0.575));
#1304 = LINE('',#1305,#1306);
#1305 = CARTESIAN_POINT('',(0.7,1.405,0.575));
#1306 = VECTOR('',#1307,1.);
#1307 = DIRECTION('',(1.110223024625E-16,-1.,0.));
#1308 = ORIENTED_EDGE('',*,*,#1309,.F.);
#1309 = EDGE_CURVE('',#1310,#1302,#1312,.T.);
#1310 = VERTEX_POINT('',#1311);
#1311 = CARTESIAN_POINT('',(0.7,0.2,0.575));
#1312 = LINE('',#1313,#1314);
#1313 = CARTESIAN_POINT('',(0.7,0.2,0.575));
#1314 = VECTOR('',#1315,1.);
#1315 = DIRECTION('',(1.110223024625E-16,-1.,0.));
#1316 = ORIENTED_EDGE('',*,*,#1317,.F.);
#1317 = EDGE_CURVE('',#1165,#1310,#1318,.T.);
#1318 = LINE('',#1319,#1320);
#1319 = CARTESIAN_POINT('',(0.7,1.405,0.575));
#1320 = VECTOR('',#1321,1.);
#1321 = DIRECTION('',(1.110223024625E-16,-1.,0.));
#1322 = ORIENTED_EDGE('',*,*,#1164,.F.);
#1323 = B_SPLINE_SURFACE_WITH_KNOTS('',1,1,(
    (#1324,#1325)
    ,(#1326,#1327
    )),.UNSPECIFIED.,.F.,.F.,.F.,(2,2),(2,2),(0.,2.81),(0.,1.),
  .PIECEWISE_BEZIER_KNOTS.);
#1324 = CARTESIAN_POINT('',(0.633243103516,1.371621551758,0.1));
#1325 = CARTESIAN_POINT('',(0.7,1.405,0.575));
#1326 = CARTESIAN_POINT('',(0.633243103516,-1.371621551758,0.1));
#1327 = CARTESIAN_POINT('',(0.7,-1.405,0.575));
#1328 = ADVANCED_FACE('',(#1329),#1346,.F.);
#1329 = FACE_BOUND('',#1330,.F.);
#1330 = EDGE_LOOP('',(#1331,#1332,#1333,#1341));
#1331 = ORIENTED_EDGE('',*,*,#1133,.T.);
#1332 = ORIENTED_EDGE('',*,*,#1280,.T.);
#1333 = ORIENTED_EDGE('',*,*,#1334,.F.);
#1334 = EDGE_CURVE('',#1335,#1273,#1337,.T.);
#1335 = VERTEX_POINT('',#1336);
#1336 = CARTESIAN_POINT('',(-0.605,-1.5,0.575));
#1337 = LINE('',#1338,#1339);
#1338 = CARTESIAN_POINT('',(-0.605,-1.5,0.575));
#1339 = VECTOR('',#1340,1.);
#1340 = DIRECTION('',(-0.707106781187,0.707106781187,0.));
#1341 = ORIENTED_EDGE('',*,*,#1342,.F.);
#1342 = EDGE_CURVE('',#1126,#1335,#1343,.T.);
#1343 = B_SPLINE_CURVE_WITH_KNOTS('',1,(#1344,#1345),.UNSPECIFIED.,.F.,
  .F.,(2,2),(0.,1.),.PIECEWISE_BEZIER_KNOTS.);
#1344 = CARTESIAN_POINT('',(-0.571621551758,-1.433243103516,0.1));
#1345 = CARTESIAN_POINT('',(-0.605,-1.5,0.575));
#1346 = B_SPLINE_SURFACE_WITH_KNOTS('',1,1,(
    (#1347,#1348)
    ,(#1349,#1350
    )),.UNSPECIFIED.,.F.,.F.,.F.,(2,2),(2,2),(0.,0.134350288425),(0.,1.)
  ,.PIECEWISE_BEZIER_KNOTS.);
#1347 = CARTESIAN_POINT('',(-0.571621551758,-1.433243103516,0.1));
#1348 = CARTESIAN_POINT('',(-0.605,-1.5,0.575));
#1349 = CARTESIAN_POINT('',(-0.633243103516,-1.371621551758,0.1));
#1350 = CARTESIAN_POINT('',(-0.7,-1.405,0.575));
#1351 = ADVANCED_FACE('',(#1352),#1369,.F.);
#1352 = FACE_BOUND('',#1353,.F.);
#1353 = EDGE_LOOP('',(#1354,#1355,#1362,#1368));
#1354 = ORIENTED_EDGE('',*,*,#1117,.T.);
#1355 = ORIENTED_EDGE('',*,*,#1356,.T.);
#1356 = EDGE_CURVE('',#1118,#1357,#1359,.T.);
#1357 = VERTEX_POINT('',#1358);
#1358 = CARTESIAN_POINT('',(0.605,-1.5,0.575));
#1359 = B_SPLINE_CURVE_WITH_KNOTS('',1,(#1360,#1361),.UNSPECIFIED.,.F.,
  .F.,(2,2),(0.,1.),.PIECEWISE_BEZIER_KNOTS.);
#1360 = CARTESIAN_POINT('',(0.571621551758,-1.433243103516,0.1));
#1361 = CARTESIAN_POINT('',(0.605,-1.5,0.575));
#1362 = ORIENTED_EDGE('',*,*,#1363,.F.);
#1363 = EDGE_CURVE('',#1295,#1357,#1364,.T.);
#1364 = LINE('',#1365,#1366);
#1365 = CARTESIAN_POINT('',(0.7,-1.405,0.575));
#1366 = VECTOR('',#1367,1.);
#1367 = DIRECTION('',(-0.707106781187,-0.707106781187,0.));
#1368 = ORIENTED_EDGE('',*,*,#1294,.F.);
#1369 = B_SPLINE_SURFACE_WITH_KNOTS('',1,1,(
    (#1370,#1371)
    ,(#1372,#1373
    )),.UNSPECIFIED.,.F.,.F.,.F.,(2,2),(2,2),(0.,0.134350288425),(0.,1.)
  ,.PIECEWISE_BEZIER_KNOTS.);
#1370 = CARTESIAN_POINT('',(0.633243103516,-1.371621551758,0.1));
#1371 = CARTESIAN_POINT('',(0.7,-1.405,0.575));
#1372 = CARTESIAN_POINT('',(0.571621551758,-1.433243103516,0.1));
#1373 = CARTESIAN_POINT('',(0.605,-1.5,0.575));
#1374 = ADVANCED_FACE('',(#1375),#1386,.F.);
#1375 = FACE_BOUND('',#1376,.F.);
#1376 = EDGE_LOOP('',(#1377,#1378,#1379,#1385));
#1377 = ORIENTED_EDGE('',*,*,#1125,.T.);
#1378 = ORIENTED_EDGE('',*,*,#1342,.T.);
#1379 = ORIENTED_EDGE('',*,*,#1380,.F.);
#1380 = EDGE_CURVE('',#1357,#1335,#1381,.T.);
#1381 = LINE('',#1382,#1383);
#1382 = CARTESIAN_POINT('',(0.605,-1.5,0.575));
#1383 = VECTOR('',#1384,1.);
#1384 = DIRECTION('',(-1.,-1.110223024625E-16,0.));
#1385 = ORIENTED_EDGE('',*,*,#1356,.F.);
#1386 = B_SPLINE_SURFACE_WITH_KNOTS('',1,1,(
    (#1387,#1388)
    ,(#1389,#1390
    )),.UNSPECIFIED.,.F.,.F.,.F.,(2,2),(2,2),(0.,1.21),(0.,1.),
  .PIECEWISE_BEZIER_KNOTS.);
#1387 = CARTESIAN_POINT('',(0.571621551758,-1.433243103516,0.1));
#1388 = CARTESIAN_POINT('',(0.605,-1.5,0.575));
#1389 = CARTESIAN_POINT('',(-0.571621551758,-1.433243103516,0.1));
#1390 = CARTESIAN_POINT('',(-0.605,-1.5,0.575));
#1391 = ADVANCED_FACE('',(#1392),#1409,.F.);
#1392 = FACE_BOUND('',#1393,.F.);
#1393 = EDGE_LOOP('',(#1394,#1395,#1402,#1408));
#1394 = ORIENTED_EDGE('',*,*,#1171,.T.);
#1395 = ORIENTED_EDGE('',*,*,#1396,.T.);
#1396 = EDGE_CURVE('',#1165,#1397,#1399,.T.);
#1397 = VERTEX_POINT('',#1398);
#1398 = CARTESIAN_POINT('',(0.7,1.405,0.725));
#1399 = B_SPLINE_CURVE_WITH_KNOTS('',1,(#1400,#1401),.UNSPECIFIED.,.F.,
  .F.,(2,2),(0.,1.),.PIECEWISE_BEZIER_KNOTS.);
#1400 = CARTESIAN_POINT('',(0.7,1.405,0.575));
#1401 = CARTESIAN_POINT('',(0.7,1.405,0.725));
#1402 = ORIENTED_EDGE('',*,*,#1403,.F.);
#1403 = EDGE_CURVE('',#1188,#1397,#1404,.T.);
#1404 = LINE('',#1405,#1406);
#1405 = CARTESIAN_POINT('',(0.605,1.5,0.725));
#1406 = VECTOR('',#1407,1.);
#1407 = DIRECTION('',(0.707106781187,-0.707106781187,0.));
#1408 = ORIENTED_EDGE('',*,*,#1187,.F.);
#1409 = PLANE('',#1410);
#1410 = AXIS2_PLACEMENT_3D('',#1411,#1412,#1413);
#1411 = CARTESIAN_POINT('',(0.605,1.5,0.725));
#1412 = DIRECTION('',(-0.707106781187,-0.707106781187,0.));
#1413 = DIRECTION('',(0.707106781187,-0.707106781187,0.));
#1414 = ADVANCED_FACE('',(#1415),#1497,.F.);
#1415 = FACE_BOUND('',#1416,.F.);
#1416 = EDGE_LOOP('',(#1417,#1425,#1426,#1427,#1435,#1443,#1451,#1459,
    #1467,#1475,#1483,#1491));
#1417 = ORIENTED_EDGE('',*,*,#1418,.T.);
#1418 = EDGE_CURVE('',#1419,#1195,#1421,.T.);
#1419 = VERTEX_POINT('',#1420);
#1420 = CARTESIAN_POINT('',(-0.7,1.405,0.725));
#1421 = LINE('',#1422,#1423);
#1422 = CARTESIAN_POINT('',(-0.7,1.405,0.725));
#1423 = VECTOR('',#1424,1.);
#1424 = DIRECTION('',(0.707106781187,0.707106781187,0.));
#1425 = ORIENTED_EDGE('',*,*,#1194,.T.);
#1426 = ORIENTED_EDGE('',*,*,#1403,.T.);
#1427 = ORIENTED_EDGE('',*,*,#1428,.T.);
#1428 = EDGE_CURVE('',#1397,#1429,#1431,.T.);
#1429 = VERTEX_POINT('',#1430);
#1430 = CARTESIAN_POINT('',(0.7,0.2,0.725));
#1431 = LINE('',#1432,#1433);
#1432 = CARTESIAN_POINT('',(0.7,1.405,0.725));
#1433 = VECTOR('',#1434,1.);
#1434 = DIRECTION('',(1.110223024625E-16,-1.,0.));
#1435 = ORIENTED_EDGE('',*,*,#1436,.T.);
#1436 = EDGE_CURVE('',#1429,#1437,#1439,.T.);
#1437 = VERTEX_POINT('',#1438);
#1438 = CARTESIAN_POINT('',(0.675,0.2,0.725));
#1439 = LINE('',#1440,#1441);
#1440 = CARTESIAN_POINT('',(0.7,0.2,0.725));
#1441 = VECTOR('',#1442,1.);
#1442 = DIRECTION('',(-1.,-1.110223024625E-16,0.));
#1443 = ORIENTED_EDGE('',*,*,#1444,.F.);
#1444 = EDGE_CURVE('',#1445,#1437,#1447,.T.);
#1445 = VERTEX_POINT('',#1446);
#1446 = CARTESIAN_POINT('',(0.675,1.3925,0.725));
#1447 = LINE('',#1448,#1449);
#1448 = CARTESIAN_POINT('',(0.675,1.3925,0.725));
#1449 = VECTOR('',#1450,1.);
#1450 = DIRECTION('',(1.110223024625E-16,-1.,0.));
#1451 = ORIENTED_EDGE('',*,*,#1452,.F.);
#1452 = EDGE_CURVE('',#1453,#1445,#1455,.T.);
#1453 = VERTEX_POINT('',#1454);
#1454 = CARTESIAN_POINT('',(0.5925,1.475,0.725));
#1455 = LINE('',#1456,#1457);
#1456 = CARTESIAN_POINT('',(0.5925,1.475,0.725));
#1457 = VECTOR('',#1458,1.);
#1458 = DIRECTION('',(0.707106781187,-0.707106781187,0.));
#1459 = ORIENTED_EDGE('',*,*,#1460,.F.);
#1460 = EDGE_CURVE('',#1461,#1453,#1463,.T.);
#1461 = VERTEX_POINT('',#1462);
#1462 = CARTESIAN_POINT('',(-0.5925,1.475,0.725));
#1463 = LINE('',#1464,#1465);
#1464 = CARTESIAN_POINT('',(-0.5925,1.475,0.725));
#1465 = VECTOR('',#1466,1.);
#1466 = DIRECTION('',(1.,1.110223024625E-16,0.));
#1467 = ORIENTED_EDGE('',*,*,#1468,.F.);
#1468 = EDGE_CURVE('',#1469,#1461,#1471,.T.);
#1469 = VERTEX_POINT('',#1470);
#1470 = CARTESIAN_POINT('',(-0.675,1.3925,0.725));
#1471 = LINE('',#1472,#1473);
#1472 = CARTESIAN_POINT('',(-0.675,1.3925,0.725));
#1473 = VECTOR('',#1474,1.);
#1474 = DIRECTION('',(0.707106781187,0.707106781187,0.));
#1475 = ORIENTED_EDGE('',*,*,#1476,.F.);
#1476 = EDGE_CURVE('',#1477,#1469,#1479,.T.);
#1477 = VERTEX_POINT('',#1478);
#1478 = CARTESIAN_POINT('',(-0.675,1.15,0.725));
#1479 = LINE('',#1480,#1481);
#1480 = CARTESIAN_POINT('',(-0.675,-1.3925,0.725));
#1481 = VECTOR('',#1482,1.);
#1482 = DIRECTION('',(-1.110223024625E-16,1.,0.));
#1483 = ORIENTED_EDGE('',*,*,#1484,.F.);
#1484 = EDGE_CURVE('',#1485,#1477,#1487,.T.);
#1485 = VERTEX_POINT('',#1486);
#1486 = CARTESIAN_POINT('',(-0.7,1.15,0.725));
#1487 = LINE('',#1488,#1489);
#1488 = CARTESIAN_POINT('',(-0.7,1.15,0.725));
#1489 = VECTOR('',#1490,1.);
#1490 = DIRECTION('',(1.,-1.144237745222E-17,0.));
#1491 = ORIENTED_EDGE('',*,*,#1492,.T.);
#1492 = EDGE_CURVE('',#1485,#1419,#1493,.T.);
#1493 = LINE('',#1494,#1495);
#1494 = CARTESIAN_POINT('',(-0.7,-1.405,0.725));
#1495 = VECTOR('',#1496,1.);
#1496 = DIRECTION('',(-1.110223024625E-16,1.,0.));
#1497 = PLANE('',#1498);
#1498 = AXIS2_PLACEMENT_3D('',#1499,#1500,#1501);
#1499 = CARTESIAN_POINT('',(-1.486299604971E-16,1.4875,0.725));
#1500 = DIRECTION('',(1.022886882533E-31,-6.310887241768E-27,-1.));
#1501 = DIRECTION('',(1.,1.217738924546E-16,1.022886882525E-31));
#1502 = ADVANCED_FACE('',(#1503),#1513,.F.);
#1503 = FACE_BOUND('',#1504,.F.);
#1504 = EDGE_LOOP('',(#1505,#1506,#1507,#1508));
#1505 = ORIENTED_EDGE('',*,*,#1217,.T.);
#1506 = ORIENTED_EDGE('',*,*,#1202,.T.);
#1507 = ORIENTED_EDGE('',*,*,#1418,.F.);
#1508 = ORIENTED_EDGE('',*,*,#1509,.F.);
#1509 = EDGE_CURVE('',#1218,#1419,#1510,.T.);
#1510 = B_SPLINE_CURVE_WITH_KNOTS('',1,(#1511,#1512),.UNSPECIFIED.,.F.,
  .F.,(2,2),(0.,1.),.PIECEWISE_BEZIER_KNOTS.);
#1511 = CARTESIAN_POINT('',(-0.7,1.405,0.575));
#1512 = CARTESIAN_POINT('',(-0.7,1.405,0.725));
#1513 = PLANE('',#1514);
#1514 = AXIS2_PLACEMENT_3D('',#1515,#1516,#1517);
#1515 = CARTESIAN_POINT('',(-0.7,1.405,0.725));
#1516 = DIRECTION('',(0.707106781187,-0.707106781187,0.));
#1517 = DIRECTION('',(0.707106781187,0.707106781187,0.));
#1518 = ADVANCED_FACE('',(#1519),#1543,.F.);
#1519 = FACE_BOUND('',#1520,.F.);
#1520 = EDGE_LOOP('',(#1521,#1528,#1529,#1537));
#1521 = ORIENTED_EDGE('',*,*,#1522,.F.);
#1522 = EDGE_CURVE('',#1273,#1523,#1525,.T.);
#1523 = VERTEX_POINT('',#1524);
#1524 = CARTESIAN_POINT('',(-0.7,-1.405,0.725));
#1525 = B_SPLINE_CURVE_WITH_KNOTS('',1,(#1526,#1527),.UNSPECIFIED.,.F.,
  .F.,(2,2),(0.,1.),.PIECEWISE_BEZIER_KNOTS.);
#1526 = CARTESIAN_POINT('',(-0.7,-1.405,0.575));
#1527 = CARTESIAN_POINT('',(-0.7,-1.405,0.725));
#1528 = ORIENTED_EDGE('',*,*,#1272,.T.);
#1529 = ORIENTED_EDGE('',*,*,#1530,.T.);
#1530 = EDGE_CURVE('',#1265,#1531,#1533,.T.);
#1531 = VERTEX_POINT('',#1532);
#1532 = CARTESIAN_POINT('',(-0.7,-1.15,0.725));
#1533 = LINE('',#1534,#1535);
#1534 = CARTESIAN_POINT('',(-0.7,-1.15,0.529763586955));
#1535 = VECTOR('',#1536,1.);
#1536 = DIRECTION('',(0.,0.,1.));
#1537 = ORIENTED_EDGE('',*,*,#1538,.F.);
#1538 = EDGE_CURVE('',#1523,#1531,#1539,.T.);
#1539 = LINE('',#1540,#1541);
#1540 = CARTESIAN_POINT('',(-0.7,-1.405,0.725));
#1541 = VECTOR('',#1542,1.);
#1542 = DIRECTION('',(-1.110223024625E-16,1.,0.));
#1543 = PLANE('',#1544);
#1544 = AXIS2_PLACEMENT_3D('',#1545,#1546,#1547);
#1545 = CARTESIAN_POINT('',(-0.7,-1.405,0.725));
#1546 = DIRECTION('',(1.,1.110223024625E-16,0.));
#1547 = DIRECTION('',(-1.110223024625E-16,1.,0.));
#1548 = ADVANCED_FACE('',(#1549),#1576,.F.);
#1549 = FACE_BOUND('',#1550,.F.);
#1550 = EDGE_LOOP('',(#1551,#1552,#1561,#1569));
#1551 = ORIENTED_EDGE('',*,*,#1264,.T.);
#1552 = ORIENTED_EDGE('',*,*,#1553,.T.);
#1553 = EDGE_CURVE('',#1257,#1554,#1556,.T.);
#1554 = VERTEX_POINT('',#1555);
#1555 = CARTESIAN_POINT('',(-0.798480775301,-0.75,0.492364817767));
#1556 = CIRCLE('',#1557,0.1);
#1557 = AXIS2_PLACEMENT_3D('',#1558,#1559,#1560);
#1558 = CARTESIAN_POINT('',(-0.7,-0.75,0.475));
#1559 = DIRECTION('',(-1.144237745222E-17,-1.,-5.473822126269E-48));
#1560 = DIRECTION('',(2.22044604925E-15,-2.540718180781E-32,1.));
#1561 = ORIENTED_EDGE('',*,*,#1562,.F.);
#1562 = EDGE_CURVE('',#1563,#1554,#1565,.T.);
#1563 = VERTEX_POINT('',#1564);
#1564 = CARTESIAN_POINT('',(-0.798480775301,-1.15,0.492364817767));
#1565 = LINE('',#1566,#1567);
#1566 = CARTESIAN_POINT('',(-0.798480775301,-1.15,0.492364817767));
#1567 = VECTOR('',#1568,1.);
#1568 = DIRECTION('',(1.144237745222E-17,1.,0.));
#1569 = ORIENTED_EDGE('',*,*,#1570,.F.);
#1570 = EDGE_CURVE('',#1265,#1563,#1571,.T.);
#1571 = CIRCLE('',#1572,0.1);
#1572 = AXIS2_PLACEMENT_3D('',#1573,#1574,#1575);
#1573 = CARTESIAN_POINT('',(-0.7,-1.15,0.475));
#1574 = DIRECTION('',(-1.144237745222E-17,-1.,-5.473822126269E-48));
#1575 = DIRECTION('',(2.22044604925E-15,-2.540718180781E-32,1.));
#1576 = CYLINDRICAL_SURFACE('',#1577,0.1);
#1577 = AXIS2_PLACEMENT_3D('',#1578,#1579,#1580);
#1578 = CARTESIAN_POINT('',(-0.7,-1.15,0.475));
#1579 = DIRECTION('',(-1.144237745222E-17,-1.,0.));
#1580 = DIRECTION('',(2.22044604925E-15,-2.540718180781E-32,1.));
#1581 = ADVANCED_FACE('',(#1582),#1607,.F.);
#1582 = FACE_BOUND('',#1583,.F.);
#1583 = EDGE_LOOP('',(#1584,#1592,#1593,#1601));
#1584 = ORIENTED_EDGE('',*,*,#1585,.F.);
#1585 = EDGE_CURVE('',#1257,#1586,#1588,.T.);
#1586 = VERTEX_POINT('',#1587);
#1587 = CARTESIAN_POINT('',(-0.7,-0.75,0.725));
#1588 = LINE('',#1589,#1590);
#1589 = CARTESIAN_POINT('',(-0.7,-0.75,0.529763586955));
#1590 = VECTOR('',#1591,1.);
#1591 = DIRECTION('',(0.,0.,1.));
#1592 = ORIENTED_EDGE('',*,*,#1256,.T.);
#1593 = ORIENTED_EDGE('',*,*,#1594,.T.);
#1594 = EDGE_CURVE('',#1249,#1595,#1597,.T.);
#1595 = VERTEX_POINT('',#1596);
#1596 = CARTESIAN_POINT('',(-0.7,0.75,0.725));
#1597 = LINE('',#1598,#1599);
#1598 = CARTESIAN_POINT('',(-0.7,0.75,0.529763586955));
#1599 = VECTOR('',#1600,1.);
#1600 = DIRECTION('',(0.,0.,1.));
#1601 = ORIENTED_EDGE('',*,*,#1602,.F.);
#1602 = EDGE_CURVE('',#1586,#1595,#1603,.T.);
#1603 = LINE('',#1604,#1605);
#1604 = CARTESIAN_POINT('',(-0.7,-1.405,0.725));
#1605 = VECTOR('',#1606,1.);
#1606 = DIRECTION('',(-1.110223024625E-16,1.,0.));
#1607 = PLANE('',#1608);
#1608 = AXIS2_PLACEMENT_3D('',#1609,#1610,#1611);
#1609 = CARTESIAN_POINT('',(-0.7,-1.405,0.725));
#1610 = DIRECTION('',(1.,1.110223024625E-16,0.));
#1611 = DIRECTION('',(-1.110223024625E-16,1.,0.));
#1612 = ADVANCED_FACE('',(#1613),#1640,.F.);
#1613 = FACE_BOUND('',#1614,.F.);
#1614 = EDGE_LOOP('',(#1615,#1616,#1625,#1633));
#1615 = ORIENTED_EDGE('',*,*,#1248,.T.);
#1616 = ORIENTED_EDGE('',*,*,#1617,.T.);
#1617 = EDGE_CURVE('',#1241,#1618,#1620,.T.);
#1618 = VERTEX_POINT('',#1619);
#1619 = CARTESIAN_POINT('',(-0.798480775301,1.15,0.492364817767));
#1620 = CIRCLE('',#1621,0.1);
#1621 = AXIS2_PLACEMENT_3D('',#1622,#1623,#1624);
#1622 = CARTESIAN_POINT('',(-0.7,1.15,0.475));
#1623 = DIRECTION('',(-1.144237745222E-17,-1.,-5.473822126269E-48));
#1624 = DIRECTION('',(2.22044604925E-15,-2.540718180781E-32,1.));
#1625 = ORIENTED_EDGE('',*,*,#1626,.F.);
#1626 = EDGE_CURVE('',#1627,#1618,#1629,.T.);
#1627 = VERTEX_POINT('',#1628);
#1628 = CARTESIAN_POINT('',(-0.798480775301,0.75,0.492364817767));
#1629 = LINE('',#1630,#1631);
#1630 = CARTESIAN_POINT('',(-0.798480775301,0.75,0.492364817767));
#1631 = VECTOR('',#1632,1.);
#1632 = DIRECTION('',(1.144237745222E-17,1.,0.));
#1633 = ORIENTED_EDGE('',*,*,#1634,.F.);
#1634 = EDGE_CURVE('',#1249,#1627,#1635,.T.);
#1635 = CIRCLE('',#1636,0.1);
#1636 = AXIS2_PLACEMENT_3D('',#1637,#1638,#1639);
#1637 = CARTESIAN_POINT('',(-0.7,0.75,0.475));
#1638 = DIRECTION('',(-1.144237745222E-17,-1.,-5.473822126269E-48));
#1639 = DIRECTION('',(2.22044604925E-15,-2.540718180781E-32,1.));
#1640 = CYLINDRICAL_SURFACE('',#1641,0.1);
#1641 = AXIS2_PLACEMENT_3D('',#1642,#1643,#1644);
#1642 = CARTESIAN_POINT('',(-0.7,0.75,0.475));
#1643 = DIRECTION('',(-1.144237745222E-17,-1.,0.));
#1644 = DIRECTION('',(2.22044604925E-15,-2.540718180781E-32,1.));
#1645 = ADVANCED_FACE('',(#1646),#1657,.F.);
#1646 = FACE_BOUND('',#1647,.F.);
#1647 = EDGE_LOOP('',(#1648,#1654,#1655,#1656));
#1648 = ORIENTED_EDGE('',*,*,#1649,.F.);
#1649 = EDGE_CURVE('',#1241,#1485,#1650,.T.);
#1650 = LINE('',#1651,#1652);
#1651 = CARTESIAN_POINT('',(-0.7,1.15,0.529763586955));
#1652 = VECTOR('',#1653,1.);
#1653 = DIRECTION('',(0.,0.,1.));
#1654 = ORIENTED_EDGE('',*,*,#1240,.T.);
#1655 = ORIENTED_EDGE('',*,*,#1509,.T.);
#1656 = ORIENTED_EDGE('',*,*,#1492,.F.);
#1657 = PLANE('',#1658);
#1658 = AXIS2_PLACEMENT_3D('',#1659,#1660,#1661);
#1659 = CARTESIAN_POINT('',(-0.7,-1.405,0.725));
#1660 = DIRECTION('',(1.,1.110223024625E-16,0.));
#1661 = DIRECTION('',(-1.110223024625E-16,1.,0.));
#1662 = ADVANCED_FACE('',(#1663),#1674,.F.);
#1663 = FACE_BOUND('',#1664,.F.);
#1664 = EDGE_LOOP('',(#1665,#1666,#1667,#1673));
#1665 = ORIENTED_EDGE('',*,*,#1396,.F.);
#1666 = ORIENTED_EDGE('',*,*,#1317,.T.);
#1667 = ORIENTED_EDGE('',*,*,#1668,.T.);
#1668 = EDGE_CURVE('',#1310,#1429,#1669,.T.);
#1669 = LINE('',#1670,#1671);
#1670 = CARTESIAN_POINT('',(0.7,0.2,0.529763586955));
#1671 = VECTOR('',#1672,1.);
#1672 = DIRECTION('',(0.,0.,1.));
#1673 = ORIENTED_EDGE('',*,*,#1428,.F.);
#1674 = PLANE('',#1675);
#1675 = AXIS2_PLACEMENT_3D('',#1676,#1677,#1678);
#1676 = CARTESIAN_POINT('',(0.7,1.405,0.725));
#1677 = DIRECTION('',(-1.,-1.110223024625E-16,0.));
#1678 = DIRECTION('',(1.110223024625E-16,-1.,0.));
#1679 = ADVANCED_FACE('',(#1680),#1707,.F.);
#1680 = FACE_BOUND('',#1681,.F.);
#1681 = EDGE_LOOP('',(#1682,#1683,#1692,#1700));
#1682 = ORIENTED_EDGE('',*,*,#1309,.T.);
#1683 = ORIENTED_EDGE('',*,*,#1684,.T.);
#1684 = EDGE_CURVE('',#1302,#1685,#1687,.T.);
#1685 = VERTEX_POINT('',#1686);
#1686 = CARTESIAN_POINT('',(0.798480775301,-0.2,0.492364817767));
#1687 = CIRCLE('',#1688,0.1);
#1688 = AXIS2_PLACEMENT_3D('',#1689,#1690,#1691);
#1689 = CARTESIAN_POINT('',(0.7,-0.2,0.475));
#1690 = DIRECTION('',(-1.110223024625E-16,1.,0.));
#1691 = DIRECTION('',(-2.22044604925E-15,-2.465190328815E-31,1.));
#1692 = ORIENTED_EDGE('',*,*,#1693,.F.);
#1693 = EDGE_CURVE('',#1694,#1685,#1696,.T.);
#1694 = VERTEX_POINT('',#1695);
#1695 = CARTESIAN_POINT('',(0.798480775301,0.2,0.492364817767));
#1696 = LINE('',#1697,#1698);
#1697 = CARTESIAN_POINT('',(0.798480775301,0.2,0.492364817767));
#1698 = VECTOR('',#1699,1.);
#1699 = DIRECTION('',(1.110223024625E-16,-1.,0.));
#1700 = ORIENTED_EDGE('',*,*,#1701,.F.);
#1701 = EDGE_CURVE('',#1310,#1694,#1702,.T.);
#1702 = CIRCLE('',#1703,0.1);
#1703 = AXIS2_PLACEMENT_3D('',#1704,#1705,#1706);
#1704 = CARTESIAN_POINT('',(0.7,0.2,0.475));
#1705 = DIRECTION('',(-1.110223024625E-16,1.,0.));
#1706 = DIRECTION('',(-2.22044604925E-15,-2.465190328815E-31,1.));
#1707 = CYLINDRICAL_SURFACE('',#1708,0.1);
#1708 = AXIS2_PLACEMENT_3D('',#1709,#1710,#1711);
#1709 = CARTESIAN_POINT('',(0.7,0.2,0.475));
#1710 = DIRECTION('',(-1.110223024625E-16,1.,0.));
#1711 = DIRECTION('',(-2.22044604925E-15,-2.465190328815E-31,1.));
#1712 = ADVANCED_FACE('',(#1713),#1737,.F.);
#1713 = FACE_BOUND('',#1714,.F.);
#1714 = EDGE_LOOP('',(#1715,#1723,#1724,#1731));
#1715 = ORIENTED_EDGE('',*,*,#1716,.F.);
#1716 = EDGE_CURVE('',#1302,#1717,#1719,.T.);
#1717 = VERTEX_POINT('',#1718);
#1718 = CARTESIAN_POINT('',(0.7,-0.2,0.725));
#1719 = LINE('',#1720,#1721);
#1720 = CARTESIAN_POINT('',(0.7,-0.2,0.529763586955));
#1721 = VECTOR('',#1722,1.);
#1722 = DIRECTION('',(0.,0.,1.));
#1723 = ORIENTED_EDGE('',*,*,#1301,.T.);
#1724 = ORIENTED_EDGE('',*,*,#1725,.T.);
#1725 = EDGE_CURVE('',#1295,#1726,#1728,.T.);
#1726 = VERTEX_POINT('',#1727);
#1727 = CARTESIAN_POINT('',(0.7,-1.405,0.725));
#1728 = B_SPLINE_CURVE_WITH_KNOTS('',1,(#1729,#1730),.UNSPECIFIED.,.F.,
  .F.,(2,2),(0.,1.),.PIECEWISE_BEZIER_KNOTS.);
#1729 = CARTESIAN_POINT('',(0.7,-1.405,0.575));
#1730 = CARTESIAN_POINT('',(0.7,-1.405,0.725));
#1731 = ORIENTED_EDGE('',*,*,#1732,.F.);
#1732 = EDGE_CURVE('',#1717,#1726,#1733,.T.);
#1733 = LINE('',#1734,#1735);
#1734 = CARTESIAN_POINT('',(0.7,1.405,0.725));
#1735 = VECTOR('',#1736,1.);
#1736 = DIRECTION('',(1.110223024625E-16,-1.,0.));
#1737 = PLANE('',#1738);
#1738 = AXIS2_PLACEMENT_3D('',#1739,#1740,#1741);
#1739 = CARTESIAN_POINT('',(0.7,1.405,0.725));
#1740 = DIRECTION('',(-1.,-1.110223024625E-16,0.));
#1741 = DIRECTION('',(1.110223024625E-16,-1.,0.));
#1742 = ADVANCED_FACE('',(#1743),#1760,.F.);
#1743 = FACE_BOUND('',#1744,.F.);
#1744 = EDGE_LOOP('',(#1745,#1746,#1747,#1755));
#1745 = ORIENTED_EDGE('',*,*,#1334,.T.);
#1746 = ORIENTED_EDGE('',*,*,#1522,.T.);
#1747 = ORIENTED_EDGE('',*,*,#1748,.F.);
#1748 = EDGE_CURVE('',#1749,#1523,#1751,.T.);
#1749 = VERTEX_POINT('',#1750);
#1750 = CARTESIAN_POINT('',(-0.605,-1.5,0.725));
#1751 = LINE('',#1752,#1753);
#1752 = CARTESIAN_POINT('',(-0.605,-1.5,0.725));
#1753 = VECTOR('',#1754,1.);
#1754 = DIRECTION('',(-0.707106781187,0.707106781187,0.));
#1755 = ORIENTED_EDGE('',*,*,#1756,.F.);
#1756 = EDGE_CURVE('',#1335,#1749,#1757,.T.);
#1757 = B_SPLINE_CURVE_WITH_KNOTS('',1,(#1758,#1759),.UNSPECIFIED.,.F.,
  .F.,(2,2),(0.,1.),.PIECEWISE_BEZIER_KNOTS.);
#1758 = CARTESIAN_POINT('',(-0.605,-1.5,0.575));
#1759 = CARTESIAN_POINT('',(-0.605,-1.5,0.725));
#1760 = PLANE('',#1761);
#1761 = AXIS2_PLACEMENT_3D('',#1762,#1763,#1764);
#1762 = CARTESIAN_POINT('',(-0.605,-1.5,0.725));
#1763 = DIRECTION('',(0.707106781187,0.707106781187,0.));
#1764 = DIRECTION('',(-0.707106781187,0.707106781187,0.));
#1765 = ADVANCED_FACE('',(#1766),#1783,.F.);
#1766 = FACE_BOUND('',#1767,.F.);
#1767 = EDGE_LOOP('',(#1768,#1769,#1776,#1782));
#1768 = ORIENTED_EDGE('',*,*,#1363,.T.);
#1769 = ORIENTED_EDGE('',*,*,#1770,.T.);
#1770 = EDGE_CURVE('',#1357,#1771,#1773,.T.);
#1771 = VERTEX_POINT('',#1772);
#1772 = CARTESIAN_POINT('',(0.605,-1.5,0.725));
#1773 = B_SPLINE_CURVE_WITH_KNOTS('',1,(#1774,#1775),.UNSPECIFIED.,.F.,
  .F.,(2,2),(0.,1.),.PIECEWISE_BEZIER_KNOTS.);
#1774 = CARTESIAN_POINT('',(0.605,-1.5,0.575));
#1775 = CARTESIAN_POINT('',(0.605,-1.5,0.725));
#1776 = ORIENTED_EDGE('',*,*,#1777,.F.);
#1777 = EDGE_CURVE('',#1726,#1771,#1778,.T.);
#1778 = LINE('',#1779,#1780);
#1779 = CARTESIAN_POINT('',(0.7,-1.405,0.725));
#1780 = VECTOR('',#1781,1.);
#1781 = DIRECTION('',(-0.707106781187,-0.707106781187,0.));
#1782 = ORIENTED_EDGE('',*,*,#1725,.F.);
#1783 = PLANE('',#1784);
#1784 = AXIS2_PLACEMENT_3D('',#1785,#1786,#1787);
#1785 = CARTESIAN_POINT('',(0.7,-1.405,0.725));
#1786 = DIRECTION('',(-0.707106781187,0.707106781187,0.));
#1787 = DIRECTION('',(-0.707106781187,-0.707106781187,0.));
#1788 = ADVANCED_FACE('',(#1789),#1800,.F.);
#1789 = FACE_BOUND('',#1790,.F.);
#1790 = EDGE_LOOP('',(#1791,#1792,#1793,#1799));
#1791 = ORIENTED_EDGE('',*,*,#1380,.T.);
#1792 = ORIENTED_EDGE('',*,*,#1756,.T.);
#1793 = ORIENTED_EDGE('',*,*,#1794,.F.);
#1794 = EDGE_CURVE('',#1771,#1749,#1795,.T.);
#1795 = LINE('',#1796,#1797);
#1796 = CARTESIAN_POINT('',(0.605,-1.5,0.725));
#1797 = VECTOR('',#1798,1.);
#1798 = DIRECTION('',(-1.,-1.110223024625E-16,0.));
#1799 = ORIENTED_EDGE('',*,*,#1770,.F.);
#1800 = PLANE('',#1801);
#1801 = AXIS2_PLACEMENT_3D('',#1802,#1803,#1804);
#1802 = CARTESIAN_POINT('',(0.605,-1.5,0.725));
#1803 = DIRECTION('',(-1.110223024625E-16,1.,0.));
#1804 = DIRECTION('',(-1.,-1.110223024625E-16,0.));
#1805 = ADVANCED_FACE('',(#1806),#1829,.F.);
#1806 = FACE_BOUND('',#1807,.F.);
#1807 = EDGE_LOOP('',(#1808,#1816,#1822,#1823));
#1808 = ORIENTED_EDGE('',*,*,#1809,.F.);
#1809 = EDGE_CURVE('',#1595,#1810,#1812,.T.);
#1810 = VERTEX_POINT('',#1811);
#1811 = CARTESIAN_POINT('',(-0.675,0.75,0.725));
#1812 = LINE('',#1813,#1814);
#1813 = CARTESIAN_POINT('',(-0.7,0.75,0.725));
#1814 = VECTOR('',#1815,1.);
#1815 = DIRECTION('',(1.,-1.144237745222E-17,0.));
#1816 = ORIENTED_EDGE('',*,*,#1817,.T.);
#1817 = EDGE_CURVE('',#1595,#1485,#1818,.T.);
#1818 = LINE('',#1819,#1820);
#1819 = CARTESIAN_POINT('',(-0.7,0.75,0.725));
#1820 = VECTOR('',#1821,1.);
#1821 = DIRECTION('',(1.144237745222E-17,1.,0.));
#1822 = ORIENTED_EDGE('',*,*,#1484,.T.);
#1823 = ORIENTED_EDGE('',*,*,#1824,.F.);
#1824 = EDGE_CURVE('',#1810,#1477,#1825,.T.);
#1825 = LINE('',#1826,#1827);
#1826 = CARTESIAN_POINT('',(-0.675,-1.3925,0.725));
#1827 = VECTOR('',#1828,1.);
#1828 = DIRECTION('',(-1.110223024625E-16,1.,0.));
#1829 = PLANE('',#1830);
#1830 = AXIS2_PLACEMENT_3D('',#1831,#1832,#1833);
#1831 = CARTESIAN_POINT('',(-0.7,0.75,0.725));
#1832 = DIRECTION('',(0.,0.,-1.));
#1833 = DIRECTION('',(1.,-1.144237745222E-17,0.));
#1834 = ADVANCED_FACE('',(#1835),#1883,.F.);
#1835 = FACE_BOUND('',#1836,.F.);
#1836 = EDGE_LOOP('',(#1837,#1847,#1855,#1861,#1862,#1863,#1870,#1878));
#1837 = ORIENTED_EDGE('',*,*,#1838,.T.);
#1838 = EDGE_CURVE('',#1839,#1841,#1843,.T.);
#1839 = VERTEX_POINT('',#1840);
#1840 = CARTESIAN_POINT('',(-0.675,-1.3925,0.725));
#1841 = VERTEX_POINT('',#1842);
#1842 = CARTESIAN_POINT('',(-0.675,-1.15,0.725));
#1843 = LINE('',#1844,#1845);
#1844 = CARTESIAN_POINT('',(-0.675,-1.3925,0.725));
#1845 = VECTOR('',#1846,1.);
#1846 = DIRECTION('',(-1.110223024625E-16,1.,0.));
#1847 = ORIENTED_EDGE('',*,*,#1848,.T.);
#1848 = EDGE_CURVE('',#1841,#1849,#1851,.T.);
#1849 = VERTEX_POINT('',#1850);
#1850 = CARTESIAN_POINT('',(-0.675,-0.75,0.725));
#1851 = LINE('',#1852,#1853);
#1852 = CARTESIAN_POINT('',(-0.675,-1.3925,0.725));
#1853 = VECTOR('',#1854,1.);
#1854 = DIRECTION('',(-1.110223024625E-16,1.,0.));
#1855 = ORIENTED_EDGE('',*,*,#1856,.T.);
#1856 = EDGE_CURVE('',#1849,#1810,#1857,.T.);
#1857 = LINE('',#1858,#1859);
#1858 = CARTESIAN_POINT('',(-0.675,-1.3925,0.725));
#1859 = VECTOR('',#1860,1.);
#1860 = DIRECTION('',(-1.110223024625E-16,1.,0.));
#1861 = ORIENTED_EDGE('',*,*,#1824,.T.);
#1862 = ORIENTED_EDGE('',*,*,#1476,.T.);
#1863 = ORIENTED_EDGE('',*,*,#1864,.T.);
#1864 = EDGE_CURVE('',#1469,#1865,#1867,.T.);
#1865 = VERTEX_POINT('',#1866);
#1866 = CARTESIAN_POINT('',(-0.608243103516,1.359121551758,1.2));
#1867 = B_SPLINE_CURVE_WITH_KNOTS('',1,(#1868,#1869),.UNSPECIFIED.,.F.,
  .F.,(2,2),(0.,1.),.PIECEWISE_BEZIER_KNOTS.);
#1868 = CARTESIAN_POINT('',(-0.675,1.3925,0.725));
#1869 = CARTESIAN_POINT('',(-0.608243103516,1.359121551758,1.2));
#1870 = ORIENTED_EDGE('',*,*,#1871,.F.);
#1871 = EDGE_CURVE('',#1872,#1865,#1874,.T.);
#1872 = VERTEX_POINT('',#1873);
#1873 = CARTESIAN_POINT('',(-0.608243103516,-1.359121551758,1.2));
#1874 = LINE('',#1875,#1876);
#1875 = CARTESIAN_POINT('',(-0.608243103516,-1.359121551758,1.2));
#1876 = VECTOR('',#1877,1.);
#1877 = DIRECTION('',(-1.110223024625E-16,1.,0.));
#1878 = ORIENTED_EDGE('',*,*,#1879,.F.);
#1879 = EDGE_CURVE('',#1839,#1872,#1880,.T.);
#1880 = B_SPLINE_CURVE_WITH_KNOTS('',1,(#1881,#1882),.UNSPECIFIED.,.F.,
  .F.,(2,2),(0.,1.),.PIECEWISE_BEZIER_KNOTS.);
#1881 = CARTESIAN_POINT('',(-0.675,-1.3925,0.725));
#1882 = CARTESIAN_POINT('',(-0.608243103516,-1.359121551758,1.2));
#1883 = B_SPLINE_SURFACE_WITH_KNOTS('',1,1,(
    (#1884,#1885)
    ,(#1886,#1887
    )),.UNSPECIFIED.,.F.,.F.,.F.,(2,2),(2,2),(0.,2.785),(0.,1.),
  .PIECEWISE_BEZIER_KNOTS.);
#1884 = CARTESIAN_POINT('',(-0.675,-1.3925,0.725));
#1885 = CARTESIAN_POINT('',(-0.608243103516,-1.359121551758,1.2));
#1886 = CARTESIAN_POINT('',(-0.675,1.3925,0.725));
#1887 = CARTESIAN_POINT('',(-0.608243103516,1.359121551758,1.2));
#1888 = ADVANCED_FACE('',(#1889),#1906,.F.);
#1889 = FACE_BOUND('',#1890,.F.);
#1890 = EDGE_LOOP('',(#1891,#1892,#1899,#1905));
#1891 = ORIENTED_EDGE('',*,*,#1468,.T.);
#1892 = ORIENTED_EDGE('',*,*,#1893,.T.);
#1893 = EDGE_CURVE('',#1461,#1894,#1896,.T.);
#1894 = VERTEX_POINT('',#1895);
#1895 = CARTESIAN_POINT('',(-0.559121551758,1.408243103516,1.2));
#1896 = B_SPLINE_CURVE_WITH_KNOTS('',1,(#1897,#1898),.UNSPECIFIED.,.F.,
  .F.,(2,2),(0.,1.),.PIECEWISE_BEZIER_KNOTS.);
#1897 = CARTESIAN_POINT('',(-0.5925,1.475,0.725));
#1898 = CARTESIAN_POINT('',(-0.559121551758,1.408243103516,1.2));
#1899 = ORIENTED_EDGE('',*,*,#1900,.F.);
#1900 = EDGE_CURVE('',#1865,#1894,#1901,.T.);
#1901 = LINE('',#1902,#1903);
#1902 = CARTESIAN_POINT('',(-0.608243103516,1.359121551758,1.2));
#1903 = VECTOR('',#1904,1.);
#1904 = DIRECTION('',(0.707106781187,0.707106781187,0.));
#1905 = ORIENTED_EDGE('',*,*,#1864,.F.);
#1906 = B_SPLINE_SURFACE_WITH_KNOTS('',1,1,(
    (#1907,#1908)
    ,(#1909,#1910
    )),.UNSPECIFIED.,.F.,.F.,.F.,(2,2),(2,2),(0.,0.116672618896),(0.,1.)
  ,.PIECEWISE_BEZIER_KNOTS.);
#1907 = CARTESIAN_POINT('',(-0.675,1.3925,0.725));
#1908 = CARTESIAN_POINT('',(-0.608243103516,1.359121551758,1.2));
#1909 = CARTESIAN_POINT('',(-0.5925,1.475,0.725));
#1910 = CARTESIAN_POINT('',(-0.559121551758,1.408243103516,1.2));
#1911 = ADVANCED_FACE('',(#1912),#1929,.F.);
#1912 = FACE_BOUND('',#1913,.F.);
#1913 = EDGE_LOOP('',(#1914,#1915,#1922,#1928));
#1914 = ORIENTED_EDGE('',*,*,#1460,.T.);
#1915 = ORIENTED_EDGE('',*,*,#1916,.T.);
#1916 = EDGE_CURVE('',#1453,#1917,#1919,.T.);
#1917 = VERTEX_POINT('',#1918);
#1918 = CARTESIAN_POINT('',(0.559121551758,1.408243103516,1.2));
#1919 = B_SPLINE_CURVE_WITH_KNOTS('',1,(#1920,#1921),.UNSPECIFIED.,.F.,
  .F.,(2,2),(0.,1.),.PIECEWISE_BEZIER_KNOTS.);
#1920 = CARTESIAN_POINT('',(0.5925,1.475,0.725));
#1921 = CARTESIAN_POINT('',(0.559121551758,1.408243103516,1.2));
#1922 = ORIENTED_EDGE('',*,*,#1923,.F.);
#1923 = EDGE_CURVE('',#1894,#1917,#1924,.T.);
#1924 = LINE('',#1925,#1926);
#1925 = CARTESIAN_POINT('',(-0.559121551758,1.408243103516,1.2));
#1926 = VECTOR('',#1927,1.);
#1927 = DIRECTION('',(1.,1.110223024625E-16,0.));
#1928 = ORIENTED_EDGE('',*,*,#1893,.F.);
#1929 = B_SPLINE_SURFACE_WITH_KNOTS('',1,1,(
    (#1930,#1931)
    ,(#1932,#1933
    )),.UNSPECIFIED.,.F.,.F.,.F.,(2,2),(2,2),(0.,1.185),(0.,1.),
  .PIECEWISE_BEZIER_KNOTS.);
#1930 = CARTESIAN_POINT('',(-0.5925,1.475,0.725));
#1931 = CARTESIAN_POINT('',(-0.559121551758,1.408243103516,1.2));
#1932 = CARTESIAN_POINT('',(0.5925,1.475,0.725));
#1933 = CARTESIAN_POINT('',(0.559121551758,1.408243103516,1.2));
#1934 = ADVANCED_FACE('',(#1935),#1952,.F.);
#1935 = FACE_BOUND('',#1936,.F.);
#1936 = EDGE_LOOP('',(#1937,#1938,#1945,#1951));
#1937 = ORIENTED_EDGE('',*,*,#1452,.T.);
#1938 = ORIENTED_EDGE('',*,*,#1939,.T.);
#1939 = EDGE_CURVE('',#1445,#1940,#1942,.T.);
#1940 = VERTEX_POINT('',#1941);
#1941 = CARTESIAN_POINT('',(0.608243103516,1.359121551758,1.2));
#1942 = B_SPLINE_CURVE_WITH_KNOTS('',1,(#1943,#1944),.UNSPECIFIED.,.F.,
  .F.,(2,2),(0.,1.),.PIECEWISE_BEZIER_KNOTS.);
#1943 = CARTESIAN_POINT('',(0.675,1.3925,0.725));
#1944 = CARTESIAN_POINT('',(0.608243103516,1.359121551758,1.2));
#1945 = ORIENTED_EDGE('',*,*,#1946,.F.);
#1946 = EDGE_CURVE('',#1917,#1940,#1947,.T.);
#1947 = LINE('',#1948,#1949);
#1948 = CARTESIAN_POINT('',(0.559121551758,1.408243103516,1.2));
#1949 = VECTOR('',#1950,1.);
#1950 = DIRECTION('',(0.707106781187,-0.707106781187,0.));
#1951 = ORIENTED_EDGE('',*,*,#1916,.F.);
#1952 = B_SPLINE_SURFACE_WITH_KNOTS('',1,1,(
    (#1953,#1954)
    ,(#1955,#1956
    )),.UNSPECIFIED.,.F.,.F.,.F.,(2,2),(2,2),(0.,0.116672618896),(0.,1.)
  ,.PIECEWISE_BEZIER_KNOTS.);
#1953 = CARTESIAN_POINT('',(0.5925,1.475,0.725));
#1954 = CARTESIAN_POINT('',(0.559121551758,1.408243103516,1.2));
#1955 = CARTESIAN_POINT('',(0.675,1.3925,0.725));
#1956 = CARTESIAN_POINT('',(0.608243103516,1.359121551758,1.2));
#1957 = ADVANCED_FACE('',(#1958),#1991,.F.);
#1958 = FACE_BOUND('',#1959,.F.);
#1959 = EDGE_LOOP('',(#1960,#1961,#1969,#1977,#1984,#1990));
#1960 = ORIENTED_EDGE('',*,*,#1444,.T.);
#1961 = ORIENTED_EDGE('',*,*,#1962,.T.);
#1962 = EDGE_CURVE('',#1437,#1963,#1965,.T.);
#1963 = VERTEX_POINT('',#1964);
#1964 = CARTESIAN_POINT('',(0.675,-0.2,0.725));
#1965 = LINE('',#1966,#1967);
#1966 = CARTESIAN_POINT('',(0.675,1.3925,0.725));
#1967 = VECTOR('',#1968,1.);
#1968 = DIRECTION('',(1.110223024625E-16,-1.,0.));
#1969 = ORIENTED_EDGE('',*,*,#1970,.T.);
#1970 = EDGE_CURVE('',#1963,#1971,#1973,.T.);
#1971 = VERTEX_POINT('',#1972);
#1972 = CARTESIAN_POINT('',(0.675,-1.3925,0.725));
#1973 = LINE('',#1974,#1975);
#1974 = CARTESIAN_POINT('',(0.675,1.3925,0.725));
#1975 = VECTOR('',#1976,1.);
#1976 = DIRECTION('',(1.110223024625E-16,-1.,0.));
#1977 = ORIENTED_EDGE('',*,*,#1978,.T.);
#1978 = EDGE_CURVE('',#1971,#1979,#1981,.T.);
#1979 = VERTEX_POINT('',#1980);
#1980 = CARTESIAN_POINT('',(0.608243103516,-1.359121551758,1.2));
#1981 = B_SPLINE_CURVE_WITH_KNOTS('',1,(#1982,#1983),.UNSPECIFIED.,.F.,
  .F.,(2,2),(0.,1.),.PIECEWISE_BEZIER_KNOTS.);
#1982 = CARTESIAN_POINT('',(0.675,-1.3925,0.725));
#1983 = CARTESIAN_POINT('',(0.608243103516,-1.359121551758,1.2));
#1984 = ORIENTED_EDGE('',*,*,#1985,.F.);
#1985 = EDGE_CURVE('',#1940,#1979,#1986,.T.);
#1986 = LINE('',#1987,#1988);
#1987 = CARTESIAN_POINT('',(0.608243103516,1.359121551758,1.2));
#1988 = VECTOR('',#1989,1.);
#1989 = DIRECTION('',(1.110223024625E-16,-1.,0.));
#1990 = ORIENTED_EDGE('',*,*,#1939,.F.);
#1991 = B_SPLINE_SURFACE_WITH_KNOTS('',1,1,(
    (#1992,#1993)
    ,(#1994,#1995
    )),.UNSPECIFIED.,.F.,.F.,.F.,(2,2),(2,2),(0.,2.785),(0.,1.),
  .PIECEWISE_BEZIER_KNOTS.);
#1992 = CARTESIAN_POINT('',(0.675,1.3925,0.725));
#1993 = CARTESIAN_POINT('',(0.608243103516,1.359121551758,1.2));
#1994 = CARTESIAN_POINT('',(0.675,-1.3925,0.725));
#1995 = CARTESIAN_POINT('',(0.608243103516,-1.359121551758,1.2));
#1996 = ADVANCED_FACE('',(#1997),#2013,.F.);
#1997 = FACE_BOUND('',#1998,.F.);
#1998 = EDGE_LOOP('',(#1999,#2000,#2006,#2012));
#1999 = ORIENTED_EDGE('',*,*,#1436,.F.);
#2000 = ORIENTED_EDGE('',*,*,#2001,.T.);
#2001 = EDGE_CURVE('',#1429,#1717,#2002,.T.);
#2002 = LINE('',#2003,#2004);
#2003 = CARTESIAN_POINT('',(0.7,0.2,0.725));
#2004 = VECTOR('',#2005,1.);
#2005 = DIRECTION('',(1.110223024625E-16,-1.,0.));
#2006 = ORIENTED_EDGE('',*,*,#2007,.T.);
#2007 = EDGE_CURVE('',#1717,#1963,#2008,.T.);
#2008 = LINE('',#2009,#2010);
#2009 = CARTESIAN_POINT('',(0.7,-0.2,0.725));
#2010 = VECTOR('',#2011,1.);
#2011 = DIRECTION('',(-1.,-1.110223024625E-16,0.));
#2012 = ORIENTED_EDGE('',*,*,#1962,.F.);
#2013 = PLANE('',#2014);
#2014 = AXIS2_PLACEMENT_3D('',#2015,#2016,#2017);
#2015 = CARTESIAN_POINT('',(0.7,0.2,0.725));
#2016 = DIRECTION('',(0.,0.,-1.));
#2017 = DIRECTION('',(-1.,-1.110223024625E-16,-0.));
#2018 = ADVANCED_FACE('',(#2019),#2057,.F.);
#2019 = FACE_BOUND('',#2020,.F.);
#2020 = EDGE_LOOP('',(#2021,#2022,#2023,#2024,#2025,#2026,#2027,#2033,
    #2034,#2042,#2050,#2056));
#2021 = ORIENTED_EDGE('',*,*,#2007,.F.);
#2022 = ORIENTED_EDGE('',*,*,#1732,.T.);
#2023 = ORIENTED_EDGE('',*,*,#1777,.T.);
#2024 = ORIENTED_EDGE('',*,*,#1794,.T.);
#2025 = ORIENTED_EDGE('',*,*,#1748,.T.);
#2026 = ORIENTED_EDGE('',*,*,#1538,.T.);
#2027 = ORIENTED_EDGE('',*,*,#2028,.T.);
#2028 = EDGE_CURVE('',#1531,#1841,#2029,.T.);
#2029 = LINE('',#2030,#2031);
#2030 = CARTESIAN_POINT('',(-0.7,-1.15,0.725));
#2031 = VECTOR('',#2032,1.);
#2032 = DIRECTION('',(1.,-1.144237745222E-17,0.));
#2033 = ORIENTED_EDGE('',*,*,#1838,.F.);
#2034 = ORIENTED_EDGE('',*,*,#2035,.F.);
#2035 = EDGE_CURVE('',#2036,#1839,#2038,.T.);
#2036 = VERTEX_POINT('',#2037);
#2037 = CARTESIAN_POINT('',(-0.5925,-1.475,0.725));
#2038 = LINE('',#2039,#2040);
#2039 = CARTESIAN_POINT('',(-0.5925,-1.475,0.725));
#2040 = VECTOR('',#2041,1.);
#2041 = DIRECTION('',(-0.707106781187,0.707106781187,0.));
#2042 = ORIENTED_EDGE('',*,*,#2043,.F.);
#2043 = EDGE_CURVE('',#2044,#2036,#2046,.T.);
#2044 = VERTEX_POINT('',#2045);
#2045 = CARTESIAN_POINT('',(0.5925,-1.475,0.725));
#2046 = LINE('',#2047,#2048);
#2047 = CARTESIAN_POINT('',(0.5925,-1.475,0.725));
#2048 = VECTOR('',#2049,1.);
#2049 = DIRECTION('',(-1.,-1.110223024625E-16,0.));
#2050 = ORIENTED_EDGE('',*,*,#2051,.F.);
#2051 = EDGE_CURVE('',#1971,#2044,#2052,.T.);
#2052 = LINE('',#2053,#2054);
#2053 = CARTESIAN_POINT('',(0.675,-1.3925,0.725));
#2054 = VECTOR('',#2055,1.);
#2055 = DIRECTION('',(-0.707106781187,-0.707106781187,0.));
#2056 = ORIENTED_EDGE('',*,*,#1970,.F.);
#2057 = PLANE('',#2058);
#2058 = AXIS2_PLACEMENT_3D('',#2059,#2060,#2061);
#2059 = CARTESIAN_POINT('',(-1.486299604971E-16,1.4875,0.725));
#2060 = DIRECTION('',(1.022886882533E-31,-6.310887241768E-27,-1.));
#2061 = DIRECTION('',(1.,1.217738924546E-16,1.022886882525E-31));
#2062 = ADVANCED_FACE('',(#2063),#2132,.F.);
#2063 = FACE_BOUND('',#2064,.F.);
#2064 = EDGE_LOOP('',(#2065,#2066,#2067,#2075,#2084,#2092,#2100,#2108,
    #2117,#2125));
#2065 = ORIENTED_EDGE('',*,*,#1530,.F.);
#2066 = ORIENTED_EDGE('',*,*,#1570,.T.);
#2067 = ORIENTED_EDGE('',*,*,#2068,.T.);
#2068 = EDGE_CURVE('',#1563,#2069,#2071,.T.);
#2069 = VERTEX_POINT('',#2070);
#2070 = CARTESIAN_POINT('',(-0.843471632406,-1.15,0.206587955583));
#2071 = LINE('',#2072,#2073);
#2072 = CARTESIAN_POINT('',(-0.798480775301,-1.15,0.492364817767));
#2073 = VECTOR('',#2074,1.);
#2074 = DIRECTION('',(-0.155518033909,1.779496044609E-18,-0.987833053268
    ));
#2075 = ORIENTED_EDGE('',*,*,#2076,.T.);
#2076 = EDGE_CURVE('',#2069,#2077,#2079,.T.);
#2077 = VERTEX_POINT('',#2078);
#2078 = CARTESIAN_POINT('',(-1.089673570659,-1.15,5.551115123126E-17));
#2079 = CIRCLE('',#2080,0.25);
#2080 = AXIS2_PLACEMENT_3D('',#2081,#2082,#2083);
#2081 = CARTESIAN_POINT('',(-1.089673570659,-1.15,0.25));
#2082 = DIRECTION('',(1.144237745222E-17,1.,3.851859888774E-34));
#2083 = DIRECTION('',(0.984807753012,-1.126854202784E-17,-0.173648177667
    ));
#2084 = ORIENTED_EDGE('',*,*,#2085,.T.);
#2085 = EDGE_CURVE('',#2077,#2086,#2088,.T.);
#2086 = VERTEX_POINT('',#2087);
#2087 = CARTESIAN_POINT('',(-1.25,-1.15,5.551115123126E-17));
#2088 = LINE('',#2089,#2090);
#2089 = CARTESIAN_POINT('',(-1.089673570659,-1.15,5.551115123126E-17));
#2090 = VECTOR('',#2091,1.);
#2091 = DIRECTION('',(-1.,1.144237745222E-17,0.));
#2092 = ORIENTED_EDGE('',*,*,#2093,.T.);
#2093 = EDGE_CURVE('',#2086,#2094,#2096,.T.);
#2094 = VERTEX_POINT('',#2095);
#2095 = CARTESIAN_POINT('',(-1.25,-1.15,0.15));
#2096 = LINE('',#2097,#2098);
#2097 = CARTESIAN_POINT('',(-1.25,-1.15,5.551115123126E-17));
#2098 = VECTOR('',#2099,1.);
#2099 = DIRECTION('',(0.,0.,1.));
#2100 = ORIENTED_EDGE('',*,*,#2101,.T.);
#2101 = EDGE_CURVE('',#2094,#2102,#2104,.T.);
#2102 = VERTEX_POINT('',#2103);
#2103 = CARTESIAN_POINT('',(-1.089673570659,-1.15,0.15));
#2104 = LINE('',#2105,#2106);
#2105 = CARTESIAN_POINT('',(-1.25,-1.15,0.15));
#2106 = VECTOR('',#2107,1.);
#2107 = DIRECTION('',(1.,-1.144237745222E-17,0.));
#2108 = ORIENTED_EDGE('',*,*,#2109,.T.);
#2109 = EDGE_CURVE('',#2102,#2110,#2112,.T.);
#2110 = VERTEX_POINT('',#2111);
#2111 = CARTESIAN_POINT('',(-0.991192795358,-1.15,0.232635182233));
#2112 = CIRCLE('',#2113,0.1);
#2113 = AXIS2_PLACEMENT_3D('',#2114,#2115,#2116);
#2114 = CARTESIAN_POINT('',(-1.089673570659,-1.15,0.25));
#2115 = DIRECTION('',(-1.144237745222E-17,-1.,1.094764425254E-47));
#2116 = DIRECTION('',(-2.22044604925E-15,2.540718180781E-32,-1.));
#2117 = ORIENTED_EDGE('',*,*,#2118,.T.);
#2118 = EDGE_CURVE('',#2110,#2119,#2121,.T.);
#2119 = VERTEX_POINT('',#2120);
#2120 = CARTESIAN_POINT('',(-0.946201938253,-1.15,0.518412044417));
#2121 = LINE('',#2122,#2123);
#2122 = CARTESIAN_POINT('',(-0.991192795358,-1.15,0.232635182233));
#2123 = VECTOR('',#2124,1.);
#2124 = DIRECTION('',(0.155518033909,-1.779496044609E-18,0.987833053268)
  );
#2125 = ORIENTED_EDGE('',*,*,#2126,.T.);
#2126 = EDGE_CURVE('',#2119,#1531,#2127,.T.);
#2127 = CIRCLE('',#2128,0.25);
#2128 = AXIS2_PLACEMENT_3D('',#2129,#2130,#2131);
#2129 = CARTESIAN_POINT('',(-0.7,-1.15,0.475));
#2130 = DIRECTION('',(1.144237745222E-17,1.,0.));
#2131 = DIRECTION('',(-0.984807753012,1.126854202784E-17,0.173648177667)
  );
#2132 = PLANE('',#2133);
#2133 = AXIS2_PLACEMENT_3D('',#2134,#2135,#2136);
#2134 = CARTESIAN_POINT('',(-0.931323080229,-1.15,0.33452717391));
#2135 = DIRECTION('',(1.144237745222E-17,1.,0.));
#2136 = DIRECTION('',(0.,-0.,1.));
#2137 = ADVANCED_FACE('',(#2138),#2156,.F.);
#2138 = FACE_BOUND('',#2139,.F.);
#2139 = EDGE_LOOP('',(#2140,#2141,#2149,#2155));
#2140 = ORIENTED_EDGE('',*,*,#1562,.T.);
#2141 = ORIENTED_EDGE('',*,*,#2142,.T.);
#2142 = EDGE_CURVE('',#1554,#2143,#2145,.T.);
#2143 = VERTEX_POINT('',#2144);
#2144 = CARTESIAN_POINT('',(-0.843471632406,-0.75,0.206587955583));
#2145 = LINE('',#2146,#2147);
#2146 = CARTESIAN_POINT('',(-0.798480775301,-0.75,0.492364817767));
#2147 = VECTOR('',#2148,1.);
#2148 = DIRECTION('',(-0.155518033909,1.779496044609E-18,-0.987833053268
    ));
#2149 = ORIENTED_EDGE('',*,*,#2150,.F.);
#2150 = EDGE_CURVE('',#2069,#2143,#2151,.T.);
#2151 = LINE('',#2152,#2153);
#2152 = CARTESIAN_POINT('',(-0.843471632406,-1.15,0.206587955583));
#2153 = VECTOR('',#2154,1.);
#2154 = DIRECTION('',(1.144237745222E-17,1.,0.));
#2155 = ORIENTED_EDGE('',*,*,#2068,.F.);
#2156 = PLANE('',#2157);
#2157 = AXIS2_PLACEMENT_3D('',#2158,#2159,#2160);
#2158 = CARTESIAN_POINT('',(-0.798480775301,-1.15,0.492364817767));
#2159 = DIRECTION('',(-0.987833053268,1.130315865527E-17,0.155518033909)
  );
#2160 = DIRECTION('',(-0.155518033909,1.779496044609E-18,-0.987833053268
    ));
#2161 = ADVANCED_FACE('',(#2162),#2224,.T.);
#2162 = FACE_BOUND('',#2163,.T.);
#2163 = EDGE_LOOP('',(#2164,#2165,#2166,#2167,#2176,#2184,#2192,#2200,
    #2209,#2217));
#2164 = ORIENTED_EDGE('',*,*,#1585,.F.);
#2165 = ORIENTED_EDGE('',*,*,#1553,.T.);
#2166 = ORIENTED_EDGE('',*,*,#2142,.T.);
#2167 = ORIENTED_EDGE('',*,*,#2168,.T.);
#2168 = EDGE_CURVE('',#2143,#2169,#2171,.T.);
#2169 = VERTEX_POINT('',#2170);
#2170 = CARTESIAN_POINT('',(-1.089673570659,-0.75,5.551115123126E-17));
#2171 = CIRCLE('',#2172,0.25);
#2172 = AXIS2_PLACEMENT_3D('',#2173,#2174,#2175);
#2173 = CARTESIAN_POINT('',(-1.089673570659,-0.75,0.25));
#2174 = DIRECTION('',(1.144237745222E-17,1.,3.851859888774E-34));
#2175 = DIRECTION('',(0.984807753012,-1.126854202784E-17,-0.173648177667
    ));
#2176 = ORIENTED_EDGE('',*,*,#2177,.T.);
#2177 = EDGE_CURVE('',#2169,#2178,#2180,.T.);
#2178 = VERTEX_POINT('',#2179);
#2179 = CARTESIAN_POINT('',(-1.25,-0.75,5.551115123126E-17));
#2180 = LINE('',#2181,#2182);
#2181 = CARTESIAN_POINT('',(-1.089673570659,-0.75,5.551115123126E-17));
#2182 = VECTOR('',#2183,1.);
#2183 = DIRECTION('',(-1.,1.144237745222E-17,0.));
#2184 = ORIENTED_EDGE('',*,*,#2185,.T.);
#2185 = EDGE_CURVE('',#2178,#2186,#2188,.T.);
#2186 = VERTEX_POINT('',#2187);
#2187 = CARTESIAN_POINT('',(-1.25,-0.75,0.15));
#2188 = LINE('',#2189,#2190);
#2189 = CARTESIAN_POINT('',(-1.25,-0.75,5.551115123126E-17));
#2190 = VECTOR('',#2191,1.);
#2191 = DIRECTION('',(0.,0.,1.));
#2192 = ORIENTED_EDGE('',*,*,#2193,.T.);
#2193 = EDGE_CURVE('',#2186,#2194,#2196,.T.);
#2194 = VERTEX_POINT('',#2195);
#2195 = CARTESIAN_POINT('',(-1.089673570659,-0.75,0.15));
#2196 = LINE('',#2197,#2198);
#2197 = CARTESIAN_POINT('',(-1.25,-0.75,0.15));
#2198 = VECTOR('',#2199,1.);
#2199 = DIRECTION('',(1.,-1.144237745222E-17,0.));
#2200 = ORIENTED_EDGE('',*,*,#2201,.T.);
#2201 = EDGE_CURVE('',#2194,#2202,#2204,.T.);
#2202 = VERTEX_POINT('',#2203);
#2203 = CARTESIAN_POINT('',(-0.991192795358,-0.75,0.232635182233));
#2204 = CIRCLE('',#2205,0.1);
#2205 = AXIS2_PLACEMENT_3D('',#2206,#2207,#2208);
#2206 = CARTESIAN_POINT('',(-1.089673570659,-0.75,0.25));
#2207 = DIRECTION('',(-1.144237745222E-17,-1.,1.094764425254E-47));
#2208 = DIRECTION('',(-2.22044604925E-15,2.540718180781E-32,-1.));
#2209 = ORIENTED_EDGE('',*,*,#2210,.T.);
#2210 = EDGE_CURVE('',#2202,#2211,#2213,.T.);
#2211 = VERTEX_POINT('',#2212);
#2212 = CARTESIAN_POINT('',(-0.946201938253,-0.75,0.518412044417));
#2213 = LINE('',#2214,#2215);
#2214 = CARTESIAN_POINT('',(-0.991192795358,-0.75,0.232635182233));
#2215 = VECTOR('',#2216,1.);
#2216 = DIRECTION('',(0.155518033909,-1.779496044609E-18,0.987833053268)
  );
#2217 = ORIENTED_EDGE('',*,*,#2218,.T.);
#2218 = EDGE_CURVE('',#2211,#1586,#2219,.T.);
#2219 = CIRCLE('',#2220,0.25);
#2220 = AXIS2_PLACEMENT_3D('',#2221,#2222,#2223);
#2221 = CARTESIAN_POINT('',(-0.7,-0.75,0.475));
#2222 = DIRECTION('',(1.144237745222E-17,1.,0.));
#2223 = DIRECTION('',(-0.984807753012,1.126854202784E-17,0.173648177667)
  );
#2224 = PLANE('',#2225);
#2225 = AXIS2_PLACEMENT_3D('',#2226,#2227,#2228);
#2226 = CARTESIAN_POINT('',(-0.931323080229,-0.75,0.33452717391));
#2227 = DIRECTION('',(1.144237745222E-17,1.,0.));
#2228 = DIRECTION('',(0.,-0.,1.));
#2229 = ADVANCED_FACE('',(#2230),#2241,.F.);
#2230 = FACE_BOUND('',#2231,.F.);
#2231 = EDGE_LOOP('',(#2232,#2233,#2234,#2235));
#2232 = ORIENTED_EDGE('',*,*,#1602,.T.);
#2233 = ORIENTED_EDGE('',*,*,#1809,.T.);
#2234 = ORIENTED_EDGE('',*,*,#1856,.F.);
#2235 = ORIENTED_EDGE('',*,*,#2236,.F.);
#2236 = EDGE_CURVE('',#1586,#1849,#2237,.T.);
#2237 = LINE('',#2238,#2239);
#2238 = CARTESIAN_POINT('',(-0.7,-0.75,0.725));
#2239 = VECTOR('',#2240,1.);
#2240 = DIRECTION('',(1.,-1.144237745222E-17,0.));
#2241 = PLANE('',#2242);
#2242 = AXIS2_PLACEMENT_3D('',#2243,#2244,#2245);
#2243 = CARTESIAN_POINT('',(-1.486299604971E-16,1.4875,0.725));
#2244 = DIRECTION('',(1.022886882533E-31,-6.310887241768E-27,-1.));
#2245 = DIRECTION('',(1.,1.217738924546E-16,1.022886882525E-31));
#2246 = ADVANCED_FACE('',(#2247),#2316,.F.);
#2247 = FACE_BOUND('',#2248,.F.);
#2248 = EDGE_LOOP('',(#2249,#2250,#2251,#2259,#2268,#2276,#2284,#2292,
    #2301,#2309));
#2249 = ORIENTED_EDGE('',*,*,#1594,.F.);
#2250 = ORIENTED_EDGE('',*,*,#1634,.T.);
#2251 = ORIENTED_EDGE('',*,*,#2252,.T.);
#2252 = EDGE_CURVE('',#1627,#2253,#2255,.T.);
#2253 = VERTEX_POINT('',#2254);
#2254 = CARTESIAN_POINT('',(-0.843471632406,0.75,0.206587955583));
#2255 = LINE('',#2256,#2257);
#2256 = CARTESIAN_POINT('',(-0.798480775301,0.75,0.492364817767));
#2257 = VECTOR('',#2258,1.);
#2258 = DIRECTION('',(-0.155518033909,1.779496044609E-18,-0.987833053268
    ));
#2259 = ORIENTED_EDGE('',*,*,#2260,.T.);
#2260 = EDGE_CURVE('',#2253,#2261,#2263,.T.);
#2261 = VERTEX_POINT('',#2262);
#2262 = CARTESIAN_POINT('',(-1.089673570659,0.75,5.551115123126E-17));
#2263 = CIRCLE('',#2264,0.25);
#2264 = AXIS2_PLACEMENT_3D('',#2265,#2266,#2267);
#2265 = CARTESIAN_POINT('',(-1.089673570659,0.75,0.25));
#2266 = DIRECTION('',(1.144237745222E-17,1.,3.851859888774E-34));
#2267 = DIRECTION('',(0.984807753012,-1.126854202784E-17,-0.173648177667
    ));
#2268 = ORIENTED_EDGE('',*,*,#2269,.T.);
#2269 = EDGE_CURVE('',#2261,#2270,#2272,.T.);
#2270 = VERTEX_POINT('',#2271);
#2271 = CARTESIAN_POINT('',(-1.25,0.75,5.551115123126E-17));
#2272 = LINE('',#2273,#2274);
#2273 = CARTESIAN_POINT('',(-1.089673570659,0.75,5.551115123126E-17));
#2274 = VECTOR('',#2275,1.);
#2275 = DIRECTION('',(-1.,1.144237745222E-17,0.));
#2276 = ORIENTED_EDGE('',*,*,#2277,.T.);
#2277 = EDGE_CURVE('',#2270,#2278,#2280,.T.);
#2278 = VERTEX_POINT('',#2279);
#2279 = CARTESIAN_POINT('',(-1.25,0.75,0.15));
#2280 = LINE('',#2281,#2282);
#2281 = CARTESIAN_POINT('',(-1.25,0.75,5.551115123126E-17));
#2282 = VECTOR('',#2283,1.);
#2283 = DIRECTION('',(0.,0.,1.));
#2284 = ORIENTED_EDGE('',*,*,#2285,.T.);
#2285 = EDGE_CURVE('',#2278,#2286,#2288,.T.);
#2286 = VERTEX_POINT('',#2287);
#2287 = CARTESIAN_POINT('',(-1.089673570659,0.75,0.15));
#2288 = LINE('',#2289,#2290);
#2289 = CARTESIAN_POINT('',(-1.25,0.75,0.15));
#2290 = VECTOR('',#2291,1.);
#2291 = DIRECTION('',(1.,-1.144237745222E-17,0.));
#2292 = ORIENTED_EDGE('',*,*,#2293,.T.);
#2293 = EDGE_CURVE('',#2286,#2294,#2296,.T.);
#2294 = VERTEX_POINT('',#2295);
#2295 = CARTESIAN_POINT('',(-0.991192795358,0.75,0.232635182233));
#2296 = CIRCLE('',#2297,0.1);
#2297 = AXIS2_PLACEMENT_3D('',#2298,#2299,#2300);
#2298 = CARTESIAN_POINT('',(-1.089673570659,0.75,0.25));
#2299 = DIRECTION('',(-1.144237745222E-17,-1.,1.094764425254E-47));
#2300 = DIRECTION('',(-2.22044604925E-15,2.540718180781E-32,-1.));
#2301 = ORIENTED_EDGE('',*,*,#2302,.T.);
#2302 = EDGE_CURVE('',#2294,#2303,#2305,.T.);
#2303 = VERTEX_POINT('',#2304);
#2304 = CARTESIAN_POINT('',(-0.946201938253,0.75,0.518412044417));
#2305 = LINE('',#2306,#2307);
#2306 = CARTESIAN_POINT('',(-0.991192795358,0.75,0.232635182233));
#2307 = VECTOR('',#2308,1.);
#2308 = DIRECTION('',(0.155518033909,-1.779496044609E-18,0.987833053268)
  );
#2309 = ORIENTED_EDGE('',*,*,#2310,.T.);
#2310 = EDGE_CURVE('',#2303,#1595,#2311,.T.);
#2311 = CIRCLE('',#2312,0.25);
#2312 = AXIS2_PLACEMENT_3D('',#2313,#2314,#2315);
#2313 = CARTESIAN_POINT('',(-0.7,0.75,0.475));
#2314 = DIRECTION('',(1.144237745222E-17,1.,0.));
#2315 = DIRECTION('',(-0.984807753012,1.126854202784E-17,0.173648177667)
  );
#2316 = PLANE('',#2317);
#2317 = AXIS2_PLACEMENT_3D('',#2318,#2319,#2320);
#2318 = CARTESIAN_POINT('',(-0.931323080229,0.75,0.33452717391));
#2319 = DIRECTION('',(1.144237745222E-17,1.,0.));
#2320 = DIRECTION('',(0.,-0.,1.));
#2321 = ADVANCED_FACE('',(#2322),#2340,.F.);
#2322 = FACE_BOUND('',#2323,.F.);
#2323 = EDGE_LOOP('',(#2324,#2325,#2333,#2339));
#2324 = ORIENTED_EDGE('',*,*,#1626,.T.);
#2325 = ORIENTED_EDGE('',*,*,#2326,.T.);
#2326 = EDGE_CURVE('',#1618,#2327,#2329,.T.);
#2327 = VERTEX_POINT('',#2328);
#2328 = CARTESIAN_POINT('',(-0.843471632406,1.15,0.206587955583));
#2329 = LINE('',#2330,#2331);
#2330 = CARTESIAN_POINT('',(-0.798480775301,1.15,0.492364817767));
#2331 = VECTOR('',#2332,1.);
#2332 = DIRECTION('',(-0.155518033909,1.779496044609E-18,-0.987833053268
    ));
#2333 = ORIENTED_EDGE('',*,*,#2334,.F.);
#2334 = EDGE_CURVE('',#2253,#2327,#2335,.T.);
#2335 = LINE('',#2336,#2337);
#2336 = CARTESIAN_POINT('',(-0.843471632406,0.75,0.206587955583));
#2337 = VECTOR('',#2338,1.);
#2338 = DIRECTION('',(1.144237745222E-17,1.,0.));
#2339 = ORIENTED_EDGE('',*,*,#2252,.F.);
#2340 = PLANE('',#2341);
#2341 = AXIS2_PLACEMENT_3D('',#2342,#2343,#2344);
#2342 = CARTESIAN_POINT('',(-0.798480775301,0.75,0.492364817767));
#2343 = DIRECTION('',(-0.987833053268,1.130315865527E-17,0.155518033909)
  );
#2344 = DIRECTION('',(-0.155518033909,1.779496044609E-18,-0.987833053268
    ));
#2345 = ADVANCED_FACE('',(#2346),#2408,.T.);
#2346 = FACE_BOUND('',#2347,.T.);
#2347 = EDGE_LOOP('',(#2348,#2349,#2350,#2351,#2360,#2368,#2376,#2384,
    #2393,#2401));
#2348 = ORIENTED_EDGE('',*,*,#1649,.F.);
#2349 = ORIENTED_EDGE('',*,*,#1617,.T.);
#2350 = ORIENTED_EDGE('',*,*,#2326,.T.);
#2351 = ORIENTED_EDGE('',*,*,#2352,.T.);
#2352 = EDGE_CURVE('',#2327,#2353,#2355,.T.);
#2353 = VERTEX_POINT('',#2354);
#2354 = CARTESIAN_POINT('',(-1.089673570659,1.15,5.551115123126E-17));
#2355 = CIRCLE('',#2356,0.25);
#2356 = AXIS2_PLACEMENT_3D('',#2357,#2358,#2359);
#2357 = CARTESIAN_POINT('',(-1.089673570659,1.15,0.25));
#2358 = DIRECTION('',(1.144237745222E-17,1.,3.851859888774E-34));
#2359 = DIRECTION('',(0.984807753012,-1.126854202784E-17,-0.173648177667
    ));
#2360 = ORIENTED_EDGE('',*,*,#2361,.T.);
#2361 = EDGE_CURVE('',#2353,#2362,#2364,.T.);
#2362 = VERTEX_POINT('',#2363);
#2363 = CARTESIAN_POINT('',(-1.25,1.15,5.551115123126E-17));
#2364 = LINE('',#2365,#2366);
#2365 = CARTESIAN_POINT('',(-1.089673570659,1.15,5.551115123126E-17));
#2366 = VECTOR('',#2367,1.);
#2367 = DIRECTION('',(-1.,1.144237745222E-17,0.));
#2368 = ORIENTED_EDGE('',*,*,#2369,.T.);
#2369 = EDGE_CURVE('',#2362,#2370,#2372,.T.);
#2370 = VERTEX_POINT('',#2371);
#2371 = CARTESIAN_POINT('',(-1.25,1.15,0.15));
#2372 = LINE('',#2373,#2374);
#2373 = CARTESIAN_POINT('',(-1.25,1.15,5.551115123126E-17));
#2374 = VECTOR('',#2375,1.);
#2375 = DIRECTION('',(0.,0.,1.));
#2376 = ORIENTED_EDGE('',*,*,#2377,.T.);
#2377 = EDGE_CURVE('',#2370,#2378,#2380,.T.);
#2378 = VERTEX_POINT('',#2379);
#2379 = CARTESIAN_POINT('',(-1.089673570659,1.15,0.15));
#2380 = LINE('',#2381,#2382);
#2381 = CARTESIAN_POINT('',(-1.25,1.15,0.15));
#2382 = VECTOR('',#2383,1.);
#2383 = DIRECTION('',(1.,-1.144237745222E-17,0.));
#2384 = ORIENTED_EDGE('',*,*,#2385,.T.);
#2385 = EDGE_CURVE('',#2378,#2386,#2388,.T.);
#2386 = VERTEX_POINT('',#2387);
#2387 = CARTESIAN_POINT('',(-0.991192795358,1.15,0.232635182233));
#2388 = CIRCLE('',#2389,0.1);
#2389 = AXIS2_PLACEMENT_3D('',#2390,#2391,#2392);
#2390 = CARTESIAN_POINT('',(-1.089673570659,1.15,0.25));
#2391 = DIRECTION('',(-1.144237745222E-17,-1.,1.094764425254E-47));
#2392 = DIRECTION('',(-2.22044604925E-15,2.540718180781E-32,-1.));
#2393 = ORIENTED_EDGE('',*,*,#2394,.T.);
#2394 = EDGE_CURVE('',#2386,#2395,#2397,.T.);
#2395 = VERTEX_POINT('',#2396);
#2396 = CARTESIAN_POINT('',(-0.946201938253,1.15,0.518412044417));
#2397 = LINE('',#2398,#2399);
#2398 = CARTESIAN_POINT('',(-0.991192795358,1.15,0.232635182233));
#2399 = VECTOR('',#2400,1.);
#2400 = DIRECTION('',(0.155518033909,-1.779496044609E-18,0.987833053268)
  );
#2401 = ORIENTED_EDGE('',*,*,#2402,.T.);
#2402 = EDGE_CURVE('',#2395,#1485,#2403,.T.);
#2403 = CIRCLE('',#2404,0.25);
#2404 = AXIS2_PLACEMENT_3D('',#2405,#2406,#2407);
#2405 = CARTESIAN_POINT('',(-0.7,1.15,0.475));
#2406 = DIRECTION('',(1.144237745222E-17,1.,0.));
#2407 = DIRECTION('',(-0.984807753012,1.126854202784E-17,0.173648177667)
  );
#2408 = PLANE('',#2409);
#2409 = AXIS2_PLACEMENT_3D('',#2410,#2411,#2412);
#2410 = CARTESIAN_POINT('',(-0.931323080229,1.15,0.33452717391));
#2411 = DIRECTION('',(1.144237745222E-17,1.,0.));
#2412 = DIRECTION('',(0.,-0.,1.));
#2413 = ADVANCED_FACE('',(#2414),#2483,.F.);
#2414 = FACE_BOUND('',#2415,.F.);
#2415 = EDGE_LOOP('',(#2416,#2417,#2418,#2426,#2435,#2443,#2451,#2459,
    #2468,#2476));
#2416 = ORIENTED_EDGE('',*,*,#1668,.F.);
#2417 = ORIENTED_EDGE('',*,*,#1701,.T.);
#2418 = ORIENTED_EDGE('',*,*,#2419,.T.);
#2419 = EDGE_CURVE('',#1694,#2420,#2422,.T.);
#2420 = VERTEX_POINT('',#2421);
#2421 = CARTESIAN_POINT('',(0.843471632406,0.2,0.206587955583));
#2422 = LINE('',#2423,#2424);
#2423 = CARTESIAN_POINT('',(0.798480775301,0.2,0.492364817767));
#2424 = VECTOR('',#2425,1.);
#2425 = DIRECTION('',(0.155518033909,1.726597019897E-17,-0.987833053268)
  );
#2426 = ORIENTED_EDGE('',*,*,#2427,.T.);
#2427 = EDGE_CURVE('',#2420,#2428,#2430,.T.);
#2428 = VERTEX_POINT('',#2429);
#2429 = CARTESIAN_POINT('',(1.089673570659,0.2,5.551115123126E-17));
#2430 = CIRCLE('',#2431,0.25);
#2431 = AXIS2_PLACEMENT_3D('',#2432,#2433,#2434);
#2432 = CARTESIAN_POINT('',(1.089673570659,0.2,0.25));
#2433 = DIRECTION('',(1.110223024625E-16,-1.,0.));
#2434 = DIRECTION('',(-0.984807753012,-1.093356242223E-16,
    -0.173648177667));
#2435 = ORIENTED_EDGE('',*,*,#2436,.T.);
#2436 = EDGE_CURVE('',#2428,#2437,#2439,.T.);
#2437 = VERTEX_POINT('',#2438);
#2438 = CARTESIAN_POINT('',(1.25,0.2,5.551115123126E-17));
#2439 = LINE('',#2440,#2441);
#2440 = CARTESIAN_POINT('',(1.089673570659,0.2,5.551115123126E-17));
#2441 = VECTOR('',#2442,1.);
#2442 = DIRECTION('',(1.,1.110223024625E-16,0.));
#2443 = ORIENTED_EDGE('',*,*,#2444,.T.);
#2444 = EDGE_CURVE('',#2437,#2445,#2447,.T.);
#2445 = VERTEX_POINT('',#2446);
#2446 = CARTESIAN_POINT('',(1.25,0.2,0.15));
#2447 = LINE('',#2448,#2449);
#2448 = CARTESIAN_POINT('',(1.25,0.2,5.551115123126E-17));
#2449 = VECTOR('',#2450,1.);
#2450 = DIRECTION('',(0.,0.,1.));
#2451 = ORIENTED_EDGE('',*,*,#2452,.T.);
#2452 = EDGE_CURVE('',#2445,#2453,#2455,.T.);
#2453 = VERTEX_POINT('',#2454);
#2454 = CARTESIAN_POINT('',(1.089673570659,0.2,0.15));
#2455 = LINE('',#2456,#2457);
#2456 = CARTESIAN_POINT('',(1.25,0.2,0.15));
#2457 = VECTOR('',#2458,1.);
#2458 = DIRECTION('',(-1.,-1.110223024625E-16,0.));
#2459 = ORIENTED_EDGE('',*,*,#2460,.T.);
#2460 = EDGE_CURVE('',#2453,#2461,#2463,.T.);
#2461 = VERTEX_POINT('',#2462);
#2462 = CARTESIAN_POINT('',(0.991192795358,0.2,0.232635182233));
#2463 = CIRCLE('',#2464,0.1);
#2464 = AXIS2_PLACEMENT_3D('',#2465,#2466,#2467);
#2465 = CARTESIAN_POINT('',(1.089673570659,0.2,0.25));
#2466 = DIRECTION('',(-1.110223024625E-16,1.,0.));
#2467 = DIRECTION('',(2.22044604925E-15,2.465190328815E-31,-1.));
#2468 = ORIENTED_EDGE('',*,*,#2469,.T.);
#2469 = EDGE_CURVE('',#2461,#2470,#2472,.T.);
#2470 = VERTEX_POINT('',#2471);
#2471 = CARTESIAN_POINT('',(0.946201938253,0.2,0.518412044417));
#2472 = LINE('',#2473,#2474);
#2473 = CARTESIAN_POINT('',(0.991192795358,0.2,0.232635182233));
#2474 = VECTOR('',#2475,1.);
#2475 = DIRECTION('',(-0.155518033909,-1.726597019897E-17,0.987833053268
    ));
#2476 = ORIENTED_EDGE('',*,*,#2477,.T.);
#2477 = EDGE_CURVE('',#2470,#1429,#2478,.T.);
#2478 = CIRCLE('',#2479,0.25);
#2479 = AXIS2_PLACEMENT_3D('',#2480,#2481,#2482);
#2480 = CARTESIAN_POINT('',(0.7,0.2,0.475));
#2481 = DIRECTION('',(1.110223024625E-16,-1.,0.));
#2482 = DIRECTION('',(0.984807753012,1.093356242223E-16,0.173648177667)
  );
#2483 = PLANE('',#2484);
#2484 = AXIS2_PLACEMENT_3D('',#2485,#2486,#2487);
#2485 = CARTESIAN_POINT('',(0.931323080229,0.2,0.33452717391));
#2486 = DIRECTION('',(1.110223024625E-16,-1.,0.));
#2487 = DIRECTION('',(0.,0.,1.));
#2488 = ADVANCED_FACE('',(#2489),#2507,.F.);
#2489 = FACE_BOUND('',#2490,.F.);
#2490 = EDGE_LOOP('',(#2491,#2492,#2500,#2506));
#2491 = ORIENTED_EDGE('',*,*,#1693,.T.);
#2492 = ORIENTED_EDGE('',*,*,#2493,.T.);
#2493 = EDGE_CURVE('',#1685,#2494,#2496,.T.);
#2494 = VERTEX_POINT('',#2495);
#2495 = CARTESIAN_POINT('',(0.843471632406,-0.2,0.206587955583));
#2496 = LINE('',#2497,#2498);
#2497 = CARTESIAN_POINT('',(0.798480775301,-0.2,0.492364817767));
#2498 = VECTOR('',#2499,1.);
#2499 = DIRECTION('',(0.155518033909,1.726597019897E-17,-0.987833053268)
  );
#2500 = ORIENTED_EDGE('',*,*,#2501,.F.);
#2501 = EDGE_CURVE('',#2420,#2494,#2502,.T.);
#2502 = LINE('',#2503,#2504);
#2503 = CARTESIAN_POINT('',(0.843471632406,0.2,0.206587955583));
#2504 = VECTOR('',#2505,1.);
#2505 = DIRECTION('',(1.110223024625E-16,-1.,0.));
#2506 = ORIENTED_EDGE('',*,*,#2419,.F.);
#2507 = PLANE('',#2508);
#2508 = AXIS2_PLACEMENT_3D('',#2509,#2510,#2511);
#2509 = CARTESIAN_POINT('',(0.798480775301,0.2,0.492364817767));
#2510 = DIRECTION('',(0.987833053268,1.096715000224E-16,0.155518033909)
  );
#2511 = DIRECTION('',(0.155518033909,1.726597019897E-17,-0.987833053268)
  );
#2512 = ADVANCED_FACE('',(#2513),#2575,.T.);
#2513 = FACE_BOUND('',#2514,.T.);
#2514 = EDGE_LOOP('',(#2515,#2516,#2517,#2518,#2527,#2535,#2543,#2551,
    #2560,#2568));
#2515 = ORIENTED_EDGE('',*,*,#1716,.F.);
#2516 = ORIENTED_EDGE('',*,*,#1684,.T.);
#2517 = ORIENTED_EDGE('',*,*,#2493,.T.);
#2518 = ORIENTED_EDGE('',*,*,#2519,.T.);
#2519 = EDGE_CURVE('',#2494,#2520,#2522,.T.);
#2520 = VERTEX_POINT('',#2521);
#2521 = CARTESIAN_POINT('',(1.089673570659,-0.2,5.551115123126E-17));
#2522 = CIRCLE('',#2523,0.25);
#2523 = AXIS2_PLACEMENT_3D('',#2524,#2525,#2526);
#2524 = CARTESIAN_POINT('',(1.089673570659,-0.2,0.25));
#2525 = DIRECTION('',(1.110223024625E-16,-1.,0.));
#2526 = DIRECTION('',(-0.984807753012,-1.093356242223E-16,
    -0.173648177667));
#2527 = ORIENTED_EDGE('',*,*,#2528,.T.);
#2528 = EDGE_CURVE('',#2520,#2529,#2531,.T.);
#2529 = VERTEX_POINT('',#2530);
#2530 = CARTESIAN_POINT('',(1.25,-0.2,5.551115123126E-17));
#2531 = LINE('',#2532,#2533);
#2532 = CARTESIAN_POINT('',(1.089673570659,-0.2,5.551115123126E-17));
#2533 = VECTOR('',#2534,1.);
#2534 = DIRECTION('',(1.,1.110223024625E-16,0.));
#2535 = ORIENTED_EDGE('',*,*,#2536,.T.);
#2536 = EDGE_CURVE('',#2529,#2537,#2539,.T.);
#2537 = VERTEX_POINT('',#2538);
#2538 = CARTESIAN_POINT('',(1.25,-0.2,0.15));
#2539 = LINE('',#2540,#2541);
#2540 = CARTESIAN_POINT('',(1.25,-0.2,5.551115123126E-17));
#2541 = VECTOR('',#2542,1.);
#2542 = DIRECTION('',(0.,0.,1.));
#2543 = ORIENTED_EDGE('',*,*,#2544,.T.);
#2544 = EDGE_CURVE('',#2537,#2545,#2547,.T.);
#2545 = VERTEX_POINT('',#2546);
#2546 = CARTESIAN_POINT('',(1.089673570659,-0.2,0.15));
#2547 = LINE('',#2548,#2549);
#2548 = CARTESIAN_POINT('',(1.25,-0.2,0.15));
#2549 = VECTOR('',#2550,1.);
#2550 = DIRECTION('',(-1.,-1.110223024625E-16,0.));
#2551 = ORIENTED_EDGE('',*,*,#2552,.T.);
#2552 = EDGE_CURVE('',#2545,#2553,#2555,.T.);
#2553 = VERTEX_POINT('',#2554);
#2554 = CARTESIAN_POINT('',(0.991192795358,-0.2,0.232635182233));
#2555 = CIRCLE('',#2556,0.1);
#2556 = AXIS2_PLACEMENT_3D('',#2557,#2558,#2559);
#2557 = CARTESIAN_POINT('',(1.089673570659,-0.2,0.25));
#2558 = DIRECTION('',(-1.110223024625E-16,1.,0.));
#2559 = DIRECTION('',(2.22044604925E-15,2.465190328815E-31,-1.));
#2560 = ORIENTED_EDGE('',*,*,#2561,.T.);
#2561 = EDGE_CURVE('',#2553,#2562,#2564,.T.);
#2562 = VERTEX_POINT('',#2563);
#2563 = CARTESIAN_POINT('',(0.946201938253,-0.2,0.518412044417));
#2564 = LINE('',#2565,#2566);
#2565 = CARTESIAN_POINT('',(0.991192795358,-0.2,0.232635182233));
#2566 = VECTOR('',#2567,1.);
#2567 = DIRECTION('',(-0.155518033909,-1.726597019897E-17,0.987833053268
    ));
#2568 = ORIENTED_EDGE('',*,*,#2569,.T.);
#2569 = EDGE_CURVE('',#2562,#1717,#2570,.T.);
#2570 = CIRCLE('',#2571,0.25);
#2571 = AXIS2_PLACEMENT_3D('',#2572,#2573,#2574);
#2572 = CARTESIAN_POINT('',(0.7,-0.2,0.475));
#2573 = DIRECTION('',(1.110223024625E-16,-1.,0.));
#2574 = DIRECTION('',(0.984807753012,1.093356242223E-16,0.173648177667)
  );
#2575 = PLANE('',#2576);
#2576 = AXIS2_PLACEMENT_3D('',#2577,#2578,#2579);
#2577 = CARTESIAN_POINT('',(0.931323080229,-0.2,0.33452717391));
#2578 = DIRECTION('',(1.110223024625E-16,-1.,0.));
#2579 = DIRECTION('',(0.,0.,1.));
#2580 = ADVANCED_FACE('',(#2581),#2592,.T.);
#2581 = FACE_BOUND('',#2582,.T.);
#2582 = EDGE_LOOP('',(#2583,#2584,#2585,#2586));
#2583 = ORIENTED_EDGE('',*,*,#2310,.T.);
#2584 = ORIENTED_EDGE('',*,*,#1817,.T.);
#2585 = ORIENTED_EDGE('',*,*,#2402,.F.);
#2586 = ORIENTED_EDGE('',*,*,#2587,.F.);
#2587 = EDGE_CURVE('',#2303,#2395,#2588,.T.);
#2588 = LINE('',#2589,#2590);
#2589 = CARTESIAN_POINT('',(-0.946201938253,0.75,0.518412044417));
#2590 = VECTOR('',#2591,1.);
#2591 = DIRECTION('',(1.144237745222E-17,1.,0.));
#2592 = CYLINDRICAL_SURFACE('',#2593,0.25);
#2593 = AXIS2_PLACEMENT_3D('',#2594,#2595,#2596);
#2594 = CARTESIAN_POINT('',(-0.7,0.75,0.475));
#2595 = DIRECTION('',(-1.144237745222E-17,-1.,0.));
#2596 = DIRECTION('',(-0.984807753012,1.126854202784E-17,0.173648177667)
  );
#2597 = ADVANCED_FACE('',(#2598),#2609,.F.);
#2598 = FACE_BOUND('',#2599,.F.);
#2599 = EDGE_LOOP('',(#2600,#2601,#2607,#2608));
#2600 = ORIENTED_EDGE('',*,*,#2028,.F.);
#2601 = ORIENTED_EDGE('',*,*,#2602,.T.);
#2602 = EDGE_CURVE('',#1531,#1586,#2603,.T.);
#2603 = LINE('',#2604,#2605);
#2604 = CARTESIAN_POINT('',(-0.7,-1.15,0.725));
#2605 = VECTOR('',#2606,1.);
#2606 = DIRECTION('',(1.144237745222E-17,1.,0.));
#2607 = ORIENTED_EDGE('',*,*,#2236,.T.);
#2608 = ORIENTED_EDGE('',*,*,#1848,.F.);
#2609 = PLANE('',#2610);
#2610 = AXIS2_PLACEMENT_3D('',#2611,#2612,#2613);
#2611 = CARTESIAN_POINT('',(-0.7,-1.15,0.725));
#2612 = DIRECTION('',(0.,0.,-1.));
#2613 = DIRECTION('',(1.,-1.144237745222E-17,0.));
#2614 = ADVANCED_FACE('',(#2615,#2644),#2655,.T.);
#2615 = FACE_BOUND('',#2616,.T.);
#2616 = EDGE_LOOP('',(#2617,#2618,#2619,#2620,#2628,#2636,#2642,#2643));
#2617 = ORIENTED_EDGE('',*,*,#1923,.F.);
#2618 = ORIENTED_EDGE('',*,*,#1900,.F.);
#2619 = ORIENTED_EDGE('',*,*,#1871,.F.);
#2620 = ORIENTED_EDGE('',*,*,#2621,.F.);
#2621 = EDGE_CURVE('',#2622,#1872,#2624,.T.);
#2622 = VERTEX_POINT('',#2623);
#2623 = CARTESIAN_POINT('',(-0.559121551758,-1.408243103516,1.2));
#2624 = LINE('',#2625,#2626);
#2625 = CARTESIAN_POINT('',(-0.559121551758,-1.408243103516,1.2));
#2626 = VECTOR('',#2627,1.);
#2627 = DIRECTION('',(-0.707106781187,0.707106781187,0.));
#2628 = ORIENTED_EDGE('',*,*,#2629,.F.);
#2629 = EDGE_CURVE('',#2630,#2622,#2632,.T.);
#2630 = VERTEX_POINT('',#2631);
#2631 = CARTESIAN_POINT('',(0.559121551758,-1.408243103516,1.2));
#2632 = LINE('',#2633,#2634);
#2633 = CARTESIAN_POINT('',(0.559121551758,-1.408243103516,1.2));
#2634 = VECTOR('',#2635,1.);
#2635 = DIRECTION('',(-1.,-1.110223024625E-16,0.));
#2636 = ORIENTED_EDGE('',*,*,#2637,.F.);
#2637 = EDGE_CURVE('',#1979,#2630,#2638,.T.);
#2638 = LINE('',#2639,#2640);
#2639 = CARTESIAN_POINT('',(0.608243103516,-1.359121551758,1.2));
#2640 = VECTOR('',#2641,1.);
#2641 = DIRECTION('',(-0.707106781187,-0.707106781187,0.));
#2642 = ORIENTED_EDGE('',*,*,#1985,.F.);
#2643 = ORIENTED_EDGE('',*,*,#1946,.F.);
#2644 = FACE_BOUND('',#2645,.T.);
#2645 = EDGE_LOOP('',(#2646));
#2646 = ORIENTED_EDGE('',*,*,#2647,.T.);
#2647 = EDGE_CURVE('',#2648,#2648,#2650,.T.);
#2648 = VERTEX_POINT('',#2649);
#2649 = CARTESIAN_POINT('',(-0.428243103516,1.178243103516,1.2));
#2650 = CIRCLE('',#2651,5.E-02);
#2651 = AXIS2_PLACEMENT_3D('',#2652,#2653,#2654);
#2652 = CARTESIAN_POINT('',(-0.428243103516,1.228243103516,1.2));
#2653 = DIRECTION('',(0.,-0.,-1.));
#2654 = DIRECTION('',(1.110223024625E-16,-1.,0.));
#2655 = PLANE('',#2656);
#2656 = AXIS2_PLACEMENT_3D('',#2657,#2658,#2659);
#2657 = CARTESIAN_POINT('',(-0.559121551758,1.408243103516,1.2));
#2658 = DIRECTION('',(0.,0.,1.));
#2659 = DIRECTION('',(0.369013679242,-0.929423963825,0.));
#2660 = ADVANCED_FACE('',(#2661),#2671,.F.);
#2661 = FACE_BOUND('',#2662,.F.);
#2662 = EDGE_LOOP('',(#2663,#2664,#2665,#2666));
#2663 = ORIENTED_EDGE('',*,*,#2035,.T.);
#2664 = ORIENTED_EDGE('',*,*,#1879,.T.);
#2665 = ORIENTED_EDGE('',*,*,#2621,.F.);
#2666 = ORIENTED_EDGE('',*,*,#2667,.F.);
#2667 = EDGE_CURVE('',#2036,#2622,#2668,.T.);
#2668 = B_SPLINE_CURVE_WITH_KNOTS('',1,(#2669,#2670),.UNSPECIFIED.,.F.,
  .F.,(2,2),(0.,1.),.PIECEWISE_BEZIER_KNOTS.);
#2669 = CARTESIAN_POINT('',(-0.5925,-1.475,0.725));
#2670 = CARTESIAN_POINT('',(-0.559121551758,-1.408243103516,1.2));
#2671 = B_SPLINE_SURFACE_WITH_KNOTS('',1,1,(
    (#2672,#2673)
    ,(#2674,#2675
    )),.UNSPECIFIED.,.F.,.F.,.F.,(2,2),(2,2),(0.,0.116672618896),(0.,1.)
  ,.PIECEWISE_BEZIER_KNOTS.);
#2672 = CARTESIAN_POINT('',(-0.5925,-1.475,0.725));
#2673 = CARTESIAN_POINT('',(-0.559121551758,-1.408243103516,1.2));
#2674 = CARTESIAN_POINT('',(-0.675,-1.3925,0.725));
#2675 = CARTESIAN_POINT('',(-0.608243103516,-1.359121551758,1.2));
#2676 = ADVANCED_FACE('',(#2677),#2687,.F.);
#2677 = FACE_BOUND('',#2678,.F.);
#2678 = EDGE_LOOP('',(#2679,#2680,#2685,#2686));
#2679 = ORIENTED_EDGE('',*,*,#2051,.T.);
#2680 = ORIENTED_EDGE('',*,*,#2681,.T.);
#2681 = EDGE_CURVE('',#2044,#2630,#2682,.T.);
#2682 = B_SPLINE_CURVE_WITH_KNOTS('',1,(#2683,#2684),.UNSPECIFIED.,.F.,
  .F.,(2,2),(0.,1.),.PIECEWISE_BEZIER_KNOTS.);
#2683 = CARTESIAN_POINT('',(0.5925,-1.475,0.725));
#2684 = CARTESIAN_POINT('',(0.559121551758,-1.408243103516,1.2));
#2685 = ORIENTED_EDGE('',*,*,#2637,.F.);
#2686 = ORIENTED_EDGE('',*,*,#1978,.F.);
#2687 = B_SPLINE_SURFACE_WITH_KNOTS('',1,1,(
    (#2688,#2689)
    ,(#2690,#2691
    )),.UNSPECIFIED.,.F.,.F.,.F.,(2,2),(2,2),(0.,0.116672618896),(0.,1.)
  ,.PIECEWISE_BEZIER_KNOTS.);
#2688 = CARTESIAN_POINT('',(0.675,-1.3925,0.725));
#2689 = CARTESIAN_POINT('',(0.608243103516,-1.359121551758,1.2));
#2690 = CARTESIAN_POINT('',(0.5925,-1.475,0.725));
#2691 = CARTESIAN_POINT('',(0.559121551758,-1.408243103516,1.2));
#2692 = ADVANCED_FACE('',(#2693),#2704,.T.);
#2693 = FACE_BOUND('',#2694,.T.);
#2694 = EDGE_LOOP('',(#2695,#2696,#2697,#2698));
#2695 = ORIENTED_EDGE('',*,*,#2477,.T.);
#2696 = ORIENTED_EDGE('',*,*,#2001,.T.);
#2697 = ORIENTED_EDGE('',*,*,#2569,.F.);
#2698 = ORIENTED_EDGE('',*,*,#2699,.F.);
#2699 = EDGE_CURVE('',#2470,#2562,#2700,.T.);
#2700 = LINE('',#2701,#2702);
#2701 = CARTESIAN_POINT('',(0.946201938253,0.2,0.518412044417));
#2702 = VECTOR('',#2703,1.);
#2703 = DIRECTION('',(1.110223024625E-16,-1.,0.));
#2704 = CYLINDRICAL_SURFACE('',#2705,0.25);
#2705 = AXIS2_PLACEMENT_3D('',#2706,#2707,#2708);
#2706 = CARTESIAN_POINT('',(0.7,0.2,0.475));
#2707 = DIRECTION('',(-1.110223024625E-16,1.,0.));
#2708 = DIRECTION('',(0.984807753012,1.093356242223E-16,0.173648177667)
  );
#2709 = ADVANCED_FACE('',(#2710),#2716,.F.);
#2710 = FACE_BOUND('',#2711,.F.);
#2711 = EDGE_LOOP('',(#2712,#2713,#2714,#2715));
#2712 = ORIENTED_EDGE('',*,*,#2043,.T.);
#2713 = ORIENTED_EDGE('',*,*,#2667,.T.);
#2714 = ORIENTED_EDGE('',*,*,#2629,.F.);
#2715 = ORIENTED_EDGE('',*,*,#2681,.F.);
#2716 = B_SPLINE_SURFACE_WITH_KNOTS('',1,1,(
    (#2717,#2718)
    ,(#2719,#2720
    )),.UNSPECIFIED.,.F.,.F.,.F.,(2,2),(2,2),(0.,1.185),(0.,1.),
  .PIECEWISE_BEZIER_KNOTS.);
#2717 = CARTESIAN_POINT('',(0.5925,-1.475,0.725));
#2718 = CARTESIAN_POINT('',(0.559121551758,-1.408243103516,1.2));
#2719 = CARTESIAN_POINT('',(-0.5925,-1.475,0.725));
#2720 = CARTESIAN_POINT('',(-0.559121551758,-1.408243103516,1.2));
#2721 = ADVANCED_FACE('',(#2722),#2733,.T.);
#2722 = FACE_BOUND('',#2723,.T.);
#2723 = EDGE_LOOP('',(#2724,#2725,#2726,#2727));
#2724 = ORIENTED_EDGE('',*,*,#2126,.T.);
#2725 = ORIENTED_EDGE('',*,*,#2602,.T.);
#2726 = ORIENTED_EDGE('',*,*,#2218,.F.);
#2727 = ORIENTED_EDGE('',*,*,#2728,.F.);
#2728 = EDGE_CURVE('',#2119,#2211,#2729,.T.);
#2729 = LINE('',#2730,#2731);
#2730 = CARTESIAN_POINT('',(-0.946201938253,-1.15,0.518412044417));
#2731 = VECTOR('',#2732,1.);
#2732 = DIRECTION('',(1.144237745222E-17,1.,0.));
#2733 = CYLINDRICAL_SURFACE('',#2734,0.25);
#2734 = AXIS2_PLACEMENT_3D('',#2735,#2736,#2737);
#2735 = CARTESIAN_POINT('',(-0.7,-1.15,0.475));
#2736 = DIRECTION('',(-1.144237745222E-17,-1.,0.));
#2737 = DIRECTION('',(-0.984807753012,1.126854202784E-17,0.173648177667)
  );
#2738 = ADVANCED_FACE('',(#2739),#2750,.F.);
#2739 = FACE_BOUND('',#2740,.F.);
#2740 = EDGE_LOOP('',(#2741,#2747,#2748,#2749));
#2741 = ORIENTED_EDGE('',*,*,#2742,.T.);
#2742 = EDGE_CURVE('',#2110,#2202,#2743,.T.);
#2743 = LINE('',#2744,#2745);
#2744 = CARTESIAN_POINT('',(-0.991192795358,-1.15,0.232635182233));
#2745 = VECTOR('',#2746,1.);
#2746 = DIRECTION('',(1.144237745222E-17,1.,0.));
#2747 = ORIENTED_EDGE('',*,*,#2210,.T.);
#2748 = ORIENTED_EDGE('',*,*,#2728,.F.);
#2749 = ORIENTED_EDGE('',*,*,#2118,.F.);
#2750 = PLANE('',#2751);
#2751 = AXIS2_PLACEMENT_3D('',#2752,#2753,#2754);
#2752 = CARTESIAN_POINT('',(-0.991192795358,-1.15,0.232635182233));
#2753 = DIRECTION('',(0.987833053268,-1.130315865527E-17,-0.155518033909
    ));
#2754 = DIRECTION('',(0.155518033909,-1.779496044609E-18,0.987833053268)
  );
#2755 = ADVANCED_FACE('',(#2756),#2767,.F.);
#2756 = FACE_BOUND('',#2757,.F.);
#2757 = EDGE_LOOP('',(#2758,#2764,#2765,#2766));
#2758 = ORIENTED_EDGE('',*,*,#2759,.T.);
#2759 = EDGE_CURVE('',#2102,#2194,#2760,.T.);
#2760 = LINE('',#2761,#2762);
#2761 = CARTESIAN_POINT('',(-1.089673570659,-1.15,0.15));
#2762 = VECTOR('',#2763,1.);
#2763 = DIRECTION('',(1.144237745222E-17,1.,0.));
#2764 = ORIENTED_EDGE('',*,*,#2201,.T.);
#2765 = ORIENTED_EDGE('',*,*,#2742,.F.);
#2766 = ORIENTED_EDGE('',*,*,#2109,.F.);
#2767 = CYLINDRICAL_SURFACE('',#2768,0.1);
#2768 = AXIS2_PLACEMENT_3D('',#2769,#2770,#2771);
#2769 = CARTESIAN_POINT('',(-1.089673570659,-1.15,0.25));
#2770 = DIRECTION('',(-1.144237745222E-17,-1.,0.));
#2771 = DIRECTION('',(-2.22044604925E-15,2.540718180781E-32,-1.));
#2772 = ADVANCED_FACE('',(#2773),#2784,.F.);
#2773 = FACE_BOUND('',#2774,.F.);
#2774 = EDGE_LOOP('',(#2775,#2781,#2782,#2783));
#2775 = ORIENTED_EDGE('',*,*,#2776,.T.);
#2776 = EDGE_CURVE('',#2094,#2186,#2777,.T.);
#2777 = LINE('',#2778,#2779);
#2778 = CARTESIAN_POINT('',(-1.25,-1.15,0.15));
#2779 = VECTOR('',#2780,1.);
#2780 = DIRECTION('',(1.144237745222E-17,1.,0.));
#2781 = ORIENTED_EDGE('',*,*,#2193,.T.);
#2782 = ORIENTED_EDGE('',*,*,#2759,.F.);
#2783 = ORIENTED_EDGE('',*,*,#2101,.F.);
#2784 = PLANE('',#2785);
#2785 = AXIS2_PLACEMENT_3D('',#2786,#2787,#2788);
#2786 = CARTESIAN_POINT('',(-1.25,-1.15,0.15));
#2787 = DIRECTION('',(0.,0.,-1.));
#2788 = DIRECTION('',(1.,-1.144237745222E-17,0.));
#2789 = ADVANCED_FACE('',(#2790),#2801,.F.);
#2790 = FACE_BOUND('',#2791,.F.);
#2791 = EDGE_LOOP('',(#2792,#2798,#2799,#2800));
#2792 = ORIENTED_EDGE('',*,*,#2793,.T.);
#2793 = EDGE_CURVE('',#2086,#2178,#2794,.T.);
#2794 = LINE('',#2795,#2796);
#2795 = CARTESIAN_POINT('',(-1.25,-1.15,5.551115123126E-17));
#2796 = VECTOR('',#2797,1.);
#2797 = DIRECTION('',(1.144237745222E-17,1.,0.));
#2798 = ORIENTED_EDGE('',*,*,#2185,.T.);
#2799 = ORIENTED_EDGE('',*,*,#2776,.F.);
#2800 = ORIENTED_EDGE('',*,*,#2093,.F.);
#2801 = PLANE('',#2802);
#2802 = AXIS2_PLACEMENT_3D('',#2803,#2804,#2805);
#2803 = CARTESIAN_POINT('',(-1.25,-1.15,5.551115123126E-17));
#2804 = DIRECTION('',(1.,-1.144237745222E-17,0.));
#2805 = DIRECTION('',(0.,0.,1.));
#2806 = ADVANCED_FACE('',(#2807),#2818,.F.);
#2807 = FACE_BOUND('',#2808,.F.);
#2808 = EDGE_LOOP('',(#2809,#2815,#2816,#2817));
#2809 = ORIENTED_EDGE('',*,*,#2810,.T.);
#2810 = EDGE_CURVE('',#2077,#2169,#2811,.T.);
#2811 = LINE('',#2812,#2813);
#2812 = CARTESIAN_POINT('',(-1.089673570659,-1.15,5.551115123126E-17));
#2813 = VECTOR('',#2814,1.);
#2814 = DIRECTION('',(1.144237745222E-17,1.,0.));
#2815 = ORIENTED_EDGE('',*,*,#2177,.T.);
#2816 = ORIENTED_EDGE('',*,*,#2793,.F.);
#2817 = ORIENTED_EDGE('',*,*,#2085,.F.);
#2818 = PLANE('',#2819);
#2819 = AXIS2_PLACEMENT_3D('',#2820,#2821,#2822);
#2820 = CARTESIAN_POINT('',(-1.089673570659,-1.15,5.551115123126E-17));
#2821 = DIRECTION('',(0.,0.,1.));
#2822 = DIRECTION('',(-1.,1.144237745222E-17,0.));
#2823 = ADVANCED_FACE('',(#2824),#2830,.T.);
#2824 = FACE_BOUND('',#2825,.T.);
#2825 = EDGE_LOOP('',(#2826,#2827,#2828,#2829));
#2826 = ORIENTED_EDGE('',*,*,#2076,.T.);
#2827 = ORIENTED_EDGE('',*,*,#2810,.T.);
#2828 = ORIENTED_EDGE('',*,*,#2168,.F.);
#2829 = ORIENTED_EDGE('',*,*,#2150,.F.);
#2830 = CYLINDRICAL_SURFACE('',#2831,0.25);
#2831 = AXIS2_PLACEMENT_3D('',#2832,#2833,#2834);
#2832 = CARTESIAN_POINT('',(-1.089673570659,-1.15,0.25));
#2833 = DIRECTION('',(-1.144237745222E-17,-1.,0.));
#2834 = DIRECTION('',(0.984807753012,-1.126854202784E-17,-0.173648177667
    ));
#2835 = ADVANCED_FACE('',(#2836),#2847,.F.);
#2836 = FACE_BOUND('',#2837,.F.);
#2837 = EDGE_LOOP('',(#2838,#2844,#2845,#2846));
#2838 = ORIENTED_EDGE('',*,*,#2839,.T.);
#2839 = EDGE_CURVE('',#2294,#2386,#2840,.T.);
#2840 = LINE('',#2841,#2842);
#2841 = CARTESIAN_POINT('',(-0.991192795358,0.75,0.232635182233));
#2842 = VECTOR('',#2843,1.);
#2843 = DIRECTION('',(1.144237745222E-17,1.,0.));
#2844 = ORIENTED_EDGE('',*,*,#2394,.T.);
#2845 = ORIENTED_EDGE('',*,*,#2587,.F.);
#2846 = ORIENTED_EDGE('',*,*,#2302,.F.);
#2847 = PLANE('',#2848);
#2848 = AXIS2_PLACEMENT_3D('',#2849,#2850,#2851);
#2849 = CARTESIAN_POINT('',(-0.991192795358,0.75,0.232635182233));
#2850 = DIRECTION('',(0.987833053268,-1.130315865527E-17,-0.155518033909
    ));
#2851 = DIRECTION('',(0.155518033909,-1.779496044609E-18,0.987833053268)
  );
#2852 = ADVANCED_FACE('',(#2853),#2864,.F.);
#2853 = FACE_BOUND('',#2854,.F.);
#2854 = EDGE_LOOP('',(#2855,#2861,#2862,#2863));
#2855 = ORIENTED_EDGE('',*,*,#2856,.T.);
#2856 = EDGE_CURVE('',#2286,#2378,#2857,.T.);
#2857 = LINE('',#2858,#2859);
#2858 = CARTESIAN_POINT('',(-1.089673570659,0.75,0.15));
#2859 = VECTOR('',#2860,1.);
#2860 = DIRECTION('',(1.144237745222E-17,1.,0.));
#2861 = ORIENTED_EDGE('',*,*,#2385,.T.);
#2862 = ORIENTED_EDGE('',*,*,#2839,.F.);
#2863 = ORIENTED_EDGE('',*,*,#2293,.F.);
#2864 = CYLINDRICAL_SURFACE('',#2865,0.1);
#2865 = AXIS2_PLACEMENT_3D('',#2866,#2867,#2868);
#2866 = CARTESIAN_POINT('',(-1.089673570659,0.75,0.25));
#2867 = DIRECTION('',(-1.144237745222E-17,-1.,0.));
#2868 = DIRECTION('',(-2.22044604925E-15,2.540718180781E-32,-1.));
#2869 = ADVANCED_FACE('',(#2870),#2881,.F.);
#2870 = FACE_BOUND('',#2871,.F.);
#2871 = EDGE_LOOP('',(#2872,#2878,#2879,#2880));
#2872 = ORIENTED_EDGE('',*,*,#2873,.T.);
#2873 = EDGE_CURVE('',#2278,#2370,#2874,.T.);
#2874 = LINE('',#2875,#2876);
#2875 = CARTESIAN_POINT('',(-1.25,0.75,0.15));
#2876 = VECTOR('',#2877,1.);
#2877 = DIRECTION('',(1.144237745222E-17,1.,0.));
#2878 = ORIENTED_EDGE('',*,*,#2377,.T.);
#2879 = ORIENTED_EDGE('',*,*,#2856,.F.);
#2880 = ORIENTED_EDGE('',*,*,#2285,.F.);
#2881 = PLANE('',#2882);
#2882 = AXIS2_PLACEMENT_3D('',#2883,#2884,#2885);
#2883 = CARTESIAN_POINT('',(-1.25,0.75,0.15));
#2884 = DIRECTION('',(0.,0.,-1.));
#2885 = DIRECTION('',(1.,-1.144237745222E-17,0.));
#2886 = ADVANCED_FACE('',(#2887),#2898,.F.);
#2887 = FACE_BOUND('',#2888,.F.);
#2888 = EDGE_LOOP('',(#2889,#2895,#2896,#2897));
#2889 = ORIENTED_EDGE('',*,*,#2890,.T.);
#2890 = EDGE_CURVE('',#2270,#2362,#2891,.T.);
#2891 = LINE('',#2892,#2893);
#2892 = CARTESIAN_POINT('',(-1.25,0.75,5.551115123126E-17));
#2893 = VECTOR('',#2894,1.);
#2894 = DIRECTION('',(1.144237745222E-17,1.,0.));
#2895 = ORIENTED_EDGE('',*,*,#2369,.T.);
#2896 = ORIENTED_EDGE('',*,*,#2873,.F.);
#2897 = ORIENTED_EDGE('',*,*,#2277,.F.);
#2898 = PLANE('',#2899);
#2899 = AXIS2_PLACEMENT_3D('',#2900,#2901,#2902);
#2900 = CARTESIAN_POINT('',(-1.25,0.75,5.551115123126E-17));
#2901 = DIRECTION('',(1.,-1.144237745222E-17,0.));
#2902 = DIRECTION('',(0.,0.,1.));
#2903 = ADVANCED_FACE('',(#2904),#2915,.F.);
#2904 = FACE_BOUND('',#2905,.F.);
#2905 = EDGE_LOOP('',(#2906,#2912,#2913,#2914));
#2906 = ORIENTED_EDGE('',*,*,#2907,.T.);
#2907 = EDGE_CURVE('',#2261,#2353,#2908,.T.);
#2908 = LINE('',#2909,#2910);
#2909 = CARTESIAN_POINT('',(-1.089673570659,0.75,5.551115123126E-17));
#2910 = VECTOR('',#2911,1.);
#2911 = DIRECTION('',(1.144237745222E-17,1.,0.));
#2912 = ORIENTED_EDGE('',*,*,#2361,.T.);
#2913 = ORIENTED_EDGE('',*,*,#2890,.F.);
#2914 = ORIENTED_EDGE('',*,*,#2269,.F.);
#2915 = PLANE('',#2916);
#2916 = AXIS2_PLACEMENT_3D('',#2917,#2918,#2919);
#2917 = CARTESIAN_POINT('',(-1.089673570659,0.75,5.551115123126E-17));
#2918 = DIRECTION('',(0.,0.,1.));
#2919 = DIRECTION('',(-1.,1.144237745222E-17,0.));
#2920 = ADVANCED_FACE('',(#2921),#2927,.T.);
#2921 = FACE_BOUND('',#2922,.T.);
#2922 = EDGE_LOOP('',(#2923,#2924,#2925,#2926));
#2923 = ORIENTED_EDGE('',*,*,#2260,.T.);
#2924 = ORIENTED_EDGE('',*,*,#2907,.T.);
#2925 = ORIENTED_EDGE('',*,*,#2352,.F.);
#2926 = ORIENTED_EDGE('',*,*,#2334,.F.);
#2927 = CYLINDRICAL_SURFACE('',#2928,0.25);
#2928 = AXIS2_PLACEMENT_3D('',#2929,#2930,#2931);
#2929 = CARTESIAN_POINT('',(-1.089673570659,0.75,0.25));
#2930 = DIRECTION('',(-1.144237745222E-17,-1.,0.));
#2931 = DIRECTION('',(0.984807753012,-1.126854202784E-17,-0.173648177667
    ));
#2932 = ADVANCED_FACE('',(#2933),#2944,.F.);
#2933 = FACE_BOUND('',#2934,.F.);
#2934 = EDGE_LOOP('',(#2935,#2941,#2942,#2943));
#2935 = ORIENTED_EDGE('',*,*,#2936,.T.);
#2936 = EDGE_CURVE('',#2461,#2553,#2937,.T.);
#2937 = LINE('',#2938,#2939);
#2938 = CARTESIAN_POINT('',(0.991192795358,0.2,0.232635182233));
#2939 = VECTOR('',#2940,1.);
#2940 = DIRECTION('',(1.110223024625E-16,-1.,0.));
#2941 = ORIENTED_EDGE('',*,*,#2561,.T.);
#2942 = ORIENTED_EDGE('',*,*,#2699,.F.);
#2943 = ORIENTED_EDGE('',*,*,#2469,.F.);
#2944 = PLANE('',#2945);
#2945 = AXIS2_PLACEMENT_3D('',#2946,#2947,#2948);
#2946 = CARTESIAN_POINT('',(0.991192795358,0.2,0.232635182233));
#2947 = DIRECTION('',(-0.987833053268,-1.096715000224E-16,
    -0.155518033909));
#2948 = DIRECTION('',(-0.155518033909,-1.726597019897E-17,0.987833053268
    ));
#2949 = ADVANCED_FACE('',(#2950),#2961,.F.);
#2950 = FACE_BOUND('',#2951,.F.);
#2951 = EDGE_LOOP('',(#2952,#2958,#2959,#2960));
#2952 = ORIENTED_EDGE('',*,*,#2953,.T.);
#2953 = EDGE_CURVE('',#2453,#2545,#2954,.T.);
#2954 = LINE('',#2955,#2956);
#2955 = CARTESIAN_POINT('',(1.089673570659,0.2,0.15));
#2956 = VECTOR('',#2957,1.);
#2957 = DIRECTION('',(1.110223024625E-16,-1.,0.));
#2958 = ORIENTED_EDGE('',*,*,#2552,.T.);
#2959 = ORIENTED_EDGE('',*,*,#2936,.F.);
#2960 = ORIENTED_EDGE('',*,*,#2460,.F.);
#2961 = CYLINDRICAL_SURFACE('',#2962,0.1);
#2962 = AXIS2_PLACEMENT_3D('',#2963,#2964,#2965);
#2963 = CARTESIAN_POINT('',(1.089673570659,0.2,0.25));
#2964 = DIRECTION('',(-1.110223024625E-16,1.,0.));
#2965 = DIRECTION('',(2.22044604925E-15,2.465190328815E-31,-1.));
#2966 = ADVANCED_FACE('',(#2967),#2978,.F.);
#2967 = FACE_BOUND('',#2968,.F.);
#2968 = EDGE_LOOP('',(#2969,#2975,#2976,#2977));
#2969 = ORIENTED_EDGE('',*,*,#2970,.T.);
#2970 = EDGE_CURVE('',#2445,#2537,#2971,.T.);
#2971 = LINE('',#2972,#2973);
#2972 = CARTESIAN_POINT('',(1.25,0.2,0.15));
#2973 = VECTOR('',#2974,1.);
#2974 = DIRECTION('',(1.110223024625E-16,-1.,0.));
#2975 = ORIENTED_EDGE('',*,*,#2544,.T.);
#2976 = ORIENTED_EDGE('',*,*,#2953,.F.);
#2977 = ORIENTED_EDGE('',*,*,#2452,.F.);
#2978 = PLANE('',#2979);
#2979 = AXIS2_PLACEMENT_3D('',#2980,#2981,#2982);
#2980 = CARTESIAN_POINT('',(1.25,0.2,0.15));
#2981 = DIRECTION('',(0.,0.,-1.));
#2982 = DIRECTION('',(-1.,-1.110223024625E-16,-0.));
#2983 = ADVANCED_FACE('',(#2984),#2995,.F.);
#2984 = FACE_BOUND('',#2985,.F.);
#2985 = EDGE_LOOP('',(#2986,#2992,#2993,#2994));
#2986 = ORIENTED_EDGE('',*,*,#2987,.T.);
#2987 = EDGE_CURVE('',#2437,#2529,#2988,.T.);
#2988 = LINE('',#2989,#2990);
#2989 = CARTESIAN_POINT('',(1.25,0.2,5.551115123126E-17));
#2990 = VECTOR('',#2991,1.);
#2991 = DIRECTION('',(1.110223024625E-16,-1.,0.));
#2992 = ORIENTED_EDGE('',*,*,#2536,.T.);
#2993 = ORIENTED_EDGE('',*,*,#2970,.F.);
#2994 = ORIENTED_EDGE('',*,*,#2444,.F.);
#2995 = PLANE('',#2996);
#2996 = AXIS2_PLACEMENT_3D('',#2997,#2998,#2999);
#2997 = CARTESIAN_POINT('',(1.25,0.2,5.551115123126E-17));
#2998 = DIRECTION('',(-1.,-1.110223024625E-16,0.));
#2999 = DIRECTION('',(0.,0.,1.));
#3000 = ADVANCED_FACE('',(#3001),#3012,.F.);
#3001 = FACE_BOUND('',#3002,.F.);
#3002 = EDGE_LOOP('',(#3003,#3009,#3010,#3011));
#3003 = ORIENTED_EDGE('',*,*,#3004,.T.);
#3004 = EDGE_CURVE('',#2428,#2520,#3005,.T.);
#3005 = LINE('',#3006,#3007);
#3006 = CARTESIAN_POINT('',(1.089673570659,0.2,5.551115123126E-17));
#3007 = VECTOR('',#3008,1.);
#3008 = DIRECTION('',(1.110223024625E-16,-1.,0.));
#3009 = ORIENTED_EDGE('',*,*,#2528,.T.);
#3010 = ORIENTED_EDGE('',*,*,#2987,.F.);
#3011 = ORIENTED_EDGE('',*,*,#2436,.F.);
#3012 = PLANE('',#3013);
#3013 = AXIS2_PLACEMENT_3D('',#3014,#3015,#3016);
#3014 = CARTESIAN_POINT('',(1.089673570659,0.2,5.551115123126E-17));
#3015 = DIRECTION('',(0.,0.,1.));
#3016 = DIRECTION('',(1.,1.110223024625E-16,-0.));
#3017 = ADVANCED_FACE('',(#3018),#3024,.T.);
#3018 = FACE_BOUND('',#3019,.T.);
#3019 = EDGE_LOOP('',(#3020,#3021,#3022,#3023));
#3020 = ORIENTED_EDGE('',*,*,#2427,.T.);
#3021 = ORIENTED_EDGE('',*,*,#3004,.T.);
#3022 = ORIENTED_EDGE('',*,*,#2519,.F.);
#3023 = ORIENTED_EDGE('',*,*,#2501,.F.);
#3024 = CYLINDRICAL_SURFACE('',#3025,0.25);
#3025 = AXIS2_PLACEMENT_3D('',#3026,#3027,#3028);
#3026 = CARTESIAN_POINT('',(1.089673570659,0.2,0.25));
#3027 = DIRECTION('',(-1.110223024625E-16,1.,0.));
#3028 = DIRECTION('',(-0.984807753012,-1.093356242223E-16,
    -0.173648177667));
#3029 = ADVANCED_FACE('',(#3030),#3033,.F.);
#3030 = FACE_BOUND('',#3031,.T.);
#3031 = EDGE_LOOP('',(#3032));
#3032 = ORIENTED_EDGE('',*,*,#2647,.F.);
#3033 = PLANE('',#3034);
#3034 = AXIS2_PLACEMENT_3D('',#3035,#3036,#3037);
#3035 = CARTESIAN_POINT('',(-0.428243103516,1.228243103516,1.2));
#3036 = DIRECTION('',(0.,0.,-1.));
#3037 = DIRECTION('',(1.110223024625E-16,-1.,0.));
#3038 = ( GEOMETRIC_REPRESENTATION_CONTEXT(3) 
GLOBAL_UNCERTAINTY_ASSIGNED_CONTEXT((#3042)) 
GLOBAL_UNIT_ASSIGNED_CONTEXT((#3039,#3040,#3041)) REPRESENTATION_CONTEXT
('Context #1','3D Context with UNIT and UNCERTAINTY') );
#3039 = ( LENGTH_UNIT() NAMED_UNIT(*) SI_UNIT(.MILLI.,.METRE.) );
#3040 = ( NAMED_UNIT(*) PLANE_ANGLE_UNIT() SI_UNIT($,.RADIAN.) );
#3041 = ( NAMED_UNIT(*) SI_UNIT($,.STERADIAN.) SOLID_ANGLE_UNIT() );
#3042 = UNCERTAINTY_MEASURE_WITH_UNIT(LENGTH_MEASURE(1.E-07),#3039,
  'distance_accuracy_value','confusion accuracy');
#3043 = CONTEXT_DEPENDENT_SHAPE_REPRESENTATION(#3044,#3046);
#3044 = ( REPRESENTATION_RELATIONSHIP('','',#1055,#1032) 
REPRESENTATION_RELATIONSHIP_WITH_TRANSFORMATION(#3045) 
SHAPE_REPRESENTATION_RELATIONSHIP() );
#3045 = ITEM_DEFINED_TRANSFORMATION('','',#11,#1033);
#3046 = PRODUCT_DEFINITION_SHAPE('Placement','Placement of an item',
  #3047);
#3047 = NEXT_ASSEMBLY_USAGE_OCCURRENCE('3','=>[0:1:1:5]','',#1027,#1050,
  $);
#3048 = PRODUCT_RELATED_PRODUCT_CATEGORY('part',$,(#1052));
#3049 = SHAPE_DEFINITION_REPRESENTATION(#3050,#3056);
#3050 = PRODUCT_DEFINITION_SHAPE('','',#3051);
#3051 = PRODUCT_DEFINITION('design','',#3052,#3055);
#3052 = PRODUCT_DEFINITION_FORMATION('','',#3053);
#3053 = PRODUCT('L_0603_1608Metric','L_0603_1608Metric','',(#3054));
#3054 = PRODUCT_CONTEXT('',#2,'mechanical');
#3055 = PRODUCT_DEFINITION_CONTEXT('part definition',#2,'design');
#3056 = SHAPE_REPRESENTATION('',(#11,#3057),#3061);
#3057 = AXIS2_PLACEMENT_3D('',#3058,#3059,#3060);
#3058 = CARTESIAN_POINT('',(0.,0.,0.));
#3059 = DIRECTION('',(0.,0.,1.));
#3060 = DIRECTION('',(1.,0.,-0.));
#3061 = ( GEOMETRIC_REPRESENTATION_CONTEXT(3) 
GLOBAL_UNCERTAINTY_ASSIGNED_CONTEXT((#3065)) 
GLOBAL_UNIT_ASSIGNED_CONTEXT((#3062,#3063,#3064)) REPRESENTATION_CONTEXT
('Context #1','3D Context with UNIT and UNCERTAINTY') );
#3062 = ( LENGTH_UNIT() NAMED_UNIT(*) SI_UNIT(.MILLI.,.METRE.) );
#3063 = ( NAMED_UNIT(*) PLANE_ANGLE_UNIT() SI_UNIT($,.RADIAN.) );
#3064 = ( NAMED_UNIT(*) SI_UNIT($,.STERADIAN.) SOLID_ANGLE_UNIT() );
#3065 = UNCERTAINTY_MEASURE_WITH_UNIT(LENGTH_MEASURE(1.E-07),#3062,
  'distance_accuracy_value','confusion accuracy');
#3066 = CONTEXT_DEPENDENT_SHAPE_REPRESENTATION(#3067,#3069);
#3067 = ( REPRESENTATION_RELATIONSHIP('','',#3056,#10) 
REPRESENTATION_RELATIONSHIP_WITH_TRANSFORMATION(#3068) 
SHAPE_REPRESENTATION_RELATIONSHIP() );
#3068 = ITEM_DEFINED_TRANSFORMATION('','',#11,#23);
#3069 = PRODUCT_DEFINITION_SHAPE('Placement','Placement of an item',
  #3070);
#3070 = NEXT_ASSEMBLY_USAGE_OCCURRENCE('6','L2','',#5,#3051,$);
#3071 = PRODUCT_RELATED_PRODUCT_CATEGORY('part',$,(#3053));
#3072 = SHAPE_DEFINITION_REPRESENTATION(#3073,#3079);
#3073 = PRODUCT_DEFINITION_SHAPE('','',#3074);
#3074 = PRODUCT_DEFINITION('design','',#3075,#3078);
#3075 = PRODUCT_DEFINITION_FORMATION('','',#3076);
#3076 = PRODUCT('L_0603_1608Metric','L_0603_1608Metric','',(#3077));
#3077 = PRODUCT_CONTEXT('',#2,'mechanical');
#3078 = PRODUCT_DEFINITION_CONTEXT('part definition',#2,'design');
#3079 = ADVANCED_BREP_SHAPE_REPRESENTATION('',(#11,#3080),#3934);
#3080 = MANIFOLD_SOLID_BREP('',#3081);
#3081 = CLOSED_SHELL('',(#3082,#3158,#3189,#3214,#3239,#3263,#3287,#3312
    ,#3337,#3354,#3440,#3472,#3496,#3521,#3545,#3570,#3594,#3619,#3636,
    #3722,#3753,#3778,#3803,#3827,#3851,#3876,#3901,#3918));
#3082 = ADVANCED_FACE('',(#3083),#3153,.F.);
#3083 = FACE_BOUND('',#3084,.F.);
#3084 = EDGE_LOOP('',(#3085,#3095,#3104,#3112,#3121,#3129,#3138,#3146));
#3085 = ORIENTED_EDGE('',*,*,#3086,.F.);
#3086 = EDGE_CURVE('',#3087,#3089,#3091,.T.);
#3087 = VERTEX_POINT('',#3088);
#3088 = CARTESIAN_POINT('',(-0.8,-0.4,3.E-02));
#3089 = VERTEX_POINT('',#3090);
#3090 = CARTESIAN_POINT('',(-0.8,-0.4,0.77));
#3091 = LINE('',#3092,#3093);
#3092 = CARTESIAN_POINT('',(-0.8,-0.4,0.));
#3093 = VECTOR('',#3094,1.);
#3094 = DIRECTION('',(0.,0.,1.));
#3095 = ORIENTED_EDGE('',*,*,#3096,.T.);
#3096 = EDGE_CURVE('',#3087,#3097,#3099,.T.);
#3097 = VERTEX_POINT('',#3098);
#3098 = CARTESIAN_POINT('',(-0.8,-0.37,0.));
#3099 = CIRCLE('',#3100,3.E-02);
#3100 = AXIS2_PLACEMENT_3D('',#3101,#3102,#3103);
#3101 = CARTESIAN_POINT('',(-0.8,-0.37,3.E-02));
#3102 = DIRECTION('',(1.,0.,-0.));
#3103 = DIRECTION('',(0.,0.,1.));
#3104 = ORIENTED_EDGE('',*,*,#3105,.T.);
#3105 = EDGE_CURVE('',#3097,#3106,#3108,.T.);
#3106 = VERTEX_POINT('',#3107);
#3107 = CARTESIAN_POINT('',(-0.8,0.37,0.));
#3108 = LINE('',#3109,#3110);
#3109 = CARTESIAN_POINT('',(-0.8,-0.4,0.));
#3110 = VECTOR('',#3111,1.);
#3111 = DIRECTION('',(0.,1.,0.));
#3112 = ORIENTED_EDGE('',*,*,#3113,.F.);
#3113 = EDGE_CURVE('',#3114,#3106,#3116,.T.);
#3114 = VERTEX_POINT('',#3115);
#3115 = CARTESIAN_POINT('',(-0.8,0.4,3.E-02));
#3116 = CIRCLE('',#3117,3.E-02);
#3117 = AXIS2_PLACEMENT_3D('',#3118,#3119,#3120);
#3118 = CARTESIAN_POINT('',(-0.8,0.37,3.E-02));
#3119 = DIRECTION('',(-1.,0.,0.));
#3120 = DIRECTION('',(0.,0.,1.));
#3121 = ORIENTED_EDGE('',*,*,#3122,.T.);
#3122 = EDGE_CURVE('',#3114,#3123,#3125,.T.);
#3123 = VERTEX_POINT('',#3124);
#3124 = CARTESIAN_POINT('',(-0.8,0.4,0.77));
#3125 = LINE('',#3126,#3127);
#3126 = CARTESIAN_POINT('',(-0.8,0.4,0.));
#3127 = VECTOR('',#3128,1.);
#3128 = DIRECTION('',(0.,0.,1.));
#3129 = ORIENTED_EDGE('',*,*,#3130,.T.);
#3130 = EDGE_CURVE('',#3123,#3131,#3133,.T.);
#3131 = VERTEX_POINT('',#3132);
#3132 = CARTESIAN_POINT('',(-0.8,0.37,0.8));
#3133 = CIRCLE('',#3134,3.E-02);
#3134 = AXIS2_PLACEMENT_3D('',#3135,#3136,#3137);
#3135 = CARTESIAN_POINT('',(-0.8,0.37,0.77));
#3136 = DIRECTION('',(1.,0.,-0.));
#3137 = DIRECTION('',(0.,0.,1.));
#3138 = ORIENTED_EDGE('',*,*,#3139,.F.);
#3139 = EDGE_CURVE('',#3140,#3131,#3142,.T.);
#3140 = VERTEX_POINT('',#3141);
#3141 = CARTESIAN_POINT('',(-0.8,-0.37,0.8));
#3142 = LINE('',#3143,#3144);
#3143 = CARTESIAN_POINT('',(-0.8,-0.4,0.8));
#3144 = VECTOR('',#3145,1.);
#3145 = DIRECTION('',(0.,1.,0.));
#3146 = ORIENTED_EDGE('',*,*,#3147,.F.);
#3147 = EDGE_CURVE('',#3089,#3140,#3148,.T.);
#3148 = CIRCLE('',#3149,3.E-02);
#3149 = AXIS2_PLACEMENT_3D('',#3150,#3151,#3152);
#3150 = CARTESIAN_POINT('',(-0.8,-0.37,0.77));
#3151 = DIRECTION('',(-1.,0.,0.));
#3152 = DIRECTION('',(0.,0.,1.));
#3153 = PLANE('',#3154);
#3154 = AXIS2_PLACEMENT_3D('',#3155,#3156,#3157);
#3155 = CARTESIAN_POINT('',(-0.8,-0.4,0.));
#3156 = DIRECTION('',(1.,0.,0.));
#3157 = DIRECTION('',(0.,0.,1.));
#3158 = ADVANCED_FACE('',(#3159),#3184,.F.);
#3159 = FACE_BOUND('',#3160,.F.);
#3160 = EDGE_LOOP('',(#3161,#3171,#3177,#3178));
#3161 = ORIENTED_EDGE('',*,*,#3162,.F.);
#3162 = EDGE_CURVE('',#3163,#3165,#3167,.T.);
#3163 = VERTEX_POINT('',#3164);
#3164 = CARTESIAN_POINT('',(-0.5,-0.4,3.E-02));
#3165 = VERTEX_POINT('',#3166);
#3166 = CARTESIAN_POINT('',(-0.5,-0.4,0.77));
#3167 = LINE('',#3168,#3169);
#3168 = CARTESIAN_POINT('',(-0.5,-0.4,0.));
#3169 = VECTOR('',#3170,1.);
#3170 = DIRECTION('',(0.,0.,1.));
#3171 = ORIENTED_EDGE('',*,*,#3172,.F.);
#3172 = EDGE_CURVE('',#3087,#3163,#3173,.T.);
#3173 = LINE('',#3174,#3175);
#3174 = CARTESIAN_POINT('',(-0.8,-0.4,3.E-02));
#3175 = VECTOR('',#3176,1.);
#3176 = DIRECTION('',(1.,0.,0.));
#3177 = ORIENTED_EDGE('',*,*,#3086,.T.);
#3178 = ORIENTED_EDGE('',*,*,#3179,.T.);
#3179 = EDGE_CURVE('',#3089,#3165,#3180,.T.);
#3180 = LINE('',#3181,#3182);
#3181 = CARTESIAN_POINT('',(-0.8,-0.4,0.77));
#3182 = VECTOR('',#3183,1.);
#3183 = DIRECTION('',(1.,0.,0.));
#3184 = PLANE('',#3185);
#3185 = AXIS2_PLACEMENT_3D('',#3186,#3187,#3188);
#3186 = CARTESIAN_POINT('',(-0.8,-0.4,0.));
#3187 = DIRECTION('',(0.,1.,0.));
#3188 = DIRECTION('',(0.,-0.,1.));
#3189 = ADVANCED_FACE('',(#3190),#3209,.T.);
#3190 = FACE_BOUND('',#3191,.T.);
#3191 = EDGE_LOOP('',(#3192,#3193,#3201,#3208));
#3192 = ORIENTED_EDGE('',*,*,#3096,.T.);
#3193 = ORIENTED_EDGE('',*,*,#3194,.T.);
#3194 = EDGE_CURVE('',#3097,#3195,#3197,.T.);
#3195 = VERTEX_POINT('',#3196);
#3196 = CARTESIAN_POINT('',(-0.5,-0.37,0.));
#3197 = LINE('',#3198,#3199);
#3198 = CARTESIAN_POINT('',(-0.8,-0.37,0.));
#3199 = VECTOR('',#3200,1.);
#3200 = DIRECTION('',(1.,0.,0.));
#3201 = ORIENTED_EDGE('',*,*,#3202,.F.);
#3202 = EDGE_CURVE('',#3163,#3195,#3203,.T.);
#3203 = CIRCLE('',#3204,3.E-02);
#3204 = AXIS2_PLACEMENT_3D('',#3205,#3206,#3207);
#3205 = CARTESIAN_POINT('',(-0.5,-0.37,3.E-02));
#3206 = DIRECTION('',(1.,0.,-0.));
#3207 = DIRECTION('',(0.,0.,1.));
#3208 = ORIENTED_EDGE('',*,*,#3172,.F.);
#3209 = CYLINDRICAL_SURFACE('',#3210,3.E-02);
#3210 = AXIS2_PLACEMENT_3D('',#3211,#3212,#3213);
#3211 = CARTESIAN_POINT('',(-0.8,-0.37,3.E-02));
#3212 = DIRECTION('',(1.,0.,0.));
#3213 = DIRECTION('',(0.,-1.,0.));
#3214 = ADVANCED_FACE('',(#3215),#3234,.T.);
#3215 = FACE_BOUND('',#3216,.T.);
#3216 = EDGE_LOOP('',(#3217,#3218,#3227,#3233));
#3217 = ORIENTED_EDGE('',*,*,#3179,.T.);
#3218 = ORIENTED_EDGE('',*,*,#3219,.T.);
#3219 = EDGE_CURVE('',#3165,#3220,#3222,.T.);
#3220 = VERTEX_POINT('',#3221);
#3221 = CARTESIAN_POINT('',(-0.5,-0.37,0.8));
#3222 = CIRCLE('',#3223,3.E-02);
#3223 = AXIS2_PLACEMENT_3D('',#3224,#3225,#3226);
#3224 = CARTESIAN_POINT('',(-0.5,-0.37,0.77));
#3225 = DIRECTION('',(-1.,0.,0.));
#3226 = DIRECTION('',(0.,0.,1.));
#3227 = ORIENTED_EDGE('',*,*,#3228,.F.);
#3228 = EDGE_CURVE('',#3140,#3220,#3229,.T.);
#3229 = LINE('',#3230,#3231);
#3230 = CARTESIAN_POINT('',(-0.8,-0.37,0.8));
#3231 = VECTOR('',#3232,1.);
#3232 = DIRECTION('',(1.,0.,0.));
#3233 = ORIENTED_EDGE('',*,*,#3147,.F.);
#3234 = CYLINDRICAL_SURFACE('',#3235,3.E-02);
#3235 = AXIS2_PLACEMENT_3D('',#3236,#3237,#3238);
#3236 = CARTESIAN_POINT('',(-0.8,-0.37,0.77));
#3237 = DIRECTION('',(1.,0.,0.));
#3238 = DIRECTION('',(0.,-1.,0.));
#3239 = ADVANCED_FACE('',(#3240),#3258,.F.);
#3240 = FACE_BOUND('',#3241,.F.);
#3241 = EDGE_LOOP('',(#3242,#3243,#3244,#3252));
#3242 = ORIENTED_EDGE('',*,*,#3105,.F.);
#3243 = ORIENTED_EDGE('',*,*,#3194,.T.);
#3244 = ORIENTED_EDGE('',*,*,#3245,.T.);
#3245 = EDGE_CURVE('',#3195,#3246,#3248,.T.);
#3246 = VERTEX_POINT('',#3247);
#3247 = CARTESIAN_POINT('',(-0.5,0.37,0.));
#3248 = LINE('',#3249,#3250);
#3249 = CARTESIAN_POINT('',(-0.5,-0.4,0.));
#3250 = VECTOR('',#3251,1.);
#3251 = DIRECTION('',(0.,1.,0.));
#3252 = ORIENTED_EDGE('',*,*,#3253,.F.);
#3253 = EDGE_CURVE('',#3106,#3246,#3254,.T.);
#3254 = LINE('',#3255,#3256);
#3255 = CARTESIAN_POINT('',(-0.8,0.37,0.));
#3256 = VECTOR('',#3257,1.);
#3257 = DIRECTION('',(1.,0.,0.));
#3258 = PLANE('',#3259);
#3259 = AXIS2_PLACEMENT_3D('',#3260,#3261,#3262);
#3260 = CARTESIAN_POINT('',(-0.8,-0.4,0.));
#3261 = DIRECTION('',(0.,0.,1.));
#3262 = DIRECTION('',(1.,0.,-0.));
#3263 = ADVANCED_FACE('',(#3264),#3282,.T.);
#3264 = FACE_BOUND('',#3265,.T.);
#3265 = EDGE_LOOP('',(#3266,#3267,#3268,#3276));
#3266 = ORIENTED_EDGE('',*,*,#3139,.F.);
#3267 = ORIENTED_EDGE('',*,*,#3228,.T.);
#3268 = ORIENTED_EDGE('',*,*,#3269,.T.);
#3269 = EDGE_CURVE('',#3220,#3270,#3272,.T.);
#3270 = VERTEX_POINT('',#3271);
#3271 = CARTESIAN_POINT('',(-0.5,0.37,0.8));
#3272 = LINE('',#3273,#3274);
#3273 = CARTESIAN_POINT('',(-0.5,-0.4,0.8));
#3274 = VECTOR('',#3275,1.);
#3275 = DIRECTION('',(0.,1.,0.));
#3276 = ORIENTED_EDGE('',*,*,#3277,.F.);
#3277 = EDGE_CURVE('',#3131,#3270,#3278,.T.);
#3278 = LINE('',#3279,#3280);
#3279 = CARTESIAN_POINT('',(-0.8,0.37,0.8));
#3280 = VECTOR('',#3281,1.);
#3281 = DIRECTION('',(1.,0.,0.));
#3282 = PLANE('',#3283);
#3283 = AXIS2_PLACEMENT_3D('',#3284,#3285,#3286);
#3284 = CARTESIAN_POINT('',(-0.8,-0.4,0.8));
#3285 = DIRECTION('',(0.,0.,1.));
#3286 = DIRECTION('',(1.,0.,-0.));
#3287 = ADVANCED_FACE('',(#3288),#3307,.T.);
#3288 = FACE_BOUND('',#3289,.T.);
#3289 = EDGE_LOOP('',(#3290,#3298,#3305,#3306));
#3290 = ORIENTED_EDGE('',*,*,#3291,.T.);
#3291 = EDGE_CURVE('',#3114,#3292,#3294,.T.);
#3292 = VERTEX_POINT('',#3293);
#3293 = CARTESIAN_POINT('',(-0.5,0.4,3.E-02));
#3294 = LINE('',#3295,#3296);
#3295 = CARTESIAN_POINT('',(-0.8,0.4,3.E-02));
#3296 = VECTOR('',#3297,1.);
#3297 = DIRECTION('',(1.,0.,0.));
#3298 = ORIENTED_EDGE('',*,*,#3299,.T.);
#3299 = EDGE_CURVE('',#3292,#3246,#3300,.T.);
#3300 = CIRCLE('',#3301,3.E-02);
#3301 = AXIS2_PLACEMENT_3D('',#3302,#3303,#3304);
#3302 = CARTESIAN_POINT('',(-0.5,0.37,3.E-02));
#3303 = DIRECTION('',(-1.,0.,0.));
#3304 = DIRECTION('',(0.,0.,1.));
#3305 = ORIENTED_EDGE('',*,*,#3253,.F.);
#3306 = ORIENTED_EDGE('',*,*,#3113,.F.);
#3307 = CYLINDRICAL_SURFACE('',#3308,3.E-02);
#3308 = AXIS2_PLACEMENT_3D('',#3309,#3310,#3311);
#3309 = CARTESIAN_POINT('',(-0.8,0.37,3.E-02));
#3310 = DIRECTION('',(1.,0.,0.));
#3311 = DIRECTION('',(-0.,1.,0.));
#3312 = ADVANCED_FACE('',(#3313),#3332,.T.);
#3313 = FACE_BOUND('',#3314,.T.);
#3314 = EDGE_LOOP('',(#3315,#3316,#3317,#3326));
#3315 = ORIENTED_EDGE('',*,*,#3130,.T.);
#3316 = ORIENTED_EDGE('',*,*,#3277,.T.);
#3317 = ORIENTED_EDGE('',*,*,#3318,.F.);
#3318 = EDGE_CURVE('',#3319,#3270,#3321,.T.);
#3319 = VERTEX_POINT('',#3320);
#3320 = CARTESIAN_POINT('',(-0.5,0.4,0.77));
#3321 = CIRCLE('',#3322,3.E-02);
#3322 = AXIS2_PLACEMENT_3D('',#3323,#3324,#3325);
#3323 = CARTESIAN_POINT('',(-0.5,0.37,0.77));
#3324 = DIRECTION('',(1.,0.,-0.));
#3325 = DIRECTION('',(0.,0.,1.));
#3326 = ORIENTED_EDGE('',*,*,#3327,.F.);
#3327 = EDGE_CURVE('',#3123,#3319,#3328,.T.);
#3328 = LINE('',#3329,#3330);
#3329 = CARTESIAN_POINT('',(-0.8,0.4,0.77));
#3330 = VECTOR('',#3331,1.);
#3331 = DIRECTION('',(1.,0.,0.));
#3332 = CYLINDRICAL_SURFACE('',#3333,3.E-02);
#3333 = AXIS2_PLACEMENT_3D('',#3334,#3335,#3336);
#3334 = CARTESIAN_POINT('',(-0.8,0.37,0.77));
#3335 = DIRECTION('',(1.,0.,0.));
#3336 = DIRECTION('',(-0.,1.,0.));
#3337 = ADVANCED_FACE('',(#3338),#3349,.T.);
#3338 = FACE_BOUND('',#3339,.T.);
#3339 = EDGE_LOOP('',(#3340,#3346,#3347,#3348));
#3340 = ORIENTED_EDGE('',*,*,#3341,.F.);
#3341 = EDGE_CURVE('',#3292,#3319,#3342,.T.);
#3342 = LINE('',#3343,#3344);
#3343 = CARTESIAN_POINT('',(-0.5,0.4,0.));
#3344 = VECTOR('',#3345,1.);
#3345 = DIRECTION('',(0.,0.,1.));
#3346 = ORIENTED_EDGE('',*,*,#3291,.F.);
#3347 = ORIENTED_EDGE('',*,*,#3122,.T.);
#3348 = ORIENTED_EDGE('',*,*,#3327,.T.);
#3349 = PLANE('',#3350);
#3350 = AXIS2_PLACEMENT_3D('',#3351,#3352,#3353);
#3351 = CARTESIAN_POINT('',(-0.8,0.4,0.));
#3352 = DIRECTION('',(0.,1.,0.));
#3353 = DIRECTION('',(0.,-0.,1.));
#3354 = ADVANCED_FACE('',(#3355,#3365),#3435,.T.);
#3355 = FACE_BOUND('',#3356,.T.);
#3356 = EDGE_LOOP('',(#3357,#3358,#3359,#3360,#3361,#3362,#3363,#3364));
#3357 = ORIENTED_EDGE('',*,*,#3162,.F.);
#3358 = ORIENTED_EDGE('',*,*,#3202,.T.);
#3359 = ORIENTED_EDGE('',*,*,#3245,.T.);
#3360 = ORIENTED_EDGE('',*,*,#3299,.F.);
#3361 = ORIENTED_EDGE('',*,*,#3341,.T.);
#3362 = ORIENTED_EDGE('',*,*,#3318,.T.);
#3363 = ORIENTED_EDGE('',*,*,#3269,.F.);
#3364 = ORIENTED_EDGE('',*,*,#3219,.F.);
#3365 = FACE_BOUND('',#3366,.T.);
#3366 = EDGE_LOOP('',(#3367,#3378,#3386,#3395,#3403,#3412,#3420,#3429));
#3367 = ORIENTED_EDGE('',*,*,#3368,.F.);
#3368 = EDGE_CURVE('',#3369,#3371,#3373,.T.);
#3369 = VERTEX_POINT('',#3370);
#3370 = CARTESIAN_POINT('',(-0.5,-0.37,6.E-02));
#3371 = VERTEX_POINT('',#3372);
#3372 = CARTESIAN_POINT('',(-0.5,-0.34,3.E-02));
#3373 = CIRCLE('',#3374,3.E-02);
#3374 = AXIS2_PLACEMENT_3D('',#3375,#3376,#3377);
#3375 = CARTESIAN_POINT('',(-0.5,-0.34,6.E-02));
#3376 = DIRECTION('',(1.,0.,-0.));
#3377 = DIRECTION('',(0.,0.,1.));
#3378 = ORIENTED_EDGE('',*,*,#3379,.T.);
#3379 = EDGE_CURVE('',#3369,#3380,#3382,.T.);
#3380 = VERTEX_POINT('',#3381);
#3381 = CARTESIAN_POINT('',(-0.5,-0.37,0.74));
#3382 = LINE('',#3383,#3384);
#3383 = CARTESIAN_POINT('',(-0.5,-0.37,3.E-02));
#3384 = VECTOR('',#3385,1.);
#3385 = DIRECTION('',(0.,0.,1.));
#3386 = ORIENTED_EDGE('',*,*,#3387,.T.);
#3387 = EDGE_CURVE('',#3380,#3388,#3390,.T.);
#3388 = VERTEX_POINT('',#3389);
#3389 = CARTESIAN_POINT('',(-0.5,-0.34,0.77));
#3390 = CIRCLE('',#3391,3.E-02);
#3391 = AXIS2_PLACEMENT_3D('',#3392,#3393,#3394);
#3392 = CARTESIAN_POINT('',(-0.5,-0.34,0.74));
#3393 = DIRECTION('',(-1.,0.,0.));
#3394 = DIRECTION('',(0.,0.,1.));
#3395 = ORIENTED_EDGE('',*,*,#3396,.T.);
#3396 = EDGE_CURVE('',#3388,#3397,#3399,.T.);
#3397 = VERTEX_POINT('',#3398);
#3398 = CARTESIAN_POINT('',(-0.5,0.34,0.77));
#3399 = LINE('',#3400,#3401);
#3400 = CARTESIAN_POINT('',(-0.5,-0.37,0.77));
#3401 = VECTOR('',#3402,1.);
#3402 = DIRECTION('',(0.,1.,0.));
#3403 = ORIENTED_EDGE('',*,*,#3404,.F.);
#3404 = EDGE_CURVE('',#3405,#3397,#3407,.T.);
#3405 = VERTEX_POINT('',#3406);
#3406 = CARTESIAN_POINT('',(-0.5,0.37,0.74));
#3407 = CIRCLE('',#3408,3.E-02);
#3408 = AXIS2_PLACEMENT_3D('',#3409,#3410,#3411);
#3409 = CARTESIAN_POINT('',(-0.5,0.34,0.74));
#3410 = DIRECTION('',(1.,0.,-0.));
#3411 = DIRECTION('',(0.,0.,1.));
#3412 = ORIENTED_EDGE('',*,*,#3413,.F.);
#3413 = EDGE_CURVE('',#3414,#3405,#3416,.T.);
#3414 = VERTEX_POINT('',#3415);
#3415 = CARTESIAN_POINT('',(-0.5,0.37,6.E-02));
#3416 = LINE('',#3417,#3418);
#3417 = CARTESIAN_POINT('',(-0.5,0.37,3.E-02));
#3418 = VECTOR('',#3419,1.);
#3419 = DIRECTION('',(0.,0.,1.));
#3420 = ORIENTED_EDGE('',*,*,#3421,.T.);
#3421 = EDGE_CURVE('',#3414,#3422,#3424,.T.);
#3422 = VERTEX_POINT('',#3423);
#3423 = CARTESIAN_POINT('',(-0.5,0.34,3.E-02));
#3424 = CIRCLE('',#3425,3.E-02);
#3425 = AXIS2_PLACEMENT_3D('',#3426,#3427,#3428);
#3426 = CARTESIAN_POINT('',(-0.5,0.34,6.E-02));
#3427 = DIRECTION('',(-1.,0.,0.));
#3428 = DIRECTION('',(0.,0.,1.));
#3429 = ORIENTED_EDGE('',*,*,#3430,.F.);
#3430 = EDGE_CURVE('',#3371,#3422,#3431,.T.);
#3431 = LINE('',#3432,#3433);
#3432 = CARTESIAN_POINT('',(-0.5,-0.37,3.E-02));
#3433 = VECTOR('',#3434,1.);
#3434 = DIRECTION('',(0.,1.,0.));
#3435 = PLANE('',#3436);
#3436 = AXIS2_PLACEMENT_3D('',#3437,#3438,#3439);
#3437 = CARTESIAN_POINT('',(-0.5,-0.4,0.));
#3438 = DIRECTION('',(1.,0.,0.));
#3439 = DIRECTION('',(0.,0.,1.));
#3440 = ADVANCED_FACE('',(#3441),#3467,.T.);
#3441 = FACE_BOUND('',#3442,.T.);
#3442 = EDGE_LOOP('',(#3443,#3444,#3452,#3461));
#3443 = ORIENTED_EDGE('',*,*,#3368,.T.);
#3444 = ORIENTED_EDGE('',*,*,#3445,.T.);
#3445 = EDGE_CURVE('',#3371,#3446,#3448,.T.);
#3446 = VERTEX_POINT('',#3447);
#3447 = CARTESIAN_POINT('',(0.5,-0.34,3.E-02));
#3448 = LINE('',#3449,#3450);
#3449 = CARTESIAN_POINT('',(-0.5,-0.34,3.E-02));
#3450 = VECTOR('',#3451,1.);
#3451 = DIRECTION('',(1.,0.,0.));
#3452 = ORIENTED_EDGE('',*,*,#3453,.F.);
#3453 = EDGE_CURVE('',#3454,#3446,#3456,.T.);
#3454 = VERTEX_POINT('',#3455);
#3455 = CARTESIAN_POINT('',(0.5,-0.37,6.E-02));
#3456 = CIRCLE('',#3457,3.E-02);
#3457 = AXIS2_PLACEMENT_3D('',#3458,#3459,#3460);
#3458 = CARTESIAN_POINT('',(0.5,-0.34,6.E-02));
#3459 = DIRECTION('',(1.,0.,-0.));
#3460 = DIRECTION('',(0.,0.,1.));
#3461 = ORIENTED_EDGE('',*,*,#3462,.F.);
#3462 = EDGE_CURVE('',#3369,#3454,#3463,.T.);
#3463 = LINE('',#3464,#3465);
#3464 = CARTESIAN_POINT('',(-0.5,-0.37,6.E-02));
#3465 = VECTOR('',#3466,1.);
#3466 = DIRECTION('',(1.,0.,0.));
#3467 = CYLINDRICAL_SURFACE('',#3468,3.E-02);
#3468 = AXIS2_PLACEMENT_3D('',#3469,#3470,#3471);
#3469 = CARTESIAN_POINT('',(-0.5,-0.34,6.E-02));
#3470 = DIRECTION('',(1.,0.,0.));
#3471 = DIRECTION('',(0.,-1.,0.));
#3472 = ADVANCED_FACE('',(#3473),#3491,.F.);
#3473 = FACE_BOUND('',#3474,.F.);
#3474 = EDGE_LOOP('',(#3475,#3476,#3477,#3485));
#3475 = ORIENTED_EDGE('',*,*,#3430,.F.);
#3476 = ORIENTED_EDGE('',*,*,#3445,.T.);
#3477 = ORIENTED_EDGE('',*,*,#3478,.T.);
#3478 = EDGE_CURVE('',#3446,#3479,#3481,.T.);
#3479 = VERTEX_POINT('',#3480);
#3480 = CARTESIAN_POINT('',(0.5,0.34,3.E-02));
#3481 = LINE('',#3482,#3483);
#3482 = CARTESIAN_POINT('',(0.5,-0.37,3.E-02));
#3483 = VECTOR('',#3484,1.);
#3484 = DIRECTION('',(0.,1.,0.));
#3485 = ORIENTED_EDGE('',*,*,#3486,.F.);
#3486 = EDGE_CURVE('',#3422,#3479,#3487,.T.);
#3487 = LINE('',#3488,#3489);
#3488 = CARTESIAN_POINT('',(-0.5,0.34,3.E-02));
#3489 = VECTOR('',#3490,1.);
#3490 = DIRECTION('',(1.,0.,0.));
#3491 = PLANE('',#3492);
#3492 = AXIS2_PLACEMENT_3D('',#3493,#3494,#3495);
#3493 = CARTESIAN_POINT('',(-0.5,-0.37,3.E-02));
#3494 = DIRECTION('',(0.,0.,1.));
#3495 = DIRECTION('',(1.,0.,-0.));
#3496 = ADVANCED_FACE('',(#3497),#3516,.T.);
#3497 = FACE_BOUND('',#3498,.T.);
#3498 = EDGE_LOOP('',(#3499,#3507,#3514,#3515));
#3499 = ORIENTED_EDGE('',*,*,#3500,.T.);
#3500 = EDGE_CURVE('',#3414,#3501,#3503,.T.);
#3501 = VERTEX_POINT('',#3502);
#3502 = CARTESIAN_POINT('',(0.5,0.37,6.E-02));
#3503 = LINE('',#3504,#3505);
#3504 = CARTESIAN_POINT('',(-0.5,0.37,6.E-02));
#3505 = VECTOR('',#3506,1.);
#3506 = DIRECTION('',(1.,0.,0.));
#3507 = ORIENTED_EDGE('',*,*,#3508,.T.);
#3508 = EDGE_CURVE('',#3501,#3479,#3509,.T.);
#3509 = CIRCLE('',#3510,3.E-02);
#3510 = AXIS2_PLACEMENT_3D('',#3511,#3512,#3513);
#3511 = CARTESIAN_POINT('',(0.5,0.34,6.E-02));
#3512 = DIRECTION('',(-1.,0.,0.));
#3513 = DIRECTION('',(0.,0.,1.));
#3514 = ORIENTED_EDGE('',*,*,#3486,.F.);
#3515 = ORIENTED_EDGE('',*,*,#3421,.F.);
#3516 = CYLINDRICAL_SURFACE('',#3517,3.E-02);
#3517 = AXIS2_PLACEMENT_3D('',#3518,#3519,#3520);
#3518 = CARTESIAN_POINT('',(-0.5,0.34,6.E-02));
#3519 = DIRECTION('',(1.,0.,0.));
#3520 = DIRECTION('',(-0.,1.,0.));
#3521 = ADVANCED_FACE('',(#3522),#3540,.T.);
#3522 = FACE_BOUND('',#3523,.T.);
#3523 = EDGE_LOOP('',(#3524,#3532,#3533,#3534));
#3524 = ORIENTED_EDGE('',*,*,#3525,.F.);
#3525 = EDGE_CURVE('',#3501,#3526,#3528,.T.);
#3526 = VERTEX_POINT('',#3527);
#3527 = CARTESIAN_POINT('',(0.5,0.37,0.74));
#3528 = LINE('',#3529,#3530);
#3529 = CARTESIAN_POINT('',(0.5,0.37,3.E-02));
#3530 = VECTOR('',#3531,1.);
#3531 = DIRECTION('',(0.,0.,1.));
#3532 = ORIENTED_EDGE('',*,*,#3500,.F.);
#3533 = ORIENTED_EDGE('',*,*,#3413,.T.);
#3534 = ORIENTED_EDGE('',*,*,#3535,.T.);
#3535 = EDGE_CURVE('',#3405,#3526,#3536,.T.);
#3536 = LINE('',#3537,#3538);
#3537 = CARTESIAN_POINT('',(-0.5,0.37,0.74));
#3538 = VECTOR('',#3539,1.);
#3539 = DIRECTION('',(1.,0.,0.));
#3540 = PLANE('',#3541);
#3541 = AXIS2_PLACEMENT_3D('',#3542,#3543,#3544);
#3542 = CARTESIAN_POINT('',(-0.5,0.37,3.E-02));
#3543 = DIRECTION('',(0.,1.,0.));
#3544 = DIRECTION('',(0.,-0.,1.));
#3545 = ADVANCED_FACE('',(#3546),#3565,.T.);
#3546 = FACE_BOUND('',#3547,.T.);
#3547 = EDGE_LOOP('',(#3548,#3549,#3557,#3564));
#3548 = ORIENTED_EDGE('',*,*,#3404,.T.);
#3549 = ORIENTED_EDGE('',*,*,#3550,.T.);
#3550 = EDGE_CURVE('',#3397,#3551,#3553,.T.);
#3551 = VERTEX_POINT('',#3552);
#3552 = CARTESIAN_POINT('',(0.5,0.34,0.77));
#3553 = LINE('',#3554,#3555);
#3554 = CARTESIAN_POINT('',(-0.5,0.34,0.77));
#3555 = VECTOR('',#3556,1.);
#3556 = DIRECTION('',(1.,0.,0.));
#3557 = ORIENTED_EDGE('',*,*,#3558,.F.);
#3558 = EDGE_CURVE('',#3526,#3551,#3559,.T.);
#3559 = CIRCLE('',#3560,3.E-02);
#3560 = AXIS2_PLACEMENT_3D('',#3561,#3562,#3563);
#3561 = CARTESIAN_POINT('',(0.5,0.34,0.74));
#3562 = DIRECTION('',(1.,0.,-0.));
#3563 = DIRECTION('',(0.,0.,1.));
#3564 = ORIENTED_EDGE('',*,*,#3535,.F.);
#3565 = CYLINDRICAL_SURFACE('',#3566,3.E-02);
#3566 = AXIS2_PLACEMENT_3D('',#3567,#3568,#3569);
#3567 = CARTESIAN_POINT('',(-0.5,0.34,0.74));
#3568 = DIRECTION('',(1.,0.,0.));
#3569 = DIRECTION('',(-0.,1.,0.));
#3570 = ADVANCED_FACE('',(#3571),#3589,.T.);
#3571 = FACE_BOUND('',#3572,.T.);
#3572 = EDGE_LOOP('',(#3573,#3574,#3582,#3588));
#3573 = ORIENTED_EDGE('',*,*,#3396,.F.);
#3574 = ORIENTED_EDGE('',*,*,#3575,.T.);
#3575 = EDGE_CURVE('',#3388,#3576,#3578,.T.);
#3576 = VERTEX_POINT('',#3577);
#3577 = CARTESIAN_POINT('',(0.5,-0.34,0.77));
#3578 = LINE('',#3579,#3580);
#3579 = CARTESIAN_POINT('',(-0.5,-0.34,0.77));
#3580 = VECTOR('',#3581,1.);
#3581 = DIRECTION('',(1.,0.,0.));
#3582 = ORIENTED_EDGE('',*,*,#3583,.T.);
#3583 = EDGE_CURVE('',#3576,#3551,#3584,.T.);
#3584 = LINE('',#3585,#3586);
#3585 = CARTESIAN_POINT('',(0.5,-0.37,0.77));
#3586 = VECTOR('',#3587,1.);
#3587 = DIRECTION('',(0.,1.,0.));
#3588 = ORIENTED_EDGE('',*,*,#3550,.F.);
#3589 = PLANE('',#3590);
#3590 = AXIS2_PLACEMENT_3D('',#3591,#3592,#3593);
#3591 = CARTESIAN_POINT('',(-0.5,-0.37,0.77));
#3592 = DIRECTION('',(0.,0.,1.));
#3593 = DIRECTION('',(1.,0.,-0.));
#3594 = ADVANCED_FACE('',(#3595),#3614,.T.);
#3595 = FACE_BOUND('',#3596,.T.);
#3596 = EDGE_LOOP('',(#3597,#3605,#3612,#3613));
#3597 = ORIENTED_EDGE('',*,*,#3598,.T.);
#3598 = EDGE_CURVE('',#3380,#3599,#3601,.T.);
#3599 = VERTEX_POINT('',#3600);
#3600 = CARTESIAN_POINT('',(0.5,-0.37,0.74));
#3601 = LINE('',#3602,#3603);
#3602 = CARTESIAN_POINT('',(-0.5,-0.37,0.74));
#3603 = VECTOR('',#3604,1.);
#3604 = DIRECTION('',(1.,0.,0.));
#3605 = ORIENTED_EDGE('',*,*,#3606,.T.);
#3606 = EDGE_CURVE('',#3599,#3576,#3607,.T.);
#3607 = CIRCLE('',#3608,3.E-02);
#3608 = AXIS2_PLACEMENT_3D('',#3609,#3610,#3611);
#3609 = CARTESIAN_POINT('',(0.5,-0.34,0.74));
#3610 = DIRECTION('',(-1.,0.,0.));
#3611 = DIRECTION('',(0.,0.,1.));
#3612 = ORIENTED_EDGE('',*,*,#3575,.F.);
#3613 = ORIENTED_EDGE('',*,*,#3387,.F.);
#3614 = CYLINDRICAL_SURFACE('',#3615,3.E-02);
#3615 = AXIS2_PLACEMENT_3D('',#3616,#3617,#3618);
#3616 = CARTESIAN_POINT('',(-0.5,-0.34,0.74));
#3617 = DIRECTION('',(1.,0.,0.));
#3618 = DIRECTION('',(0.,-1.,0.));
#3619 = ADVANCED_FACE('',(#3620),#3631,.F.);
#3620 = FACE_BOUND('',#3621,.F.);
#3621 = EDGE_LOOP('',(#3622,#3628,#3629,#3630));
#3622 = ORIENTED_EDGE('',*,*,#3623,.F.);
#3623 = EDGE_CURVE('',#3454,#3599,#3624,.T.);
#3624 = LINE('',#3625,#3626);
#3625 = CARTESIAN_POINT('',(0.5,-0.37,3.E-02));
#3626 = VECTOR('',#3627,1.);
#3627 = DIRECTION('',(0.,0.,1.));
#3628 = ORIENTED_EDGE('',*,*,#3462,.F.);
#3629 = ORIENTED_EDGE('',*,*,#3379,.T.);
#3630 = ORIENTED_EDGE('',*,*,#3598,.T.);
#3631 = PLANE('',#3632);
#3632 = AXIS2_PLACEMENT_3D('',#3633,#3634,#3635);
#3633 = CARTESIAN_POINT('',(-0.5,-0.37,3.E-02));
#3634 = DIRECTION('',(0.,1.,0.));
#3635 = DIRECTION('',(0.,-0.,1.));
#3636 = ADVANCED_FACE('',(#3637,#3707),#3717,.F.);
#3637 = FACE_BOUND('',#3638,.F.);
#3638 = EDGE_LOOP('',(#3639,#3649,#3658,#3666,#3675,#3683,#3692,#3700));
#3639 = ORIENTED_EDGE('',*,*,#3640,.F.);
#3640 = EDGE_CURVE('',#3641,#3643,#3645,.T.);
#3641 = VERTEX_POINT('',#3642);
#3642 = CARTESIAN_POINT('',(0.5,-0.4,3.E-02));
#3643 = VERTEX_POINT('',#3644);
#3644 = CARTESIAN_POINT('',(0.5,-0.4,0.77));
#3645 = LINE('',#3646,#3647);
#3646 = CARTESIAN_POINT('',(0.5,-0.4,0.));
#3647 = VECTOR('',#3648,1.);
#3648 = DIRECTION('',(0.,0.,1.));
#3649 = ORIENTED_EDGE('',*,*,#3650,.T.);
#3650 = EDGE_CURVE('',#3641,#3651,#3653,.T.);
#3651 = VERTEX_POINT('',#3652);
#3652 = CARTESIAN_POINT('',(0.5,-0.37,0.));
#3653 = CIRCLE('',#3654,3.E-02);
#3654 = AXIS2_PLACEMENT_3D('',#3655,#3656,#3657);
#3655 = CARTESIAN_POINT('',(0.5,-0.37,3.E-02));
#3656 = DIRECTION('',(1.,0.,-0.));
#3657 = DIRECTION('',(0.,0.,1.));
#3658 = ORIENTED_EDGE('',*,*,#3659,.T.);
#3659 = EDGE_CURVE('',#3651,#3660,#3662,.T.);
#3660 = VERTEX_POINT('',#3661);
#3661 = CARTESIAN_POINT('',(0.5,0.37,0.));
#3662 = LINE('',#3663,#3664);
#3663 = CARTESIAN_POINT('',(0.5,-0.4,0.));
#3664 = VECTOR('',#3665,1.);
#3665 = DIRECTION('',(0.,1.,0.));
#3666 = ORIENTED_EDGE('',*,*,#3667,.F.);
#3667 = EDGE_CURVE('',#3668,#3660,#3670,.T.);
#3668 = VERTEX_POINT('',#3669);
#3669 = CARTESIAN_POINT('',(0.5,0.4,3.E-02));
#3670 = CIRCLE('',#3671,3.E-02);
#3671 = AXIS2_PLACEMENT_3D('',#3672,#3673,#3674);
#3672 = CARTESIAN_POINT('',(0.5,0.37,3.E-02));
#3673 = DIRECTION('',(-1.,0.,0.));
#3674 = DIRECTION('',(0.,0.,1.));
#3675 = ORIENTED_EDGE('',*,*,#3676,.T.);
#3676 = EDGE_CURVE('',#3668,#3677,#3679,.T.);
#3677 = VERTEX_POINT('',#3678);
#3678 = CARTESIAN_POINT('',(0.5,0.4,0.77));
#3679 = LINE('',#3680,#3681);
#3680 = CARTESIAN_POINT('',(0.5,0.4,0.));
#3681 = VECTOR('',#3682,1.);
#3682 = DIRECTION('',(0.,0.,1.));
#3683 = ORIENTED_EDGE('',*,*,#3684,.T.);
#3684 = EDGE_CURVE('',#3677,#3685,#3687,.T.);
#3685 = VERTEX_POINT('',#3686);
#3686 = CARTESIAN_POINT('',(0.5,0.37,0.8));
#3687 = CIRCLE('',#3688,3.E-02);
#3688 = AXIS2_PLACEMENT_3D('',#3689,#3690,#3691);
#3689 = CARTESIAN_POINT('',(0.5,0.37,0.77));
#3690 = DIRECTION('',(1.,0.,-0.));
#3691 = DIRECTION('',(0.,0.,1.));
#3692 = ORIENTED_EDGE('',*,*,#3693,.F.);
#3693 = EDGE_CURVE('',#3694,#3685,#3696,.T.);
#3694 = VERTEX_POINT('',#3695);
#3695 = CARTESIAN_POINT('',(0.5,-0.37,0.8));
#3696 = LINE('',#3697,#3698);
#3697 = CARTESIAN_POINT('',(0.5,-0.4,0.8));
#3698 = VECTOR('',#3699,1.);
#3699 = DIRECTION('',(0.,1.,0.));
#3700 = ORIENTED_EDGE('',*,*,#3701,.F.);
#3701 = EDGE_CURVE('',#3643,#3694,#3702,.T.);
#3702 = CIRCLE('',#3703,3.E-02);
#3703 = AXIS2_PLACEMENT_3D('',#3704,#3705,#3706);
#3704 = CARTESIAN_POINT('',(0.5,-0.37,0.77));
#3705 = DIRECTION('',(-1.,0.,0.));
#3706 = DIRECTION('',(0.,0.,1.));
#3707 = FACE_BOUND('',#3708,.F.);
#3708 = EDGE_LOOP('',(#3709,#3710,#3711,#3712,#3713,#3714,#3715,#3716));
#3709 = ORIENTED_EDGE('',*,*,#3453,.F.);
#3710 = ORIENTED_EDGE('',*,*,#3623,.T.);
#3711 = ORIENTED_EDGE('',*,*,#3606,.T.);
#3712 = ORIENTED_EDGE('',*,*,#3583,.T.);
#3713 = ORIENTED_EDGE('',*,*,#3558,.F.);
#3714 = ORIENTED_EDGE('',*,*,#3525,.F.);
#3715 = ORIENTED_EDGE('',*,*,#3508,.T.);
#3716 = ORIENTED_EDGE('',*,*,#3478,.F.);
#3717 = PLANE('',#3718);
#3718 = AXIS2_PLACEMENT_3D('',#3719,#3720,#3721);
#3719 = CARTESIAN_POINT('',(0.5,-0.4,0.));
#3720 = DIRECTION('',(1.,0.,0.));
#3721 = DIRECTION('',(0.,0.,1.));
#3722 = ADVANCED_FACE('',(#3723),#3748,.F.);
#3723 = FACE_BOUND('',#3724,.F.);
#3724 = EDGE_LOOP('',(#3725,#3735,#3741,#3742));
#3725 = ORIENTED_EDGE('',*,*,#3726,.F.);
#3726 = EDGE_CURVE('',#3727,#3729,#3731,.T.);
#3727 = VERTEX_POINT('',#3728);
#3728 = CARTESIAN_POINT('',(0.8,-0.4,3.E-02));
#3729 = VERTEX_POINT('',#3730);
#3730 = CARTESIAN_POINT('',(0.8,-0.4,0.77));
#3731 = LINE('',#3732,#3733);
#3732 = CARTESIAN_POINT('',(0.8,-0.4,0.));
#3733 = VECTOR('',#3734,1.);
#3734 = DIRECTION('',(0.,0.,1.));
#3735 = ORIENTED_EDGE('',*,*,#3736,.F.);
#3736 = EDGE_CURVE('',#3641,#3727,#3737,.T.);
#3737 = LINE('',#3738,#3739);
#3738 = CARTESIAN_POINT('',(0.5,-0.4,3.E-02));
#3739 = VECTOR('',#3740,1.);
#3740 = DIRECTION('',(1.,0.,0.));
#3741 = ORIENTED_EDGE('',*,*,#3640,.T.);
#3742 = ORIENTED_EDGE('',*,*,#3743,.T.);
#3743 = EDGE_CURVE('',#3643,#3729,#3744,.T.);
#3744 = LINE('',#3745,#3746);
#3745 = CARTESIAN_POINT('',(0.5,-0.4,0.77));
#3746 = VECTOR('',#3747,1.);
#3747 = DIRECTION('',(1.,0.,0.));
#3748 = PLANE('',#3749);
#3749 = AXIS2_PLACEMENT_3D('',#3750,#3751,#3752);
#3750 = CARTESIAN_POINT('',(0.5,-0.4,0.));
#3751 = DIRECTION('',(0.,1.,0.));
#3752 = DIRECTION('',(0.,-0.,1.));
#3753 = ADVANCED_FACE('',(#3754),#3773,.T.);
#3754 = FACE_BOUND('',#3755,.T.);
#3755 = EDGE_LOOP('',(#3756,#3757,#3765,#3772));
#3756 = ORIENTED_EDGE('',*,*,#3650,.T.);
#3757 = ORIENTED_EDGE('',*,*,#3758,.T.);
#3758 = EDGE_CURVE('',#3651,#3759,#3761,.T.);
#3759 = VERTEX_POINT('',#3760);
#3760 = CARTESIAN_POINT('',(0.8,-0.37,0.));
#3761 = LINE('',#3762,#3763);
#3762 = CARTESIAN_POINT('',(0.5,-0.37,0.));
#3763 = VECTOR('',#3764,1.);
#3764 = DIRECTION('',(1.,0.,0.));
#3765 = ORIENTED_EDGE('',*,*,#3766,.F.);
#3766 = EDGE_CURVE('',#3727,#3759,#3767,.T.);
#3767 = CIRCLE('',#3768,3.E-02);
#3768 = AXIS2_PLACEMENT_3D('',#3769,#3770,#3771);
#3769 = CARTESIAN_POINT('',(0.8,-0.37,3.E-02));
#3770 = DIRECTION('',(1.,0.,-0.));
#3771 = DIRECTION('',(0.,0.,1.));
#3772 = ORIENTED_EDGE('',*,*,#3736,.F.);
#3773 = CYLINDRICAL_SURFACE('',#3774,3.E-02);
#3774 = AXIS2_PLACEMENT_3D('',#3775,#3776,#3777);
#3775 = CARTESIAN_POINT('',(0.5,-0.37,3.E-02));
#3776 = DIRECTION('',(1.,0.,0.));
#3777 = DIRECTION('',(0.,-1.,0.));
#3778 = ADVANCED_FACE('',(#3779),#3798,.T.);
#3779 = FACE_BOUND('',#3780,.T.);
#3780 = EDGE_LOOP('',(#3781,#3782,#3791,#3797));
#3781 = ORIENTED_EDGE('',*,*,#3743,.T.);
#3782 = ORIENTED_EDGE('',*,*,#3783,.T.);
#3783 = EDGE_CURVE('',#3729,#3784,#3786,.T.);
#3784 = VERTEX_POINT('',#3785);
#3785 = CARTESIAN_POINT('',(0.8,-0.37,0.8));
#3786 = CIRCLE('',#3787,3.E-02);
#3787 = AXIS2_PLACEMENT_3D('',#3788,#3789,#3790);
#3788 = CARTESIAN_POINT('',(0.8,-0.37,0.77));
#3789 = DIRECTION('',(-1.,0.,0.));
#3790 = DIRECTION('',(0.,0.,1.));
#3791 = ORIENTED_EDGE('',*,*,#3792,.F.);
#3792 = EDGE_CURVE('',#3694,#3784,#3793,.T.);
#3793 = LINE('',#3794,#3795);
#3794 = CARTESIAN_POINT('',(0.5,-0.37,0.8));
#3795 = VECTOR('',#3796,1.);
#3796 = DIRECTION('',(1.,0.,0.));
#3797 = ORIENTED_EDGE('',*,*,#3701,.F.);
#3798 = CYLINDRICAL_SURFACE('',#3799,3.E-02);
#3799 = AXIS2_PLACEMENT_3D('',#3800,#3801,#3802);
#3800 = CARTESIAN_POINT('',(0.5,-0.37,0.77));
#3801 = DIRECTION('',(1.,0.,0.));
#3802 = DIRECTION('',(0.,-1.,0.));
#3803 = ADVANCED_FACE('',(#3804),#3822,.F.);
#3804 = FACE_BOUND('',#3805,.F.);
#3805 = EDGE_LOOP('',(#3806,#3807,#3808,#3816));
#3806 = ORIENTED_EDGE('',*,*,#3659,.F.);
#3807 = ORIENTED_EDGE('',*,*,#3758,.T.);
#3808 = ORIENTED_EDGE('',*,*,#3809,.T.);
#3809 = EDGE_CURVE('',#3759,#3810,#3812,.T.);
#3810 = VERTEX_POINT('',#3811);
#3811 = CARTESIAN_POINT('',(0.8,0.37,0.));
#3812 = LINE('',#3813,#3814);
#3813 = CARTESIAN_POINT('',(0.8,-0.4,0.));
#3814 = VECTOR('',#3815,1.);
#3815 = DIRECTION('',(0.,1.,0.));
#3816 = ORIENTED_EDGE('',*,*,#3817,.F.);
#3817 = EDGE_CURVE('',#3660,#3810,#3818,.T.);
#3818 = LINE('',#3819,#3820);
#3819 = CARTESIAN_POINT('',(0.5,0.37,0.));
#3820 = VECTOR('',#3821,1.);
#3821 = DIRECTION('',(1.,0.,0.));
#3822 = PLANE('',#3823);
#3823 = AXIS2_PLACEMENT_3D('',#3824,#3825,#3826);
#3824 = CARTESIAN_POINT('',(0.5,-0.4,0.));
#3825 = DIRECTION('',(0.,0.,1.));
#3826 = DIRECTION('',(1.,0.,-0.));
#3827 = ADVANCED_FACE('',(#3828),#3846,.T.);
#3828 = FACE_BOUND('',#3829,.T.);
#3829 = EDGE_LOOP('',(#3830,#3831,#3832,#3840));
#3830 = ORIENTED_EDGE('',*,*,#3693,.F.);
#3831 = ORIENTED_EDGE('',*,*,#3792,.T.);
#3832 = ORIENTED_EDGE('',*,*,#3833,.T.);
#3833 = EDGE_CURVE('',#3784,#3834,#3836,.T.);
#3834 = VERTEX_POINT('',#3835);
#3835 = CARTESIAN_POINT('',(0.8,0.37,0.8));
#3836 = LINE('',#3837,#3838);
#3837 = CARTESIAN_POINT('',(0.8,-0.4,0.8));
#3838 = VECTOR('',#3839,1.);
#3839 = DIRECTION('',(0.,1.,0.));
#3840 = ORIENTED_EDGE('',*,*,#3841,.F.);
#3841 = EDGE_CURVE('',#3685,#3834,#3842,.T.);
#3842 = LINE('',#3843,#3844);
#3843 = CARTESIAN_POINT('',(0.5,0.37,0.8));
#3844 = VECTOR('',#3845,1.);
#3845 = DIRECTION('',(1.,0.,0.));
#3846 = PLANE('',#3847);
#3847 = AXIS2_PLACEMENT_3D('',#3848,#3849,#3850);
#3848 = CARTESIAN_POINT('',(0.5,-0.4,0.8));
#3849 = DIRECTION('',(0.,0.,1.));
#3850 = DIRECTION('',(1.,0.,-0.));
#3851 = ADVANCED_FACE('',(#3852),#3871,.T.);
#3852 = FACE_BOUND('',#3853,.T.);
#3853 = EDGE_LOOP('',(#3854,#3862,#3869,#3870));
#3854 = ORIENTED_EDGE('',*,*,#3855,.T.);
#3855 = EDGE_CURVE('',#3668,#3856,#3858,.T.);
#3856 = VERTEX_POINT('',#3857);
#3857 = CARTESIAN_POINT('',(0.8,0.4,3.E-02));
#3858 = LINE('',#3859,#3860);
#3859 = CARTESIAN_POINT('',(0.5,0.4,3.E-02));
#3860 = VECTOR('',#3861,1.);
#3861 = DIRECTION('',(1.,0.,0.));
#3862 = ORIENTED_EDGE('',*,*,#3863,.T.);
#3863 = EDGE_CURVE('',#3856,#3810,#3864,.T.);
#3864 = CIRCLE('',#3865,3.E-02);
#3865 = AXIS2_PLACEMENT_3D('',#3866,#3867,#3868);
#3866 = CARTESIAN_POINT('',(0.8,0.37,3.E-02));
#3867 = DIRECTION('',(-1.,0.,0.));
#3868 = DIRECTION('',(0.,0.,1.));
#3869 = ORIENTED_EDGE('',*,*,#3817,.F.);
#3870 = ORIENTED_EDGE('',*,*,#3667,.F.);
#3871 = CYLINDRICAL_SURFACE('',#3872,3.E-02);
#3872 = AXIS2_PLACEMENT_3D('',#3873,#3874,#3875);
#3873 = CARTESIAN_POINT('',(0.5,0.37,3.E-02));
#3874 = DIRECTION('',(1.,0.,0.));
#3875 = DIRECTION('',(-0.,1.,0.));
#3876 = ADVANCED_FACE('',(#3877),#3896,.T.);
#3877 = FACE_BOUND('',#3878,.T.);
#3878 = EDGE_LOOP('',(#3879,#3880,#3881,#3890));
#3879 = ORIENTED_EDGE('',*,*,#3684,.T.);
#3880 = ORIENTED_EDGE('',*,*,#3841,.T.);
#3881 = ORIENTED_EDGE('',*,*,#3882,.F.);
#3882 = EDGE_CURVE('',#3883,#3834,#3885,.T.);
#3883 = VERTEX_POINT('',#3884);
#3884 = CARTESIAN_POINT('',(0.8,0.4,0.77));
#3885 = CIRCLE('',#3886,3.E-02);
#3886 = AXIS2_PLACEMENT_3D('',#3887,#3888,#3889);
#3887 = CARTESIAN_POINT('',(0.8,0.37,0.77));
#3888 = DIRECTION('',(1.,0.,-0.));
#3889 = DIRECTION('',(0.,0.,1.));
#3890 = ORIENTED_EDGE('',*,*,#3891,.F.);
#3891 = EDGE_CURVE('',#3677,#3883,#3892,.T.);
#3892 = LINE('',#3893,#3894);
#3893 = CARTESIAN_POINT('',(0.5,0.4,0.77));
#3894 = VECTOR('',#3895,1.);
#3895 = DIRECTION('',(1.,0.,0.));
#3896 = CYLINDRICAL_SURFACE('',#3897,3.E-02);
#3897 = AXIS2_PLACEMENT_3D('',#3898,#3899,#3900);
#3898 = CARTESIAN_POINT('',(0.5,0.37,0.77));
#3899 = DIRECTION('',(1.,0.,0.));
#3900 = DIRECTION('',(-0.,1.,0.));
#3901 = ADVANCED_FACE('',(#3902),#3913,.T.);
#3902 = FACE_BOUND('',#3903,.T.);
#3903 = EDGE_LOOP('',(#3904,#3910,#3911,#3912));
#3904 = ORIENTED_EDGE('',*,*,#3905,.F.);
#3905 = EDGE_CURVE('',#3856,#3883,#3906,.T.);
#3906 = LINE('',#3907,#3908);
#3907 = CARTESIAN_POINT('',(0.8,0.4,0.));
#3908 = VECTOR('',#3909,1.);
#3909 = DIRECTION('',(0.,0.,1.));
#3910 = ORIENTED_EDGE('',*,*,#3855,.F.);
#3911 = ORIENTED_EDGE('',*,*,#3676,.T.);
#3912 = ORIENTED_EDGE('',*,*,#3891,.T.);
#3913 = PLANE('',#3914);
#3914 = AXIS2_PLACEMENT_3D('',#3915,#3916,#3917);
#3915 = CARTESIAN_POINT('',(0.5,0.4,0.));
#3916 = DIRECTION('',(0.,1.,0.));
#3917 = DIRECTION('',(0.,-0.,1.));
#3918 = ADVANCED_FACE('',(#3919),#3929,.T.);
#3919 = FACE_BOUND('',#3920,.T.);
#3920 = EDGE_LOOP('',(#3921,#3922,#3923,#3924,#3925,#3926,#3927,#3928));
#3921 = ORIENTED_EDGE('',*,*,#3726,.F.);
#3922 = ORIENTED_EDGE('',*,*,#3766,.T.);
#3923 = ORIENTED_EDGE('',*,*,#3809,.T.);
#3924 = ORIENTED_EDGE('',*,*,#3863,.F.);
#3925 = ORIENTED_EDGE('',*,*,#3905,.T.);
#3926 = ORIENTED_EDGE('',*,*,#3882,.T.);
#3927 = ORIENTED_EDGE('',*,*,#3833,.F.);
#3928 = ORIENTED_EDGE('',*,*,#3783,.F.);
#3929 = PLANE('',#3930);
#3930 = AXIS2_PLACEMENT_3D('',#3931,#3932,#3933);
#3931 = CARTESIAN_POINT('',(0.8,-0.4,0.));
#3932 = DIRECTION('',(1.,0.,0.));
#3933 = DIRECTION('',(0.,0.,1.));
#3934 = ( GEOMETRIC_REPRESENTATION_CONTEXT(3) 
GLOBAL_UNCERTAINTY_ASSIGNED_CONTEXT((#3938)) 
GLOBAL_UNIT_ASSIGNED_CONTEXT((#3935,#3936,#3937)) REPRESENTATION_CONTEXT
('Context #1','3D Context with UNIT and UNCERTAINTY') );
#3935 = ( LENGTH_UNIT() NAMED_UNIT(*) SI_UNIT(.MILLI.,.METRE.) );
#3936 = ( NAMED_UNIT(*) PLANE_ANGLE_UNIT() SI_UNIT($,.RADIAN.) );
#3937 = ( NAMED_UNIT(*) SI_UNIT($,.STERADIAN.) SOLID_ANGLE_UNIT() );
#3938 = UNCERTAINTY_MEASURE_WITH_UNIT(LENGTH_MEASURE(1.E-07),#3935,
  'distance_accuracy_value','confusion accuracy');
#3939 = CONTEXT_DEPENDENT_SHAPE_REPRESENTATION(#3940,#3942);
#3940 = ( REPRESENTATION_RELATIONSHIP('','',#3079,#3056) 
REPRESENTATION_RELATIONSHIP_WITH_TRANSFORMATION(#3941) 
SHAPE_REPRESENTATION_RELATIONSHIP() );
#3941 = ITEM_DEFINED_TRANSFORMATION('','',#11,#3057);
#3942 = PRODUCT_DEFINITION_SHAPE('Placement','Placement of an item',
  #3943);
#3943 = NEXT_ASSEMBLY_USAGE_OCCURRENCE('5','=>[0:1:1:7]','',#3051,#3074,
  $);
#3944 = PRODUCT_RELATED_PRODUCT_CATEGORY('part',$,(#3076));
#3945 = CONTEXT_DEPENDENT_SHAPE_REPRESENTATION(#3946,#3948);
#3946 = ( REPRESENTATION_RELATIONSHIP('','',#136,#10) 
REPRESENTATION_RELATIONSHIP_WITH_TRANSFORMATION(#3947) 
SHAPE_REPRESENTATION_RELATIONSHIP() );
#3947 = ITEM_DEFINED_TRANSFORMATION('','',#11,#27);
#3948 = PRODUCT_DEFINITION_SHAPE('Placement','Placement of an item',
  #3949);
#3949 = NEXT_ASSEMBLY_USAGE_OCCURRENCE('7','C6','',#5,#131,$);
#3950 = SHAPE_DEFINITION_REPRESENTATION(#3951,#3957);
#3951 = PRODUCT_DEFINITION_SHAPE('','',#3952);
#3952 = PRODUCT_DEFINITION('design','',#3953,#3956);
#3953 = PRODUCT_DEFINITION_FORMATION('','',#3954);
#3954 = PRODUCT('R_0603_1608Metric','R_0603_1608Metric','',(#3955));
#3955 = PRODUCT_CONTEXT('',#2,'mechanical');
#3956 = PRODUCT_DEFINITION_CONTEXT('part definition',#2,'design');
#3957 = SHAPE_REPRESENTATION('',(#11,#3958),#3962);
#3958 = AXIS2_PLACEMENT_3D('',#3959,#3960,#3961);
#3959 = CARTESIAN_POINT('',(0.,0.,0.));
#3960 = DIRECTION('',(0.,0.,1.));
#3961 = DIRECTION('',(1.,0.,-0.));
#3962 = ( GEOMETRIC_REPRESENTATION_CONTEXT(3) 
GLOBAL_UNCERTAINTY_ASSIGNED_CONTEXT((#3966)) 
GLOBAL_UNIT_ASSIGNED_CONTEXT((#3963,#3964,#3965)) REPRESENTATION_CONTEXT
('Context #1','3D Context with UNIT and UNCERTAINTY') );
#3963 = ( LENGTH_UNIT() NAMED_UNIT(*) SI_UNIT(.MILLI.,.METRE.) );
#3964 = ( NAMED_UNIT(*) PLANE_ANGLE_UNIT() SI_UNIT($,.RADIAN.) );
#3965 = ( NAMED_UNIT(*) SI_UNIT($,.STERADIAN.) SOLID_ANGLE_UNIT() );
#3966 = UNCERTAINTY_MEASURE_WITH_UNIT(LENGTH_MEASURE(1.E-07),#3963,
  'distance_accuracy_value','confusion accuracy');
#3967 = CONTEXT_DEPENDENT_SHAPE_REPRESENTATION(#3968,#3970);
#3968 = ( REPRESENTATION_RELATIONSHIP('','',#3957,#10) 
REPRESENTATION_RELATIONSHIP_WITH_TRANSFORMATION(#3969) 
SHAPE_REPRESENTATION_RELATIONSHIP() );
#3969 = ITEM_DEFINED_TRANSFORMATION('','',#11,#31);
#3970 = PRODUCT_DEFINITION_SHAPE('Placement','Placement of an item',
  #3971);
#3971 = NEXT_ASSEMBLY_USAGE_OCCURRENCE('9','R3','',#5,#3952,$);
#3972 = PRODUCT_RELATED_PRODUCT_CATEGORY('part',$,(#3954));
#3973 = SHAPE_DEFINITION_REPRESENTATION(#3974,#3980);
#3974 = PRODUCT_DEFINITION_SHAPE('','',#3975);
#3975 = PRODUCT_DEFINITION('design','',#3976,#3979);
#3976 = PRODUCT_DEFINITION_FORMATION('','',#3977);
#3977 = PRODUCT('R_0603_1608Metric','R_0603_1608Metric','',(#3978));
#3978 = PRODUCT_CONTEXT('',#2,'mechanical');
#3979 = PRODUCT_DEFINITION_CONTEXT('part definition',#2,'design');
#3980 = ADVANCED_BREP_SHAPE_REPRESENTATION('',(#11,#3981),#4771);
#3981 = MANIFOLD_SOLID_BREP('',#3982);
#3982 = CLOSED_SHELL('',(#3983,#4023,#4106,#4131,#4156,#4223,#4240,#4257
    ,#4306,#4323,#4340,#4389,#4406,#4475,#4506,#4530,#4599,#4623,#4640,
    #4657,#4674,#4691,#4708,#4725,#4742,#4759));
#3983 = ADVANCED_FACE('',(#3984),#4018,.F.);
#3984 = FACE_BOUND('',#3985,.F.);
#3985 = EDGE_LOOP('',(#3986,#3996,#4004,#4012));
#3986 = ORIENTED_EDGE('',*,*,#3987,.F.);
#3987 = EDGE_CURVE('',#3988,#3990,#3992,.T.);
#3988 = VERTEX_POINT('',#3989);
#3989 = CARTESIAN_POINT('',(-0.8,-0.4,4.5E-02));
#3990 = VERTEX_POINT('',#3991);
#3991 = CARTESIAN_POINT('',(-0.8,-0.4,0.405));
#3992 = LINE('',#3993,#3994);
#3993 = CARTESIAN_POINT('',(-0.8,-0.4,0.));
#3994 = VECTOR('',#3995,1.);
#3995 = DIRECTION('',(0.,0.,1.));
#3996 = ORIENTED_EDGE('',*,*,#3997,.T.);
#3997 = EDGE_CURVE('',#3988,#3998,#4000,.T.);
#3998 = VERTEX_POINT('',#3999);
#3999 = CARTESIAN_POINT('',(-0.8,0.4,4.5E-02));
#4000 = LINE('',#4001,#4002);
#4001 = CARTESIAN_POINT('',(-0.8,-0.4,4.5E-02));
#4002 = VECTOR('',#4003,1.);
#4003 = DIRECTION('',(0.,1.,0.));
#4004 = ORIENTED_EDGE('',*,*,#4005,.T.);
#4005 = EDGE_CURVE('',#3998,#4006,#4008,.T.);
#4006 = VERTEX_POINT('',#4007);
#4007 = CARTESIAN_POINT('',(-0.8,0.4,0.405));
#4008 = LINE('',#4009,#4010);
#4009 = CARTESIAN_POINT('',(-0.8,0.4,0.));
#4010 = VECTOR('',#4011,1.);
#4011 = DIRECTION('',(0.,0.,1.));
#4012 = ORIENTED_EDGE('',*,*,#4013,.F.);
#4013 = EDGE_CURVE('',#3990,#4006,#4014,.T.);
#4014 = LINE('',#4015,#4016);
#4015 = CARTESIAN_POINT('',(-0.8,-0.4,0.405));
#4016 = VECTOR('',#4017,1.);
#4017 = DIRECTION('',(0.,1.,0.));
#4018 = PLANE('',#4019);
#4019 = AXIS2_PLACEMENT_3D('',#4020,#4021,#4022);
#4020 = CARTESIAN_POINT('',(-0.8,-0.4,0.));
#4021 = DIRECTION('',(1.,0.,0.));
#4022 = DIRECTION('',(0.,0.,1.));
#4023 = ADVANCED_FACE('',(#4024),#4101,.F.);
#4024 = FACE_BOUND('',#4025,.F.);
#4025 = EDGE_LOOP('',(#4026,#4036,#4043,#4044,#4053,#4061,#4070,#4078,
    #4086,#4094));
#4026 = ORIENTED_EDGE('',*,*,#4027,.F.);
#4027 = EDGE_CURVE('',#4028,#4030,#4032,.T.);
#4028 = VERTEX_POINT('',#4029);
#4029 = CARTESIAN_POINT('',(-0.755,-0.4,-2.775557561563E-17));
#4030 = VERTEX_POINT('',#4031);
#4031 = CARTESIAN_POINT('',(-0.545,-0.4,-2.775557561563E-17));
#4032 = LINE('',#4033,#4034);
#4033 = CARTESIAN_POINT('',(-0.8,-0.4,0.));
#4034 = VECTOR('',#4035,1.);
#4035 = DIRECTION('',(1.,0.,0.));
#4036 = ORIENTED_EDGE('',*,*,#4037,.F.);
#4037 = EDGE_CURVE('',#3988,#4028,#4038,.T.);
#4038 = CIRCLE('',#4039,4.5E-02);
#4039 = AXIS2_PLACEMENT_3D('',#4040,#4041,#4042);
#4040 = CARTESIAN_POINT('',(-0.755,-0.4,4.5E-02));
#4041 = DIRECTION('',(0.,-1.,0.));
#4042 = DIRECTION('',(0.,0.,1.));
#4043 = ORIENTED_EDGE('',*,*,#3987,.T.);
#4044 = ORIENTED_EDGE('',*,*,#4045,.T.);
#4045 = EDGE_CURVE('',#3990,#4046,#4048,.T.);
#4046 = VERTEX_POINT('',#4047);
#4047 = CARTESIAN_POINT('',(-0.755,-0.4,0.45));
#4048 = CIRCLE('',#4049,4.5E-02);
#4049 = AXIS2_PLACEMENT_3D('',#4050,#4051,#4052);
#4050 = CARTESIAN_POINT('',(-0.755,-0.4,0.405));
#4051 = DIRECTION('',(0.,1.,0.));
#4052 = DIRECTION('',(0.,-0.,1.));
#4053 = ORIENTED_EDGE('',*,*,#4054,.T.);
#4054 = EDGE_CURVE('',#4046,#4055,#4057,.T.);
#4055 = VERTEX_POINT('',#4056);
#4056 = CARTESIAN_POINT('',(-0.545,-0.4,0.45));
#4057 = LINE('',#4058,#4059);
#4058 = CARTESIAN_POINT('',(-0.8,-0.4,0.45));
#4059 = VECTOR('',#4060,1.);
#4060 = DIRECTION('',(1.,0.,0.));
#4061 = ORIENTED_EDGE('',*,*,#4062,.F.);
#4062 = EDGE_CURVE('',#4063,#4055,#4065,.T.);
#4063 = VERTEX_POINT('',#4064);
#4064 = CARTESIAN_POINT('',(-0.5,-0.4,0.405));
#4065 = CIRCLE('',#4066,4.5E-02);
#4066 = AXIS2_PLACEMENT_3D('',#4067,#4068,#4069);
#4067 = CARTESIAN_POINT('',(-0.545,-0.4,0.405));
#4068 = DIRECTION('',(0.,-1.,0.));
#4069 = DIRECTION('',(0.,0.,1.));
#4070 = ORIENTED_EDGE('',*,*,#4071,.F.);
#4071 = EDGE_CURVE('',#4072,#4063,#4074,.T.);
#4072 = VERTEX_POINT('',#4073);
#4073 = CARTESIAN_POINT('',(-0.755,-0.4,0.405));
#4074 = LINE('',#4075,#4076);
#4075 = CARTESIAN_POINT('',(-0.755,-0.4,0.405));
#4076 = VECTOR('',#4077,1.);
#4077 = DIRECTION('',(1.,0.,0.));
#4078 = ORIENTED_EDGE('',*,*,#4079,.F.);
#4079 = EDGE_CURVE('',#4080,#4072,#4082,.T.);
#4080 = VERTEX_POINT('',#4081);
#4081 = CARTESIAN_POINT('',(-0.755,-0.4,4.5E-02));
#4082 = LINE('',#4083,#4084);
#4083 = CARTESIAN_POINT('',(-0.755,-0.4,4.5E-02));
#4084 = VECTOR('',#4085,1.);
#4085 = DIRECTION('',(0.,0.,1.));
#4086 = ORIENTED_EDGE('',*,*,#4087,.T.);
#4087 = EDGE_CURVE('',#4080,#4088,#4090,.T.);
#4088 = VERTEX_POINT('',#4089);
#4089 = CARTESIAN_POINT('',(-0.5,-0.4,4.5E-02));
#4090 = LINE('',#4091,#4092);
#4091 = CARTESIAN_POINT('',(-0.755,-0.4,4.5E-02));
#4092 = VECTOR('',#4093,1.);
#4093 = DIRECTION('',(1.,0.,0.));
#4094 = ORIENTED_EDGE('',*,*,#4095,.T.);
#4095 = EDGE_CURVE('',#4088,#4030,#4096,.T.);
#4096 = CIRCLE('',#4097,4.5E-02);
#4097 = AXIS2_PLACEMENT_3D('',#4098,#4099,#4100);
#4098 = CARTESIAN_POINT('',(-0.545,-0.4,4.5E-02));
#4099 = DIRECTION('',(0.,1.,0.));
#4100 = DIRECTION('',(0.,-0.,1.));
#4101 = PLANE('',#4102);
#4102 = AXIS2_PLACEMENT_3D('',#4103,#4104,#4105);
#4103 = CARTESIAN_POINT('',(-0.8,-0.4,0.));
#4104 = DIRECTION('',(0.,1.,0.));
#4105 = DIRECTION('',(0.,-0.,1.));
#4106 = ADVANCED_FACE('',(#4107),#4126,.T.);
#4107 = FACE_BOUND('',#4108,.T.);
#4108 = EDGE_LOOP('',(#4109,#4110,#4119,#4125));
#4109 = ORIENTED_EDGE('',*,*,#3997,.T.);
#4110 = ORIENTED_EDGE('',*,*,#4111,.T.);
#4111 = EDGE_CURVE('',#3998,#4112,#4114,.T.);
#4112 = VERTEX_POINT('',#4113);
#4113 = CARTESIAN_POINT('',(-0.755,0.4,-2.775557561563E-17));
#4114 = CIRCLE('',#4115,4.5E-02);
#4115 = AXIS2_PLACEMENT_3D('',#4116,#4117,#4118);
#4116 = CARTESIAN_POINT('',(-0.755,0.4,4.5E-02));
#4117 = DIRECTION('',(0.,-1.,0.));
#4118 = DIRECTION('',(0.,0.,1.));
#4119 = ORIENTED_EDGE('',*,*,#4120,.F.);
#4120 = EDGE_CURVE('',#4028,#4112,#4121,.T.);
#4121 = LINE('',#4122,#4123);
#4122 = CARTESIAN_POINT('',(-0.755,-0.4,-2.775557561563E-17));
#4123 = VECTOR('',#4124,1.);
#4124 = DIRECTION('',(0.,1.,0.));
#4125 = ORIENTED_EDGE('',*,*,#4037,.F.);
#4126 = CYLINDRICAL_SURFACE('',#4127,4.5E-02);
#4127 = AXIS2_PLACEMENT_3D('',#4128,#4129,#4130);
#4128 = CARTESIAN_POINT('',(-0.755,-0.4,4.5E-02));
#4129 = DIRECTION('',(0.,1.,0.));
#4130 = DIRECTION('',(-1.,0.,0.));
#4131 = ADVANCED_FACE('',(#4132),#4151,.T.);
#4132 = FACE_BOUND('',#4133,.T.);
#4133 = EDGE_LOOP('',(#4134,#4135,#4143,#4150));
#4134 = ORIENTED_EDGE('',*,*,#4045,.T.);
#4135 = ORIENTED_EDGE('',*,*,#4136,.T.);
#4136 = EDGE_CURVE('',#4046,#4137,#4139,.T.);
#4137 = VERTEX_POINT('',#4138);
#4138 = CARTESIAN_POINT('',(-0.755,0.4,0.45));
#4139 = LINE('',#4140,#4141);
#4140 = CARTESIAN_POINT('',(-0.755,-0.4,0.45));
#4141 = VECTOR('',#4142,1.);
#4142 = DIRECTION('',(0.,1.,0.));
#4143 = ORIENTED_EDGE('',*,*,#4144,.F.);
#4144 = EDGE_CURVE('',#4006,#4137,#4145,.T.);
#4145 = CIRCLE('',#4146,4.5E-02);
#4146 = AXIS2_PLACEMENT_3D('',#4147,#4148,#4149);
#4147 = CARTESIAN_POINT('',(-0.755,0.4,0.405));
#4148 = DIRECTION('',(0.,1.,0.));
#4149 = DIRECTION('',(0.,-0.,1.));
#4150 = ORIENTED_EDGE('',*,*,#4013,.F.);
#4151 = CYLINDRICAL_SURFACE('',#4152,4.5E-02);
#4152 = AXIS2_PLACEMENT_3D('',#4153,#4154,#4155);
#4153 = CARTESIAN_POINT('',(-0.755,-0.4,0.405));
#4154 = DIRECTION('',(0.,1.,0.));
#4155 = DIRECTION('',(-1.,0.,0.));
#4156 = ADVANCED_FACE('',(#4157),#4218,.T.);
#4157 = FACE_BOUND('',#4158,.T.);
#4158 = EDGE_LOOP('',(#4159,#4167,#4168,#4169,#4170,#4178,#4187,#4195,
    #4203,#4211));
#4159 = ORIENTED_EDGE('',*,*,#4160,.F.);
#4160 = EDGE_CURVE('',#4112,#4161,#4163,.T.);
#4161 = VERTEX_POINT('',#4162);
#4162 = CARTESIAN_POINT('',(-0.545,0.4,-2.775557561563E-17));
#4163 = LINE('',#4164,#4165);
#4164 = CARTESIAN_POINT('',(-0.8,0.4,0.));
#4165 = VECTOR('',#4166,1.);
#4166 = DIRECTION('',(1.,0.,0.));
#4167 = ORIENTED_EDGE('',*,*,#4111,.F.);
#4168 = ORIENTED_EDGE('',*,*,#4005,.T.);
#4169 = ORIENTED_EDGE('',*,*,#4144,.T.);
#4170 = ORIENTED_EDGE('',*,*,#4171,.T.);
#4171 = EDGE_CURVE('',#4137,#4172,#4174,.T.);
#4172 = VERTEX_POINT('',#4173);
#4173 = CARTESIAN_POINT('',(-0.545,0.4,0.45));
#4174 = LINE('',#4175,#4176);
#4175 = CARTESIAN_POINT('',(-0.8,0.4,0.45));
#4176 = VECTOR('',#4177,1.);
#4177 = DIRECTION('',(1.,0.,0.));
#4178 = ORIENTED_EDGE('',*,*,#4179,.F.);
#4179 = EDGE_CURVE('',#4180,#4172,#4182,.T.);
#4180 = VERTEX_POINT('',#4181);
#4181 = CARTESIAN_POINT('',(-0.5,0.4,0.405));
#4182 = CIRCLE('',#4183,4.5E-02);
#4183 = AXIS2_PLACEMENT_3D('',#4184,#4185,#4186);
#4184 = CARTESIAN_POINT('',(-0.545,0.4,0.405));
#4185 = DIRECTION('',(0.,-1.,0.));
#4186 = DIRECTION('',(0.,0.,1.));
#4187 = ORIENTED_EDGE('',*,*,#4188,.F.);
#4188 = EDGE_CURVE('',#4189,#4180,#4191,.T.);
#4189 = VERTEX_POINT('',#4190);
#4190 = CARTESIAN_POINT('',(-0.755,0.4,0.405));
#4191 = LINE('',#4192,#4193);
#4192 = CARTESIAN_POINT('',(-0.755,0.4,0.405));
#4193 = VECTOR('',#4194,1.);
#4194 = DIRECTION('',(1.,0.,0.));
#4195 = ORIENTED_EDGE('',*,*,#4196,.F.);
#4196 = EDGE_CURVE('',#4197,#4189,#4199,.T.);
#4197 = VERTEX_POINT('',#4198);
#4198 = CARTESIAN_POINT('',(-0.755,0.4,4.5E-02));
#4199 = LINE('',#4200,#4201);
#4200 = CARTESIAN_POINT('',(-0.755,0.4,4.5E-02));
#4201 = VECTOR('',#4202,1.);
#4202 = DIRECTION('',(0.,0.,1.));
#4203 = ORIENTED_EDGE('',*,*,#4204,.T.);
#4204 = EDGE_CURVE('',#4197,#4205,#4207,.T.);
#4205 = VERTEX_POINT('',#4206);
#4206 = CARTESIAN_POINT('',(-0.5,0.4,4.5E-02));
#4207 = LINE('',#4208,#4209);
#4208 = CARTESIAN_POINT('',(-0.755,0.4,4.5E-02));
#4209 = VECTOR('',#4210,1.);
#4210 = DIRECTION('',(1.,0.,0.));
#4211 = ORIENTED_EDGE('',*,*,#4212,.T.);
#4212 = EDGE_CURVE('',#4205,#4161,#4213,.T.);
#4213 = CIRCLE('',#4214,4.5E-02);
#4214 = AXIS2_PLACEMENT_3D('',#4215,#4216,#4217);
#4215 = CARTESIAN_POINT('',(-0.545,0.4,4.5E-02));
#4216 = DIRECTION('',(0.,1.,0.));
#4217 = DIRECTION('',(0.,-0.,1.));
#4218 = PLANE('',#4219);
#4219 = AXIS2_PLACEMENT_3D('',#4220,#4221,#4222);
#4220 = CARTESIAN_POINT('',(-0.8,0.4,0.));
#4221 = DIRECTION('',(0.,1.,0.));
#4222 = DIRECTION('',(0.,-0.,1.));
#4223 = ADVANCED_FACE('',(#4224),#4235,.F.);
#4224 = FACE_BOUND('',#4225,.F.);
#4225 = EDGE_LOOP('',(#4226,#4227,#4228,#4229));
#4226 = ORIENTED_EDGE('',*,*,#4160,.F.);
#4227 = ORIENTED_EDGE('',*,*,#4120,.F.);
#4228 = ORIENTED_EDGE('',*,*,#4027,.T.);
#4229 = ORIENTED_EDGE('',*,*,#4230,.T.);
#4230 = EDGE_CURVE('',#4030,#4161,#4231,.T.);
#4231 = LINE('',#4232,#4233);
#4232 = CARTESIAN_POINT('',(-0.545,-0.4,-2.775557561563E-17));
#4233 = VECTOR('',#4234,1.);
#4234 = DIRECTION('',(0.,1.,0.));
#4235 = PLANE('',#4236);
#4236 = AXIS2_PLACEMENT_3D('',#4237,#4238,#4239);
#4237 = CARTESIAN_POINT('',(-0.8,-0.4,0.));
#4238 = DIRECTION('',(0.,0.,1.));
#4239 = DIRECTION('',(1.,0.,-0.));
#4240 = ADVANCED_FACE('',(#4241),#4252,.T.);
#4241 = FACE_BOUND('',#4242,.T.);
#4242 = EDGE_LOOP('',(#4243,#4244,#4245,#4246));
#4243 = ORIENTED_EDGE('',*,*,#4095,.T.);
#4244 = ORIENTED_EDGE('',*,*,#4230,.T.);
#4245 = ORIENTED_EDGE('',*,*,#4212,.F.);
#4246 = ORIENTED_EDGE('',*,*,#4247,.F.);
#4247 = EDGE_CURVE('',#4088,#4205,#4248,.T.);
#4248 = LINE('',#4249,#4250);
#4249 = CARTESIAN_POINT('',(-0.5,-0.4,4.5E-02));
#4250 = VECTOR('',#4251,1.);
#4251 = DIRECTION('',(0.,1.,0.));
#4252 = CYLINDRICAL_SURFACE('',#4253,4.5E-02);
#4253 = AXIS2_PLACEMENT_3D('',#4254,#4255,#4256);
#4254 = CARTESIAN_POINT('',(-0.545,-0.4,4.5E-02));
#4255 = DIRECTION('',(0.,1.,0.));
#4256 = DIRECTION('',(1.,0.,0.));
#4257 = ADVANCED_FACE('',(#4258),#4301,.F.);
#4258 = FACE_BOUND('',#4259,.F.);
#4259 = EDGE_LOOP('',(#4260,#4261,#4262,#4263,#4271,#4279,#4287,#4295));
#4260 = ORIENTED_EDGE('',*,*,#4087,.F.);
#4261 = ORIENTED_EDGE('',*,*,#4079,.T.);
#4262 = ORIENTED_EDGE('',*,*,#4071,.T.);
#4263 = ORIENTED_EDGE('',*,*,#4264,.T.);
#4264 = EDGE_CURVE('',#4063,#4265,#4267,.T.);
#4265 = VERTEX_POINT('',#4266);
#4266 = CARTESIAN_POINT('',(0.5,-0.4,0.405));
#4267 = LINE('',#4268,#4269);
#4268 = CARTESIAN_POINT('',(-0.5,-0.4,0.405));
#4269 = VECTOR('',#4270,1.);
#4270 = DIRECTION('',(1.,0.,0.));
#4271 = ORIENTED_EDGE('',*,*,#4272,.T.);
#4272 = EDGE_CURVE('',#4265,#4273,#4275,.T.);
#4273 = VERTEX_POINT('',#4274);
#4274 = CARTESIAN_POINT('',(0.755,-0.4,0.405));
#4275 = LINE('',#4276,#4277);
#4276 = CARTESIAN_POINT('',(-0.755,-0.4,0.405));
#4277 = VECTOR('',#4278,1.);
#4278 = DIRECTION('',(1.,0.,0.));
#4279 = ORIENTED_EDGE('',*,*,#4280,.F.);
#4280 = EDGE_CURVE('',#4281,#4273,#4283,.T.);
#4281 = VERTEX_POINT('',#4282);
#4282 = CARTESIAN_POINT('',(0.755,-0.4,4.5E-02));
#4283 = LINE('',#4284,#4285);
#4284 = CARTESIAN_POINT('',(0.755,-0.4,4.5E-02));
#4285 = VECTOR('',#4286,1.);
#4286 = DIRECTION('',(0.,0.,1.));
#4287 = ORIENTED_EDGE('',*,*,#4288,.F.);
#4288 = EDGE_CURVE('',#4289,#4281,#4291,.T.);
#4289 = VERTEX_POINT('',#4290);
#4290 = CARTESIAN_POINT('',(0.5,-0.4,4.5E-02));
#4291 = LINE('',#4292,#4293);
#4292 = CARTESIAN_POINT('',(-0.755,-0.4,4.5E-02));
#4293 = VECTOR('',#4294,1.);
#4294 = DIRECTION('',(1.,0.,0.));
#4295 = ORIENTED_EDGE('',*,*,#4296,.F.);
#4296 = EDGE_CURVE('',#4088,#4289,#4297,.T.);
#4297 = LINE('',#4298,#4299);
#4298 = CARTESIAN_POINT('',(-0.755,-0.4,4.5E-02));
#4299 = VECTOR('',#4300,1.);
#4300 = DIRECTION('',(1.,0.,0.));
#4301 = PLANE('',#4302);
#4302 = AXIS2_PLACEMENT_3D('',#4303,#4304,#4305);
#4303 = CARTESIAN_POINT('',(-0.755,-0.4,4.5E-02));
#4304 = DIRECTION('',(0.,1.,0.));
#4305 = DIRECTION('',(0.,-0.,1.));
#4306 = ADVANCED_FACE('',(#4307),#4318,.T.);
#4307 = FACE_BOUND('',#4308,.T.);
#4308 = EDGE_LOOP('',(#4309,#4310,#4311,#4312));
#4309 = ORIENTED_EDGE('',*,*,#4171,.F.);
#4310 = ORIENTED_EDGE('',*,*,#4136,.F.);
#4311 = ORIENTED_EDGE('',*,*,#4054,.T.);
#4312 = ORIENTED_EDGE('',*,*,#4313,.T.);
#4313 = EDGE_CURVE('',#4055,#4172,#4314,.T.);
#4314 = LINE('',#4315,#4316);
#4315 = CARTESIAN_POINT('',(-0.545,-0.4,0.45));
#4316 = VECTOR('',#4317,1.);
#4317 = DIRECTION('',(0.,1.,0.));
#4318 = PLANE('',#4319);
#4319 = AXIS2_PLACEMENT_3D('',#4320,#4321,#4322);
#4320 = CARTESIAN_POINT('',(-0.8,-0.4,0.45));
#4321 = DIRECTION('',(0.,0.,1.));
#4322 = DIRECTION('',(1.,0.,-0.));
#4323 = ADVANCED_FACE('',(#4324),#4335,.T.);
#4324 = FACE_BOUND('',#4325,.T.);
#4325 = EDGE_LOOP('',(#4326,#4332,#4333,#4334));
#4326 = ORIENTED_EDGE('',*,*,#4327,.T.);
#4327 = EDGE_CURVE('',#4063,#4180,#4328,.T.);
#4328 = LINE('',#4329,#4330);
#4329 = CARTESIAN_POINT('',(-0.5,-0.4,0.405));
#4330 = VECTOR('',#4331,1.);
#4331 = DIRECTION('',(0.,1.,0.));
#4332 = ORIENTED_EDGE('',*,*,#4179,.T.);
#4333 = ORIENTED_EDGE('',*,*,#4313,.F.);
#4334 = ORIENTED_EDGE('',*,*,#4062,.F.);
#4335 = CYLINDRICAL_SURFACE('',#4336,4.5E-02);
#4336 = AXIS2_PLACEMENT_3D('',#4337,#4338,#4339);
#4337 = CARTESIAN_POINT('',(-0.545,-0.4,0.405));
#4338 = DIRECTION('',(0.,1.,0.));
#4339 = DIRECTION('',(1.,0.,0.));
#4340 = ADVANCED_FACE('',(#4341),#4384,.T.);
#4341 = FACE_BOUND('',#4342,.T.);
#4342 = EDGE_LOOP('',(#4343,#4344,#4345,#4346,#4354,#4362,#4370,#4378));
#4343 = ORIENTED_EDGE('',*,*,#4204,.F.);
#4344 = ORIENTED_EDGE('',*,*,#4196,.T.);
#4345 = ORIENTED_EDGE('',*,*,#4188,.T.);
#4346 = ORIENTED_EDGE('',*,*,#4347,.T.);
#4347 = EDGE_CURVE('',#4180,#4348,#4350,.T.);
#4348 = VERTEX_POINT('',#4349);
#4349 = CARTESIAN_POINT('',(0.5,0.4,0.405));
#4350 = LINE('',#4351,#4352);
#4351 = CARTESIAN_POINT('',(-0.5,0.4,0.405));
#4352 = VECTOR('',#4353,1.);
#4353 = DIRECTION('',(1.,0.,0.));
#4354 = ORIENTED_EDGE('',*,*,#4355,.T.);
#4355 = EDGE_CURVE('',#4348,#4356,#4358,.T.);
#4356 = VERTEX_POINT('',#4357);
#4357 = CARTESIAN_POINT('',(0.755,0.4,0.405));
#4358 = LINE('',#4359,#4360);
#4359 = CARTESIAN_POINT('',(-0.755,0.4,0.405));
#4360 = VECTOR('',#4361,1.);
#4361 = DIRECTION('',(1.,0.,0.));
#4362 = ORIENTED_EDGE('',*,*,#4363,.F.);
#4363 = EDGE_CURVE('',#4364,#4356,#4366,.T.);
#4364 = VERTEX_POINT('',#4365);
#4365 = CARTESIAN_POINT('',(0.755,0.4,4.5E-02));
#4366 = LINE('',#4367,#4368);
#4367 = CARTESIAN_POINT('',(0.755,0.4,4.5E-02));
#4368 = VECTOR('',#4369,1.);
#4369 = DIRECTION('',(0.,0.,1.));
#4370 = ORIENTED_EDGE('',*,*,#4371,.F.);
#4371 = EDGE_CURVE('',#4372,#4364,#4374,.T.);
#4372 = VERTEX_POINT('',#4373);
#4373 = CARTESIAN_POINT('',(0.5,0.4,4.5E-02));
#4374 = LINE('',#4375,#4376);
#4375 = CARTESIAN_POINT('',(-0.755,0.4,4.5E-02));
#4376 = VECTOR('',#4377,1.);
#4377 = DIRECTION('',(1.,0.,0.));
#4378 = ORIENTED_EDGE('',*,*,#4379,.F.);
#4379 = EDGE_CURVE('',#4205,#4372,#4380,.T.);
#4380 = LINE('',#4381,#4382);
#4381 = CARTESIAN_POINT('',(-0.755,0.4,4.5E-02));
#4382 = VECTOR('',#4383,1.);
#4383 = DIRECTION('',(1.,0.,0.));
#4384 = PLANE('',#4385);
#4385 = AXIS2_PLACEMENT_3D('',#4386,#4387,#4388);
#4386 = CARTESIAN_POINT('',(-0.755,0.4,4.5E-02));
#4387 = DIRECTION('',(0.,1.,0.));
#4388 = DIRECTION('',(0.,-0.,1.));
#4389 = ADVANCED_FACE('',(#4390),#4401,.F.);
#4390 = FACE_BOUND('',#4391,.F.);
#4391 = EDGE_LOOP('',(#4392,#4393,#4394,#4400));
#4392 = ORIENTED_EDGE('',*,*,#4247,.F.);
#4393 = ORIENTED_EDGE('',*,*,#4296,.T.);
#4394 = ORIENTED_EDGE('',*,*,#4395,.T.);
#4395 = EDGE_CURVE('',#4289,#4372,#4396,.T.);
#4396 = LINE('',#4397,#4398);
#4397 = CARTESIAN_POINT('',(0.5,-0.4,4.5E-02));
#4398 = VECTOR('',#4399,1.);
#4399 = DIRECTION('',(0.,1.,0.));
#4400 = ORIENTED_EDGE('',*,*,#4379,.F.);
#4401 = PLANE('',#4402);
#4402 = AXIS2_PLACEMENT_3D('',#4403,#4404,#4405);
#4403 = CARTESIAN_POINT('',(-0.755,-0.4,4.5E-02));
#4404 = DIRECTION('',(0.,0.,1.));
#4405 = DIRECTION('',(1.,0.,-0.));
#4406 = ADVANCED_FACE('',(#4407),#4470,.F.);
#4407 = FACE_BOUND('',#4408,.F.);
#4408 = EDGE_LOOP('',(#4409,#4419,#4426,#4427,#4428,#4429,#4438,#4446,
    #4455,#4463));
#4409 = ORIENTED_EDGE('',*,*,#4410,.F.);
#4410 = EDGE_CURVE('',#4411,#4413,#4415,.T.);
#4411 = VERTEX_POINT('',#4412);
#4412 = CARTESIAN_POINT('',(0.545,-0.4,-2.775557561563E-17));
#4413 = VERTEX_POINT('',#4414);
#4414 = CARTESIAN_POINT('',(0.755,-0.4,-2.775557561563E-17));
#4415 = LINE('',#4416,#4417);
#4416 = CARTESIAN_POINT('',(0.5,-0.4,0.));
#4417 = VECTOR('',#4418,1.);
#4418 = DIRECTION('',(1.,0.,0.));
#4419 = ORIENTED_EDGE('',*,*,#4420,.F.);
#4420 = EDGE_CURVE('',#4289,#4411,#4421,.T.);
#4421 = CIRCLE('',#4422,4.5E-02);
#4422 = AXIS2_PLACEMENT_3D('',#4423,#4424,#4425);
#4423 = CARTESIAN_POINT('',(0.545,-0.4,4.5E-02));
#4424 = DIRECTION('',(0.,-1.,0.));
#4425 = DIRECTION('',(0.,0.,1.));
#4426 = ORIENTED_EDGE('',*,*,#4288,.T.);
#4427 = ORIENTED_EDGE('',*,*,#4280,.T.);
#4428 = ORIENTED_EDGE('',*,*,#4272,.F.);
#4429 = ORIENTED_EDGE('',*,*,#4430,.T.);
#4430 = EDGE_CURVE('',#4265,#4431,#4433,.T.);
#4431 = VERTEX_POINT('',#4432);
#4432 = CARTESIAN_POINT('',(0.545,-0.4,0.45));
#4433 = CIRCLE('',#4434,4.5E-02);
#4434 = AXIS2_PLACEMENT_3D('',#4435,#4436,#4437);
#4435 = CARTESIAN_POINT('',(0.545,-0.4,0.405));
#4436 = DIRECTION('',(0.,1.,0.));
#4437 = DIRECTION('',(0.,-0.,1.));
#4438 = ORIENTED_EDGE('',*,*,#4439,.T.);
#4439 = EDGE_CURVE('',#4431,#4440,#4442,.T.);
#4440 = VERTEX_POINT('',#4441);
#4441 = CARTESIAN_POINT('',(0.755,-0.4,0.45));
#4442 = LINE('',#4443,#4444);
#4443 = CARTESIAN_POINT('',(0.5,-0.4,0.45));
#4444 = VECTOR('',#4445,1.);
#4445 = DIRECTION('',(1.,0.,0.));
#4446 = ORIENTED_EDGE('',*,*,#4447,.F.);
#4447 = EDGE_CURVE('',#4448,#4440,#4450,.T.);
#4448 = VERTEX_POINT('',#4449);
#4449 = CARTESIAN_POINT('',(0.8,-0.4,0.405));
#4450 = CIRCLE('',#4451,4.5E-02);
#4451 = AXIS2_PLACEMENT_3D('',#4452,#4453,#4454);
#4452 = CARTESIAN_POINT('',(0.755,-0.4,0.405));
#4453 = DIRECTION('',(0.,-1.,0.));
#4454 = DIRECTION('',(0.,0.,1.));
#4455 = ORIENTED_EDGE('',*,*,#4456,.F.);
#4456 = EDGE_CURVE('',#4457,#4448,#4459,.T.);
#4457 = VERTEX_POINT('',#4458);
#4458 = CARTESIAN_POINT('',(0.8,-0.4,4.5E-02));
#4459 = LINE('',#4460,#4461);
#4460 = CARTESIAN_POINT('',(0.8,-0.4,0.));
#4461 = VECTOR('',#4462,1.);
#4462 = DIRECTION('',(0.,0.,1.));
#4463 = ORIENTED_EDGE('',*,*,#4464,.T.);
#4464 = EDGE_CURVE('',#4457,#4413,#4465,.T.);
#4465 = CIRCLE('',#4466,4.5E-02);
#4466 = AXIS2_PLACEMENT_3D('',#4467,#4468,#4469);
#4467 = CARTESIAN_POINT('',(0.755,-0.4,4.5E-02));
#4468 = DIRECTION('',(0.,1.,0.));
#4469 = DIRECTION('',(0.,-0.,1.));
#4470 = PLANE('',#4471);
#4471 = AXIS2_PLACEMENT_3D('',#4472,#4473,#4474);
#4472 = CARTESIAN_POINT('',(0.5,-0.4,0.));
#4473 = DIRECTION('',(0.,1.,0.));
#4474 = DIRECTION('',(0.,-0.,1.));
#4475 = ADVANCED_FACE('',(#4476),#4501,.F.);
#4476 = FACE_BOUND('',#4477,.F.);
#4477 = EDGE_LOOP('',(#4478,#4479,#4487,#4495));
#4478 = ORIENTED_EDGE('',*,*,#4264,.F.);
#4479 = ORIENTED_EDGE('',*,*,#4480,.T.);
#4480 = EDGE_CURVE('',#4063,#4481,#4483,.T.);
#4481 = VERTEX_POINT('',#4482);
#4482 = CARTESIAN_POINT('',(-0.5,-0.4,0.45));
#4483 = LINE('',#4484,#4485);
#4484 = CARTESIAN_POINT('',(-0.5,-0.4,0.405));
#4485 = VECTOR('',#4486,1.);
#4486 = DIRECTION('',(0.,0.,1.));
#4487 = ORIENTED_EDGE('',*,*,#4488,.T.);
#4488 = EDGE_CURVE('',#4481,#4489,#4491,.T.);
#4489 = VERTEX_POINT('',#4490);
#4490 = CARTESIAN_POINT('',(0.5,-0.4,0.45));
#4491 = LINE('',#4492,#4493);
#4492 = CARTESIAN_POINT('',(-0.5,-0.4,0.45));
#4493 = VECTOR('',#4494,1.);
#4494 = DIRECTION('',(1.,0.,0.));
#4495 = ORIENTED_EDGE('',*,*,#4496,.F.);
#4496 = EDGE_CURVE('',#4265,#4489,#4497,.T.);
#4497 = LINE('',#4498,#4499);
#4498 = CARTESIAN_POINT('',(0.5,-0.4,0.405));
#4499 = VECTOR('',#4500,1.);
#4500 = DIRECTION('',(0.,0.,1.));
#4501 = PLANE('',#4502);
#4502 = AXIS2_PLACEMENT_3D('',#4503,#4504,#4505);
#4503 = CARTESIAN_POINT('',(-0.5,-0.4,0.405));
#4504 = DIRECTION('',(0.,1.,0.));
#4505 = DIRECTION('',(0.,-0.,1.));
#4506 = ADVANCED_FACE('',(#4507),#4525,.F.);
#4507 = FACE_BOUND('',#4508,.F.);
#4508 = EDGE_LOOP('',(#4509,#4510,#4511,#4519));
#4509 = ORIENTED_EDGE('',*,*,#4480,.F.);
#4510 = ORIENTED_EDGE('',*,*,#4327,.T.);
#4511 = ORIENTED_EDGE('',*,*,#4512,.T.);
#4512 = EDGE_CURVE('',#4180,#4513,#4515,.T.);
#4513 = VERTEX_POINT('',#4514);
#4514 = CARTESIAN_POINT('',(-0.5,0.4,0.45));
#4515 = LINE('',#4516,#4517);
#4516 = CARTESIAN_POINT('',(-0.5,0.4,0.405));
#4517 = VECTOR('',#4518,1.);
#4518 = DIRECTION('',(0.,0.,1.));
#4519 = ORIENTED_EDGE('',*,*,#4520,.F.);
#4520 = EDGE_CURVE('',#4481,#4513,#4521,.T.);
#4521 = LINE('',#4522,#4523);
#4522 = CARTESIAN_POINT('',(-0.5,-0.4,0.45));
#4523 = VECTOR('',#4524,1.);
#4524 = DIRECTION('',(0.,1.,0.));
#4525 = PLANE('',#4526);
#4526 = AXIS2_PLACEMENT_3D('',#4527,#4528,#4529);
#4527 = CARTESIAN_POINT('',(-0.5,-0.4,0.405));
#4528 = DIRECTION('',(1.,0.,0.));
#4529 = DIRECTION('',(0.,0.,1.));
#4530 = ADVANCED_FACE('',(#4531),#4594,.T.);
#4531 = FACE_BOUND('',#4532,.T.);
#4532 = EDGE_LOOP('',(#4533,#4543,#4550,#4551,#4552,#4553,#4562,#4570,
    #4579,#4587));
#4533 = ORIENTED_EDGE('',*,*,#4534,.F.);
#4534 = EDGE_CURVE('',#4535,#4537,#4539,.T.);
#4535 = VERTEX_POINT('',#4536);
#4536 = CARTESIAN_POINT('',(0.545,0.4,-2.775557561563E-17));
#4537 = VERTEX_POINT('',#4538);
#4538 = CARTESIAN_POINT('',(0.755,0.4,-2.775557561563E-17));
#4539 = LINE('',#4540,#4541);
#4540 = CARTESIAN_POINT('',(0.5,0.4,0.));
#4541 = VECTOR('',#4542,1.);
#4542 = DIRECTION('',(1.,0.,0.));
#4543 = ORIENTED_EDGE('',*,*,#4544,.F.);
#4544 = EDGE_CURVE('',#4372,#4535,#4545,.T.);
#4545 = CIRCLE('',#4546,4.5E-02);
#4546 = AXIS2_PLACEMENT_3D('',#4547,#4548,#4549);
#4547 = CARTESIAN_POINT('',(0.545,0.4,4.5E-02));
#4548 = DIRECTION('',(0.,-1.,0.));
#4549 = DIRECTION('',(0.,0.,1.));
#4550 = ORIENTED_EDGE('',*,*,#4371,.T.);
#4551 = ORIENTED_EDGE('',*,*,#4363,.T.);
#4552 = ORIENTED_EDGE('',*,*,#4355,.F.);
#4553 = ORIENTED_EDGE('',*,*,#4554,.T.);
#4554 = EDGE_CURVE('',#4348,#4555,#4557,.T.);
#4555 = VERTEX_POINT('',#4556);
#4556 = CARTESIAN_POINT('',(0.545,0.4,0.45));
#4557 = CIRCLE('',#4558,4.5E-02);
#4558 = AXIS2_PLACEMENT_3D('',#4559,#4560,#4561);
#4559 = CARTESIAN_POINT('',(0.545,0.4,0.405));
#4560 = DIRECTION('',(0.,1.,0.));
#4561 = DIRECTION('',(0.,-0.,1.));
#4562 = ORIENTED_EDGE('',*,*,#4563,.T.);
#4563 = EDGE_CURVE('',#4555,#4564,#4566,.T.);
#4564 = VERTEX_POINT('',#4565);
#4565 = CARTESIAN_POINT('',(0.755,0.4,0.45));
#4566 = LINE('',#4567,#4568);
#4567 = CARTESIAN_POINT('',(0.5,0.4,0.45));
#4568 = VECTOR('',#4569,1.);
#4569 = DIRECTION('',(1.,0.,0.));
#4570 = ORIENTED_EDGE('',*,*,#4571,.F.);
#4571 = EDGE_CURVE('',#4572,#4564,#4574,.T.);
#4572 = VERTEX_POINT('',#4573);
#4573 = CARTESIAN_POINT('',(0.8,0.4,0.405));
#4574 = CIRCLE('',#4575,4.5E-02);
#4575 = AXIS2_PLACEMENT_3D('',#4576,#4577,#4578);
#4576 = CARTESIAN_POINT('',(0.755,0.4,0.405));
#4577 = DIRECTION('',(0.,-1.,0.));
#4578 = DIRECTION('',(0.,0.,1.));
#4579 = ORIENTED_EDGE('',*,*,#4580,.F.);
#4580 = EDGE_CURVE('',#4581,#4572,#4583,.T.);
#4581 = VERTEX_POINT('',#4582);
#4582 = CARTESIAN_POINT('',(0.8,0.4,4.5E-02));
#4583 = LINE('',#4584,#4585);
#4584 = CARTESIAN_POINT('',(0.8,0.4,0.));
#4585 = VECTOR('',#4586,1.);
#4586 = DIRECTION('',(0.,0.,1.));
#4587 = ORIENTED_EDGE('',*,*,#4588,.T.);
#4588 = EDGE_CURVE('',#4581,#4537,#4589,.T.);
#4589 = CIRCLE('',#4590,4.5E-02);
#4590 = AXIS2_PLACEMENT_3D('',#4591,#4592,#4593);
#4591 = CARTESIAN_POINT('',(0.755,0.4,4.5E-02));
#4592 = DIRECTION('',(0.,1.,0.));
#4593 = DIRECTION('',(0.,-0.,1.));
#4594 = PLANE('',#4595);
#4595 = AXIS2_PLACEMENT_3D('',#4596,#4597,#4598);
#4596 = CARTESIAN_POINT('',(0.5,0.4,0.));
#4597 = DIRECTION('',(0.,1.,0.));
#4598 = DIRECTION('',(0.,-0.,1.));
#4599 = ADVANCED_FACE('',(#4600),#4618,.T.);
#4600 = FACE_BOUND('',#4601,.T.);
#4601 = EDGE_LOOP('',(#4602,#4603,#4604,#4612));
#4602 = ORIENTED_EDGE('',*,*,#4347,.F.);
#4603 = ORIENTED_EDGE('',*,*,#4512,.T.);
#4604 = ORIENTED_EDGE('',*,*,#4605,.T.);
#4605 = EDGE_CURVE('',#4513,#4606,#4608,.T.);
#4606 = VERTEX_POINT('',#4607);
#4607 = CARTESIAN_POINT('',(0.5,0.4,0.45));
#4608 = LINE('',#4609,#4610);
#4609 = CARTESIAN_POINT('',(-0.5,0.4,0.45));
#4610 = VECTOR('',#4611,1.);
#4611 = DIRECTION('',(1.,0.,0.));
#4612 = ORIENTED_EDGE('',*,*,#4613,.F.);
#4613 = EDGE_CURVE('',#4348,#4606,#4614,.T.);
#4614 = LINE('',#4615,#4616);
#4615 = CARTESIAN_POINT('',(0.5,0.4,0.405));
#4616 = VECTOR('',#4617,1.);
#4617 = DIRECTION('',(0.,0.,1.));
#4618 = PLANE('',#4619);
#4619 = AXIS2_PLACEMENT_3D('',#4620,#4621,#4622);
#4620 = CARTESIAN_POINT('',(-0.5,0.4,0.405));
#4621 = DIRECTION('',(0.,1.,0.));
#4622 = DIRECTION('',(0.,-0.,1.));
#4623 = ADVANCED_FACE('',(#4624),#4635,.T.);
#4624 = FACE_BOUND('',#4625,.T.);
#4625 = EDGE_LOOP('',(#4626,#4627,#4628,#4634));
#4626 = ORIENTED_EDGE('',*,*,#4395,.T.);
#4627 = ORIENTED_EDGE('',*,*,#4544,.T.);
#4628 = ORIENTED_EDGE('',*,*,#4629,.F.);
#4629 = EDGE_CURVE('',#4411,#4535,#4630,.T.);
#4630 = LINE('',#4631,#4632);
#4631 = CARTESIAN_POINT('',(0.545,-0.4,-2.775557561563E-17));
#4632 = VECTOR('',#4633,1.);
#4633 = DIRECTION('',(0.,1.,0.));
#4634 = ORIENTED_EDGE('',*,*,#4420,.F.);
#4635 = CYLINDRICAL_SURFACE('',#4636,4.5E-02);
#4636 = AXIS2_PLACEMENT_3D('',#4637,#4638,#4639);
#4637 = CARTESIAN_POINT('',(0.545,-0.4,4.5E-02));
#4638 = DIRECTION('',(0.,1.,0.));
#4639 = DIRECTION('',(-1.,0.,0.));
#4640 = ADVANCED_FACE('',(#4641),#4652,.F.);
#4641 = FACE_BOUND('',#4642,.F.);
#4642 = EDGE_LOOP('',(#4643,#4644,#4645,#4646));
#4643 = ORIENTED_EDGE('',*,*,#4534,.F.);
#4644 = ORIENTED_EDGE('',*,*,#4629,.F.);
#4645 = ORIENTED_EDGE('',*,*,#4410,.T.);
#4646 = ORIENTED_EDGE('',*,*,#4647,.T.);
#4647 = EDGE_CURVE('',#4413,#4537,#4648,.T.);
#4648 = LINE('',#4649,#4650);
#4649 = CARTESIAN_POINT('',(0.755,-0.4,-2.775557561563E-17));
#4650 = VECTOR('',#4651,1.);
#4651 = DIRECTION('',(0.,1.,0.));
#4652 = PLANE('',#4653);
#4653 = AXIS2_PLACEMENT_3D('',#4654,#4655,#4656);
#4654 = CARTESIAN_POINT('',(0.5,-0.4,0.));
#4655 = DIRECTION('',(0.,0.,1.));
#4656 = DIRECTION('',(1.,0.,-0.));
#4657 = ADVANCED_FACE('',(#4658),#4669,.T.);
#4658 = FACE_BOUND('',#4659,.T.);
#4659 = EDGE_LOOP('',(#4660,#4661,#4662,#4663));
#4660 = ORIENTED_EDGE('',*,*,#4464,.T.);
#4661 = ORIENTED_EDGE('',*,*,#4647,.T.);
#4662 = ORIENTED_EDGE('',*,*,#4588,.F.);
#4663 = ORIENTED_EDGE('',*,*,#4664,.F.);
#4664 = EDGE_CURVE('',#4457,#4581,#4665,.T.);
#4665 = LINE('',#4666,#4667);
#4666 = CARTESIAN_POINT('',(0.8,-0.4,4.5E-02));
#4667 = VECTOR('',#4668,1.);
#4668 = DIRECTION('',(0.,1.,0.));
#4669 = CYLINDRICAL_SURFACE('',#4670,4.5E-02);
#4670 = AXIS2_PLACEMENT_3D('',#4671,#4672,#4673);
#4671 = CARTESIAN_POINT('',(0.755,-0.4,4.5E-02));
#4672 = DIRECTION('',(0.,1.,0.));
#4673 = DIRECTION('',(1.,0.,0.));
#4674 = ADVANCED_FACE('',(#4675),#4686,.T.);
#4675 = FACE_BOUND('',#4676,.T.);
#4676 = EDGE_LOOP('',(#4677,#4678,#4679,#4680));
#4677 = ORIENTED_EDGE('',*,*,#4456,.F.);
#4678 = ORIENTED_EDGE('',*,*,#4664,.T.);
#4679 = ORIENTED_EDGE('',*,*,#4580,.T.);
#4680 = ORIENTED_EDGE('',*,*,#4681,.F.);
#4681 = EDGE_CURVE('',#4448,#4572,#4682,.T.);
#4682 = LINE('',#4683,#4684);
#4683 = CARTESIAN_POINT('',(0.8,-0.4,0.405));
#4684 = VECTOR('',#4685,1.);
#4685 = DIRECTION('',(0.,1.,0.));
#4686 = PLANE('',#4687);
#4687 = AXIS2_PLACEMENT_3D('',#4688,#4689,#4690);
#4688 = CARTESIAN_POINT('',(0.8,-0.4,0.));
#4689 = DIRECTION('',(1.,0.,0.));
#4690 = DIRECTION('',(0.,0.,1.));
#4691 = ADVANCED_FACE('',(#4692),#4703,.T.);
#4692 = FACE_BOUND('',#4693,.T.);
#4693 = EDGE_LOOP('',(#4694,#4695,#4696,#4702));
#4694 = ORIENTED_EDGE('',*,*,#4681,.T.);
#4695 = ORIENTED_EDGE('',*,*,#4571,.T.);
#4696 = ORIENTED_EDGE('',*,*,#4697,.F.);
#4697 = EDGE_CURVE('',#4440,#4564,#4698,.T.);
#4698 = LINE('',#4699,#4700);
#4699 = CARTESIAN_POINT('',(0.755,-0.4,0.45));
#4700 = VECTOR('',#4701,1.);
#4701 = DIRECTION('',(0.,1.,0.));
#4702 = ORIENTED_EDGE('',*,*,#4447,.F.);
#4703 = CYLINDRICAL_SURFACE('',#4704,4.5E-02);
#4704 = AXIS2_PLACEMENT_3D('',#4705,#4706,#4707);
#4705 = CARTESIAN_POINT('',(0.755,-0.4,0.405));
#4706 = DIRECTION('',(0.,1.,0.));
#4707 = DIRECTION('',(1.,0.,0.));
#4708 = ADVANCED_FACE('',(#4709),#4720,.T.);
#4709 = FACE_BOUND('',#4710,.T.);
#4710 = EDGE_LOOP('',(#4711,#4712,#4718,#4719));
#4711 = ORIENTED_EDGE('',*,*,#4563,.F.);
#4712 = ORIENTED_EDGE('',*,*,#4713,.F.);
#4713 = EDGE_CURVE('',#4431,#4555,#4714,.T.);
#4714 = LINE('',#4715,#4716);
#4715 = CARTESIAN_POINT('',(0.545,-0.4,0.45));
#4716 = VECTOR('',#4717,1.);
#4717 = DIRECTION('',(0.,1.,0.));
#4718 = ORIENTED_EDGE('',*,*,#4439,.T.);
#4719 = ORIENTED_EDGE('',*,*,#4697,.T.);
#4720 = PLANE('',#4721);
#4721 = AXIS2_PLACEMENT_3D('',#4722,#4723,#4724);
#4722 = CARTESIAN_POINT('',(0.5,-0.4,0.45));
#4723 = DIRECTION('',(0.,0.,1.));
#4724 = DIRECTION('',(1.,0.,-0.));
#4725 = ADVANCED_FACE('',(#4726),#4737,.T.);
#4726 = FACE_BOUND('',#4727,.T.);
#4727 = EDGE_LOOP('',(#4728,#4729,#4730,#4731));
#4728 = ORIENTED_EDGE('',*,*,#4430,.T.);
#4729 = ORIENTED_EDGE('',*,*,#4713,.T.);
#4730 = ORIENTED_EDGE('',*,*,#4554,.F.);
#4731 = ORIENTED_EDGE('',*,*,#4732,.F.);
#4732 = EDGE_CURVE('',#4265,#4348,#4733,.T.);
#4733 = LINE('',#4734,#4735);
#4734 = CARTESIAN_POINT('',(0.5,-0.4,0.405));
#4735 = VECTOR('',#4736,1.);
#4736 = DIRECTION('',(0.,1.,0.));
#4737 = CYLINDRICAL_SURFACE('',#4738,4.5E-02);
#4738 = AXIS2_PLACEMENT_3D('',#4739,#4740,#4741);
#4739 = CARTESIAN_POINT('',(0.545,-0.4,0.405));
#4740 = DIRECTION('',(0.,1.,0.));
#4741 = DIRECTION('',(-1.,0.,0.));
#4742 = ADVANCED_FACE('',(#4743),#4754,.T.);
#4743 = FACE_BOUND('',#4744,.T.);
#4744 = EDGE_LOOP('',(#4745,#4746,#4747,#4748));
#4745 = ORIENTED_EDGE('',*,*,#4496,.F.);
#4746 = ORIENTED_EDGE('',*,*,#4732,.T.);
#4747 = ORIENTED_EDGE('',*,*,#4613,.T.);
#4748 = ORIENTED_EDGE('',*,*,#4749,.F.);
#4749 = EDGE_CURVE('',#4489,#4606,#4750,.T.);
#4750 = LINE('',#4751,#4752);
#4751 = CARTESIAN_POINT('',(0.5,-0.4,0.45));
#4752 = VECTOR('',#4753,1.);
#4753 = DIRECTION('',(0.,1.,0.));
#4754 = PLANE('',#4755);
#4755 = AXIS2_PLACEMENT_3D('',#4756,#4757,#4758);
#4756 = CARTESIAN_POINT('',(0.5,-0.4,0.405));
#4757 = DIRECTION('',(1.,0.,0.));
#4758 = DIRECTION('',(0.,0.,1.));
#4759 = ADVANCED_FACE('',(#4760),#4766,.T.);
#4760 = FACE_BOUND('',#4761,.T.);
#4761 = EDGE_LOOP('',(#4762,#4763,#4764,#4765));
#4762 = ORIENTED_EDGE('',*,*,#4520,.F.);
#4763 = ORIENTED_EDGE('',*,*,#4488,.T.);
#4764 = ORIENTED_EDGE('',*,*,#4749,.T.);
#4765 = ORIENTED_EDGE('',*,*,#4605,.F.);
#4766 = PLANE('',#4767);
#4767 = AXIS2_PLACEMENT_3D('',#4768,#4769,#4770);
#4768 = CARTESIAN_POINT('',(-0.5,-0.4,0.45));
#4769 = DIRECTION('',(0.,0.,1.));
#4770 = DIRECTION('',(1.,0.,-0.));
#4771 = ( GEOMETRIC_REPRESENTATION_CONTEXT(3) 
GLOBAL_UNCERTAINTY_ASSIGNED_CONTEXT((#4775)) 
GLOBAL_UNIT_ASSIGNED_CONTEXT((#4772,#4773,#4774)) REPRESENTATION_CONTEXT
('Context #1','3D Context with UNIT and UNCERTAINTY') );
#4772 = ( LENGTH_UNIT() NAMED_UNIT(*) SI_UNIT(.MILLI.,.METRE.) );
#4773 = ( NAMED_UNIT(*) PLANE_ANGLE_UNIT() SI_UNIT($,.RADIAN.) );
#4774 = ( NAMED_UNIT(*) SI_UNIT($,.STERADIAN.) SOLID_ANGLE_UNIT() );
#4775 = UNCERTAINTY_MEASURE_WITH_UNIT(LENGTH_MEASURE(1.E-07),#4772,
  'distance_accuracy_value','confusion accuracy');
#4776 = CONTEXT_DEPENDENT_SHAPE_REPRESENTATION(#4777,#4779);
#4777 = ( REPRESENTATION_RELATIONSHIP('','',#3980,#3957) 
REPRESENTATION_RELATIONSHIP_WITH_TRANSFORMATION(#4778) 
SHAPE_REPRESENTATION_RELATIONSHIP() );
#4778 = ITEM_DEFINED_TRANSFORMATION('','',#11,#3958);
#4779 = PRODUCT_DEFINITION_SHAPE('Placement','Placement of an item',
  #4780);
#4780 = NEXT_ASSEMBLY_USAGE_OCCURRENCE('8','=>[0:1:1:9]','',#3952,#3975,
  $);
#4781 = PRODUCT_RELATED_PRODUCT_CATEGORY('part',$,(#3977));
#4782 = CONTEXT_DEPENDENT_SHAPE_REPRESENTATION(#4783,#4785);
#4783 = ( REPRESENTATION_RELATIONSHIP('','',#136,#10) 
REPRESENTATION_RELATIONSHIP_WITH_TRANSFORMATION(#4784) 
SHAPE_REPRESENTATION_RELATIONSHIP() );
#4784 = ITEM_DEFINED_TRANSFORMATION('','',#11,#35);
#4785 = PRODUCT_DEFINITION_SHAPE('Placement','Placement of an item',
  #4786);
#4786 = NEXT_ASSEMBLY_USAGE_OCCURRENCE('10','C3','',#5,#131,$);
#4787 = CONTEXT_DEPENDENT_SHAPE_REPRESENTATION(#4788,#4790);
#4788 = ( REPRESENTATION_RELATIONSHIP('','',#136,#10) 
REPRESENTATION_RELATIONSHIP_WITH_TRANSFORMATION(#4789) 
SHAPE_REPRESENTATION_RELATIONSHIP() );
#4789 = ITEM_DEFINED_TRANSFORMATION('','',#11,#39);
#4790 = PRODUCT_DEFINITION_SHAPE('Placement','Placement of an item',
  #4791);
#4791 = NEXT_ASSEMBLY_USAGE_OCCURRENCE('11','C11','',#5,#131,$);
#4792 = CONTEXT_DEPENDENT_SHAPE_REPRESENTATION(#4793,#4795);
#4793 = ( REPRESENTATION_RELATIONSHIP('','',#3056,#10) 
REPRESENTATION_RELATIONSHIP_WITH_TRANSFORMATION(#4794) 
SHAPE_REPRESENTATION_RELATIONSHIP() );
#4794 = ITEM_DEFINED_TRANSFORMATION('','',#11,#43);
#4795 = PRODUCT_DEFINITION_SHAPE('Placement','Placement of an item',
  #4796);
#4796 = NEXT_ASSEMBLY_USAGE_OCCURRENCE('12','L4','',#5,#3051,$);
#4797 = CONTEXT_DEPENDENT_SHAPE_REPRESENTATION(#4798,#4800);
#4798 = ( REPRESENTATION_RELATIONSHIP('','',#136,#10) 
REPRESENTATION_RELATIONSHIP_WITH_TRANSFORMATION(#4799) 
SHAPE_REPRESENTATION_RELATIONSHIP() );
#4799 = ITEM_DEFINED_TRANSFORMATION('','',#11,#47);
#4800 = PRODUCT_DEFINITION_SHAPE('Placement','Placement of an item',
  #4801);
#4801 = NEXT_ASSEMBLY_USAGE_OCCURRENCE('13','C7','',#5,#131,$);
#4802 = SHAPE_DEFINITION_REPRESENTATION(#4803,#4809);
#4803 = PRODUCT_DEFINITION_SHAPE('','',#4804);
#4804 = PRODUCT_DEFINITION('design','',#4805,#4808);
#4805 = PRODUCT_DEFINITION_FORMATION('','',#4806);
#4806 = PRODUCT('PinHeader_1x02_P2.54mm_Vertical',
  'PinHeader_1x02_P2.54mm_Vertical','',(#4807));
#4807 = PRODUCT_CONTEXT('',#2,'mechanical');
#4808 = PRODUCT_DEFINITION_CONTEXT('part definition',#2,'design');
#4809 = SHAPE_REPRESENTATION('',(#11,#4810),#4814);
#4810 = AXIS2_PLACEMENT_3D('',#4811,#4812,#4813);
#4811 = CARTESIAN_POINT('',(0.,0.,0.));
#4812 = DIRECTION('',(0.,0.,1.));
#4813 = DIRECTION('',(1.,0.,-0.));
#4814 = ( GEOMETRIC_REPRESENTATION_CONTEXT(3) 
GLOBAL_UNCERTAINTY_ASSIGNED_CONTEXT((#4818)) 
GLOBAL_UNIT_ASSIGNED_CONTEXT((#4815,#4816,#4817)) REPRESENTATION_CONTEXT
('Context #1','3D Context with UNIT and UNCERTAINTY') );
#4815 = ( LENGTH_UNIT() NAMED_UNIT(*) SI_UNIT(.MILLI.,.METRE.) );
#4816 = ( NAMED_UNIT(*) PLANE_ANGLE_UNIT() SI_UNIT($,.RADIAN.) );
#4817 = ( NAMED_UNIT(*) SI_UNIT($,.STERADIAN.) SOLID_ANGLE_UNIT() );
#4818 = UNCERTAINTY_MEASURE_WITH_UNIT(LENGTH_MEASURE(1.E-07),#4815,
  'distance_accuracy_value','confusion accuracy');
#4819 = CONTEXT_DEPENDENT_SHAPE_REPRESENTATION(#4820,#4822);
#4820 = ( REPRESENTATION_RELATIONSHIP('','',#4809,#10) 
REPRESENTATION_RELATIONSHIP_WITH_TRANSFORMATION(#4821) 
SHAPE_REPRESENTATION_RELATIONSHIP() );
#4821 = ITEM_DEFINED_TRANSFORMATION('','',#11,#51);
#4822 = PRODUCT_DEFINITION_SHAPE('Placement','Placement of an item',
  #4823);
#4823 = NEXT_ASSEMBLY_USAGE_OCCURRENCE('15','J3','',#5,#4804,$);
#4824 = PRODUCT_RELATED_PRODUCT_CATEGORY('part',$,(#4806));
#4825 = SHAPE_DEFINITION_REPRESENTATION(#4826,#4832);
#4826 = PRODUCT_DEFINITION_SHAPE('','',#4827);
#4827 = PRODUCT_DEFINITION('design','',#4828,#4831);
#4828 = PRODUCT_DEFINITION_FORMATION('','',#4829);
#4829 = PRODUCT('PinHeader_1x02_P254mm_Vertical',
  'PinHeader_1x02_P254mm_Vertical','',(#4830));
#4830 = PRODUCT_CONTEXT('',#2,'mechanical');
#4831 = PRODUCT_DEFINITION_CONTEXT('part definition',#2,'design');
#4832 = ADVANCED_BREP_SHAPE_REPRESENTATION('',(#11,#4833),#6265);
#4833 = MANIFOLD_SOLID_BREP('',#4834);
#4834 = CLOSED_SHELL('',(#4835,#4875,#4906,#4937,#5102,#5267,#5284,#5301
    ,#5318,#5335,#5352,#5369,#5386,#5403,#5420,#5437,#5449,#5480,#5504,
    #5528,#5545,#5576,#5600,#5624,#5641,#5672,#5696,#5720,#5737,#5768,
    #5792,#5816,#5833,#5864,#5888,#5912,#5929,#5960,#5984,#6008,#6025,
    #6056,#6080,#6104,#6121,#6152,#6176,#6200,#6217,#6229,#6241,#6253));
#4835 = ADVANCED_FACE('',(#4836),#4870,.F.);
#4836 = FACE_BOUND('',#4837,.F.);
#4837 = EDGE_LOOP('',(#4838,#4848,#4856,#4864));
#4838 = ORIENTED_EDGE('',*,*,#4839,.T.);
#4839 = EDGE_CURVE('',#4840,#4842,#4844,.T.);
#4840 = VERTEX_POINT('',#4841);
#4841 = CARTESIAN_POINT('',(-1.016,1.27,0.));
#4842 = VERTEX_POINT('',#4843);
#4843 = CARTESIAN_POINT('',(-1.016,1.27,2.54));
#4844 = LINE('',#4845,#4846);
#4845 = CARTESIAN_POINT('',(-1.016,1.27,0.));
#4846 = VECTOR('',#4847,1.);
#4847 = DIRECTION('',(0.,0.,1.));
#4848 = ORIENTED_EDGE('',*,*,#4849,.T.);
#4849 = EDGE_CURVE('',#4842,#4850,#4852,.T.);
#4850 = VERTEX_POINT('',#4851);
#4851 = CARTESIAN_POINT('',(-1.27,1.016,2.54));
#4852 = LINE('',#4853,#4854);
#4853 = CARTESIAN_POINT('',(-1.016,1.27,2.54));
#4854 = VECTOR('',#4855,1.);
#4855 = DIRECTION('',(-0.707106781187,-0.707106781187,0.));
#4856 = ORIENTED_EDGE('',*,*,#4857,.F.);
#4857 = EDGE_CURVE('',#4858,#4850,#4860,.T.);
#4858 = VERTEX_POINT('',#4859);
#4859 = CARTESIAN_POINT('',(-1.27,1.016,0.));
#4860 = LINE('',#4861,#4862);
#4861 = CARTESIAN_POINT('',(-1.27,1.016,0.));
#4862 = VECTOR('',#4863,1.);
#4863 = DIRECTION('',(0.,0.,1.));
#4864 = ORIENTED_EDGE('',*,*,#4865,.F.);
#4865 = EDGE_CURVE('',#4840,#4858,#4866,.T.);
#4866 = LINE('',#4867,#4868);
#4867 = CARTESIAN_POINT('',(-1.016,1.27,0.));
#4868 = VECTOR('',#4869,1.);
#4869 = DIRECTION('',(-0.707106781187,-0.707106781187,0.));
#4870 = PLANE('',#4871);
#4871 = AXIS2_PLACEMENT_3D('',#4872,#4873,#4874);
#4872 = CARTESIAN_POINT('',(-1.016,1.27,0.));
#4873 = DIRECTION('',(0.707106781187,-0.707106781187,0.));
#4874 = DIRECTION('',(-0.707106781187,-0.707106781187,0.));
#4875 = ADVANCED_FACE('',(#4876),#4901,.F.);
#4876 = FACE_BOUND('',#4877,.F.);
#4877 = EDGE_LOOP('',(#4878,#4888,#4894,#4895));
#4878 = ORIENTED_EDGE('',*,*,#4879,.T.);
#4879 = EDGE_CURVE('',#4880,#4882,#4884,.T.);
#4880 = VERTEX_POINT('',#4881);
#4881 = CARTESIAN_POINT('',(1.016,1.27,0.));
#4882 = VERTEX_POINT('',#4883);
#4883 = CARTESIAN_POINT('',(1.016,1.27,2.54));
#4884 = LINE('',#4885,#4886);
#4885 = CARTESIAN_POINT('',(1.016,1.27,0.));
#4886 = VECTOR('',#4887,1.);
#4887 = DIRECTION('',(0.,0.,1.));
#4888 = ORIENTED_EDGE('',*,*,#4889,.T.);
#4889 = EDGE_CURVE('',#4882,#4842,#4890,.T.);
#4890 = LINE('',#4891,#4892);
#4891 = CARTESIAN_POINT('',(1.016,1.27,2.54));
#4892 = VECTOR('',#4893,1.);
#4893 = DIRECTION('',(-1.,0.,0.));
#4894 = ORIENTED_EDGE('',*,*,#4839,.F.);
#4895 = ORIENTED_EDGE('',*,*,#4896,.F.);
#4896 = EDGE_CURVE('',#4880,#4840,#4897,.T.);
#4897 = LINE('',#4898,#4899);
#4898 = CARTESIAN_POINT('',(1.016,1.27,0.));
#4899 = VECTOR('',#4900,1.);
#4900 = DIRECTION('',(-1.,0.,0.));
#4901 = PLANE('',#4902);
#4902 = AXIS2_PLACEMENT_3D('',#4903,#4904,#4905);
#4903 = CARTESIAN_POINT('',(1.016,1.27,0.));
#4904 = DIRECTION('',(0.,-1.,0.));
#4905 = DIRECTION('',(-1.,0.,0.));
#4906 = ADVANCED_FACE('',(#4907),#4932,.F.);
#4907 = FACE_BOUND('',#4908,.F.);
#4908 = EDGE_LOOP('',(#4909,#4910,#4918,#4926));
#4909 = ORIENTED_EDGE('',*,*,#4857,.T.);
#4910 = ORIENTED_EDGE('',*,*,#4911,.T.);
#4911 = EDGE_CURVE('',#4850,#4912,#4914,.T.);
#4912 = VERTEX_POINT('',#4913);
#4913 = CARTESIAN_POINT('',(-1.27,-1.016,2.54));
#4914 = LINE('',#4915,#4916);
#4915 = CARTESIAN_POINT('',(-1.27,1.016,2.54));
#4916 = VECTOR('',#4917,1.);
#4917 = DIRECTION('',(0.,-1.,0.));
#4918 = ORIENTED_EDGE('',*,*,#4919,.F.);
#4919 = EDGE_CURVE('',#4920,#4912,#4922,.T.);
#4920 = VERTEX_POINT('',#4921);
#4921 = CARTESIAN_POINT('',(-1.27,-1.016,0.));
#4922 = LINE('',#4923,#4924);
#4923 = CARTESIAN_POINT('',(-1.27,-1.016,0.));
#4924 = VECTOR('',#4925,1.);
#4925 = DIRECTION('',(0.,0.,1.));
#4926 = ORIENTED_EDGE('',*,*,#4927,.F.);
#4927 = EDGE_CURVE('',#4858,#4920,#4928,.T.);
#4928 = LINE('',#4929,#4930);
#4929 = CARTESIAN_POINT('',(-1.27,1.016,0.));
#4930 = VECTOR('',#4931,1.);
#4931 = DIRECTION('',(0.,-1.,0.));
#4932 = PLANE('',#4933);
#4933 = AXIS2_PLACEMENT_3D('',#4934,#4935,#4936);
#4934 = CARTESIAN_POINT('',(-1.27,1.016,0.));
#4935 = DIRECTION('',(1.,0.,0.));
#4936 = DIRECTION('',(0.,-1.,0.));
#4937 = ADVANCED_FACE('',(#4938,#5029,#5063),#5097,.F.);
#4938 = FACE_BOUND('',#4939,.F.);
#4939 = EDGE_LOOP('',(#4940,#4941,#4942,#4950,#4958,#4966,#4974,#4982,
    #4990,#4998,#5006,#5014,#5022,#5028));
#4940 = ORIENTED_EDGE('',*,*,#4865,.T.);
#4941 = ORIENTED_EDGE('',*,*,#4927,.T.);
#4942 = ORIENTED_EDGE('',*,*,#4943,.T.);
#4943 = EDGE_CURVE('',#4920,#4944,#4946,.T.);
#4944 = VERTEX_POINT('',#4945);
#4945 = CARTESIAN_POINT('',(-1.016,-1.27,0.));
#4946 = LINE('',#4947,#4948);
#4947 = CARTESIAN_POINT('',(-1.27,-1.016,0.));
#4948 = VECTOR('',#4949,1.);
#4949 = DIRECTION('',(0.707106781187,-0.707106781187,0.));
#4950 = ORIENTED_EDGE('',*,*,#4951,.T.);
#4951 = EDGE_CURVE('',#4944,#4952,#4954,.T.);
#4952 = VERTEX_POINT('',#4953);
#4953 = CARTESIAN_POINT('',(-1.27,-1.524,0.));
#4954 = LINE('',#4955,#4956);
#4955 = CARTESIAN_POINT('',(-1.016,-1.27,0.));
#4956 = VECTOR('',#4957,1.);
#4957 = DIRECTION('',(-0.707106781187,-0.707106781187,0.));
#4958 = ORIENTED_EDGE('',*,*,#4959,.T.);
#4959 = EDGE_CURVE('',#4952,#4960,#4962,.T.);
#4960 = VERTEX_POINT('',#4961);
#4961 = CARTESIAN_POINT('',(-1.27,-3.556,0.));
#4962 = LINE('',#4963,#4964);
#4963 = CARTESIAN_POINT('',(-1.27,-1.524,0.));
#4964 = VECTOR('',#4965,1.);
#4965 = DIRECTION('',(0.,-1.,0.));
#4966 = ORIENTED_EDGE('',*,*,#4967,.T.);
#4967 = EDGE_CURVE('',#4960,#4968,#4970,.T.);
#4968 = VERTEX_POINT('',#4969);
#4969 = CARTESIAN_POINT('',(-1.016,-3.81,0.));
#4970 = LINE('',#4971,#4972);
#4971 = CARTESIAN_POINT('',(-1.27,-3.556,0.));
#4972 = VECTOR('',#4973,1.);
#4973 = DIRECTION('',(0.707106781187,-0.707106781187,0.));
#4974 = ORIENTED_EDGE('',*,*,#4975,.T.);
#4975 = EDGE_CURVE('',#4968,#4976,#4978,.T.);
#4976 = VERTEX_POINT('',#4977);
#4977 = CARTESIAN_POINT('',(1.016,-3.81,0.));
#4978 = LINE('',#4979,#4980);
#4979 = CARTESIAN_POINT('',(-1.016,-3.81,0.));
#4980 = VECTOR('',#4981,1.);
#4981 = DIRECTION('',(1.,0.,0.));
#4982 = ORIENTED_EDGE('',*,*,#4983,.T.);
#4983 = EDGE_CURVE('',#4976,#4984,#4986,.T.);
#4984 = VERTEX_POINT('',#4985);
#4985 = CARTESIAN_POINT('',(1.27,-3.556,0.));
#4986 = LINE('',#4987,#4988);
#4987 = CARTESIAN_POINT('',(1.016,-3.81,0.));
#4988 = VECTOR('',#4989,1.);
#4989 = DIRECTION('',(0.707106781187,0.707106781187,0.));
#4990 = ORIENTED_EDGE('',*,*,#4991,.T.);
#4991 = EDGE_CURVE('',#4984,#4992,#4994,.T.);
#4992 = VERTEX_POINT('',#4993);
#4993 = CARTESIAN_POINT('',(1.27,-1.524,0.));
#4994 = LINE('',#4995,#4996);
#4995 = CARTESIAN_POINT('',(1.27,-3.556,0.));
#4996 = VECTOR('',#4997,1.);
#4997 = DIRECTION('',(0.,1.,0.));
#4998 = ORIENTED_EDGE('',*,*,#4999,.T.);
#4999 = EDGE_CURVE('',#4992,#5000,#5002,.T.);
#5000 = VERTEX_POINT('',#5001);
#5001 = CARTESIAN_POINT('',(1.016,-1.27,0.));
#5002 = LINE('',#5003,#5004);
#5003 = CARTESIAN_POINT('',(1.27,-1.524,0.));
#5004 = VECTOR('',#5005,1.);
#5005 = DIRECTION('',(-0.707106781187,0.707106781187,0.));
#5006 = ORIENTED_EDGE('',*,*,#5007,.T.);
#5007 = EDGE_CURVE('',#5000,#5008,#5010,.T.);
#5008 = VERTEX_POINT('',#5009);
#5009 = CARTESIAN_POINT('',(1.27,-1.016,0.));
#5010 = LINE('',#5011,#5012);
#5011 = CARTESIAN_POINT('',(1.016,-1.27,0.));
#5012 = VECTOR('',#5013,1.);
#5013 = DIRECTION('',(0.707106781187,0.707106781187,0.));
#5014 = ORIENTED_EDGE('',*,*,#5015,.T.);
#5015 = EDGE_CURVE('',#5008,#5016,#5018,.T.);
#5016 = VERTEX_POINT('',#5017);
#5017 = CARTESIAN_POINT('',(1.27,1.016,0.));
#5018 = LINE('',#5019,#5020);
#5019 = CARTESIAN_POINT('',(1.27,-1.016,0.));
#5020 = VECTOR('',#5021,1.);
#5021 = DIRECTION('',(0.,1.,0.));
#5022 = ORIENTED_EDGE('',*,*,#5023,.T.);
#5023 = EDGE_CURVE('',#5016,#4880,#5024,.T.);
#5024 = LINE('',#5025,#5026);
#5025 = CARTESIAN_POINT('',(1.27,1.016,0.));
#5026 = VECTOR('',#5027,1.);
#5027 = DIRECTION('',(-0.707106781187,0.707106781187,0.));
#5028 = ORIENTED_EDGE('',*,*,#4896,.T.);
#5029 = FACE_BOUND('',#5030,.F.);
#5030 = EDGE_LOOP('',(#5031,#5041,#5049,#5057));
#5031 = ORIENTED_EDGE('',*,*,#5032,.T.);
#5032 = EDGE_CURVE('',#5033,#5035,#5037,.T.);
#5033 = VERTEX_POINT('',#5034);
#5034 = CARTESIAN_POINT('',(0.32,-0.32,0.));
#5035 = VERTEX_POINT('',#5036);
#5036 = CARTESIAN_POINT('',(-0.32,-0.32,0.));
#5037 = LINE('',#5038,#5039);
#5038 = CARTESIAN_POINT('',(-0.16,-0.32,0.));
#5039 = VECTOR('',#5040,1.);
#5040 = DIRECTION('',(-1.,0.,0.));
#5041 = ORIENTED_EDGE('',*,*,#5042,.T.);
#5042 = EDGE_CURVE('',#5035,#5043,#5045,.T.);
#5043 = VERTEX_POINT('',#5044);
#5044 = CARTESIAN_POINT('',(-0.32,0.32,0.));
#5045 = LINE('',#5046,#5047);
#5046 = CARTESIAN_POINT('',(-0.32,-0.795,0.));
#5047 = VECTOR('',#5048,1.);
#5048 = DIRECTION('',(0.,1.,0.));
#5049 = ORIENTED_EDGE('',*,*,#5050,.F.);
#5050 = EDGE_CURVE('',#5051,#5043,#5053,.T.);
#5051 = VERTEX_POINT('',#5052);
#5052 = CARTESIAN_POINT('',(0.32,0.32,0.));
#5053 = LINE('',#5054,#5055);
#5054 = CARTESIAN_POINT('',(-0.16,0.32,0.));
#5055 = VECTOR('',#5056,1.);
#5056 = DIRECTION('',(-1.,0.,0.));
#5057 = ORIENTED_EDGE('',*,*,#5058,.F.);
#5058 = EDGE_CURVE('',#5033,#5051,#5059,.T.);
#5059 = LINE('',#5060,#5061);
#5060 = CARTESIAN_POINT('',(0.32,-0.795,0.));
#5061 = VECTOR('',#5062,1.);
#5062 = DIRECTION('',(0.,1.,0.));
#5063 = FACE_BOUND('',#5064,.F.);
#5064 = EDGE_LOOP('',(#5065,#5075,#5083,#5091));
#5065 = ORIENTED_EDGE('',*,*,#5066,.T.);
#5066 = EDGE_CURVE('',#5067,#5069,#5071,.T.);
#5067 = VERTEX_POINT('',#5068);
#5068 = CARTESIAN_POINT('',(0.32,-2.86,0.));
#5069 = VERTEX_POINT('',#5070);
#5070 = CARTESIAN_POINT('',(-0.32,-2.86,0.));
#5071 = LINE('',#5072,#5073);
#5072 = CARTESIAN_POINT('',(-0.16,-2.86,0.));
#5073 = VECTOR('',#5074,1.);
#5074 = DIRECTION('',(-1.,0.,0.));
#5075 = ORIENTED_EDGE('',*,*,#5076,.T.);
#5076 = EDGE_CURVE('',#5069,#5077,#5079,.T.);
#5077 = VERTEX_POINT('',#5078);
#5078 = CARTESIAN_POINT('',(-0.32,-2.22,0.));
#5079 = LINE('',#5080,#5081);
#5080 = CARTESIAN_POINT('',(-0.32,-2.065,0.));
#5081 = VECTOR('',#5082,1.);
#5082 = DIRECTION('',(0.,1.,0.));
#5083 = ORIENTED_EDGE('',*,*,#5084,.F.);
#5084 = EDGE_CURVE('',#5085,#5077,#5087,.T.);
#5085 = VERTEX_POINT('',#5086);
#5086 = CARTESIAN_POINT('',(0.32,-2.22,0.));
#5087 = LINE('',#5088,#5089);
#5088 = CARTESIAN_POINT('',(-0.16,-2.22,0.));
#5089 = VECTOR('',#5090,1.);
#5090 = DIRECTION('',(-1.,0.,0.));
#5091 = ORIENTED_EDGE('',*,*,#5092,.F.);
#5092 = EDGE_CURVE('',#5067,#5085,#5093,.T.);
#5093 = LINE('',#5094,#5095);
#5094 = CARTESIAN_POINT('',(0.32,-2.065,0.));
#5095 = VECTOR('',#5096,1.);
#5096 = DIRECTION('',(0.,1.,0.));
#5097 = PLANE('',#5098);
#5098 = AXIS2_PLACEMENT_3D('',#5099,#5100,#5101);
#5099 = CARTESIAN_POINT('',(1.473843703412E-17,-1.27,0.));
#5100 = DIRECTION('',(0.,0.,1.));
#5101 = DIRECTION('',(1.,0.,-0.));
#5102 = ADVANCED_FACE('',(#5103,#5194,#5228),#5262,.T.);
#5103 = FACE_BOUND('',#5104,.T.);
#5104 = EDGE_LOOP('',(#5105,#5106,#5107,#5115,#5123,#5131,#5139,#5147,
    #5155,#5163,#5171,#5179,#5187,#5193));
#5105 = ORIENTED_EDGE('',*,*,#4849,.T.);
#5106 = ORIENTED_EDGE('',*,*,#4911,.T.);
#5107 = ORIENTED_EDGE('',*,*,#5108,.T.);
#5108 = EDGE_CURVE('',#4912,#5109,#5111,.T.);
#5109 = VERTEX_POINT('',#5110);
#5110 = CARTESIAN_POINT('',(-1.016,-1.27,2.54));
#5111 = LINE('',#5112,#5113);
#5112 = CARTESIAN_POINT('',(-1.27,-1.016,2.54));
#5113 = VECTOR('',#5114,1.);
#5114 = DIRECTION('',(0.707106781187,-0.707106781187,0.));
#5115 = ORIENTED_EDGE('',*,*,#5116,.T.);
#5116 = EDGE_CURVE('',#5109,#5117,#5119,.T.);
#5117 = VERTEX_POINT('',#5118);
#5118 = CARTESIAN_POINT('',(-1.27,-1.524,2.54));
#5119 = LINE('',#5120,#5121);
#5120 = CARTESIAN_POINT('',(-1.016,-1.27,2.54));
#5121 = VECTOR('',#5122,1.);
#5122 = DIRECTION('',(-0.707106781187,-0.707106781187,0.));
#5123 = ORIENTED_EDGE('',*,*,#5124,.T.);
#5124 = EDGE_CURVE('',#5117,#5125,#5127,.T.);
#5125 = VERTEX_POINT('',#5126);
#5126 = CARTESIAN_POINT('',(-1.27,-3.556,2.54));
#5127 = LINE('',#5128,#5129);
#5128 = CARTESIAN_POINT('',(-1.27,-1.524,2.54));
#5129 = VECTOR('',#5130,1.);
#5130 = DIRECTION('',(0.,-1.,0.));
#5131 = ORIENTED_EDGE('',*,*,#5132,.T.);
#5132 = EDGE_CURVE('',#5125,#5133,#5135,.T.);
#5133 = VERTEX_POINT('',#5134);
#5134 = CARTESIAN_POINT('',(-1.016,-3.81,2.54));
#5135 = LINE('',#5136,#5137);
#5136 = CARTESIAN_POINT('',(-1.27,-3.556,2.54));
#5137 = VECTOR('',#5138,1.);
#5138 = DIRECTION('',(0.707106781187,-0.707106781187,0.));
#5139 = ORIENTED_EDGE('',*,*,#5140,.T.);
#5140 = EDGE_CURVE('',#5133,#5141,#5143,.T.);
#5141 = VERTEX_POINT('',#5142);
#5142 = CARTESIAN_POINT('',(1.016,-3.81,2.54));
#5143 = LINE('',#5144,#5145);
#5144 = CARTESIAN_POINT('',(-1.016,-3.81,2.54));
#5145 = VECTOR('',#5146,1.);
#5146 = DIRECTION('',(1.,0.,0.));
#5147 = ORIENTED_EDGE('',*,*,#5148,.T.);
#5148 = EDGE_CURVE('',#5141,#5149,#5151,.T.);
#5149 = VERTEX_POINT('',#5150);
#5150 = CARTESIAN_POINT('',(1.27,-3.556,2.54));
#5151 = LINE('',#5152,#5153);
#5152 = CARTESIAN_POINT('',(1.016,-3.81,2.54));
#5153 = VECTOR('',#5154,1.);
#5154 = DIRECTION('',(0.707106781187,0.707106781187,0.));
#5155 = ORIENTED_EDGE('',*,*,#5156,.T.);
#5156 = EDGE_CURVE('',#5149,#5157,#5159,.T.);
#5157 = VERTEX_POINT('',#5158);
#5158 = CARTESIAN_POINT('',(1.27,-1.524,2.54));
#5159 = LINE('',#5160,#5161);
#5160 = CARTESIAN_POINT('',(1.27,-3.556,2.54));
#5161 = VECTOR('',#5162,1.);
#5162 = DIRECTION('',(0.,1.,0.));
#5163 = ORIENTED_EDGE('',*,*,#5164,.T.);
#5164 = EDGE_CURVE('',#5157,#5165,#5167,.T.);
#5165 = VERTEX_POINT('',#5166);
#5166 = CARTESIAN_POINT('',(1.016,-1.27,2.54));
#5167 = LINE('',#5168,#5169);
#5168 = CARTESIAN_POINT('',(1.27,-1.524,2.54));
#5169 = VECTOR('',#5170,1.);
#5170 = DIRECTION('',(-0.707106781187,0.707106781187,0.));
#5171 = ORIENTED_EDGE('',*,*,#5172,.T.);
#5172 = EDGE_CURVE('',#5165,#5173,#5175,.T.);
#5173 = VERTEX_POINT('',#5174);
#5174 = CARTESIAN_POINT('',(1.27,-1.016,2.54));
#5175 = LINE('',#5176,#5177);
#5176 = CARTESIAN_POINT('',(1.016,-1.27,2.54));
#5177 = VECTOR('',#5178,1.);
#5178 = DIRECTION('',(0.707106781187,0.707106781187,0.));
#5179 = ORIENTED_EDGE('',*,*,#5180,.T.);
#5180 = EDGE_CURVE('',#5173,#5181,#5183,.T.);
#5181 = VERTEX_POINT('',#5182);
#5182 = CARTESIAN_POINT('',(1.27,1.016,2.54));
#5183 = LINE('',#5184,#5185);
#5184 = CARTESIAN_POINT('',(1.27,-1.016,2.54));
#5185 = VECTOR('',#5186,1.);
#5186 = DIRECTION('',(0.,1.,0.));
#5187 = ORIENTED_EDGE('',*,*,#5188,.T.);
#5188 = EDGE_CURVE('',#5181,#4882,#5189,.T.);
#5189 = LINE('',#5190,#5191);
#5190 = CARTESIAN_POINT('',(1.27,1.016,2.54));
#5191 = VECTOR('',#5192,1.);
#5192 = DIRECTION('',(-0.707106781187,0.707106781187,0.));
#5193 = ORIENTED_EDGE('',*,*,#4889,.T.);
#5194 = FACE_BOUND('',#5195,.T.);
#5195 = EDGE_LOOP('',(#5196,#5206,#5214,#5222));
#5196 = ORIENTED_EDGE('',*,*,#5197,.T.);
#5197 = EDGE_CURVE('',#5198,#5200,#5202,.T.);
#5198 = VERTEX_POINT('',#5199);
#5199 = CARTESIAN_POINT('',(0.32,-0.32,2.54));
#5200 = VERTEX_POINT('',#5201);
#5201 = CARTESIAN_POINT('',(-0.32,-0.32,2.54));
#5202 = LINE('',#5203,#5204);
#5203 = CARTESIAN_POINT('',(-0.16,-0.32,2.54));
#5204 = VECTOR('',#5205,1.);
#5205 = DIRECTION('',(-1.,0.,0.));
#5206 = ORIENTED_EDGE('',*,*,#5207,.T.);
#5207 = EDGE_CURVE('',#5200,#5208,#5210,.T.);
#5208 = VERTEX_POINT('',#5209);
#5209 = CARTESIAN_POINT('',(-0.32,0.32,2.54));
#5210 = LINE('',#5211,#5212);
#5211 = CARTESIAN_POINT('',(-0.32,-0.795,2.54));
#5212 = VECTOR('',#5213,1.);
#5213 = DIRECTION('',(0.,1.,0.));
#5214 = ORIENTED_EDGE('',*,*,#5215,.F.);
#5215 = EDGE_CURVE('',#5216,#5208,#5218,.T.);
#5216 = VERTEX_POINT('',#5217);
#5217 = CARTESIAN_POINT('',(0.32,0.32,2.54));
#5218 = LINE('',#5219,#5220);
#5219 = CARTESIAN_POINT('',(-0.16,0.32,2.54));
#5220 = VECTOR('',#5221,1.);
#5221 = DIRECTION('',(-1.,0.,0.));
#5222 = ORIENTED_EDGE('',*,*,#5223,.F.);
#5223 = EDGE_CURVE('',#5198,#5216,#5224,.T.);
#5224 = LINE('',#5225,#5226);
#5225 = CARTESIAN_POINT('',(0.32,-0.795,2.54));
#5226 = VECTOR('',#5227,1.);
#5227 = DIRECTION('',(0.,1.,0.));
#5228 = FACE_BOUND('',#5229,.T.);
#5229 = EDGE_LOOP('',(#5230,#5240,#5248,#5256));
#5230 = ORIENTED_EDGE('',*,*,#5231,.T.);
#5231 = EDGE_CURVE('',#5232,#5234,#5236,.T.);
#5232 = VERTEX_POINT('',#5233);
#5233 = CARTESIAN_POINT('',(0.32,-2.86,2.54));
#5234 = VERTEX_POINT('',#5235);
#5235 = CARTESIAN_POINT('',(-0.32,-2.86,2.54));
#5236 = LINE('',#5237,#5238);
#5237 = CARTESIAN_POINT('',(-0.16,-2.86,2.54));
#5238 = VECTOR('',#5239,1.);
#5239 = DIRECTION('',(-1.,0.,0.));
#5240 = ORIENTED_EDGE('',*,*,#5241,.T.);
#5241 = EDGE_CURVE('',#5234,#5242,#5244,.T.);
#5242 = VERTEX_POINT('',#5243);
#5243 = CARTESIAN_POINT('',(-0.32,-2.22,2.54));
#5244 = LINE('',#5245,#5246);
#5245 = CARTESIAN_POINT('',(-0.32,-2.065,2.54));
#5246 = VECTOR('',#5247,1.);
#5247 = DIRECTION('',(0.,1.,0.));
#5248 = ORIENTED_EDGE('',*,*,#5249,.F.);
#5249 = EDGE_CURVE('',#5250,#5242,#5252,.T.);
#5250 = VERTEX_POINT('',#5251);
#5251 = CARTESIAN_POINT('',(0.32,-2.22,2.54));
#5252 = LINE('',#5253,#5254);
#5253 = CARTESIAN_POINT('',(-0.16,-2.22,2.54));
#5254 = VECTOR('',#5255,1.);
#5255 = DIRECTION('',(-1.,0.,0.));
#5256 = ORIENTED_EDGE('',*,*,#5257,.F.);
#5257 = EDGE_CURVE('',#5232,#5250,#5258,.T.);
#5258 = LINE('',#5259,#5260);
#5259 = CARTESIAN_POINT('',(0.32,-2.065,2.54));
#5260 = VECTOR('',#5261,1.);
#5261 = DIRECTION('',(0.,1.,0.));
#5262 = PLANE('',#5263);
#5263 = AXIS2_PLACEMENT_3D('',#5264,#5265,#5266);
#5264 = CARTESIAN_POINT('',(1.473843703412E-17,-1.27,2.54));
#5265 = DIRECTION('',(0.,0.,1.));
#5266 = DIRECTION('',(1.,0.,-0.));
#5267 = ADVANCED_FACE('',(#5268),#5279,.F.);
#5268 = FACE_BOUND('',#5269,.F.);
#5269 = EDGE_LOOP('',(#5270,#5276,#5277,#5278));
#5270 = ORIENTED_EDGE('',*,*,#5271,.T.);
#5271 = EDGE_CURVE('',#5016,#5181,#5272,.T.);
#5272 = LINE('',#5273,#5274);
#5273 = CARTESIAN_POINT('',(1.27,1.016,0.));
#5274 = VECTOR('',#5275,1.);
#5275 = DIRECTION('',(0.,0.,1.));
#5276 = ORIENTED_EDGE('',*,*,#5188,.T.);
#5277 = ORIENTED_EDGE('',*,*,#4879,.F.);
#5278 = ORIENTED_EDGE('',*,*,#5023,.F.);
#5279 = PLANE('',#5280);
#5280 = AXIS2_PLACEMENT_3D('',#5281,#5282,#5283);
#5281 = CARTESIAN_POINT('',(1.27,1.016,0.));
#5282 = DIRECTION('',(-0.707106781187,-0.707106781187,0.));
#5283 = DIRECTION('',(-0.707106781187,0.707106781187,0.));
#5284 = ADVANCED_FACE('',(#5285),#5296,.F.);
#5285 = FACE_BOUND('',#5286,.F.);
#5286 = EDGE_LOOP('',(#5287,#5288,#5289,#5295));
#5287 = ORIENTED_EDGE('',*,*,#4919,.T.);
#5288 = ORIENTED_EDGE('',*,*,#5108,.T.);
#5289 = ORIENTED_EDGE('',*,*,#5290,.F.);
#5290 = EDGE_CURVE('',#4944,#5109,#5291,.T.);
#5291 = LINE('',#5292,#5293);
#5292 = CARTESIAN_POINT('',(-1.016,-1.27,0.));
#5293 = VECTOR('',#5294,1.);
#5294 = DIRECTION('',(0.,0.,1.));
#5295 = ORIENTED_EDGE('',*,*,#4943,.F.);
#5296 = PLANE('',#5297);
#5297 = AXIS2_PLACEMENT_3D('',#5298,#5299,#5300);
#5298 = CARTESIAN_POINT('',(-1.27,-1.016,0.));
#5299 = DIRECTION('',(0.707106781187,0.707106781187,0.));
#5300 = DIRECTION('',(0.707106781187,-0.707106781187,0.));
#5301 = ADVANCED_FACE('',(#5302),#5313,.F.);
#5302 = FACE_BOUND('',#5303,.F.);
#5303 = EDGE_LOOP('',(#5304,#5310,#5311,#5312));
#5304 = ORIENTED_EDGE('',*,*,#5305,.T.);
#5305 = EDGE_CURVE('',#5008,#5173,#5306,.T.);
#5306 = LINE('',#5307,#5308);
#5307 = CARTESIAN_POINT('',(1.27,-1.016,0.));
#5308 = VECTOR('',#5309,1.);
#5309 = DIRECTION('',(0.,0.,1.));
#5310 = ORIENTED_EDGE('',*,*,#5180,.T.);
#5311 = ORIENTED_EDGE('',*,*,#5271,.F.);
#5312 = ORIENTED_EDGE('',*,*,#5015,.F.);
#5313 = PLANE('',#5314);
#5314 = AXIS2_PLACEMENT_3D('',#5315,#5316,#5317);
#5315 = CARTESIAN_POINT('',(1.27,-1.016,0.));
#5316 = DIRECTION('',(-1.,0.,0.));
#5317 = DIRECTION('',(0.,1.,0.));
#5318 = ADVANCED_FACE('',(#5319),#5330,.F.);
#5319 = FACE_BOUND('',#5320,.F.);
#5320 = EDGE_LOOP('',(#5321,#5322,#5323,#5329));
#5321 = ORIENTED_EDGE('',*,*,#5290,.T.);
#5322 = ORIENTED_EDGE('',*,*,#5116,.T.);
#5323 = ORIENTED_EDGE('',*,*,#5324,.F.);
#5324 = EDGE_CURVE('',#4952,#5117,#5325,.T.);
#5325 = LINE('',#5326,#5327);
#5326 = CARTESIAN_POINT('',(-1.27,-1.524,0.));
#5327 = VECTOR('',#5328,1.);
#5328 = DIRECTION('',(0.,0.,1.));
#5329 = ORIENTED_EDGE('',*,*,#4951,.F.);
#5330 = PLANE('',#5331);
#5331 = AXIS2_PLACEMENT_3D('',#5332,#5333,#5334);
#5332 = CARTESIAN_POINT('',(-1.016,-1.27,0.));
#5333 = DIRECTION('',(0.707106781187,-0.707106781187,0.));
#5334 = DIRECTION('',(-0.707106781187,-0.707106781187,0.));
#5335 = ADVANCED_FACE('',(#5336),#5347,.F.);
#5336 = FACE_BOUND('',#5337,.F.);
#5337 = EDGE_LOOP('',(#5338,#5344,#5345,#5346));
#5338 = ORIENTED_EDGE('',*,*,#5339,.T.);
#5339 = EDGE_CURVE('',#5000,#5165,#5340,.T.);
#5340 = LINE('',#5341,#5342);
#5341 = CARTESIAN_POINT('',(1.016,-1.27,0.));
#5342 = VECTOR('',#5343,1.);
#5343 = DIRECTION('',(0.,0.,1.));
#5344 = ORIENTED_EDGE('',*,*,#5172,.T.);
#5345 = ORIENTED_EDGE('',*,*,#5305,.F.);
#5346 = ORIENTED_EDGE('',*,*,#5007,.F.);
#5347 = PLANE('',#5348);
#5348 = AXIS2_PLACEMENT_3D('',#5349,#5350,#5351);
#5349 = CARTESIAN_POINT('',(1.016,-1.27,0.));
#5350 = DIRECTION('',(-0.707106781187,0.707106781187,0.));
#5351 = DIRECTION('',(0.707106781187,0.707106781187,0.));
#5352 = ADVANCED_FACE('',(#5353),#5364,.F.);
#5353 = FACE_BOUND('',#5354,.F.);
#5354 = EDGE_LOOP('',(#5355,#5356,#5357,#5363));
#5355 = ORIENTED_EDGE('',*,*,#5324,.T.);
#5356 = ORIENTED_EDGE('',*,*,#5124,.T.);
#5357 = ORIENTED_EDGE('',*,*,#5358,.F.);
#5358 = EDGE_CURVE('',#4960,#5125,#5359,.T.);
#5359 = LINE('',#5360,#5361);
#5360 = CARTESIAN_POINT('',(-1.27,-3.556,0.));
#5361 = VECTOR('',#5362,1.);
#5362 = DIRECTION('',(0.,0.,1.));
#5363 = ORIENTED_EDGE('',*,*,#4959,.F.);
#5364 = PLANE('',#5365);
#5365 = AXIS2_PLACEMENT_3D('',#5366,#5367,#5368);
#5366 = CARTESIAN_POINT('',(-1.27,-1.524,0.));
#5367 = DIRECTION('',(1.,0.,0.));
#5368 = DIRECTION('',(0.,-1.,0.));
#5369 = ADVANCED_FACE('',(#5370),#5381,.F.);
#5370 = FACE_BOUND('',#5371,.F.);
#5371 = EDGE_LOOP('',(#5372,#5378,#5379,#5380));
#5372 = ORIENTED_EDGE('',*,*,#5373,.T.);
#5373 = EDGE_CURVE('',#4992,#5157,#5374,.T.);
#5374 = LINE('',#5375,#5376);
#5375 = CARTESIAN_POINT('',(1.27,-1.524,0.));
#5376 = VECTOR('',#5377,1.);
#5377 = DIRECTION('',(0.,0.,1.));
#5378 = ORIENTED_EDGE('',*,*,#5164,.T.);
#5379 = ORIENTED_EDGE('',*,*,#5339,.F.);
#5380 = ORIENTED_EDGE('',*,*,#4999,.F.);
#5381 = PLANE('',#5382);
#5382 = AXIS2_PLACEMENT_3D('',#5383,#5384,#5385);
#5383 = CARTESIAN_POINT('',(1.27,-1.524,0.));
#5384 = DIRECTION('',(-0.707106781187,-0.707106781187,0.));
#5385 = DIRECTION('',(-0.707106781187,0.707106781187,0.));
#5386 = ADVANCED_FACE('',(#5387),#5398,.F.);
#5387 = FACE_BOUND('',#5388,.F.);
#5388 = EDGE_LOOP('',(#5389,#5390,#5391,#5397));
#5389 = ORIENTED_EDGE('',*,*,#5358,.T.);
#5390 = ORIENTED_EDGE('',*,*,#5132,.T.);
#5391 = ORIENTED_EDGE('',*,*,#5392,.F.);
#5392 = EDGE_CURVE('',#4968,#5133,#5393,.T.);
#5393 = LINE('',#5394,#5395);
#5394 = CARTESIAN_POINT('',(-1.016,-3.81,0.));
#5395 = VECTOR('',#5396,1.);
#5396 = DIRECTION('',(0.,0.,1.));
#5397 = ORIENTED_EDGE('',*,*,#4967,.F.);
#5398 = PLANE('',#5399);
#5399 = AXIS2_PLACEMENT_3D('',#5400,#5401,#5402);
#5400 = CARTESIAN_POINT('',(-1.27,-3.556,0.));
#5401 = DIRECTION('',(0.707106781187,0.707106781187,0.));
#5402 = DIRECTION('',(0.707106781187,-0.707106781187,0.));
#5403 = ADVANCED_FACE('',(#5404),#5415,.F.);
#5404 = FACE_BOUND('',#5405,.F.);
#5405 = EDGE_LOOP('',(#5406,#5412,#5413,#5414));
#5406 = ORIENTED_EDGE('',*,*,#5407,.T.);
#5407 = EDGE_CURVE('',#4984,#5149,#5408,.T.);
#5408 = LINE('',#5409,#5410);
#5409 = CARTESIAN_POINT('',(1.27,-3.556,0.));
#5410 = VECTOR('',#5411,1.);
#5411 = DIRECTION('',(0.,0.,1.));
#5412 = ORIENTED_EDGE('',*,*,#5156,.T.);
#5413 = ORIENTED_EDGE('',*,*,#5373,.F.);
#5414 = ORIENTED_EDGE('',*,*,#4991,.F.);
#5415 = PLANE('',#5416);
#5416 = AXIS2_PLACEMENT_3D('',#5417,#5418,#5419);
#5417 = CARTESIAN_POINT('',(1.27,-3.556,0.));
#5418 = DIRECTION('',(-1.,0.,0.));
#5419 = DIRECTION('',(0.,1.,0.));
#5420 = ADVANCED_FACE('',(#5421),#5432,.F.);
#5421 = FACE_BOUND('',#5422,.F.);
#5422 = EDGE_LOOP('',(#5423,#5424,#5425,#5431));
#5423 = ORIENTED_EDGE('',*,*,#5392,.T.);
#5424 = ORIENTED_EDGE('',*,*,#5140,.T.);
#5425 = ORIENTED_EDGE('',*,*,#5426,.F.);
#5426 = EDGE_CURVE('',#4976,#5141,#5427,.T.);
#5427 = LINE('',#5428,#5429);
#5428 = CARTESIAN_POINT('',(1.016,-3.81,0.));
#5429 = VECTOR('',#5430,1.);
#5430 = DIRECTION('',(0.,0.,1.));
#5431 = ORIENTED_EDGE('',*,*,#4975,.F.);
#5432 = PLANE('',#5433);
#5433 = AXIS2_PLACEMENT_3D('',#5434,#5435,#5436);
#5434 = CARTESIAN_POINT('',(-1.016,-3.81,0.));
#5435 = DIRECTION('',(0.,1.,0.));
#5436 = DIRECTION('',(1.,0.,0.));
#5437 = ADVANCED_FACE('',(#5438),#5444,.F.);
#5438 = FACE_BOUND('',#5439,.F.);
#5439 = EDGE_LOOP('',(#5440,#5441,#5442,#5443));
#5440 = ORIENTED_EDGE('',*,*,#5426,.T.);
#5441 = ORIENTED_EDGE('',*,*,#5148,.T.);
#5442 = ORIENTED_EDGE('',*,*,#5407,.F.);
#5443 = ORIENTED_EDGE('',*,*,#4983,.F.);
#5444 = PLANE('',#5445);
#5445 = AXIS2_PLACEMENT_3D('',#5446,#5447,#5448);
#5446 = CARTESIAN_POINT('',(1.016,-3.81,0.));
#5447 = DIRECTION('',(-0.707106781187,0.707106781187,0.));
#5448 = DIRECTION('',(0.707106781187,0.707106781187,0.));
#5449 = ADVANCED_FACE('',(#5450),#5475,.F.);
#5450 = FACE_BOUND('',#5451,.F.);
#5451 = EDGE_LOOP('',(#5452,#5460,#5468,#5474));
#5452 = ORIENTED_EDGE('',*,*,#5453,.F.);
#5453 = EDGE_CURVE('',#5454,#5033,#5456,.T.);
#5454 = VERTEX_POINT('',#5455);
#5455 = CARTESIAN_POINT('',(0.32,-0.32,-2.84));
#5456 = LINE('',#5457,#5458);
#5457 = CARTESIAN_POINT('',(0.32,-0.32,-3.));
#5458 = VECTOR('',#5459,1.);
#5459 = DIRECTION('',(0.,0.,1.));
#5460 = ORIENTED_EDGE('',*,*,#5461,.F.);
#5461 = EDGE_CURVE('',#5462,#5454,#5464,.T.);
#5462 = VERTEX_POINT('',#5463);
#5463 = CARTESIAN_POINT('',(-0.32,-0.32,-2.84));
#5464 = LINE('',#5465,#5466);
#5465 = CARTESIAN_POINT('',(-0.32,-0.32,-2.84));
#5466 = VECTOR('',#5467,1.);
#5467 = DIRECTION('',(1.,0.,0.));
#5468 = ORIENTED_EDGE('',*,*,#5469,.T.);
#5469 = EDGE_CURVE('',#5462,#5035,#5470,.T.);
#5470 = LINE('',#5471,#5472);
#5471 = CARTESIAN_POINT('',(-0.32,-0.32,-3.));
#5472 = VECTOR('',#5473,1.);
#5473 = DIRECTION('',(0.,0.,1.));
#5474 = ORIENTED_EDGE('',*,*,#5032,.F.);
#5475 = PLANE('',#5476);
#5476 = AXIS2_PLACEMENT_3D('',#5477,#5478,#5479);
#5477 = CARTESIAN_POINT('',(-0.32,-0.32,-3.));
#5478 = DIRECTION('',(0.,1.,0.));
#5479 = DIRECTION('',(0.,-0.,1.));
#5480 = ADVANCED_FACE('',(#5481),#5499,.T.);
#5481 = FACE_BOUND('',#5482,.T.);
#5482 = EDGE_LOOP('',(#5483,#5484,#5492,#5498));
#5483 = ORIENTED_EDGE('',*,*,#5453,.F.);
#5484 = ORIENTED_EDGE('',*,*,#5485,.T.);
#5485 = EDGE_CURVE('',#5454,#5486,#5488,.T.);
#5486 = VERTEX_POINT('',#5487);
#5487 = CARTESIAN_POINT('',(0.32,0.32,-2.84));
#5488 = LINE('',#5489,#5490);
#5489 = CARTESIAN_POINT('',(0.32,-0.32,-2.84));
#5490 = VECTOR('',#5491,1.);
#5491 = DIRECTION('',(0.,1.,0.));
#5492 = ORIENTED_EDGE('',*,*,#5493,.T.);
#5493 = EDGE_CURVE('',#5486,#5051,#5494,.T.);
#5494 = LINE('',#5495,#5496);
#5495 = CARTESIAN_POINT('',(0.32,0.32,-3.));
#5496 = VECTOR('',#5497,1.);
#5497 = DIRECTION('',(0.,0.,1.));
#5498 = ORIENTED_EDGE('',*,*,#5058,.F.);
#5499 = PLANE('',#5500);
#5500 = AXIS2_PLACEMENT_3D('',#5501,#5502,#5503);
#5501 = CARTESIAN_POINT('',(0.32,-0.32,-3.));
#5502 = DIRECTION('',(1.,0.,0.));
#5503 = DIRECTION('',(0.,0.,1.));
#5504 = ADVANCED_FACE('',(#5505),#5523,.T.);
#5505 = FACE_BOUND('',#5506,.T.);
#5506 = EDGE_LOOP('',(#5507,#5508,#5516,#5522));
#5507 = ORIENTED_EDGE('',*,*,#5493,.F.);
#5508 = ORIENTED_EDGE('',*,*,#5509,.F.);
#5509 = EDGE_CURVE('',#5510,#5486,#5512,.T.);
#5510 = VERTEX_POINT('',#5511);
#5511 = CARTESIAN_POINT('',(-0.32,0.32,-2.84));
#5512 = LINE('',#5513,#5514);
#5513 = CARTESIAN_POINT('',(-0.32,0.32,-2.84));
#5514 = VECTOR('',#5515,1.);
#5515 = DIRECTION('',(1.,0.,0.));
#5516 = ORIENTED_EDGE('',*,*,#5517,.T.);
#5517 = EDGE_CURVE('',#5510,#5043,#5518,.T.);
#5518 = LINE('',#5519,#5520);
#5519 = CARTESIAN_POINT('',(-0.32,0.32,-3.));
#5520 = VECTOR('',#5521,1.);
#5521 = DIRECTION('',(0.,0.,1.));
#5522 = ORIENTED_EDGE('',*,*,#5050,.F.);
#5523 = PLANE('',#5524);
#5524 = AXIS2_PLACEMENT_3D('',#5525,#5526,#5527);
#5525 = CARTESIAN_POINT('',(-0.32,0.32,-3.));
#5526 = DIRECTION('',(0.,1.,0.));
#5527 = DIRECTION('',(0.,-0.,1.));
#5528 = ADVANCED_FACE('',(#5529),#5540,.F.);
#5529 = FACE_BOUND('',#5530,.F.);
#5530 = EDGE_LOOP('',(#5531,#5532,#5538,#5539));
#5531 = ORIENTED_EDGE('',*,*,#5469,.F.);
#5532 = ORIENTED_EDGE('',*,*,#5533,.T.);
#5533 = EDGE_CURVE('',#5462,#5510,#5534,.T.);
#5534 = LINE('',#5535,#5536);
#5535 = CARTESIAN_POINT('',(-0.32,-0.32,-2.84));
#5536 = VECTOR('',#5537,1.);
#5537 = DIRECTION('',(0.,1.,0.));
#5538 = ORIENTED_EDGE('',*,*,#5517,.T.);
#5539 = ORIENTED_EDGE('',*,*,#5042,.F.);
#5540 = PLANE('',#5541);
#5541 = AXIS2_PLACEMENT_3D('',#5542,#5543,#5544);
#5542 = CARTESIAN_POINT('',(-0.32,-0.32,-3.));
#5543 = DIRECTION('',(1.,0.,0.));
#5544 = DIRECTION('',(0.,0.,1.));
#5545 = ADVANCED_FACE('',(#5546),#5571,.F.);
#5546 = FACE_BOUND('',#5547,.F.);
#5547 = EDGE_LOOP('',(#5548,#5556,#5564,#5570));
#5548 = ORIENTED_EDGE('',*,*,#5549,.F.);
#5549 = EDGE_CURVE('',#5550,#5067,#5552,.T.);
#5550 = VERTEX_POINT('',#5551);
#5551 = CARTESIAN_POINT('',(0.32,-2.86,-2.84));
#5552 = LINE('',#5553,#5554);
#5553 = CARTESIAN_POINT('',(0.32,-2.86,-3.));
#5554 = VECTOR('',#5555,1.);
#5555 = DIRECTION('',(0.,0.,1.));
#5556 = ORIENTED_EDGE('',*,*,#5557,.F.);
#5557 = EDGE_CURVE('',#5558,#5550,#5560,.T.);
#5558 = VERTEX_POINT('',#5559);
#5559 = CARTESIAN_POINT('',(-0.32,-2.86,-2.84));
#5560 = LINE('',#5561,#5562);
#5561 = CARTESIAN_POINT('',(-0.32,-2.86,-2.84));
#5562 = VECTOR('',#5563,1.);
#5563 = DIRECTION('',(1.,0.,0.));
#5564 = ORIENTED_EDGE('',*,*,#5565,.T.);
#5565 = EDGE_CURVE('',#5558,#5069,#5566,.T.);
#5566 = LINE('',#5567,#5568);
#5567 = CARTESIAN_POINT('',(-0.32,-2.86,-3.));
#5568 = VECTOR('',#5569,1.);
#5569 = DIRECTION('',(0.,0.,1.));
#5570 = ORIENTED_EDGE('',*,*,#5066,.F.);
#5571 = PLANE('',#5572);
#5572 = AXIS2_PLACEMENT_3D('',#5573,#5574,#5575);
#5573 = CARTESIAN_POINT('',(-0.32,-2.86,-3.));
#5574 = DIRECTION('',(0.,1.,0.));
#5575 = DIRECTION('',(0.,-0.,1.));
#5576 = ADVANCED_FACE('',(#5577),#5595,.T.);
#5577 = FACE_BOUND('',#5578,.T.);
#5578 = EDGE_LOOP('',(#5579,#5580,#5588,#5594));
#5579 = ORIENTED_EDGE('',*,*,#5549,.F.);
#5580 = ORIENTED_EDGE('',*,*,#5581,.T.);
#5581 = EDGE_CURVE('',#5550,#5582,#5584,.T.);
#5582 = VERTEX_POINT('',#5583);
#5583 = CARTESIAN_POINT('',(0.32,-2.22,-2.84));
#5584 = LINE('',#5585,#5586);
#5585 = CARTESIAN_POINT('',(0.32,-2.86,-2.84));
#5586 = VECTOR('',#5587,1.);
#5587 = DIRECTION('',(0.,1.,0.));
#5588 = ORIENTED_EDGE('',*,*,#5589,.T.);
#5589 = EDGE_CURVE('',#5582,#5085,#5590,.T.);
#5590 = LINE('',#5591,#5592);
#5591 = CARTESIAN_POINT('',(0.32,-2.22,-3.));
#5592 = VECTOR('',#5593,1.);
#5593 = DIRECTION('',(0.,0.,1.));
#5594 = ORIENTED_EDGE('',*,*,#5092,.F.);
#5595 = PLANE('',#5596);
#5596 = AXIS2_PLACEMENT_3D('',#5597,#5598,#5599);
#5597 = CARTESIAN_POINT('',(0.32,-2.86,-3.));
#5598 = DIRECTION('',(1.,0.,0.));
#5599 = DIRECTION('',(0.,0.,1.));
#5600 = ADVANCED_FACE('',(#5601),#5619,.T.);
#5601 = FACE_BOUND('',#5602,.T.);
#5602 = EDGE_LOOP('',(#5603,#5604,#5612,#5618));
#5603 = ORIENTED_EDGE('',*,*,#5589,.F.);
#5604 = ORIENTED_EDGE('',*,*,#5605,.F.);
#5605 = EDGE_CURVE('',#5606,#5582,#5608,.T.);
#5606 = VERTEX_POINT('',#5607);
#5607 = CARTESIAN_POINT('',(-0.32,-2.22,-2.84));
#5608 = LINE('',#5609,#5610);
#5609 = CARTESIAN_POINT('',(-0.32,-2.22,-2.84));
#5610 = VECTOR('',#5611,1.);
#5611 = DIRECTION('',(1.,0.,0.));
#5612 = ORIENTED_EDGE('',*,*,#5613,.T.);
#5613 = EDGE_CURVE('',#5606,#5077,#5614,.T.);
#5614 = LINE('',#5615,#5616);
#5615 = CARTESIAN_POINT('',(-0.32,-2.22,-3.));
#5616 = VECTOR('',#5617,1.);
#5617 = DIRECTION('',(0.,0.,1.));
#5618 = ORIENTED_EDGE('',*,*,#5084,.F.);
#5619 = PLANE('',#5620);
#5620 = AXIS2_PLACEMENT_3D('',#5621,#5622,#5623);
#5621 = CARTESIAN_POINT('',(-0.32,-2.22,-3.));
#5622 = DIRECTION('',(0.,1.,0.));
#5623 = DIRECTION('',(0.,-0.,1.));
#5624 = ADVANCED_FACE('',(#5625),#5636,.F.);
#5625 = FACE_BOUND('',#5626,.F.);
#5626 = EDGE_LOOP('',(#5627,#5628,#5634,#5635));
#5627 = ORIENTED_EDGE('',*,*,#5565,.F.);
#5628 = ORIENTED_EDGE('',*,*,#5629,.T.);
#5629 = EDGE_CURVE('',#5558,#5606,#5630,.T.);
#5630 = LINE('',#5631,#5632);
#5631 = CARTESIAN_POINT('',(-0.32,-2.86,-2.84));
#5632 = VECTOR('',#5633,1.);
#5633 = DIRECTION('',(0.,1.,0.));
#5634 = ORIENTED_EDGE('',*,*,#5613,.T.);
#5635 = ORIENTED_EDGE('',*,*,#5076,.F.);
#5636 = PLANE('',#5637);
#5637 = AXIS2_PLACEMENT_3D('',#5638,#5639,#5640);
#5638 = CARTESIAN_POINT('',(-0.32,-2.86,-3.));
#5639 = DIRECTION('',(1.,0.,0.));
#5640 = DIRECTION('',(0.,0.,1.));
#5641 = ADVANCED_FACE('',(#5642),#5667,.F.);
#5642 = FACE_BOUND('',#5643,.F.);
#5643 = EDGE_LOOP('',(#5644,#5652,#5653,#5661));
#5644 = ORIENTED_EDGE('',*,*,#5645,.F.);
#5645 = EDGE_CURVE('',#5198,#5646,#5648,.T.);
#5646 = VERTEX_POINT('',#5647);
#5647 = CARTESIAN_POINT('',(0.32,-0.32,8.38));
#5648 = LINE('',#5649,#5650);
#5649 = CARTESIAN_POINT('',(0.32,-0.32,-3.));
#5650 = VECTOR('',#5651,1.);
#5651 = DIRECTION('',(0.,0.,1.));
#5652 = ORIENTED_EDGE('',*,*,#5197,.T.);
#5653 = ORIENTED_EDGE('',*,*,#5654,.T.);
#5654 = EDGE_CURVE('',#5200,#5655,#5657,.T.);
#5655 = VERTEX_POINT('',#5656);
#5656 = CARTESIAN_POINT('',(-0.32,-0.32,8.38));
#5657 = LINE('',#5658,#5659);
#5658 = CARTESIAN_POINT('',(-0.32,-0.32,-3.));
#5659 = VECTOR('',#5660,1.);
#5660 = DIRECTION('',(0.,0.,1.));
#5661 = ORIENTED_EDGE('',*,*,#5662,.T.);
#5662 = EDGE_CURVE('',#5655,#5646,#5663,.T.);
#5663 = LINE('',#5664,#5665);
#5664 = CARTESIAN_POINT('',(-0.32,-0.32,8.38));
#5665 = VECTOR('',#5666,1.);
#5666 = DIRECTION('',(1.,0.,0.));
#5667 = PLANE('',#5668);
#5668 = AXIS2_PLACEMENT_3D('',#5669,#5670,#5671);
#5669 = CARTESIAN_POINT('',(-0.32,-0.32,-3.));
#5670 = DIRECTION('',(0.,1.,0.));
#5671 = DIRECTION('',(0.,-0.,1.));
#5672 = ADVANCED_FACE('',(#5673),#5691,.T.);
#5673 = FACE_BOUND('',#5674,.T.);
#5674 = EDGE_LOOP('',(#5675,#5676,#5677,#5685));
#5675 = ORIENTED_EDGE('',*,*,#5645,.F.);
#5676 = ORIENTED_EDGE('',*,*,#5223,.T.);
#5677 = ORIENTED_EDGE('',*,*,#5678,.T.);
#5678 = EDGE_CURVE('',#5216,#5679,#5681,.T.);
#5679 = VERTEX_POINT('',#5680);
#5680 = CARTESIAN_POINT('',(0.32,0.32,8.38));
#5681 = LINE('',#5682,#5683);
#5682 = CARTESIAN_POINT('',(0.32,0.32,-3.));
#5683 = VECTOR('',#5684,1.);
#5684 = DIRECTION('',(0.,0.,1.));
#5685 = ORIENTED_EDGE('',*,*,#5686,.F.);
#5686 = EDGE_CURVE('',#5646,#5679,#5687,.T.);
#5687 = LINE('',#5688,#5689);
#5688 = CARTESIAN_POINT('',(0.32,-0.32,8.38));
#5689 = VECTOR('',#5690,1.);
#5690 = DIRECTION('',(0.,1.,0.));
#5691 = PLANE('',#5692);
#5692 = AXIS2_PLACEMENT_3D('',#5693,#5694,#5695);
#5693 = CARTESIAN_POINT('',(0.32,-0.32,-3.));
#5694 = DIRECTION('',(1.,0.,0.));
#5695 = DIRECTION('',(0.,0.,1.));
#5696 = ADVANCED_FACE('',(#5697),#5715,.T.);
#5697 = FACE_BOUND('',#5698,.T.);
#5698 = EDGE_LOOP('',(#5699,#5700,#5701,#5709));
#5699 = ORIENTED_EDGE('',*,*,#5678,.F.);
#5700 = ORIENTED_EDGE('',*,*,#5215,.T.);
#5701 = ORIENTED_EDGE('',*,*,#5702,.T.);
#5702 = EDGE_CURVE('',#5208,#5703,#5705,.T.);
#5703 = VERTEX_POINT('',#5704);
#5704 = CARTESIAN_POINT('',(-0.32,0.32,8.38));
#5705 = LINE('',#5706,#5707);
#5706 = CARTESIAN_POINT('',(-0.32,0.32,-3.));
#5707 = VECTOR('',#5708,1.);
#5708 = DIRECTION('',(0.,0.,1.));
#5709 = ORIENTED_EDGE('',*,*,#5710,.T.);
#5710 = EDGE_CURVE('',#5703,#5679,#5711,.T.);
#5711 = LINE('',#5712,#5713);
#5712 = CARTESIAN_POINT('',(-0.32,0.32,8.38));
#5713 = VECTOR('',#5714,1.);
#5714 = DIRECTION('',(1.,0.,0.));
#5715 = PLANE('',#5716);
#5716 = AXIS2_PLACEMENT_3D('',#5717,#5718,#5719);
#5717 = CARTESIAN_POINT('',(-0.32,0.32,-3.));
#5718 = DIRECTION('',(0.,1.,0.));
#5719 = DIRECTION('',(0.,-0.,1.));
#5720 = ADVANCED_FACE('',(#5721),#5732,.F.);
#5721 = FACE_BOUND('',#5722,.F.);
#5722 = EDGE_LOOP('',(#5723,#5724,#5725,#5726));
#5723 = ORIENTED_EDGE('',*,*,#5654,.F.);
#5724 = ORIENTED_EDGE('',*,*,#5207,.T.);
#5725 = ORIENTED_EDGE('',*,*,#5702,.T.);
#5726 = ORIENTED_EDGE('',*,*,#5727,.F.);
#5727 = EDGE_CURVE('',#5655,#5703,#5728,.T.);
#5728 = LINE('',#5729,#5730);
#5729 = CARTESIAN_POINT('',(-0.32,-0.32,8.38));
#5730 = VECTOR('',#5731,1.);
#5731 = DIRECTION('',(0.,1.,0.));
#5732 = PLANE('',#5733);
#5733 = AXIS2_PLACEMENT_3D('',#5734,#5735,#5736);
#5734 = CARTESIAN_POINT('',(-0.32,-0.32,-3.));
#5735 = DIRECTION('',(1.,0.,0.));
#5736 = DIRECTION('',(0.,0.,1.));
#5737 = ADVANCED_FACE('',(#5738),#5763,.F.);
#5738 = FACE_BOUND('',#5739,.F.);
#5739 = EDGE_LOOP('',(#5740,#5748,#5749,#5757));
#5740 = ORIENTED_EDGE('',*,*,#5741,.F.);
#5741 = EDGE_CURVE('',#5232,#5742,#5744,.T.);
#5742 = VERTEX_POINT('',#5743);
#5743 = CARTESIAN_POINT('',(0.32,-2.86,8.38));
#5744 = LINE('',#5745,#5746);
#5745 = CARTESIAN_POINT('',(0.32,-2.86,-3.));
#5746 = VECTOR('',#5747,1.);
#5747 = DIRECTION('',(0.,0.,1.));
#5748 = ORIENTED_EDGE('',*,*,#5231,.T.);
#5749 = ORIENTED_EDGE('',*,*,#5750,.T.);
#5750 = EDGE_CURVE('',#5234,#5751,#5753,.T.);
#5751 = VERTEX_POINT('',#5752);
#5752 = CARTESIAN_POINT('',(-0.32,-2.86,8.38));
#5753 = LINE('',#5754,#5755);
#5754 = CARTESIAN_POINT('',(-0.32,-2.86,-3.));
#5755 = VECTOR('',#5756,1.);
#5756 = DIRECTION('',(0.,0.,1.));
#5757 = ORIENTED_EDGE('',*,*,#5758,.T.);
#5758 = EDGE_CURVE('',#5751,#5742,#5759,.T.);
#5759 = LINE('',#5760,#5761);
#5760 = CARTESIAN_POINT('',(-0.32,-2.86,8.38));
#5761 = VECTOR('',#5762,1.);
#5762 = DIRECTION('',(1.,0.,0.));
#5763 = PLANE('',#5764);
#5764 = AXIS2_PLACEMENT_3D('',#5765,#5766,#5767);
#5765 = CARTESIAN_POINT('',(-0.32,-2.86,-3.));
#5766 = DIRECTION('',(0.,1.,0.));
#5767 = DIRECTION('',(0.,-0.,1.));
#5768 = ADVANCED_FACE('',(#5769),#5787,.T.);
#5769 = FACE_BOUND('',#5770,.T.);
#5770 = EDGE_LOOP('',(#5771,#5772,#5773,#5781));
#5771 = ORIENTED_EDGE('',*,*,#5741,.F.);
#5772 = ORIENTED_EDGE('',*,*,#5257,.T.);
#5773 = ORIENTED_EDGE('',*,*,#5774,.T.);
#5774 = EDGE_CURVE('',#5250,#5775,#5777,.T.);
#5775 = VERTEX_POINT('',#5776);
#5776 = CARTESIAN_POINT('',(0.32,-2.22,8.38));
#5777 = LINE('',#5778,#5779);
#5778 = CARTESIAN_POINT('',(0.32,-2.22,-3.));
#5779 = VECTOR('',#5780,1.);
#5780 = DIRECTION('',(0.,0.,1.));
#5781 = ORIENTED_EDGE('',*,*,#5782,.F.);
#5782 = EDGE_CURVE('',#5742,#5775,#5783,.T.);
#5783 = LINE('',#5784,#5785);
#5784 = CARTESIAN_POINT('',(0.32,-2.86,8.38));
#5785 = VECTOR('',#5786,1.);
#5786 = DIRECTION('',(0.,1.,0.));
#5787 = PLANE('',#5788);
#5788 = AXIS2_PLACEMENT_3D('',#5789,#5790,#5791);
#5789 = CARTESIAN_POINT('',(0.32,-2.86,-3.));
#5790 = DIRECTION('',(1.,0.,0.));
#5791 = DIRECTION('',(0.,0.,1.));
#5792 = ADVANCED_FACE('',(#5793),#5811,.T.);
#5793 = FACE_BOUND('',#5794,.T.);
#5794 = EDGE_LOOP('',(#5795,#5796,#5797,#5805));
#5795 = ORIENTED_EDGE('',*,*,#5774,.F.);
#5796 = ORIENTED_EDGE('',*,*,#5249,.T.);
#5797 = ORIENTED_EDGE('',*,*,#5798,.T.);
#5798 = EDGE_CURVE('',#5242,#5799,#5801,.T.);
#5799 = VERTEX_POINT('',#5800);
#5800 = CARTESIAN_POINT('',(-0.32,-2.22,8.38));
#5801 = LINE('',#5802,#5803);
#5802 = CARTESIAN_POINT('',(-0.32,-2.22,-3.));
#5803 = VECTOR('',#5804,1.);
#5804 = DIRECTION('',(0.,0.,1.));
#5805 = ORIENTED_EDGE('',*,*,#5806,.T.);
#5806 = EDGE_CURVE('',#5799,#5775,#5807,.T.);
#5807 = LINE('',#5808,#5809);
#5808 = CARTESIAN_POINT('',(-0.32,-2.22,8.38));
#5809 = VECTOR('',#5810,1.);
#5810 = DIRECTION('',(1.,0.,0.));
#5811 = PLANE('',#5812);
#5812 = AXIS2_PLACEMENT_3D('',#5813,#5814,#5815);
#5813 = CARTESIAN_POINT('',(-0.32,-2.22,-3.));
#5814 = DIRECTION('',(0.,1.,0.));
#5815 = DIRECTION('',(0.,-0.,1.));
#5816 = ADVANCED_FACE('',(#5817),#5828,.F.);
#5817 = FACE_BOUND('',#5818,.F.);
#5818 = EDGE_LOOP('',(#5819,#5820,#5821,#5822));
#5819 = ORIENTED_EDGE('',*,*,#5750,.F.);
#5820 = ORIENTED_EDGE('',*,*,#5241,.T.);
#5821 = ORIENTED_EDGE('',*,*,#5798,.T.);
#5822 = ORIENTED_EDGE('',*,*,#5823,.F.);
#5823 = EDGE_CURVE('',#5751,#5799,#5824,.T.);
#5824 = LINE('',#5825,#5826);
#5825 = CARTESIAN_POINT('',(-0.32,-2.86,8.38));
#5826 = VECTOR('',#5827,1.);
#5827 = DIRECTION('',(0.,1.,0.));
#5828 = PLANE('',#5829);
#5829 = AXIS2_PLACEMENT_3D('',#5830,#5831,#5832);
#5830 = CARTESIAN_POINT('',(-0.32,-2.86,-3.));
#5831 = DIRECTION('',(1.,0.,0.));
#5832 = DIRECTION('',(0.,0.,1.));
#5833 = ADVANCED_FACE('',(#5834),#5859,.T.);
#5834 = FACE_BOUND('',#5835,.F.);
#5835 = EDGE_LOOP('',(#5836,#5844,#5845,#5853));
#5836 = ORIENTED_EDGE('',*,*,#5837,.F.);
#5837 = EDGE_CURVE('',#5462,#5838,#5840,.T.);
#5838 = VERTEX_POINT('',#5839);
#5839 = CARTESIAN_POINT('',(-0.16,-0.16,-3.));
#5840 = LINE('',#5841,#5842);
#5841 = CARTESIAN_POINT('',(-0.266666666667,-0.266666666667,
    -2.893333333333));
#5842 = VECTOR('',#5843,1.);
#5843 = DIRECTION('',(0.57735026919,0.57735026919,-0.57735026919));
#5844 = ORIENTED_EDGE('',*,*,#5461,.T.);
#5845 = ORIENTED_EDGE('',*,*,#5846,.T.);
#5846 = EDGE_CURVE('',#5454,#5847,#5849,.T.);
#5847 = VERTEX_POINT('',#5848);
#5848 = CARTESIAN_POINT('',(0.16,-0.16,-3.));
#5849 = LINE('',#5850,#5851);
#5850 = CARTESIAN_POINT('',(0.16,-0.16,-3.));
#5851 = VECTOR('',#5852,1.);
#5852 = DIRECTION('',(-0.57735026919,0.57735026919,-0.57735026919));
#5853 = ORIENTED_EDGE('',*,*,#5854,.F.);
#5854 = EDGE_CURVE('',#5838,#5847,#5855,.T.);
#5855 = LINE('',#5856,#5857);
#5856 = CARTESIAN_POINT('',(-0.32,-0.16,-3.));
#5857 = VECTOR('',#5858,1.);
#5858 = DIRECTION('',(1.,0.,0.));
#5859 = PLANE('',#5860);
#5860 = AXIS2_PLACEMENT_3D('',#5861,#5862,#5863);
#5861 = CARTESIAN_POINT('',(-0.32,-0.24,-2.92));
#5862 = DIRECTION('',(1.735167508357E-18,-0.707106781187,-0.707106781187
    ));
#5863 = DIRECTION('',(-1.,-1.226948711654E-18,-1.226948711654E-18));
#5864 = ADVANCED_FACE('',(#5865),#5883,.F.);
#5865 = FACE_BOUND('',#5866,.F.);
#5866 = EDGE_LOOP('',(#5867,#5868,#5869,#5877));
#5867 = ORIENTED_EDGE('',*,*,#5846,.F.);
#5868 = ORIENTED_EDGE('',*,*,#5485,.T.);
#5869 = ORIENTED_EDGE('',*,*,#5870,.T.);
#5870 = EDGE_CURVE('',#5486,#5871,#5873,.T.);
#5871 = VERTEX_POINT('',#5872);
#5872 = CARTESIAN_POINT('',(0.16,0.16,-3.));
#5873 = LINE('',#5874,#5875);
#5874 = CARTESIAN_POINT('',(5.333333333333E-02,5.333333333333E-02,
    -3.106666666667));
#5875 = VECTOR('',#5876,1.);
#5876 = DIRECTION('',(-0.57735026919,-0.57735026919,-0.57735026919));
#5877 = ORIENTED_EDGE('',*,*,#5878,.F.);
#5878 = EDGE_CURVE('',#5847,#5871,#5879,.T.);
#5879 = LINE('',#5880,#5881);
#5880 = CARTESIAN_POINT('',(0.16,-0.32,-3.));
#5881 = VECTOR('',#5882,1.);
#5882 = DIRECTION('',(0.,1.,0.));
#5883 = PLANE('',#5884);
#5884 = AXIS2_PLACEMENT_3D('',#5885,#5886,#5887);
#5885 = CARTESIAN_POINT('',(0.24,-0.32,-2.92));
#5886 = DIRECTION('',(-0.707106781187,1.735167508357E-18,0.707106781187)
  );
#5887 = DIRECTION('',(1.226948711654E-18,1.,-1.226948711654E-18));
#5888 = ADVANCED_FACE('',(#5889),#5907,.F.);
#5889 = FACE_BOUND('',#5890,.T.);
#5890 = EDGE_LOOP('',(#5891,#5899,#5900,#5901));
#5891 = ORIENTED_EDGE('',*,*,#5892,.F.);
#5892 = EDGE_CURVE('',#5510,#5893,#5895,.T.);
#5893 = VERTEX_POINT('',#5894);
#5894 = CARTESIAN_POINT('',(-0.16,0.16,-3.));
#5895 = LINE('',#5896,#5897);
#5896 = CARTESIAN_POINT('',(-0.16,0.16,-3.));
#5897 = VECTOR('',#5898,1.);
#5898 = DIRECTION('',(0.57735026919,-0.57735026919,-0.57735026919));
#5899 = ORIENTED_EDGE('',*,*,#5509,.T.);
#5900 = ORIENTED_EDGE('',*,*,#5870,.T.);
#5901 = ORIENTED_EDGE('',*,*,#5902,.F.);
#5902 = EDGE_CURVE('',#5893,#5871,#5903,.T.);
#5903 = LINE('',#5904,#5905);
#5904 = CARTESIAN_POINT('',(-0.32,0.16,-3.));
#5905 = VECTOR('',#5906,1.);
#5906 = DIRECTION('',(1.,0.,0.));
#5907 = PLANE('',#5908);
#5908 = AXIS2_PLACEMENT_3D('',#5909,#5910,#5911);
#5909 = CARTESIAN_POINT('',(-0.32,0.24,-2.92));
#5910 = DIRECTION('',(-1.735167508357E-18,-0.707106781187,0.707106781187
    ));
#5911 = DIRECTION('',(-1.,1.226948711654E-18,-1.226948711654E-18));
#5912 = ADVANCED_FACE('',(#5913),#5924,.T.);
#5913 = FACE_BOUND('',#5914,.T.);
#5914 = EDGE_LOOP('',(#5915,#5916,#5917,#5918));
#5915 = ORIENTED_EDGE('',*,*,#5837,.F.);
#5916 = ORIENTED_EDGE('',*,*,#5533,.T.);
#5917 = ORIENTED_EDGE('',*,*,#5892,.T.);
#5918 = ORIENTED_EDGE('',*,*,#5919,.F.);
#5919 = EDGE_CURVE('',#5838,#5893,#5920,.T.);
#5920 = LINE('',#5921,#5922);
#5921 = CARTESIAN_POINT('',(-0.16,-0.32,-3.));
#5922 = VECTOR('',#5923,1.);
#5923 = DIRECTION('',(0.,1.,0.));
#5924 = PLANE('',#5925);
#5925 = AXIS2_PLACEMENT_3D('',#5926,#5927,#5928);
#5926 = CARTESIAN_POINT('',(-0.24,-0.32,-2.92));
#5927 = DIRECTION('',(-0.707106781187,-1.735167508357E-18,
    -0.707106781187));
#5928 = DIRECTION('',(-1.226948711654E-18,1.,-1.226948711654E-18));
#5929 = ADVANCED_FACE('',(#5930),#5955,.T.);
#5930 = FACE_BOUND('',#5931,.F.);
#5931 = EDGE_LOOP('',(#5932,#5940,#5941,#5949));
#5932 = ORIENTED_EDGE('',*,*,#5933,.F.);
#5933 = EDGE_CURVE('',#5558,#5934,#5936,.T.);
#5934 = VERTEX_POINT('',#5935);
#5935 = CARTESIAN_POINT('',(-0.16,-2.7,-3.));
#5936 = LINE('',#5937,#5938);
#5937 = CARTESIAN_POINT('',(-0.266666666667,-2.806666666667,
    -2.893333333333));
#5938 = VECTOR('',#5939,1.);
#5939 = DIRECTION('',(0.57735026919,0.57735026919,-0.57735026919));
#5940 = ORIENTED_EDGE('',*,*,#5557,.T.);
#5941 = ORIENTED_EDGE('',*,*,#5942,.T.);
#5942 = EDGE_CURVE('',#5550,#5943,#5945,.T.);
#5943 = VERTEX_POINT('',#5944);
#5944 = CARTESIAN_POINT('',(0.16,-2.7,-3.));
#5945 = LINE('',#5946,#5947);
#5946 = CARTESIAN_POINT('',(0.16,-2.7,-3.));
#5947 = VECTOR('',#5948,1.);
#5948 = DIRECTION('',(-0.57735026919,0.57735026919,-0.57735026919));
#5949 = ORIENTED_EDGE('',*,*,#5950,.F.);
#5950 = EDGE_CURVE('',#5934,#5943,#5951,.T.);
#5951 = LINE('',#5952,#5953);
#5952 = CARTESIAN_POINT('',(-0.32,-2.7,-3.));
#5953 = VECTOR('',#5954,1.);
#5954 = DIRECTION('',(1.,0.,0.));
#5955 = PLANE('',#5956);
#5956 = AXIS2_PLACEMENT_3D('',#5957,#5958,#5959);
#5957 = CARTESIAN_POINT('',(-0.32,-2.78,-2.92));
#5958 = DIRECTION('',(1.735167508357E-18,-0.707106781187,-0.707106781187
    ));
#5959 = DIRECTION('',(-1.,-1.226948711654E-18,-1.226948711654E-18));
#5960 = ADVANCED_FACE('',(#5961),#5979,.F.);
#5961 = FACE_BOUND('',#5962,.F.);
#5962 = EDGE_LOOP('',(#5963,#5964,#5965,#5973));
#5963 = ORIENTED_EDGE('',*,*,#5942,.F.);
#5964 = ORIENTED_EDGE('',*,*,#5581,.T.);
#5965 = ORIENTED_EDGE('',*,*,#5966,.T.);
#5966 = EDGE_CURVE('',#5582,#5967,#5969,.T.);
#5967 = VERTEX_POINT('',#5968);
#5968 = CARTESIAN_POINT('',(0.16,-2.38,-3.));
#5969 = LINE('',#5970,#5971);
#5970 = CARTESIAN_POINT('',(5.333333333333E-02,-2.486666666667,
    -3.106666666667));
#5971 = VECTOR('',#5972,1.);
#5972 = DIRECTION('',(-0.57735026919,-0.57735026919,-0.57735026919));
#5973 = ORIENTED_EDGE('',*,*,#5974,.F.);
#5974 = EDGE_CURVE('',#5943,#5967,#5975,.T.);
#5975 = LINE('',#5976,#5977);
#5976 = CARTESIAN_POINT('',(0.16,-2.86,-3.));
#5977 = VECTOR('',#5978,1.);
#5978 = DIRECTION('',(0.,1.,0.));
#5979 = PLANE('',#5980);
#5980 = AXIS2_PLACEMENT_3D('',#5981,#5982,#5983);
#5981 = CARTESIAN_POINT('',(0.24,-2.86,-2.92));
#5982 = DIRECTION('',(-0.707106781187,1.735167508357E-18,0.707106781187)
  );
#5983 = DIRECTION('',(1.226948711654E-18,1.,-1.226948711654E-18));
#5984 = ADVANCED_FACE('',(#5985),#6003,.F.);
#5985 = FACE_BOUND('',#5986,.T.);
#5986 = EDGE_LOOP('',(#5987,#5995,#5996,#5997));
#5987 = ORIENTED_EDGE('',*,*,#5988,.F.);
#5988 = EDGE_CURVE('',#5606,#5989,#5991,.T.);
#5989 = VERTEX_POINT('',#5990);
#5990 = CARTESIAN_POINT('',(-0.16,-2.38,-3.));
#5991 = LINE('',#5992,#5993);
#5992 = CARTESIAN_POINT('',(-0.16,-2.38,-3.));
#5993 = VECTOR('',#5994,1.);
#5994 = DIRECTION('',(0.57735026919,-0.57735026919,-0.57735026919));
#5995 = ORIENTED_EDGE('',*,*,#5605,.T.);
#5996 = ORIENTED_EDGE('',*,*,#5966,.T.);
#5997 = ORIENTED_EDGE('',*,*,#5998,.F.);
#5998 = EDGE_CURVE('',#5989,#5967,#5999,.T.);
#5999 = LINE('',#6000,#6001);
#6000 = CARTESIAN_POINT('',(-0.32,-2.38,-3.));
#6001 = VECTOR('',#6002,1.);
#6002 = DIRECTION('',(1.,0.,0.));
#6003 = PLANE('',#6004);
#6004 = AXIS2_PLACEMENT_3D('',#6005,#6006,#6007);
#6005 = CARTESIAN_POINT('',(-0.32,-2.3,-2.92));
#6006 = DIRECTION('',(-1.735167508357E-18,-0.707106781187,0.707106781187
    ));
#6007 = DIRECTION('',(-1.,1.226948711654E-18,-1.226948711654E-18));
#6008 = ADVANCED_FACE('',(#6009),#6020,.T.);
#6009 = FACE_BOUND('',#6010,.T.);
#6010 = EDGE_LOOP('',(#6011,#6012,#6013,#6014));
#6011 = ORIENTED_EDGE('',*,*,#5933,.F.);
#6012 = ORIENTED_EDGE('',*,*,#5629,.T.);
#6013 = ORIENTED_EDGE('',*,*,#5988,.T.);
#6014 = ORIENTED_EDGE('',*,*,#6015,.F.);
#6015 = EDGE_CURVE('',#5934,#5989,#6016,.T.);
#6016 = LINE('',#6017,#6018);
#6017 = CARTESIAN_POINT('',(-0.16,-2.86,-3.));
#6018 = VECTOR('',#6019,1.);
#6019 = DIRECTION('',(0.,1.,0.));
#6020 = PLANE('',#6021);
#6021 = AXIS2_PLACEMENT_3D('',#6022,#6023,#6024);
#6022 = CARTESIAN_POINT('',(-0.24,-2.86,-2.92));
#6023 = DIRECTION('',(-0.707106781187,-1.735167508357E-18,
    -0.707106781187));
#6024 = DIRECTION('',(-1.226948711654E-18,1.,-1.226948711654E-18));
#6025 = ADVANCED_FACE('',(#6026),#6051,.F.);
#6026 = FACE_BOUND('',#6027,.T.);
#6027 = EDGE_LOOP('',(#6028,#6036,#6037,#6045));
#6028 = ORIENTED_EDGE('',*,*,#6029,.F.);
#6029 = EDGE_CURVE('',#5655,#6030,#6032,.T.);
#6030 = VERTEX_POINT('',#6031);
#6031 = CARTESIAN_POINT('',(-0.16,-0.16,8.54));
#6032 = LINE('',#6033,#6034);
#6033 = CARTESIAN_POINT('',(-0.266666666667,-0.266666666667,
    8.433333333333));
#6034 = VECTOR('',#6035,1.);
#6035 = DIRECTION('',(0.57735026919,0.57735026919,0.57735026919));
#6036 = ORIENTED_EDGE('',*,*,#5662,.T.);
#6037 = ORIENTED_EDGE('',*,*,#6038,.T.);
#6038 = EDGE_CURVE('',#5646,#6039,#6041,.T.);
#6039 = VERTEX_POINT('',#6040);
#6040 = CARTESIAN_POINT('',(0.16,-0.16,8.54));
#6041 = LINE('',#6042,#6043);
#6042 = CARTESIAN_POINT('',(0.16,-0.16,8.54));
#6043 = VECTOR('',#6044,1.);
#6044 = DIRECTION('',(-0.57735026919,0.57735026919,0.57735026919));
#6045 = ORIENTED_EDGE('',*,*,#6046,.F.);
#6046 = EDGE_CURVE('',#6030,#6039,#6047,.T.);
#6047 = LINE('',#6048,#6049);
#6048 = CARTESIAN_POINT('',(-0.32,-0.16,8.54));
#6049 = VECTOR('',#6050,1.);
#6050 = DIRECTION('',(1.,0.,0.));
#6051 = PLANE('',#6052);
#6052 = AXIS2_PLACEMENT_3D('',#6053,#6054,#6055);
#6053 = CARTESIAN_POINT('',(-0.32,-0.24,8.46));
#6054 = DIRECTION('',(-1.735167508357E-18,0.707106781187,-0.707106781187
    ));
#6055 = DIRECTION('',(-1.,-1.226948711654E-18,1.226948711654E-18));
#6056 = ADVANCED_FACE('',(#6057),#6075,.T.);
#6057 = FACE_BOUND('',#6058,.T.);
#6058 = EDGE_LOOP('',(#6059,#6060,#6061,#6069));
#6059 = ORIENTED_EDGE('',*,*,#6038,.F.);
#6060 = ORIENTED_EDGE('',*,*,#5686,.T.);
#6061 = ORIENTED_EDGE('',*,*,#6062,.T.);
#6062 = EDGE_CURVE('',#5679,#6063,#6065,.T.);
#6063 = VERTEX_POINT('',#6064);
#6064 = CARTESIAN_POINT('',(0.16,0.16,8.54));
#6065 = LINE('',#6066,#6067);
#6066 = CARTESIAN_POINT('',(5.333333333333E-02,5.333333333333E-02,
    8.646666666667));
#6067 = VECTOR('',#6068,1.);
#6068 = DIRECTION('',(-0.57735026919,-0.57735026919,0.57735026919));
#6069 = ORIENTED_EDGE('',*,*,#6070,.F.);
#6070 = EDGE_CURVE('',#6039,#6063,#6071,.T.);
#6071 = LINE('',#6072,#6073);
#6072 = CARTESIAN_POINT('',(0.16,-0.32,8.54));
#6073 = VECTOR('',#6074,1.);
#6074 = DIRECTION('',(0.,1.,0.));
#6075 = PLANE('',#6076);
#6076 = AXIS2_PLACEMENT_3D('',#6077,#6078,#6079);
#6077 = CARTESIAN_POINT('',(0.24,-0.32,8.46));
#6078 = DIRECTION('',(0.707106781187,-1.735167508357E-18,0.707106781187)
  );
#6079 = DIRECTION('',(1.226948711654E-18,1.,1.226948711654E-18));
#6080 = ADVANCED_FACE('',(#6081),#6099,.T.);
#6081 = FACE_BOUND('',#6082,.F.);
#6082 = EDGE_LOOP('',(#6083,#6091,#6092,#6093));
#6083 = ORIENTED_EDGE('',*,*,#6084,.F.);
#6084 = EDGE_CURVE('',#5703,#6085,#6087,.T.);
#6085 = VERTEX_POINT('',#6086);
#6086 = CARTESIAN_POINT('',(-0.16,0.16,8.54));
#6087 = LINE('',#6088,#6089);
#6088 = CARTESIAN_POINT('',(-0.16,0.16,8.54));
#6089 = VECTOR('',#6090,1.);
#6090 = DIRECTION('',(0.57735026919,-0.57735026919,0.57735026919));
#6091 = ORIENTED_EDGE('',*,*,#5710,.T.);
#6092 = ORIENTED_EDGE('',*,*,#6062,.T.);
#6093 = ORIENTED_EDGE('',*,*,#6094,.F.);
#6094 = EDGE_CURVE('',#6085,#6063,#6095,.T.);
#6095 = LINE('',#6096,#6097);
#6096 = CARTESIAN_POINT('',(-0.32,0.16,8.54));
#6097 = VECTOR('',#6098,1.);
#6098 = DIRECTION('',(1.,0.,0.));
#6099 = PLANE('',#6100);
#6100 = AXIS2_PLACEMENT_3D('',#6101,#6102,#6103);
#6101 = CARTESIAN_POINT('',(-0.32,0.24,8.46));
#6102 = DIRECTION('',(1.735167508357E-18,0.707106781187,0.707106781187)
  );
#6103 = DIRECTION('',(-1.,1.226948711654E-18,1.226948711654E-18));
#6104 = ADVANCED_FACE('',(#6105),#6116,.F.);
#6105 = FACE_BOUND('',#6106,.F.);
#6106 = EDGE_LOOP('',(#6107,#6108,#6109,#6110));
#6107 = ORIENTED_EDGE('',*,*,#6029,.F.);
#6108 = ORIENTED_EDGE('',*,*,#5727,.T.);
#6109 = ORIENTED_EDGE('',*,*,#6084,.T.);
#6110 = ORIENTED_EDGE('',*,*,#6111,.F.);
#6111 = EDGE_CURVE('',#6030,#6085,#6112,.T.);
#6112 = LINE('',#6113,#6114);
#6113 = CARTESIAN_POINT('',(-0.16,-0.32,8.54));
#6114 = VECTOR('',#6115,1.);
#6115 = DIRECTION('',(0.,1.,0.));
#6116 = PLANE('',#6117);
#6117 = AXIS2_PLACEMENT_3D('',#6118,#6119,#6120);
#6118 = CARTESIAN_POINT('',(-0.24,-0.32,8.46));
#6119 = DIRECTION('',(0.707106781187,1.735167508357E-18,-0.707106781187)
  );
#6120 = DIRECTION('',(-1.226948711654E-18,1.,1.226948711654E-18));
#6121 = ADVANCED_FACE('',(#6122),#6147,.F.);
#6122 = FACE_BOUND('',#6123,.T.);
#6123 = EDGE_LOOP('',(#6124,#6132,#6133,#6141));
#6124 = ORIENTED_EDGE('',*,*,#6125,.F.);
#6125 = EDGE_CURVE('',#5751,#6126,#6128,.T.);
#6126 = VERTEX_POINT('',#6127);
#6127 = CARTESIAN_POINT('',(-0.16,-2.7,8.54));
#6128 = LINE('',#6129,#6130);
#6129 = CARTESIAN_POINT('',(-0.266666666667,-2.806666666667,
    8.433333333333));
#6130 = VECTOR('',#6131,1.);
#6131 = DIRECTION('',(0.57735026919,0.57735026919,0.57735026919));
#6132 = ORIENTED_EDGE('',*,*,#5758,.T.);
#6133 = ORIENTED_EDGE('',*,*,#6134,.T.);
#6134 = EDGE_CURVE('',#5742,#6135,#6137,.T.);
#6135 = VERTEX_POINT('',#6136);
#6136 = CARTESIAN_POINT('',(0.16,-2.7,8.54));
#6137 = LINE('',#6138,#6139);
#6138 = CARTESIAN_POINT('',(0.16,-2.7,8.54));
#6139 = VECTOR('',#6140,1.);
#6140 = DIRECTION('',(-0.57735026919,0.57735026919,0.57735026919));
#6141 = ORIENTED_EDGE('',*,*,#6142,.F.);
#6142 = EDGE_CURVE('',#6126,#6135,#6143,.T.);
#6143 = LINE('',#6144,#6145);
#6144 = CARTESIAN_POINT('',(-0.32,-2.7,8.54));
#6145 = VECTOR('',#6146,1.);
#6146 = DIRECTION('',(1.,0.,0.));
#6147 = PLANE('',#6148);
#6148 = AXIS2_PLACEMENT_3D('',#6149,#6150,#6151);
#6149 = CARTESIAN_POINT('',(-0.32,-2.78,8.46));
#6150 = DIRECTION('',(-1.735167508357E-18,0.707106781187,-0.707106781187
    ));
#6151 = DIRECTION('',(-1.,-1.226948711654E-18,1.226948711654E-18));
#6152 = ADVANCED_FACE('',(#6153),#6171,.T.);
#6153 = FACE_BOUND('',#6154,.T.);
#6154 = EDGE_LOOP('',(#6155,#6156,#6157,#6165));
#6155 = ORIENTED_EDGE('',*,*,#6134,.F.);
#6156 = ORIENTED_EDGE('',*,*,#5782,.T.);
#6157 = ORIENTED_EDGE('',*,*,#6158,.T.);
#6158 = EDGE_CURVE('',#5775,#6159,#6161,.T.);
#6159 = VERTEX_POINT('',#6160);
#6160 = CARTESIAN_POINT('',(0.16,-2.38,8.54));
#6161 = LINE('',#6162,#6163);
#6162 = CARTESIAN_POINT('',(5.333333333333E-02,-2.486666666667,
    8.646666666667));
#6163 = VECTOR('',#6164,1.);
#6164 = DIRECTION('',(-0.57735026919,-0.57735026919,0.57735026919));
#6165 = ORIENTED_EDGE('',*,*,#6166,.F.);
#6166 = EDGE_CURVE('',#6135,#6159,#6167,.T.);
#6167 = LINE('',#6168,#6169);
#6168 = CARTESIAN_POINT('',(0.16,-2.86,8.54));
#6169 = VECTOR('',#6170,1.);
#6170 = DIRECTION('',(0.,1.,0.));
#6171 = PLANE('',#6172);
#6172 = AXIS2_PLACEMENT_3D('',#6173,#6174,#6175);
#6173 = CARTESIAN_POINT('',(0.24,-2.86,8.46));
#6174 = DIRECTION('',(0.707106781187,-1.735167508357E-18,0.707106781187)
  );
#6175 = DIRECTION('',(1.226948711654E-18,1.,1.226948711654E-18));
#6176 = ADVANCED_FACE('',(#6177),#6195,.T.);
#6177 = FACE_BOUND('',#6178,.F.);
#6178 = EDGE_LOOP('',(#6179,#6187,#6188,#6189));
#6179 = ORIENTED_EDGE('',*,*,#6180,.F.);
#6180 = EDGE_CURVE('',#5799,#6181,#6183,.T.);
#6181 = VERTEX_POINT('',#6182);
#6182 = CARTESIAN_POINT('',(-0.16,-2.38,8.54));
#6183 = LINE('',#6184,#6185);
#6184 = CARTESIAN_POINT('',(-0.16,-2.38,8.54));
#6185 = VECTOR('',#6186,1.);
#6186 = DIRECTION('',(0.57735026919,-0.57735026919,0.57735026919));
#6187 = ORIENTED_EDGE('',*,*,#5806,.T.);
#6188 = ORIENTED_EDGE('',*,*,#6158,.T.);
#6189 = ORIENTED_EDGE('',*,*,#6190,.F.);
#6190 = EDGE_CURVE('',#6181,#6159,#6191,.T.);
#6191 = LINE('',#6192,#6193);
#6192 = CARTESIAN_POINT('',(-0.32,-2.38,8.54));
#6193 = VECTOR('',#6194,1.);
#6194 = DIRECTION('',(1.,0.,0.));
#6195 = PLANE('',#6196);
#6196 = AXIS2_PLACEMENT_3D('',#6197,#6198,#6199);
#6197 = CARTESIAN_POINT('',(-0.32,-2.3,8.46));
#6198 = DIRECTION('',(1.735167508357E-18,0.707106781187,0.707106781187)
  );
#6199 = DIRECTION('',(-1.,1.226948711654E-18,1.226948711654E-18));
#6200 = ADVANCED_FACE('',(#6201),#6212,.F.);
#6201 = FACE_BOUND('',#6202,.F.);
#6202 = EDGE_LOOP('',(#6203,#6204,#6205,#6206));
#6203 = ORIENTED_EDGE('',*,*,#6125,.F.);
#6204 = ORIENTED_EDGE('',*,*,#5823,.T.);
#6205 = ORIENTED_EDGE('',*,*,#6180,.T.);
#6206 = ORIENTED_EDGE('',*,*,#6207,.F.);
#6207 = EDGE_CURVE('',#6126,#6181,#6208,.T.);
#6208 = LINE('',#6209,#6210);
#6209 = CARTESIAN_POINT('',(-0.16,-2.86,8.54));
#6210 = VECTOR('',#6211,1.);
#6211 = DIRECTION('',(0.,1.,0.));
#6212 = PLANE('',#6213);
#6213 = AXIS2_PLACEMENT_3D('',#6214,#6215,#6216);
#6214 = CARTESIAN_POINT('',(-0.24,-2.86,8.46));
#6215 = DIRECTION('',(0.707106781187,1.735167508357E-18,-0.707106781187)
  );
#6216 = DIRECTION('',(-1.226948711654E-18,1.,1.226948711654E-18));
#6217 = ADVANCED_FACE('',(#6218),#6224,.F.);
#6218 = FACE_BOUND('',#6219,.F.);
#6219 = EDGE_LOOP('',(#6220,#6221,#6222,#6223));
#6220 = ORIENTED_EDGE('',*,*,#5919,.F.);
#6221 = ORIENTED_EDGE('',*,*,#5854,.T.);
#6222 = ORIENTED_EDGE('',*,*,#5878,.T.);
#6223 = ORIENTED_EDGE('',*,*,#5902,.F.);
#6224 = PLANE('',#6225);
#6225 = AXIS2_PLACEMENT_3D('',#6226,#6227,#6228);
#6226 = CARTESIAN_POINT('',(-0.32,-0.32,-3.));
#6227 = DIRECTION('',(0.,0.,1.));
#6228 = DIRECTION('',(1.,0.,-0.));
#6229 = ADVANCED_FACE('',(#6230),#6236,.F.);
#6230 = FACE_BOUND('',#6231,.F.);
#6231 = EDGE_LOOP('',(#6232,#6233,#6234,#6235));
#6232 = ORIENTED_EDGE('',*,*,#6015,.F.);
#6233 = ORIENTED_EDGE('',*,*,#5950,.T.);
#6234 = ORIENTED_EDGE('',*,*,#5974,.T.);
#6235 = ORIENTED_EDGE('',*,*,#5998,.F.);
#6236 = PLANE('',#6237);
#6237 = AXIS2_PLACEMENT_3D('',#6238,#6239,#6240);
#6238 = CARTESIAN_POINT('',(-0.32,-2.86,-3.));
#6239 = DIRECTION('',(0.,0.,1.));
#6240 = DIRECTION('',(1.,0.,-0.));
#6241 = ADVANCED_FACE('',(#6242),#6248,.T.);
#6242 = FACE_BOUND('',#6243,.T.);
#6243 = EDGE_LOOP('',(#6244,#6245,#6246,#6247));
#6244 = ORIENTED_EDGE('',*,*,#6094,.F.);
#6245 = ORIENTED_EDGE('',*,*,#6111,.F.);
#6246 = ORIENTED_EDGE('',*,*,#6046,.T.);
#6247 = ORIENTED_EDGE('',*,*,#6070,.T.);
#6248 = PLANE('',#6249);
#6249 = AXIS2_PLACEMENT_3D('',#6250,#6251,#6252);
#6250 = CARTESIAN_POINT('',(-0.32,-0.32,8.54));
#6251 = DIRECTION('',(0.,0.,1.));
#6252 = DIRECTION('',(1.,0.,-0.));
#6253 = ADVANCED_FACE('',(#6254),#6260,.T.);
#6254 = FACE_BOUND('',#6255,.T.);
#6255 = EDGE_LOOP('',(#6256,#6257,#6258,#6259));
#6256 = ORIENTED_EDGE('',*,*,#6190,.F.);
#6257 = ORIENTED_EDGE('',*,*,#6207,.F.);
#6258 = ORIENTED_EDGE('',*,*,#6142,.T.);
#6259 = ORIENTED_EDGE('',*,*,#6166,.T.);
#6260 = PLANE('',#6261);
#6261 = AXIS2_PLACEMENT_3D('',#6262,#6263,#6264);
#6262 = CARTESIAN_POINT('',(-0.32,-2.86,8.54));
#6263 = DIRECTION('',(0.,0.,1.));
#6264 = DIRECTION('',(1.,0.,-0.));
#6265 = ( GEOMETRIC_REPRESENTATION_CONTEXT(3) 
GLOBAL_UNCERTAINTY_ASSIGNED_CONTEXT((#6269)) 
GLOBAL_UNIT_ASSIGNED_CONTEXT((#6266,#6267,#6268)) REPRESENTATION_CONTEXT
('Context #1','3D Context with UNIT and UNCERTAINTY') );
#6266 = ( LENGTH_UNIT() NAMED_UNIT(*) SI_UNIT(.MILLI.,.METRE.) );
#6267 = ( NAMED_UNIT(*) PLANE_ANGLE_UNIT() SI_UNIT($,.RADIAN.) );
#6268 = ( NAMED_UNIT(*) SI_UNIT($,.STERADIAN.) SOLID_ANGLE_UNIT() );
#6269 = UNCERTAINTY_MEASURE_WITH_UNIT(LENGTH_MEASURE(1.E-07),#6266,
  'distance_accuracy_value','confusion accuracy');
#6270 = CONTEXT_DEPENDENT_SHAPE_REPRESENTATION(#6271,#6273);
#6271 = ( REPRESENTATION_RELATIONSHIP('','',#4832,#4809) 
REPRESENTATION_RELATIONSHIP_WITH_TRANSFORMATION(#6272) 
SHAPE_REPRESENTATION_RELATIONSHIP() );
#6272 = ITEM_DEFINED_TRANSFORMATION('','',#11,#4810);
#6273 = PRODUCT_DEFINITION_SHAPE('Placement','Placement of an item',
  #6274);
#6274 = NEXT_ASSEMBLY_USAGE_OCCURRENCE('14','=>[0:1:1:11]','',#4804,
  #4827,$);
#6275 = PRODUCT_RELATED_PRODUCT_CATEGORY('part',$,(#4829));
#6276 = CONTEXT_DEPENDENT_SHAPE_REPRESENTATION(#6277,#6279);
#6277 = ( REPRESENTATION_RELATIONSHIP('','',#136,#10) 
REPRESENTATION_RELATIONSHIP_WITH_TRANSFORMATION(#6278) 
SHAPE_REPRESENTATION_RELATIONSHIP() );
#6278 = ITEM_DEFINED_TRANSFORMATION('','',#11,#55);
#6279 = PRODUCT_DEFINITION_SHAPE('Placement','Placement of an item',
  #6280);
#6280 = NEXT_ASSEMBLY_USAGE_OCCURRENCE('16','C12','',#5,#131,$);
#6281 = SHAPE_DEFINITION_REPRESENTATION(#6282,#6288);
#6282 = PRODUCT_DEFINITION_SHAPE('','',#6283);
#6283 = PRODUCT_DEFINITION('design','',#6284,#6287);
#6284 = PRODUCT_DEFINITION_FORMATION('','',#6285);
#6285 = PRODUCT('C_0603_1608Metric','C_0603_1608Metric','',(#6286));
#6286 = PRODUCT_CONTEXT('',#2,'mechanical');
#6287 = PRODUCT_DEFINITION_CONTEXT('part definition',#2,'design');
#6288 = SHAPE_REPRESENTATION('',(#11,#6289),#6293);
#6289 = AXIS2_PLACEMENT_3D('',#6290,#6291,#6292);
#6290 = CARTESIAN_POINT('',(0.,0.,0.));
#6291 = DIRECTION('',(0.,0.,1.));
#6292 = DIRECTION('',(1.,0.,-0.));
#6293 = ( GEOMETRIC_REPRESENTATION_CONTEXT(3) 
GLOBAL_UNCERTAINTY_ASSIGNED_CONTEXT((#6297)) 
GLOBAL_UNIT_ASSIGNED_CONTEXT((#6294,#6295,#6296)) REPRESENTATION_CONTEXT
('Context #1','3D Context with UNIT and UNCERTAINTY') );
#6294 = ( LENGTH_UNIT() NAMED_UNIT(*) SI_UNIT(.MILLI.,.METRE.) );
#6295 = ( NAMED_UNIT(*) PLANE_ANGLE_UNIT() SI_UNIT($,.RADIAN.) );
#6296 = ( NAMED_UNIT(*) SI_UNIT($,.STERADIAN.) SOLID_ANGLE_UNIT() );
#6297 = UNCERTAINTY_MEASURE_WITH_UNIT(LENGTH_MEASURE(1.E-07),#6294,
  'distance_accuracy_value','confusion accuracy');
#6298 = CONTEXT_DEPENDENT_SHAPE_REPRESENTATION(#6299,#6301);
#6299 = ( REPRESENTATION_RELATIONSHIP('','',#6288,#10) 
REPRESENTATION_RELATIONSHIP_WITH_TRANSFORMATION(#6300) 
SHAPE_REPRESENTATION_RELATIONSHIP() );
#6300 = ITEM_DEFINED_TRANSFORMATION('','',#11,#59);
#6301 = PRODUCT_DEFINITION_SHAPE('Placement','Placement of an item',
  #6302);
#6302 = NEXT_ASSEMBLY_USAGE_OCCURRENCE('18','C2','',#5,#6283,$);
#6303 = PRODUCT_RELATED_PRODUCT_CATEGORY('part',$,(#6285));
#6304 = SHAPE_DEFINITION_REPRESENTATION(#6305,#6311);
#6305 = PRODUCT_DEFINITION_SHAPE('','',#6306);
#6306 = PRODUCT_DEFINITION('design','',#6307,#6310);
#6307 = PRODUCT_DEFINITION_FORMATION('','',#6308);
#6308 = PRODUCT('C_0603_1608Metric','C_0603_1608Metric','',(#6309));
#6309 = PRODUCT_CONTEXT('',#2,'mechanical');
#6310 = PRODUCT_DEFINITION_CONTEXT('part definition',#2,'design');
#6311 = ADVANCED_BREP_SHAPE_REPRESENTATION('',(#11,#6312),#7166);
#6312 = MANIFOLD_SOLID_BREP('',#6313);
#6313 = CLOSED_SHELL('',(#6314,#6390,#6421,#6446,#6471,#6495,#6519,#6544
    ,#6569,#6586,#6672,#6704,#6728,#6753,#6777,#6802,#6826,#6851,#6868,
    #6954,#6985,#7010,#7035,#7059,#7083,#7108,#7133,#7150));
#6314 = ADVANCED_FACE('',(#6315),#6385,.F.);
#6315 = FACE_BOUND('',#6316,.F.);
#6316 = EDGE_LOOP('',(#6317,#6327,#6336,#6344,#6353,#6361,#6370,#6378));
#6317 = ORIENTED_EDGE('',*,*,#6318,.F.);
#6318 = EDGE_CURVE('',#6319,#6321,#6323,.T.);
#6319 = VERTEX_POINT('',#6320);
#6320 = CARTESIAN_POINT('',(-0.8,-0.4,3.E-02));
#6321 = VERTEX_POINT('',#6322);
#6322 = CARTESIAN_POINT('',(-0.8,-0.4,0.77));
#6323 = LINE('',#6324,#6325);
#6324 = CARTESIAN_POINT('',(-0.8,-0.4,0.));
#6325 = VECTOR('',#6326,1.);
#6326 = DIRECTION('',(0.,0.,1.));
#6327 = ORIENTED_EDGE('',*,*,#6328,.T.);
#6328 = EDGE_CURVE('',#6319,#6329,#6331,.T.);
#6329 = VERTEX_POINT('',#6330);
#6330 = CARTESIAN_POINT('',(-0.8,-0.37,0.));
#6331 = CIRCLE('',#6332,3.E-02);
#6332 = AXIS2_PLACEMENT_3D('',#6333,#6334,#6335);
#6333 = CARTESIAN_POINT('',(-0.8,-0.37,3.E-02));
#6334 = DIRECTION('',(1.,0.,-0.));
#6335 = DIRECTION('',(0.,0.,1.));
#6336 = ORIENTED_EDGE('',*,*,#6337,.T.);
#6337 = EDGE_CURVE('',#6329,#6338,#6340,.T.);
#6338 = VERTEX_POINT('',#6339);
#6339 = CARTESIAN_POINT('',(-0.8,0.37,0.));
#6340 = LINE('',#6341,#6342);
#6341 = CARTESIAN_POINT('',(-0.8,-0.4,0.));
#6342 = VECTOR('',#6343,1.);
#6343 = DIRECTION('',(0.,1.,0.));
#6344 = ORIENTED_EDGE('',*,*,#6345,.F.);
#6345 = EDGE_CURVE('',#6346,#6338,#6348,.T.);
#6346 = VERTEX_POINT('',#6347);
#6347 = CARTESIAN_POINT('',(-0.8,0.4,3.E-02));
#6348 = CIRCLE('',#6349,3.E-02);
#6349 = AXIS2_PLACEMENT_3D('',#6350,#6351,#6352);
#6350 = CARTESIAN_POINT('',(-0.8,0.37,3.E-02));
#6351 = DIRECTION('',(-1.,0.,0.));
#6352 = DIRECTION('',(0.,0.,1.));
#6353 = ORIENTED_EDGE('',*,*,#6354,.T.);
#6354 = EDGE_CURVE('',#6346,#6355,#6357,.T.);
#6355 = VERTEX_POINT('',#6356);
#6356 = CARTESIAN_POINT('',(-0.8,0.4,0.77));
#6357 = LINE('',#6358,#6359);
#6358 = CARTESIAN_POINT('',(-0.8,0.4,0.));
#6359 = VECTOR('',#6360,1.);
#6360 = DIRECTION('',(0.,0.,1.));
#6361 = ORIENTED_EDGE('',*,*,#6362,.T.);
#6362 = EDGE_CURVE('',#6355,#6363,#6365,.T.);
#6363 = VERTEX_POINT('',#6364);
#6364 = CARTESIAN_POINT('',(-0.8,0.37,0.8));
#6365 = CIRCLE('',#6366,3.E-02);
#6366 = AXIS2_PLACEMENT_3D('',#6367,#6368,#6369);
#6367 = CARTESIAN_POINT('',(-0.8,0.37,0.77));
#6368 = DIRECTION('',(1.,0.,-0.));
#6369 = DIRECTION('',(0.,0.,1.));
#6370 = ORIENTED_EDGE('',*,*,#6371,.F.);
#6371 = EDGE_CURVE('',#6372,#6363,#6374,.T.);
#6372 = VERTEX_POINT('',#6373);
#6373 = CARTESIAN_POINT('',(-0.8,-0.37,0.8));
#6374 = LINE('',#6375,#6376);
#6375 = CARTESIAN_POINT('',(-0.8,-0.4,0.8));
#6376 = VECTOR('',#6377,1.);
#6377 = DIRECTION('',(0.,1.,0.));
#6378 = ORIENTED_EDGE('',*,*,#6379,.F.);
#6379 = EDGE_CURVE('',#6321,#6372,#6380,.T.);
#6380 = CIRCLE('',#6381,3.E-02);
#6381 = AXIS2_PLACEMENT_3D('',#6382,#6383,#6384);
#6382 = CARTESIAN_POINT('',(-0.8,-0.37,0.77));
#6383 = DIRECTION('',(-1.,0.,0.));
#6384 = DIRECTION('',(0.,0.,1.));
#6385 = PLANE('',#6386);
#6386 = AXIS2_PLACEMENT_3D('',#6387,#6388,#6389);
#6387 = CARTESIAN_POINT('',(-0.8,-0.4,0.));
#6388 = DIRECTION('',(1.,0.,0.));
#6389 = DIRECTION('',(0.,0.,1.));
#6390 = ADVANCED_FACE('',(#6391),#6416,.F.);
#6391 = FACE_BOUND('',#6392,.F.);
#6392 = EDGE_LOOP('',(#6393,#6403,#6409,#6410));
#6393 = ORIENTED_EDGE('',*,*,#6394,.F.);
#6394 = EDGE_CURVE('',#6395,#6397,#6399,.T.);
#6395 = VERTEX_POINT('',#6396);
#6396 = CARTESIAN_POINT('',(-0.5,-0.4,3.E-02));
#6397 = VERTEX_POINT('',#6398);
#6398 = CARTESIAN_POINT('',(-0.5,-0.4,0.77));
#6399 = LINE('',#6400,#6401);
#6400 = CARTESIAN_POINT('',(-0.5,-0.4,0.));
#6401 = VECTOR('',#6402,1.);
#6402 = DIRECTION('',(0.,0.,1.));
#6403 = ORIENTED_EDGE('',*,*,#6404,.F.);
#6404 = EDGE_CURVE('',#6319,#6395,#6405,.T.);
#6405 = LINE('',#6406,#6407);
#6406 = CARTESIAN_POINT('',(-0.8,-0.4,3.E-02));
#6407 = VECTOR('',#6408,1.);
#6408 = DIRECTION('',(1.,0.,0.));
#6409 = ORIENTED_EDGE('',*,*,#6318,.T.);
#6410 = ORIENTED_EDGE('',*,*,#6411,.T.);
#6411 = EDGE_CURVE('',#6321,#6397,#6412,.T.);
#6412 = LINE('',#6413,#6414);
#6413 = CARTESIAN_POINT('',(-0.8,-0.4,0.77));
#6414 = VECTOR('',#6415,1.);
#6415 = DIRECTION('',(1.,0.,0.));
#6416 = PLANE('',#6417);
#6417 = AXIS2_PLACEMENT_3D('',#6418,#6419,#6420);
#6418 = CARTESIAN_POINT('',(-0.8,-0.4,0.));
#6419 = DIRECTION('',(0.,1.,0.));
#6420 = DIRECTION('',(0.,-0.,1.));
#6421 = ADVANCED_FACE('',(#6422),#6441,.T.);
#6422 = FACE_BOUND('',#6423,.T.);
#6423 = EDGE_LOOP('',(#6424,#6425,#6433,#6440));
#6424 = ORIENTED_EDGE('',*,*,#6328,.T.);
#6425 = ORIENTED_EDGE('',*,*,#6426,.T.);
#6426 = EDGE_CURVE('',#6329,#6427,#6429,.T.);
#6427 = VERTEX_POINT('',#6428);
#6428 = CARTESIAN_POINT('',(-0.5,-0.37,0.));
#6429 = LINE('',#6430,#6431);
#6430 = CARTESIAN_POINT('',(-0.8,-0.37,0.));
#6431 = VECTOR('',#6432,1.);
#6432 = DIRECTION('',(1.,0.,0.));
#6433 = ORIENTED_EDGE('',*,*,#6434,.F.);
#6434 = EDGE_CURVE('',#6395,#6427,#6435,.T.);
#6435 = CIRCLE('',#6436,3.E-02);
#6436 = AXIS2_PLACEMENT_3D('',#6437,#6438,#6439);
#6437 = CARTESIAN_POINT('',(-0.5,-0.37,3.E-02));
#6438 = DIRECTION('',(1.,0.,-0.));
#6439 = DIRECTION('',(0.,0.,1.));
#6440 = ORIENTED_EDGE('',*,*,#6404,.F.);
#6441 = CYLINDRICAL_SURFACE('',#6442,3.E-02);
#6442 = AXIS2_PLACEMENT_3D('',#6443,#6444,#6445);
#6443 = CARTESIAN_POINT('',(-0.8,-0.37,3.E-02));
#6444 = DIRECTION('',(1.,0.,0.));
#6445 = DIRECTION('',(0.,-1.,0.));
#6446 = ADVANCED_FACE('',(#6447),#6466,.T.);
#6447 = FACE_BOUND('',#6448,.T.);
#6448 = EDGE_LOOP('',(#6449,#6450,#6459,#6465));
#6449 = ORIENTED_EDGE('',*,*,#6411,.T.);
#6450 = ORIENTED_EDGE('',*,*,#6451,.T.);
#6451 = EDGE_CURVE('',#6397,#6452,#6454,.T.);
#6452 = VERTEX_POINT('',#6453);
#6453 = CARTESIAN_POINT('',(-0.5,-0.37,0.8));
#6454 = CIRCLE('',#6455,3.E-02);
#6455 = AXIS2_PLACEMENT_3D('',#6456,#6457,#6458);
#6456 = CARTESIAN_POINT('',(-0.5,-0.37,0.77));
#6457 = DIRECTION('',(-1.,0.,0.));
#6458 = DIRECTION('',(0.,0.,1.));
#6459 = ORIENTED_EDGE('',*,*,#6460,.F.);
#6460 = EDGE_CURVE('',#6372,#6452,#6461,.T.);
#6461 = LINE('',#6462,#6463);
#6462 = CARTESIAN_POINT('',(-0.8,-0.37,0.8));
#6463 = VECTOR('',#6464,1.);
#6464 = DIRECTION('',(1.,0.,0.));
#6465 = ORIENTED_EDGE('',*,*,#6379,.F.);
#6466 = CYLINDRICAL_SURFACE('',#6467,3.E-02);
#6467 = AXIS2_PLACEMENT_3D('',#6468,#6469,#6470);
#6468 = CARTESIAN_POINT('',(-0.8,-0.37,0.77));
#6469 = DIRECTION('',(1.,0.,0.));
#6470 = DIRECTION('',(0.,-1.,0.));
#6471 = ADVANCED_FACE('',(#6472),#6490,.F.);
#6472 = FACE_BOUND('',#6473,.F.);
#6473 = EDGE_LOOP('',(#6474,#6475,#6476,#6484));
#6474 = ORIENTED_EDGE('',*,*,#6337,.F.);
#6475 = ORIENTED_EDGE('',*,*,#6426,.T.);
#6476 = ORIENTED_EDGE('',*,*,#6477,.T.);
#6477 = EDGE_CURVE('',#6427,#6478,#6480,.T.);
#6478 = VERTEX_POINT('',#6479);
#6479 = CARTESIAN_POINT('',(-0.5,0.37,0.));
#6480 = LINE('',#6481,#6482);
#6481 = CARTESIAN_POINT('',(-0.5,-0.4,0.));
#6482 = VECTOR('',#6483,1.);
#6483 = DIRECTION('',(0.,1.,0.));
#6484 = ORIENTED_EDGE('',*,*,#6485,.F.);
#6485 = EDGE_CURVE('',#6338,#6478,#6486,.T.);
#6486 = LINE('',#6487,#6488);
#6487 = CARTESIAN_POINT('',(-0.8,0.37,0.));
#6488 = VECTOR('',#6489,1.);
#6489 = DIRECTION('',(1.,0.,0.));
#6490 = PLANE('',#6491);
#6491 = AXIS2_PLACEMENT_3D('',#6492,#6493,#6494);
#6492 = CARTESIAN_POINT('',(-0.8,-0.4,0.));
#6493 = DIRECTION('',(0.,0.,1.));
#6494 = DIRECTION('',(1.,0.,-0.));
#6495 = ADVANCED_FACE('',(#6496),#6514,.T.);
#6496 = FACE_BOUND('',#6497,.T.);
#6497 = EDGE_LOOP('',(#6498,#6499,#6500,#6508));
#6498 = ORIENTED_EDGE('',*,*,#6371,.F.);
#6499 = ORIENTED_EDGE('',*,*,#6460,.T.);
#6500 = ORIENTED_EDGE('',*,*,#6501,.T.);
#6501 = EDGE_CURVE('',#6452,#6502,#6504,.T.);
#6502 = VERTEX_POINT('',#6503);
#6503 = CARTESIAN_POINT('',(-0.5,0.37,0.8));
#6504 = LINE('',#6505,#6506);
#6505 = CARTESIAN_POINT('',(-0.5,-0.4,0.8));
#6506 = VECTOR('',#6507,1.);
#6507 = DIRECTION('',(0.,1.,0.));
#6508 = ORIENTED_EDGE('',*,*,#6509,.F.);
#6509 = EDGE_CURVE('',#6363,#6502,#6510,.T.);
#6510 = LINE('',#6511,#6512);
#6511 = CARTESIAN_POINT('',(-0.8,0.37,0.8));
#6512 = VECTOR('',#6513,1.);
#6513 = DIRECTION('',(1.,0.,0.));
#6514 = PLANE('',#6515);
#6515 = AXIS2_PLACEMENT_3D('',#6516,#6517,#6518);
#6516 = CARTESIAN_POINT('',(-0.8,-0.4,0.8));
#6517 = DIRECTION('',(0.,0.,1.));
#6518 = DIRECTION('',(1.,0.,-0.));
#6519 = ADVANCED_FACE('',(#6520),#6539,.T.);
#6520 = FACE_BOUND('',#6521,.T.);
#6521 = EDGE_LOOP('',(#6522,#6530,#6537,#6538));
#6522 = ORIENTED_EDGE('',*,*,#6523,.T.);
#6523 = EDGE_CURVE('',#6346,#6524,#6526,.T.);
#6524 = VERTEX_POINT('',#6525);
#6525 = CARTESIAN_POINT('',(-0.5,0.4,3.E-02));
#6526 = LINE('',#6527,#6528);
#6527 = CARTESIAN_POINT('',(-0.8,0.4,3.E-02));
#6528 = VECTOR('',#6529,1.);
#6529 = DIRECTION('',(1.,0.,0.));
#6530 = ORIENTED_EDGE('',*,*,#6531,.T.);
#6531 = EDGE_CURVE('',#6524,#6478,#6532,.T.);
#6532 = CIRCLE('',#6533,3.E-02);
#6533 = AXIS2_PLACEMENT_3D('',#6534,#6535,#6536);
#6534 = CARTESIAN_POINT('',(-0.5,0.37,3.E-02));
#6535 = DIRECTION('',(-1.,0.,0.));
#6536 = DIRECTION('',(0.,0.,1.));
#6537 = ORIENTED_EDGE('',*,*,#6485,.F.);
#6538 = ORIENTED_EDGE('',*,*,#6345,.F.);
#6539 = CYLINDRICAL_SURFACE('',#6540,3.E-02);
#6540 = AXIS2_PLACEMENT_3D('',#6541,#6542,#6543);
#6541 = CARTESIAN_POINT('',(-0.8,0.37,3.E-02));
#6542 = DIRECTION('',(1.,0.,0.));
#6543 = DIRECTION('',(-0.,1.,0.));
#6544 = ADVANCED_FACE('',(#6545),#6564,.T.);
#6545 = FACE_BOUND('',#6546,.T.);
#6546 = EDGE_LOOP('',(#6547,#6548,#6549,#6558));
#6547 = ORIENTED_EDGE('',*,*,#6362,.T.);
#6548 = ORIENTED_EDGE('',*,*,#6509,.T.);
#6549 = ORIENTED_EDGE('',*,*,#6550,.F.);
#6550 = EDGE_CURVE('',#6551,#6502,#6553,.T.);
#6551 = VERTEX_POINT('',#6552);
#6552 = CARTESIAN_POINT('',(-0.5,0.4,0.77));
#6553 = CIRCLE('',#6554,3.E-02);
#6554 = AXIS2_PLACEMENT_3D('',#6555,#6556,#6557);
#6555 = CARTESIAN_POINT('',(-0.5,0.37,0.77));
#6556 = DIRECTION('',(1.,0.,-0.));
#6557 = DIRECTION('',(0.,0.,1.));
#6558 = ORIENTED_EDGE('',*,*,#6559,.F.);
#6559 = EDGE_CURVE('',#6355,#6551,#6560,.T.);
#6560 = LINE('',#6561,#6562);
#6561 = CARTESIAN_POINT('',(-0.8,0.4,0.77));
#6562 = VECTOR('',#6563,1.);
#6563 = DIRECTION('',(1.,0.,0.));
#6564 = CYLINDRICAL_SURFACE('',#6565,3.E-02);
#6565 = AXIS2_PLACEMENT_3D('',#6566,#6567,#6568);
#6566 = CARTESIAN_POINT('',(-0.8,0.37,0.77));
#6567 = DIRECTION('',(1.,0.,0.));
#6568 = DIRECTION('',(-0.,1.,0.));
#6569 = ADVANCED_FACE('',(#6570),#6581,.T.);
#6570 = FACE_BOUND('',#6571,.T.);
#6571 = EDGE_LOOP('',(#6572,#6578,#6579,#6580));
#6572 = ORIENTED_EDGE('',*,*,#6573,.F.);
#6573 = EDGE_CURVE('',#6524,#6551,#6574,.T.);
#6574 = LINE('',#6575,#6576);
#6575 = CARTESIAN_POINT('',(-0.5,0.4,0.));
#6576 = VECTOR('',#6577,1.);
#6577 = DIRECTION('',(0.,0.,1.));
#6578 = ORIENTED_EDGE('',*,*,#6523,.F.);
#6579 = ORIENTED_EDGE('',*,*,#6354,.T.);
#6580 = ORIENTED_EDGE('',*,*,#6559,.T.);
#6581 = PLANE('',#6582);
#6582 = AXIS2_PLACEMENT_3D('',#6583,#6584,#6585);
#6583 = CARTESIAN_POINT('',(-0.8,0.4,0.));
#6584 = DIRECTION('',(0.,1.,0.));
#6585 = DIRECTION('',(0.,-0.,1.));
#6586 = ADVANCED_FACE('',(#6587,#6597),#6667,.T.);
#6587 = FACE_BOUND('',#6588,.T.);
#6588 = EDGE_LOOP('',(#6589,#6590,#6591,#6592,#6593,#6594,#6595,#6596));
#6589 = ORIENTED_EDGE('',*,*,#6394,.F.);
#6590 = ORIENTED_EDGE('',*,*,#6434,.T.);
#6591 = ORIENTED_EDGE('',*,*,#6477,.T.);
#6592 = ORIENTED_EDGE('',*,*,#6531,.F.);
#6593 = ORIENTED_EDGE('',*,*,#6573,.T.);
#6594 = ORIENTED_EDGE('',*,*,#6550,.T.);
#6595 = ORIENTED_EDGE('',*,*,#6501,.F.);
#6596 = ORIENTED_EDGE('',*,*,#6451,.F.);
#6597 = FACE_BOUND('',#6598,.T.);
#6598 = EDGE_LOOP('',(#6599,#6610,#6618,#6627,#6635,#6644,#6652,#6661));
#6599 = ORIENTED_EDGE('',*,*,#6600,.F.);
#6600 = EDGE_CURVE('',#6601,#6603,#6605,.T.);
#6601 = VERTEX_POINT('',#6602);
#6602 = CARTESIAN_POINT('',(-0.5,-0.37,6.E-02));
#6603 = VERTEX_POINT('',#6604);
#6604 = CARTESIAN_POINT('',(-0.5,-0.34,3.E-02));
#6605 = CIRCLE('',#6606,3.E-02);
#6606 = AXIS2_PLACEMENT_3D('',#6607,#6608,#6609);
#6607 = CARTESIAN_POINT('',(-0.5,-0.34,6.E-02));
#6608 = DIRECTION('',(1.,0.,-0.));
#6609 = DIRECTION('',(0.,0.,1.));
#6610 = ORIENTED_EDGE('',*,*,#6611,.T.);
#6611 = EDGE_CURVE('',#6601,#6612,#6614,.T.);
#6612 = VERTEX_POINT('',#6613);
#6613 = CARTESIAN_POINT('',(-0.5,-0.37,0.74));
#6614 = LINE('',#6615,#6616);
#6615 = CARTESIAN_POINT('',(-0.5,-0.37,3.E-02));
#6616 = VECTOR('',#6617,1.);
#6617 = DIRECTION('',(0.,0.,1.));
#6618 = ORIENTED_EDGE('',*,*,#6619,.T.);
#6619 = EDGE_CURVE('',#6612,#6620,#6622,.T.);
#6620 = VERTEX_POINT('',#6621);
#6621 = CARTESIAN_POINT('',(-0.5,-0.34,0.77));
#6622 = CIRCLE('',#6623,3.E-02);
#6623 = AXIS2_PLACEMENT_3D('',#6624,#6625,#6626);
#6624 = CARTESIAN_POINT('',(-0.5,-0.34,0.74));
#6625 = DIRECTION('',(-1.,0.,0.));
#6626 = DIRECTION('',(0.,0.,1.));
#6627 = ORIENTED_EDGE('',*,*,#6628,.T.);
#6628 = EDGE_CURVE('',#6620,#6629,#6631,.T.);
#6629 = VERTEX_POINT('',#6630);
#6630 = CARTESIAN_POINT('',(-0.5,0.34,0.77));
#6631 = LINE('',#6632,#6633);
#6632 = CARTESIAN_POINT('',(-0.5,-0.37,0.77));
#6633 = VECTOR('',#6634,1.);
#6634 = DIRECTION('',(0.,1.,0.));
#6635 = ORIENTED_EDGE('',*,*,#6636,.F.);
#6636 = EDGE_CURVE('',#6637,#6629,#6639,.T.);
#6637 = VERTEX_POINT('',#6638);
#6638 = CARTESIAN_POINT('',(-0.5,0.37,0.74));
#6639 = CIRCLE('',#6640,3.E-02);
#6640 = AXIS2_PLACEMENT_3D('',#6641,#6642,#6643);
#6641 = CARTESIAN_POINT('',(-0.5,0.34,0.74));
#6642 = DIRECTION('',(1.,0.,-0.));
#6643 = DIRECTION('',(0.,0.,1.));
#6644 = ORIENTED_EDGE('',*,*,#6645,.F.);
#6645 = EDGE_CURVE('',#6646,#6637,#6648,.T.);
#6646 = VERTEX_POINT('',#6647);
#6647 = CARTESIAN_POINT('',(-0.5,0.37,6.E-02));
#6648 = LINE('',#6649,#6650);
#6649 = CARTESIAN_POINT('',(-0.5,0.37,3.E-02));
#6650 = VECTOR('',#6651,1.);
#6651 = DIRECTION('',(0.,0.,1.));
#6652 = ORIENTED_EDGE('',*,*,#6653,.T.);
#6653 = EDGE_CURVE('',#6646,#6654,#6656,.T.);
#6654 = VERTEX_POINT('',#6655);
#6655 = CARTESIAN_POINT('',(-0.5,0.34,3.E-02));
#6656 = CIRCLE('',#6657,3.E-02);
#6657 = AXIS2_PLACEMENT_3D('',#6658,#6659,#6660);
#6658 = CARTESIAN_POINT('',(-0.5,0.34,6.E-02));
#6659 = DIRECTION('',(-1.,0.,0.));
#6660 = DIRECTION('',(0.,0.,1.));
#6661 = ORIENTED_EDGE('',*,*,#6662,.F.);
#6662 = EDGE_CURVE('',#6603,#6654,#6663,.T.);
#6663 = LINE('',#6664,#6665);
#6664 = CARTESIAN_POINT('',(-0.5,-0.37,3.E-02));
#6665 = VECTOR('',#6666,1.);
#6666 = DIRECTION('',(0.,1.,0.));
#6667 = PLANE('',#6668);
#6668 = AXIS2_PLACEMENT_3D('',#6669,#6670,#6671);
#6669 = CARTESIAN_POINT('',(-0.5,-0.4,0.));
#6670 = DIRECTION('',(1.,0.,0.));
#6671 = DIRECTION('',(0.,0.,1.));
#6672 = ADVANCED_FACE('',(#6673),#6699,.T.);
#6673 = FACE_BOUND('',#6674,.T.);
#6674 = EDGE_LOOP('',(#6675,#6676,#6684,#6693));
#6675 = ORIENTED_EDGE('',*,*,#6600,.T.);
#6676 = ORIENTED_EDGE('',*,*,#6677,.T.);
#6677 = EDGE_CURVE('',#6603,#6678,#6680,.T.);
#6678 = VERTEX_POINT('',#6679);
#6679 = CARTESIAN_POINT('',(0.5,-0.34,3.E-02));
#6680 = LINE('',#6681,#6682);
#6681 = CARTESIAN_POINT('',(-0.5,-0.34,3.E-02));
#6682 = VECTOR('',#6683,1.);
#6683 = DIRECTION('',(1.,0.,0.));
#6684 = ORIENTED_EDGE('',*,*,#6685,.F.);
#6685 = EDGE_CURVE('',#6686,#6678,#6688,.T.);
#6686 = VERTEX_POINT('',#6687);
#6687 = CARTESIAN_POINT('',(0.5,-0.37,6.E-02));
#6688 = CIRCLE('',#6689,3.E-02);
#6689 = AXIS2_PLACEMENT_3D('',#6690,#6691,#6692);
#6690 = CARTESIAN_POINT('',(0.5,-0.34,6.E-02));
#6691 = DIRECTION('',(1.,0.,-0.));
#6692 = DIRECTION('',(0.,0.,1.));
#6693 = ORIENTED_EDGE('',*,*,#6694,.F.);
#6694 = EDGE_CURVE('',#6601,#6686,#6695,.T.);
#6695 = LINE('',#6696,#6697);
#6696 = CARTESIAN_POINT('',(-0.5,-0.37,6.E-02));
#6697 = VECTOR('',#6698,1.);
#6698 = DIRECTION('',(1.,0.,0.));
#6699 = CYLINDRICAL_SURFACE('',#6700,3.E-02);
#6700 = AXIS2_PLACEMENT_3D('',#6701,#6702,#6703);
#6701 = CARTESIAN_POINT('',(-0.5,-0.34,6.E-02));
#6702 = DIRECTION('',(1.,0.,0.));
#6703 = DIRECTION('',(0.,-1.,0.));
#6704 = ADVANCED_FACE('',(#6705),#6723,.F.);
#6705 = FACE_BOUND('',#6706,.F.);
#6706 = EDGE_LOOP('',(#6707,#6708,#6709,#6717));
#6707 = ORIENTED_EDGE('',*,*,#6662,.F.);
#6708 = ORIENTED_EDGE('',*,*,#6677,.T.);
#6709 = ORIENTED_EDGE('',*,*,#6710,.T.);
#6710 = EDGE_CURVE('',#6678,#6711,#6713,.T.);
#6711 = VERTEX_POINT('',#6712);
#6712 = CARTESIAN_POINT('',(0.5,0.34,3.E-02));
#6713 = LINE('',#6714,#6715);
#6714 = CARTESIAN_POINT('',(0.5,-0.37,3.E-02));
#6715 = VECTOR('',#6716,1.);
#6716 = DIRECTION('',(0.,1.,0.));
#6717 = ORIENTED_EDGE('',*,*,#6718,.F.);
#6718 = EDGE_CURVE('',#6654,#6711,#6719,.T.);
#6719 = LINE('',#6720,#6721);
#6720 = CARTESIAN_POINT('',(-0.5,0.34,3.E-02));
#6721 = VECTOR('',#6722,1.);
#6722 = DIRECTION('',(1.,0.,0.));
#6723 = PLANE('',#6724);
#6724 = AXIS2_PLACEMENT_3D('',#6725,#6726,#6727);
#6725 = CARTESIAN_POINT('',(-0.5,-0.37,3.E-02));
#6726 = DIRECTION('',(0.,0.,1.));
#6727 = DIRECTION('',(1.,0.,-0.));
#6728 = ADVANCED_FACE('',(#6729),#6748,.T.);
#6729 = FACE_BOUND('',#6730,.T.);
#6730 = EDGE_LOOP('',(#6731,#6739,#6746,#6747));
#6731 = ORIENTED_EDGE('',*,*,#6732,.T.);
#6732 = EDGE_CURVE('',#6646,#6733,#6735,.T.);
#6733 = VERTEX_POINT('',#6734);
#6734 = CARTESIAN_POINT('',(0.5,0.37,6.E-02));
#6735 = LINE('',#6736,#6737);
#6736 = CARTESIAN_POINT('',(-0.5,0.37,6.E-02));
#6737 = VECTOR('',#6738,1.);
#6738 = DIRECTION('',(1.,0.,0.));
#6739 = ORIENTED_EDGE('',*,*,#6740,.T.);
#6740 = EDGE_CURVE('',#6733,#6711,#6741,.T.);
#6741 = CIRCLE('',#6742,3.E-02);
#6742 = AXIS2_PLACEMENT_3D('',#6743,#6744,#6745);
#6743 = CARTESIAN_POINT('',(0.5,0.34,6.E-02));
#6744 = DIRECTION('',(-1.,0.,0.));
#6745 = DIRECTION('',(0.,0.,1.));
#6746 = ORIENTED_EDGE('',*,*,#6718,.F.);
#6747 = ORIENTED_EDGE('',*,*,#6653,.F.);
#6748 = CYLINDRICAL_SURFACE('',#6749,3.E-02);
#6749 = AXIS2_PLACEMENT_3D('',#6750,#6751,#6752);
#6750 = CARTESIAN_POINT('',(-0.5,0.34,6.E-02));
#6751 = DIRECTION('',(1.,0.,0.));
#6752 = DIRECTION('',(-0.,1.,0.));
#6753 = ADVANCED_FACE('',(#6754),#6772,.T.);
#6754 = FACE_BOUND('',#6755,.T.);
#6755 = EDGE_LOOP('',(#6756,#6764,#6765,#6766));
#6756 = ORIENTED_EDGE('',*,*,#6757,.F.);
#6757 = EDGE_CURVE('',#6733,#6758,#6760,.T.);
#6758 = VERTEX_POINT('',#6759);
#6759 = CARTESIAN_POINT('',(0.5,0.37,0.74));
#6760 = LINE('',#6761,#6762);
#6761 = CARTESIAN_POINT('',(0.5,0.37,3.E-02));
#6762 = VECTOR('',#6763,1.);
#6763 = DIRECTION('',(0.,0.,1.));
#6764 = ORIENTED_EDGE('',*,*,#6732,.F.);
#6765 = ORIENTED_EDGE('',*,*,#6645,.T.);
#6766 = ORIENTED_EDGE('',*,*,#6767,.T.);
#6767 = EDGE_CURVE('',#6637,#6758,#6768,.T.);
#6768 = LINE('',#6769,#6770);
#6769 = CARTESIAN_POINT('',(-0.5,0.37,0.74));
#6770 = VECTOR('',#6771,1.);
#6771 = DIRECTION('',(1.,0.,0.));
#6772 = PLANE('',#6773);
#6773 = AXIS2_PLACEMENT_3D('',#6774,#6775,#6776);
#6774 = CARTESIAN_POINT('',(-0.5,0.37,3.E-02));
#6775 = DIRECTION('',(0.,1.,0.));
#6776 = DIRECTION('',(0.,-0.,1.));
#6777 = ADVANCED_FACE('',(#6778),#6797,.T.);
#6778 = FACE_BOUND('',#6779,.T.);
#6779 = EDGE_LOOP('',(#6780,#6781,#6789,#6796));
#6780 = ORIENTED_EDGE('',*,*,#6636,.T.);
#6781 = ORIENTED_EDGE('',*,*,#6782,.T.);
#6782 = EDGE_CURVE('',#6629,#6783,#6785,.T.);
#6783 = VERTEX_POINT('',#6784);
#6784 = CARTESIAN_POINT('',(0.5,0.34,0.77));
#6785 = LINE('',#6786,#6787);
#6786 = CARTESIAN_POINT('',(-0.5,0.34,0.77));
#6787 = VECTOR('',#6788,1.);
#6788 = DIRECTION('',(1.,0.,0.));
#6789 = ORIENTED_EDGE('',*,*,#6790,.F.);
#6790 = EDGE_CURVE('',#6758,#6783,#6791,.T.);
#6791 = CIRCLE('',#6792,3.E-02);
#6792 = AXIS2_PLACEMENT_3D('',#6793,#6794,#6795);
#6793 = CARTESIAN_POINT('',(0.5,0.34,0.74));
#6794 = DIRECTION('',(1.,0.,-0.));
#6795 = DIRECTION('',(0.,0.,1.));
#6796 = ORIENTED_EDGE('',*,*,#6767,.F.);
#6797 = CYLINDRICAL_SURFACE('',#6798,3.E-02);
#6798 = AXIS2_PLACEMENT_3D('',#6799,#6800,#6801);
#6799 = CARTESIAN_POINT('',(-0.5,0.34,0.74));
#6800 = DIRECTION('',(1.,0.,0.));
#6801 = DIRECTION('',(-0.,1.,0.));
#6802 = ADVANCED_FACE('',(#6803),#6821,.T.);
#6803 = FACE_BOUND('',#6804,.T.);
#6804 = EDGE_LOOP('',(#6805,#6806,#6814,#6820));
#6805 = ORIENTED_EDGE('',*,*,#6628,.F.);
#6806 = ORIENTED_EDGE('',*,*,#6807,.T.);
#6807 = EDGE_CURVE('',#6620,#6808,#6810,.T.);
#6808 = VERTEX_POINT('',#6809);
#6809 = CARTESIAN_POINT('',(0.5,-0.34,0.77));
#6810 = LINE('',#6811,#6812);
#6811 = CARTESIAN_POINT('',(-0.5,-0.34,0.77));
#6812 = VECTOR('',#6813,1.);
#6813 = DIRECTION('',(1.,0.,0.));
#6814 = ORIENTED_EDGE('',*,*,#6815,.T.);
#6815 = EDGE_CURVE('',#6808,#6783,#6816,.T.);
#6816 = LINE('',#6817,#6818);
#6817 = CARTESIAN_POINT('',(0.5,-0.37,0.77));
#6818 = VECTOR('',#6819,1.);
#6819 = DIRECTION('',(0.,1.,0.));
#6820 = ORIENTED_EDGE('',*,*,#6782,.F.);
#6821 = PLANE('',#6822);
#6822 = AXIS2_PLACEMENT_3D('',#6823,#6824,#6825);
#6823 = CARTESIAN_POINT('',(-0.5,-0.37,0.77));
#6824 = DIRECTION('',(0.,0.,1.));
#6825 = DIRECTION('',(1.,0.,-0.));
#6826 = ADVANCED_FACE('',(#6827),#6846,.T.);
#6827 = FACE_BOUND('',#6828,.T.);
#6828 = EDGE_LOOP('',(#6829,#6837,#6844,#6845));
#6829 = ORIENTED_EDGE('',*,*,#6830,.T.);
#6830 = EDGE_CURVE('',#6612,#6831,#6833,.T.);
#6831 = VERTEX_POINT('',#6832);
#6832 = CARTESIAN_POINT('',(0.5,-0.37,0.74));
#6833 = LINE('',#6834,#6835);
#6834 = CARTESIAN_POINT('',(-0.5,-0.37,0.74));
#6835 = VECTOR('',#6836,1.);
#6836 = DIRECTION('',(1.,0.,0.));
#6837 = ORIENTED_EDGE('',*,*,#6838,.T.);
#6838 = EDGE_CURVE('',#6831,#6808,#6839,.T.);
#6839 = CIRCLE('',#6840,3.E-02);
#6840 = AXIS2_PLACEMENT_3D('',#6841,#6842,#6843);
#6841 = CARTESIAN_POINT('',(0.5,-0.34,0.74));
#6842 = DIRECTION('',(-1.,0.,0.));
#6843 = DIRECTION('',(0.,0.,1.));
#6844 = ORIENTED_EDGE('',*,*,#6807,.F.);
#6845 = ORIENTED_EDGE('',*,*,#6619,.F.);
#6846 = CYLINDRICAL_SURFACE('',#6847,3.E-02);
#6847 = AXIS2_PLACEMENT_3D('',#6848,#6849,#6850);
#6848 = CARTESIAN_POINT('',(-0.5,-0.34,0.74));
#6849 = DIRECTION('',(1.,0.,0.));
#6850 = DIRECTION('',(0.,-1.,0.));
#6851 = ADVANCED_FACE('',(#6852),#6863,.F.);
#6852 = FACE_BOUND('',#6853,.F.);
#6853 = EDGE_LOOP('',(#6854,#6860,#6861,#6862));
#6854 = ORIENTED_EDGE('',*,*,#6855,.F.);
#6855 = EDGE_CURVE('',#6686,#6831,#6856,.T.);
#6856 = LINE('',#6857,#6858);
#6857 = CARTESIAN_POINT('',(0.5,-0.37,3.E-02));
#6858 = VECTOR('',#6859,1.);
#6859 = DIRECTION('',(0.,0.,1.));
#6860 = ORIENTED_EDGE('',*,*,#6694,.F.);
#6861 = ORIENTED_EDGE('',*,*,#6611,.T.);
#6862 = ORIENTED_EDGE('',*,*,#6830,.T.);
#6863 = PLANE('',#6864);
#6864 = AXIS2_PLACEMENT_3D('',#6865,#6866,#6867);
#6865 = CARTESIAN_POINT('',(-0.5,-0.37,3.E-02));
#6866 = DIRECTION('',(0.,1.,0.));
#6867 = DIRECTION('',(0.,-0.,1.));
#6868 = ADVANCED_FACE('',(#6869,#6939),#6949,.F.);
#6869 = FACE_BOUND('',#6870,.F.);
#6870 = EDGE_LOOP('',(#6871,#6881,#6890,#6898,#6907,#6915,#6924,#6932));
#6871 = ORIENTED_EDGE('',*,*,#6872,.F.);
#6872 = EDGE_CURVE('',#6873,#6875,#6877,.T.);
#6873 = VERTEX_POINT('',#6874);
#6874 = CARTESIAN_POINT('',(0.5,-0.4,3.E-02));
#6875 = VERTEX_POINT('',#6876);
#6876 = CARTESIAN_POINT('',(0.5,-0.4,0.77));
#6877 = LINE('',#6878,#6879);
#6878 = CARTESIAN_POINT('',(0.5,-0.4,0.));
#6879 = VECTOR('',#6880,1.);
#6880 = DIRECTION('',(0.,0.,1.));
#6881 = ORIENTED_EDGE('',*,*,#6882,.T.);
#6882 = EDGE_CURVE('',#6873,#6883,#6885,.T.);
#6883 = VERTEX_POINT('',#6884);
#6884 = CARTESIAN_POINT('',(0.5,-0.37,0.));
#6885 = CIRCLE('',#6886,3.E-02);
#6886 = AXIS2_PLACEMENT_3D('',#6887,#6888,#6889);
#6887 = CARTESIAN_POINT('',(0.5,-0.37,3.E-02));
#6888 = DIRECTION('',(1.,0.,-0.));
#6889 = DIRECTION('',(0.,0.,1.));
#6890 = ORIENTED_EDGE('',*,*,#6891,.T.);
#6891 = EDGE_CURVE('',#6883,#6892,#6894,.T.);
#6892 = VERTEX_POINT('',#6893);
#6893 = CARTESIAN_POINT('',(0.5,0.37,0.));
#6894 = LINE('',#6895,#6896);
#6895 = CARTESIAN_POINT('',(0.5,-0.4,0.));
#6896 = VECTOR('',#6897,1.);
#6897 = DIRECTION('',(0.,1.,0.));
#6898 = ORIENTED_EDGE('',*,*,#6899,.F.);
#6899 = EDGE_CURVE('',#6900,#6892,#6902,.T.);
#6900 = VERTEX_POINT('',#6901);
#6901 = CARTESIAN_POINT('',(0.5,0.4,3.E-02));
#6902 = CIRCLE('',#6903,3.E-02);
#6903 = AXIS2_PLACEMENT_3D('',#6904,#6905,#6906);
#6904 = CARTESIAN_POINT('',(0.5,0.37,3.E-02));
#6905 = DIRECTION('',(-1.,0.,0.));
#6906 = DIRECTION('',(0.,0.,1.));
#6907 = ORIENTED_EDGE('',*,*,#6908,.T.);
#6908 = EDGE_CURVE('',#6900,#6909,#6911,.T.);
#6909 = VERTEX_POINT('',#6910);
#6910 = CARTESIAN_POINT('',(0.5,0.4,0.77));
#6911 = LINE('',#6912,#6913);
#6912 = CARTESIAN_POINT('',(0.5,0.4,0.));
#6913 = VECTOR('',#6914,1.);
#6914 = DIRECTION('',(0.,0.,1.));
#6915 = ORIENTED_EDGE('',*,*,#6916,.T.);
#6916 = EDGE_CURVE('',#6909,#6917,#6919,.T.);
#6917 = VERTEX_POINT('',#6918);
#6918 = CARTESIAN_POINT('',(0.5,0.37,0.8));
#6919 = CIRCLE('',#6920,3.E-02);
#6920 = AXIS2_PLACEMENT_3D('',#6921,#6922,#6923);
#6921 = CARTESIAN_POINT('',(0.5,0.37,0.77));
#6922 = DIRECTION('',(1.,0.,-0.));
#6923 = DIRECTION('',(0.,0.,1.));
#6924 = ORIENTED_EDGE('',*,*,#6925,.F.);
#6925 = EDGE_CURVE('',#6926,#6917,#6928,.T.);
#6926 = VERTEX_POINT('',#6927);
#6927 = CARTESIAN_POINT('',(0.5,-0.37,0.8));
#6928 = LINE('',#6929,#6930);
#6929 = CARTESIAN_POINT('',(0.5,-0.4,0.8));
#6930 = VECTOR('',#6931,1.);
#6931 = DIRECTION('',(0.,1.,0.));
#6932 = ORIENTED_EDGE('',*,*,#6933,.F.);
#6933 = EDGE_CURVE('',#6875,#6926,#6934,.T.);
#6934 = CIRCLE('',#6935,3.E-02);
#6935 = AXIS2_PLACEMENT_3D('',#6936,#6937,#6938);
#6936 = CARTESIAN_POINT('',(0.5,-0.37,0.77));
#6937 = DIRECTION('',(-1.,0.,0.));
#6938 = DIRECTION('',(0.,0.,1.));
#6939 = FACE_BOUND('',#6940,.F.);
#6940 = EDGE_LOOP('',(#6941,#6942,#6943,#6944,#6945,#6946,#6947,#6948));
#6941 = ORIENTED_EDGE('',*,*,#6685,.F.);
#6942 = ORIENTED_EDGE('',*,*,#6855,.T.);
#6943 = ORIENTED_EDGE('',*,*,#6838,.T.);
#6944 = ORIENTED_EDGE('',*,*,#6815,.T.);
#6945 = ORIENTED_EDGE('',*,*,#6790,.F.);
#6946 = ORIENTED_EDGE('',*,*,#6757,.F.);
#6947 = ORIENTED_EDGE('',*,*,#6740,.T.);
#6948 = ORIENTED_EDGE('',*,*,#6710,.F.);
#6949 = PLANE('',#6950);
#6950 = AXIS2_PLACEMENT_3D('',#6951,#6952,#6953);
#6951 = CARTESIAN_POINT('',(0.5,-0.4,0.));
#6952 = DIRECTION('',(1.,0.,0.));
#6953 = DIRECTION('',(0.,0.,1.));
#6954 = ADVANCED_FACE('',(#6955),#6980,.F.);
#6955 = FACE_BOUND('',#6956,.F.);
#6956 = EDGE_LOOP('',(#6957,#6967,#6973,#6974));
#6957 = ORIENTED_EDGE('',*,*,#6958,.F.);
#6958 = EDGE_CURVE('',#6959,#6961,#6963,.T.);
#6959 = VERTEX_POINT('',#6960);
#6960 = CARTESIAN_POINT('',(0.8,-0.4,3.E-02));
#6961 = VERTEX_POINT('',#6962);
#6962 = CARTESIAN_POINT('',(0.8,-0.4,0.77));
#6963 = LINE('',#6964,#6965);
#6964 = CARTESIAN_POINT('',(0.8,-0.4,0.));
#6965 = VECTOR('',#6966,1.);
#6966 = DIRECTION('',(0.,0.,1.));
#6967 = ORIENTED_EDGE('',*,*,#6968,.F.);
#6968 = EDGE_CURVE('',#6873,#6959,#6969,.T.);
#6969 = LINE('',#6970,#6971);
#6970 = CARTESIAN_POINT('',(0.5,-0.4,3.E-02));
#6971 = VECTOR('',#6972,1.);
#6972 = DIRECTION('',(1.,0.,0.));
#6973 = ORIENTED_EDGE('',*,*,#6872,.T.);
#6974 = ORIENTED_EDGE('',*,*,#6975,.T.);
#6975 = EDGE_CURVE('',#6875,#6961,#6976,.T.);
#6976 = LINE('',#6977,#6978);
#6977 = CARTESIAN_POINT('',(0.5,-0.4,0.77));
#6978 = VECTOR('',#6979,1.);
#6979 = DIRECTION('',(1.,0.,0.));
#6980 = PLANE('',#6981);
#6981 = AXIS2_PLACEMENT_3D('',#6982,#6983,#6984);
#6982 = CARTESIAN_POINT('',(0.5,-0.4,0.));
#6983 = DIRECTION('',(0.,1.,0.));
#6984 = DIRECTION('',(0.,-0.,1.));
#6985 = ADVANCED_FACE('',(#6986),#7005,.T.);
#6986 = FACE_BOUND('',#6987,.T.);
#6987 = EDGE_LOOP('',(#6988,#6989,#6997,#7004));
#6988 = ORIENTED_EDGE('',*,*,#6882,.T.);
#6989 = ORIENTED_EDGE('',*,*,#6990,.T.);
#6990 = EDGE_CURVE('',#6883,#6991,#6993,.T.);
#6991 = VERTEX_POINT('',#6992);
#6992 = CARTESIAN_POINT('',(0.8,-0.37,0.));
#6993 = LINE('',#6994,#6995);
#6994 = CARTESIAN_POINT('',(0.5,-0.37,0.));
#6995 = VECTOR('',#6996,1.);
#6996 = DIRECTION('',(1.,0.,0.));
#6997 = ORIENTED_EDGE('',*,*,#6998,.F.);
#6998 = EDGE_CURVE('',#6959,#6991,#6999,.T.);
#6999 = CIRCLE('',#7000,3.E-02);
#7000 = AXIS2_PLACEMENT_3D('',#7001,#7002,#7003);
#7001 = CARTESIAN_POINT('',(0.8,-0.37,3.E-02));
#7002 = DIRECTION('',(1.,0.,-0.));
#7003 = DIRECTION('',(0.,0.,1.));
#7004 = ORIENTED_EDGE('',*,*,#6968,.F.);
#7005 = CYLINDRICAL_SURFACE('',#7006,3.E-02);
#7006 = AXIS2_PLACEMENT_3D('',#7007,#7008,#7009);
#7007 = CARTESIAN_POINT('',(0.5,-0.37,3.E-02));
#7008 = DIRECTION('',(1.,0.,0.));
#7009 = DIRECTION('',(0.,-1.,0.));
#7010 = ADVANCED_FACE('',(#7011),#7030,.T.);
#7011 = FACE_BOUND('',#7012,.T.);
#7012 = EDGE_LOOP('',(#7013,#7014,#7023,#7029));
#7013 = ORIENTED_EDGE('',*,*,#6975,.T.);
#7014 = ORIENTED_EDGE('',*,*,#7015,.T.);
#7015 = EDGE_CURVE('',#6961,#7016,#7018,.T.);
#7016 = VERTEX_POINT('',#7017);
#7017 = CARTESIAN_POINT('',(0.8,-0.37,0.8));
#7018 = CIRCLE('',#7019,3.E-02);
#7019 = AXIS2_PLACEMENT_3D('',#7020,#7021,#7022);
#7020 = CARTESIAN_POINT('',(0.8,-0.37,0.77));
#7021 = DIRECTION('',(-1.,0.,0.));
#7022 = DIRECTION('',(0.,0.,1.));
#7023 = ORIENTED_EDGE('',*,*,#7024,.F.);
#7024 = EDGE_CURVE('',#6926,#7016,#7025,.T.);
#7025 = LINE('',#7026,#7027);
#7026 = CARTESIAN_POINT('',(0.5,-0.37,0.8));
#7027 = VECTOR('',#7028,1.);
#7028 = DIRECTION('',(1.,0.,0.));
#7029 = ORIENTED_EDGE('',*,*,#6933,.F.);
#7030 = CYLINDRICAL_SURFACE('',#7031,3.E-02);
#7031 = AXIS2_PLACEMENT_3D('',#7032,#7033,#7034);
#7032 = CARTESIAN_POINT('',(0.5,-0.37,0.77));
#7033 = DIRECTION('',(1.,0.,0.));
#7034 = DIRECTION('',(0.,-1.,0.));
#7035 = ADVANCED_FACE('',(#7036),#7054,.F.);
#7036 = FACE_BOUND('',#7037,.F.);
#7037 = EDGE_LOOP('',(#7038,#7039,#7040,#7048));
#7038 = ORIENTED_EDGE('',*,*,#6891,.F.);
#7039 = ORIENTED_EDGE('',*,*,#6990,.T.);
#7040 = ORIENTED_EDGE('',*,*,#7041,.T.);
#7041 = EDGE_CURVE('',#6991,#7042,#7044,.T.);
#7042 = VERTEX_POINT('',#7043);
#7043 = CARTESIAN_POINT('',(0.8,0.37,0.));
#7044 = LINE('',#7045,#7046);
#7045 = CARTESIAN_POINT('',(0.8,-0.4,0.));
#7046 = VECTOR('',#7047,1.);
#7047 = DIRECTION('',(0.,1.,0.));
#7048 = ORIENTED_EDGE('',*,*,#7049,.F.);
#7049 = EDGE_CURVE('',#6892,#7042,#7050,.T.);
#7050 = LINE('',#7051,#7052);
#7051 = CARTESIAN_POINT('',(0.5,0.37,0.));
#7052 = VECTOR('',#7053,1.);
#7053 = DIRECTION('',(1.,0.,0.));
#7054 = PLANE('',#7055);
#7055 = AXIS2_PLACEMENT_3D('',#7056,#7057,#7058);
#7056 = CARTESIAN_POINT('',(0.5,-0.4,0.));
#7057 = DIRECTION('',(0.,0.,1.));
#7058 = DIRECTION('',(1.,0.,-0.));
#7059 = ADVANCED_FACE('',(#7060),#7078,.T.);
#7060 = FACE_BOUND('',#7061,.T.);
#7061 = EDGE_LOOP('',(#7062,#7063,#7064,#7072));
#7062 = ORIENTED_EDGE('',*,*,#6925,.F.);
#7063 = ORIENTED_EDGE('',*,*,#7024,.T.);
#7064 = ORIENTED_EDGE('',*,*,#7065,.T.);
#7065 = EDGE_CURVE('',#7016,#7066,#7068,.T.);
#7066 = VERTEX_POINT('',#7067);
#7067 = CARTESIAN_POINT('',(0.8,0.37,0.8));
#7068 = LINE('',#7069,#7070);
#7069 = CARTESIAN_POINT('',(0.8,-0.4,0.8));
#7070 = VECTOR('',#7071,1.);
#7071 = DIRECTION('',(0.,1.,0.));
#7072 = ORIENTED_EDGE('',*,*,#7073,.F.);
#7073 = EDGE_CURVE('',#6917,#7066,#7074,.T.);
#7074 = LINE('',#7075,#7076);
#7075 = CARTESIAN_POINT('',(0.5,0.37,0.8));
#7076 = VECTOR('',#7077,1.);
#7077 = DIRECTION('',(1.,0.,0.));
#7078 = PLANE('',#7079);
#7079 = AXIS2_PLACEMENT_3D('',#7080,#7081,#7082);
#7080 = CARTESIAN_POINT('',(0.5,-0.4,0.8));
#7081 = DIRECTION('',(0.,0.,1.));
#7082 = DIRECTION('',(1.,0.,-0.));
#7083 = ADVANCED_FACE('',(#7084),#7103,.T.);
#7084 = FACE_BOUND('',#7085,.T.);
#7085 = EDGE_LOOP('',(#7086,#7094,#7101,#7102));
#7086 = ORIENTED_EDGE('',*,*,#7087,.T.);
#7087 = EDGE_CURVE('',#6900,#7088,#7090,.T.);
#7088 = VERTEX_POINT('',#7089);
#7089 = CARTESIAN_POINT('',(0.8,0.4,3.E-02));
#7090 = LINE('',#7091,#7092);
#7091 = CARTESIAN_POINT('',(0.5,0.4,3.E-02));
#7092 = VECTOR('',#7093,1.);
#7093 = DIRECTION('',(1.,0.,0.));
#7094 = ORIENTED_EDGE('',*,*,#7095,.T.);
#7095 = EDGE_CURVE('',#7088,#7042,#7096,.T.);
#7096 = CIRCLE('',#7097,3.E-02);
#7097 = AXIS2_PLACEMENT_3D('',#7098,#7099,#7100);
#7098 = CARTESIAN_POINT('',(0.8,0.37,3.E-02));
#7099 = DIRECTION('',(-1.,0.,0.));
#7100 = DIRECTION('',(0.,0.,1.));
#7101 = ORIENTED_EDGE('',*,*,#7049,.F.);
#7102 = ORIENTED_EDGE('',*,*,#6899,.F.);
#7103 = CYLINDRICAL_SURFACE('',#7104,3.E-02);
#7104 = AXIS2_PLACEMENT_3D('',#7105,#7106,#7107);
#7105 = CARTESIAN_POINT('',(0.5,0.37,3.E-02));
#7106 = DIRECTION('',(1.,0.,0.));
#7107 = DIRECTION('',(-0.,1.,0.));
#7108 = ADVANCED_FACE('',(#7109),#7128,.T.);
#7109 = FACE_BOUND('',#7110,.T.);
#7110 = EDGE_LOOP('',(#7111,#7112,#7113,#7122));
#7111 = ORIENTED_EDGE('',*,*,#6916,.T.);
#7112 = ORIENTED_EDGE('',*,*,#7073,.T.);
#7113 = ORIENTED_EDGE('',*,*,#7114,.F.);
#7114 = EDGE_CURVE('',#7115,#7066,#7117,.T.);
#7115 = VERTEX_POINT('',#7116);
#7116 = CARTESIAN_POINT('',(0.8,0.4,0.77));
#7117 = CIRCLE('',#7118,3.E-02);
#7118 = AXIS2_PLACEMENT_3D('',#7119,#7120,#7121);
#7119 = CARTESIAN_POINT('',(0.8,0.37,0.77));
#7120 = DIRECTION('',(1.,0.,-0.));
#7121 = DIRECTION('',(0.,0.,1.));
#7122 = ORIENTED_EDGE('',*,*,#7123,.F.);
#7123 = EDGE_CURVE('',#6909,#7115,#7124,.T.);
#7124 = LINE('',#7125,#7126);
#7125 = CARTESIAN_POINT('',(0.5,0.4,0.77));
#7126 = VECTOR('',#7127,1.);
#7127 = DIRECTION('',(1.,0.,0.));
#7128 = CYLINDRICAL_SURFACE('',#7129,3.E-02);
#7129 = AXIS2_PLACEMENT_3D('',#7130,#7131,#7132);
#7130 = CARTESIAN_POINT('',(0.5,0.37,0.77));
#7131 = DIRECTION('',(1.,0.,0.));
#7132 = DIRECTION('',(-0.,1.,0.));
#7133 = ADVANCED_FACE('',(#7134),#7145,.T.);
#7134 = FACE_BOUND('',#7135,.T.);
#7135 = EDGE_LOOP('',(#7136,#7142,#7143,#7144));
#7136 = ORIENTED_EDGE('',*,*,#7137,.F.);
#7137 = EDGE_CURVE('',#7088,#7115,#7138,.T.);
#7138 = LINE('',#7139,#7140);
#7139 = CARTESIAN_POINT('',(0.8,0.4,0.));
#7140 = VECTOR('',#7141,1.);
#7141 = DIRECTION('',(0.,0.,1.));
#7142 = ORIENTED_EDGE('',*,*,#7087,.F.);
#7143 = ORIENTED_EDGE('',*,*,#6908,.T.);
#7144 = ORIENTED_EDGE('',*,*,#7123,.T.);
#7145 = PLANE('',#7146);
#7146 = AXIS2_PLACEMENT_3D('',#7147,#7148,#7149);
#7147 = CARTESIAN_POINT('',(0.5,0.4,0.));
#7148 = DIRECTION('',(0.,1.,0.));
#7149 = DIRECTION('',(0.,-0.,1.));
#7150 = ADVANCED_FACE('',(#7151),#7161,.T.);
#7151 = FACE_BOUND('',#7152,.T.);
#7152 = EDGE_LOOP('',(#7153,#7154,#7155,#7156,#7157,#7158,#7159,#7160));
#7153 = ORIENTED_EDGE('',*,*,#6958,.F.);
#7154 = ORIENTED_EDGE('',*,*,#6998,.T.);
#7155 = ORIENTED_EDGE('',*,*,#7041,.T.);
#7156 = ORIENTED_EDGE('',*,*,#7095,.F.);
#7157 = ORIENTED_EDGE('',*,*,#7137,.T.);
#7158 = ORIENTED_EDGE('',*,*,#7114,.T.);
#7159 = ORIENTED_EDGE('',*,*,#7065,.F.);
#7160 = ORIENTED_EDGE('',*,*,#7015,.F.);
#7161 = PLANE('',#7162);
#7162 = AXIS2_PLACEMENT_3D('',#7163,#7164,#7165);
#7163 = CARTESIAN_POINT('',(0.8,-0.4,0.));
#7164 = DIRECTION('',(1.,0.,0.));
#7165 = DIRECTION('',(0.,0.,1.));
#7166 = ( GEOMETRIC_REPRESENTATION_CONTEXT(3) 
GLOBAL_UNCERTAINTY_ASSIGNED_CONTEXT((#7170)) 
GLOBAL_UNIT_ASSIGNED_CONTEXT((#7167,#7168,#7169)) REPRESENTATION_CONTEXT
('Context #1','3D Context with UNIT and UNCERTAINTY') );
#7167 = ( LENGTH_UNIT() NAMED_UNIT(*) SI_UNIT(.MILLI.,.METRE.) );
#7168 = ( NAMED_UNIT(*) PLANE_ANGLE_UNIT() SI_UNIT($,.RADIAN.) );
#7169 = ( NAMED_UNIT(*) SI_UNIT($,.STERADIAN.) SOLID_ANGLE_UNIT() );
#7170 = UNCERTAINTY_MEASURE_WITH_UNIT(LENGTH_MEASURE(1.E-07),#7167,
  'distance_accuracy_value','confusion accuracy');
#7171 = CONTEXT_DEPENDENT_SHAPE_REPRESENTATION(#7172,#7174);
#7172 = ( REPRESENTATION_RELATIONSHIP('','',#6311,#6288) 
REPRESENTATION_RELATIONSHIP_WITH_TRANSFORMATION(#7173) 
SHAPE_REPRESENTATION_RELATIONSHIP() );
#7173 = ITEM_DEFINED_TRANSFORMATION('','',#11,#6289);
#7174 = PRODUCT_DEFINITION_SHAPE('Placement','Placement of an item',
  #7175);
#7175 = NEXT_ASSEMBLY_USAGE_OCCURRENCE('17','=>[0:1:1:13]','',#6283,
  #6306,$);
#7176 = PRODUCT_RELATED_PRODUCT_CATEGORY('part',$,(#6308));
#7177 = CONTEXT_DEPENDENT_SHAPE_REPRESENTATION(#7178,#7180);
#7178 = ( REPRESENTATION_RELATIONSHIP('','',#3957,#10) 
REPRESENTATION_RELATIONSHIP_WITH_TRANSFORMATION(#7179) 
SHAPE_REPRESENTATION_RELATIONSHIP() );
#7179 = ITEM_DEFINED_TRANSFORMATION('','',#11,#63);
#7180 = PRODUCT_DEFINITION_SHAPE('Placement','Placement of an item',
  #7181);
#7181 = NEXT_ASSEMBLY_USAGE_OCCURRENCE('19','R2','',#5,#3952,$);
#7182 = SHAPE_DEFINITION_REPRESENTATION(#7183,#7189);
#7183 = PRODUCT_DEFINITION_SHAPE('','',#7184);
#7184 = PRODUCT_DEFINITION('design','',#7185,#7188);
#7185 = PRODUCT_DEFINITION_FORMATION('','',#7186);
#7186 = PRODUCT('LED_0805_2012Metric','LED_0805_2012Metric','',(#7187));
#7187 = PRODUCT_CONTEXT('',#2,'mechanical');
#7188 = PRODUCT_DEFINITION_CONTEXT('part definition',#2,'design');
#7189 = SHAPE_REPRESENTATION('',(#11,#7190),#7194);
#7190 = AXIS2_PLACEMENT_3D('',#7191,#7192,#7193);
#7191 = CARTESIAN_POINT('',(0.,0.,0.));
#7192 = DIRECTION('',(0.,0.,1.));
#7193 = DIRECTION('',(1.,0.,-0.));
#7194 = ( GEOMETRIC_REPRESENTATION_CONTEXT(3) 
GLOBAL_UNCERTAINTY_ASSIGNED_CONTEXT((#7198)) 
GLOBAL_UNIT_ASSIGNED_CONTEXT((#7195,#7196,#7197)) REPRESENTATION_CONTEXT
('Context #1','3D Context with UNIT and UNCERTAINTY') );
#7195 = ( LENGTH_UNIT() NAMED_UNIT(*) SI_UNIT(.MILLI.,.METRE.) );
#7196 = ( NAMED_UNIT(*) PLANE_ANGLE_UNIT() SI_UNIT($,.RADIAN.) );
#7197 = ( NAMED_UNIT(*) SI_UNIT($,.STERADIAN.) SOLID_ANGLE_UNIT() );
#7198 = UNCERTAINTY_MEASURE_WITH_UNIT(LENGTH_MEASURE(1.E-07),#7195,
  'distance_accuracy_value','confusion accuracy');
#7199 = CONTEXT_DEPENDENT_SHAPE_REPRESENTATION(#7200,#7202);
#7200 = ( REPRESENTATION_RELATIONSHIP('','',#7189,#10) 
REPRESENTATION_RELATIONSHIP_WITH_TRANSFORMATION(#7201) 
SHAPE_REPRESENTATION_RELATIONSHIP() );
#7201 = ITEM_DEFINED_TRANSFORMATION('','',#11,#67);
#7202 = PRODUCT_DEFINITION_SHAPE('Placement','Placement of an item',
  #7203);
#7203 = NEXT_ASSEMBLY_USAGE_OCCURRENCE('21','D3','',#5,#7184,$);
#7204 = PRODUCT_RELATED_PRODUCT_CATEGORY('part',$,(#7186));
#7205 = SHAPE_DEFINITION_REPRESENTATION(#7206,#7212);
#7206 = PRODUCT_DEFINITION_SHAPE('','',#7207);
#7207 = PRODUCT_DEFINITION('design','',#7208,#7211);
#7208 = PRODUCT_DEFINITION_FORMATION('','',#7209);
#7209 = PRODUCT('LED_0805_2012Metric','LED_0805_2012Metric','',(#7210));
#7210 = PRODUCT_CONTEXT('',#2,'mechanical');
#7211 = PRODUCT_DEFINITION_CONTEXT('part definition',#2,'design');
#7212 = ADVANCED_BREP_SHAPE_REPRESENTATION('',(#11,#7213),#8736);
#7213 = MANIFOLD_SOLID_BREP('',#7214);
#7214 = CLOSED_SHELL('',(#7215,#7255,#7302,#7381,#7405,#7445,#7476,#7493
    ,#7526,#7550,#7617,#7738,#7805,#7829,#7860,#7893,#7949,#7973,#7997,
    #8021,#8054,#8066,#8129,#8154,#8171,#8195,#8213,#8231,#8249,#8266,
    #8283,#8314,#8339,#8364,#8388,#8405,#8436,#8460,#8477,#8505,#8530,
    #8554,#8579,#8626,#8643,#8655,#8677,#8689,#8707,#8725));
#7215 = ADVANCED_FACE('',(#7216),#7250,.F.);
#7216 = FACE_BOUND('',#7217,.F.);
#7217 = EDGE_LOOP('',(#7218,#7228,#7236,#7244));
#7218 = ORIENTED_EDGE('',*,*,#7219,.T.);
#7219 = EDGE_CURVE('',#7220,#7222,#7224,.T.);
#7220 = VERTEX_POINT('',#7221);
#7221 = CARTESIAN_POINT('',(-0.65,-0.625,0.465));
#7222 = VERTEX_POINT('',#7223);
#7223 = CARTESIAN_POINT('',(-0.585,-0.625,1.1));
#7224 = LINE('',#7225,#7226);
#7225 = CARTESIAN_POINT('',(-0.65,-0.625,0.465));
#7226 = VECTOR('',#7227,1.);
#7227 = DIRECTION('',(0.101830105936,0.,0.994801804142));
#7228 = ORIENTED_EDGE('',*,*,#7229,.T.);
#7229 = EDGE_CURVE('',#7222,#7230,#7232,.T.);
#7230 = VERTEX_POINT('',#7231);
#7231 = CARTESIAN_POINT('',(0.585,-0.625,1.1));
#7232 = LINE('',#7233,#7234);
#7233 = CARTESIAN_POINT('',(-0.585,-0.625,1.1));
#7234 = VECTOR('',#7235,1.);
#7235 = DIRECTION('',(1.,0.,0.));
#7236 = ORIENTED_EDGE('',*,*,#7237,.T.);
#7237 = EDGE_CURVE('',#7230,#7238,#7240,.T.);
#7238 = VERTEX_POINT('',#7239);
#7239 = CARTESIAN_POINT('',(0.65,-0.625,0.465));
#7240 = LINE('',#7241,#7242);
#7241 = CARTESIAN_POINT('',(0.585,-0.625,1.1));
#7242 = VECTOR('',#7243,1.);
#7243 = DIRECTION('',(0.101830105936,0.,-0.994801804142));
#7244 = ORIENTED_EDGE('',*,*,#7245,.T.);
#7245 = EDGE_CURVE('',#7238,#7220,#7246,.T.);
#7246 = LINE('',#7247,#7248);
#7247 = CARTESIAN_POINT('',(0.65,-0.625,0.465));
#7248 = VECTOR('',#7249,1.);
#7249 = DIRECTION('',(-1.,0.,-4.270088556251E-17));
#7250 = PLANE('',#7251);
#7251 = AXIS2_PLACEMENT_3D('',#7252,#7253,#7254);
#7252 = CARTESIAN_POINT('',(1.481626402817E-17,-0.625,0.771483451357));
#7253 = DIRECTION('',(-5.57234551408E-33,1.,3.18580557984E-32));
#7254 = DIRECTION('',(0.,-3.18580557984E-32,1.));
#7255 = ADVANCED_FACE('',(#7256),#7297,.T.);
#7256 = FACE_BOUND('',#7257,.T.);
#7257 = EDGE_LOOP('',(#7258,#7268,#7276,#7282,#7283,#7291));
#7258 = ORIENTED_EDGE('',*,*,#7259,.T.);
#7259 = EDGE_CURVE('',#7260,#7262,#7264,.T.);
#7260 = VERTEX_POINT('',#7261);
#7261 = CARTESIAN_POINT('',(-0.65,0.625,0.465));
#7262 = VERTEX_POINT('',#7263);
#7263 = CARTESIAN_POINT('',(-0.65,0.46875,0.465));
#7264 = LINE('',#7265,#7266);
#7265 = CARTESIAN_POINT('',(-0.65,0.625,0.465));
#7266 = VECTOR('',#7267,1.);
#7267 = DIRECTION('',(0.,-1.,0.));
#7268 = ORIENTED_EDGE('',*,*,#7269,.F.);
#7269 = EDGE_CURVE('',#7270,#7262,#7272,.T.);
#7270 = VERTEX_POINT('',#7271);
#7271 = CARTESIAN_POINT('',(-0.65,-0.46875,0.465));
#7272 = LINE('',#7273,#7274);
#7273 = CARTESIAN_POINT('',(-0.65,-0.625,0.465));
#7274 = VECTOR('',#7275,1.);
#7275 = DIRECTION('',(0.,1.,0.));
#7276 = ORIENTED_EDGE('',*,*,#7277,.T.);
#7277 = EDGE_CURVE('',#7270,#7220,#7278,.T.);
#7278 = LINE('',#7279,#7280);
#7279 = CARTESIAN_POINT('',(-0.65,0.625,0.465));
#7280 = VECTOR('',#7281,1.);
#7281 = DIRECTION('',(0.,-1.,0.));
#7282 = ORIENTED_EDGE('',*,*,#7219,.T.);
#7283 = ORIENTED_EDGE('',*,*,#7284,.F.);
#7284 = EDGE_CURVE('',#7285,#7222,#7287,.T.);
#7285 = VERTEX_POINT('',#7286);
#7286 = CARTESIAN_POINT('',(-0.585,0.625,1.1));
#7287 = LINE('',#7288,#7289);
#7288 = CARTESIAN_POINT('',(-0.585,0.625,1.1));
#7289 = VECTOR('',#7290,1.);
#7290 = DIRECTION('',(0.,-1.,0.));
#7291 = ORIENTED_EDGE('',*,*,#7292,.F.);
#7292 = EDGE_CURVE('',#7260,#7285,#7293,.T.);
#7293 = LINE('',#7294,#7295);
#7294 = CARTESIAN_POINT('',(-0.65,0.625,0.465));
#7295 = VECTOR('',#7296,1.);
#7296 = DIRECTION('',(0.101830105936,0.,0.994801804142));
#7297 = PLANE('',#7298);
#7298 = AXIS2_PLACEMENT_3D('',#7299,#7300,#7301);
#7299 = CARTESIAN_POINT('',(-0.65,0.625,0.465));
#7300 = DIRECTION('',(-0.994801804142,0.,0.101830105936));
#7301 = DIRECTION('',(0.101830105936,0.,0.994801804142));
#7302 = ADVANCED_FACE('',(#7303),#7376,.F.);
#7303 = FACE_BOUND('',#7304,.F.);
#7304 = EDGE_LOOP('',(#7305,#7315,#7323,#7331,#7337,#7338,#7346,#7354,
    #7362,#7370));
#7305 = ORIENTED_EDGE('',*,*,#7306,.F.);
#7306 = EDGE_CURVE('',#7307,#7309,#7311,.T.);
#7307 = VERTEX_POINT('',#7308);
#7308 = CARTESIAN_POINT('',(-0.965,-0.625,3.5E-02));
#7309 = VERTEX_POINT('',#7310);
#7310 = CARTESIAN_POINT('',(-0.9125,-0.625,3.5E-02));
#7311 = LINE('',#7312,#7313);
#7312 = CARTESIAN_POINT('',(-0.965,-0.625,3.5E-02));
#7313 = VECTOR('',#7314,1.);
#7314 = DIRECTION('',(1.,0.,0.));
#7315 = ORIENTED_EDGE('',*,*,#7316,.T.);
#7316 = EDGE_CURVE('',#7307,#7317,#7319,.T.);
#7317 = VERTEX_POINT('',#7318);
#7318 = CARTESIAN_POINT('',(-0.965,-0.625,0.465));
#7319 = LINE('',#7320,#7321);
#7320 = CARTESIAN_POINT('',(-0.965,-0.625,3.5E-02));
#7321 = VECTOR('',#7322,1.);
#7322 = DIRECTION('',(0.,0.,1.));
#7323 = ORIENTED_EDGE('',*,*,#7324,.T.);
#7324 = EDGE_CURVE('',#7317,#7325,#7327,.T.);
#7325 = VERTEX_POINT('',#7326);
#7326 = CARTESIAN_POINT('',(-0.9125,-0.625,0.465));
#7327 = LINE('',#7328,#7329);
#7328 = CARTESIAN_POINT('',(-0.965,-0.625,0.465));
#7329 = VECTOR('',#7330,1.);
#7330 = DIRECTION('',(1.,0.,0.));
#7331 = ORIENTED_EDGE('',*,*,#7332,.T.);
#7332 = EDGE_CURVE('',#7325,#7220,#7333,.T.);
#7333 = LINE('',#7334,#7335);
#7334 = CARTESIAN_POINT('',(-0.965,-0.625,0.465));
#7335 = VECTOR('',#7336,1.);
#7336 = DIRECTION('',(1.,0.,0.));
#7337 = ORIENTED_EDGE('',*,*,#7245,.F.);
#7338 = ORIENTED_EDGE('',*,*,#7339,.T.);
#7339 = EDGE_CURVE('',#7238,#7340,#7342,.T.);
#7340 = VERTEX_POINT('',#7341);
#7341 = CARTESIAN_POINT('',(0.9125,-0.625,0.465));
#7342 = LINE('',#7343,#7344);
#7343 = CARTESIAN_POINT('',(-0.965,-0.625,0.465));
#7344 = VECTOR('',#7345,1.);
#7345 = DIRECTION('',(1.,0.,0.));
#7346 = ORIENTED_EDGE('',*,*,#7347,.T.);
#7347 = EDGE_CURVE('',#7340,#7348,#7350,.T.);
#7348 = VERTEX_POINT('',#7349);
#7349 = CARTESIAN_POINT('',(0.965,-0.625,0.465));
#7350 = LINE('',#7351,#7352);
#7351 = CARTESIAN_POINT('',(-0.965,-0.625,0.465));
#7352 = VECTOR('',#7353,1.);
#7353 = DIRECTION('',(1.,0.,0.));
#7354 = ORIENTED_EDGE('',*,*,#7355,.F.);
#7355 = EDGE_CURVE('',#7356,#7348,#7358,.T.);
#7356 = VERTEX_POINT('',#7357);
#7357 = CARTESIAN_POINT('',(0.965,-0.625,3.5E-02));
#7358 = LINE('',#7359,#7360);
#7359 = CARTESIAN_POINT('',(0.965,-0.625,3.5E-02));
#7360 = VECTOR('',#7361,1.);
#7361 = DIRECTION('',(0.,0.,1.));
#7362 = ORIENTED_EDGE('',*,*,#7363,.F.);
#7363 = EDGE_CURVE('',#7364,#7356,#7366,.T.);
#7364 = VERTEX_POINT('',#7365);
#7365 = CARTESIAN_POINT('',(0.9125,-0.625,3.5E-02));
#7366 = LINE('',#7367,#7368);
#7367 = CARTESIAN_POINT('',(-0.965,-0.625,3.5E-02));
#7368 = VECTOR('',#7369,1.);
#7369 = DIRECTION('',(1.,0.,0.));
#7370 = ORIENTED_EDGE('',*,*,#7371,.F.);
#7371 = EDGE_CURVE('',#7309,#7364,#7372,.T.);
#7372 = LINE('',#7373,#7374);
#7373 = CARTESIAN_POINT('',(-0.965,-0.625,3.5E-02));
#7374 = VECTOR('',#7375,1.);
#7375 = DIRECTION('',(1.,0.,0.));
#7376 = PLANE('',#7377);
#7377 = AXIS2_PLACEMENT_3D('',#7378,#7379,#7380);
#7378 = CARTESIAN_POINT('',(-0.965,-0.625,3.5E-02));
#7379 = DIRECTION('',(0.,1.,0.));
#7380 = DIRECTION('',(0.,-0.,1.));
#7381 = ADVANCED_FACE('',(#7382),#7400,.T.);
#7382 = FACE_BOUND('',#7383,.T.);
#7383 = EDGE_LOOP('',(#7384,#7385,#7386,#7394));
#7384 = ORIENTED_EDGE('',*,*,#7284,.T.);
#7385 = ORIENTED_EDGE('',*,*,#7229,.T.);
#7386 = ORIENTED_EDGE('',*,*,#7387,.F.);
#7387 = EDGE_CURVE('',#7388,#7230,#7390,.T.);
#7388 = VERTEX_POINT('',#7389);
#7389 = CARTESIAN_POINT('',(0.585,0.625,1.1));
#7390 = LINE('',#7391,#7392);
#7391 = CARTESIAN_POINT('',(0.585,0.625,1.1));
#7392 = VECTOR('',#7393,1.);
#7393 = DIRECTION('',(0.,-1.,0.));
#7394 = ORIENTED_EDGE('',*,*,#7395,.F.);
#7395 = EDGE_CURVE('',#7285,#7388,#7396,.T.);
#7396 = LINE('',#7397,#7398);
#7397 = CARTESIAN_POINT('',(-0.585,0.625,1.1));
#7398 = VECTOR('',#7399,1.);
#7399 = DIRECTION('',(1.,0.,0.));
#7400 = PLANE('',#7401);
#7401 = AXIS2_PLACEMENT_3D('',#7402,#7403,#7404);
#7402 = CARTESIAN_POINT('',(-0.585,0.625,1.1));
#7403 = DIRECTION('',(0.,0.,1.));
#7404 = DIRECTION('',(1.,0.,-0.));
#7405 = ADVANCED_FACE('',(#7406),#7440,.T.);
#7406 = FACE_BOUND('',#7407,.T.);
#7407 = EDGE_LOOP('',(#7408,#7409,#7410,#7418,#7426,#7434));
#7408 = ORIENTED_EDGE('',*,*,#7387,.T.);
#7409 = ORIENTED_EDGE('',*,*,#7237,.T.);
#7410 = ORIENTED_EDGE('',*,*,#7411,.F.);
#7411 = EDGE_CURVE('',#7412,#7238,#7414,.T.);
#7412 = VERTEX_POINT('',#7413);
#7413 = CARTESIAN_POINT('',(0.65,-0.46875,0.465));
#7414 = LINE('',#7415,#7416);
#7415 = CARTESIAN_POINT('',(0.65,0.625,0.465));
#7416 = VECTOR('',#7417,1.);
#7417 = DIRECTION('',(0.,-1.,0.));
#7418 = ORIENTED_EDGE('',*,*,#7419,.F.);
#7419 = EDGE_CURVE('',#7420,#7412,#7422,.T.);
#7420 = VERTEX_POINT('',#7421);
#7421 = CARTESIAN_POINT('',(0.65,0.46875,0.465));
#7422 = LINE('',#7423,#7424);
#7423 = CARTESIAN_POINT('',(0.65,0.625,0.465));
#7424 = VECTOR('',#7425,1.);
#7425 = DIRECTION('',(0.,-1.,0.));
#7426 = ORIENTED_EDGE('',*,*,#7427,.F.);
#7427 = EDGE_CURVE('',#7428,#7420,#7430,.T.);
#7428 = VERTEX_POINT('',#7429);
#7429 = CARTESIAN_POINT('',(0.65,0.625,0.465));
#7430 = LINE('',#7431,#7432);
#7431 = CARTESIAN_POINT('',(0.65,0.625,0.465));
#7432 = VECTOR('',#7433,1.);
#7433 = DIRECTION('',(0.,-1.,0.));
#7434 = ORIENTED_EDGE('',*,*,#7435,.F.);
#7435 = EDGE_CURVE('',#7388,#7428,#7436,.T.);
#7436 = LINE('',#7437,#7438);
#7437 = CARTESIAN_POINT('',(0.585,0.625,1.1));
#7438 = VECTOR('',#7439,1.);
#7439 = DIRECTION('',(0.101830105936,0.,-0.994801804142));
#7440 = PLANE('',#7441);
#7441 = AXIS2_PLACEMENT_3D('',#7442,#7443,#7444);
#7442 = CARTESIAN_POINT('',(0.585,0.625,1.1));
#7443 = DIRECTION('',(0.994801804142,0.,0.101830105936));
#7444 = DIRECTION('',(0.101830105936,0.,-0.994801804142));
#7445 = ADVANCED_FACE('',(#7446),#7471,.T.);
#7446 = FACE_BOUND('',#7447,.T.);
#7447 = EDGE_LOOP('',(#7448,#7456,#7464,#7470));
#7448 = ORIENTED_EDGE('',*,*,#7449,.F.);
#7449 = EDGE_CURVE('',#7450,#7260,#7452,.T.);
#7450 = VERTEX_POINT('',#7451);
#7451 = CARTESIAN_POINT('',(-0.9125,0.625,0.465));
#7452 = LINE('',#7453,#7454);
#7453 = CARTESIAN_POINT('',(-0.965,0.625,0.465));
#7454 = VECTOR('',#7455,1.);
#7455 = DIRECTION('',(1.,0.,0.));
#7456 = ORIENTED_EDGE('',*,*,#7457,.F.);
#7457 = EDGE_CURVE('',#7458,#7450,#7460,.T.);
#7458 = VERTEX_POINT('',#7459);
#7459 = CARTESIAN_POINT('',(-0.9125,0.46875,0.465));
#7460 = LINE('',#7461,#7462);
#7461 = CARTESIAN_POINT('',(-0.9125,7.8125E-02,0.465));
#7462 = VECTOR('',#7463,1.);
#7463 = DIRECTION('',(0.,1.,0.));
#7464 = ORIENTED_EDGE('',*,*,#7465,.F.);
#7465 = EDGE_CURVE('',#7262,#7458,#7466,.T.);
#7466 = LINE('',#7467,#7468);
#7467 = CARTESIAN_POINT('',(-0.93875,0.46875,0.465));
#7468 = VECTOR('',#7469,1.);
#7469 = DIRECTION('',(-1.,0.,0.));
#7470 = ORIENTED_EDGE('',*,*,#7259,.F.);
#7471 = PLANE('',#7472);
#7472 = AXIS2_PLACEMENT_3D('',#7473,#7474,#7475);
#7473 = CARTESIAN_POINT('',(-0.965,-0.625,0.465));
#7474 = DIRECTION('',(0.,0.,1.));
#7475 = DIRECTION('',(1.,0.,-0.));
#7476 = ADVANCED_FACE('',(#7477),#7488,.T.);
#7477 = FACE_BOUND('',#7478,.T.);
#7478 = EDGE_LOOP('',(#7479,#7480,#7481,#7482));
#7479 = ORIENTED_EDGE('',*,*,#7292,.T.);
#7480 = ORIENTED_EDGE('',*,*,#7395,.T.);
#7481 = ORIENTED_EDGE('',*,*,#7435,.T.);
#7482 = ORIENTED_EDGE('',*,*,#7483,.T.);
#7483 = EDGE_CURVE('',#7428,#7260,#7484,.T.);
#7484 = LINE('',#7485,#7486);
#7485 = CARTESIAN_POINT('',(0.65,0.625,0.465));
#7486 = VECTOR('',#7487,1.);
#7487 = DIRECTION('',(-1.,0.,-4.270088556251E-17));
#7488 = PLANE('',#7489);
#7489 = AXIS2_PLACEMENT_3D('',#7490,#7491,#7492);
#7490 = CARTESIAN_POINT('',(1.481626402817E-17,0.625,0.771483451357));
#7491 = DIRECTION('',(-5.57234551408E-33,1.,3.18580557984E-32));
#7492 = DIRECTION('',(0.,-3.18580557984E-32,1.));
#7493 = ADVANCED_FACE('',(#7494),#7521,.T.);
#7494 = FACE_BOUND('',#7495,.T.);
#7495 = EDGE_LOOP('',(#7496,#7505,#7513,#7520));
#7496 = ORIENTED_EDGE('',*,*,#7497,.F.);
#7497 = EDGE_CURVE('',#7498,#7262,#7500,.T.);
#7498 = VERTEX_POINT('',#7499);
#7499 = CARTESIAN_POINT('',(-0.685,0.46875,0.5));
#7500 = CIRCLE('',#7501,3.5E-02);
#7501 = AXIS2_PLACEMENT_3D('',#7502,#7503,#7504);
#7502 = CARTESIAN_POINT('',(-0.685,0.46875,0.465));
#7503 = DIRECTION('',(-0.,1.,0.));
#7504 = DIRECTION('',(1.,0.,0.));
#7505 = ORIENTED_EDGE('',*,*,#7506,.F.);
#7506 = EDGE_CURVE('',#7507,#7498,#7509,.T.);
#7507 = VERTEX_POINT('',#7508);
#7508 = CARTESIAN_POINT('',(-0.685,-0.46875,0.5));
#7509 = LINE('',#7510,#7511);
#7510 = CARTESIAN_POINT('',(-0.685,-0.625,0.5));
#7511 = VECTOR('',#7512,1.);
#7512 = DIRECTION('',(0.,1.,0.));
#7513 = ORIENTED_EDGE('',*,*,#7514,.T.);
#7514 = EDGE_CURVE('',#7507,#7270,#7515,.T.);
#7515 = CIRCLE('',#7516,3.5E-02);
#7516 = AXIS2_PLACEMENT_3D('',#7517,#7518,#7519);
#7517 = CARTESIAN_POINT('',(-0.685,-0.46875,0.465));
#7518 = DIRECTION('',(-0.,1.,0.));
#7519 = DIRECTION('',(1.,0.,0.));
#7520 = ORIENTED_EDGE('',*,*,#7269,.T.);
#7521 = CYLINDRICAL_SURFACE('',#7522,3.5E-02);
#7522 = AXIS2_PLACEMENT_3D('',#7523,#7524,#7525);
#7523 = CARTESIAN_POINT('',(-0.685,-0.625,0.465));
#7524 = DIRECTION('',(0.,1.,0.));
#7525 = DIRECTION('',(1.,0.,0.));
#7526 = ADVANCED_FACE('',(#7527),#7545,.T.);
#7527 = FACE_BOUND('',#7528,.T.);
#7528 = EDGE_LOOP('',(#7529,#7537,#7538,#7539));
#7529 = ORIENTED_EDGE('',*,*,#7530,.F.);
#7530 = EDGE_CURVE('',#7325,#7531,#7533,.T.);
#7531 = VERTEX_POINT('',#7532);
#7532 = CARTESIAN_POINT('',(-0.9125,-0.46875,0.465));
#7533 = LINE('',#7534,#7535);
#7534 = CARTESIAN_POINT('',(-0.9125,-0.546875,0.465));
#7535 = VECTOR('',#7536,1.);
#7536 = DIRECTION('',(0.,1.,0.));
#7537 = ORIENTED_EDGE('',*,*,#7332,.T.);
#7538 = ORIENTED_EDGE('',*,*,#7277,.F.);
#7539 = ORIENTED_EDGE('',*,*,#7540,.F.);
#7540 = EDGE_CURVE('',#7531,#7270,#7541,.T.);
#7541 = LINE('',#7542,#7543);
#7542 = CARTESIAN_POINT('',(-2.625E-02,-0.46875,0.465));
#7543 = VECTOR('',#7544,1.);
#7544 = DIRECTION('',(1.,0.,0.));
#7545 = PLANE('',#7546);
#7546 = AXIS2_PLACEMENT_3D('',#7547,#7548,#7549);
#7547 = CARTESIAN_POINT('',(-0.965,-0.625,0.465));
#7548 = DIRECTION('',(0.,0.,1.));
#7549 = DIRECTION('',(1.,0.,-0.));
#7550 = ADVANCED_FACE('',(#7551),#7612,.F.);
#7551 = FACE_BOUND('',#7552,.F.);
#7552 = EDGE_LOOP('',(#7553,#7563,#7572,#7580,#7589,#7597,#7603,#7604,
    #7605,#7606));
#7553 = ORIENTED_EDGE('',*,*,#7554,.F.);
#7554 = EDGE_CURVE('',#7555,#7557,#7559,.T.);
#7555 = VERTEX_POINT('',#7556);
#7556 = CARTESIAN_POINT('',(-0.965,-0.625,-6.938893903907E-18));
#7557 = VERTEX_POINT('',#7558);
#7558 = CARTESIAN_POINT('',(-0.9125,-0.625,0.));
#7559 = LINE('',#7560,#7561);
#7560 = CARTESIAN_POINT('',(-1.,-0.625,0.));
#7561 = VECTOR('',#7562,1.);
#7562 = DIRECTION('',(1.,0.,0.));
#7563 = ORIENTED_EDGE('',*,*,#7564,.F.);
#7564 = EDGE_CURVE('',#7565,#7555,#7567,.T.);
#7565 = VERTEX_POINT('',#7566);
#7566 = CARTESIAN_POINT('',(-1.,-0.625,3.5E-02));
#7567 = CIRCLE('',#7568,3.5E-02);
#7568 = AXIS2_PLACEMENT_3D('',#7569,#7570,#7571);
#7569 = CARTESIAN_POINT('',(-0.965,-0.625,3.5E-02));
#7570 = DIRECTION('',(0.,-1.,0.));
#7571 = DIRECTION('',(0.,0.,1.));
#7572 = ORIENTED_EDGE('',*,*,#7573,.T.);
#7573 = EDGE_CURVE('',#7565,#7574,#7576,.T.);
#7574 = VERTEX_POINT('',#7575);
#7575 = CARTESIAN_POINT('',(-1.,-0.625,0.465));
#7576 = LINE('',#7577,#7578);
#7577 = CARTESIAN_POINT('',(-1.,-0.625,0.));
#7578 = VECTOR('',#7579,1.);
#7579 = DIRECTION('',(0.,0.,1.));
#7580 = ORIENTED_EDGE('',*,*,#7581,.T.);
#7581 = EDGE_CURVE('',#7574,#7582,#7584,.T.);
#7582 = VERTEX_POINT('',#7583);
#7583 = CARTESIAN_POINT('',(-0.965,-0.625,0.5));
#7584 = CIRCLE('',#7585,3.5E-02);
#7585 = AXIS2_PLACEMENT_3D('',#7586,#7587,#7588);
#7586 = CARTESIAN_POINT('',(-0.965,-0.625,0.465));
#7587 = DIRECTION('',(0.,1.,0.));
#7588 = DIRECTION('',(0.,-0.,1.));
#7589 = ORIENTED_EDGE('',*,*,#7590,.T.);
#7590 = EDGE_CURVE('',#7582,#7591,#7593,.T.);
#7591 = VERTEX_POINT('',#7592);
#7592 = CARTESIAN_POINT('',(-0.9125,-0.625,0.5));
#7593 = LINE('',#7594,#7595);
#7594 = CARTESIAN_POINT('',(-1.,-0.625,0.5));
#7595 = VECTOR('',#7596,1.);
#7596 = DIRECTION('',(1.,0.,0.));
#7597 = ORIENTED_EDGE('',*,*,#7598,.F.);
#7598 = EDGE_CURVE('',#7325,#7591,#7599,.T.);
#7599 = LINE('',#7600,#7601);
#7600 = CARTESIAN_POINT('',(-0.9125,-0.625,0.375));
#7601 = VECTOR('',#7602,1.);
#7602 = DIRECTION('',(0.,0.,1.));
#7603 = ORIENTED_EDGE('',*,*,#7324,.F.);
#7604 = ORIENTED_EDGE('',*,*,#7316,.F.);
#7605 = ORIENTED_EDGE('',*,*,#7306,.T.);
#7606 = ORIENTED_EDGE('',*,*,#7607,.F.);
#7607 = EDGE_CURVE('',#7557,#7309,#7608,.T.);
#7608 = LINE('',#7609,#7610);
#7609 = CARTESIAN_POINT('',(-0.9125,-0.625,0.375));
#7610 = VECTOR('',#7611,1.);
#7611 = DIRECTION('',(0.,0.,1.));
#7612 = PLANE('',#7613);
#7613 = AXIS2_PLACEMENT_3D('',#7614,#7615,#7616);
#7614 = CARTESIAN_POINT('',(-1.,-0.625,0.));
#7615 = DIRECTION('',(0.,1.,0.));
#7616 = DIRECTION('',(0.,-0.,1.));
#7617 = ADVANCED_FACE('',(#7618,#7707),#7733,.F.);
#7618 = FACE_BOUND('',#7619,.F.);
#7619 = EDGE_LOOP('',(#7620,#7628,#7629,#7637,#7645,#7653,#7661,#7669,
    #7677,#7685,#7693,#7701));
#7620 = ORIENTED_EDGE('',*,*,#7621,.F.);
#7621 = EDGE_CURVE('',#7309,#7622,#7624,.T.);
#7622 = VERTEX_POINT('',#7623);
#7623 = CARTESIAN_POINT('',(-0.9125,-0.46875,3.5E-02));
#7624 = LINE('',#7625,#7626);
#7625 = CARTESIAN_POINT('',(-0.9125,-0.546875,3.5E-02));
#7626 = VECTOR('',#7627,1.);
#7627 = DIRECTION('',(0.,1.,0.));
#7628 = ORIENTED_EDGE('',*,*,#7371,.T.);
#7629 = ORIENTED_EDGE('',*,*,#7630,.F.);
#7630 = EDGE_CURVE('',#7631,#7364,#7633,.T.);
#7631 = VERTEX_POINT('',#7632);
#7632 = CARTESIAN_POINT('',(0.9125,-0.46875,3.5E-02));
#7633 = LINE('',#7634,#7635);
#7634 = CARTESIAN_POINT('',(0.9125,-0.703125,3.5E-02));
#7635 = VECTOR('',#7636,1.);
#7636 = DIRECTION('',(0.,-1.,0.));
#7637 = ORIENTED_EDGE('',*,*,#7638,.F.);
#7638 = EDGE_CURVE('',#7639,#7631,#7641,.T.);
#7639 = VERTEX_POINT('',#7640);
#7640 = CARTESIAN_POINT('',(0.65,-0.46875,3.5E-02));
#7641 = LINE('',#7642,#7643);
#7642 = CARTESIAN_POINT('',(-2.625E-02,-0.46875,3.5E-02));
#7643 = VECTOR('',#7644,1.);
#7644 = DIRECTION('',(1.,0.,0.));
#7645 = ORIENTED_EDGE('',*,*,#7646,.T.);
#7646 = EDGE_CURVE('',#7639,#7647,#7649,.T.);
#7647 = VERTEX_POINT('',#7648);
#7648 = CARTESIAN_POINT('',(0.65,0.46875,3.5E-02));
#7649 = LINE('',#7650,#7651);
#7650 = CARTESIAN_POINT('',(0.65,-0.625,3.5E-02));
#7651 = VECTOR('',#7652,1.);
#7652 = DIRECTION('',(0.,1.,0.));
#7653 = ORIENTED_EDGE('',*,*,#7654,.F.);
#7654 = EDGE_CURVE('',#7655,#7647,#7657,.T.);
#7655 = VERTEX_POINT('',#7656);
#7656 = CARTESIAN_POINT('',(0.9125,0.46875,3.5E-02));
#7657 = LINE('',#7658,#7659);
#7658 = CARTESIAN_POINT('',(-0.93875,0.46875,3.5E-02));
#7659 = VECTOR('',#7660,1.);
#7660 = DIRECTION('',(-1.,0.,0.));
#7661 = ORIENTED_EDGE('',*,*,#7662,.F.);
#7662 = EDGE_CURVE('',#7663,#7655,#7665,.T.);
#7663 = VERTEX_POINT('',#7664);
#7664 = CARTESIAN_POINT('',(0.9125,0.625,3.5E-02));
#7665 = LINE('',#7666,#7667);
#7666 = CARTESIAN_POINT('',(0.9125,-7.8125E-02,3.5E-02));
#7667 = VECTOR('',#7668,1.);
#7668 = DIRECTION('',(0.,-1.,0.));
#7669 = ORIENTED_EDGE('',*,*,#7670,.F.);
#7670 = EDGE_CURVE('',#7671,#7663,#7673,.T.);
#7671 = VERTEX_POINT('',#7672);
#7672 = CARTESIAN_POINT('',(-0.9125,0.625,3.5E-02));
#7673 = LINE('',#7674,#7675);
#7674 = CARTESIAN_POINT('',(-0.965,0.625,3.5E-02));
#7675 = VECTOR('',#7676,1.);
#7676 = DIRECTION('',(1.,0.,0.));
#7677 = ORIENTED_EDGE('',*,*,#7678,.F.);
#7678 = EDGE_CURVE('',#7679,#7671,#7681,.T.);
#7679 = VERTEX_POINT('',#7680);
#7680 = CARTESIAN_POINT('',(-0.9125,0.46875,3.5E-02));
#7681 = LINE('',#7682,#7683);
#7682 = CARTESIAN_POINT('',(-0.9125,7.8125E-02,3.5E-02));
#7683 = VECTOR('',#7684,1.);
#7684 = DIRECTION('',(0.,1.,0.));
#7685 = ORIENTED_EDGE('',*,*,#7686,.F.);
#7686 = EDGE_CURVE('',#7687,#7679,#7689,.T.);
#7687 = VERTEX_POINT('',#7688);
#7688 = CARTESIAN_POINT('',(-0.65,0.46875,3.5E-02));
#7689 = LINE('',#7690,#7691);
#7690 = CARTESIAN_POINT('',(-0.93875,0.46875,3.5E-02));
#7691 = VECTOR('',#7692,1.);
#7692 = DIRECTION('',(-1.,0.,0.));
#7693 = ORIENTED_EDGE('',*,*,#7694,.F.);
#7694 = EDGE_CURVE('',#7695,#7687,#7697,.T.);
#7695 = VERTEX_POINT('',#7696);
#7696 = CARTESIAN_POINT('',(-0.65,-0.46875,3.5E-02));
#7697 = LINE('',#7698,#7699);
#7698 = CARTESIAN_POINT('',(-0.65,-0.625,3.5E-02));
#7699 = VECTOR('',#7700,1.);
#7700 = DIRECTION('',(0.,1.,0.));
#7701 = ORIENTED_EDGE('',*,*,#7702,.F.);
#7702 = EDGE_CURVE('',#7622,#7695,#7703,.T.);
#7703 = LINE('',#7704,#7705);
#7704 = CARTESIAN_POINT('',(-2.625E-02,-0.46875,3.5E-02));
#7705 = VECTOR('',#7706,1.);
#7706 = DIRECTION('',(1.,0.,0.));
#7707 = FACE_BOUND('',#7708,.F.);
#7708 = EDGE_LOOP('',(#7709,#7719,#7727));
#7709 = ORIENTED_EDGE('',*,*,#7710,.T.);
#7710 = EDGE_CURVE('',#7711,#7713,#7715,.T.);
#7711 = VERTEX_POINT('',#7712);
#7712 = CARTESIAN_POINT('',(0.433012701892,0.5,3.5E-02));
#7713 = VERTEX_POINT('',#7714);
#7714 = CARTESIAN_POINT('',(0.433012701892,-0.5,3.5E-02));
#7715 = LINE('',#7716,#7717);
#7716 = CARTESIAN_POINT('',(0.433012701892,0.5,3.5E-02));
#7717 = VECTOR('',#7718,1.);
#7718 = DIRECTION('',(0.,-1.,0.));
#7719 = ORIENTED_EDGE('',*,*,#7720,.T.);
#7720 = EDGE_CURVE('',#7713,#7721,#7723,.T.);
#7721 = VERTEX_POINT('',#7722);
#7722 = CARTESIAN_POINT('',(-0.433012701892,0.,3.5E-02));
#7723 = LINE('',#7724,#7725);
#7724 = CARTESIAN_POINT('',(0.433012701892,-0.5,3.5E-02));
#7725 = VECTOR('',#7726,1.);
#7726 = DIRECTION('',(-0.866025403784,0.5,0.));
#7727 = ORIENTED_EDGE('',*,*,#7728,.T.);
#7728 = EDGE_CURVE('',#7721,#7711,#7729,.T.);
#7729 = LINE('',#7730,#7731);
#7730 = CARTESIAN_POINT('',(-0.433012701892,0.,3.5E-02));
#7731 = VECTOR('',#7732,1.);
#7732 = DIRECTION('',(0.866025403784,0.5,0.));
#7733 = PLANE('',#7734);
#7734 = AXIS2_PLACEMENT_3D('',#7735,#7736,#7737);
#7735 = CARTESIAN_POINT('',(-0.965,-0.625,3.5E-02));
#7736 = DIRECTION('',(0.,0.,1.));
#7737 = DIRECTION('',(1.,0.,-0.));
#7738 = ADVANCED_FACE('',(#7739),#7800,.F.);
#7739 = FACE_BOUND('',#7740,.F.);
#7740 = EDGE_LOOP('',(#7741,#7751,#7757,#7758,#7759,#7760,#7768,#7776,
    #7785,#7793));
#7741 = ORIENTED_EDGE('',*,*,#7742,.F.);
#7742 = EDGE_CURVE('',#7743,#7745,#7747,.T.);
#7743 = VERTEX_POINT('',#7744);
#7744 = CARTESIAN_POINT('',(0.9125,-0.625,0.));
#7745 = VERTEX_POINT('',#7746);
#7746 = CARTESIAN_POINT('',(0.965,-0.625,-6.938893903907E-18));
#7747 = LINE('',#7748,#7749);
#7748 = CARTESIAN_POINT('',(0.65,-0.625,0.));
#7749 = VECTOR('',#7750,1.);
#7750 = DIRECTION('',(1.,0.,0.));
#7751 = ORIENTED_EDGE('',*,*,#7752,.F.);
#7752 = EDGE_CURVE('',#7364,#7743,#7753,.T.);
#7753 = LINE('',#7754,#7755);
#7754 = CARTESIAN_POINT('',(0.9125,-0.625,0.375));
#7755 = VECTOR('',#7756,1.);
#7756 = DIRECTION('',(0.,0.,-1.));
#7757 = ORIENTED_EDGE('',*,*,#7363,.T.);
#7758 = ORIENTED_EDGE('',*,*,#7355,.T.);
#7759 = ORIENTED_EDGE('',*,*,#7347,.F.);
#7760 = ORIENTED_EDGE('',*,*,#7761,.F.);
#7761 = EDGE_CURVE('',#7762,#7340,#7764,.T.);
#7762 = VERTEX_POINT('',#7763);
#7763 = CARTESIAN_POINT('',(0.9125,-0.625,0.5));
#7764 = LINE('',#7765,#7766);
#7765 = CARTESIAN_POINT('',(0.9125,-0.625,0.375));
#7766 = VECTOR('',#7767,1.);
#7767 = DIRECTION('',(0.,0.,-1.));
#7768 = ORIENTED_EDGE('',*,*,#7769,.T.);
#7769 = EDGE_CURVE('',#7762,#7770,#7772,.T.);
#7770 = VERTEX_POINT('',#7771);
#7771 = CARTESIAN_POINT('',(0.965,-0.625,0.5));
#7772 = LINE('',#7773,#7774);
#7773 = CARTESIAN_POINT('',(0.65,-0.625,0.5));
#7774 = VECTOR('',#7775,1.);
#7775 = DIRECTION('',(1.,0.,0.));
#7776 = ORIENTED_EDGE('',*,*,#7777,.F.);
#7777 = EDGE_CURVE('',#7778,#7770,#7780,.T.);
#7778 = VERTEX_POINT('',#7779);
#7779 = CARTESIAN_POINT('',(1.,-0.625,0.465));
#7780 = CIRCLE('',#7781,3.5E-02);
#7781 = AXIS2_PLACEMENT_3D('',#7782,#7783,#7784);
#7782 = CARTESIAN_POINT('',(0.965,-0.625,0.465));
#7783 = DIRECTION('',(0.,-1.,0.));
#7784 = DIRECTION('',(0.,0.,1.));
#7785 = ORIENTED_EDGE('',*,*,#7786,.F.);
#7786 = EDGE_CURVE('',#7787,#7778,#7789,.T.);
#7787 = VERTEX_POINT('',#7788);
#7788 = CARTESIAN_POINT('',(1.,-0.625,3.5E-02));
#7789 = LINE('',#7790,#7791);
#7790 = CARTESIAN_POINT('',(1.,-0.625,0.));
#7791 = VECTOR('',#7792,1.);
#7792 = DIRECTION('',(0.,0.,1.));
#7793 = ORIENTED_EDGE('',*,*,#7794,.T.);
#7794 = EDGE_CURVE('',#7787,#7745,#7795,.T.);
#7795 = CIRCLE('',#7796,3.5E-02);
#7796 = AXIS2_PLACEMENT_3D('',#7797,#7798,#7799);
#7797 = CARTESIAN_POINT('',(0.965,-0.625,3.5E-02));
#7798 = DIRECTION('',(0.,1.,0.));
#7799 = DIRECTION('',(0.,-0.,1.));
#7800 = PLANE('',#7801);
#7801 = AXIS2_PLACEMENT_3D('',#7802,#7803,#7804);
#7802 = CARTESIAN_POINT('',(0.65,-0.625,0.));
#7803 = DIRECTION('',(0.,1.,0.));
#7804 = DIRECTION('',(0.,-0.,1.));
#7805 = ADVANCED_FACE('',(#7806),#7824,.T.);
#7806 = FACE_BOUND('',#7807,.T.);
#7807 = EDGE_LOOP('',(#7808,#7816,#7817,#7818));
#7808 = ORIENTED_EDGE('',*,*,#7809,.F.);
#7809 = EDGE_CURVE('',#7412,#7810,#7812,.T.);
#7810 = VERTEX_POINT('',#7811);
#7811 = CARTESIAN_POINT('',(0.9125,-0.46875,0.465));
#7812 = LINE('',#7813,#7814);
#7813 = CARTESIAN_POINT('',(-2.625E-02,-0.46875,0.465));
#7814 = VECTOR('',#7815,1.);
#7815 = DIRECTION('',(1.,0.,0.));
#7816 = ORIENTED_EDGE('',*,*,#7411,.T.);
#7817 = ORIENTED_EDGE('',*,*,#7339,.T.);
#7818 = ORIENTED_EDGE('',*,*,#7819,.F.);
#7819 = EDGE_CURVE('',#7810,#7340,#7820,.T.);
#7820 = LINE('',#7821,#7822);
#7821 = CARTESIAN_POINT('',(0.9125,-0.703125,0.465));
#7822 = VECTOR('',#7823,1.);
#7823 = DIRECTION('',(0.,-1.,0.));
#7824 = PLANE('',#7825);
#7825 = AXIS2_PLACEMENT_3D('',#7826,#7827,#7828);
#7826 = CARTESIAN_POINT('',(-0.965,-0.625,0.465));
#7827 = DIRECTION('',(0.,0.,1.));
#7828 = DIRECTION('',(1.,0.,-0.));
#7829 = ADVANCED_FACE('',(#7830),#7855,.T.);
#7830 = FACE_BOUND('',#7831,.T.);
#7831 = EDGE_LOOP('',(#7832,#7840,#7841,#7849));
#7832 = ORIENTED_EDGE('',*,*,#7833,.F.);
#7833 = EDGE_CURVE('',#7428,#7834,#7836,.T.);
#7834 = VERTEX_POINT('',#7835);
#7835 = CARTESIAN_POINT('',(0.9125,0.625,0.465));
#7836 = LINE('',#7837,#7838);
#7837 = CARTESIAN_POINT('',(-0.965,0.625,0.465));
#7838 = VECTOR('',#7839,1.);
#7839 = DIRECTION('',(1.,0.,0.));
#7840 = ORIENTED_EDGE('',*,*,#7427,.T.);
#7841 = ORIENTED_EDGE('',*,*,#7842,.F.);
#7842 = EDGE_CURVE('',#7843,#7420,#7845,.T.);
#7843 = VERTEX_POINT('',#7844);
#7844 = CARTESIAN_POINT('',(0.9125,0.46875,0.465));
#7845 = LINE('',#7846,#7847);
#7846 = CARTESIAN_POINT('',(-0.93875,0.46875,0.465));
#7847 = VECTOR('',#7848,1.);
#7848 = DIRECTION('',(-1.,0.,0.));
#7849 = ORIENTED_EDGE('',*,*,#7850,.F.);
#7850 = EDGE_CURVE('',#7834,#7843,#7851,.T.);
#7851 = LINE('',#7852,#7853);
#7852 = CARTESIAN_POINT('',(0.9125,-7.8125E-02,0.465));
#7853 = VECTOR('',#7854,1.);
#7854 = DIRECTION('',(0.,-1.,0.));
#7855 = PLANE('',#7856);
#7856 = AXIS2_PLACEMENT_3D('',#7857,#7858,#7859);
#7857 = CARTESIAN_POINT('',(-0.965,-0.625,0.465));
#7858 = DIRECTION('',(0.,0.,1.));
#7859 = DIRECTION('',(1.,0.,-0.));
#7860 = ADVANCED_FACE('',(#7861),#7888,.T.);
#7861 = FACE_BOUND('',#7862,.T.);
#7862 = EDGE_LOOP('',(#7863,#7864,#7873,#7881));
#7863 = ORIENTED_EDGE('',*,*,#7419,.T.);
#7864 = ORIENTED_EDGE('',*,*,#7865,.T.);
#7865 = EDGE_CURVE('',#7412,#7866,#7868,.T.);
#7866 = VERTEX_POINT('',#7867);
#7867 = CARTESIAN_POINT('',(0.685,-0.46875,0.5));
#7868 = CIRCLE('',#7869,3.5E-02);
#7869 = AXIS2_PLACEMENT_3D('',#7870,#7871,#7872);
#7870 = CARTESIAN_POINT('',(0.685,-0.46875,0.465));
#7871 = DIRECTION('',(0.,1.,-0.));
#7872 = DIRECTION('',(-1.,0.,0.));
#7873 = ORIENTED_EDGE('',*,*,#7874,.T.);
#7874 = EDGE_CURVE('',#7866,#7875,#7877,.T.);
#7875 = VERTEX_POINT('',#7876);
#7876 = CARTESIAN_POINT('',(0.685,0.46875,0.5));
#7877 = LINE('',#7878,#7879);
#7878 = CARTESIAN_POINT('',(0.685,-0.625,0.5));
#7879 = VECTOR('',#7880,1.);
#7880 = DIRECTION('',(0.,1.,0.));
#7881 = ORIENTED_EDGE('',*,*,#7882,.F.);
#7882 = EDGE_CURVE('',#7420,#7875,#7883,.T.);
#7883 = CIRCLE('',#7884,3.5E-02);
#7884 = AXIS2_PLACEMENT_3D('',#7885,#7886,#7887);
#7885 = CARTESIAN_POINT('',(0.685,0.46875,0.465));
#7886 = DIRECTION('',(0.,1.,-0.));
#7887 = DIRECTION('',(-1.,0.,0.));
#7888 = CYLINDRICAL_SURFACE('',#7889,3.5E-02);
#7889 = AXIS2_PLACEMENT_3D('',#7890,#7891,#7892);
#7890 = CARTESIAN_POINT('',(0.685,-0.625,0.465));
#7891 = DIRECTION('',(0.,1.,0.));
#7892 = DIRECTION('',(-1.,0.,0.));
#7893 = ADVANCED_FACE('',(#7894),#7944,.T.);
#7894 = FACE_BOUND('',#7895,.T.);
#7895 = EDGE_LOOP('',(#7896,#7904,#7912,#7918,#7919,#7920,#7921,#7929,
    #7937,#7943));
#7896 = ORIENTED_EDGE('',*,*,#7897,.F.);
#7897 = EDGE_CURVE('',#7898,#7671,#7900,.T.);
#7898 = VERTEX_POINT('',#7899);
#7899 = CARTESIAN_POINT('',(-0.965,0.625,3.5E-02));
#7900 = LINE('',#7901,#7902);
#7901 = CARTESIAN_POINT('',(-0.965,0.625,3.5E-02));
#7902 = VECTOR('',#7903,1.);
#7903 = DIRECTION('',(1.,0.,0.));
#7904 = ORIENTED_EDGE('',*,*,#7905,.T.);
#7905 = EDGE_CURVE('',#7898,#7906,#7908,.T.);
#7906 = VERTEX_POINT('',#7907);
#7907 = CARTESIAN_POINT('',(-0.965,0.625,0.465));
#7908 = LINE('',#7909,#7910);
#7909 = CARTESIAN_POINT('',(-0.965,0.625,3.5E-02));
#7910 = VECTOR('',#7911,1.);
#7911 = DIRECTION('',(0.,0.,1.));
#7912 = ORIENTED_EDGE('',*,*,#7913,.T.);
#7913 = EDGE_CURVE('',#7906,#7450,#7914,.T.);
#7914 = LINE('',#7915,#7916);
#7915 = CARTESIAN_POINT('',(-0.965,0.625,0.465));
#7916 = VECTOR('',#7917,1.);
#7917 = DIRECTION('',(1.,0.,0.));
#7918 = ORIENTED_EDGE('',*,*,#7449,.T.);
#7919 = ORIENTED_EDGE('',*,*,#7483,.F.);
#7920 = ORIENTED_EDGE('',*,*,#7833,.T.);
#7921 = ORIENTED_EDGE('',*,*,#7922,.T.);
#7922 = EDGE_CURVE('',#7834,#7923,#7925,.T.);
#7923 = VERTEX_POINT('',#7924);
#7924 = CARTESIAN_POINT('',(0.965,0.625,0.465));
#7925 = LINE('',#7926,#7927);
#7926 = CARTESIAN_POINT('',(-0.965,0.625,0.465));
#7927 = VECTOR('',#7928,1.);
#7928 = DIRECTION('',(1.,0.,0.));
#7929 = ORIENTED_EDGE('',*,*,#7930,.F.);
#7930 = EDGE_CURVE('',#7931,#7923,#7933,.T.);
#7931 = VERTEX_POINT('',#7932);
#7932 = CARTESIAN_POINT('',(0.965,0.625,3.5E-02));
#7933 = LINE('',#7934,#7935);
#7934 = CARTESIAN_POINT('',(0.965,0.625,3.5E-02));
#7935 = VECTOR('',#7936,1.);
#7936 = DIRECTION('',(0.,0.,1.));
#7937 = ORIENTED_EDGE('',*,*,#7938,.F.);
#7938 = EDGE_CURVE('',#7663,#7931,#7939,.T.);
#7939 = LINE('',#7940,#7941);
#7940 = CARTESIAN_POINT('',(-0.965,0.625,3.5E-02));
#7941 = VECTOR('',#7942,1.);
#7942 = DIRECTION('',(1.,0.,0.));
#7943 = ORIENTED_EDGE('',*,*,#7670,.F.);
#7944 = PLANE('',#7945);
#7945 = AXIS2_PLACEMENT_3D('',#7946,#7947,#7948);
#7946 = CARTESIAN_POINT('',(-0.965,0.625,3.5E-02));
#7947 = DIRECTION('',(0.,1.,0.));
#7948 = DIRECTION('',(0.,-0.,1.));
#7949 = ADVANCED_FACE('',(#7950),#7968,.F.);
#7950 = FACE_BOUND('',#7951,.F.);
#7951 = EDGE_LOOP('',(#7952,#7960,#7966,#7967));
#7952 = ORIENTED_EDGE('',*,*,#7953,.F.);
#7953 = EDGE_CURVE('',#7954,#7498,#7956,.T.);
#7954 = VERTEX_POINT('',#7955);
#7955 = CARTESIAN_POINT('',(-0.9125,0.46875,0.5));
#7956 = LINE('',#7957,#7958);
#7957 = CARTESIAN_POINT('',(-0.95625,0.46875,0.5));
#7958 = VECTOR('',#7959,1.);
#7959 = DIRECTION('',(1.,0.,0.));
#7960 = ORIENTED_EDGE('',*,*,#7961,.T.);
#7961 = EDGE_CURVE('',#7954,#7458,#7962,.T.);
#7962 = LINE('',#7963,#7964);
#7963 = CARTESIAN_POINT('',(-0.9125,0.46875,0.75));
#7964 = VECTOR('',#7965,1.);
#7965 = DIRECTION('',(-0.,-0.,-1.));
#7966 = ORIENTED_EDGE('',*,*,#7465,.F.);
#7967 = ORIENTED_EDGE('',*,*,#7497,.F.);
#7968 = PLANE('',#7969);
#7969 = AXIS2_PLACEMENT_3D('',#7970,#7971,#7972);
#7970 = CARTESIAN_POINT('',(-0.9125,0.46875,0.75));
#7971 = DIRECTION('',(0.,-1.,0.));
#7972 = DIRECTION('',(1.,0.,0.));
#7973 = ADVANCED_FACE('',(#7974),#7992,.F.);
#7974 = FACE_BOUND('',#7975,.F.);
#7975 = EDGE_LOOP('',(#7976,#7977,#7985,#7991));
#7976 = ORIENTED_EDGE('',*,*,#7961,.F.);
#7977 = ORIENTED_EDGE('',*,*,#7978,.F.);
#7978 = EDGE_CURVE('',#7979,#7954,#7981,.T.);
#7979 = VERTEX_POINT('',#7980);
#7980 = CARTESIAN_POINT('',(-0.9125,0.625,0.5));
#7981 = LINE('',#7982,#7983);
#7982 = CARTESIAN_POINT('',(-0.9125,7.8125E-02,0.5));
#7983 = VECTOR('',#7984,1.);
#7984 = DIRECTION('',(0.,-1.,0.));
#7985 = ORIENTED_EDGE('',*,*,#7986,.F.);
#7986 = EDGE_CURVE('',#7450,#7979,#7987,.T.);
#7987 = LINE('',#7988,#7989);
#7988 = CARTESIAN_POINT('',(-0.9125,0.625,0.375));
#7989 = VECTOR('',#7990,1.);
#7990 = DIRECTION('',(0.,0.,1.));
#7991 = ORIENTED_EDGE('',*,*,#7457,.F.);
#7992 = PLANE('',#7993);
#7993 = AXIS2_PLACEMENT_3D('',#7994,#7995,#7996);
#7994 = CARTESIAN_POINT('',(-0.9125,0.78125,0.75));
#7995 = DIRECTION('',(-1.,0.,0.));
#7996 = DIRECTION('',(0.,-1.,0.));
#7997 = ADVANCED_FACE('',(#7998),#8016,.F.);
#7998 = FACE_BOUND('',#7999,.F.);
#7999 = EDGE_LOOP('',(#8000,#8008,#8014,#8015));
#8000 = ORIENTED_EDGE('',*,*,#8001,.F.);
#8001 = EDGE_CURVE('',#8002,#7531,#8004,.T.);
#8002 = VERTEX_POINT('',#8003);
#8003 = CARTESIAN_POINT('',(-0.9125,-0.46875,0.5));
#8004 = LINE('',#8005,#8006);
#8005 = CARTESIAN_POINT('',(-0.9125,-0.46875,0.75));
#8006 = VECTOR('',#8007,1.);
#8007 = DIRECTION('',(-0.,-0.,-1.));
#8008 = ORIENTED_EDGE('',*,*,#8009,.F.);
#8009 = EDGE_CURVE('',#7507,#8002,#8010,.T.);
#8010 = LINE('',#8011,#8012);
#8011 = CARTESIAN_POINT('',(-4.375E-02,-0.46875,0.5));
#8012 = VECTOR('',#8013,1.);
#8013 = DIRECTION('',(-1.,0.,0.));
#8014 = ORIENTED_EDGE('',*,*,#7514,.T.);
#8015 = ORIENTED_EDGE('',*,*,#7540,.F.);
#8016 = PLANE('',#8017);
#8017 = AXIS2_PLACEMENT_3D('',#8018,#8019,#8020);
#8018 = CARTESIAN_POINT('',(0.9125,-0.46875,0.75));
#8019 = DIRECTION('',(0.,1.,0.));
#8020 = DIRECTION('',(-1.,0.,0.));
#8021 = ADVANCED_FACE('',(#8022),#8049,.T.);
#8022 = FACE_BOUND('',#8023,.T.);
#8023 = EDGE_LOOP('',(#8024,#8032,#8038,#8039,#8045,#8046,#8047,#8048));
#8024 = ORIENTED_EDGE('',*,*,#8025,.F.);
#8025 = EDGE_CURVE('',#8026,#7979,#8028,.T.);
#8026 = VERTEX_POINT('',#8027);
#8027 = CARTESIAN_POINT('',(-0.965,0.625,0.5));
#8028 = LINE('',#8029,#8030);
#8029 = CARTESIAN_POINT('',(-1.,0.625,0.5));
#8030 = VECTOR('',#8031,1.);
#8031 = DIRECTION('',(1.,0.,0.));
#8032 = ORIENTED_EDGE('',*,*,#8033,.F.);
#8033 = EDGE_CURVE('',#7582,#8026,#8034,.T.);
#8034 = LINE('',#8035,#8036);
#8035 = CARTESIAN_POINT('',(-0.965,-0.625,0.5));
#8036 = VECTOR('',#8037,1.);
#8037 = DIRECTION('',(0.,1.,0.));
#8038 = ORIENTED_EDGE('',*,*,#7590,.T.);
#8039 = ORIENTED_EDGE('',*,*,#8040,.F.);
#8040 = EDGE_CURVE('',#8002,#7591,#8041,.T.);
#8041 = LINE('',#8042,#8043);
#8042 = CARTESIAN_POINT('',(-0.9125,-0.546875,0.5));
#8043 = VECTOR('',#8044,1.);
#8044 = DIRECTION('',(0.,-1.,0.));
#8045 = ORIENTED_EDGE('',*,*,#8009,.F.);
#8046 = ORIENTED_EDGE('',*,*,#7506,.T.);
#8047 = ORIENTED_EDGE('',*,*,#7953,.F.);
#8048 = ORIENTED_EDGE('',*,*,#7978,.F.);
#8049 = PLANE('',#8050);
#8050 = AXIS2_PLACEMENT_3D('',#8051,#8052,#8053);
#8051 = CARTESIAN_POINT('',(-1.,-0.625,0.5));
#8052 = DIRECTION('',(0.,0.,1.));
#8053 = DIRECTION('',(1.,0.,-0.));
#8054 = ADVANCED_FACE('',(#8055),#8061,.F.);
#8055 = FACE_BOUND('',#8056,.F.);
#8056 = EDGE_LOOP('',(#8057,#8058,#8059,#8060));
#8057 = ORIENTED_EDGE('',*,*,#8040,.F.);
#8058 = ORIENTED_EDGE('',*,*,#8001,.T.);
#8059 = ORIENTED_EDGE('',*,*,#7530,.F.);
#8060 = ORIENTED_EDGE('',*,*,#7598,.T.);
#8061 = PLANE('',#8062);
#8062 = AXIS2_PLACEMENT_3D('',#8063,#8064,#8065);
#8063 = CARTESIAN_POINT('',(-0.9125,-0.46875,0.75));
#8064 = DIRECTION('',(-1.,0.,0.));
#8065 = DIRECTION('',(0.,-1.,0.));
#8066 = ADVANCED_FACE('',(#8067),#8124,.F.);
#8067 = FACE_BOUND('',#8068,.F.);
#8068 = EDGE_LOOP('',(#8069,#8079,#8085,#8086,#8094,#8102,#8110,#8118));
#8069 = ORIENTED_EDGE('',*,*,#8070,.F.);
#8070 = EDGE_CURVE('',#8071,#8073,#8075,.T.);
#8071 = VERTEX_POINT('',#8072);
#8072 = CARTESIAN_POINT('',(-0.965,0.625,-6.938893903907E-18));
#8073 = VERTEX_POINT('',#8074);
#8074 = CARTESIAN_POINT('',(-0.9125,0.625,0.));
#8075 = LINE('',#8076,#8077);
#8076 = CARTESIAN_POINT('',(-1.,0.625,0.));
#8077 = VECTOR('',#8078,1.);
#8078 = DIRECTION('',(1.,0.,0.));
#8079 = ORIENTED_EDGE('',*,*,#8080,.F.);
#8080 = EDGE_CURVE('',#7555,#8071,#8081,.T.);
#8081 = LINE('',#8082,#8083);
#8082 = CARTESIAN_POINT('',(-0.965,-0.625,-6.938893903907E-18));
#8083 = VECTOR('',#8084,1.);
#8084 = DIRECTION('',(0.,1.,0.));
#8085 = ORIENTED_EDGE('',*,*,#7554,.T.);
#8086 = ORIENTED_EDGE('',*,*,#8087,.F.);
#8087 = EDGE_CURVE('',#8088,#7557,#8090,.T.);
#8088 = VERTEX_POINT('',#8089);
#8089 = CARTESIAN_POINT('',(-0.9125,-0.46875,0.));
#8090 = LINE('',#8091,#8092);
#8091 = CARTESIAN_POINT('',(-0.9125,-0.546875,0.));
#8092 = VECTOR('',#8093,1.);
#8093 = DIRECTION('',(0.,-1.,0.));
#8094 = ORIENTED_EDGE('',*,*,#8095,.F.);
#8095 = EDGE_CURVE('',#8096,#8088,#8098,.T.);
#8096 = VERTEX_POINT('',#8097);
#8097 = CARTESIAN_POINT('',(-0.685,-0.46875,-6.938893903907E-18));
#8098 = LINE('',#8099,#8100);
#8099 = CARTESIAN_POINT('',(-4.375E-02,-0.46875,0.));
#8100 = VECTOR('',#8101,1.);
#8101 = DIRECTION('',(-1.,0.,0.));
#8102 = ORIENTED_EDGE('',*,*,#8103,.T.);
#8103 = EDGE_CURVE('',#8096,#8104,#8106,.T.);
#8104 = VERTEX_POINT('',#8105);
#8105 = CARTESIAN_POINT('',(-0.685,0.46875,-6.938893903907E-18));
#8106 = LINE('',#8107,#8108);
#8107 = CARTESIAN_POINT('',(-0.685,-0.625,-6.938893903907E-18));
#8108 = VECTOR('',#8109,1.);
#8109 = DIRECTION('',(0.,1.,0.));
#8110 = ORIENTED_EDGE('',*,*,#8111,.F.);
#8111 = EDGE_CURVE('',#8112,#8104,#8114,.T.);
#8112 = VERTEX_POINT('',#8113);
#8113 = CARTESIAN_POINT('',(-0.9125,0.46875,0.));
#8114 = LINE('',#8115,#8116);
#8115 = CARTESIAN_POINT('',(-0.95625,0.46875,0.));
#8116 = VECTOR('',#8117,1.);
#8117 = DIRECTION('',(1.,0.,0.));
#8118 = ORIENTED_EDGE('',*,*,#8119,.F.);
#8119 = EDGE_CURVE('',#8073,#8112,#8120,.T.);
#8120 = LINE('',#8121,#8122);
#8121 = CARTESIAN_POINT('',(-0.9125,7.8125E-02,0.));
#8122 = VECTOR('',#8123,1.);
#8123 = DIRECTION('',(0.,-1.,0.));
#8124 = PLANE('',#8125);
#8125 = AXIS2_PLACEMENT_3D('',#8126,#8127,#8128);
#8126 = CARTESIAN_POINT('',(-1.,-0.625,0.));
#8127 = DIRECTION('',(0.,0.,1.));
#8128 = DIRECTION('',(1.,0.,-0.));
#8129 = ADVANCED_FACE('',(#8130),#8149,.T.);
#8130 = FACE_BOUND('',#8131,.T.);
#8131 = EDGE_LOOP('',(#8132,#8140,#8147,#8148));
#8132 = ORIENTED_EDGE('',*,*,#8133,.T.);
#8133 = EDGE_CURVE('',#7565,#8134,#8136,.T.);
#8134 = VERTEX_POINT('',#8135);
#8135 = CARTESIAN_POINT('',(-1.,0.625,3.5E-02));
#8136 = LINE('',#8137,#8138);
#8137 = CARTESIAN_POINT('',(-1.,-0.625,3.5E-02));
#8138 = VECTOR('',#8139,1.);
#8139 = DIRECTION('',(0.,1.,0.));
#8140 = ORIENTED_EDGE('',*,*,#8141,.T.);
#8141 = EDGE_CURVE('',#8134,#8071,#8142,.T.);
#8142 = CIRCLE('',#8143,3.5E-02);
#8143 = AXIS2_PLACEMENT_3D('',#8144,#8145,#8146);
#8144 = CARTESIAN_POINT('',(-0.965,0.625,3.5E-02));
#8145 = DIRECTION('',(0.,-1.,0.));
#8146 = DIRECTION('',(0.,0.,1.));
#8147 = ORIENTED_EDGE('',*,*,#8080,.F.);
#8148 = ORIENTED_EDGE('',*,*,#7564,.F.);
#8149 = CYLINDRICAL_SURFACE('',#8150,3.5E-02);
#8150 = AXIS2_PLACEMENT_3D('',#8151,#8152,#8153);
#8151 = CARTESIAN_POINT('',(-0.965,-0.625,3.5E-02));
#8152 = DIRECTION('',(0.,1.,0.));
#8153 = DIRECTION('',(-1.,0.,0.));
#8154 = ADVANCED_FACE('',(#8155),#8166,.F.);
#8155 = FACE_BOUND('',#8156,.F.);
#8156 = EDGE_LOOP('',(#8157,#8158,#8164,#8165));
#8157 = ORIENTED_EDGE('',*,*,#7621,.T.);
#8158 = ORIENTED_EDGE('',*,*,#8159,.T.);
#8159 = EDGE_CURVE('',#7622,#8088,#8160,.T.);
#8160 = LINE('',#8161,#8162);
#8161 = CARTESIAN_POINT('',(-0.9125,-0.46875,0.75));
#8162 = VECTOR('',#8163,1.);
#8163 = DIRECTION('',(-0.,-0.,-1.));
#8164 = ORIENTED_EDGE('',*,*,#8087,.T.);
#8165 = ORIENTED_EDGE('',*,*,#7607,.T.);
#8166 = PLANE('',#8167);
#8167 = AXIS2_PLACEMENT_3D('',#8168,#8169,#8170);
#8168 = CARTESIAN_POINT('',(-0.9125,-0.46875,0.75));
#8169 = DIRECTION('',(-1.,0.,0.));
#8170 = DIRECTION('',(0.,-1.,0.));
#8171 = ADVANCED_FACE('',(#8172),#8190,.F.);
#8172 = FACE_BOUND('',#8173,.F.);
#8173 = EDGE_LOOP('',(#8174,#8175,#8176,#8184));
#8174 = ORIENTED_EDGE('',*,*,#7573,.F.);
#8175 = ORIENTED_EDGE('',*,*,#8133,.T.);
#8176 = ORIENTED_EDGE('',*,*,#8177,.T.);
#8177 = EDGE_CURVE('',#8134,#8178,#8180,.T.);
#8178 = VERTEX_POINT('',#8179);
#8179 = CARTESIAN_POINT('',(-1.,0.625,0.465));
#8180 = LINE('',#8181,#8182);
#8181 = CARTESIAN_POINT('',(-1.,0.625,0.));
#8182 = VECTOR('',#8183,1.);
#8183 = DIRECTION('',(0.,0.,1.));
#8184 = ORIENTED_EDGE('',*,*,#8185,.F.);
#8185 = EDGE_CURVE('',#7574,#8178,#8186,.T.);
#8186 = LINE('',#8187,#8188);
#8187 = CARTESIAN_POINT('',(-1.,-0.625,0.465));
#8188 = VECTOR('',#8189,1.);
#8189 = DIRECTION('',(0.,1.,0.));
#8190 = PLANE('',#8191);
#8191 = AXIS2_PLACEMENT_3D('',#8192,#8193,#8194);
#8192 = CARTESIAN_POINT('',(-1.,-0.625,0.));
#8193 = DIRECTION('',(1.,0.,0.));
#8194 = DIRECTION('',(0.,0.,1.));
#8195 = ADVANCED_FACE('',(#8196),#8208,.T.);
#8196 = FACE_BOUND('',#8197,.T.);
#8197 = EDGE_LOOP('',(#8198,#8199,#8200,#8207));
#8198 = ORIENTED_EDGE('',*,*,#7581,.T.);
#8199 = ORIENTED_EDGE('',*,*,#8033,.T.);
#8200 = ORIENTED_EDGE('',*,*,#8201,.F.);
#8201 = EDGE_CURVE('',#8178,#8026,#8202,.T.);
#8202 = CIRCLE('',#8203,3.5E-02);
#8203 = AXIS2_PLACEMENT_3D('',#8204,#8205,#8206);
#8204 = CARTESIAN_POINT('',(-0.965,0.625,0.465));
#8205 = DIRECTION('',(0.,1.,0.));
#8206 = DIRECTION('',(0.,-0.,1.));
#8207 = ORIENTED_EDGE('',*,*,#8185,.F.);
#8208 = CYLINDRICAL_SURFACE('',#8209,3.5E-02);
#8209 = AXIS2_PLACEMENT_3D('',#8210,#8211,#8212);
#8210 = CARTESIAN_POINT('',(-0.965,-0.625,0.465));
#8211 = DIRECTION('',(0.,1.,0.));
#8212 = DIRECTION('',(-1.,0.,0.));
#8213 = ADVANCED_FACE('',(#8214),#8226,.F.);
#8214 = FACE_BOUND('',#8215,.F.);
#8215 = EDGE_LOOP('',(#8216,#8217,#8218,#8225));
#8216 = ORIENTED_EDGE('',*,*,#8159,.F.);
#8217 = ORIENTED_EDGE('',*,*,#7702,.T.);
#8218 = ORIENTED_EDGE('',*,*,#8219,.T.);
#8219 = EDGE_CURVE('',#7695,#8096,#8220,.T.);
#8220 = CIRCLE('',#8221,3.5E-02);
#8221 = AXIS2_PLACEMENT_3D('',#8222,#8223,#8224);
#8222 = CARTESIAN_POINT('',(-0.685,-0.46875,3.5E-02));
#8223 = DIRECTION('',(-0.,1.,0.));
#8224 = DIRECTION('',(1.,0.,0.));
#8225 = ORIENTED_EDGE('',*,*,#8095,.T.);
#8226 = PLANE('',#8227);
#8227 = AXIS2_PLACEMENT_3D('',#8228,#8229,#8230);
#8228 = CARTESIAN_POINT('',(0.9125,-0.46875,0.75));
#8229 = DIRECTION('',(0.,1.,0.));
#8230 = DIRECTION('',(-1.,0.,0.));
#8231 = ADVANCED_FACE('',(#8232),#8244,.T.);
#8232 = FACE_BOUND('',#8233,.T.);
#8233 = EDGE_LOOP('',(#8234,#8235,#8236,#8237));
#8234 = ORIENTED_EDGE('',*,*,#7694,.F.);
#8235 = ORIENTED_EDGE('',*,*,#8219,.T.);
#8236 = ORIENTED_EDGE('',*,*,#8103,.T.);
#8237 = ORIENTED_EDGE('',*,*,#8238,.F.);
#8238 = EDGE_CURVE('',#7687,#8104,#8239,.T.);
#8239 = CIRCLE('',#8240,3.5E-02);
#8240 = AXIS2_PLACEMENT_3D('',#8241,#8242,#8243);
#8241 = CARTESIAN_POINT('',(-0.685,0.46875,3.5E-02));
#8242 = DIRECTION('',(-0.,1.,0.));
#8243 = DIRECTION('',(1.,0.,0.));
#8244 = CYLINDRICAL_SURFACE('',#8245,3.5E-02);
#8245 = AXIS2_PLACEMENT_3D('',#8246,#8247,#8248);
#8246 = CARTESIAN_POINT('',(-0.685,-0.625,3.5E-02));
#8247 = DIRECTION('',(0.,1.,0.));
#8248 = DIRECTION('',(1.,0.,0.));
#8249 = ADVANCED_FACE('',(#8250),#8261,.F.);
#8250 = FACE_BOUND('',#8251,.F.);
#8251 = EDGE_LOOP('',(#8252,#8253,#8259,#8260));
#8252 = ORIENTED_EDGE('',*,*,#7686,.T.);
#8253 = ORIENTED_EDGE('',*,*,#8254,.T.);
#8254 = EDGE_CURVE('',#7679,#8112,#8255,.T.);
#8255 = LINE('',#8256,#8257);
#8256 = CARTESIAN_POINT('',(-0.9125,0.46875,0.75));
#8257 = VECTOR('',#8258,1.);
#8258 = DIRECTION('',(-0.,-0.,-1.));
#8259 = ORIENTED_EDGE('',*,*,#8111,.T.);
#8260 = ORIENTED_EDGE('',*,*,#8238,.F.);
#8261 = PLANE('',#8262);
#8262 = AXIS2_PLACEMENT_3D('',#8263,#8264,#8265);
#8263 = CARTESIAN_POINT('',(-0.9125,0.46875,0.75));
#8264 = DIRECTION('',(0.,-1.,0.));
#8265 = DIRECTION('',(1.,0.,0.));
#8266 = ADVANCED_FACE('',(#8267),#8278,.F.);
#8267 = FACE_BOUND('',#8268,.F.);
#8268 = EDGE_LOOP('',(#8269,#8270,#8271,#8277));
#8269 = ORIENTED_EDGE('',*,*,#8254,.F.);
#8270 = ORIENTED_EDGE('',*,*,#7678,.T.);
#8271 = ORIENTED_EDGE('',*,*,#8272,.F.);
#8272 = EDGE_CURVE('',#8073,#7671,#8273,.T.);
#8273 = LINE('',#8274,#8275);
#8274 = CARTESIAN_POINT('',(-0.9125,0.625,0.375));
#8275 = VECTOR('',#8276,1.);
#8276 = DIRECTION('',(0.,0.,1.));
#8277 = ORIENTED_EDGE('',*,*,#8119,.T.);
#8278 = PLANE('',#8279);
#8279 = AXIS2_PLACEMENT_3D('',#8280,#8281,#8282);
#8280 = CARTESIAN_POINT('',(-0.9125,0.78125,0.75));
#8281 = DIRECTION('',(-1.,0.,0.));
#8282 = DIRECTION('',(0.,-1.,0.));
#8283 = ADVANCED_FACE('',(#8284),#8309,.F.);
#8284 = FACE_BOUND('',#8285,.F.);
#8285 = EDGE_LOOP('',(#8286,#8287,#8295,#8303));
#8286 = ORIENTED_EDGE('',*,*,#7662,.T.);
#8287 = ORIENTED_EDGE('',*,*,#8288,.T.);
#8288 = EDGE_CURVE('',#7655,#8289,#8291,.T.);
#8289 = VERTEX_POINT('',#8290);
#8290 = CARTESIAN_POINT('',(0.9125,0.46875,0.));
#8291 = LINE('',#8292,#8293);
#8292 = CARTESIAN_POINT('',(0.9125,0.46875,0.75));
#8293 = VECTOR('',#8294,1.);
#8294 = DIRECTION('',(-0.,-0.,-1.));
#8295 = ORIENTED_EDGE('',*,*,#8296,.T.);
#8296 = EDGE_CURVE('',#8289,#8297,#8299,.T.);
#8297 = VERTEX_POINT('',#8298);
#8298 = CARTESIAN_POINT('',(0.9125,0.625,0.));
#8299 = LINE('',#8300,#8301);
#8300 = CARTESIAN_POINT('',(0.9125,-7.8125E-02,0.));
#8301 = VECTOR('',#8302,1.);
#8302 = DIRECTION('',(0.,1.,0.));
#8303 = ORIENTED_EDGE('',*,*,#8304,.F.);
#8304 = EDGE_CURVE('',#7663,#8297,#8305,.T.);
#8305 = LINE('',#8306,#8307);
#8306 = CARTESIAN_POINT('',(0.9125,0.625,0.375));
#8307 = VECTOR('',#8308,1.);
#8308 = DIRECTION('',(0.,0.,-1.));
#8309 = PLANE('',#8310);
#8310 = AXIS2_PLACEMENT_3D('',#8311,#8312,#8313);
#8311 = CARTESIAN_POINT('',(0.9125,0.46875,0.75));
#8312 = DIRECTION('',(1.,0.,0.));
#8313 = DIRECTION('',(-0.,1.,0.));
#8314 = ADVANCED_FACE('',(#8315),#8334,.F.);
#8315 = FACE_BOUND('',#8316,.F.);
#8316 = EDGE_LOOP('',(#8317,#8318,#8319,#8328));
#8317 = ORIENTED_EDGE('',*,*,#8288,.F.);
#8318 = ORIENTED_EDGE('',*,*,#7654,.T.);
#8319 = ORIENTED_EDGE('',*,*,#8320,.F.);
#8320 = EDGE_CURVE('',#8321,#7647,#8323,.T.);
#8321 = VERTEX_POINT('',#8322);
#8322 = CARTESIAN_POINT('',(0.685,0.46875,-6.938893903907E-18));
#8323 = CIRCLE('',#8324,3.5E-02);
#8324 = AXIS2_PLACEMENT_3D('',#8325,#8326,#8327);
#8325 = CARTESIAN_POINT('',(0.685,0.46875,3.5E-02));
#8326 = DIRECTION('',(0.,1.,-0.));
#8327 = DIRECTION('',(-1.,0.,0.));
#8328 = ORIENTED_EDGE('',*,*,#8329,.T.);
#8329 = EDGE_CURVE('',#8321,#8289,#8330,.T.);
#8330 = LINE('',#8331,#8332);
#8331 = CARTESIAN_POINT('',(-0.13125,0.46875,0.));
#8332 = VECTOR('',#8333,1.);
#8333 = DIRECTION('',(1.,0.,0.));
#8334 = PLANE('',#8335);
#8335 = AXIS2_PLACEMENT_3D('',#8336,#8337,#8338);
#8336 = CARTESIAN_POINT('',(-0.9125,0.46875,0.75));
#8337 = DIRECTION('',(0.,-1.,0.));
#8338 = DIRECTION('',(1.,0.,0.));
#8339 = ADVANCED_FACE('',(#8340),#8359,.T.);
#8340 = FACE_BOUND('',#8341,.T.);
#8341 = EDGE_LOOP('',(#8342,#8343,#8351,#8358));
#8342 = ORIENTED_EDGE('',*,*,#8320,.F.);
#8343 = ORIENTED_EDGE('',*,*,#8344,.F.);
#8344 = EDGE_CURVE('',#8345,#8321,#8347,.T.);
#8345 = VERTEX_POINT('',#8346);
#8346 = CARTESIAN_POINT('',(0.685,-0.46875,-6.938893903907E-18));
#8347 = LINE('',#8348,#8349);
#8348 = CARTESIAN_POINT('',(0.685,-0.625,-6.938893903907E-18));
#8349 = VECTOR('',#8350,1.);
#8350 = DIRECTION('',(0.,1.,0.));
#8351 = ORIENTED_EDGE('',*,*,#8352,.T.);
#8352 = EDGE_CURVE('',#8345,#7639,#8353,.T.);
#8353 = CIRCLE('',#8354,3.5E-02);
#8354 = AXIS2_PLACEMENT_3D('',#8355,#8356,#8357);
#8355 = CARTESIAN_POINT('',(0.685,-0.46875,3.5E-02));
#8356 = DIRECTION('',(0.,1.,-0.));
#8357 = DIRECTION('',(-1.,0.,0.));
#8358 = ORIENTED_EDGE('',*,*,#7646,.T.);
#8359 = CYLINDRICAL_SURFACE('',#8360,3.5E-02);
#8360 = AXIS2_PLACEMENT_3D('',#8361,#8362,#8363);
#8361 = CARTESIAN_POINT('',(0.685,-0.625,3.5E-02));
#8362 = DIRECTION('',(0.,1.,0.));
#8363 = DIRECTION('',(-1.,0.,0.));
#8364 = ADVANCED_FACE('',(#8365),#8383,.F.);
#8365 = FACE_BOUND('',#8366,.F.);
#8366 = EDGE_LOOP('',(#8367,#8368,#8376,#8382));
#8367 = ORIENTED_EDGE('',*,*,#7638,.T.);
#8368 = ORIENTED_EDGE('',*,*,#8369,.T.);
#8369 = EDGE_CURVE('',#7631,#8370,#8372,.T.);
#8370 = VERTEX_POINT('',#8371);
#8371 = CARTESIAN_POINT('',(0.9125,-0.46875,0.));
#8372 = LINE('',#8373,#8374);
#8373 = CARTESIAN_POINT('',(0.9125,-0.46875,0.75));
#8374 = VECTOR('',#8375,1.);
#8375 = DIRECTION('',(-0.,-0.,-1.));
#8376 = ORIENTED_EDGE('',*,*,#8377,.T.);
#8377 = EDGE_CURVE('',#8370,#8345,#8378,.T.);
#8378 = LINE('',#8379,#8380);
#8379 = CARTESIAN_POINT('',(0.78125,-0.46875,0.));
#8380 = VECTOR('',#8381,1.);
#8381 = DIRECTION('',(-1.,0.,0.));
#8382 = ORIENTED_EDGE('',*,*,#8352,.T.);
#8383 = PLANE('',#8384);
#8384 = AXIS2_PLACEMENT_3D('',#8385,#8386,#8387);
#8385 = CARTESIAN_POINT('',(0.9125,-0.46875,0.75));
#8386 = DIRECTION('',(0.,1.,0.));
#8387 = DIRECTION('',(-1.,0.,0.));
#8388 = ADVANCED_FACE('',(#8389),#8400,.F.);
#8389 = FACE_BOUND('',#8390,.F.);
#8390 = EDGE_LOOP('',(#8391,#8392,#8393,#8394));
#8391 = ORIENTED_EDGE('',*,*,#8369,.F.);
#8392 = ORIENTED_EDGE('',*,*,#7630,.T.);
#8393 = ORIENTED_EDGE('',*,*,#7752,.T.);
#8394 = ORIENTED_EDGE('',*,*,#8395,.T.);
#8395 = EDGE_CURVE('',#7743,#8370,#8396,.T.);
#8396 = LINE('',#8397,#8398);
#8397 = CARTESIAN_POINT('',(0.9125,-0.703125,0.));
#8398 = VECTOR('',#8399,1.);
#8399 = DIRECTION('',(0.,1.,0.));
#8400 = PLANE('',#8401);
#8401 = AXIS2_PLACEMENT_3D('',#8402,#8403,#8404);
#8402 = CARTESIAN_POINT('',(0.9125,-0.78125,0.75));
#8403 = DIRECTION('',(1.,0.,0.));
#8404 = DIRECTION('',(-0.,1.,0.));
#8405 = ADVANCED_FACE('',(#8406),#8431,.T.);
#8406 = FACE_BOUND('',#8407,.T.);
#8407 = EDGE_LOOP('',(#8408,#8416,#8417,#8425));
#8408 = ORIENTED_EDGE('',*,*,#8409,.T.);
#8409 = EDGE_CURVE('',#8410,#7711,#8412,.T.);
#8410 = VERTEX_POINT('',#8411);
#8411 = CARTESIAN_POINT('',(0.433012701892,0.5,1.75E-02));
#8412 = LINE('',#8413,#8414);
#8413 = CARTESIAN_POINT('',(0.433012701892,0.5,1.75E-02));
#8414 = VECTOR('',#8415,1.);
#8415 = DIRECTION('',(0.,0.,1.));
#8416 = ORIENTED_EDGE('',*,*,#7710,.T.);
#8417 = ORIENTED_EDGE('',*,*,#8418,.F.);
#8418 = EDGE_CURVE('',#8419,#7713,#8421,.T.);
#8419 = VERTEX_POINT('',#8420);
#8420 = CARTESIAN_POINT('',(0.433012701892,-0.5,1.75E-02));
#8421 = LINE('',#8422,#8423);
#8422 = CARTESIAN_POINT('',(0.433012701892,-0.5,1.75E-02));
#8423 = VECTOR('',#8424,1.);
#8424 = DIRECTION('',(0.,0.,1.));
#8425 = ORIENTED_EDGE('',*,*,#8426,.F.);
#8426 = EDGE_CURVE('',#8410,#8419,#8427,.T.);
#8427 = LINE('',#8428,#8429);
#8428 = CARTESIAN_POINT('',(0.433012701892,0.5,1.75E-02));
#8429 = VECTOR('',#8430,1.);
#8430 = DIRECTION('',(0.,-1.,0.));
#8431 = PLANE('',#8432);
#8432 = AXIS2_PLACEMENT_3D('',#8433,#8434,#8435);
#8433 = CARTESIAN_POINT('',(0.433012701892,0.5,1.75E-02));
#8434 = DIRECTION('',(1.,0.,0.));
#8435 = DIRECTION('',(0.,-1.,0.));
#8436 = ADVANCED_FACE('',(#8437),#8455,.T.);
#8437 = FACE_BOUND('',#8438,.T.);
#8438 = EDGE_LOOP('',(#8439,#8447,#8448,#8449));
#8439 = ORIENTED_EDGE('',*,*,#8440,.T.);
#8440 = EDGE_CURVE('',#8441,#7721,#8443,.T.);
#8441 = VERTEX_POINT('',#8442);
#8442 = CARTESIAN_POINT('',(-0.433012701892,0.,1.75E-02));
#8443 = LINE('',#8444,#8445);
#8444 = CARTESIAN_POINT('',(-0.433012701892,0.,1.75E-02));
#8445 = VECTOR('',#8446,1.);
#8446 = DIRECTION('',(0.,0.,1.));
#8447 = ORIENTED_EDGE('',*,*,#7728,.T.);
#8448 = ORIENTED_EDGE('',*,*,#8409,.F.);
#8449 = ORIENTED_EDGE('',*,*,#8450,.F.);
#8450 = EDGE_CURVE('',#8441,#8410,#8451,.T.);
#8451 = LINE('',#8452,#8453);
#8452 = CARTESIAN_POINT('',(-0.433012701892,0.,1.75E-02));
#8453 = VECTOR('',#8454,1.);
#8454 = DIRECTION('',(0.866025403784,0.5,0.));
#8455 = PLANE('',#8456);
#8456 = AXIS2_PLACEMENT_3D('',#8457,#8458,#8459);
#8457 = CARTESIAN_POINT('',(-0.433012701892,0.,1.75E-02));
#8458 = DIRECTION('',(-0.5,0.866025403784,0.));
#8459 = DIRECTION('',(0.866025403784,0.5,0.));
#8460 = ADVANCED_FACE('',(#8461),#8472,.T.);
#8461 = FACE_BOUND('',#8462,.T.);
#8462 = EDGE_LOOP('',(#8463,#8464,#8465,#8466));
#8463 = ORIENTED_EDGE('',*,*,#8418,.T.);
#8464 = ORIENTED_EDGE('',*,*,#7720,.T.);
#8465 = ORIENTED_EDGE('',*,*,#8440,.F.);
#8466 = ORIENTED_EDGE('',*,*,#8467,.F.);
#8467 = EDGE_CURVE('',#8419,#8441,#8468,.T.);
#8468 = LINE('',#8469,#8470);
#8469 = CARTESIAN_POINT('',(0.433012701892,-0.5,1.75E-02));
#8470 = VECTOR('',#8471,1.);
#8471 = DIRECTION('',(-0.866025403784,0.5,0.));
#8472 = PLANE('',#8473);
#8473 = AXIS2_PLACEMENT_3D('',#8474,#8475,#8476);
#8474 = CARTESIAN_POINT('',(0.433012701892,-0.5,1.75E-02));
#8475 = DIRECTION('',(-0.5,-0.866025403784,0.));
#8476 = DIRECTION('',(-0.866025403784,0.5,0.));
#8477 = ADVANCED_FACE('',(#8478),#8500,.F.);
#8478 = FACE_BOUND('',#8479,.F.);
#8479 = EDGE_LOOP('',(#8480,#8488,#8489,#8490,#8491,#8492,#8493,#8494));
#8480 = ORIENTED_EDGE('',*,*,#8481,.F.);
#8481 = EDGE_CURVE('',#8297,#8482,#8484,.T.);
#8482 = VERTEX_POINT('',#8483);
#8483 = CARTESIAN_POINT('',(0.965,0.625,-6.938893903907E-18));
#8484 = LINE('',#8485,#8486);
#8485 = CARTESIAN_POINT('',(0.65,0.625,0.));
#8486 = VECTOR('',#8487,1.);
#8487 = DIRECTION('',(1.,0.,0.));
#8488 = ORIENTED_EDGE('',*,*,#8296,.F.);
#8489 = ORIENTED_EDGE('',*,*,#8329,.F.);
#8490 = ORIENTED_EDGE('',*,*,#8344,.F.);
#8491 = ORIENTED_EDGE('',*,*,#8377,.F.);
#8492 = ORIENTED_EDGE('',*,*,#8395,.F.);
#8493 = ORIENTED_EDGE('',*,*,#7742,.T.);
#8494 = ORIENTED_EDGE('',*,*,#8495,.T.);
#8495 = EDGE_CURVE('',#7745,#8482,#8496,.T.);
#8496 = LINE('',#8497,#8498);
#8497 = CARTESIAN_POINT('',(0.965,-0.625,-6.938893903907E-18));
#8498 = VECTOR('',#8499,1.);
#8499 = DIRECTION('',(0.,1.,0.));
#8500 = PLANE('',#8501);
#8501 = AXIS2_PLACEMENT_3D('',#8502,#8503,#8504);
#8502 = CARTESIAN_POINT('',(0.65,-0.625,0.));
#8503 = DIRECTION('',(0.,0.,1.));
#8504 = DIRECTION('',(1.,0.,-0.));
#8505 = ADVANCED_FACE('',(#8506),#8525,.T.);
#8506 = FACE_BOUND('',#8507,.T.);
#8507 = EDGE_LOOP('',(#8508,#8509,#8510,#8519));
#8508 = ORIENTED_EDGE('',*,*,#7794,.T.);
#8509 = ORIENTED_EDGE('',*,*,#8495,.T.);
#8510 = ORIENTED_EDGE('',*,*,#8511,.F.);
#8511 = EDGE_CURVE('',#8512,#8482,#8514,.T.);
#8512 = VERTEX_POINT('',#8513);
#8513 = CARTESIAN_POINT('',(1.,0.625,3.5E-02));
#8514 = CIRCLE('',#8515,3.5E-02);
#8515 = AXIS2_PLACEMENT_3D('',#8516,#8517,#8518);
#8516 = CARTESIAN_POINT('',(0.965,0.625,3.5E-02));
#8517 = DIRECTION('',(0.,1.,0.));
#8518 = DIRECTION('',(0.,-0.,1.));
#8519 = ORIENTED_EDGE('',*,*,#8520,.F.);
#8520 = EDGE_CURVE('',#7787,#8512,#8521,.T.);
#8521 = LINE('',#8522,#8523);
#8522 = CARTESIAN_POINT('',(1.,-0.625,3.5E-02));
#8523 = VECTOR('',#8524,1.);
#8524 = DIRECTION('',(0.,1.,0.));
#8525 = CYLINDRICAL_SURFACE('',#8526,3.5E-02);
#8526 = AXIS2_PLACEMENT_3D('',#8527,#8528,#8529);
#8527 = CARTESIAN_POINT('',(0.965,-0.625,3.5E-02));
#8528 = DIRECTION('',(0.,1.,0.));
#8529 = DIRECTION('',(1.,0.,0.));
#8530 = ADVANCED_FACE('',(#8531),#8549,.T.);
#8531 = FACE_BOUND('',#8532,.T.);
#8532 = EDGE_LOOP('',(#8533,#8534,#8535,#8543));
#8533 = ORIENTED_EDGE('',*,*,#7786,.F.);
#8534 = ORIENTED_EDGE('',*,*,#8520,.T.);
#8535 = ORIENTED_EDGE('',*,*,#8536,.T.);
#8536 = EDGE_CURVE('',#8512,#8537,#8539,.T.);
#8537 = VERTEX_POINT('',#8538);
#8538 = CARTESIAN_POINT('',(1.,0.625,0.465));
#8539 = LINE('',#8540,#8541);
#8540 = CARTESIAN_POINT('',(1.,0.625,0.));
#8541 = VECTOR('',#8542,1.);
#8542 = DIRECTION('',(0.,0.,1.));
#8543 = ORIENTED_EDGE('',*,*,#8544,.F.);
#8544 = EDGE_CURVE('',#7778,#8537,#8545,.T.);
#8545 = LINE('',#8546,#8547);
#8546 = CARTESIAN_POINT('',(1.,-0.625,0.465));
#8547 = VECTOR('',#8548,1.);
#8548 = DIRECTION('',(0.,1.,0.));
#8549 = PLANE('',#8550);
#8550 = AXIS2_PLACEMENT_3D('',#8551,#8552,#8553);
#8551 = CARTESIAN_POINT('',(1.,-0.625,0.));
#8552 = DIRECTION('',(1.,0.,0.));
#8553 = DIRECTION('',(0.,0.,1.));
#8554 = ADVANCED_FACE('',(#8555),#8574,.T.);
#8555 = FACE_BOUND('',#8556,.T.);
#8556 = EDGE_LOOP('',(#8557,#8558,#8567,#8573));
#8557 = ORIENTED_EDGE('',*,*,#8544,.T.);
#8558 = ORIENTED_EDGE('',*,*,#8559,.T.);
#8559 = EDGE_CURVE('',#8537,#8560,#8562,.T.);
#8560 = VERTEX_POINT('',#8561);
#8561 = CARTESIAN_POINT('',(0.965,0.625,0.5));
#8562 = CIRCLE('',#8563,3.5E-02);
#8563 = AXIS2_PLACEMENT_3D('',#8564,#8565,#8566);
#8564 = CARTESIAN_POINT('',(0.965,0.625,0.465));
#8565 = DIRECTION('',(0.,-1.,0.));
#8566 = DIRECTION('',(0.,0.,1.));
#8567 = ORIENTED_EDGE('',*,*,#8568,.F.);
#8568 = EDGE_CURVE('',#7770,#8560,#8569,.T.);
#8569 = LINE('',#8570,#8571);
#8570 = CARTESIAN_POINT('',(0.965,-0.625,0.5));
#8571 = VECTOR('',#8572,1.);
#8572 = DIRECTION('',(0.,1.,0.));
#8573 = ORIENTED_EDGE('',*,*,#7777,.F.);
#8574 = CYLINDRICAL_SURFACE('',#8575,3.5E-02);
#8575 = AXIS2_PLACEMENT_3D('',#8576,#8577,#8578);
#8576 = CARTESIAN_POINT('',(0.965,-0.625,0.465));
#8577 = DIRECTION('',(0.,1.,0.));
#8578 = DIRECTION('',(1.,0.,0.));
#8579 = ADVANCED_FACE('',(#8580),#8621,.T.);
#8580 = FACE_BOUND('',#8581,.T.);
#8581 = EDGE_LOOP('',(#8582,#8590,#8598,#8604,#8605,#8613,#8619,#8620));
#8582 = ORIENTED_EDGE('',*,*,#8583,.F.);
#8583 = EDGE_CURVE('',#8584,#8560,#8586,.T.);
#8584 = VERTEX_POINT('',#8585);
#8585 = CARTESIAN_POINT('',(0.9125,0.625,0.5));
#8586 = LINE('',#8587,#8588);
#8587 = CARTESIAN_POINT('',(0.65,0.625,0.5));
#8588 = VECTOR('',#8589,1.);
#8589 = DIRECTION('',(1.,0.,0.));
#8590 = ORIENTED_EDGE('',*,*,#8591,.F.);
#8591 = EDGE_CURVE('',#8592,#8584,#8594,.T.);
#8592 = VERTEX_POINT('',#8593);
#8593 = CARTESIAN_POINT('',(0.9125,0.46875,0.5));
#8594 = LINE('',#8595,#8596);
#8595 = CARTESIAN_POINT('',(0.9125,-7.8125E-02,0.5));
#8596 = VECTOR('',#8597,1.);
#8597 = DIRECTION('',(0.,1.,0.));
#8598 = ORIENTED_EDGE('',*,*,#8599,.F.);
#8599 = EDGE_CURVE('',#7875,#8592,#8600,.T.);
#8600 = LINE('',#8601,#8602);
#8601 = CARTESIAN_POINT('',(-0.13125,0.46875,0.5));
#8602 = VECTOR('',#8603,1.);
#8603 = DIRECTION('',(1.,0.,0.));
#8604 = ORIENTED_EDGE('',*,*,#7874,.F.);
#8605 = ORIENTED_EDGE('',*,*,#8606,.F.);
#8606 = EDGE_CURVE('',#8607,#7866,#8609,.T.);
#8607 = VERTEX_POINT('',#8608);
#8608 = CARTESIAN_POINT('',(0.9125,-0.46875,0.5));
#8609 = LINE('',#8610,#8611);
#8610 = CARTESIAN_POINT('',(0.78125,-0.46875,0.5));
#8611 = VECTOR('',#8612,1.);
#8612 = DIRECTION('',(-1.,0.,0.));
#8613 = ORIENTED_EDGE('',*,*,#8614,.F.);
#8614 = EDGE_CURVE('',#7762,#8607,#8615,.T.);
#8615 = LINE('',#8616,#8617);
#8616 = CARTESIAN_POINT('',(0.9125,-0.703125,0.5));
#8617 = VECTOR('',#8618,1.);
#8618 = DIRECTION('',(0.,1.,0.));
#8619 = ORIENTED_EDGE('',*,*,#7769,.T.);
#8620 = ORIENTED_EDGE('',*,*,#8568,.T.);
#8621 = PLANE('',#8622);
#8622 = AXIS2_PLACEMENT_3D('',#8623,#8624,#8625);
#8623 = CARTESIAN_POINT('',(0.65,-0.625,0.5));
#8624 = DIRECTION('',(0.,0.,1.));
#8625 = DIRECTION('',(1.,0.,-0.));
#8626 = ADVANCED_FACE('',(#8627),#8638,.F.);
#8627 = FACE_BOUND('',#8628,.F.);
#8628 = EDGE_LOOP('',(#8629,#8635,#8636,#8637));
#8629 = ORIENTED_EDGE('',*,*,#8630,.F.);
#8630 = EDGE_CURVE('',#8607,#7810,#8631,.T.);
#8631 = LINE('',#8632,#8633);
#8632 = CARTESIAN_POINT('',(0.9125,-0.46875,0.75));
#8633 = VECTOR('',#8634,1.);
#8634 = DIRECTION('',(-0.,-0.,-1.));
#8635 = ORIENTED_EDGE('',*,*,#8614,.F.);
#8636 = ORIENTED_EDGE('',*,*,#7761,.T.);
#8637 = ORIENTED_EDGE('',*,*,#7819,.F.);
#8638 = PLANE('',#8639);
#8639 = AXIS2_PLACEMENT_3D('',#8640,#8641,#8642);
#8640 = CARTESIAN_POINT('',(0.9125,-0.78125,0.75));
#8641 = DIRECTION('',(1.,0.,0.));
#8642 = DIRECTION('',(-0.,1.,0.));
#8643 = ADVANCED_FACE('',(#8644),#8650,.F.);
#8644 = FACE_BOUND('',#8645,.F.);
#8645 = EDGE_LOOP('',(#8646,#8647,#8648,#8649));
#8646 = ORIENTED_EDGE('',*,*,#8606,.F.);
#8647 = ORIENTED_EDGE('',*,*,#8630,.T.);
#8648 = ORIENTED_EDGE('',*,*,#7809,.F.);
#8649 = ORIENTED_EDGE('',*,*,#7865,.T.);
#8650 = PLANE('',#8651);
#8651 = AXIS2_PLACEMENT_3D('',#8652,#8653,#8654);
#8652 = CARTESIAN_POINT('',(0.9125,-0.46875,0.75));
#8653 = DIRECTION('',(0.,1.,0.));
#8654 = DIRECTION('',(-1.,0.,0.));
#8655 = ADVANCED_FACE('',(#8656),#8672,.F.);
#8656 = FACE_BOUND('',#8657,.F.);
#8657 = EDGE_LOOP('',(#8658,#8659,#8665,#8666));
#8658 = ORIENTED_EDGE('',*,*,#8591,.F.);
#8659 = ORIENTED_EDGE('',*,*,#8660,.T.);
#8660 = EDGE_CURVE('',#8592,#7843,#8661,.T.);
#8661 = LINE('',#8662,#8663);
#8662 = CARTESIAN_POINT('',(0.9125,0.46875,0.75));
#8663 = VECTOR('',#8664,1.);
#8664 = DIRECTION('',(-0.,-0.,-1.));
#8665 = ORIENTED_EDGE('',*,*,#7850,.F.);
#8666 = ORIENTED_EDGE('',*,*,#8667,.F.);
#8667 = EDGE_CURVE('',#8584,#7834,#8668,.T.);
#8668 = LINE('',#8669,#8670);
#8669 = CARTESIAN_POINT('',(0.9125,0.625,0.375));
#8670 = VECTOR('',#8671,1.);
#8671 = DIRECTION('',(0.,0.,-1.));
#8672 = PLANE('',#8673);
#8673 = AXIS2_PLACEMENT_3D('',#8674,#8675,#8676);
#8674 = CARTESIAN_POINT('',(0.9125,0.46875,0.75));
#8675 = DIRECTION('',(1.,0.,0.));
#8676 = DIRECTION('',(-0.,1.,0.));
#8677 = ADVANCED_FACE('',(#8678),#8684,.F.);
#8678 = FACE_BOUND('',#8679,.F.);
#8679 = EDGE_LOOP('',(#8680,#8681,#8682,#8683));
#8680 = ORIENTED_EDGE('',*,*,#8660,.F.);
#8681 = ORIENTED_EDGE('',*,*,#8599,.F.);
#8682 = ORIENTED_EDGE('',*,*,#7882,.F.);
#8683 = ORIENTED_EDGE('',*,*,#7842,.F.);
#8684 = PLANE('',#8685);
#8685 = AXIS2_PLACEMENT_3D('',#8686,#8687,#8688);
#8686 = CARTESIAN_POINT('',(-0.9125,0.46875,0.75));
#8687 = DIRECTION('',(0.,-1.,0.));
#8688 = DIRECTION('',(1.,0.,0.));
#8689 = ADVANCED_FACE('',(#8690),#8702,.T.);
#8690 = FACE_BOUND('',#8691,.T.);
#8691 = EDGE_LOOP('',(#8692,#8693,#8694,#8695,#8696,#8697,#8698,#8699,
    #8700,#8701));
#8692 = ORIENTED_EDGE('',*,*,#8070,.F.);
#8693 = ORIENTED_EDGE('',*,*,#8141,.F.);
#8694 = ORIENTED_EDGE('',*,*,#8177,.T.);
#8695 = ORIENTED_EDGE('',*,*,#8201,.T.);
#8696 = ORIENTED_EDGE('',*,*,#8025,.T.);
#8697 = ORIENTED_EDGE('',*,*,#7986,.F.);
#8698 = ORIENTED_EDGE('',*,*,#7913,.F.);
#8699 = ORIENTED_EDGE('',*,*,#7905,.F.);
#8700 = ORIENTED_EDGE('',*,*,#7897,.T.);
#8701 = ORIENTED_EDGE('',*,*,#8272,.F.);
#8702 = PLANE('',#8703);
#8703 = AXIS2_PLACEMENT_3D('',#8704,#8705,#8706);
#8704 = CARTESIAN_POINT('',(-1.,0.625,0.));
#8705 = DIRECTION('',(0.,1.,0.));
#8706 = DIRECTION('',(0.,-0.,1.));
#8707 = ADVANCED_FACE('',(#8708),#8720,.T.);
#8708 = FACE_BOUND('',#8709,.T.);
#8709 = EDGE_LOOP('',(#8710,#8711,#8712,#8713,#8714,#8715,#8716,#8717,
    #8718,#8719));
#8710 = ORIENTED_EDGE('',*,*,#8481,.F.);
#8711 = ORIENTED_EDGE('',*,*,#8304,.F.);
#8712 = ORIENTED_EDGE('',*,*,#7938,.T.);
#8713 = ORIENTED_EDGE('',*,*,#7930,.T.);
#8714 = ORIENTED_EDGE('',*,*,#7922,.F.);
#8715 = ORIENTED_EDGE('',*,*,#8667,.F.);
#8716 = ORIENTED_EDGE('',*,*,#8583,.T.);
#8717 = ORIENTED_EDGE('',*,*,#8559,.F.);
#8718 = ORIENTED_EDGE('',*,*,#8536,.F.);
#8719 = ORIENTED_EDGE('',*,*,#8511,.T.);
#8720 = PLANE('',#8721);
#8721 = AXIS2_PLACEMENT_3D('',#8722,#8723,#8724);
#8722 = CARTESIAN_POINT('',(0.65,0.625,0.));
#8723 = DIRECTION('',(0.,1.,0.));
#8724 = DIRECTION('',(0.,-0.,1.));
#8725 = ADVANCED_FACE('',(#8726),#8731,.T.);
#8726 = FACE_BOUND('',#8727,.T.);
#8727 = EDGE_LOOP('',(#8728,#8729,#8730));
#8728 = ORIENTED_EDGE('',*,*,#8450,.T.);
#8729 = ORIENTED_EDGE('',*,*,#8426,.T.);
#8730 = ORIENTED_EDGE('',*,*,#8467,.T.);
#8731 = PLANE('',#8732);
#8732 = AXIS2_PLACEMENT_3D('',#8733,#8734,#8735);
#8733 = CARTESIAN_POINT('',(0.144337567297,9.251858538543E-18,1.75E-02)
  );
#8734 = DIRECTION('',(-0.,-0.,-1.));
#8735 = DIRECTION('',(-1.,0.,0.));
#8736 = ( GEOMETRIC_REPRESENTATION_CONTEXT(3) 
GLOBAL_UNCERTAINTY_ASSIGNED_CONTEXT((#8740)) 
GLOBAL_UNIT_ASSIGNED_CONTEXT((#8737,#8738,#8739)) REPRESENTATION_CONTEXT
('Context #1','3D Context with UNIT and UNCERTAINTY') );
#8737 = ( LENGTH_UNIT() NAMED_UNIT(*) SI_UNIT(.MILLI.,.METRE.) );
#8738 = ( NAMED_UNIT(*) PLANE_ANGLE_UNIT() SI_UNIT($,.RADIAN.) );
#8739 = ( NAMED_UNIT(*) SI_UNIT($,.STERADIAN.) SOLID_ANGLE_UNIT() );
#8740 = UNCERTAINTY_MEASURE_WITH_UNIT(LENGTH_MEASURE(1.E-07),#8737,
  'distance_accuracy_value','confusion accuracy');
#8741 = CONTEXT_DEPENDENT_SHAPE_REPRESENTATION(#8742,#8744);
#8742 = ( REPRESENTATION_RELATIONSHIP('','',#7212,#7189) 
REPRESENTATION_RELATIONSHIP_WITH_TRANSFORMATION(#8743) 
SHAPE_REPRESENTATION_RELATIONSHIP() );
#8743 = ITEM_DEFINED_TRANSFORMATION('','',#11,#7190);
#8744 = PRODUCT_DEFINITION_SHAPE('Placement','Placement of an item',
  #8745);
#8745 = NEXT_ASSEMBLY_USAGE_OCCURRENCE('20','=>[0:1:1:15]','',#7184,
  #7207,$);
#8746 = PRODUCT_RELATED_PRODUCT_CATEGORY('part',$,(#7209));
#8747 = CONTEXT_DEPENDENT_SHAPE_REPRESENTATION(#8748,#8750);
#8748 = ( REPRESENTATION_RELATIONSHIP('','',#136,#10) 
REPRESENTATION_RELATIONSHIP_WITH_TRANSFORMATION(#8749) 
SHAPE_REPRESENTATION_RELATIONSHIP() );
#8749 = ITEM_DEFINED_TRANSFORMATION('','',#11,#71);
#8750 = PRODUCT_DEFINITION_SHAPE('Placement','Placement of an item',
  #8751);
#8751 = NEXT_ASSEMBLY_USAGE_OCCURRENCE('22','C5','',#5,#131,$);
#8752 = CONTEXT_DEPENDENT_SHAPE_REPRESENTATION(#8753,#8755);
#8753 = ( REPRESENTATION_RELATIONSHIP('','',#136,#10) 
REPRESENTATION_RELATIONSHIP_WITH_TRANSFORMATION(#8754) 
SHAPE_REPRESENTATION_RELATIONSHIP() );
#8754 = ITEM_DEFINED_TRANSFORMATION('','',#11,#75);
#8755 = PRODUCT_DEFINITION_SHAPE('Placement','Placement of an item',
  #8756);
#8756 = NEXT_ASSEMBLY_USAGE_OCCURRENCE('23','C9','',#5,#131,$);
#8757 = CONTEXT_DEPENDENT_SHAPE_REPRESENTATION(#8758,#8760);
#8758 = ( REPRESENTATION_RELATIONSHIP('','',#136,#10) 
REPRESENTATION_RELATIONSHIP_WITH_TRANSFORMATION(#8759) 
SHAPE_REPRESENTATION_RELATIONSHIP() );
#8759 = ITEM_DEFINED_TRANSFORMATION('','',#11,#79);
#8760 = PRODUCT_DEFINITION_SHAPE('Placement','Placement of an item',
  #8761);
#8761 = NEXT_ASSEMBLY_USAGE_OCCURRENCE('24','C10','',#5,#131,$);
#8762 = CONTEXT_DEPENDENT_SHAPE_REPRESENTATION(#8763,#8765);
#8763 = ( REPRESENTATION_RELATIONSHIP('','',#3957,#10) 
REPRESENTATION_RELATIONSHIP_WITH_TRANSFORMATION(#8764) 
SHAPE_REPRESENTATION_RELATIONSHIP() );
#8764 = ITEM_DEFINED_TRANSFORMATION('','',#11,#83);
#8765 = PRODUCT_DEFINITION_SHAPE('Placement','Placement of an item',
  #8766);
#8766 = NEXT_ASSEMBLY_USAGE_OCCURRENCE('25','R1','',#5,#3952,$);
#8767 = SHAPE_DEFINITION_REPRESENTATION(#8768,#8774);
#8768 = PRODUCT_DEFINITION_SHAPE('','',#8769);
#8769 = PRODUCT_DEFINITION('design','',#8770,#8773);
#8770 = PRODUCT_DEFINITION_FORMATION('','',#8771);
#8771 = PRODUCT('SMA_Samtec_SMA-J-P-H-ST-EM1_EdgeMount',
  'SMA_Samtec_SMA-J-P-H-ST-EM1_EdgeMount','',(#8772));
#8772 = PRODUCT_CONTEXT('',#2,'mechanical');
#8773 = PRODUCT_DEFINITION_CONTEXT('part definition',#2,'design');
#8774 = SHAPE_REPRESENTATION('',(#11,#8775),#8779);
#8775 = AXIS2_PLACEMENT_3D('',#8776,#8777,#8778);
#8776 = CARTESIAN_POINT('',(0.,0.,0.));
#8777 = DIRECTION('',(0.,0.,1.));
#8778 = DIRECTION('',(1.,0.,-0.));
#8779 = ( GEOMETRIC_REPRESENTATION_CONTEXT(3) 
GLOBAL_UNCERTAINTY_ASSIGNED_CONTEXT((#8783)) 
GLOBAL_UNIT_ASSIGNED_CONTEXT((#8780,#8781,#8782)) REPRESENTATION_CONTEXT
('Context #1','3D Context with UNIT and UNCERTAINTY') );
#8780 = ( LENGTH_UNIT() NAMED_UNIT(*) SI_UNIT(.MILLI.,.METRE.) );
#8781 = ( NAMED_UNIT(*) PLANE_ANGLE_UNIT() SI_UNIT($,.RADIAN.) );
#8782 = ( NAMED_UNIT(*) SI_UNIT($,.STERADIAN.) SOLID_ANGLE_UNIT() );
#8783 = UNCERTAINTY_MEASURE_WITH_UNIT(LENGTH_MEASURE(1.E-07),#8780,
  'distance_accuracy_value','confusion accuracy');
#8784 = CONTEXT_DEPENDENT_SHAPE_REPRESENTATION(#8785,#8787);
#8785 = ( REPRESENTATION_RELATIONSHIP('','',#8774,#10) 
REPRESENTATION_RELATIONSHIP_WITH_TRANSFORMATION(#8786) 
SHAPE_REPRESENTATION_RELATIONSHIP() );
#8786 = ITEM_DEFINED_TRANSFORMATION('','',#11,#87);
#8787 = PRODUCT_DEFINITION_SHAPE('Placement','Placement of an item',
  #8788);
#8788 = NEXT_ASSEMBLY_USAGE_OCCURRENCE('27','J2','',#5,#8769,$);
#8789 = PRODUCT_RELATED_PRODUCT_CATEGORY('part',$,(#8771));
#8790 = SHAPE_DEFINITION_REPRESENTATION(#8791,#8797);
#8791 = PRODUCT_DEFINITION_SHAPE('','',#8792);
#8792 = PRODUCT_DEFINITION('design','',#8793,#8796);
#8793 = PRODUCT_DEFINITION_FORMATION('','',#8794);
#8794 = PRODUCT('SMA_Samtec_SMA-J-P-H-ST-EM1_EdgeMount',
  'SMA_Samtec_SMA-J-P-H-ST-EM1_EdgeMount','',(#8795));
#8795 = PRODUCT_CONTEXT('',#2,'mechanical');
#8796 = PRODUCT_DEFINITION_CONTEXT('part definition',#2,'design');
#8797 = ADVANCED_BREP_SHAPE_REPRESENTATION('',(#11,#8798),#13456);
#8798 = MANIFOLD_SOLID_BREP('',#8799);
#8799 = CLOSED_SHELL('',(#8800,#8840,#8895,#8950,#9056,#9084,#9108,#9139
    ,#9170,#9201,#9232,#9256,#9280,#9297,#9321,#9345,#9376,#9393,#9417,
    #9441,#9458,#9483,#9508,#9525,#9542,#9554,#9566,#9578,#9590,#9599,
    #9729,#9874,#9947,#10110,#10137,#10248,#10357,#10472,#10618,#10729,
    #10838,#10947,#11093,#11204,#11313,#11422,#11568,#11679,#11788,
    #11897,#12043,#12154,#12263,#12372,#12518,#12629,#12738,#12847,
    #12957,#13070,#13183,#13200,#13263,#13332,#13357,#13377,#13402,
    #13422,#13447));
#8800 = ADVANCED_FACE('',(#8801),#8835,.T.);
#8801 = FACE_BOUND('',#8802,.T.);
#8802 = EDGE_LOOP('',(#8803,#8813,#8821,#8829));
#8803 = ORIENTED_EDGE('',*,*,#8804,.T.);
#8804 = EDGE_CURVE('',#8805,#8807,#8809,.T.);
#8805 = VERTEX_POINT('',#8806);
#8806 = CARTESIAN_POINT('',(2.1,-3.175,3.675));
#8807 = VERTEX_POINT('',#8808);
#8808 = CARTESIAN_POINT('',(3.7,-3.175,3.675));
#8809 = LINE('',#8810,#8811);
#8810 = CARTESIAN_POINT('',(2.1,-3.175,3.675));
#8811 = VECTOR('',#8812,1.);
#8812 = DIRECTION('',(1.,-4.440892098501E-16,6.7E-16));
#8813 = ORIENTED_EDGE('',*,*,#8814,.T.);
#8814 = EDGE_CURVE('',#8807,#8815,#8817,.T.);
#8815 = VERTEX_POINT('',#8816);
#8816 = CARTESIAN_POINT('',(3.7,3.175,3.675));
#8817 = LINE('',#8818,#8819);
#8818 = CARTESIAN_POINT('',(3.7,-3.175,3.675));
#8819 = VECTOR('',#8820,1.);
#8820 = DIRECTION('',(4.440892098501E-16,1.,0.));
#8821 = ORIENTED_EDGE('',*,*,#8822,.F.);
#8822 = EDGE_CURVE('',#8823,#8815,#8825,.T.);
#8823 = VERTEX_POINT('',#8824);
#8824 = CARTESIAN_POINT('',(2.1,3.175,3.675));
#8825 = LINE('',#8826,#8827);
#8826 = CARTESIAN_POINT('',(2.1,3.175,3.675));
#8827 = VECTOR('',#8828,1.);
#8828 = DIRECTION('',(1.,-4.440892098501E-16,6.7E-16));
#8829 = ORIENTED_EDGE('',*,*,#8830,.F.);
#8830 = EDGE_CURVE('',#8805,#8823,#8831,.T.);
#8831 = LINE('',#8832,#8833);
#8832 = CARTESIAN_POINT('',(2.1,-3.175,3.675));
#8833 = VECTOR('',#8834,1.);
#8834 = DIRECTION('',(4.440892098501E-16,1.,0.));
#8835 = PLANE('',#8836);
#8836 = AXIS2_PLACEMENT_3D('',#8837,#8838,#8839);
#8837 = CARTESIAN_POINT('',(2.1,-3.175,3.675));
#8838 = DIRECTION('',(-6.7E-16,2.975397705995E-31,1.));
#8839 = DIRECTION('',(4.440892098501E-16,1.,6.699958282553E-44));
#8840 = ADVANCED_FACE('',(#8841),#8890,.T.);
#8841 = FACE_BOUND('',#8842,.T.);
#8842 = EDGE_LOOP('',(#8843,#8853,#8859,#8860,#8868,#8876,#8884));
#8843 = ORIENTED_EDGE('',*,*,#8844,.T.);
#8844 = EDGE_CURVE('',#8845,#8847,#8849,.T.);
#8845 = VERTEX_POINT('',#8846);
#8846 = CARTESIAN_POINT('',(2.1,-3.175,-2.675));
#8847 = VERTEX_POINT('',#8848);
#8848 = CARTESIAN_POINT('',(3.7,-3.175,-2.675));
#8849 = LINE('',#8850,#8851);
#8850 = CARTESIAN_POINT('',(2.1,-3.175,-2.675));
#8851 = VECTOR('',#8852,1.);
#8852 = DIRECTION('',(1.,-4.440892098501E-16,6.7E-16));
#8853 = ORIENTED_EDGE('',*,*,#8854,.T.);
#8854 = EDGE_CURVE('',#8847,#8807,#8855,.T.);
#8855 = LINE('',#8856,#8857);
#8856 = CARTESIAN_POINT('',(3.7,-3.175,-2.675));
#8857 = VECTOR('',#8858,1.);
#8858 = DIRECTION('',(-4.4E-16,1.95399252334E-31,1.));
#8859 = ORIENTED_EDGE('',*,*,#8804,.F.);
#8860 = ORIENTED_EDGE('',*,*,#8861,.F.);
#8861 = EDGE_CURVE('',#8862,#8805,#8864,.T.);
#8862 = VERTEX_POINT('',#8863);
#8863 = CARTESIAN_POINT('',(2.1,-3.175,1.145));
#8864 = LINE('',#8865,#8866);
#8865 = CARTESIAN_POINT('',(2.1,-3.175,-2.675));
#8866 = VECTOR('',#8867,1.);
#8867 = DIRECTION('',(-4.4E-16,1.95399252334E-31,1.));
#8868 = ORIENTED_EDGE('',*,*,#8869,.F.);
#8869 = EDGE_CURVE('',#8870,#8862,#8872,.T.);
#8870 = VERTEX_POINT('',#8871);
#8871 = CARTESIAN_POINT('',(2.1,-3.175,0.125));
#8872 = LINE('',#8873,#8874);
#8873 = CARTESIAN_POINT('',(2.1,-3.175,0.125));
#8874 = VECTOR('',#8875,1.);
#8875 = DIRECTION('',(-4.4E-16,1.95399252334E-31,1.));
#8876 = ORIENTED_EDGE('',*,*,#8877,.F.);
#8877 = EDGE_CURVE('',#8878,#8870,#8880,.T.);
#8878 = VERTEX_POINT('',#8879);
#8879 = CARTESIAN_POINT('',(2.1,-3.175,-1.605));
#8880 = LINE('',#8881,#8882);
#8881 = CARTESIAN_POINT('',(2.1,-3.175,-2.675));
#8882 = VECTOR('',#8883,1.);
#8883 = DIRECTION('',(-4.4E-16,1.95399252334E-31,1.));
#8884 = ORIENTED_EDGE('',*,*,#8885,.F.);
#8885 = EDGE_CURVE('',#8845,#8878,#8886,.T.);
#8886 = LINE('',#8887,#8888);
#8887 = CARTESIAN_POINT('',(2.1,-3.175,-2.675));
#8888 = VECTOR('',#8889,1.);
#8889 = DIRECTION('',(-4.4E-16,1.95399252334E-31,1.));
#8890 = PLANE('',#8891);
#8891 = AXIS2_PLACEMENT_3D('',#8892,#8893,#8894);
#8892 = CARTESIAN_POINT('',(2.1,-3.175,-2.675));
#8893 = DIRECTION('',(-4.440892098501E-16,-1.,0.));
#8894 = DIRECTION('',(-7.8E-16,3.463895836831E-31,1.));
#8895 = ADVANCED_FACE('',(#8896),#8945,.T.);
#8896 = FACE_BOUND('',#8897,.T.);
#8897 = EDGE_LOOP('',(#8898,#8899,#8907,#8915,#8923,#8931,#8939));
#8898 = ORIENTED_EDGE('',*,*,#8822,.T.);
#8899 = ORIENTED_EDGE('',*,*,#8900,.T.);
#8900 = EDGE_CURVE('',#8815,#8901,#8903,.T.);
#8901 = VERTEX_POINT('',#8902);
#8902 = CARTESIAN_POINT('',(3.7,3.175,-2.675));
#8903 = LINE('',#8904,#8905);
#8904 = CARTESIAN_POINT('',(3.7,3.175,3.675));
#8905 = VECTOR('',#8906,1.);
#8906 = DIRECTION('',(4.4E-16,-1.95399252334E-31,-1.));
#8907 = ORIENTED_EDGE('',*,*,#8908,.F.);
#8908 = EDGE_CURVE('',#8909,#8901,#8911,.T.);
#8909 = VERTEX_POINT('',#8910);
#8910 = CARTESIAN_POINT('',(2.1,3.175,-2.675));
#8911 = LINE('',#8912,#8913);
#8912 = CARTESIAN_POINT('',(2.1,3.175,-2.675));
#8913 = VECTOR('',#8914,1.);
#8914 = DIRECTION('',(1.,-4.440892098501E-16,6.7E-16));
#8915 = ORIENTED_EDGE('',*,*,#8916,.F.);
#8916 = EDGE_CURVE('',#8917,#8909,#8919,.T.);
#8917 = VERTEX_POINT('',#8918);
#8918 = CARTESIAN_POINT('',(2.1,3.175,-1.605));
#8919 = LINE('',#8920,#8921);
#8920 = CARTESIAN_POINT('',(2.1,3.175,3.675));
#8921 = VECTOR('',#8922,1.);
#8922 = DIRECTION('',(4.4E-16,-1.95399252334E-31,-1.));
#8923 = ORIENTED_EDGE('',*,*,#8924,.F.);
#8924 = EDGE_CURVE('',#8925,#8917,#8927,.T.);
#8925 = VERTEX_POINT('',#8926);
#8926 = CARTESIAN_POINT('',(2.1,3.175,0.125));
#8927 = LINE('',#8928,#8929);
#8928 = CARTESIAN_POINT('',(2.1,3.175,3.675));
#8929 = VECTOR('',#8930,1.);
#8930 = DIRECTION('',(4.4E-16,-1.95399252334E-31,-1.));
#8931 = ORIENTED_EDGE('',*,*,#8932,.F.);
#8932 = EDGE_CURVE('',#8933,#8925,#8935,.T.);
#8933 = VERTEX_POINT('',#8934);
#8934 = CARTESIAN_POINT('',(2.1,3.175,1.145));
#8935 = LINE('',#8936,#8937);
#8936 = CARTESIAN_POINT('',(2.1,3.175,1.145));
#8937 = VECTOR('',#8938,1.);
#8938 = DIRECTION('',(4.4E-16,-4.4E-16,-1.));
#8939 = ORIENTED_EDGE('',*,*,#8940,.F.);
#8940 = EDGE_CURVE('',#8823,#8933,#8941,.T.);
#8941 = LINE('',#8942,#8943);
#8942 = CARTESIAN_POINT('',(2.1,3.175,3.675));
#8943 = VECTOR('',#8944,1.);
#8944 = DIRECTION('',(4.4E-16,-1.95399252334E-31,-1.));
#8945 = PLANE('',#8946);
#8946 = AXIS2_PLACEMENT_3D('',#8947,#8948,#8949);
#8947 = CARTESIAN_POINT('',(2.1,3.175,3.675));
#8948 = DIRECTION('',(4.440892098501E-16,1.,0.));
#8949 = DIRECTION('',(7.8E-16,-3.463895836831E-31,-1.));
#8950 = ADVANCED_FACE('',(#8951,#9040),#9051,.T.);
#8951 = FACE_BOUND('',#8952,.T.);
#8952 = EDGE_LOOP('',(#8953,#8954,#8955,#8956,#8964,#8972,#8978,#8979,
    #8987,#8995,#9003,#9011,#9017,#9018,#9026,#9034));
#8953 = ORIENTED_EDGE('',*,*,#8861,.T.);
#8954 = ORIENTED_EDGE('',*,*,#8830,.T.);
#8955 = ORIENTED_EDGE('',*,*,#8940,.T.);
#8956 = ORIENTED_EDGE('',*,*,#8957,.F.);
#8957 = EDGE_CURVE('',#8958,#8933,#8960,.T.);
#8958 = VERTEX_POINT('',#8959);
#8959 = CARTESIAN_POINT('',(2.1,2.365,1.145));
#8960 = LINE('',#8961,#8962);
#8961 = CARTESIAN_POINT('',(2.1,2.365,1.145));
#8962 = VECTOR('',#8963,1.);
#8963 = DIRECTION('',(4.440892098501E-16,1.,0.));
#8964 = ORIENTED_EDGE('',*,*,#8965,.F.);
#8965 = EDGE_CURVE('',#8966,#8958,#8968,.T.);
#8966 = VERTEX_POINT('',#8967);
#8967 = CARTESIAN_POINT('',(2.1,2.365,0.125));
#8968 = LINE('',#8969,#8970);
#8969 = CARTESIAN_POINT('',(2.1,2.365,0.125));
#8970 = VECTOR('',#8971,1.);
#8971 = DIRECTION('',(-4.4E-16,1.95399252334E-31,1.));
#8972 = ORIENTED_EDGE('',*,*,#8973,.F.);
#8973 = EDGE_CURVE('',#8925,#8966,#8974,.T.);
#8974 = LINE('',#8975,#8976);
#8975 = CARTESIAN_POINT('',(2.1,3.175,0.125));
#8976 = VECTOR('',#8977,1.);
#8977 = DIRECTION('',(-4.440892098501E-16,-1.,0.));
#8978 = ORIENTED_EDGE('',*,*,#8924,.T.);
#8979 = ORIENTED_EDGE('',*,*,#8980,.T.);
#8980 = EDGE_CURVE('',#8917,#8981,#8983,.T.);
#8981 = VERTEX_POINT('',#8982);
#8982 = CARTESIAN_POINT('',(2.1,2.365,-1.605));
#8983 = LINE('',#8984,#8985);
#8984 = CARTESIAN_POINT('',(2.1,3.175,-1.605));
#8985 = VECTOR('',#8986,1.);
#8986 = DIRECTION('',(-4.440892098501E-16,-1.,0.));
#8987 = ORIENTED_EDGE('',*,*,#8988,.T.);
#8988 = EDGE_CURVE('',#8981,#8989,#8991,.T.);
#8989 = VERTEX_POINT('',#8990);
#8990 = CARTESIAN_POINT('',(2.1,2.365,-2.675));
#8991 = LINE('',#8992,#8993);
#8992 = CARTESIAN_POINT('',(2.1,2.365,-1.605));
#8993 = VECTOR('',#8994,1.);
#8994 = DIRECTION('',(4.4E-16,-1.95399252334E-31,-1.));
#8995 = ORIENTED_EDGE('',*,*,#8996,.T.);
#8996 = EDGE_CURVE('',#8989,#8997,#8999,.T.);
#8997 = VERTEX_POINT('',#8998);
#8998 = CARTESIAN_POINT('',(2.1,-2.365,-2.675));
#8999 = LINE('',#9000,#9001);
#9000 = CARTESIAN_POINT('',(2.1,3.175,-2.675));
#9001 = VECTOR('',#9002,1.);
#9002 = DIRECTION('',(-4.440892098501E-16,-1.,0.));
#9003 = ORIENTED_EDGE('',*,*,#9004,.F.);
#9004 = EDGE_CURVE('',#9005,#8997,#9007,.T.);
#9005 = VERTEX_POINT('',#9006);
#9006 = CARTESIAN_POINT('',(2.1,-2.365,-1.605));
#9007 = LINE('',#9008,#9009);
#9008 = CARTESIAN_POINT('',(2.1,-2.365,-1.605));
#9009 = VECTOR('',#9010,1.);
#9010 = DIRECTION('',(4.4E-16,-1.95399252334E-31,-1.));
#9011 = ORIENTED_EDGE('',*,*,#9012,.F.);
#9012 = EDGE_CURVE('',#8878,#9005,#9013,.T.);
#9013 = LINE('',#9014,#9015);
#9014 = CARTESIAN_POINT('',(2.1,-3.175,-1.605));
#9015 = VECTOR('',#9016,1.);
#9016 = DIRECTION('',(4.440892098501E-16,1.,0.));
#9017 = ORIENTED_EDGE('',*,*,#8877,.T.);
#9018 = ORIENTED_EDGE('',*,*,#9019,.F.);
#9019 = EDGE_CURVE('',#9020,#8870,#9022,.T.);
#9020 = VERTEX_POINT('',#9021);
#9021 = CARTESIAN_POINT('',(2.1,-2.365,0.125));
#9022 = LINE('',#9023,#9024);
#9023 = CARTESIAN_POINT('',(2.1,-2.365,0.125));
#9024 = VECTOR('',#9025,1.);
#9025 = DIRECTION('',(-4.440892098501E-16,-1.,0.));
#9026 = ORIENTED_EDGE('',*,*,#9027,.F.);
#9027 = EDGE_CURVE('',#9028,#9020,#9030,.T.);
#9028 = VERTEX_POINT('',#9029);
#9029 = CARTESIAN_POINT('',(2.1,-2.365,1.145));
#9030 = LINE('',#9031,#9032);
#9031 = CARTESIAN_POINT('',(2.1,-2.365,1.145));
#9032 = VECTOR('',#9033,1.);
#9033 = DIRECTION('',(4.4E-16,-1.95399252334E-31,-1.));
#9034 = ORIENTED_EDGE('',*,*,#9035,.F.);
#9035 = EDGE_CURVE('',#8862,#9028,#9036,.T.);
#9036 = LINE('',#9037,#9038);
#9037 = CARTESIAN_POINT('',(2.1,-3.175,1.145));
#9038 = VECTOR('',#9039,1.);
#9039 = DIRECTION('',(4.440892098501E-16,1.,0.));
#9040 = FACE_BOUND('',#9041,.T.);
#9041 = EDGE_LOOP('',(#9042));
#9042 = ORIENTED_EDGE('',*,*,#9043,.F.);
#9043 = EDGE_CURVE('',#9044,#9044,#9046,.T.);
#9044 = VERTEX_POINT('',#9045);
#9045 = CARTESIAN_POINT('',(2.1,0.635,0.5));
#9046 = CIRCLE('',#9047,0.635);
#9047 = AXIS2_PLACEMENT_3D('',#9048,#9049,#9050);
#9048 = CARTESIAN_POINT('',(2.1,-4.440892098501E-16,0.5));
#9049 = DIRECTION('',(-1.,4.440892098501E-16,-1.44E-15));
#9050 = DIRECTION('',(4.440892098501E-16,1.,0.));
#9051 = PLANE('',#9052);
#9052 = AXIS2_PLACEMENT_3D('',#9053,#9054,#9055);
#9053 = CARTESIAN_POINT('',(2.1,-5.840892098501E-16,0.5));
#9054 = DIRECTION('',(-1.,4.440892098501E-16,-8.9E-16));
#9055 = DIRECTION('',(-8.9E-16,3.952393967666E-31,1.));
#9056 = ADVANCED_FACE('',(#9057,#9068),#9079,.F.);
#9057 = FACE_BOUND('',#9058,.F.);
#9058 = EDGE_LOOP('',(#9059,#9060,#9061,#9067));
#9059 = ORIENTED_EDGE('',*,*,#8814,.T.);
#9060 = ORIENTED_EDGE('',*,*,#8900,.T.);
#9061 = ORIENTED_EDGE('',*,*,#9062,.T.);
#9062 = EDGE_CURVE('',#8901,#8847,#9063,.T.);
#9063 = LINE('',#9064,#9065);
#9064 = CARTESIAN_POINT('',(3.7,3.175,-2.675));
#9065 = VECTOR('',#9066,1.);
#9066 = DIRECTION('',(-4.440892098501E-16,-1.,0.));
#9067 = ORIENTED_EDGE('',*,*,#8854,.T.);
#9068 = FACE_BOUND('',#9069,.F.);
#9069 = EDGE_LOOP('',(#9070));
#9070 = ORIENTED_EDGE('',*,*,#9071,.T.);
#9071 = EDGE_CURVE('',#9072,#9072,#9074,.T.);
#9072 = VERTEX_POINT('',#9073);
#9073 = CARTESIAN_POINT('',(3.7,-1.15463194561E-15,-2.1));
#9074 = CIRCLE('',#9075,2.6);
#9075 = AXIS2_PLACEMENT_3D('',#9076,#9077,#9078);
#9076 = CARTESIAN_POINT('',(3.7,-1.33463194561E-15,0.5));
#9077 = DIRECTION('',(1.,-5.540892098501E-16,4.4E-16));
#9078 = DIRECTION('',(4.4E-16,1.5E-16,-1.));
#9079 = PLANE('',#9080);
#9080 = AXIS2_PLACEMENT_3D('',#9081,#9082,#9083);
#9081 = CARTESIAN_POINT('',(3.7,-1.29463194561E-15,0.5));
#9082 = DIRECTION('',(-1.,4.440892098501E-16,-8.9E-16));
#9083 = DIRECTION('',(-8.9E-16,3.952393967666E-31,1.));
#9084 = ADVANCED_FACE('',(#9085),#9103,.T.);
#9085 = FACE_BOUND('',#9086,.T.);
#9086 = EDGE_LOOP('',(#9087,#9088,#9089,#9090,#9096,#9097));
#9087 = ORIENTED_EDGE('',*,*,#8908,.T.);
#9088 = ORIENTED_EDGE('',*,*,#9062,.T.);
#9089 = ORIENTED_EDGE('',*,*,#8844,.F.);
#9090 = ORIENTED_EDGE('',*,*,#9091,.F.);
#9091 = EDGE_CURVE('',#8997,#8845,#9092,.T.);
#9092 = LINE('',#9093,#9094);
#9093 = CARTESIAN_POINT('',(2.1,3.175,-2.675));
#9094 = VECTOR('',#9095,1.);
#9095 = DIRECTION('',(-4.440892098501E-16,-1.,0.));
#9096 = ORIENTED_EDGE('',*,*,#8996,.F.);
#9097 = ORIENTED_EDGE('',*,*,#9098,.F.);
#9098 = EDGE_CURVE('',#8909,#8989,#9099,.T.);
#9099 = LINE('',#9100,#9101);
#9100 = CARTESIAN_POINT('',(2.1,3.175,-2.675));
#9101 = VECTOR('',#9102,1.);
#9102 = DIRECTION('',(-4.440892098501E-16,-1.,0.));
#9103 = PLANE('',#9104);
#9104 = AXIS2_PLACEMENT_3D('',#9105,#9106,#9107);
#9105 = CARTESIAN_POINT('',(2.1,3.175,-2.675));
#9106 = DIRECTION('',(6.7E-16,-2.975397705995E-31,-1.));
#9107 = DIRECTION('',(-4.440892098501E-16,-1.,-6.699958282553E-44));
#9108 = ADVANCED_FACE('',(#9109),#9134,.F.);
#9109 = FACE_BOUND('',#9110,.F.);
#9110 = EDGE_LOOP('',(#9111,#9119,#9127,#9133));
#9111 = ORIENTED_EDGE('',*,*,#9112,.T.);
#9112 = EDGE_CURVE('',#8845,#9113,#9115,.T.);
#9113 = VERTEX_POINT('',#9114);
#9114 = CARTESIAN_POINT('',(-1.71,-3.175,-2.675));
#9115 = LINE('',#9116,#9117);
#9116 = CARTESIAN_POINT('',(2.1,-3.175,-2.675));
#9117 = VECTOR('',#9118,1.);
#9118 = DIRECTION('',(-1.,4.440892098501E-16,-1.1E-16));
#9119 = ORIENTED_EDGE('',*,*,#9120,.T.);
#9120 = EDGE_CURVE('',#9113,#9121,#9123,.T.);
#9121 = VERTEX_POINT('',#9122);
#9122 = CARTESIAN_POINT('',(-1.71,-3.175,-1.605));
#9123 = LINE('',#9124,#9125);
#9124 = CARTESIAN_POINT('',(-1.71,-3.175,-2.675));
#9125 = VECTOR('',#9126,1.);
#9126 = DIRECTION('',(-4.4E-16,1.95399252334E-31,1.));
#9127 = ORIENTED_EDGE('',*,*,#9128,.F.);
#9128 = EDGE_CURVE('',#8878,#9121,#9129,.T.);
#9129 = LINE('',#9130,#9131);
#9130 = CARTESIAN_POINT('',(2.1,-3.175,-1.605));
#9131 = VECTOR('',#9132,1.);
#9132 = DIRECTION('',(-1.,4.440892098501E-16,-1.1E-16));
#9133 = ORIENTED_EDGE('',*,*,#8885,.F.);
#9134 = PLANE('',#9135);
#9135 = AXIS2_PLACEMENT_3D('',#9136,#9137,#9138);
#9136 = CARTESIAN_POINT('',(2.1,-3.175,-2.675));
#9137 = DIRECTION('',(4.440892098501E-16,1.,0.));
#9138 = DIRECTION('',(-1.1E-16,4.884981308351E-32,1.));
#9139 = ADVANCED_FACE('',(#9140),#9165,.F.);
#9140 = FACE_BOUND('',#9141,.F.);
#9141 = EDGE_LOOP('',(#9142,#9150,#9158,#9164));
#9142 = ORIENTED_EDGE('',*,*,#9143,.T.);
#9143 = EDGE_CURVE('',#8870,#9144,#9146,.T.);
#9144 = VERTEX_POINT('',#9145);
#9145 = CARTESIAN_POINT('',(-1.71,-3.175,0.125));
#9146 = LINE('',#9147,#9148);
#9147 = CARTESIAN_POINT('',(2.1,-3.175,0.125));
#9148 = VECTOR('',#9149,1.);
#9149 = DIRECTION('',(-1.,4.440892098501E-16,-1.1E-16));
#9150 = ORIENTED_EDGE('',*,*,#9151,.T.);
#9151 = EDGE_CURVE('',#9144,#9152,#9154,.T.);
#9152 = VERTEX_POINT('',#9153);
#9153 = CARTESIAN_POINT('',(-1.71,-3.175,1.145));
#9154 = LINE('',#9155,#9156);
#9155 = CARTESIAN_POINT('',(-1.71,-3.175,0.125));
#9156 = VECTOR('',#9157,1.);
#9157 = DIRECTION('',(-4.4E-16,1.95399252334E-31,1.));
#9158 = ORIENTED_EDGE('',*,*,#9159,.F.);
#9159 = EDGE_CURVE('',#8862,#9152,#9160,.T.);
#9160 = LINE('',#9161,#9162);
#9161 = CARTESIAN_POINT('',(2.1,-3.175,1.145));
#9162 = VECTOR('',#9163,1.);
#9163 = DIRECTION('',(-1.,4.440892098501E-16,-1.1E-16));
#9164 = ORIENTED_EDGE('',*,*,#8869,.F.);
#9165 = PLANE('',#9166);
#9166 = AXIS2_PLACEMENT_3D('',#9167,#9168,#9169);
#9167 = CARTESIAN_POINT('',(2.1,-3.175,0.125));
#9168 = DIRECTION('',(4.440892098501E-16,1.,0.));
#9169 = DIRECTION('',(-1.1E-16,4.884981308351E-32,1.));
#9170 = ADVANCED_FACE('',(#9171),#9196,.F.);
#9171 = FACE_BOUND('',#9172,.F.);
#9172 = EDGE_LOOP('',(#9173,#9181,#9189,#9195));
#9173 = ORIENTED_EDGE('',*,*,#9174,.T.);
#9174 = EDGE_CURVE('',#8933,#9175,#9177,.T.);
#9175 = VERTEX_POINT('',#9176);
#9176 = CARTESIAN_POINT('',(-1.71,3.175,1.145));
#9177 = LINE('',#9178,#9179);
#9178 = CARTESIAN_POINT('',(2.1,3.175,1.145));
#9179 = VECTOR('',#9180,1.);
#9180 = DIRECTION('',(-1.,4.440892098501E-16,-1.1E-16));
#9181 = ORIENTED_EDGE('',*,*,#9182,.T.);
#9182 = EDGE_CURVE('',#9175,#9183,#9185,.T.);
#9183 = VERTEX_POINT('',#9184);
#9184 = CARTESIAN_POINT('',(-1.71,3.175,0.125));
#9185 = LINE('',#9186,#9187);
#9186 = CARTESIAN_POINT('',(-1.71,3.175,1.145));
#9187 = VECTOR('',#9188,1.);
#9188 = DIRECTION('',(4.4E-16,-4.4E-16,-1.));
#9189 = ORIENTED_EDGE('',*,*,#9190,.F.);
#9190 = EDGE_CURVE('',#8925,#9183,#9191,.T.);
#9191 = LINE('',#9192,#9193);
#9192 = CARTESIAN_POINT('',(2.1,3.175,0.125));
#9193 = VECTOR('',#9194,1.);
#9194 = DIRECTION('',(-1.,4.440892098501E-16,-1.1E-16));
#9195 = ORIENTED_EDGE('',*,*,#8932,.F.);
#9196 = PLANE('',#9197);
#9197 = AXIS2_PLACEMENT_3D('',#9198,#9199,#9200);
#9198 = CARTESIAN_POINT('',(2.1,3.175,1.145));
#9199 = DIRECTION('',(-4.440892098501E-16,-1.,4.4E-16));
#9200 = DIRECTION('',(1.1E-16,-4.4E-16,-1.));
#9201 = ADVANCED_FACE('',(#9202),#9227,.T.);
#9202 = FACE_BOUND('',#9203,.T.);
#9203 = EDGE_LOOP('',(#9204,#9212,#9220,#9226));
#9204 = ORIENTED_EDGE('',*,*,#9205,.T.);
#9205 = EDGE_CURVE('',#8909,#9206,#9208,.T.);
#9206 = VERTEX_POINT('',#9207);
#9207 = CARTESIAN_POINT('',(-1.71,3.175,-2.675));
#9208 = LINE('',#9209,#9210);
#9209 = CARTESIAN_POINT('',(2.1,3.175,-2.675));
#9210 = VECTOR('',#9211,1.);
#9211 = DIRECTION('',(-1.,4.440892098501E-16,-1.1E-16));
#9212 = ORIENTED_EDGE('',*,*,#9213,.T.);
#9213 = EDGE_CURVE('',#9206,#9214,#9216,.T.);
#9214 = VERTEX_POINT('',#9215);
#9215 = CARTESIAN_POINT('',(-1.71,3.175,-1.605));
#9216 = LINE('',#9217,#9218);
#9217 = CARTESIAN_POINT('',(-1.71,3.175,-2.675));
#9218 = VECTOR('',#9219,1.);
#9219 = DIRECTION('',(-4.4E-16,1.95399252334E-31,1.));
#9220 = ORIENTED_EDGE('',*,*,#9221,.F.);
#9221 = EDGE_CURVE('',#8917,#9214,#9222,.T.);
#9222 = LINE('',#9223,#9224);
#9223 = CARTESIAN_POINT('',(2.1,3.175,-1.605));
#9224 = VECTOR('',#9225,1.);
#9225 = DIRECTION('',(-1.,4.440892098501E-16,-1.1E-16));
#9226 = ORIENTED_EDGE('',*,*,#8916,.T.);
#9227 = PLANE('',#9228);
#9228 = AXIS2_PLACEMENT_3D('',#9229,#9230,#9231);
#9229 = CARTESIAN_POINT('',(2.1,3.175,-2.675));
#9230 = DIRECTION('',(4.440892098501E-16,1.,0.));
#9231 = DIRECTION('',(-1.1E-16,4.884981308351E-32,1.));
#9232 = ADVANCED_FACE('',(#9233),#9251,.F.);
#9233 = FACE_BOUND('',#9234,.F.);
#9234 = EDGE_LOOP('',(#9235,#9236,#9244,#9250));
#9235 = ORIENTED_EDGE('',*,*,#9159,.T.);
#9236 = ORIENTED_EDGE('',*,*,#9237,.T.);
#9237 = EDGE_CURVE('',#9152,#9238,#9240,.T.);
#9238 = VERTEX_POINT('',#9239);
#9239 = CARTESIAN_POINT('',(-1.71,-2.365,1.145));
#9240 = LINE('',#9241,#9242);
#9241 = CARTESIAN_POINT('',(-1.71,-3.175,1.145));
#9242 = VECTOR('',#9243,1.);
#9243 = DIRECTION('',(4.440892098501E-16,1.,0.));
#9244 = ORIENTED_EDGE('',*,*,#9245,.F.);
#9245 = EDGE_CURVE('',#9028,#9238,#9246,.T.);
#9246 = LINE('',#9247,#9248);
#9247 = CARTESIAN_POINT('',(2.1,-2.365,1.145));
#9248 = VECTOR('',#9249,1.);
#9249 = DIRECTION('',(-1.,4.440892098501E-16,-1.1E-16));
#9250 = ORIENTED_EDGE('',*,*,#9035,.F.);
#9251 = PLANE('',#9252);
#9252 = AXIS2_PLACEMENT_3D('',#9253,#9254,#9255);
#9253 = CARTESIAN_POINT('',(2.1,-3.175,1.145));
#9254 = DIRECTION('',(1.1E-16,-4.884981308351E-32,-1.));
#9255 = DIRECTION('',(4.440892098501E-16,1.,9.962356269809E-46));
#9256 = ADVANCED_FACE('',(#9257),#9275,.F.);
#9257 = FACE_BOUND('',#9258,.F.);
#9258 = EDGE_LOOP('',(#9259,#9260,#9268,#9274));
#9259 = ORIENTED_EDGE('',*,*,#9245,.T.);
#9260 = ORIENTED_EDGE('',*,*,#9261,.T.);
#9261 = EDGE_CURVE('',#9238,#9262,#9264,.T.);
#9262 = VERTEX_POINT('',#9263);
#9263 = CARTESIAN_POINT('',(-1.71,-2.365,0.125));
#9264 = LINE('',#9265,#9266);
#9265 = CARTESIAN_POINT('',(-1.71,-2.365,1.145));
#9266 = VECTOR('',#9267,1.);
#9267 = DIRECTION('',(4.4E-16,-1.95399252334E-31,-1.));
#9268 = ORIENTED_EDGE('',*,*,#9269,.F.);
#9269 = EDGE_CURVE('',#9020,#9262,#9270,.T.);
#9270 = LINE('',#9271,#9272);
#9271 = CARTESIAN_POINT('',(2.1,-2.365,0.125));
#9272 = VECTOR('',#9273,1.);
#9273 = DIRECTION('',(-1.,4.440892098501E-16,-1.1E-16));
#9274 = ORIENTED_EDGE('',*,*,#9027,.F.);
#9275 = PLANE('',#9276);
#9276 = AXIS2_PLACEMENT_3D('',#9277,#9278,#9279);
#9277 = CARTESIAN_POINT('',(2.1,-2.365,1.145));
#9278 = DIRECTION('',(-4.440892098501E-16,-1.,0.));
#9279 = DIRECTION('',(1.1E-16,-4.884981308351E-32,-1.));
#9280 = ADVANCED_FACE('',(#9281),#9292,.F.);
#9281 = FACE_BOUND('',#9282,.F.);
#9282 = EDGE_LOOP('',(#9283,#9284,#9290,#9291));
#9283 = ORIENTED_EDGE('',*,*,#9269,.T.);
#9284 = ORIENTED_EDGE('',*,*,#9285,.T.);
#9285 = EDGE_CURVE('',#9262,#9144,#9286,.T.);
#9286 = LINE('',#9287,#9288);
#9287 = CARTESIAN_POINT('',(-1.71,-2.365,0.125));
#9288 = VECTOR('',#9289,1.);
#9289 = DIRECTION('',(-4.440892098501E-16,-1.,0.));
#9290 = ORIENTED_EDGE('',*,*,#9143,.F.);
#9291 = ORIENTED_EDGE('',*,*,#9019,.F.);
#9292 = PLANE('',#9293);
#9293 = AXIS2_PLACEMENT_3D('',#9294,#9295,#9296);
#9294 = CARTESIAN_POINT('',(2.1,-2.365,0.125));
#9295 = DIRECTION('',(-1.1E-16,4.884981308351E-32,1.));
#9296 = DIRECTION('',(-4.440892098501E-16,-1.,-9.962356269809E-46));
#9297 = ADVANCED_FACE('',(#9298),#9316,.F.);
#9298 = FACE_BOUND('',#9299,.F.);
#9299 = EDGE_LOOP('',(#9300,#9301,#9309,#9315));
#9300 = ORIENTED_EDGE('',*,*,#9128,.T.);
#9301 = ORIENTED_EDGE('',*,*,#9302,.T.);
#9302 = EDGE_CURVE('',#9121,#9303,#9305,.T.);
#9303 = VERTEX_POINT('',#9304);
#9304 = CARTESIAN_POINT('',(-1.71,-2.365,-1.605));
#9305 = LINE('',#9306,#9307);
#9306 = CARTESIAN_POINT('',(-1.71,-3.175,-1.605));
#9307 = VECTOR('',#9308,1.);
#9308 = DIRECTION('',(4.440892098501E-16,1.,0.));
#9309 = ORIENTED_EDGE('',*,*,#9310,.F.);
#9310 = EDGE_CURVE('',#9005,#9303,#9311,.T.);
#9311 = LINE('',#9312,#9313);
#9312 = CARTESIAN_POINT('',(2.1,-2.365,-1.605));
#9313 = VECTOR('',#9314,1.);
#9314 = DIRECTION('',(-1.,4.440892098501E-16,-1.1E-16));
#9315 = ORIENTED_EDGE('',*,*,#9012,.F.);
#9316 = PLANE('',#9317);
#9317 = AXIS2_PLACEMENT_3D('',#9318,#9319,#9320);
#9318 = CARTESIAN_POINT('',(2.1,-3.175,-1.605));
#9319 = DIRECTION('',(1.1E-16,-4.884981308351E-32,-1.));
#9320 = DIRECTION('',(4.440892098501E-16,1.,9.962356269809E-46));
#9321 = ADVANCED_FACE('',(#9322),#9340,.F.);
#9322 = FACE_BOUND('',#9323,.F.);
#9323 = EDGE_LOOP('',(#9324,#9325,#9333,#9339));
#9324 = ORIENTED_EDGE('',*,*,#9310,.T.);
#9325 = ORIENTED_EDGE('',*,*,#9326,.T.);
#9326 = EDGE_CURVE('',#9303,#9327,#9329,.T.);
#9327 = VERTEX_POINT('',#9328);
#9328 = CARTESIAN_POINT('',(-1.71,-2.365,-2.675));
#9329 = LINE('',#9330,#9331);
#9330 = CARTESIAN_POINT('',(-1.71,-2.365,-1.605));
#9331 = VECTOR('',#9332,1.);
#9332 = DIRECTION('',(4.4E-16,-1.95399252334E-31,-1.));
#9333 = ORIENTED_EDGE('',*,*,#9334,.F.);
#9334 = EDGE_CURVE('',#8997,#9327,#9335,.T.);
#9335 = LINE('',#9336,#9337);
#9336 = CARTESIAN_POINT('',(2.1,-2.365,-2.675));
#9337 = VECTOR('',#9338,1.);
#9338 = DIRECTION('',(-1.,4.440892098501E-16,-1.1E-16));
#9339 = ORIENTED_EDGE('',*,*,#9004,.F.);
#9340 = PLANE('',#9341);
#9341 = AXIS2_PLACEMENT_3D('',#9342,#9343,#9344);
#9342 = CARTESIAN_POINT('',(2.1,-2.365,-1.605));
#9343 = DIRECTION('',(-4.440892098501E-16,-1.,0.));
#9344 = DIRECTION('',(1.1E-16,-4.884981308351E-32,-1.));
#9345 = ADVANCED_FACE('',(#9346),#9371,.T.);
#9346 = FACE_BOUND('',#9347,.T.);
#9347 = EDGE_LOOP('',(#9348,#9356,#9364,#9370));
#9348 = ORIENTED_EDGE('',*,*,#9349,.T.);
#9349 = EDGE_CURVE('',#8981,#9350,#9352,.T.);
#9350 = VERTEX_POINT('',#9351);
#9351 = CARTESIAN_POINT('',(-1.71,2.365,-1.605));
#9352 = LINE('',#9353,#9354);
#9353 = CARTESIAN_POINT('',(2.1,2.365,-1.605));
#9354 = VECTOR('',#9355,1.);
#9355 = DIRECTION('',(-1.,4.440892098501E-16,-1.1E-16));
#9356 = ORIENTED_EDGE('',*,*,#9357,.T.);
#9357 = EDGE_CURVE('',#9350,#9358,#9360,.T.);
#9358 = VERTEX_POINT('',#9359);
#9359 = CARTESIAN_POINT('',(-1.71,2.365,-2.675));
#9360 = LINE('',#9361,#9362);
#9361 = CARTESIAN_POINT('',(-1.71,2.365,-1.605));
#9362 = VECTOR('',#9363,1.);
#9363 = DIRECTION('',(4.4E-16,-1.95399252334E-31,-1.));
#9364 = ORIENTED_EDGE('',*,*,#9365,.F.);
#9365 = EDGE_CURVE('',#8989,#9358,#9366,.T.);
#9366 = LINE('',#9367,#9368);
#9367 = CARTESIAN_POINT('',(2.1,2.365,-2.675));
#9368 = VECTOR('',#9369,1.);
#9369 = DIRECTION('',(-1.,4.440892098501E-16,-1.1E-16));
#9370 = ORIENTED_EDGE('',*,*,#8988,.F.);
#9371 = PLANE('',#9372);
#9372 = AXIS2_PLACEMENT_3D('',#9373,#9374,#9375);
#9373 = CARTESIAN_POINT('',(2.1,2.365,-1.605));
#9374 = DIRECTION('',(-4.440892098501E-16,-1.,0.));
#9375 = DIRECTION('',(1.1E-16,-4.884981308351E-32,-1.));
#9376 = ADVANCED_FACE('',(#9377),#9388,.T.);
#9377 = FACE_BOUND('',#9378,.T.);
#9378 = EDGE_LOOP('',(#9379,#9380,#9386,#9387));
#9379 = ORIENTED_EDGE('',*,*,#9221,.T.);
#9380 = ORIENTED_EDGE('',*,*,#9381,.T.);
#9381 = EDGE_CURVE('',#9214,#9350,#9382,.T.);
#9382 = LINE('',#9383,#9384);
#9383 = CARTESIAN_POINT('',(-1.71,3.175,-1.605));
#9384 = VECTOR('',#9385,1.);
#9385 = DIRECTION('',(-4.440892098501E-16,-1.,0.));
#9386 = ORIENTED_EDGE('',*,*,#9349,.F.);
#9387 = ORIENTED_EDGE('',*,*,#8980,.F.);
#9388 = PLANE('',#9389);
#9389 = AXIS2_PLACEMENT_3D('',#9390,#9391,#9392);
#9390 = CARTESIAN_POINT('',(2.1,3.175,-1.605));
#9391 = DIRECTION('',(-1.1E-16,4.884981308351E-32,1.));
#9392 = DIRECTION('',(-4.440892098501E-16,-1.,-9.962356269809E-46));
#9393 = ADVANCED_FACE('',(#9394),#9412,.F.);
#9394 = FACE_BOUND('',#9395,.F.);
#9395 = EDGE_LOOP('',(#9396,#9397,#9405,#9411));
#9396 = ORIENTED_EDGE('',*,*,#9190,.T.);
#9397 = ORIENTED_EDGE('',*,*,#9398,.T.);
#9398 = EDGE_CURVE('',#9183,#9399,#9401,.T.);
#9399 = VERTEX_POINT('',#9400);
#9400 = CARTESIAN_POINT('',(-1.71,2.365,0.125));
#9401 = LINE('',#9402,#9403);
#9402 = CARTESIAN_POINT('',(-1.71,3.175,0.125));
#9403 = VECTOR('',#9404,1.);
#9404 = DIRECTION('',(-4.440892098501E-16,-1.,0.));
#9405 = ORIENTED_EDGE('',*,*,#9406,.F.);
#9406 = EDGE_CURVE('',#8966,#9399,#9407,.T.);
#9407 = LINE('',#9408,#9409);
#9408 = CARTESIAN_POINT('',(2.1,2.365,0.125));
#9409 = VECTOR('',#9410,1.);
#9410 = DIRECTION('',(-1.,4.440892098501E-16,-1.1E-16));
#9411 = ORIENTED_EDGE('',*,*,#8973,.F.);
#9412 = PLANE('',#9413);
#9413 = AXIS2_PLACEMENT_3D('',#9414,#9415,#9416);
#9414 = CARTESIAN_POINT('',(2.1,3.175,0.125));
#9415 = DIRECTION('',(-1.1E-16,4.884981308351E-32,1.));
#9416 = DIRECTION('',(-4.440892098501E-16,-1.,-9.962356269809E-46));
#9417 = ADVANCED_FACE('',(#9418),#9436,.F.);
#9418 = FACE_BOUND('',#9419,.F.);
#9419 = EDGE_LOOP('',(#9420,#9421,#9429,#9435));
#9420 = ORIENTED_EDGE('',*,*,#9406,.T.);
#9421 = ORIENTED_EDGE('',*,*,#9422,.T.);
#9422 = EDGE_CURVE('',#9399,#9423,#9425,.T.);
#9423 = VERTEX_POINT('',#9424);
#9424 = CARTESIAN_POINT('',(-1.71,2.365,1.145));
#9425 = LINE('',#9426,#9427);
#9426 = CARTESIAN_POINT('',(-1.71,2.365,0.125));
#9427 = VECTOR('',#9428,1.);
#9428 = DIRECTION('',(-4.4E-16,1.95399252334E-31,1.));
#9429 = ORIENTED_EDGE('',*,*,#9430,.F.);
#9430 = EDGE_CURVE('',#8958,#9423,#9431,.T.);
#9431 = LINE('',#9432,#9433);
#9432 = CARTESIAN_POINT('',(2.1,2.365,1.145));
#9433 = VECTOR('',#9434,1.);
#9434 = DIRECTION('',(-1.,4.440892098501E-16,-1.1E-16));
#9435 = ORIENTED_EDGE('',*,*,#8965,.F.);
#9436 = PLANE('',#9437);
#9437 = AXIS2_PLACEMENT_3D('',#9438,#9439,#9440);
#9438 = CARTESIAN_POINT('',(2.1,2.365,0.125));
#9439 = DIRECTION('',(4.440892098501E-16,1.,0.));
#9440 = DIRECTION('',(-1.1E-16,4.884981308351E-32,1.));
#9441 = ADVANCED_FACE('',(#9442),#9453,.F.);
#9442 = FACE_BOUND('',#9443,.F.);
#9443 = EDGE_LOOP('',(#9444,#9445,#9451,#9452));
#9444 = ORIENTED_EDGE('',*,*,#9430,.T.);
#9445 = ORIENTED_EDGE('',*,*,#9446,.T.);
#9446 = EDGE_CURVE('',#9423,#9175,#9447,.T.);
#9447 = LINE('',#9448,#9449);
#9448 = CARTESIAN_POINT('',(-1.71,2.365,1.145));
#9449 = VECTOR('',#9450,1.);
#9450 = DIRECTION('',(4.440892098501E-16,1.,0.));
#9451 = ORIENTED_EDGE('',*,*,#9174,.F.);
#9452 = ORIENTED_EDGE('',*,*,#8957,.F.);
#9453 = PLANE('',#9454);
#9454 = AXIS2_PLACEMENT_3D('',#9455,#9456,#9457);
#9455 = CARTESIAN_POINT('',(2.1,2.365,1.145));
#9456 = DIRECTION('',(1.1E-16,-4.884981308351E-32,-1.));
#9457 = DIRECTION('',(4.440892098501E-16,1.,9.962356269809E-46));
#9458 = ADVANCED_FACE('',(#9459),#9478,.T.);
#9459 = FACE_BOUND('',#9460,.T.);
#9460 = EDGE_LOOP('',(#9461,#9462,#9470,#9477));
#9461 = ORIENTED_EDGE('',*,*,#9043,.T.);
#9462 = ORIENTED_EDGE('',*,*,#9463,.T.);
#9463 = EDGE_CURVE('',#9044,#9464,#9466,.T.);
#9464 = VERTEX_POINT('',#9465);
#9465 = CARTESIAN_POINT('',(-1.41,0.635,0.5));
#9466 = LINE('',#9467,#9468);
#9467 = CARTESIAN_POINT('',(2.1,0.635,0.5));
#9468 = VECTOR('',#9469,1.);
#9469 = DIRECTION('',(-1.,4.440892098501E-16,-1.05E-15));
#9470 = ORIENTED_EDGE('',*,*,#9471,.F.);
#9471 = EDGE_CURVE('',#9464,#9464,#9472,.T.);
#9472 = CIRCLE('',#9473,0.635);
#9473 = AXIS2_PLACEMENT_3D('',#9474,#9475,#9476);
#9474 = CARTESIAN_POINT('',(-1.41,1.114663916724E-15,0.5));
#9475 = DIRECTION('',(-1.,4.440892098501E-16,-1.44E-15));
#9476 = DIRECTION('',(4.440892098501E-16,1.,0.));
#9477 = ORIENTED_EDGE('',*,*,#9463,.F.);
#9478 = CYLINDRICAL_SURFACE('',#9479,0.635);
#9479 = AXIS2_PLACEMENT_3D('',#9480,#9481,#9482);
#9480 = CARTESIAN_POINT('',(2.1,-4.440892098501E-16,0.5));
#9481 = DIRECTION('',(1.,-4.440892098501E-16,1.E-15));
#9482 = DIRECTION('',(4.440892098501E-16,1.,0.));
#9483 = ADVANCED_FACE('',(#9484),#9503,.T.);
#9484 = FACE_BOUND('',#9485,.T.);
#9485 = EDGE_LOOP('',(#9486,#9487,#9495,#9502));
#9486 = ORIENTED_EDGE('',*,*,#9071,.T.);
#9487 = ORIENTED_EDGE('',*,*,#9488,.T.);
#9488 = EDGE_CURVE('',#9072,#9489,#9491,.T.);
#9489 = VERTEX_POINT('',#9490);
#9490 = CARTESIAN_POINT('',(6.12,-2.229327833447E-15,-2.1));
#9491 = LINE('',#9492,#9493);
#9492 = CARTESIAN_POINT('',(3.7,-1.86463194561E-15,-2.1));
#9493 = VECTOR('',#9494,1.);
#9494 = DIRECTION('',(1.,-8.840892098501E-16,4.4E-16));
#9495 = ORIENTED_EDGE('',*,*,#9496,.F.);
#9496 = EDGE_CURVE('',#9489,#9489,#9497,.T.);
#9497 = CIRCLE('',#9498,2.6);
#9498 = AXIS2_PLACEMENT_3D('',#9499,#9500,#9501);
#9499 = CARTESIAN_POINT('',(6.12,-2.679327833447E-15,0.5));
#9500 = DIRECTION('',(1.,-5.540892098501E-16,4.4E-16));
#9501 = DIRECTION('',(4.4E-16,5.E-17,-1.));
#9502 = ORIENTED_EDGE('',*,*,#9488,.F.);
#9503 = CYLINDRICAL_SURFACE('',#9504,2.6);
#9504 = AXIS2_PLACEMENT_3D('',#9505,#9506,#9507);
#9505 = CARTESIAN_POINT('',(3.7,-1.33463194561E-15,0.5));
#9506 = DIRECTION('',(1.,-5.540892098501E-16,4.4E-16));
#9507 = DIRECTION('',(4.4E-16,1.5E-16,-1.));
#9508 = ADVANCED_FACE('',(#9509),#9520,.T.);
#9509 = FACE_BOUND('',#9510,.T.);
#9510 = EDGE_LOOP('',(#9511,#9512,#9518,#9519));
#9511 = ORIENTED_EDGE('',*,*,#9365,.T.);
#9512 = ORIENTED_EDGE('',*,*,#9513,.T.);
#9513 = EDGE_CURVE('',#9358,#9206,#9514,.T.);
#9514 = LINE('',#9515,#9516);
#9515 = CARTESIAN_POINT('',(-1.71,2.365,-2.675));
#9516 = VECTOR('',#9517,1.);
#9517 = DIRECTION('',(4.440892098501E-16,1.,0.));
#9518 = ORIENTED_EDGE('',*,*,#9205,.F.);
#9519 = ORIENTED_EDGE('',*,*,#9098,.T.);
#9520 = PLANE('',#9521);
#9521 = AXIS2_PLACEMENT_3D('',#9522,#9523,#9524);
#9522 = CARTESIAN_POINT('',(2.1,2.365,-2.675));
#9523 = DIRECTION('',(1.1E-16,-4.884981308351E-32,-1.));
#9524 = DIRECTION('',(4.440892098501E-16,1.,9.962356269809E-46));
#9525 = ADVANCED_FACE('',(#9526),#9537,.F.);
#9526 = FACE_BOUND('',#9527,.F.);
#9527 = EDGE_LOOP('',(#9528,#9529,#9535,#9536));
#9528 = ORIENTED_EDGE('',*,*,#9334,.T.);
#9529 = ORIENTED_EDGE('',*,*,#9530,.T.);
#9530 = EDGE_CURVE('',#9327,#9113,#9531,.T.);
#9531 = LINE('',#9532,#9533);
#9532 = CARTESIAN_POINT('',(-1.71,-2.365,-2.675));
#9533 = VECTOR('',#9534,1.);
#9534 = DIRECTION('',(-4.440892098501E-16,-1.,0.));
#9535 = ORIENTED_EDGE('',*,*,#9112,.F.);
#9536 = ORIENTED_EDGE('',*,*,#9091,.F.);
#9537 = PLANE('',#9538);
#9538 = AXIS2_PLACEMENT_3D('',#9539,#9540,#9541);
#9539 = CARTESIAN_POINT('',(2.1,-2.365,-2.675));
#9540 = DIRECTION('',(-1.1E-16,4.884981308351E-32,1.));
#9541 = DIRECTION('',(-4.440892098501E-16,-1.,-9.962356269809E-46));
#9542 = ADVANCED_FACE('',(#9543),#9549,.T.);
#9543 = FACE_BOUND('',#9544,.T.);
#9544 = EDGE_LOOP('',(#9545,#9546,#9547,#9548));
#9545 = ORIENTED_EDGE('',*,*,#9302,.T.);
#9546 = ORIENTED_EDGE('',*,*,#9326,.T.);
#9547 = ORIENTED_EDGE('',*,*,#9530,.T.);
#9548 = ORIENTED_EDGE('',*,*,#9120,.T.);
#9549 = PLANE('',#9550);
#9550 = AXIS2_PLACEMENT_3D('',#9551,#9552,#9553);
#9551 = CARTESIAN_POINT('',(-1.71,-2.77,-2.14));
#9552 = DIRECTION('',(-1.,4.440892098501E-16,-2.2E-16));
#9553 = DIRECTION('',(-2.2E-16,9.769962616701E-32,1.));
#9554 = ADVANCED_FACE('',(#9555),#9561,.T.);
#9555 = FACE_BOUND('',#9556,.T.);
#9556 = EDGE_LOOP('',(#9557,#9558,#9559,#9560));
#9557 = ORIENTED_EDGE('',*,*,#9237,.T.);
#9558 = ORIENTED_EDGE('',*,*,#9261,.T.);
#9559 = ORIENTED_EDGE('',*,*,#9285,.T.);
#9560 = ORIENTED_EDGE('',*,*,#9151,.T.);
#9561 = PLANE('',#9562);
#9562 = AXIS2_PLACEMENT_3D('',#9563,#9564,#9565);
#9563 = CARTESIAN_POINT('',(-1.71,-2.77,0.635));
#9564 = DIRECTION('',(-1.,4.440892098501E-16,-2.2E-16));
#9565 = DIRECTION('',(-2.2E-16,9.769962616701E-32,1.));
#9566 = ADVANCED_FACE('',(#9567),#9573,.T.);
#9567 = FACE_BOUND('',#9568,.T.);
#9568 = EDGE_LOOP('',(#9569,#9570,#9571,#9572));
#9569 = ORIENTED_EDGE('',*,*,#9446,.T.);
#9570 = ORIENTED_EDGE('',*,*,#9182,.T.);
#9571 = ORIENTED_EDGE('',*,*,#9398,.T.);
#9572 = ORIENTED_EDGE('',*,*,#9422,.T.);
#9573 = PLANE('',#9574);
#9574 = AXIS2_PLACEMENT_3D('',#9575,#9576,#9577);
#9575 = CARTESIAN_POINT('',(-1.71,2.77,0.635));
#9576 = DIRECTION('',(-1.,4.440892098501E-16,-2.2E-16));
#9577 = DIRECTION('',(-2.2E-16,9.769962616701E-32,1.));
#9578 = ADVANCED_FACE('',(#9579),#9585,.F.);
#9579 = FACE_BOUND('',#9580,.F.);
#9580 = EDGE_LOOP('',(#9581,#9582,#9583,#9584));
#9581 = ORIENTED_EDGE('',*,*,#9381,.T.);
#9582 = ORIENTED_EDGE('',*,*,#9357,.T.);
#9583 = ORIENTED_EDGE('',*,*,#9513,.T.);
#9584 = ORIENTED_EDGE('',*,*,#9213,.T.);
#9585 = PLANE('',#9586);
#9586 = AXIS2_PLACEMENT_3D('',#9587,#9588,#9589);
#9587 = CARTESIAN_POINT('',(-1.71,2.77,-2.14));
#9588 = DIRECTION('',(1.,-4.440892098501E-16,2.2E-16));
#9589 = DIRECTION('',(2.2E-16,-9.769962616701E-32,-1.));
#9590 = ADVANCED_FACE('',(#9591),#9594,.T.);
#9591 = FACE_BOUND('',#9592,.T.);
#9592 = EDGE_LOOP('',(#9593));
#9593 = ORIENTED_EDGE('',*,*,#9471,.T.);
#9594 = PLANE('',#9595);
#9595 = AXIS2_PLACEMENT_3D('',#9596,#9597,#9598);
#9596 = CARTESIAN_POINT('',(-1.41,1.094663916724E-15,0.5));
#9597 = DIRECTION('',(-1.,4.440892098501E-16,-1.11E-15));
#9598 = DIRECTION('',(-1.11E-15,4.929390229336E-31,1.));
#9599 = ADVANCED_FACE('',(#9600),#9724,.T.);
#9600 = FACE_BOUND('',#9601,.T.);
#9601 = EDGE_LOOP('',(#9602,#9610,#9611,#9612,#9623,#9633,#9642,#9669,
    #9716));
#9602 = ORIENTED_EDGE('',*,*,#9603,.F.);
#9603 = EDGE_CURVE('',#9489,#9604,#9606,.T.);
#9604 = VERTEX_POINT('',#9605);
#9605 = CARTESIAN_POINT('',(6.140148953158,-2.238275766134E-15,
    -2.134899010588));
#9606 = LINE('',#9607,#9608);
#9607 = CARTESIAN_POINT('',(6.12,-4.019327833447E-15,-2.1));
#9608 = VECTOR('',#9609,1.);
#9609 = DIRECTION('',(0.5,-4.420446049252E-16,-0.866025403784));
#9610 = ORIENTED_EDGE('',*,*,#9496,.T.);
#9611 = ORIENTED_EDGE('',*,*,#9603,.T.);
#9612 = ORIENTED_EDGE('',*,*,#9613,.T.);
#9613 = EDGE_CURVE('',#9604,#9614,#9616,.T.);
#9614 = VERTEX_POINT('',#9615);
#9615 = CARTESIAN_POINT('',(6.140149430353,-0.68936099444,
    -2.043123782079));
#9616 = B_SPLINE_CURVE_WITH_KNOTS('',5,(#9617,#9618,#9619,#9620,#9621,
    #9622),.UNSPECIFIED.,.F.,.F.,(6,6),(0.,1.),
  .PIECEWISE_BEZIER_KNOTS.);
#9617 = CARTESIAN_POINT('',(6.140148953158,-3.238275766134E-15,
    -2.134899010588));
#9618 = CARTESIAN_POINT('',(6.140148795351,-0.139495200243,
    -2.134898737259));
#9619 = CARTESIAN_POINT('',(6.140148735226,-0.278991973761,
    -2.12566719672));
#9620 = CARTESIAN_POINT('',(6.140148809472,-0.417671197457,
    -2.107204671105));
#9621 = CARTESIAN_POINT('',(6.140149046348,-0.554724413501,
    -2.079618841199));
#9622 = CARTESIAN_POINT('',(6.140149430353,-0.68936099444,
    -2.043123782079));
#9623 = ORIENTED_EDGE('',*,*,#9624,.T.);
#9624 = EDGE_CURVE('',#9614,#9625,#9627,.T.);
#9625 = VERTEX_POINT('',#9626);
#9626 = CARTESIAN_POINT('',(6.446202902092,-0.827705879907,
    -2.554853184094));
#9627 = B_SPLINE_CURVE_WITH_KNOTS('',4,(#9628,#9629,#9630,#9631,#9632),
  .UNSPECIFIED.,.F.,.F.,(5,5),(0.,1.),.PIECEWISE_BEZIER_KNOTS.);
#9628 = CARTESIAN_POINT('',(6.140149430353,-0.68936099444,
    -2.043123782079));
#9629 = CARTESIAN_POINT('',(6.216662798919,-0.723961502568,
    -2.17105226621));
#9630 = CARTESIAN_POINT('',(6.293176167091,-0.758552486353,
    -2.298983328497));
#9631 = CARTESIAN_POINT('',(6.369689534829,-0.793133945539,
    -2.426916968082));
#9632 = CARTESIAN_POINT('',(6.446202902092,-0.827705879907,
    -2.554853184094));
#9633 = ORIENTED_EDGE('',*,*,#9634,.F.);
#9634 = EDGE_CURVE('',#9635,#9625,#9637,.T.);
#9635 = VERTEX_POINT('',#9636);
#9636 = CARTESIAN_POINT('',(6.446202902092,-2.21670136845,-1.75908389466
    ));
#9637 = CIRCLE('',#9638,3.165);
#9638 = AXIS2_PLACEMENT_3D('',#9639,#9640,#9641);
#9639 = CARTESIAN_POINT('',(6.446202902092,-2.854191022488E-15,0.5));
#9640 = DIRECTION('',(1.,-5.540892098501E-16,4.4E-16));
#9641 = DIRECTION('',(4.4E-16,7.E-17,-1.));
#9642 = ORIENTED_EDGE('',*,*,#9643,.T.);
#9643 = EDGE_CURVE('',#9635,#9644,#9646,.T.);
#9644 = VERTEX_POINT('',#9645);
#9645 = CARTESIAN_POINT('',(6.312547218935,-2.758822031484E-08,
    3.433501566051));
#9646 = B_SPLINE_CURVE_WITH_KNOTS('',6,(#9647,#9648,#9649,#9650,#9651,
    #9652,#9653,#9654,#9655,#9656,#9657,#9658,#9659,#9660,#9661,#9662,
    #9663,#9664,#9665,#9666,#9667,#9668),.UNSPECIFIED.,.F.,.F.,(7,5,5,5,
    7),(0.,0.261735825072,0.515372018271,0.760206961733,1.),
  .UNSPECIFIED.);
#9647 = CARTESIAN_POINT('',(6.446202902092,-2.21670136845,-1.75908389466
    ));
#9648 = CARTESIAN_POINT('',(6.440549448228,-2.435904331298,
    -1.530274593801));
#9649 = CARTESIAN_POINT('',(6.434876682762,-2.627530699975,
    -1.275194936788));
#9650 = CARTESIAN_POINT('',(6.429187646628,-2.787389100399,
    -0.998036846037));
#9651 = CARTESIAN_POINT('',(6.423480578825,-2.912396153842,
    -0.703705555365));
#9652 = CARTESIAN_POINT('',(6.417753588928,-3.000287251314,
    -0.39759323453));
#9653 = CARTESIAN_POINT('',(6.406444139319,-3.098274045725,0.21655469722
    ));
#9654 = CARTESIAN_POINT('',(6.400859884275,-3.110718070221,
    0.524393351155));
#9655 = CARTESIAN_POINT('',(6.395260368182,-3.086396472416,
    0.832370448301));
#9656 = CARTESIAN_POINT('',(6.389644148764,-3.025529993388,1.13506800453
    ));
#9657 = CARTESIAN_POINT('',(6.384008983268,-2.92922190924,1.42712519421)
  );
#9658 = CARTESIAN_POINT('',(6.372901771942,-2.674935933409,
    1.970039835839));
#9659 = CARTESIAN_POINT('',(6.367428295447,-2.519154606759,
    2.222102415603));
#9660 = CARTESIAN_POINT('',(6.361939222304,-2.334565984904,
    2.454885529834));
#9661 = CARTESIAN_POINT('',(6.356432504758,-2.124133301688,
    2.664342591466));
#9662 = CARTESIAN_POINT('',(6.350906338284,-1.891462718375,
    2.846921411586));
#9663 = CARTESIAN_POINT('',(6.339935549467,-1.395709354379,
    3.149624840298));
#9664 = CARTESIAN_POINT('',(6.334489165367,-1.13324102928,3.271025744896
    ));
#9665 = CARTESIAN_POINT('',(6.329027912163,-0.857765773088,
    3.361395225215));
#9666 = CARTESIAN_POINT('',(6.323550884865,-0.573825545226,
    3.419049494521));
#9667 = CARTESIAN_POINT('',(6.318058119352,-0.286216648354,
    3.443046708834));
#9668 = CARTESIAN_POINT('',(6.312547218935,-2.758822069484E-08,
    3.433501566051));
#9669 = ORIENTED_EDGE('',*,*,#9670,.T.);
#9670 = EDGE_CURVE('',#9644,#9671,#9673,.T.);
#9671 = VERTEX_POINT('',#9672);
#9672 = CARTESIAN_POINT('',(6.140149321413,0.237318240496,
    -2.124190581875));
#9673 = B_SPLINE_CURVE_WITH_KNOTS('',6,(#9674,#9675,#9676,#9677,#9678,
    #9679,#9680,#9681,#9682,#9683,#9684,#9685,#9686,#9687,#9688,#9689,
    #9690,#9691,#9692,#9693,#9694,#9695,#9696,#9697,#9698,#9699,#9700,
    #9701,#9702,#9703,#9704,#9705,#9706,#9707,#9708,#9709,#9710,#9711,
    #9712,#9713,#9714,#9715),.UNSPECIFIED.,.F.,.F.,(7,5,5,5,5,5,5,5,7),(
    0.,0.127012238457,0.26064408837,0.388908591632,0.513905942187,
    0.637615302636,0.760006789644,0.879235237187,1.),.UNSPECIFIED.);
#9674 = CARTESIAN_POINT('',(6.312547218935,-2.758825486484E-08,
    3.433501566051));
#9675 = CARTESIAN_POINT('',(6.309047751119,0.181751109699,3.427440302787
    ));
#9676 = CARTESIAN_POINT('',(6.305543743099,0.362972301728,3.407858283509
    ));
#9677 = CARTESIAN_POINT('',(6.302031768984,0.542387391543,3.37477166136)
  );
#9678 = CARTESIAN_POINT('',(6.298511264085,0.718740623988,3.328366107606
    ));
#9679 = CARTESIAN_POINT('',(6.294982239929,0.890798690485,3.268973270521
    ));
#9680 = CARTESIAN_POINT('',(6.287724271825,1.232607570521,3.121468579838
    ));
#9681 = CARTESIAN_POINT('',(6.283994144768,1.401787136122,3.032014206443
    ));
#9682 = CARTESIAN_POINT('',(6.280255910367,1.563500773657,2.929310382212
    ));
#9683 = CARTESIAN_POINT('',(6.27650998067,1.716449690973,2.814119204765)
  );
#9684 = CARTESIAN_POINT('',(6.272756234245,1.859429430328,2.687359979715
    ));
#9685 = CARTESIAN_POINT('',(6.265384815468,2.11798634721,2.418416319159)
  );
#9686 = CARTESIAN_POINT('',(6.261767407822,2.234444965248,2.277044012896
    ));
#9687 = CARTESIAN_POINT('',(6.258143041828,2.339772463008,2.126984490567
    ));
#9688 = CARTESIAN_POINT('',(6.254511280712,2.433150330717,1.969319888847
    ));
#9689 = CARTESIAN_POINT('',(6.250871654979,2.513889872072,1.805228988801
    ));
#9690 = CARTESIAN_POINT('',(6.243669857112,2.647309994765,1.471073154104
    ));
#9691 = CARTESIAN_POINT('',(6.240107780193,2.700658395378,1.301253138099
    ));
#9692 = CARTESIAN_POINT('',(6.236538205935,2.741010699504,1.12772291832)
  );
#9693 = CARTESIAN_POINT('',(6.232960856318,2.768033746672,0.951717761546
    ));
#9694 = CARTESIAN_POINT('',(6.22937552012,2.781540311467,0.774511180887)
  );
#9695 = CARTESIAN_POINT('',(6.222226536259,2.781490873962,0.42213819773)
  );
#9696 = CARTESIAN_POINT('',(6.218662760854,2.768212301907,0.246955364217
    ));
#9697 = CARTESIAN_POINT('',(6.215091507247,2.741661348704,
    7.313366498471E-02));
#9698 = CARTESIAN_POINT('',(6.211512665715,2.701985571736,
    -9.807221489801E-02));
#9699 = CARTESIAN_POINT('',(6.207926081737,2.649480309299,
    -0.265426019317));
#9700 = CARTESIAN_POINT('',(6.200776290296,2.520434145991,
    -0.588289354582));
#9701 = CARTESIAN_POINT('',(6.19721295689,2.444150088587,-0.743919017822
    ));
#9702 = CARTESIAN_POINT('',(6.193642337714,2.356207699813,
    -0.893441441079));
#9703 = CARTESIAN_POINT('',(6.190064219109,2.25720148158,-1.035761357927
    ));
#9704 = CARTESIAN_POINT('',(6.186478326133,2.147854623562,
    -1.169854489988));
#9705 = CARTESIAN_POINT('',(6.179384276324,1.913287117623,
    -1.416491305009));
#9706 = CARTESIAN_POINT('',(6.175876242809,1.788540711712,
    -1.529511094735));
#9707 = CARTESIAN_POINT('',(6.17236095647,1.655597892111,-1.632983437772
    ));
#9708 = CARTESIAN_POINT('',(6.168838177883,1.515357067509,
    -1.726152046475));
#9709 = CARTESIAN_POINT('',(6.165307673963,1.368809493873,
    -1.808374801216));
#9710 = CARTESIAN_POINT('',(6.158186043964,1.063305444472,
    -1.950798965251));
#9711 = CARTESIAN_POINT('',(6.154594446045,0.904201699203,
    -2.010709024079));
#9712 = CARTESIAN_POINT('',(6.150995121513,0.740848399356,
    -2.058318054353));
#9713 = CARTESIAN_POINT('',(6.147387872224,0.574425855659,
    -2.093238269606));
#9714 = CARTESIAN_POINT('',(6.143772503785,0.406159552863,
    -2.115222590636));
#9715 = CARTESIAN_POINT('',(6.140149321413,0.237318240496,
    -2.124190581875));
#9716 = ORIENTED_EDGE('',*,*,#9717,.T.);
#9717 = EDGE_CURVE('',#9671,#9604,#9718,.T.);
#9718 = B_SPLINE_CURVE_WITH_KNOTS('',4,(#9719,#9720,#9721,#9722,#9723),
  .UNSPECIFIED.,.F.,.F.,(5,5),(0.,1.),.PIECEWISE_BEZIER_KNOTS.);
#9719 = CARTESIAN_POINT('',(6.140149321413,0.237318240496,
    -2.124190581875));
#9720 = CARTESIAN_POINT('',(6.140149208776,0.178149624845,
    -2.129541289611));
#9721 = CARTESIAN_POINT('',(6.140149106821,0.118820136629,-2.13311322207
    ));
#9722 = CARTESIAN_POINT('',(6.140149020366,5.941005828718E-02,
    -2.134899126997));
#9723 = CARTESIAN_POINT('',(6.140148953158,-3.258275766134E-15,
    -2.134899010588));
#9724 = CONICAL_SURFACE('',#9725,2.6,1.047197551197);
#9725 = AXIS2_PLACEMENT_3D('',#9726,#9727,#9728);
#9726 = CARTESIAN_POINT('',(6.12,-2.679327833447E-15,0.5));
#9727 = DIRECTION('',(1.,-5.540892098501E-16,4.4E-16));
#9728 = DIRECTION('',(4.4E-16,5.E-17,-1.));
#9729 = ADVANCED_FACE('',(#9730),#9811,.F.);
#9730 = FACE_BOUND('',#9731,.F.);
#9731 = EDGE_LOOP('',(#9732,#9768,#9775,#9809,#9810));
#9732 = ORIENTED_EDGE('',*,*,#9733,.F.);
#9733 = EDGE_CURVE('',#9734,#9614,#9736,.T.);
#9734 = VERTEX_POINT('',#9735);
#9735 = CARTESIAN_POINT('',(6.52506066673,1.462419595908E-07,
    3.134890894573));
#9736 = B_SPLINE_CURVE_WITH_KNOTS('',9,(#9737,#9738,#9739,#9740,#9741,
    #9742,#9743,#9744,#9745,#9746,#9747,#9748,#9749,#9750,#9751,#9752,
    #9753,#9754,#9755,#9756,#9757,#9758,#9759,#9760,#9761,#9762,#9763,
    #9764,#9765,#9766,#9767),.UNSPECIFIED.,.F.,.F.,(10,7,7,7,10),(0.,
    1.58079326614,3.161586532279,4.742379798419,6.323173064558),
  .UNSPECIFIED.);
#9737 = CARTESIAN_POINT('',(6.52506066673,1.462419588008E-07,
    3.134890894573));
#9738 = CARTESIAN_POINT('',(6.505338970749,0.459897573675,3.134900108422
    ));
#9739 = CARTESIAN_POINT('',(6.485619810711,0.919737179072,3.044672203313
    ));
#9740 = CARTESIAN_POINT('',(6.465894451349,1.359382687792,2.864018256434
    ));
#9741 = CARTESIAN_POINT('',(6.446170686517,1.758439786463,2.598385624639
    ));
#9742 = CARTESIAN_POINT('',(6.426449255982,2.09841253128,2.258444970735)
  );
#9743 = CARTESIAN_POINT('',(6.406727824541,2.364010413666,1.859363184132
    ));
#9744 = CARTESIAN_POINT('',(6.387006149244,2.54461198292,1.419756602242)
  );
#9745 = CARTESIAN_POINT('',(6.347561970511,2.72521001518,0.500005786123)
  );
#9746 = CARTESIAN_POINT('',(6.308116865674,2.544606124534,
    -0.419754674122));
#9747 = CARTESIAN_POINT('',(6.288394229562,2.364005586941,
    -0.859371724536));
#9748 = CARTESIAN_POINT('',(6.268671979948,2.098419798701,
    -1.258460314148));
#9749 = CARTESIAN_POINT('',(6.248950080207,1.758459704793,
    -1.598426582185));
#9750 = CARTESIAN_POINT('',(6.229228145326,1.359372383336,
    -1.864015588871));
#9751 = CARTESIAN_POINT('',(6.20950594193,0.919756754032,-2.044606610905
    ));
#9752 = CARTESIAN_POINT('',(6.170061353991,-6.021277767516E-07,
    -2.22519512515));
#9753 = CARTESIAN_POINT('',(6.130616766051,-0.919756921901,
    -2.044601332554));
#9754 = CARTESIAN_POINT('',(6.110894562659,-1.359370925611,
    -1.864010286917));
#9755 = CARTESIAN_POINT('',(6.091172627772,-1.758460845509,
    -1.598433555393));
#9756 = CARTESIAN_POINT('',(6.071450728028,-2.098431202158,
    -1.258473329275));
#9757 = CARTESIAN_POINT('',(6.051728478416,-2.364020884812,
    -0.859377780655));
#9758 = CARTESIAN_POINT('',(6.032005842312,-2.544607175358,
    -0.419755427932));
#9759 = CARTESIAN_POINT('',(5.99256073746,-2.725188828979,0.500006387741
    ));
#9760 = CARTESIAN_POINT('',(5.953116558732,-2.54459922731,1.419755848424
    ));
#9761 = CARTESIAN_POINT('',(5.933394883619,-2.364016421227,1.85936748304
    ));
#9762 = CARTESIAN_POINT('',(5.913673451477,-2.098440392237,
    2.258447014374));
#9763 = CARTESIAN_POINT('',(5.893952022116,-1.758502753546,
    2.598449931882));
#9764 = CARTESIAN_POINT('',(5.874228256184,-1.359331563906,
    2.864032214041));
#9765 = CARTESIAN_POINT('',(5.854502897394,-0.919733221773,
    3.044571275939));
#9766 = CARTESIAN_POINT('',(5.83478373724,-0.459897232194,3.134905822403
    ));
#9767 = CARTESIAN_POINT('',(5.815062041235,1.952390660561E-07,
    3.134915027699));
#9768 = ORIENTED_EDGE('',*,*,#9769,.T.);
#9769 = EDGE_CURVE('',#9734,#9770,#9772,.T.);
#9770 = VERTEX_POINT('',#9771);
#9771 = CARTESIAN_POINT('',(6.484957204856,1.469775876086E-07,
    3.134890224983));
#9772 = B_SPLINE_CURVE_WITH_KNOTS('',1,(#9773,#9774),.UNSPECIFIED.,.F.,
  .F.,(2,2),(0.,4.010346187924E-02),.PIECEWISE_BEZIER_KNOTS.);
#9773 = CARTESIAN_POINT('',(6.52506066673,1.462419926808E-07,
    3.134890894573));
#9774 = CARTESIAN_POINT('',(6.484957204856,1.469776215886E-07,
    3.134890224983));
#9775 = ORIENTED_EDGE('',*,*,#9776,.T.);
#9776 = EDGE_CURVE('',#9770,#9671,#9777,.T.);
#9777 = B_SPLINE_CURVE_WITH_KNOTS('',9,(#9778,#9779,#9780,#9781,#9782,
    #9783,#9784,#9785,#9786,#9787,#9788,#9789,#9790,#9791,#9792,#9793,
    #9794,#9795,#9796,#9797,#9798,#9799,#9800,#9801,#9802,#9803,#9804,
    #9805,#9806,#9807,#9808),.UNSPECIFIED.,.F.,.F.,(10,7,7,7,10),(0.,
    1.58079326614,3.161586532279,4.742379798419,6.323173064558),
  .UNSPECIFIED.);
#9778 = CARTESIAN_POINT('',(6.484957204856,1.469775877086E-07,
    3.134890224983));
#9779 = CARTESIAN_POINT('',(6.465235508876,0.459897448583,3.134899399265
    ));
#9780 = CARTESIAN_POINT('',(6.445516348842,0.919736920309,3.044671290999
    ));
#9781 = CARTESIAN_POINT('',(6.425790989477,1.359382207953,2.864017638525
    ));
#9782 = CARTESIAN_POINT('',(6.40606722464,1.758439440794,2.598385186634)
  );
#9783 = CARTESIAN_POINT('',(6.386345794109,2.098412017439,2.258444492686
    ));
#9784 = CARTESIAN_POINT('',(6.366624362667,2.364009780283,1.859362819971
    ));
#9785 = CARTESIAN_POINT('',(6.346902687372,2.544611259822,1.419756347508
    ));
#9786 = CARTESIAN_POINT('',(6.307458508639,2.725209224154,0.500005785893
    ));
#9787 = CARTESIAN_POINT('',(6.268013403801,2.544605429881,
    -0.419754425436));
#9788 = CARTESIAN_POINT('',(6.248290767688,2.364004971873,
    -0.859371366759));
#9789 = CARTESIAN_POINT('',(6.228568518074,2.098419247781,
    -1.258459861853));
#9790 = CARTESIAN_POINT('',(6.208846618334,1.758459224822,
    -1.598426023764));
#9791 = CARTESIAN_POINT('',(6.189124683453,1.359372006895,
    -1.864014931346));
#9792 = CARTESIAN_POINT('',(6.169402480057,0.919756501269,
    -2.044605903764));
#9793 = CARTESIAN_POINT('',(6.129957892118,-6.010722005038E-07,
    -2.225194379343));
#9794 = CARTESIAN_POINT('',(6.090513304178,-0.91975667125,
    -2.044600646923));
#9795 = CARTESIAN_POINT('',(6.070791100786,-1.359370558021,
    -1.864009650513));
#9796 = CARTESIAN_POINT('',(6.0510691659,-1.758460363002,-1.598432965252
    ));
#9797 = CARTESIAN_POINT('',(6.031347266156,-2.098430604516,
    -1.258472819091));
#9798 = CARTESIAN_POINT('',(6.011625016544,-2.364020205955,
    -0.859377394398));
#9799 = CARTESIAN_POINT('',(5.99190238044,-2.544606477241,-0.4197551732)
  );
#9800 = CARTESIAN_POINT('',(5.952457275587,-2.725188128388,
    0.500006387972));
#9801 = CARTESIAN_POINT('',(5.913013096859,-2.544598557638,
    1.419755599736));
#9802 = CARTESIAN_POINT('',(5.893291421746,-2.36401576069,1.859367103156
    ));
#9803 = CARTESIAN_POINT('',(5.873569989607,-2.098439757515,
    2.258446529933));
#9804 = CARTESIAN_POINT('',(5.853848560244,-1.758502136765,
    2.598449221332));
#9805 = CARTESIAN_POINT('',(5.834124794313,-1.359331299665,
    2.864031538065));
#9806 = CARTESIAN_POINT('',(5.814399435518,-0.919732977074,
    3.044570795462));
#9807 = CARTESIAN_POINT('',(5.794680275368,-0.45989710563,3.134905089367
    ));
#9808 = CARTESIAN_POINT('',(5.774958579364,1.959747584739E-07,
    3.134914255095));
#9809 = ORIENTED_EDGE('',*,*,#9717,.T.);
#9810 = ORIENTED_EDGE('',*,*,#9613,.T.);
#9811 = B_SPLINE_SURFACE_WITH_KNOTS('',1,9,(
    (#9812,#9813,#9814,#9815,#9816,#9817,#9818,#9819,#9820,#9821,#9822
      ,#9823,#9824,#9825,#9826,#9827,#9828,#9829,#9830,#9831,#9832,#9833
      ,#9834,#9835,#9836,#9837,#9838,#9839,#9840,#9841,#9842)
    ,(#9843,#9844,#9845,#9846,#9847,#9848,#9849,#9850,#9851,#9852,#9853
      ,#9854,#9855,#9856,#9857,#9858,#9859,#9860,#9861,#9862,#9863,#9864
      ,#9865,#9866,#9867,#9868,#9869,#9870,#9871,#9872,#9873
  )),.UNSPECIFIED.,.F.,.F.,.F.,(2,2),(10,7,7,7,10),(0.,
    4.010346187924E-02),(0.,1.58079326614,3.161586532279,4.742379798419,
    6.323173064558),.UNSPECIFIED.);
#9812 = CARTESIAN_POINT('',(6.52506066673,1.462419590208E-07,
    3.134890894573));
#9813 = CARTESIAN_POINT('',(6.505338970749,0.459897573675,3.134900108422
    ));
#9814 = CARTESIAN_POINT('',(6.485619810711,0.919737179072,3.044672203313
    ));
#9815 = CARTESIAN_POINT('',(6.465894451349,1.359382687792,2.864018256433
    ));
#9816 = CARTESIAN_POINT('',(6.446170686517,1.758439786463,2.59838562464)
  );
#9817 = CARTESIAN_POINT('',(6.426449255982,2.09841253128,2.258444970735)
  );
#9818 = CARTESIAN_POINT('',(6.406727824541,2.364010413666,1.859363184132
    ));
#9819 = CARTESIAN_POINT('',(6.387006149244,2.54461198292,1.419756602242)
  );
#9820 = CARTESIAN_POINT('',(6.347561970511,2.72521001518,0.500005786123)
  );
#9821 = CARTESIAN_POINT('',(6.308116865674,2.544606124534,
    -0.419754674122));
#9822 = CARTESIAN_POINT('',(6.288394229562,2.364005586941,
    -0.859371724536));
#9823 = CARTESIAN_POINT('',(6.268671979948,2.098419798701,
    -1.258460314148));
#9824 = CARTESIAN_POINT('',(6.248950080207,1.758459704793,
    -1.598426582185));
#9825 = CARTESIAN_POINT('',(6.229228145326,1.359372383336,
    -1.864015588871));
#9826 = CARTESIAN_POINT('',(6.20950594193,0.919756754032,-2.044606610905
    ));
#9827 = CARTESIAN_POINT('',(6.170061353991,-6.021277779516E-07,
    -2.22519512515));
#9828 = CARTESIAN_POINT('',(6.130616766051,-0.919756921901,
    -2.044601332554));
#9829 = CARTESIAN_POINT('',(6.110894562659,-1.359370925611,
    -1.864010286917));
#9830 = CARTESIAN_POINT('',(6.091172627772,-1.758460845509,
    -1.598433555393));
#9831 = CARTESIAN_POINT('',(6.071450728028,-2.098431202158,
    -1.258473329275));
#9832 = CARTESIAN_POINT('',(6.051728478416,-2.364020884813,
    -0.859377780655));
#9833 = CARTESIAN_POINT('',(6.032005842312,-2.544607175358,
    -0.419755427932));
#9834 = CARTESIAN_POINT('',(5.99256073746,-2.725188828979,0.500006387741
    ));
#9835 = CARTESIAN_POINT('',(5.953116558732,-2.54459922731,1.419755848424
    ));
#9836 = CARTESIAN_POINT('',(5.933394883619,-2.364016421228,1.85936748304
    ));
#9837 = CARTESIAN_POINT('',(5.913673451477,-2.098440392236,
    2.258447014374));
#9838 = CARTESIAN_POINT('',(5.893952022116,-1.758502753546,
    2.598449931882));
#9839 = CARTESIAN_POINT('',(5.874228256184,-1.359331563906,
    2.864032214041));
#9840 = CARTESIAN_POINT('',(5.854502897394,-0.919733221773,
    3.044571275939));
#9841 = CARTESIAN_POINT('',(5.83478373724,-0.459897232194,3.134905822403
    ));
#9842 = CARTESIAN_POINT('',(5.815062041235,1.952390660561E-07,
    3.134915027699));
#9843 = CARTESIAN_POINT('',(6.484957204856,1.469775877086E-07,
    3.134890224983));
#9844 = CARTESIAN_POINT('',(6.465235508876,0.459897448583,3.134899399265
    ));
#9845 = CARTESIAN_POINT('',(6.445516348842,0.919736920309,3.044671290999
    ));
#9846 = CARTESIAN_POINT('',(6.425790989477,1.359382207953,2.864017638525
    ));
#9847 = CARTESIAN_POINT('',(6.40606722464,1.758439440794,2.598385186634)
  );
#9848 = CARTESIAN_POINT('',(6.386345794109,2.098412017439,2.258444492686
    ));
#9849 = CARTESIAN_POINT('',(6.366624362667,2.364009780283,1.859362819971
    ));
#9850 = CARTESIAN_POINT('',(6.346902687372,2.544611259822,1.419756347508
    ));
#9851 = CARTESIAN_POINT('',(6.307458508639,2.725209224154,0.500005785893
    ));
#9852 = CARTESIAN_POINT('',(6.268013403801,2.544605429881,
    -0.419754425436));
#9853 = CARTESIAN_POINT('',(6.248290767688,2.364004971873,
    -0.859371366759));
#9854 = CARTESIAN_POINT('',(6.228568518074,2.098419247781,
    -1.258459861853));
#9855 = CARTESIAN_POINT('',(6.208846618334,1.758459224822,
    -1.598426023764));
#9856 = CARTESIAN_POINT('',(6.189124683453,1.359372006895,
    -1.864014931346));
#9857 = CARTESIAN_POINT('',(6.169402480057,0.919756501269,
    -2.044605903764));
#9858 = CARTESIAN_POINT('',(6.129957892118,-6.010722005038E-07,
    -2.225194379343));
#9859 = CARTESIAN_POINT('',(6.090513304178,-0.91975667125,
    -2.044600646923));
#9860 = CARTESIAN_POINT('',(6.070791100786,-1.359370558021,
    -1.864009650513));
#9861 = CARTESIAN_POINT('',(6.0510691659,-1.758460363002,-1.598432965252
    ));
#9862 = CARTESIAN_POINT('',(6.031347266156,-2.098430604516,
    -1.258472819091));
#9863 = CARTESIAN_POINT('',(6.011625016544,-2.364020205955,
    -0.859377394398));
#9864 = CARTESIAN_POINT('',(5.99190238044,-2.544606477241,-0.4197551732)
  );
#9865 = CARTESIAN_POINT('',(5.952457275587,-2.725188128388,
    0.500006387972));
#9866 = CARTESIAN_POINT('',(5.913013096859,-2.544598557638,
    1.419755599736));
#9867 = CARTESIAN_POINT('',(5.893291421746,-2.36401576069,1.859367103156
    ));
#9868 = CARTESIAN_POINT('',(5.873569989607,-2.098439757515,
    2.258446529933));
#9869 = CARTESIAN_POINT('',(5.853848560244,-1.758502136765,
    2.598449221332));
#9870 = CARTESIAN_POINT('',(5.834124794313,-1.359331299665,
    2.864031538065));
#9871 = CARTESIAN_POINT('',(5.814399435518,-0.919732977074,
    3.044570795462));
#9872 = CARTESIAN_POINT('',(5.794680275368,-0.45989710563,3.134905089367
    ));
#9873 = CARTESIAN_POINT('',(5.774958579364,1.959747584739E-07,
    3.134914255095));
#9874 = ADVANCED_FACE('',(#9875),#9884,.F.);
#9875 = FACE_BOUND('',#9876,.F.);
#9876 = EDGE_LOOP('',(#9877,#9878,#9883));
#9877 = ORIENTED_EDGE('',*,*,#9776,.F.);
#9878 = ORIENTED_EDGE('',*,*,#9879,.T.);
#9879 = EDGE_CURVE('',#9770,#9644,#9880,.T.);
#9880 = B_SPLINE_CURVE_WITH_KNOTS('',1,(#9881,#9882),.UNSPECIFIED.,.F.,
  .F.,(2,2),(0.,0.659896538121),.PIECEWISE_BEZIER_KNOTS.);
#9881 = CARTESIAN_POINT('',(6.484957204856,1.469776215886E-07,
    3.134890224983));
#9882 = CARTESIAN_POINT('',(6.154999393973,-1.871060620249E-07,
    3.706371881785));
#9883 = ORIENTED_EDGE('',*,*,#9670,.T.);
#9884 = B_SPLINE_SURFACE_WITH_KNOTS('',1,9,(
    (#9885,#9886,#9887,#9888,#9889,#9890,#9891,#9892,#9893,#9894,#9895
      ,#9896,#9897,#9898,#9899,#9900,#9901,#9902,#9903,#9904,#9905,#9906
      ,#9907,#9908,#9909,#9910,#9911,#9912,#9913,#9914,#9915)
    ,(#9916,#9917,#9918,#9919,#9920,#9921,#9922,#9923,#9924,#9925,#9926
      ,#9927,#9928,#9929,#9930,#9931,#9932,#9933,#9934,#9935,#9936,#9937
      ,#9938,#9939,#9940,#9941,#9942,#9943,#9944,#9945,#9946
  )),.UNSPECIFIED.,.F.,.F.,.F.,(2,2),(10,7,7,7,10),(0.,0.659896538121),(
    0.,1.58079326614,3.161586532279,4.742379798419,6.323173064558),
  .UNSPECIFIED.);
#9885 = CARTESIAN_POINT('',(6.484957204856,1.469775877086E-07,
    3.134890224983));
#9886 = CARTESIAN_POINT('',(6.465235508876,0.459897448583,3.134899399265
    ));
#9887 = CARTESIAN_POINT('',(6.445516348842,0.919736920309,3.044671290999
    ));
#9888 = CARTESIAN_POINT('',(6.425790989477,1.359382207953,2.864017638525
    ));
#9889 = CARTESIAN_POINT('',(6.40606722464,1.758439440794,2.598385186634)
  );
#9890 = CARTESIAN_POINT('',(6.386345794109,2.098412017439,2.258444492686
    ));
#9891 = CARTESIAN_POINT('',(6.366624362667,2.364009780283,1.859362819971
    ));
#9892 = CARTESIAN_POINT('',(6.346902687372,2.544611259822,1.419756347508
    ));
#9893 = CARTESIAN_POINT('',(6.307458508639,2.725209224154,0.500005785893
    ));
#9894 = CARTESIAN_POINT('',(6.268013403801,2.544605429881,
    -0.419754425436));
#9895 = CARTESIAN_POINT('',(6.248290767688,2.364004971873,
    -0.859371366759));
#9896 = CARTESIAN_POINT('',(6.228568518074,2.098419247781,
    -1.258459861853));
#9897 = CARTESIAN_POINT('',(6.208846618334,1.758459224822,
    -1.598426023764));
#9898 = CARTESIAN_POINT('',(6.189124683453,1.359372006895,
    -1.864014931346));
#9899 = CARTESIAN_POINT('',(6.169402480057,0.919756501269,
    -2.044605903764));
#9900 = CARTESIAN_POINT('',(6.129957892118,-6.010722005038E-07,
    -2.225194379343));
#9901 = CARTESIAN_POINT('',(6.090513304178,-0.91975667125,
    -2.044600646923));
#9902 = CARTESIAN_POINT('',(6.070791100786,-1.359370558021,
    -1.864009650513));
#9903 = CARTESIAN_POINT('',(6.0510691659,-1.758460363002,-1.598432965252
    ));
#9904 = CARTESIAN_POINT('',(6.031347266156,-2.098430604516,
    -1.258472819091));
#9905 = CARTESIAN_POINT('',(6.011625016544,-2.364020205955,
    -0.859377394398));
#9906 = CARTESIAN_POINT('',(5.99190238044,-2.544606477241,-0.4197551732)
  );
#9907 = CARTESIAN_POINT('',(5.952457275587,-2.725188128388,
    0.500006387972));
#9908 = CARTESIAN_POINT('',(5.913013096859,-2.544598557638,
    1.419755599736));
#9909 = CARTESIAN_POINT('',(5.893291421746,-2.36401576069,1.859367103156
    ));
#9910 = CARTESIAN_POINT('',(5.873569989607,-2.098439757515,
    2.258446529933));
#9911 = CARTESIAN_POINT('',(5.853848560244,-1.758502136765,
    2.598449221332));
#9912 = CARTESIAN_POINT('',(5.834124794313,-1.359331299665,
    2.864031538065));
#9913 = CARTESIAN_POINT('',(5.814399435518,-0.919732977074,
    3.044570795462));
#9914 = CARTESIAN_POINT('',(5.794680275368,-0.45989710563,3.134905089367
    ));
#9915 = CARTESIAN_POINT('',(5.774958579364,1.959747584739E-07,
    3.134914255095));
#9916 = CARTESIAN_POINT('',(6.154999393973,-1.871060955349E-07,
    3.706371881785));
#9917 = CARTESIAN_POINT('',(6.135277135982,0.559617932668,3.706380789873
    ));
#9918 = CARTESIAN_POINT('',(6.115554705608,1.119237671072,3.59657494472)
  );
#9919 = CARTESIAN_POINT('',(6.095832696399,1.654228966492,3.376730569641
    ));
#9920 = CARTESIAN_POINT('',(6.076110579631,2.139819164886,3.053511298712
    ));
#9921 = CARTESIAN_POINT('',(6.056388302975,2.553539850142,2.63983937644)
  );
#9922 = CARTESIAN_POINT('',(6.036666027345,2.87673668797,2.154196857216)
  );
#9923 = CARTESIAN_POINT('',(6.01694376784,3.096507736509,1.619241801519)
  );
#9924 = CARTESIAN_POINT('',(5.977499305326,3.316274374361,0.500005979442
    ));
#9925 = CARTESIAN_POINT('',(5.938054905792,3.096502635248,-0.61923748596
    ));
#9926 = CARTESIAN_POINT('',(5.918332711708,2.876734478862,-1.15420091573
    ));
#9927 = CARTESIAN_POINT('',(5.898610491347,2.553546827253,
    -1.639850086058));
#9928 = CARTESIAN_POINT('',(5.8788882472,2.139849634473,-2.053553493577)
  );
#9929 = CARTESIAN_POINT('',(5.859166005443,1.654200890482,
    -2.376744816467));
#9930 = CARTESIAN_POINT('',(5.839443781938,1.119238475809,
    -2.596503147178));
#9931 = CARTESIAN_POINT('',(5.799999347251,-2.135343596372E-07,
    -2.816259385623));
#9932 = CARTESIAN_POINT('',(5.760554912563,-1.119237955672,
    -2.596498323024));
#9933 = CARTESIAN_POINT('',(5.740832689063,-1.654198857138,
    -2.376740087359));
#9934 = CARTESIAN_POINT('',(5.7211104473,-2.139850168339,-2.053560662997
    ));
#9935 = CARTESIAN_POINT('',(5.70138820315,-2.553557310661,-1.63986315045
    ));
#9936 = CARTESIAN_POINT('',(5.681665982791,-2.876748810157,
    -1.15420736634));
#9937 = CARTESIAN_POINT('',(5.661943788715,-3.09650339839,
    -0.619238891472));
#9938 = CARTESIAN_POINT('',(5.622499389166,-3.316254022663,0.50000582761
    ));
#9939 = CARTESIAN_POINT('',(5.583054926657,-3.096495729622,
    1.619240395999));
#9940 = CARTESIAN_POINT('',(5.56333266733,-2.876742822914,2.154200353761
    ));
#9941 = CARTESIAN_POINT('',(5.543610391026,-2.553567084569,
    2.639840777663));
#9942 = CARTESIAN_POINT('',(5.523888115498,-2.139880213675,
    3.053572602091));
#9943 = CARTESIAN_POINT('',(5.504165997672,-1.65418048934,3.376743613441
    ));
#9944 = CARTESIAN_POINT('',(5.484443989014,-1.119234551052,
    3.596477746461));
#9945 = CARTESIAN_POINT('',(5.464721558529,-0.55961831021,3.706386155667
    ));
#9946 = CARTESIAN_POINT('',(5.444999300514,-1.904370416496E-07,
    3.706395064331));
#9947 = ADVANCED_FACE('',(#9948),#10047,.F.);
#9948 = FACE_BOUND('',#9949,.F.);
#9949 = EDGE_LOOP('',(#9950,#9986,#9993,#10030,#10045,#10046));
#9950 = ORIENTED_EDGE('',*,*,#9951,.F.);
#9951 = EDGE_CURVE('',#9952,#9770,#9954,.T.);
#9952 = VERTEX_POINT('',#9953);
#9953 = CARTESIAN_POINT('',(7.194955830288,9.79788802933E-08,
    3.134866194884));
#9954 = B_SPLINE_CURVE_WITH_KNOTS('',9,(#9955,#9956,#9957,#9958,#9959,
    #9960,#9961,#9962,#9963,#9964,#9965,#9966,#9967,#9968,#9969,#9970,
    #9971,#9972,#9973,#9974,#9975,#9976,#9977,#9978,#9979,#9980,#9981,
    #9982,#9983,#9984,#9985),.UNSPECIFIED.,.F.,.F.,(10,7,7,7,10),(0.,
    1.58079326614,3.161586532279,4.742379798419,6.323173064558),
  .UNSPECIFIED.);
#9955 = CARTESIAN_POINT('',(7.194955830288,9.79788809633E-08,
    3.134866194884));
#9956 = CARTESIAN_POINT('',(7.17523413433,0.459893206442,3.134875377707)
  );
#9957 = CARTESIAN_POINT('',(7.155514974434,0.9197284842,3.044648101131)
  );
#9958 = CARTESIAN_POINT('',(7.135789614928,1.35936976598,2.863996104852)
  );
#9959 = CARTESIAN_POINT('',(7.116065850023,1.758423365246,2.598366081882
    ));
#9960 = CARTESIAN_POINT('',(7.096344419526,2.098392847165,2.258428494519
    ));
#9961 = CARTESIAN_POINT('',(7.076622988121,2.363988195442,1.859350466527
    ));
#9962 = CARTESIAN_POINT('',(7.056901312849,2.54458803611,1.419748006714)
  );
#9963 = CARTESIAN_POINT('',(7.017457134128,2.725184370548,0.500005836578
    ));
#9964 = CARTESIAN_POINT('',(6.978012029261,2.544582240367,
    -0.419745990077));
#9965 = CARTESIAN_POINT('',(6.95828939313,2.363983437503,-0.859358925556
    ));
#9966 = CARTESIAN_POINT('',(6.938567143514,2.098400142925,
    -1.258443785823));
#9967 = CARTESIAN_POINT('',(6.918845243788,1.758443226842,
    -1.598406853489));
#9968 = CARTESIAN_POINT('',(6.89912330892,1.359359653663,-1.863993346372
    ));
#9969 = CARTESIAN_POINT('',(6.879401105525,0.919748160622,
    -2.044582680027));
#9970 = CARTESIAN_POINT('',(6.83995651758,-5.503945832991E-07,
    -2.225169525759));
#9971 = CARTESIAN_POINT('',(6.800511929633,-0.919748235965,
    -2.044577457392));
#9972 = CARTESIAN_POINT('',(6.780789726241,-1.359358116867,
    -1.863988116096));
#9973 = CARTESIAN_POINT('',(6.76106779137,-1.758444286977,
    -1.598413860376));
#9974 = CARTESIAN_POINT('',(6.741345891638,-2.098411434258,
    -1.258456821102));
#9975 = CARTESIAN_POINT('',(6.721623642027,-2.363998621026,
    -0.859365041117));
#9976 = CARTESIAN_POINT('',(6.701901005903,-2.54458325352,
    -0.419746832479));
#9977 = CARTESIAN_POINT('',(6.662455901021,-2.725163274785,
    0.500006337302));
#9978 = CARTESIAN_POINT('',(6.623011722305,-2.544575368135,
    1.419747164304));
#9979 = CARTESIAN_POINT('',(6.603290047217,-2.363994226406,1.85935466179
    ));
#9980 = CARTESIAN_POINT('',(6.583568615113,-2.098420652637,
    2.258430453721));
#9981 = CARTESIAN_POINT('',(6.563847185786,-1.758486139252,
    2.598430051172));
#9982 = CARTESIAN_POINT('',(6.544123419785,-1.35931894562,2.86400995383)
  );
#9983 = CARTESIAN_POINT('',(6.524398060849,-0.919724635607,
    3.044547571401));
#9984 = CARTESIAN_POINT('',(6.504678900837,-0.459892961485,
    3.134881050708));
#9985 = CARTESIAN_POINT('',(6.484957204856,1.469776215886E-07,
    3.134890224983));
#9986 = ORIENTED_EDGE('',*,*,#9987,.T.);
#9987 = EDGE_CURVE('',#9952,#9988,#9990,.T.);
#9988 = VERTEX_POINT('',#9989);
#9989 = CARTESIAN_POINT('',(6.88887294891,-1.633906575708E-07,3.665));
#9990 = B_SPLINE_CURVE_WITH_KNOTS('',1,(#9991,#9992),.UNSPECIFIED.,.F.,
  .F.,(2,2),(0.,0.659896538121),.PIECEWISE_BEZIER_KNOTS.);
#9991 = CARTESIAN_POINT('',(7.194955830288,9.79788890933E-08,
    3.134866194884));
#9992 = CARTESIAN_POINT('',(6.864999487371,-1.837766251702E-07,
    3.706348699247));
#9993 = ORIENTED_EDGE('',*,*,#9994,.T.);
#9994 = EDGE_CURVE('',#9988,#9995,#9997,.T.);
#9995 = VERTEX_POINT('',#9996);
#9996 = CARTESIAN_POINT('',(6.533877695195,-2.413126452081E-15,-2.665));
#9997 = B_SPLINE_CURVE_WITH_KNOTS('',6,(#9998,#9999,#10000,#10001,#10002
    ,#10003,#10004,#10005,#10006,#10007,#10008,#10009,#10010,#10011,
    #10012,#10013,#10014,#10015,#10016,#10017,#10018,#10019,#10020,
    #10021,#10022,#10023,#10024,#10025,#10026,#10027,#10028,#10029),
  .UNSPECIFIED.,.F.,.F.,(7,5,5,5,5,5,7),(0.,0.101550557187,
    0.265382196022,0.47432570506,0.682122056795,0.84361864345,1.),
  .UNSPECIFIED.);
#9998 = CARTESIAN_POINT('',(6.88887294891,-1.633906650108E-07,3.665));
#9999 = CARTESIAN_POINT('',(6.882866480251,0.168278520385,3.665000000326
    ));
#10000 = CARTESIAN_POINT('',(6.876863630366,0.336560780152,
    3.654263184357));
#10001 = CARTESIAN_POINT('',(6.870860245565,0.503982665312,
    3.632789926174));
#10002 = CARTESIAN_POINT('',(6.864854933432,0.669691847009,
    3.600671213205));
#10003 = CARTESIAN_POINT('',(6.858847860575,0.832850563953,
    3.558088058196));
#10004 = CARTESIAN_POINT('',(6.843146336136,1.250424752125,
    3.420165474966));
#10005 = CARTESIAN_POINT('',(6.833448276573,1.499483488507,
    3.308473290617));
#10006 = CARTESIAN_POINT('',(6.82375017518,1.736313664364,3.171375838463
    ));
#10007 = CARTESIAN_POINT('',(6.814054080822,1.957759036977,
    3.010608052914));
#10008 = CARTESIAN_POINT('',(6.80435834485,2.160952381546,2.828349927794
    ));
#10009 = CARTESIAN_POINT('',(6.782303861861,2.576151291333,
    2.370975854753));
#10010 = CARTESIAN_POINT('',(6.769940199511,2.775306796442,2.08396642289
    ));
#10011 = CARTESIAN_POINT('',(6.757583429231,2.935638288862,
    1.772013150164));
#10012 = CARTESIAN_POINT('',(6.745225030928,3.053600436272,
    1.441701413198));
#10013 = CARTESIAN_POINT('',(6.732859813137,3.126813162891,1.10012114928
    ));
#10014 = CARTESIAN_POINT('',(6.708203963203,3.182453821067,
    0.411790697351));
#10015 = CARTESIAN_POINT('',(6.695904418853,3.165398597794,
    6.482438266493E-02));
#10016 = CARTESIAN_POINT('',(6.683609346841,3.10287321136,
    -0.278293591732));
#10017 = CARTESIAN_POINT('',(6.671314961092,2.996056658749,
    -0.610302126816));
#10018 = CARTESIAN_POINT('',(6.659016203598,2.847336461854,
    -0.924243105489));
#10019 = CARTESIAN_POINT('',(6.637167762763,2.515985968137,
    -1.438725660655));
#10020 = CARTESIAN_POINT('',(6.627612194066,2.348233792799,
    -1.649043219881));
#10021 = CARTESIAN_POINT('',(6.618058297289,2.159530965506,
    -1.841717817489));
#10022 = CARTESIAN_POINT('',(6.608504321503,1.952236262045,
    -2.014231943848));
#10023 = CARTESIAN_POINT('',(6.598948624849,1.729049427654,
    -2.164438138472));
#10024 = CARTESIAN_POINT('',(6.580141913106,1.264594288682,
    -2.41293302983));
#10025 = CARTESIAN_POINT('',(6.570888549041,1.024065392895,
    -2.512746092246));
#10026 = CARTESIAN_POINT('',(6.561636210218,0.774311039095,
    -2.588606918779));
#10027 = CARTESIAN_POINT('',(6.552383680493,0.518307144405,
    -2.63953924162));
#10028 = CARTESIAN_POINT('',(6.543130029928,0.259138168115,-2.665));
#10029 = CARTESIAN_POINT('',(6.533877695195,-3.273126452081E-15,-2.665)
  );
#10030 = ORIENTED_EDGE('',*,*,#10031,.T.);
#10031 = EDGE_CURVE('',#9995,#9635,#10032,.T.);
#10032 = B_SPLINE_CURVE_WITH_KNOTS('',6,(#10033,#10034,#10035,#10036,
    #10037,#10038,#10039,#10040,#10041,#10042,#10043,#10044),
  .UNSPECIFIED.,.F.,.F.,(7,5,7),(0.,0.161456363685,1.),.UNSPECIFIED.);
#10033 = CARTESIAN_POINT('',(6.533877695195,-3.303126452081E-15,-2.665)
  );
#10034 = CARTESIAN_POINT('',(6.531518374911,-6.607953063549E-02,-2.665)
  );
#10035 = CARTESIAN_POINT('',(6.529159068749,-0.132159108514,
    -2.663344451745));
#10036 = CARTESIAN_POINT('',(6.526799779099,-0.198186791947,
    -2.660033357797));
#10037 = CARTESIAN_POINT('',(6.524440507887,-0.264110778949,
    -2.655068881838));
#10038 = CARTESIAN_POINT('',(6.522081256576,-0.329879407231,
    -2.648455348677));
#10039 = CARTESIAN_POINT('',(6.507469070607,-0.735944213104,
    -2.597320142587));
#10040 = CARTESIAN_POINT('',(6.495212322075,-1.070991452121,
    -2.510118552697));
#10041 = CARTESIAN_POINT('',(6.482961378005,-1.393086634398,
    -2.379482183471));
#10042 = CARTESIAN_POINT('',(6.470710821019,-1.695428977455,
    -2.208017158247));
#10043 = CARTESIAN_POINT('',(6.458454724984,-1.971754117795,
    -1.999438258442));
#10044 = CARTESIAN_POINT('',(6.446202302092,-2.216713364112,
    -1.759072123985));
#10045 = ORIENTED_EDGE('',*,*,#9643,.T.);
#10046 = ORIENTED_EDGE('',*,*,#9879,.F.);
#10047 = B_SPLINE_SURFACE_WITH_KNOTS('',1,9,(
    (#10048,#10049,#10050,#10051,#10052,#10053,#10054,#10055,#10056
      ,#10057,#10058,#10059,#10060,#10061,#10062,#10063,#10064,#10065
      ,#10066,#10067,#10068,#10069,#10070,#10071,#10072,#10073,#10074
      ,#10075,#10076,#10077,#10078)
    ,(#10079,#10080,#10081,#10082,#10083,#10084,#10085,#10086,#10087
      ,#10088,#10089,#10090,#10091,#10092,#10093,#10094,#10095,#10096
      ,#10097,#10098,#10099,#10100,#10101,#10102,#10103,#10104,#10105
      ,#10106,#10107,#10108,#10109
    )),.UNSPECIFIED.,.F.,.F.,.F.,(2,2),(10,7,7,7,10),(0.,0.659896538121)
  ,(0.,1.58079326614,3.161586532279,4.742379798419,6.323173064558),
  .UNSPECIFIED.);
#10048 = CARTESIAN_POINT('',(7.194955830288,9.79788809633E-08,
    3.134866194884));
#10049 = CARTESIAN_POINT('',(7.17523413433,0.459893206442,3.134875377707
    ));
#10050 = CARTESIAN_POINT('',(7.155514974434,0.9197284842,3.044648101131)
  );
#10051 = CARTESIAN_POINT('',(7.135789614928,1.35936976598,2.863996104852
    ));
#10052 = CARTESIAN_POINT('',(7.116065850023,1.758423365246,
    2.598366081882));
#10053 = CARTESIAN_POINT('',(7.096344419526,2.098392847165,
    2.258428494519));
#10054 = CARTESIAN_POINT('',(7.076622988121,2.363988195442,
    1.859350466527));
#10055 = CARTESIAN_POINT('',(7.056901312849,2.54458803611,1.419748006714
    ));
#10056 = CARTESIAN_POINT('',(7.017457134128,2.725184370548,
    0.500005836578));
#10057 = CARTESIAN_POINT('',(6.978012029261,2.544582240367,
    -0.419745990077));
#10058 = CARTESIAN_POINT('',(6.95828939313,2.363983437503,
    -0.859358925556));
#10059 = CARTESIAN_POINT('',(6.938567143514,2.098400142925,
    -1.258443785823));
#10060 = CARTESIAN_POINT('',(6.918845243788,1.758443226842,
    -1.598406853489));
#10061 = CARTESIAN_POINT('',(6.89912330892,1.359359653663,
    -1.863993346372));
#10062 = CARTESIAN_POINT('',(6.879401105525,0.919748160622,
    -2.044582680027));
#10063 = CARTESIAN_POINT('',(6.83995651758,-5.503945832991E-07,
    -2.225169525759));
#10064 = CARTESIAN_POINT('',(6.800511929633,-0.919748235965,
    -2.044577457392));
#10065 = CARTESIAN_POINT('',(6.780789726241,-1.359358116867,
    -1.863988116096));
#10066 = CARTESIAN_POINT('',(6.76106779137,-1.758444286977,
    -1.598413860376));
#10067 = CARTESIAN_POINT('',(6.741345891638,-2.098411434258,
    -1.258456821102));
#10068 = CARTESIAN_POINT('',(6.721623642027,-2.363998621026,
    -0.859365041117));
#10069 = CARTESIAN_POINT('',(6.701901005903,-2.54458325352,
    -0.419746832479));
#10070 = CARTESIAN_POINT('',(6.662455901021,-2.725163274785,
    0.500006337302));
#10071 = CARTESIAN_POINT('',(6.623011722305,-2.544575368135,
    1.419747164304));
#10072 = CARTESIAN_POINT('',(6.603290047217,-2.363994226406,
    1.85935466179));
#10073 = CARTESIAN_POINT('',(6.583568615113,-2.098420652637,
    2.258430453721));
#10074 = CARTESIAN_POINT('',(6.563847185786,-1.758486139252,
    2.598430051172));
#10075 = CARTESIAN_POINT('',(6.544123419785,-1.35931894562,2.86400995383
    ));
#10076 = CARTESIAN_POINT('',(6.524398060849,-0.919724635607,
    3.044547571401));
#10077 = CARTESIAN_POINT('',(6.504678900837,-0.459892961485,
    3.134881050708));
#10078 = CARTESIAN_POINT('',(6.484957204856,1.469776215886E-07,
    3.134890224983));
#10079 = CARTESIAN_POINT('',(6.864999487371,-1.837766329202E-07,
    3.706348699247));
#10080 = CARTESIAN_POINT('',(6.845277229403,0.559613890751,
    3.706357606747));
#10081 = CARTESIAN_POINT('',(6.825554799163,1.11922958138,3.596552555123
    ));
#10082 = CARTESIAN_POINT('',(6.805832789817,1.654217008759,
    3.376709769372));
#10083 = CARTESIAN_POINT('',(6.786110672983,2.13980369663,3.053492834029
    ));
#10084 = CARTESIAN_POINT('',(6.76638839636,2.553521389788,2.639823902244
    ));
#10085 = CARTESIAN_POINT('',(6.746666120765,2.876715890551,
    2.154184894091));
#10086 = CARTESIAN_POINT('',(6.726943861284,3.096485349582,
    1.619233706046));
#10087 = CARTESIAN_POINT('',(6.687499398781,3.316250397366,
    0.500005976006));
#10088 = CARTESIAN_POINT('',(6.648054999219,3.096480245986,
    -0.619229396989));
#10089 = CARTESIAN_POINT('',(6.628332805117,2.876713677923,
    -1.154188958737));
#10090 = CARTESIAN_POINT('',(6.608610584754,2.553528362473,
    -1.639834617341));
#10091 = CARTESIAN_POINT('',(6.588888340621,2.139834160459,
    -2.053535033223));
#10092 = CARTESIAN_POINT('',(6.569166098877,1.654188927562,
    -2.376724018919));
#10093 = CARTESIAN_POINT('',(6.549443875373,1.119230380479,
    -2.596480760225));
#10094 = CARTESIAN_POINT('',(6.50999944068,-2.169781349025E-07,
    -2.816235408649));
#10095 = CARTESIAN_POINT('',(6.470555005986,-1.119229866772,
    -2.596475933747));
#10096 = CARTESIAN_POINT('',(6.450832782485,-1.654186900193,
    -2.376719286375));
#10097 = CARTESIAN_POINT('',(6.431110540737,-2.139834699629,
    -2.0535421982));
#10098 = CARTESIAN_POINT('',(6.411388296598,-2.553538850324,
    -1.639847676429));
#10099 = CARTESIAN_POINT('',(6.39166607624,-2.876728012654,
    -1.154195403373));
#10100 = CARTESIAN_POINT('',(6.371943882145,-3.096481011453,
    -0.61923079607));
#10101 = CARTESIAN_POINT('',(6.332499482568,-3.316230045668,
    0.500005831061));
#10102 = CARTESIAN_POINT('',(6.293055020071,-3.09647334037,
    1.619232306958));
#10103 = CARTESIAN_POINT('',(6.273332760767,-2.876722022059,
    2.154188396611));
#10104 = CARTESIAN_POINT('',(6.253610484497,-2.55354861977,
    2.639825308771));
#10105 = CARTESIAN_POINT('',(6.233888209004,-2.139864740115,
    3.053554141853));
#10106 = CARTESIAN_POINT('',(6.214166091111,-1.654168525633,
    3.376722816609));
#10107 = CARTESIAN_POINT('',(6.194444082317,-1.119226454929,
    3.59645535919));
#10108 = CARTESIAN_POINT('',(6.174721651964,-0.559614261633,
    3.706362973703));
#10109 = CARTESIAN_POINT('',(6.154999393973,-1.871060620249E-07,
    3.706371881785));
#10110 = ADVANCED_FACE('',(#10111),#10132,.T.);
#10111 = FACE_BOUND('',#10112,.T.);
#10112 = EDGE_LOOP('',(#10113,#10114,#10115,#10126));
#10113 = ORIENTED_EDGE('',*,*,#10031,.T.);
#10114 = ORIENTED_EDGE('',*,*,#9634,.T.);
#10115 = ORIENTED_EDGE('',*,*,#10116,.F.);
#10116 = EDGE_CURVE('',#10117,#9625,#10119,.T.);
#10117 = VERTEX_POINT('',#10118);
#10118 = CARTESIAN_POINT('',(6.476102283726,-2.387469015253E-15,-2.665)
  );
#10119 = B_SPLINE_CURVE_WITH_KNOTS('',5,(#10120,#10121,#10122,#10123,
    #10124,#10125),.UNSPECIFIED.,.F.,.F.,(6,6),(0.,1.),
  .PIECEWISE_BEZIER_KNOTS.);
#10120 = CARTESIAN_POINT('',(6.476102283726,-2.827469015253E-15,-2.665)
  );
#10121 = CARTESIAN_POINT('',(6.470122561704,-0.167491590245,
    -2.665000000001));
#10122 = CARTESIAN_POINT('',(6.464142668255,-0.334985239544,
    -2.653920314416));
#10123 = CARTESIAN_POINT('',(6.458162774752,-0.501497788625,
    -2.631761233801));
#10124 = CARTESIAN_POINT('',(6.452182576136,-0.666059749805,
    -2.598651775475));
#10125 = CARTESIAN_POINT('',(6.446202302092,-0.827722099479,
    -2.554848789389));
#10126 = ORIENTED_EDGE('',*,*,#10127,.T.);
#10127 = EDGE_CURVE('',#10117,#9995,#10128,.T.);
#10128 = LINE('',#10129,#10130);
#10129 = CARTESIAN_POINT('',(6.446202902092,-4.304191022488E-15,-2.665)
  );
#10130 = VECTOR('',#10131,1.);
#10131 = DIRECTION('',(1.,-8.840892098501E-16,4.4E-16));
#10132 = CYLINDRICAL_SURFACE('',#10133,3.165);
#10133 = AXIS2_PLACEMENT_3D('',#10134,#10135,#10136);
#10134 = CARTESIAN_POINT('',(6.446202902092,-2.854191022488E-15,0.5));
#10135 = DIRECTION('',(1.,-5.540892098501E-16,4.4E-16));
#10136 = DIRECTION('',(4.4E-16,7.E-17,-1.));
#10137 = ADVANCED_FACE('',(#10138),#10185,.F.);
#10138 = FACE_BOUND('',#10139,.F.);
#10139 = EDGE_LOOP('',(#10140,#10177,#10182,#10183,#10184));
#10140 = ORIENTED_EDGE('',*,*,#10141,.F.);
#10141 = EDGE_CURVE('',#10142,#10117,#10144,.T.);
#10142 = VERTEX_POINT('',#10143);
#10143 = CARTESIAN_POINT('',(6.831107500231,-1.748777765451E-07,3.665));
#10144 = B_SPLINE_CURVE_WITH_KNOTS('',6,(#10145,#10146,#10147,#10148,
    #10149,#10150,#10151,#10152,#10153,#10154,#10155,#10156,#10157,
    #10158,#10159,#10160,#10161,#10162,#10163,#10164,#10165,#10166,
    #10167,#10168,#10169,#10170,#10171,#10172,#10173,#10174,#10175,
    #10176),.UNSPECIFIED.,.F.,.F.,(7,5,5,5,5,5,7),(0.,9.800523715368E-02
    ,0.268199904921,0.471076770213,0.684358439366,0.845845761531,1.),
  .UNSPECIFIED.);
#10145 = CARTESIAN_POINT('',(6.831107500231,-1.748778105251E-07,3.665));
#10146 = CARTESIAN_POINT('',(6.825307617278,0.162403370744,
    3.665000000905));
#10147 = CARTESIAN_POINT('',(6.819503945057,0.32480952128,3.654999847303
    ));
#10148 = CARTESIAN_POINT('',(6.813700865332,0.48644259849,3.634999907081
    ));
#10149 = CARTESIAN_POINT('',(6.807899551944,0.64653637148,3.605079065791
    ));
#10150 = CARTESIAN_POINT('',(6.802099724154,0.804336654119,
    3.565394338681));
#10151 = CARTESIAN_POINT('',(6.786232102844,1.227870768127,
    3.430716316628));
#10152 = CARTESIAN_POINT('',(6.77616532429,1.487543994617,3.316498460109
    ));
#10153 = CARTESIAN_POINT('',(6.766102735497,1.734176086347,
    3.174763345653));
#10154 = CARTESIAN_POINT('',(6.75603778258,1.964221715556,3.007445670588
    ));
#10155 = CARTESIAN_POINT('',(6.745968631376,2.174468008769,
    2.816992387883));
#10156 = CARTESIAN_POINT('',(6.723896330498,2.58592727801,2.355593109841
    ));
#10157 = CARTESIAN_POINT('',(6.711886855625,2.777771935223,
    2.076079118108));
#10158 = CARTESIAN_POINT('',(6.699880363739,2.932957234645,
    1.773215139221));
#10159 = CARTESIAN_POINT('',(6.687875346569,3.048241509086,
    1.453029868525));
#10160 = CARTESIAN_POINT('',(6.675867249957,3.121434139066,
    1.122008414964));
#10161 = CARTESIAN_POINT('',(6.65124586493,3.184013499435,0.435241398256
    ));
#10162 = CARTESIAN_POINT('',(6.638623773865,3.168933784839,
    7.883173309101E-02));
#10163 = CARTESIAN_POINT('',(6.626008499501,3.105886649397,
    -0.27379633019));
#10164 = CARTESIAN_POINT('',(6.613392533839,2.99612699228,-0.61478624876
    ));
#10165 = CARTESIAN_POINT('',(6.600769721379,2.842231410716,
    -0.936612672862));
#10166 = CARTESIAN_POINT('',(6.578597288014,2.502306948145,
    -1.456347118364));
#10167 = CARTESIAN_POINT('',(6.56904159755,2.333092143413,
    -1.665469002788));
#10168 = CARTESIAN_POINT('',(6.559487162254,2.143053581079,
    -1.85680337045));
#10169 = CARTESIAN_POINT('',(6.54993278265,1.934567194706,
    -2.027849810461));
#10170 = CARTESIAN_POINT('',(6.5403771451,1.710347241724,-2.176480222867
    ));
#10171 = CARTESIAN_POINT('',(6.521702795094,1.247444996315,
    -2.419993018125));
#10172 = CARTESIAN_POINT('',(6.512581777602,1.009827197436,
    -2.517038337087));
#10173 = CARTESIAN_POINT('',(6.503462200615,0.763368470258,
    -2.590768138438));
#10174 = CARTESIAN_POINT('',(6.494342837437,0.510923198205,
    -2.64025936617));
#10175 = CARTESIAN_POINT('',(6.485222164286,0.255447208419,
    -2.664999999999));
#10176 = CARTESIAN_POINT('',(6.476102283726,-2.867469015253E-15,-2.665)
  );
#10177 = ORIENTED_EDGE('',*,*,#10178,.T.);
#10178 = EDGE_CURVE('',#10142,#9734,#10179,.T.);
#10179 = B_SPLINE_CURVE_WITH_KNOTS('',1,(#10180,#10181),.UNSPECIFIED.,
  .F.,.F.,(2,2),(0.,0.659896538121),.PIECEWISE_BEZIER_KNOTS.);
#10180 = CARTESIAN_POINT('',(6.854999393875,-1.999463560557E-07,
    3.706383569376));
#10181 = CARTESIAN_POINT('',(6.52506066673,1.462419924608E-07,
    3.134890894573));
#10182 = ORIENTED_EDGE('',*,*,#9733,.T.);
#10183 = ORIENTED_EDGE('',*,*,#9624,.T.);
#10184 = ORIENTED_EDGE('',*,*,#10116,.F.);
#10185 = B_SPLINE_SURFACE_WITH_KNOTS('',1,9,(
    (#10186,#10187,#10188,#10189,#10190,#10191,#10192,#10193,#10194
      ,#10195,#10196,#10197,#10198,#10199,#10200,#10201,#10202,#10203
      ,#10204,#10205,#10206,#10207,#10208,#10209,#10210,#10211,#10212
      ,#10213,#10214,#10215,#10216)
    ,(#10217,#10218,#10219,#10220,#10221,#10222,#10223,#10224,#10225
      ,#10226,#10227,#10228,#10229,#10230,#10231,#10232,#10233,#10234
      ,#10235,#10236,#10237,#10238,#10239,#10240,#10241,#10242,#10243
      ,#10244,#10245,#10246,#10247
    )),.UNSPECIFIED.,.F.,.F.,.F.,(2,2),(10,7,7,7,10),(0.,0.659896538121)
  ,(0.,1.58079326614,3.161586532279,4.742379798419,6.323173064558),
  .UNSPECIFIED.);
#10186 = CARTESIAN_POINT('',(6.854999393875,-1.999463904457E-07,
    3.706383569376));
#10187 = CARTESIAN_POINT('',(6.835277135872,0.559620116137,
    3.706393168104));
#10188 = CARTESIAN_POINT('',(6.815554705432,1.11924218774,3.596590869038
    ));
#10189 = CARTESIAN_POINT('',(6.795832696274,1.654237342012,
    3.376741355138));
#10190 = CARTESIAN_POINT('',(6.776110579584,2.13982519849,3.053518944027
    ));
#10191 = CARTESIAN_POINT('',(6.756388302865,2.553548819158,
    2.639847720722));
#10192 = CARTESIAN_POINT('',(6.736666027243,2.876747743578,
    2.154203213589));
#10193 = CARTESIAN_POINT('',(6.716943767718,3.096520358078,
    1.619246247865));
#10194 = CARTESIAN_POINT('',(6.677499305198,3.316288181597,
    0.500005983464));
#10195 = CARTESIAN_POINT('',(6.63805490568,3.096514760328,
    -0.619241826731));
#10196 = CARTESIAN_POINT('',(6.618332711606,2.876745214794,
    -1.154207160687));
#10197 = CARTESIAN_POINT('',(6.598610491245,2.55355644348,
    -1.639857980803));
#10198 = CARTESIAN_POINT('',(6.57888824709,2.139858012294,
    -2.053563240737));
#10199 = CARTESIAN_POINT('',(6.559166005327,1.654207461199,
    -2.376756293466));
#10200 = CARTESIAN_POINT('',(6.539443781822,1.119242887742,
    -2.596515490206));
#10201 = CARTESIAN_POINT('',(6.499999347138,-2.319589705381E-07,
    -2.816272403585));
#10202 = CARTESIAN_POINT('',(6.460554912453,-1.119242330739,
    -2.596510290622));
#10203 = CARTESIAN_POINT('',(6.440832688953,-1.654205273376,
    -2.3767511957));
#10204 = CARTESIAN_POINT('',(6.421110447183,-2.139858590436,
    -2.05357096383));
#10205 = CARTESIAN_POINT('',(6.401388203025,-2.553567742408,
    -1.639872055631));
#10206 = CARTESIAN_POINT('',(6.381665982667,-2.876760659515,
    -1.15421410839));
#10207 = CARTESIAN_POINT('',(6.361943788601,-3.096515583918,
    -0.61924333778));
#10208 = CARTESIAN_POINT('',(6.322499389067,-3.316266251374,
    0.50000582358));
#10209 = CARTESIAN_POINT('',(6.283054926552,-3.096507418651,
    1.619244736807));
#10210 = CARTESIAN_POINT('',(6.263332667218,-2.876754352504,
    2.154206984565));
#10211 = CARTESIAN_POINT('',(6.24361039087,-2.553578163546,
    2.639849233495));
#10212 = CARTESIAN_POINT('',(6.223888115367,-2.139890979496,
    3.053585004643));
#10213 = CARTESIAN_POINT('',(6.204165997537,-1.654185101628,
    3.376755412504));
#10214 = CARTESIAN_POINT('',(6.184443988973,-1.119238822245,
    3.596486133113));
#10215 = CARTESIAN_POINT('',(6.164721558412,-0.559620519361,
    3.70639895071));
#10216 = CARTESIAN_POINT('',(6.144999300384,-2.032784485604E-07,
    3.706408550015));
#10217 = CARTESIAN_POINT('',(6.52506066673,1.462419588008E-07,
    3.134890894573));
#10218 = CARTESIAN_POINT('',(6.505338970749,0.459897573675,
    3.134900108422));
#10219 = CARTESIAN_POINT('',(6.485619810711,0.919737179072,
    3.044672203313));
#10220 = CARTESIAN_POINT('',(6.465894451349,1.359382687792,
    2.864018256434));
#10221 = CARTESIAN_POINT('',(6.446170686517,1.758439786463,
    2.598385624639));
#10222 = CARTESIAN_POINT('',(6.426449255982,2.09841253128,2.258444970735
    ));
#10223 = CARTESIAN_POINT('',(6.406727824541,2.364010413666,
    1.859363184132));
#10224 = CARTESIAN_POINT('',(6.387006149244,2.54461198292,1.419756602242
    ));
#10225 = CARTESIAN_POINT('',(6.347561970511,2.72521001518,0.500005786123
    ));
#10226 = CARTESIAN_POINT('',(6.308116865674,2.544606124534,
    -0.419754674122));
#10227 = CARTESIAN_POINT('',(6.288394229562,2.364005586941,
    -0.859371724536));
#10228 = CARTESIAN_POINT('',(6.268671979948,2.098419798701,
    -1.258460314148));
#10229 = CARTESIAN_POINT('',(6.248950080207,1.758459704793,
    -1.598426582185));
#10230 = CARTESIAN_POINT('',(6.229228145326,1.359372383336,
    -1.864015588871));
#10231 = CARTESIAN_POINT('',(6.20950594193,0.919756754032,
    -2.044606610905));
#10232 = CARTESIAN_POINT('',(6.170061353991,-6.021277767516E-07,
    -2.22519512515));
#10233 = CARTESIAN_POINT('',(6.130616766051,-0.919756921901,
    -2.044601332554));
#10234 = CARTESIAN_POINT('',(6.110894562659,-1.359370925611,
    -1.864010286917));
#10235 = CARTESIAN_POINT('',(6.091172627772,-1.758460845509,
    -1.598433555393));
#10236 = CARTESIAN_POINT('',(6.071450728028,-2.098431202158,
    -1.258473329275));
#10237 = CARTESIAN_POINT('',(6.051728478416,-2.364020884812,
    -0.859377780655));
#10238 = CARTESIAN_POINT('',(6.032005842312,-2.544607175358,
    -0.419755427932));
#10239 = CARTESIAN_POINT('',(5.99256073746,-2.725188828979,
    0.500006387741));
#10240 = CARTESIAN_POINT('',(5.953116558732,-2.54459922731,
    1.419755848424));
#10241 = CARTESIAN_POINT('',(5.933394883619,-2.364016421227,
    1.85936748304));
#10242 = CARTESIAN_POINT('',(5.913673451477,-2.098440392237,
    2.258447014374));
#10243 = CARTESIAN_POINT('',(5.893952022116,-1.758502753546,
    2.598449931882));
#10244 = CARTESIAN_POINT('',(5.874228256184,-1.359331563906,
    2.864032214041));
#10245 = CARTESIAN_POINT('',(5.854502897394,-0.919733221773,
    3.044571275939));
#10246 = CARTESIAN_POINT('',(5.83478373724,-0.459897232194,
    3.134905822403));
#10247 = CARTESIAN_POINT('',(5.815062041235,1.952390660561E-07,
    3.134915027699));
#10248 = ADVANCED_FACE('',(#10249),#10294,.F.);
#10249 = FACE_BOUND('',#10250,.F.);
#10250 = EDGE_LOOP('',(#10251,#10287,#10292,#10293));
#10251 = ORIENTED_EDGE('',*,*,#10252,.F.);
#10252 = EDGE_CURVE('',#10253,#9734,#10255,.T.);
#10253 = VERTEX_POINT('',#10254);
#10254 = CARTESIAN_POINT('',(7.235059292163,9.724330827549E-08,
    3.13486676146));
#10255 = B_SPLINE_CURVE_WITH_KNOTS('',9,(#10256,#10257,#10258,#10259,
    #10260,#10261,#10262,#10263,#10264,#10265,#10266,#10267,#10268,
    #10269,#10270,#10271,#10272,#10273,#10274,#10275,#10276,#10277,
    #10278,#10279,#10280,#10281,#10282,#10283,#10284,#10285,#10286),
  .UNSPECIFIED.,.F.,.F.,(10,7,7,7,10),(0.,1.58079326614,3.161586532279,
    4.742379798419,6.323173064558),.UNSPECIFIED.);
#10256 = CARTESIAN_POINT('',(7.235059292163,9.724330934549E-08,
    3.13486676146));
#10257 = CARTESIAN_POINT('',(7.215337596205,0.459893313559,3.13487598385
    ));
#10258 = CARTESIAN_POINT('',(7.195618436306,0.919728707002,
    3.044648913961));
#10259 = CARTESIAN_POINT('',(7.175893076801,1.359370192671,2.86399663034
    ));
#10260 = CARTESIAN_POINT('',(7.156169311901,1.758423642168,
    2.598366437848));
#10261 = CARTESIAN_POINT('',(7.136447881401,2.098393278966,
    2.258428903819));
#10262 = CARTESIAN_POINT('',(7.116726449996,2.363988736402,
    1.859350777542));
#10263 = CARTESIAN_POINT('',(7.097004774723,2.544588659725,1.41974822549
    ));
#10264 = CARTESIAN_POINT('',(7.057560596002,2.72518505503,0.500005836809
    ));
#10265 = CARTESIAN_POINT('',(7.018115491135,2.544582835537,
    -0.419746202804));
#10266 = CARTESIAN_POINT('',(6.998392855005,2.363983960148,
    -0.859359230188));
#10267 = CARTESIAN_POINT('',(6.97867060539,2.098400611805,
    -1.258444169369));
#10268 = CARTESIAN_POINT('',(6.958948705663,1.758443638064,
    -1.59840732987));
#10269 = CARTESIAN_POINT('',(6.939226770795,1.359359976959,
    -1.863993911473));
#10270 = CARTESIAN_POINT('',(6.9195045674,0.919748377427,-2.044583287683
    ));
#10271 = CARTESIAN_POINT('',(6.880059979454,-5.514502111769E-07,
    -2.225170165023));
#10272 = CARTESIAN_POINT('',(6.840615391508,-0.919748450658,
    -2.04457804354));
#10273 = CARTESIAN_POINT('',(6.820893188116,-1.359358431312,
    -1.863988660077));
#10274 = CARTESIAN_POINT('',(6.801171253244,-1.758444700736,
    -1.598414368477));
#10275 = CARTESIAN_POINT('',(6.781449353512,-2.09841194986,
    -1.258457262538));
#10276 = CARTESIAN_POINT('',(6.761727103901,-2.363999207461,
    -0.859365374228));
#10277 = CARTESIAN_POINT('',(6.742004467778,-2.544583852153,
    -0.419747051253));
#10278 = CARTESIAN_POINT('',(6.702559362896,-2.725163868832,
    0.500006337071));
#10279 = CARTESIAN_POINT('',(6.66311518418,-2.544575938324,
    1.419747377033));
#10280 = CARTESIAN_POINT('',(6.643393509091,-2.363994794521,
    1.859354988527));
#10281 = CARTESIAN_POINT('',(6.623672076985,-2.098421205319,
    2.258430869412));
#10282 = CARTESIAN_POINT('',(6.60395064766,-1.758486687286,
    2.598430679682));
#10283 = CARTESIAN_POINT('',(6.584226881658,-1.359319156713,
    2.864010537386));
#10284 = CARTESIAN_POINT('',(6.564501522727,-0.919724844344,
    3.044547952392));
#10285 = CARTESIAN_POINT('',(6.544782362711,-0.459893070073,
    3.134881680731));
#10286 = CARTESIAN_POINT('',(6.52506066673,1.462419924608E-07,
    3.134890894573));
#10287 = ORIENTED_EDGE('',*,*,#10288,.T.);
#10288 = EDGE_CURVE('',#10253,#9952,#10289,.T.);
#10289 = B_SPLINE_CURVE_WITH_KNOTS('',1,(#10290,#10291),.UNSPECIFIED.,
  .F.,.F.,(2,2),(0.,4.010346187924E-02),.PIECEWISE_BEZIER_KNOTS.);
#10290 = CARTESIAN_POINT('',(7.235059292163,9.724331746549E-08,
    3.13486676146));
#10291 = CARTESIAN_POINT('',(7.194955830288,9.79788890933E-08,
    3.134866194884));
#10292 = ORIENTED_EDGE('',*,*,#9951,.T.);
#10293 = ORIENTED_EDGE('',*,*,#9769,.F.);
#10294 = B_SPLINE_SURFACE_WITH_KNOTS('',1,9,(
    (#10295,#10296,#10297,#10298,#10299,#10300,#10301,#10302,#10303
      ,#10304,#10305,#10306,#10307,#10308,#10309,#10310,#10311,#10312
      ,#10313,#10314,#10315,#10316,#10317,#10318,#10319,#10320,#10321
      ,#10322,#10323,#10324,#10325)
    ,(#10326,#10327,#10328,#10329,#10330,#10331,#10332,#10333,#10334
      ,#10335,#10336,#10337,#10338,#10339,#10340,#10341,#10342,#10343
      ,#10344,#10345,#10346,#10347,#10348,#10349,#10350,#10351,#10352
      ,#10353,#10354,#10355,#10356
    )),.UNSPECIFIED.,.F.,.F.,.F.,(2,2),(10,7,7,7,10),(0.,
    4.010346187924E-02),(0.,1.58079326614,3.161586532279,4.742379798419,
    6.323173064558),.UNSPECIFIED.);
#10295 = CARTESIAN_POINT('',(7.235059292163,9.724330912549E-08,
    3.13486676146));
#10296 = CARTESIAN_POINT('',(7.215337596205,0.459893313559,3.13487598385
    ));
#10297 = CARTESIAN_POINT('',(7.195618436306,0.919728707002,
    3.044648913961));
#10298 = CARTESIAN_POINT('',(7.175893076801,1.359370192671,2.86399663034
    ));
#10299 = CARTESIAN_POINT('',(7.156169311901,1.758423642168,
    2.598366437847));
#10300 = CARTESIAN_POINT('',(7.136447881401,2.098393278966,
    2.258428903819));
#10301 = CARTESIAN_POINT('',(7.116726449996,2.363988736402,
    1.859350777542));
#10302 = CARTESIAN_POINT('',(7.097004774723,2.544588659725,1.41974822549
    ));
#10303 = CARTESIAN_POINT('',(7.057560596002,2.72518505503,0.500005836809
    ));
#10304 = CARTESIAN_POINT('',(7.018115491135,2.544582835537,
    -0.419746202804));
#10305 = CARTESIAN_POINT('',(6.998392855005,2.363983960148,
    -0.859359230188));
#10306 = CARTESIAN_POINT('',(6.97867060539,2.098400611805,
    -1.258444169369));
#10307 = CARTESIAN_POINT('',(6.958948705663,1.758443638064,
    -1.59840732987));
#10308 = CARTESIAN_POINT('',(6.939226770795,1.359359976959,
    -1.863993911473));
#10309 = CARTESIAN_POINT('',(6.9195045674,0.919748377427,-2.044583287683
    ));
#10310 = CARTESIAN_POINT('',(6.880059979454,-5.514502157969E-07,
    -2.225170165023));
#10311 = CARTESIAN_POINT('',(6.840615391508,-0.919748450658,
    -2.04457804354));
#10312 = CARTESIAN_POINT('',(6.820893188116,-1.359358431312,
    -1.863988660077));
#10313 = CARTESIAN_POINT('',(6.801171253244,-1.758444700736,
    -1.598414368477));
#10314 = CARTESIAN_POINT('',(6.781449353512,-2.09841194986,
    -1.258457262538));
#10315 = CARTESIAN_POINT('',(6.761727103901,-2.363999207461,
    -0.859365374228));
#10316 = CARTESIAN_POINT('',(6.742004467778,-2.544583852153,
    -0.419747051253));
#10317 = CARTESIAN_POINT('',(6.702559362896,-2.725163868832,
    0.500006337071));
#10318 = CARTESIAN_POINT('',(6.66311518418,-2.544575938324,
    1.419747377033));
#10319 = CARTESIAN_POINT('',(6.643393509091,-2.363994794521,
    1.859354988527));
#10320 = CARTESIAN_POINT('',(6.623672076985,-2.098421205319,
    2.258430869412));
#10321 = CARTESIAN_POINT('',(6.60395064766,-1.758486687286,
    2.598430679683));
#10322 = CARTESIAN_POINT('',(6.584226881658,-1.359319156713,
    2.864010537386));
#10323 = CARTESIAN_POINT('',(6.564501522727,-0.919724844344,
    3.044547952393));
#10324 = CARTESIAN_POINT('',(6.544782362711,-0.459893070073,
    3.134881680731));
#10325 = CARTESIAN_POINT('',(6.52506066673,1.462419926808E-07,
    3.134890894573));
#10326 = CARTESIAN_POINT('',(7.194955830288,9.79788809633E-08,
    3.134866194884));
#10327 = CARTESIAN_POINT('',(7.17523413433,0.459893206442,3.134875377707
    ));
#10328 = CARTESIAN_POINT('',(7.155514974434,0.9197284842,3.044648101131)
  );
#10329 = CARTESIAN_POINT('',(7.135789614928,1.35936976598,2.863996104852
    ));
#10330 = CARTESIAN_POINT('',(7.116065850023,1.758423365246,
    2.598366081882));
#10331 = CARTESIAN_POINT('',(7.096344419526,2.098392847165,
    2.258428494519));
#10332 = CARTESIAN_POINT('',(7.076622988121,2.363988195442,
    1.859350466527));
#10333 = CARTESIAN_POINT('',(7.056901312849,2.54458803611,1.419748006714
    ));
#10334 = CARTESIAN_POINT('',(7.017457134128,2.725184370548,
    0.500005836578));
#10335 = CARTESIAN_POINT('',(6.978012029261,2.544582240367,
    -0.419745990077));
#10336 = CARTESIAN_POINT('',(6.95828939313,2.363983437503,
    -0.859358925556));
#10337 = CARTESIAN_POINT('',(6.938567143514,2.098400142925,
    -1.258443785823));
#10338 = CARTESIAN_POINT('',(6.918845243788,1.758443226842,
    -1.598406853489));
#10339 = CARTESIAN_POINT('',(6.89912330892,1.359359653663,
    -1.863993346372));
#10340 = CARTESIAN_POINT('',(6.879401105525,0.919748160622,
    -2.044582680027));
#10341 = CARTESIAN_POINT('',(6.83995651758,-5.503945832991E-07,
    -2.225169525759));
#10342 = CARTESIAN_POINT('',(6.800511929633,-0.919748235965,
    -2.044577457392));
#10343 = CARTESIAN_POINT('',(6.780789726241,-1.359358116867,
    -1.863988116096));
#10344 = CARTESIAN_POINT('',(6.76106779137,-1.758444286977,
    -1.598413860376));
#10345 = CARTESIAN_POINT('',(6.741345891638,-2.098411434258,
    -1.258456821102));
#10346 = CARTESIAN_POINT('',(6.721623642027,-2.363998621026,
    -0.859365041117));
#10347 = CARTESIAN_POINT('',(6.701901005903,-2.54458325352,
    -0.419746832479));
#10348 = CARTESIAN_POINT('',(6.662455901021,-2.725163274785,
    0.500006337302));
#10349 = CARTESIAN_POINT('',(6.623011722305,-2.544575368135,
    1.419747164304));
#10350 = CARTESIAN_POINT('',(6.603290047217,-2.363994226406,
    1.85935466179));
#10351 = CARTESIAN_POINT('',(6.583568615113,-2.098420652637,
    2.258430453721));
#10352 = CARTESIAN_POINT('',(6.563847185786,-1.758486139252,
    2.598430051172));
#10353 = CARTESIAN_POINT('',(6.544123419785,-1.35931894562,2.86400995383
    ));
#10354 = CARTESIAN_POINT('',(6.524398060849,-0.919724635607,
    3.044547571401));
#10355 = CARTESIAN_POINT('',(6.504678900837,-0.459892961485,
    3.134881050708));
#10356 = CARTESIAN_POINT('',(6.484957204856,1.469776215886E-07,
    3.134890224983));
#10357 = ADVANCED_FACE('',(#10358),#10467,.T.);
#10358 = FACE_BOUND('',#10359,.T.);
#10359 = EDGE_LOOP('',(#10360,#10361,#10362,#10411,#10419,#10466));
#10360 = ORIENTED_EDGE('',*,*,#10127,.F.);
#10361 = ORIENTED_EDGE('',*,*,#10141,.F.);
#10362 = ORIENTED_EDGE('',*,*,#10363,.F.);
#10363 = EDGE_CURVE('',#10364,#10142,#10366,.T.);
#10364 = VERTEX_POINT('',#10365);
#10365 = CARTESIAN_POINT('',(7.186116657468,-2.70277873747E-15,-2.665));
#10366 = B_SPLINE_CURVE_WITH_KNOTS('',7,(#10367,#10368,#10369,#10370,
    #10371,#10372,#10373,#10374,#10375,#10376,#10377,#10378,#10379,
    #10380,#10381,#10382,#10383,#10384,#10385,#10386,#10387,#10388,
    #10389,#10390,#10391,#10392,#10393,#10394,#10395,#10396,#10397,
    #10398,#10399,#10400,#10401,#10402,#10403,#10404,#10405,#10406,
    #10407,#10408,#10409,#10410),.UNSPECIFIED.,.F.,.F.,(8,6,6,6,6,6,6,8)
  ,(0.,4.010336397783E-02,6.513197786428E-02,0.279128449901,
    0.521001961721,0.732895382688,0.89709396189,1.),.UNSPECIFIED.);
#10367 = CARTESIAN_POINT('',(7.186116657468,-3.14277873747E-15,-2.665));
#10368 = CARTESIAN_POINT('',(7.184083121176,-5.69592074916E-02,-2.665));
#10369 = CARTESIAN_POINT('',(7.182049573988,-0.113918445198,
    -2.663804082186));
#10370 = CARTESIAN_POINT('',(7.180016014776,-0.170847528539,
    -2.661412248155));
#10371 = CARTESIAN_POINT('',(7.177982442534,-0.227716333497,
    -2.657825446793));
#10372 = CARTESIAN_POINT('',(7.175948856386,-0.284494796622,
    -2.65304557428));
#10373 = CARTESIAN_POINT('',(7.173915255577,-0.341152915029,
    -2.647075474086));
#10374 = CARTESIAN_POINT('',(7.17061245438,-0.432927431102,
    -2.635452523528));
#10375 = CARTESIAN_POINT('',(7.169343261424,-0.468135640949,
    -2.630523979707));
#10376 = CARTESIAN_POINT('',(7.168074061567,-0.503278073694,
    -2.625134229858));
#10377 = CARTESIAN_POINT('',(7.166804855393,-0.53834746213,
    -2.619284339114));
#10378 = CARTESIAN_POINT('',(7.165535643113,-0.573336574085,
    -2.61297551339));
#10379 = CARTESIAN_POINT('',(7.164266424571,-0.608238212421,
    -2.606209099385));
#10380 = CARTESIAN_POINT('',(7.152145230171,-0.94064762308,
    -2.537233556857));
#10381 = CARTESIAN_POINT('',(7.14128915049,-1.231433784943,
    -2.442116113936));
#10382 = CARTESIAN_POINT('',(7.130435245674,-1.510724836643,
    -2.314565771489));
#10383 = CARTESIAN_POINT('',(7.119582831974,-1.774257662178,
    -2.156328242426));
#10384 = CARTESIAN_POINT('',(7.108728945068,-2.018110529884,
    -1.969758332535));
#10385 = CARTESIAN_POINT('',(7.097872984868,-2.238738914675,
    -1.757798416342));
#10386 = CARTESIAN_POINT('',(7.074756015481,-2.652826062935,
    -1.260044258842));
#10387 = CARTESIAN_POINT('',(7.062484763067,-2.83920853236,
    -0.967979574709));
#10388 = CARTESIAN_POINT('',(7.050220096367,-2.987755952955,
    -0.653244319048));
#10389 = CARTESIAN_POINT('',(7.03795774516,-3.095377640045,
    -0.321763273852));
#10390 = CARTESIAN_POINT('',(7.025693670826,-3.160042420283,
    2.020622277968E-02));
#10391 = CARTESIAN_POINT('',(7.013422689626,-3.180770397314,
    0.366054530507));
#10392 = CARTESIAN_POINT('',(6.990412416884,-3.138243935055,
    1.00914010336));
#10393 = CARTESIAN_POINT('',(6.979663059366,-3.085064464004,
    1.307335087281));
#10394 = CARTESIAN_POINT('',(6.968915349586,-2.998832943183,
    1.598806654642));
#10395 = CARTESIAN_POINT('',(6.958168656941,-2.880647097034,
    1.879219841755));
#10396 = CARTESIAN_POINT('',(6.947420498303,-2.732231615226,
    2.144482591402));
#10397 = CARTESIAN_POINT('',(6.93667082366,-2.55592280382,2.39078216559)
  );
#10398 = CARTESIAN_POINT('',(6.917599367297,-2.199017994075,
    2.788216149438));
#10399 = CARTESIAN_POINT('',(6.909272657127,-2.028261075905,
    2.948358006587));
#10400 = CARTESIAN_POINT('',(6.90094743877,-1.843978167024,
    3.093543706534));
#10401 = CARTESIAN_POINT('',(6.892623293502,-1.647753879189,
    3.222431211723));
#10402 = CARTESIAN_POINT('',(6.88429866597,-1.441315174582,
    3.333886142168));
#10403 = CARTESIAN_POINT('',(6.875972411304,-1.226523120405,
    3.426987246242));
#10404 = CARTESIAN_POINT('',(6.862427438704,-0.866801054832,
    3.547497867573));
#10405 = CARTESIAN_POINT('',(6.857208423764,-0.725708886438,
    3.586460381813));
#10406 = CARTESIAN_POINT('',(6.851988887465,-0.58259994888,
    3.617794011455));
#10407 = CARTESIAN_POINT('',(6.846768754478,-0.437969395477,
    3.641376290481));
#10408 = CARTESIAN_POINT('',(6.841548067618,-0.292319468862,
    3.657125331272));
#10409 = CARTESIAN_POINT('',(6.836327272174,-0.146158544611,
    3.664999984663));
#10410 = CARTESIAN_POINT('',(6.831107500231,-1.748777761451E-07,3.665));
#10411 = ORIENTED_EDGE('',*,*,#10412,.T.);
#10412 = EDGE_CURVE('',#10364,#10413,#10415,.T.);
#10413 = VERTEX_POINT('',#10414);
#10414 = CARTESIAN_POINT('',(7.243864262065,-2.728423825566E-15,-2.665)
  );
#10415 = LINE('',#10416,#10417);
#10416 = CARTESIAN_POINT('',(6.446202902092,-4.304191022488E-15,-2.665)
  );
#10417 = VECTOR('',#10418,1.);
#10418 = DIRECTION('',(1.,-8.840892098501E-16,4.4E-16));
#10419 = ORIENTED_EDGE('',*,*,#10420,.T.);
#10420 = EDGE_CURVE('',#10413,#9988,#10421,.T.);
#10421 = B_SPLINE_CURVE_WITH_KNOTS('',7,(#10422,#10423,#10424,#10425,
    #10426,#10427,#10428,#10429,#10430,#10431,#10432,#10433,#10434,
    #10435,#10436,#10437,#10438,#10439,#10440,#10441,#10442,#10443,
    #10444,#10445,#10446,#10447,#10448,#10449,#10450,#10451,#10452,
    #10453,#10454,#10455,#10456,#10457,#10458,#10459,#10460,#10461,
    #10462,#10463,#10464,#10465),.UNSPECIFIED.,.F.,.F.,(8,6,6,6,6,6,6,8)
  ,(0.,4.595125934906E-02,0.205957857659,0.279963356285,0.521680603634,
    0.733445268384,0.892630388128,1.),.UNSPECIFIED.);
#10422 = CARTESIAN_POINT('',(7.243864262065,-4.058423825566E-15,-2.665)
  );
#10423 = CARTESIAN_POINT('',(7.241533975631,-6.526635442293E-02,-2.665)
  );
#10424 = CARTESIAN_POINT('',(7.23920370248,-0.130532770551,
    -2.663429809751));
#10425 = CARTESIAN_POINT('',(7.236873444533,-0.195753816158,
    -2.660289431238));
#10426 = CARTESIAN_POINT('',(7.23454320359,-0.260884173737,
    -2.655580499775));
#10427 = CARTESIAN_POINT('',(7.232212981325,-0.325878640503,
    -2.649306284012));
#10428 = CARTESIAN_POINT('',(7.229882779295,-0.390692128391,
    -2.641471685927));
#10429 = CARTESIAN_POINT('',(7.219438692186,-0.680179525826,
    -2.599391793753));
#10430 = CARTESIAN_POINT('',(7.21132415903,-0.90236516042,
    -2.547856268211));
#10431 = CARTESIAN_POINT('',(7.203210534885,-1.119897808383,
    -2.47775133324));
#10432 = CARTESIAN_POINT('',(7.195097551492,-1.330929379314,
    -2.389602236673));
#10433 = CARTESIAN_POINT('',(7.186984278324,-1.53369555432,
    -2.284145946281));
#10434 = CARTESIAN_POINT('',(7.178870319535,-1.726523732454,
    -2.162327829556));
#10435 = CARTESIAN_POINT('',(7.167004562813,-1.991724685177,
    -1.961972071846));
#10436 = CARTESIAN_POINT('',(7.163252018269,-2.073138978653,
    -1.895360281685));
#10437 = CARTESIAN_POINT('',(7.159499422639,-2.151946774738,
    -1.825613357205));
#10438 = CARTESIAN_POINT('',(7.155746768375,-2.228003760257,
    -1.752854112503));
#10439 = CARTESIAN_POINT('',(7.151994050552,-2.301173235687,
    -1.67721332022));
#10440 = CARTESIAN_POINT('',(7.148241266867,-2.371326115154,
    -1.598829711543));
#10441 = CARTESIAN_POINT('',(7.132230836771,-2.657225144714,
    -1.253353430935));
#10442 = CARTESIAN_POINT('',(7.119965702568,-2.842757026451,
    -0.961009680283));
#10443 = CARTESIAN_POINT('',(7.107705423067,-2.990445761987,
    -0.646118277196));
#10444 = CARTESIAN_POINT('',(7.095446243086,-3.097221238435,
    -0.314600263926));
#10445 = CARTESIAN_POINT('',(7.083185534102,-3.161070422715,
    2.729427340406E-02));
#10446 = CARTESIAN_POINT('',(7.07092027996,-3.181030653748,
    0.372965519882));
#10447 = CARTESIAN_POINT('',(7.0479242103,-3.137177252997,1.015568566948
    ));
#10448 = CARTESIAN_POINT('',(7.037182950395,-3.083421432714,
    1.313476754008));
#10449 = CARTESIAN_POINT('',(7.026445006758,-2.996666524233,
    1.604602782075));
#10450 = CARTESIAN_POINT('',(7.015709171956,-2.87801681025,
    1.884621521293));
#10451 = CARTESIAN_POINT('',(7.004971537212,-2.729201778791,
    2.149451339285));
#10452 = CARTESIAN_POINT('',(6.994230424012,-2.552560718731,
    2.39529042447));
#10453 = CARTESIAN_POINT('',(6.975419410226,-2.199857840476,
    2.786694157895));
#10454 = CARTESIAN_POINT('',(6.967345645726,-2.034488402081,
    2.94206018831));
#10455 = CARTESIAN_POINT('',(6.959271892275,-1.856389685574,
    3.083393157994));
#10456 = CARTESIAN_POINT('',(6.951198061451,-1.667001812272,
    3.209466341806));
#10457 = CARTESIAN_POINT('',(6.943123844199,-1.467892029072,
    3.319236433556));
#10458 = CARTESIAN_POINT('',(6.935049678322,-1.260747742542,
    3.411848187219));
#10459 = CARTESIAN_POINT('',(6.921532656249,-0.903481670271,
    3.537137218258));
#10460 = CARTESIAN_POINT('',(6.916088287684,-0.756732966851,
    3.579515389425));
#10461 = CARTESIAN_POINT('',(6.91064455205,-0.607695248615,
    3.613611782879));
#10462 = CARTESIAN_POINT('',(6.90520148971,-0.456929571026,
    3.639281328522));
#10463 = CARTESIAN_POINT('',(6.899758892957,-0.305005782704,
    3.65642699019));
#10464 = CARTESIAN_POINT('',(6.894316293327,-0.15250134697,3.66499998455
    ));
#10465 = CARTESIAN_POINT('',(6.88887294891,-1.633906569108E-07,3.665));
#10466 = ORIENTED_EDGE('',*,*,#9994,.T.);
#10467 = CYLINDRICAL_SURFACE('',#10468,3.165);
#10468 = AXIS2_PLACEMENT_3D('',#10469,#10470,#10471);
#10469 = CARTESIAN_POINT('',(6.446202902092,-2.854191022488E-15,0.5));
#10470 = DIRECTION('',(1.,-5.540892098501E-16,4.4E-16));
#10471 = DIRECTION('',(4.4E-16,7.E-17,-1.));
#10472 = ADVANCED_FACE('',(#10473),#10555,.F.);
#10473 = FACE_BOUND('',#10474,.F.);
#10474 = EDGE_LOOP('',(#10475,#10511,#10518,#10553,#10554));
#10475 = ORIENTED_EDGE('',*,*,#10476,.F.);
#10476 = EDGE_CURVE('',#10477,#9952,#10479,.T.);
#10477 = VERTEX_POINT('',#10478);
#10478 = CARTESIAN_POINT('',(7.904954455659,4.897832697799E-08,
    3.134842164813));
#10479 = B_SPLINE_CURVE_WITH_KNOTS('',9,(#10480,#10481,#10482,#10483,
    #10484,#10485,#10486,#10487,#10488,#10489,#10490,#10491,#10492,
    #10493,#10494,#10495,#10496,#10497,#10498,#10499,#10500,#10501,
    #10502,#10503,#10504,#10505,#10506,#10507,#10508,#10509,#10510),
  .UNSPECIFIED.,.F.,.F.,(10,7,7,7,10),(0.,1.58079326614,3.161586532279,
    4.742379798419,6.323173064558),.UNSPECIFIED.);
#10480 = CARTESIAN_POINT('',(7.904954455659,4.897832570799E-08,
    3.134842164813));
#10481 = CARTESIAN_POINT('',(7.885232759725,0.459888964303,
    3.134851356171));
#10482 = CARTESIAN_POINT('',(7.865513599965,0.919720048097,
    3.044624911285));
#10483 = CARTESIAN_POINT('',(7.845788240319,1.359357324017,
    2.863974571201));
#10484 = CARTESIAN_POINT('',(7.826064475343,1.758407289709,
    2.598346977148));
#10485 = CARTESIAN_POINT('',(7.806343044884,2.098373676908,
    2.258412496369));
#10486 = CARTESIAN_POINT('',(7.786621613513,2.363966610621,
    1.859338113096));
#10487 = CARTESIAN_POINT('',(7.766899938266,2.544564812419,
    1.419739665931));
#10488 = CARTESIAN_POINT('',(7.727455759557,2.725159516965,
    0.500005887266));
#10489 = CARTESIAN_POINT('',(7.68801065466,2.544559050875,
    -0.419737554723));
#10490 = CARTESIAN_POINT('',(7.668288018511,2.363961903155,
    -0.859346484363));
#10491 = CARTESIAN_POINT('',(7.648565768893,2.098381038088,
    -1.258427709805));
#10492 = CARTESIAN_POINT('',(7.628843869183,1.75842722888,-1.59838768323
    ));
#10493 = CARTESIAN_POINT('',(7.609121934327,1.359347300445,
    -1.863971761416));
#10494 = CARTESIAN_POINT('',(7.589399730933,0.919739819986,
    -2.04455945631));
#10495 = CARTESIAN_POINT('',(7.549955142981,-4.997145228144E-07,
    -2.2251446722));
#10496 = CARTESIAN_POINT('',(7.510510555028,-0.919739800685,
    -2.044554267885));
#10497 = CARTESIAN_POINT('',(7.490788351637,-1.359345675722,
    -1.863966581701));
#10498 = CARTESIAN_POINT('',(7.471066416778,-1.758428210966,
    -1.59839475552));
#10499 = CARTESIAN_POINT('',(7.451344517062,-2.098392264017,
    -1.258440823132));
#10500 = CARTESIAN_POINT('',(7.431622267449,-2.363977036117,
    -0.859352687849));
#10501 = CARTESIAN_POINT('',(7.411899631306,-2.54456002982,
    -0.419738491769));
#10502 = CARTESIAN_POINT('',(7.372454526395,-2.725138421205,
    0.50000628663));
#10503 = CARTESIAN_POINT('',(7.33301034769,-2.544552178655,
    1.419738728877));
#10504 = CARTESIAN_POINT('',(7.313288672627,-2.363972692144,
    1.859342220433));
#10505 = CARTESIAN_POINT('',(7.293567240558,-2.098401547779,
    2.258414377524));
#10506 = CARTESIAN_POINT('',(7.273845811268,-1.758470141757,
    2.598410881026));
#10507 = CARTESIAN_POINT('',(7.254122045196,-1.35930659159,
    2.863988369617));
#10508 = CARTESIAN_POINT('',(7.23439668612,-0.919716294151,
    3.044524347362));
#10509 = CARTESIAN_POINT('',(7.214677526245,-0.459888817345,
    3.134857012072));
#10510 = CARTESIAN_POINT('',(7.194955830288,9.79788890933E-08,
    3.134866194884));
#10511 = ORIENTED_EDGE('',*,*,#10512,.T.);
#10512 = EDGE_CURVE('',#10477,#10513,#10515,.T.);
#10513 = VERTEX_POINT('',#10514);
#10514 = CARTESIAN_POINT('',(7.598859515843,-1.638584458861E-07,3.665));
#10515 = B_SPLINE_CURVE_WITH_KNOTS('',1,(#10516,#10517),.UNSPECIFIED.,
  .F.,.F.,(2,2),(0.,0.659896538121),.PIECEWISE_BEZIER_KNOTS.);
#10516 = CARTESIAN_POINT('',(7.904954455659,4.897837201799E-08,
    3.134842164813));
#10517 = CARTESIAN_POINT('',(7.574999580711,-1.804489611155E-07,
    3.706325516733));
#10518 = ORIENTED_EDGE('',*,*,#10519,.T.);
#10519 = EDGE_CURVE('',#10513,#10413,#10520,.T.);
#10520 = B_SPLINE_CURVE_WITH_KNOTS('',6,(#10521,#10522,#10523,#10524,
    #10525,#10526,#10527,#10528,#10529,#10530,#10531,#10532,#10533,
    #10534,#10535,#10536,#10537,#10538,#10539,#10540,#10541,#10542,
    #10543,#10544,#10545,#10546,#10547,#10548,#10549,#10550,#10551,
    #10552),.UNSPECIFIED.,.F.,.F.,(7,5,5,5,5,5,7),(0.,0.101550564327,
    0.265382211669,0.474325756571,0.682122136358,0.84367702069,1.),
  .UNSPECIFIED.);
#10521 = CARTESIAN_POINT('',(7.598859515843,-1.638584922161E-07,3.665));
#10522 = CARTESIAN_POINT('',(7.592853046744,0.168278531843,
    3.665000000351));
#10523 = CARTESIAN_POINT('',(7.586850196395,0.336560803537,
    3.654263182885));
#10524 = CARTESIAN_POINT('',(7.580846811134,0.503982700443,
    3.632789921683));
#10525 = CARTESIAN_POINT('',(7.574841498555,0.669691893524,3.6006712042)
  );
#10526 = CARTESIAN_POINT('',(7.568834425262,0.832850621315,
    3.558088043231));
#10527 = CARTESIAN_POINT('',(7.553132899891,1.250424831243,
    3.420165442412));
#10528 = CARTESIAN_POINT('',(7.543434839844,1.499483577737,
    3.308473245212));
#10529 = CARTESIAN_POINT('',(7.533736737981,1.736313761662,
    3.171375777873));
#10530 = CARTESIAN_POINT('',(7.524040643141,1.957759139864,
    3.010607975184));
#10531 = CARTESIAN_POINT('',(7.514344906673,2.16095248717,2.828349831425
    ));
#10532 = CARTESIAN_POINT('',(7.492290421048,2.57615142398,2.370975683145
    ));
#10533 = CARTESIAN_POINT('',(7.479926756548,2.77530694345,2.083966186673
    ));
#10534 = CARTESIAN_POINT('',(7.467569984111,2.935638434669,
    1.772012843666));
#10535 = CARTESIAN_POINT('',(7.45521158366,3.053600564141,1.441701034494
    ));
#10536 = CARTESIAN_POINT('',(7.442846363726,3.126813255647,
    1.100120700395));
#10537 = CARTESIAN_POINT('',(7.418190509995,3.182453810488,
    0.411790133461));
#10538 = CARTESIAN_POINT('',(7.405890963982,3.165398522428,
    6.482377395465E-02));
#10539 = CARTESIAN_POINT('',(7.393595890319,3.10287305939,-0.27829423577
    ));
#10540 = CARTESIAN_POINT('',(7.381301502916,2.996056420301,
    -0.610302793966));
#10541 = CARTESIAN_POINT('',(7.369002743758,2.847336129502,
    -0.924243781211));
#10542 = CARTESIAN_POINT('',(7.347150852194,2.515933173253,
    -1.43880751027));
#10543 = CARTESIAN_POINT('',(7.337591832385,2.348112117135,
    -1.649195682877));
#10544 = CARTESIAN_POINT('',(7.328034487242,2.15932597037,
    -1.841927050515));
#10545 = CARTESIAN_POINT('',(7.318477062841,1.951936251968,
    -2.014481546961));
#10546 = CARTESIAN_POINT('',(7.308917914578,1.728645871846,
    -2.164709680552));
#10547 = CARTESIAN_POINT('',(7.290111206645,1.264145277772,
    -2.413119314602));
#10548 = CARTESIAN_POINT('',(7.280861298208,1.023692398469,
    -2.512859368476));
#10549 = CARTESIAN_POINT('',(7.27161241297,0.774024279332,
    -2.588663961214));
#10550 = CARTESIAN_POINT('',(7.262363337089,0.518113606359,
    -2.639558248377));
#10551 = CARTESIAN_POINT('',(7.253113142699,0.259041426218,-2.665));
#10552 = CARTESIAN_POINT('',(7.243864262065,-3.898423825566E-15,-2.665)
  );
#10553 = ORIENTED_EDGE('',*,*,#10420,.T.);
#10554 = ORIENTED_EDGE('',*,*,#9987,.F.);
#10555 = B_SPLINE_SURFACE_WITH_KNOTS('',1,9,(
    (#10556,#10557,#10558,#10559,#10560,#10561,#10562,#10563,#10564
      ,#10565,#10566,#10567,#10568,#10569,#10570,#10571,#10572,#10573
      ,#10574,#10575,#10576,#10577,#10578,#10579,#10580,#10581,#10582
      ,#10583,#10584,#10585,#10586)
    ,(#10587,#10588,#10589,#10590,#10591,#10592,#10593,#10594,#10595
      ,#10596,#10597,#10598,#10599,#10600,#10601,#10602,#10603,#10604
      ,#10605,#10606,#10607,#10608,#10609,#10610,#10611,#10612,#10613
      ,#10614,#10615,#10616,#10617
    )),.UNSPECIFIED.,.F.,.F.,.F.,(2,2),(10,7,7,7,10),(0.,0.659896538121)
  ,(0.,1.58079326614,3.161586532279,4.742379798419,6.323173064558),
  .UNSPECIFIED.);
#10556 = CARTESIAN_POINT('',(7.904954455659,4.897832570799E-08,
    3.134842164813));
#10557 = CARTESIAN_POINT('',(7.885232759725,0.459888964303,
    3.134851356171));
#10558 = CARTESIAN_POINT('',(7.865513599965,0.919720048097,
    3.044624911285));
#10559 = CARTESIAN_POINT('',(7.845788240319,1.359357324017,
    2.863974571201));
#10560 = CARTESIAN_POINT('',(7.826064475343,1.758407289709,
    2.598346977148));
#10561 = CARTESIAN_POINT('',(7.806343044884,2.098373676908,
    2.258412496369));
#10562 = CARTESIAN_POINT('',(7.786621613513,2.363966610621,
    1.859338113096));
#10563 = CARTESIAN_POINT('',(7.766899938266,2.544564812419,
    1.419739665931));
#10564 = CARTESIAN_POINT('',(7.727455759557,2.725159516965,
    0.500005887266));
#10565 = CARTESIAN_POINT('',(7.68801065466,2.544559050875,
    -0.419737554723));
#10566 = CARTESIAN_POINT('',(7.668288018511,2.363961903155,
    -0.859346484363));
#10567 = CARTESIAN_POINT('',(7.648565768893,2.098381038088,
    -1.258427709805));
#10568 = CARTESIAN_POINT('',(7.628843869183,1.75842722888,-1.59838768323
    ));
#10569 = CARTESIAN_POINT('',(7.609121934327,1.359347300445,
    -1.863971761416));
#10570 = CARTESIAN_POINT('',(7.589399730933,0.919739819986,
    -2.04455945631));
#10571 = CARTESIAN_POINT('',(7.549955142981,-4.997145228144E-07,
    -2.2251446722));
#10572 = CARTESIAN_POINT('',(7.510510555028,-0.919739800685,
    -2.044554267885));
#10573 = CARTESIAN_POINT('',(7.490788351637,-1.359345675722,
    -1.863966581701));
#10574 = CARTESIAN_POINT('',(7.471066416778,-1.758428210966,
    -1.59839475552));
#10575 = CARTESIAN_POINT('',(7.451344517062,-2.098392264017,
    -1.258440823132));
#10576 = CARTESIAN_POINT('',(7.431622267449,-2.363977036117,
    -0.859352687849));
#10577 = CARTESIAN_POINT('',(7.411899631306,-2.54456002982,
    -0.419738491769));
#10578 = CARTESIAN_POINT('',(7.372454526395,-2.725138421205,
    0.50000628663));
#10579 = CARTESIAN_POINT('',(7.33301034769,-2.544552178655,
    1.419738728877));
#10580 = CARTESIAN_POINT('',(7.313288672627,-2.363972692144,
    1.859342220433));
#10581 = CARTESIAN_POINT('',(7.293567240558,-2.098401547779,
    2.258414377524));
#10582 = CARTESIAN_POINT('',(7.273845811268,-1.758470141757,
    2.598410881026));
#10583 = CARTESIAN_POINT('',(7.254122045196,-1.35930659159,
    2.863988369617));
#10584 = CARTESIAN_POINT('',(7.23439668612,-0.919716294151,
    3.044524347362));
#10585 = CARTESIAN_POINT('',(7.214677526245,-0.459888817345,
    3.134857012072));
#10586 = CARTESIAN_POINT('',(7.194955830288,9.79788890933E-08,
    3.134866194884));
#10587 = CARTESIAN_POINT('',(7.574999580711,-1.804490075055E-07,
    3.706325516733));
#10588 = CARTESIAN_POINT('',(7.555277322765,0.559609848835,
    3.706334423639));
#10589 = CARTESIAN_POINT('',(7.535554892657,1.119221491691,
    3.596530165544));
#10590 = CARTESIAN_POINT('',(7.515832883177,1.654205051034,
    3.376688969122));
#10591 = CARTESIAN_POINT('',(7.496110766273,2.139788228383,3.05347436936
    ));
#10592 = CARTESIAN_POINT('',(7.476388489688,2.553502929448,
    2.639808428064));
#10593 = CARTESIAN_POINT('',(7.456666214125,2.876695093147,
    2.154172930977));
#10594 = CARTESIAN_POINT('',(7.436943954668,3.096462962672,
    1.619225610583));
#10595 = CARTESIAN_POINT('',(7.397499492177,3.316226420389,
    0.500005972572));
#10596 = CARTESIAN_POINT('',(7.358055092586,3.096457856743,
    -0.619221308022));
#10597 = CARTESIAN_POINT('',(7.338332898466,2.876692877002,
    -1.154177001752));
#10598 = CARTESIAN_POINT('',(7.318610678102,2.553509897708,
    -1.639819148633));
#10599 = CARTESIAN_POINT('',(7.298888433984,2.139818686459,
    -2.053516572883));
#10600 = CARTESIAN_POINT('',(7.279166192251,1.654176964653,
    -2.376703221386));
#10601 = CARTESIAN_POINT('',(7.259443968748,1.119222285157,
    -2.596458373289));
#10602 = CARTESIAN_POINT('',(7.219999534049,-2.204195564478E-07,
    -2.816211431693));
#10603 = CARTESIAN_POINT('',(7.180555099348,-1.119221777877,
    -2.596453544488));
#10604 = CARTESIAN_POINT('',(7.160832875849,-1.654174943255,
    -2.37669848541));
#10605 = CARTESIAN_POINT('',(7.141110634112,-2.139819230928,
    -2.053523733417));
#10606 = CARTESIAN_POINT('',(7.121388389989,-2.553520390001,
    -1.639832202422));
#10607 = CARTESIAN_POINT('',(7.101666169629,-2.876707215166,
    -1.154183440416));
#10608 = CARTESIAN_POINT('',(7.081943975516,-3.096458624533,
    -0.619222700677));
#10609 = CARTESIAN_POINT('',(7.042499575911,-3.316206068691,
    0.50000583451));
#10610 = CARTESIAN_POINT('',(7.003055113424,-3.096450951137,
    1.61922421792));
#10611 = CARTESIAN_POINT('',(6.983332854144,-2.876701221222,
    2.154176439467));
#10612 = CARTESIAN_POINT('',(6.963610577909,-2.553530154988,
    2.639809839891));
#10613 = CARTESIAN_POINT('',(6.94388830245,-2.139849266571,
    3.053535681625));
#10614 = CARTESIAN_POINT('',(6.92416618449,-1.654156561939,
    3.376702019795));
#10615 = CARTESIAN_POINT('',(6.90444417556,-1.119218358816,
    3.596432971937));
#10616 = CARTESIAN_POINT('',(6.88472174534,-0.55961021306,3.706339791758
    ));
#10617 = CARTESIAN_POINT('',(6.864999487371,-1.837766251702E-07,
    3.706348699247));
#10618 = ADVANCED_FACE('',(#10619),#10666,.F.);
#10619 = FACE_BOUND('',#10620,.F.);
#10620 = EDGE_LOOP('',(#10621,#10658,#10663,#10664,#10665));
#10621 = ORIENTED_EDGE('',*,*,#10622,.F.);
#10622 = EDGE_CURVE('',#10623,#10364,#10625,.T.);
#10623 = VERTEX_POINT('',#10624);
#10624 = CARTESIAN_POINT('',(7.541121874027,-1.753494688604E-07,3.665));
#10625 = B_SPLINE_CURVE_WITH_KNOTS('',6,(#10626,#10627,#10628,#10629,
    #10630,#10631,#10632,#10633,#10634,#10635,#10636,#10637,#10638,
    #10639,#10640,#10641,#10642,#10643,#10644,#10645,#10646,#10647,
    #10648,#10649,#10650,#10651,#10652,#10653,#10654,#10655,#10656,
    #10657),.UNSPECIFIED.,.F.,.F.,(7,5,5,5,5,5,7),(0.,9.800523775687E-02
    ,0.268199911577,0.471076786282,0.684363060723,0.845930791203,1.),
  .UNSPECIFIED.);
#10626 = CARTESIAN_POINT('',(7.541121874027,-1.753494770804E-07,3.665));
#10627 = CARTESIAN_POINT('',(7.535321991063,0.162403370272,
    3.665000000929));
#10628 = CARTESIAN_POINT('',(7.529518318805,0.324809520808,
    3.654999847352));
#10629 = CARTESIAN_POINT('',(7.523715239048,0.486442598019,
    3.634999907154));
#10630 = CARTESIAN_POINT('',(7.517913925639,0.646536371013,
    3.605079065888));
#10631 = CARTESIAN_POINT('',(7.512114097839,0.804336653657,
    3.565394338802));
#10632 = CARTESIAN_POINT('',(7.496246476233,1.227870775593,
    3.430716314299));
#10633 = CARTESIAN_POINT('',(7.486179697412,1.487544009475,
    3.316498453611));
#10634 = CARTESIAN_POINT('',(7.476117108366,1.734176107718,3.1747633334)
  );
#10635 = CARTESIAN_POINT('',(7.466052155181,1.964221742254,
    3.007445651189));
#10636 = CARTESIAN_POINT('',(7.455983003692,2.174468039351,
    2.816992360192));
#10637 = CARTESIAN_POINT('',(7.433910702033,2.585927315929,
    2.355593059449));
#10638 = CARTESIAN_POINT('',(7.421901226656,2.777771975231,
    2.076079052318));
#10639 = CARTESIAN_POINT('',(7.409894734257,2.932957273226,
    1.773215056937));
#10640 = CARTESIAN_POINT('',(7.397889716583,3.048241542496,
    1.453029769472));
#10641 = CARTESIAN_POINT('',(7.385881619478,3.12143416349,1.122008299709
    ));
#10642 = CARTESIAN_POINT('',(7.361259961581,3.184014189082,
    0.435233669222));
#10643 = CARTESIAN_POINT('',(7.348637597672,3.168933117158,
    7.881620615814E-02));
#10644 = CARTESIAN_POINT('',(7.336022051126,3.105882531514,
    -0.273819307155));
#10645 = CARTESIAN_POINT('',(7.323405813171,2.996117463594,
    -0.614815826266));
#10646 = CARTESIAN_POINT('',(7.31078272773,2.84221473842,-0.936647534082
    ));
#10647 = CARTESIAN_POINT('',(7.288605264746,2.502205624857,
    -1.456494939852));
#10648 = CARTESIAN_POINT('',(7.279044813627,2.332892170328,
    -1.665711149146));
#10649 = CARTESIAN_POINT('',(7.269485621204,2.142735430506,
    -1.857120313172));
#10650 = CARTESIAN_POINT('',(7.259926484837,1.934115182581,
    -2.028218555347));
#10651 = CARTESIAN_POINT('',(7.250366087373,1.709750099126,
    -2.176875043349));
#10652 = CARTESIAN_POINT('',(7.231692012267,1.246789597392,
    -2.420260600996));
#10653 = CARTESIAN_POINT('',(7.222576028315,1.009283357915,
    -2.517200990438));
#10654 = CARTESIAN_POINT('',(7.213461481473,0.76295066359,
    -2.590850028235));
#10655 = CARTESIAN_POINT('',(7.204347147878,0.510641317521,
    -2.64028665056));
#10656 = CARTESIAN_POINT('',(7.195231507941,0.255306316145,-2.665));
#10657 = CARTESIAN_POINT('',(7.186116657468,-3.29277873747E-15,-2.665));
#10658 = ORIENTED_EDGE('',*,*,#10659,.T.);
#10659 = EDGE_CURVE('',#10623,#10253,#10660,.T.);
#10660 = B_SPLINE_CURVE_WITH_KNOTS('',1,(#10661,#10662),.UNSPECIFIED.,
  .F.,.F.,(2,2),(0.,0.659896538121),.PIECEWISE_BEZIER_KNOTS.);
#10661 = CARTESIAN_POINT('',(7.564999487302,-1.96615920891E-07,
    3.706358588747));
#10662 = CARTESIAN_POINT('',(7.235059292163,9.724331724549E-08,
    3.13486676146));
#10663 = ORIENTED_EDGE('',*,*,#10252,.T.);
#10664 = ORIENTED_EDGE('',*,*,#10178,.F.);
#10665 = ORIENTED_EDGE('',*,*,#10363,.F.);
#10666 = B_SPLINE_SURFACE_WITH_KNOTS('',1,9,(
    (#10667,#10668,#10669,#10670,#10671,#10672,#10673,#10674,#10675
      ,#10676,#10677,#10678,#10679,#10680,#10681,#10682,#10683,#10684
      ,#10685,#10686,#10687,#10688,#10689,#10690,#10691,#10692,#10693
      ,#10694,#10695,#10696,#10697)
    ,(#10698,#10699,#10700,#10701,#10702,#10703,#10704,#10705,#10706
      ,#10707,#10708,#10709,#10710,#10711,#10712,#10713,#10714,#10715
      ,#10716,#10717,#10718,#10719,#10720,#10721,#10722,#10723,#10724
      ,#10725,#10726,#10727,#10728
    )),.UNSPECIFIED.,.F.,.F.,.F.,(2,2),(10,7,7,7,10),(0.,0.659896538121)
  ,(0.,1.58079326614,3.161586532279,4.742379798419,6.323173064558),
  .UNSPECIFIED.);
#10667 = CARTESIAN_POINT('',(7.564999487302,-1.96615928631E-07,
    3.706358588747));
#10668 = CARTESIAN_POINT('',(7.545277229323,0.559615760462,
    3.706368186886));
#10669 = CARTESIAN_POINT('',(7.525554799026,1.119233470344,
    3.596566742942));
#10670 = CARTESIAN_POINT('',(7.505832789721,1.654224456579,
    3.376718941686));
#10671 = CARTESIAN_POINT('',(7.48611067296,2.139808530274,3.053499047352
    ));
#10672 = CARTESIAN_POINT('',(7.466388396277,2.553528926804,
    2.639831046517));
#10673 = CARTESIAN_POINT('',(7.446666120692,2.876725332931,
    2.154190322807));
#10674 = CARTESIAN_POINT('',(7.426943861193,3.096496234679,
    1.619237524737));
#10675 = CARTESIAN_POINT('',(7.387499398686,3.31626234489,0.500005980027
    ));
#10676 = CARTESIAN_POINT('',(7.348054999137,3.096490634593,
    -0.619233110112));
#10677 = CARTESIAN_POINT('',(7.328332805043,2.876722800618,
    -1.154194276051));
#10678 = CARTESIAN_POINT('',(7.308610584681,2.5535365467,-1.639841312091
    ));
#10679 = CARTESIAN_POINT('',(7.288888340542,2.139841338284,
    -2.053543348383));
#10680 = CARTESIAN_POINT('',(7.269166098791,1.654194570638,
    -2.376733882679));
#10681 = CARTESIAN_POINT('',(7.249443875287,1.119234164767,
    -2.596491366779));
#10682 = CARTESIAN_POINT('',(7.209999440597,-2.354038502334E-07,
    -2.816246566901));
#10683 = CARTESIAN_POINT('',(7.170555005905,-1.119233614198,
    -2.59648616487));
#10684 = CARTESIAN_POINT('',(7.150832782405,-1.654192388791,
    -2.376728781476));
#10685 = CARTESIAN_POINT('',(7.131110540651,-2.139841921732,
    -2.053551067032));
#10686 = CARTESIAN_POINT('',(7.111388296505,-2.553547850073,
    -1.639855381614));
#10687 = CARTESIAN_POINT('',(7.091666076148,-2.876738248777,
    -1.154201217778));
#10688 = CARTESIAN_POINT('',(7.071943882061,-3.096491460509,
    -0.619234614728));
#10689 = CARTESIAN_POINT('',(7.032499482497,-3.316240414667,
    0.500005827033));
#10690 = CARTESIAN_POINT('',(6.993055019994,-3.096483292927,
    1.619236020113));
#10691 = CARTESIAN_POINT('',(6.973332760687,-2.87673193842,2.15419409976
    ));
#10692 = CARTESIAN_POINT('',(6.953610484374,-2.553558266747,
    2.639832564595));
#10693 = CARTESIAN_POINT('',(6.933888208909,-2.139874305977,
    3.053565112414));
#10694 = CARTESIAN_POINT('',(6.914166091006,-1.654172210219,
    3.376733002489));
#10695 = CARTESIAN_POINT('',(6.894444082297,-1.119230098417,
    3.596462009343));
#10696 = CARTESIAN_POINT('',(6.874721651878,-0.559616157024,
    3.706373970655));
#10697 = CARTESIAN_POINT('',(6.854999393875,-1.999463560557E-07,
    3.706383569376));
#10698 = CARTESIAN_POINT('',(7.235059292163,9.724330934549E-08,
    3.13486676146));
#10699 = CARTESIAN_POINT('',(7.215337596205,0.459893313559,3.13487598385
    ));
#10700 = CARTESIAN_POINT('',(7.195618436306,0.919728707002,
    3.044648913961));
#10701 = CARTESIAN_POINT('',(7.175893076801,1.359370192671,2.86399663034
    ));
#10702 = CARTESIAN_POINT('',(7.156169311901,1.758423642168,
    2.598366437848));
#10703 = CARTESIAN_POINT('',(7.136447881401,2.098393278966,
    2.258428903819));
#10704 = CARTESIAN_POINT('',(7.116726449996,2.363988736402,
    1.859350777542));
#10705 = CARTESIAN_POINT('',(7.097004774723,2.544588659725,1.41974822549
    ));
#10706 = CARTESIAN_POINT('',(7.057560596002,2.72518505503,0.500005836809
    ));
#10707 = CARTESIAN_POINT('',(7.018115491135,2.544582835537,
    -0.419746202804));
#10708 = CARTESIAN_POINT('',(6.998392855005,2.363983960148,
    -0.859359230188));
#10709 = CARTESIAN_POINT('',(6.97867060539,2.098400611805,
    -1.258444169369));
#10710 = CARTESIAN_POINT('',(6.958948705663,1.758443638064,
    -1.59840732987));
#10711 = CARTESIAN_POINT('',(6.939226770795,1.359359976959,
    -1.863993911473));
#10712 = CARTESIAN_POINT('',(6.9195045674,0.919748377427,-2.044583287683
    ));
#10713 = CARTESIAN_POINT('',(6.880059979454,-5.514502111769E-07,
    -2.225170165023));
#10714 = CARTESIAN_POINT('',(6.840615391508,-0.919748450658,
    -2.04457804354));
#10715 = CARTESIAN_POINT('',(6.820893188116,-1.359358431312,
    -1.863988660077));
#10716 = CARTESIAN_POINT('',(6.801171253244,-1.758444700736,
    -1.598414368477));
#10717 = CARTESIAN_POINT('',(6.781449353512,-2.09841194986,
    -1.258457262538));
#10718 = CARTESIAN_POINT('',(6.761727103901,-2.363999207461,
    -0.859365374228));
#10719 = CARTESIAN_POINT('',(6.742004467778,-2.544583852153,
    -0.419747051253));
#10720 = CARTESIAN_POINT('',(6.702559362896,-2.725163868832,
    0.500006337071));
#10721 = CARTESIAN_POINT('',(6.66311518418,-2.544575938324,
    1.419747377033));
#10722 = CARTESIAN_POINT('',(6.643393509091,-2.363994794521,
    1.859354988527));
#10723 = CARTESIAN_POINT('',(6.623672076985,-2.098421205319,
    2.258430869412));
#10724 = CARTESIAN_POINT('',(6.60395064766,-1.758486687286,
    2.598430679682));
#10725 = CARTESIAN_POINT('',(6.584226881658,-1.359319156713,
    2.864010537386));
#10726 = CARTESIAN_POINT('',(6.564501522727,-0.919724844344,
    3.044547952392));
#10727 = CARTESIAN_POINT('',(6.544782362711,-0.459893070073,
    3.134881680731));
#10728 = CARTESIAN_POINT('',(6.52506066673,1.462419924608E-07,
    3.134890894573));
#10729 = ADVANCED_FACE('',(#10730),#10775,.F.);
#10730 = FACE_BOUND('',#10731,.F.);
#10731 = EDGE_LOOP('',(#10732,#10768,#10773,#10774));
#10732 = ORIENTED_EDGE('',*,*,#10733,.F.);
#10733 = EDGE_CURVE('',#10734,#10253,#10736,.T.);
#10734 = VERTEX_POINT('',#10735);
#10735 = CARTESIAN_POINT('',(7.945057917535,4.824280396018E-08,
    3.134842628375));
#10736 = B_SPLINE_CURVE_WITH_KNOTS('',9,(#10737,#10738,#10739,#10740,
    #10741,#10742,#10743,#10744,#10745,#10746,#10747,#10748,#10749,
    #10750,#10751,#10752,#10753,#10754,#10755,#10756,#10757,#10758,
    #10759,#10760,#10761,#10762,#10763,#10764,#10765,#10766,#10767),
  .UNSPECIFIED.,.F.,.F.,(10,7,7,7,10),(0.,1.58079326614,3.161586532279,
    4.742379798419,6.323173064558),.UNSPECIFIED.);
#10737 = CARTESIAN_POINT('',(7.945057917535,4.824280293018E-08,
    3.134842628375));
#10738 = CARTESIAN_POINT('',(7.925336221601,0.459889053445,
    3.134851859301));
#10739 = CARTESIAN_POINT('',(7.905617061838,0.919720234936,
    3.044625624629));
#10740 = CARTESIAN_POINT('',(7.885891702194,1.359357697559,
    2.863975004269));
#10741 = CARTESIAN_POINT('',(7.866167937222,1.758407497886,
    2.598347251074));
#10742 = CARTESIAN_POINT('',(7.84644650676,2.098374026668,2.25841283692)
  );
#10743 = CARTESIAN_POINT('',(7.826725075389,2.363967059158,
    1.859338370965));
#10744 = CARTESIAN_POINT('',(7.807003400142,2.54456533655,1.419739848747
    ));
#10745 = CARTESIAN_POINT('',(7.767559221432,2.725160094903,
    0.500005887496));
#10746 = CARTESIAN_POINT('',(7.728114116536,2.544559546562,
    -0.419737731492));
#10747 = CARTESIAN_POINT('',(7.708391480387,2.363962333377,
    -0.85934673585));
#10748 = CARTESIAN_POINT('',(7.688669230769,2.098381424928,
    -1.258428024603));
#10749 = CARTESIAN_POINT('',(7.668947331059,1.758427571353,
    -1.598388077571));
#10750 = CARTESIAN_POINT('',(7.649225396203,1.359347570596,
    -1.863972234094));
#10751 = CARTESIAN_POINT('',(7.629503192809,0.919740000832,
    -2.044559964482));
#10752 = CARTESIAN_POINT('',(7.590058604857,-5.007701750022E-07,
    -2.225145204919));
#10753 = CARTESIAN_POINT('',(7.550614016904,-0.91973997942,
    -2.044554754549));
#10754 = CARTESIAN_POINT('',(7.530891813513,-1.359345937023,
    -1.863967033258));
#10755 = CARTESIAN_POINT('',(7.511169878653,-1.758428555977,
    -1.598395181581));
#10756 = CARTESIAN_POINT('',(7.491447978937,-2.098392697578,
    -1.258441195818));
#10757 = CARTESIAN_POINT('',(7.471725729324,-2.363977530128,
    -0.859352967815));
#10758 = CARTESIAN_POINT('',(7.452003093182,-2.544560528969,
    -0.419738674583));
#10759 = CARTESIAN_POINT('',(7.412557988271,-2.725138908708,
    0.500006286399));
#10760 = CARTESIAN_POINT('',(7.373113809566,-2.54455264936,
    1.419738905648));
#10761 = CARTESIAN_POINT('',(7.353392134503,-2.363973167836,
    1.859342494024));
#10762 = CARTESIAN_POINT('',(7.333670702432,-2.098402018421,
    2.258414724466));
#10763 = CARTESIAN_POINT('',(7.313949273143,-1.758470621045,
    2.598411427497));
#10764 = CARTESIAN_POINT('',(7.294225507071,-1.359306749534,
    2.863988860753));
#10765 = CARTESIAN_POINT('',(7.274500147999,-0.919716466927,
    3.044524628869));
#10766 = CARTESIAN_POINT('',(7.254780988121,-0.459888907958,
    3.134857539081));
#10767 = CARTESIAN_POINT('',(7.235059292163,9.724331724549E-08,
    3.13486676146));
#10768 = ORIENTED_EDGE('',*,*,#10769,.T.);
#10769 = EDGE_CURVE('',#10734,#10477,#10770,.T.);
#10770 = B_SPLINE_CURVE_WITH_KNOTS('',1,(#10771,#10772),.UNSPECIFIED.,
  .F.,.F.,(2,2),(0.,4.010346187924E-02),.PIECEWISE_BEZIER_KNOTS.);
#10771 = CARTESIAN_POINT('',(7.945057917535,4.824284902018E-08,
    3.134842628375));
#10772 = CARTESIAN_POINT('',(7.904954455659,4.897837201799E-08,
    3.134842164813));
#10773 = ORIENTED_EDGE('',*,*,#10476,.T.);
#10774 = ORIENTED_EDGE('',*,*,#10288,.F.);
#10775 = B_SPLINE_SURFACE_WITH_KNOTS('',1,9,(
    (#10776,#10777,#10778,#10779,#10780,#10781,#10782,#10783,#10784
      ,#10785,#10786,#10787,#10788,#10789,#10790,#10791,#10792,#10793
      ,#10794,#10795,#10796,#10797,#10798,#10799,#10800,#10801,#10802
      ,#10803,#10804,#10805,#10806)
    ,(#10807,#10808,#10809,#10810,#10811,#10812,#10813,#10814,#10815
      ,#10816,#10817,#10818,#10819,#10820,#10821,#10822,#10823,#10824
      ,#10825,#10826,#10827,#10828,#10829,#10830,#10831,#10832,#10833
      ,#10834,#10835,#10836,#10837
    )),.UNSPECIFIED.,.F.,.F.,.F.,(2,2),(10,7,7,7,10),(0.,
    4.010346187924E-02),(0.,1.58079326614,3.161586532279,4.742379798419,
    6.323173064558),.UNSPECIFIED.);
#10776 = CARTESIAN_POINT('',(7.945057917535,4.824280271018E-08,
    3.134842628375));
#10777 = CARTESIAN_POINT('',(7.925336221601,0.459889053445,
    3.134851859301));
#10778 = CARTESIAN_POINT('',(7.905617061838,0.919720234936,
    3.044625624629));
#10779 = CARTESIAN_POINT('',(7.885891702194,1.359357697559,
    2.863975004269));
#10780 = CARTESIAN_POINT('',(7.866167937222,1.758407497885,
    2.598347251074));
#10781 = CARTESIAN_POINT('',(7.84644650676,2.098374026668,2.25841283692)
  );
#10782 = CARTESIAN_POINT('',(7.826725075389,2.363967059158,
    1.859338370965));
#10783 = CARTESIAN_POINT('',(7.807003400142,2.54456533655,1.419739848747
    ));
#10784 = CARTESIAN_POINT('',(7.767559221432,2.725160094903,
    0.500005887496));
#10785 = CARTESIAN_POINT('',(7.728114116536,2.544559546562,
    -0.419737731492));
#10786 = CARTESIAN_POINT('',(7.708391480387,2.363962333377,
    -0.85934673585));
#10787 = CARTESIAN_POINT('',(7.688669230769,2.098381424928,
    -1.258428024603));
#10788 = CARTESIAN_POINT('',(7.668947331059,1.758427571353,
    -1.598388077571));
#10789 = CARTESIAN_POINT('',(7.649225396203,1.359347570596,
    -1.863972234094));
#10790 = CARTESIAN_POINT('',(7.629503192809,0.919740000832,
    -2.044559964482));
#10791 = CARTESIAN_POINT('',(7.590058604857,-5.007701801422E-07,
    -2.225145204919));
#10792 = CARTESIAN_POINT('',(7.550614016904,-0.91973997942,
    -2.044554754549));
#10793 = CARTESIAN_POINT('',(7.530891813513,-1.359345937023,
    -1.863967033258));
#10794 = CARTESIAN_POINT('',(7.511169878653,-1.758428555976,
    -1.598395181581));
#10795 = CARTESIAN_POINT('',(7.491447978937,-2.098392697578,
    -1.258441195818));
#10796 = CARTESIAN_POINT('',(7.471725729324,-2.363977530128,
    -0.859352967815));
#10797 = CARTESIAN_POINT('',(7.452003093182,-2.544560528969,
    -0.419738674583));
#10798 = CARTESIAN_POINT('',(7.412557988271,-2.725138908708,
    0.500006286399));
#10799 = CARTESIAN_POINT('',(7.373113809566,-2.54455264936,
    1.419738905648));
#10800 = CARTESIAN_POINT('',(7.353392134503,-2.363973167836,
    1.859342494024));
#10801 = CARTESIAN_POINT('',(7.333670702432,-2.098402018421,
    2.258414724466));
#10802 = CARTESIAN_POINT('',(7.313949273143,-1.758470621045,
    2.598411427497));
#10803 = CARTESIAN_POINT('',(7.294225507071,-1.359306749534,
    2.863988860753));
#10804 = CARTESIAN_POINT('',(7.274500147999,-0.919716466927,
    3.044524628869));
#10805 = CARTESIAN_POINT('',(7.254780988121,-0.459888907958,
    3.134857539081));
#10806 = CARTESIAN_POINT('',(7.235059292163,9.724331746549E-08,
    3.13486676146));
#10807 = CARTESIAN_POINT('',(7.904954455659,4.897832570799E-08,
    3.134842164813));
#10808 = CARTESIAN_POINT('',(7.885232759725,0.459888964303,
    3.134851356171));
#10809 = CARTESIAN_POINT('',(7.865513599965,0.919720048097,
    3.044624911285));
#10810 = CARTESIAN_POINT('',(7.845788240319,1.359357324017,
    2.863974571201));
#10811 = CARTESIAN_POINT('',(7.826064475343,1.758407289709,
    2.598346977148));
#10812 = CARTESIAN_POINT('',(7.806343044884,2.098373676908,
    2.258412496369));
#10813 = CARTESIAN_POINT('',(7.786621613513,2.363966610621,
    1.859338113096));
#10814 = CARTESIAN_POINT('',(7.766899938266,2.544564812419,
    1.419739665931));
#10815 = CARTESIAN_POINT('',(7.727455759557,2.725159516965,
    0.500005887266));
#10816 = CARTESIAN_POINT('',(7.68801065466,2.544559050875,
    -0.419737554723));
#10817 = CARTESIAN_POINT('',(7.668288018511,2.363961903155,
    -0.859346484363));
#10818 = CARTESIAN_POINT('',(7.648565768893,2.098381038088,
    -1.258427709805));
#10819 = CARTESIAN_POINT('',(7.628843869183,1.75842722888,-1.59838768323
    ));
#10820 = CARTESIAN_POINT('',(7.609121934327,1.359347300445,
    -1.863971761416));
#10821 = CARTESIAN_POINT('',(7.589399730933,0.919739819986,
    -2.04455945631));
#10822 = CARTESIAN_POINT('',(7.549955142981,-4.997145228144E-07,
    -2.2251446722));
#10823 = CARTESIAN_POINT('',(7.510510555028,-0.919739800685,
    -2.044554267885));
#10824 = CARTESIAN_POINT('',(7.490788351637,-1.359345675722,
    -1.863966581701));
#10825 = CARTESIAN_POINT('',(7.471066416778,-1.758428210966,
    -1.59839475552));
#10826 = CARTESIAN_POINT('',(7.451344517062,-2.098392264017,
    -1.258440823132));
#10827 = CARTESIAN_POINT('',(7.431622267449,-2.363977036117,
    -0.859352687849));
#10828 = CARTESIAN_POINT('',(7.411899631306,-2.54456002982,
    -0.419738491769));
#10829 = CARTESIAN_POINT('',(7.372454526395,-2.725138421205,
    0.50000628663));
#10830 = CARTESIAN_POINT('',(7.33301034769,-2.544552178655,
    1.419738728877));
#10831 = CARTESIAN_POINT('',(7.313288672627,-2.363972692144,
    1.859342220433));
#10832 = CARTESIAN_POINT('',(7.293567240558,-2.098401547779,
    2.258414377524));
#10833 = CARTESIAN_POINT('',(7.273845811268,-1.758470141757,
    2.598410881026));
#10834 = CARTESIAN_POINT('',(7.254122045196,-1.35930659159,
    2.863988369617));
#10835 = CARTESIAN_POINT('',(7.23439668612,-0.919716294151,
    3.044524347362));
#10836 = CARTESIAN_POINT('',(7.214677526245,-0.459888817345,
    3.134857012072));
#10837 = CARTESIAN_POINT('',(7.194955830288,9.79788890933E-08,
    3.134866194884));
#10838 = ADVANCED_FACE('',(#10839),#10942,.T.);
#10839 = FACE_BOUND('',#10840,.T.);
#10840 = EDGE_LOOP('',(#10841,#10842,#10843,#10886,#10894,#10941));
#10841 = ORIENTED_EDGE('',*,*,#10412,.F.);
#10842 = ORIENTED_EDGE('',*,*,#10622,.F.);
#10843 = ORIENTED_EDGE('',*,*,#10844,.F.);
#10844 = EDGE_CURVE('',#10845,#10623,#10847,.T.);
#10845 = VERTEX_POINT('',#10846);
#10846 = CARTESIAN_POINT('',(7.896131031304,-4.018088459729E-15,-2.665)
  );
#10847 = B_SPLINE_CURVE_WITH_KNOTS('',7,(#10848,#10849,#10850,#10851,
    #10852,#10853,#10854,#10855,#10856,#10857,#10858,#10859,#10860,
    #10861,#10862,#10863,#10864,#10865,#10866,#10867,#10868,#10869,
    #10870,#10871,#10872,#10873,#10874,#10875,#10876,#10877,#10878,
    #10879,#10880,#10881,#10882,#10883,#10884,#10885),.UNSPECIFIED.,.F.,
  .F.,(8,6,6,6,6,6,8),(0.,4.540712433031E-02,0.279395605134,
    0.521351966147,0.733574252647,0.896304176684,1.),.UNSPECIFIED.);
#10848 = CARTESIAN_POINT('',(7.896131031304,-3.908088459729E-15,-2.665)
  );
#10849 = CARTESIAN_POINT('',(7.893828581193,-6.449146454511E-02,-2.665)
  );
#10850 = CARTESIAN_POINT('',(7.891526116771,-0.128982989269,
    -2.663466872862));
#10851 = CARTESIAN_POINT('',(7.889223636498,-0.193430738583,
    -2.660400621497));
#10852 = CARTESIAN_POINT('',(7.88692113906,-0.257790989202,
    -2.655802805156));
#10853 = CARTESIAN_POINT('',(7.884618623369,-0.32202013014,
    -2.649676539429));
#10854 = CARTESIAN_POINT('',(7.882316088564,-0.386074662714,
    -2.642026496248));
#10855 = CARTESIAN_POINT('',(7.868148187992,-0.778868709451,
    -2.585617176021));
#10856 = CARTESIAN_POINT('',(7.856276525365,-1.10219883998,
    -2.498053712791));
#10857 = CARTESIAN_POINT('',(7.844408997489,-1.41367592871,
    -2.370994940783));
#10858 = CARTESIAN_POINT('',(7.832542429279,-1.707616381627,
    -2.206499173683));
#10859 = CARTESIAN_POINT('',(7.820674664533,-1.978820612731,
    -2.007476266893));
#10860 = CARTESIAN_POINT('',(7.808802812025,-2.222561701198,
    -1.777693850093));
#10861 = CARTESIAN_POINT('',(7.784668182037,-2.654426455765,
    -1.257651808609));
#10862 = CARTESIAN_POINT('',(7.772392885548,-2.840605551104,
    -0.965319698348));
#10863 = CARTESIAN_POINT('',(7.760124182068,-2.988903403821,
    -0.650336714967));
#10864 = CARTESIAN_POINT('',(7.747857796456,-3.096231888808,
    -0.318636487013));
#10865 = CARTESIAN_POINT('',(7.735589675811,-3.160564077501,
    2.351546113298E-02));
#10866 = CARTESIAN_POINT('',(7.723314633643,-3.180925920913,
    0.369501917997));
#10867 = CARTESIAN_POINT('',(7.700283766967,-3.137641018508,
    1.013114464121));
#10868 = CARTESIAN_POINT('',(7.689517834784,-3.083994073584,
    1.311705713628));
#10869 = CARTESIAN_POINT('',(7.678753570343,-2.997201119955,
    1.603508439661));
#10870 = CARTESIAN_POINT('',(7.667990338865,-2.878371241371,
    1.884169195323));
#10871 = CARTESIAN_POINT('',(7.657225639918,-2.729243832995,
    2.149579816197));
#10872 = CARTESIAN_POINT('',(7.646459422437,-2.552173033296,
    2.395914127562));
#10873 = CARTESIAN_POINT('',(7.627446052936,-2.195505764824,
    2.791374639714));
#10874 = CARTESIAN_POINT('',(7.619193972755,-2.02607125457,
    2.949837347876));
#10875 = CARTESIAN_POINT('',(7.610943336775,-1.84337112944,
    3.093596317299));
#10876 = CARTESIAN_POINT('',(7.602693736657,-1.648948735307,
    3.221346561912));
#10877 = CARTESIAN_POINT('',(7.594443677151,-1.444484885813,
    3.331983633009));
#10878 = CARTESIAN_POINT('',(7.586192054611,-1.231789980893,
    3.424608825651));
#10879 = CARTESIAN_POINT('',(7.57268174267,-0.873285625896,
    3.545699942649));
#10880 = CARTESIAN_POINT('',(7.567422760185,-0.731190558897,
    3.585255428879));
#10881 = CARTESIAN_POINT('',(7.562163251089,-0.587032312178,
    3.617068492637));
#10882 = CARTESIAN_POINT('',(7.556903134036,-0.441317299573,
    3.641012885509));
#10883 = CARTESIAN_POINT('',(7.55164244666,-0.294559291798,
    3.657004190559));
#10884 = CARTESIAN_POINT('',(7.546381640187,-0.14727841934,
    3.664999984523));
#10885 = CARTESIAN_POINT('',(7.541121874027,-1.753494698104E-07,3.665));
#10886 = ORIENTED_EDGE('',*,*,#10887,.T.);
#10887 = EDGE_CURVE('',#10845,#10888,#10890,.T.);
#10888 = VERTEX_POINT('',#10889);
#10889 = CARTESIAN_POINT('',(7.953850829038,-4.043721199098E-15,-2.665)
  );
#10890 = LINE('',#10891,#10892);
#10891 = CARTESIAN_POINT('',(6.446202902092,-4.304191022488E-15,-2.665)
  );
#10892 = VECTOR('',#10893,1.);
#10893 = DIRECTION('',(1.,-8.840892098501E-16,4.4E-16));
#10894 = ORIENTED_EDGE('',*,*,#10895,.T.);
#10895 = EDGE_CURVE('',#10888,#10513,#10896,.T.);
#10896 = B_SPLINE_CURVE_WITH_KNOTS('',7,(#10897,#10898,#10899,#10900,
    #10901,#10902,#10903,#10904,#10905,#10906,#10907,#10908,#10909,
    #10910,#10911,#10912,#10913,#10914,#10915,#10916,#10917,#10918,
    #10919,#10920,#10921,#10922,#10923,#10924,#10925,#10926,#10927,
    #10928,#10929,#10930,#10931,#10932,#10933,#10934,#10935,#10936,
    #10937,#10938,#10939,#10940),.UNSPECIFIED.,.F.,.F.,(8,6,6,6,6,6,6,8)
  ,(0.,4.631539976677E-02,0.206322193051,0.27832764245,0.522906190136,
    0.732752025423,0.892044111142,1.),.UNSPECIFIED.);
#10897 = CARTESIAN_POINT('',(7.953850829038,-4.823721199098E-15,-2.665)
  );
#10898 = CARTESIAN_POINT('',(7.951502079164,-6.578347601656E-02,-2.665)
  );
#10899 = CARTESIAN_POINT('',(7.949153342694,-0.131567018453,
    -2.663404828988));
#10900 = CARTESIAN_POINT('',(7.946804621664,-0.197304102828,
    -2.660214489133));
#10901 = CARTESIAN_POINT('',(7.944455917955,-0.262948324997,
    -2.655430668224));
#10902 = CARTESIAN_POINT('',(7.942107233292,-0.32845340115,
    -2.649056739674));
#10903 = CARTESIAN_POINT('',(7.939758569242,-0.393773167813,
    -2.641097762516));
#10904 = CARTESIAN_POINT('',(7.929296023835,-0.68372390544,
    -2.598611834202));
#10905 = CARTESIAN_POINT('',(7.92118149432,-0.90585045135,
    -2.546822225394));
#10906 = CARTESIAN_POINT('',(7.913067873631,-1.123302775544,
    -2.476468541231));
#10907 = CARTESIAN_POINT('',(7.90495489267,-1.334233389564,
    -2.388078142923));
#10908 = CARTESIAN_POINT('',(7.896841620335,-1.536878818611,
    -2.282390015648));
#10909 = CARTESIAN_POINT('',(7.888727660715,-1.729567544166,
    -2.160351439225));
#10910 = CARTESIAN_POINT('',(7.876963319245,-1.992274419232,
    -1.961407562593));
#10911 = CARTESIAN_POINT('',(7.873312194499,-2.071478771586,
    -1.89659094488));
#10912 = CARTESIAN_POINT('',(7.869661021765,-2.148216111005,
    -1.828806243768));
#10913 = CARTESIAN_POINT('',(7.86600979395,-2.222353469069,
    -1.758166521444));
#10914 = CARTESIAN_POINT('',(7.862358506304,-2.293764686146,
    -1.68479198584));
#10915 = CARTESIAN_POINT('',(7.858707156415,-2.362330411392,
    -1.608809990635));
#10916 = CARTESIAN_POINT('',(7.842653112172,-2.650785595611,
    -1.263869662199));
#10917 = CARTESIAN_POINT('',(7.830242509264,-2.83963778231,
    -0.968693693111));
#10918 = CARTESIAN_POINT('',(7.817837088731,-2.989806757204,
    -0.650297876133));
#10919 = CARTESIAN_POINT('',(7.805432802078,-3.098098152271,
    -0.314811142843));
#10920 = CARTESIAN_POINT('',(7.793026932369,-3.162423026693,
    3.129425541391E-02));
#10921 = CARTESIAN_POINT('',(7.780616192382,-3.18178910698,0.38117886193
    ));
#10922 = CARTESIAN_POINT('',(7.757572429022,-3.13536210628,
    1.024942063168));
#10923 = CARTESIAN_POINT('',(7.746928656385,-3.081254605939,
    1.319960804253));
#10924 = CARTESIAN_POINT('',(7.736288066695,-2.994767584957,
    1.608236673243));
#10925 = CARTESIAN_POINT('',(7.725649496527,-2.876983676209,1.8855635297
    ));
#10926 = CARTESIAN_POINT('',(7.715009199362,-2.72958907558,
    2.147971194761));
#10927 = CARTESIAN_POINT('',(7.704365561082,-2.554858860552,
    2.391759990395));
#10928 = CARTESIAN_POINT('',(7.685646495726,-2.204727796201,
    2.782014149011));
#10929 = CARTESIAN_POINT('',(7.677567336007,-2.039576856417,
    2.937835617355));
#10930 = CARTESIAN_POINT('',(7.669488185523,-1.861649875272,
    3.079632017369));
#10931 = CARTESIAN_POINT('',(7.661408950856,-1.672387324383,
    3.206171156324));
#10932 = CARTESIAN_POINT('',(7.653329316514,-1.473357473019,
    3.316404469407));
#10933 = CARTESIAN_POINT('',(7.645249719178,-1.266249443267,
    3.409471704034));
#10934 = CARTESIAN_POINT('',(7.63169753273,-0.908286822694,
    3.535745581328));
#10935 = CARTESIAN_POINT('',(7.626223428736,-0.760800087056,
    3.578582299282));
#10936 = CARTESIAN_POINT('',(7.620749964544,-0.610986910564,
    3.613049785232));
#10937 = CARTESIAN_POINT('',(7.615277183817,-0.459417399293,
    3.638999787529));
#10938 = CARTESIAN_POINT('',(7.609804877634,-0.306670693268,
    3.656333139542));
#10939 = CARTESIAN_POINT('',(7.60433257208,-0.153333755973,
    3.664999984443));
#10940 = CARTESIAN_POINT('',(7.598859515843,-1.638584461461E-07,3.665));
#10941 = ORIENTED_EDGE('',*,*,#10519,.T.);
#10942 = CYLINDRICAL_SURFACE('',#10943,3.165);
#10943 = AXIS2_PLACEMENT_3D('',#10944,#10945,#10946);
#10944 = CARTESIAN_POINT('',(6.446202902092,-2.854191022488E-15,0.5));
#10945 = DIRECTION('',(1.,-5.540892098501E-16,4.4E-16));
#10946 = DIRECTION('',(4.4E-16,7.E-17,-1.));
#10947 = ADVANCED_FACE('',(#10948),#11030,.F.);
#10948 = FACE_BOUND('',#10949,.F.);
#10949 = EDGE_LOOP('',(#10950,#10986,#10993,#11028,#11029));
#10950 = ORIENTED_EDGE('',*,*,#10951,.F.);
#10951 = EDGE_CURVE('',#10952,#10477,#10954,.T.);
#10952 = VERTEX_POINT('',#10953);
#10953 = CARTESIAN_POINT('',(8.614953080967,-2.502833730958E-11,
    3.134818134726));
#10954 = B_SPLINE_CURVE_WITH_KNOTS('',9,(#10955,#10956,#10957,#10958,
    #10959,#10960,#10961,#10962,#10963,#10964,#10965,#10966,#10967,
    #10968,#10969,#10970,#10971,#10972,#10973,#10974,#10975,#10976,
    #10977,#10978,#10979,#10980,#10981,#10982,#10983,#10984,#10985),
  .UNSPECIFIED.,.F.,.F.,(10,7,7,7,10),(0.,1.58079326614,3.161586532279,
    4.742379798419,6.323173064558),.UNSPECIFIED.);
#10955 = CARTESIAN_POINT('',(8.614953080967,-2.503064730958E-11,
    3.134818134726));
#10956 = CARTESIAN_POINT('',(8.595231385057,0.459884722163,
    3.134827334646));
#10957 = CARTESIAN_POINT('',(8.575512225436,0.919711611999,
    3.044601721453));
#10958 = CARTESIAN_POINT('',(8.555786865647,1.359344882062,2.86395303756
    ));
#10959 = CARTESIAN_POINT('',(8.536063100604,1.758391214181,
    2.598327872424));
#10960 = CARTESIAN_POINT('',(8.516341670179,2.098354506658,
    2.258396498225));
#10961 = CARTESIAN_POINT('',(8.496620238844,2.363945025808,
    1.859325759671));
#10962 = CARTESIAN_POINT('',(8.476898563622,2.544541588737,1.41973132515
    ));
#10963 = CARTESIAN_POINT('',(8.437454384925,2.725134663392,
    0.500005937954));
#10964 = CARTESIAN_POINT('',(8.398009279998,2.544535861393,
    -0.419729119373));
#10965 = CARTESIAN_POINT('',(8.37828664383,2.363940368815,
    -0.859334043174));
#10966 = CARTESIAN_POINT('',(8.358564394211,2.098361933259,
    -1.258411633794));
#10967 = CARTESIAN_POINT('',(8.338842494515,1.758411230923,
    -1.598368512979));
#10968 = CARTESIAN_POINT('',(8.319120559673,1.359334947232,
    -1.863950176469));
#10969 = CARTESIAN_POINT('',(8.299398356279,0.919731479353,
    -2.044536232601));
#10970 = CARTESIAN_POINT('',(8.259953768321,-4.490343257797E-07,
    -2.22511981865));
#10971 = CARTESIAN_POINT('',(8.220509180361,-0.919731365408,
    -2.044531078386));
#10972 = CARTESIAN_POINT('',(8.200786976972,-1.359333234583,
    -1.863945047314));
#10973 = CARTESIAN_POINT('',(8.181065042124,-1.75841213496,
    -1.598375650671));
#10974 = CARTESIAN_POINT('',(8.161343142424,-2.098373093783,
    -1.258424825167));
#10975 = CARTESIAN_POINT('',(8.141620892808,-2.363955451215,
    -0.859340334586));
#10976 = CARTESIAN_POINT('',(8.121898256648,-2.544536806128,
    -0.419730151061));
#10977 = CARTESIAN_POINT('',(8.082453151706,-2.725113567635,
    0.500006235957));
#10978 = CARTESIAN_POINT('',(8.043008973014,-2.544528989184,
    1.419730293454));
#10979 = CARTESIAN_POINT('',(8.023287297975,-2.36395115789,1.85932977908
    ));
#10980 = CARTESIAN_POINT('',(8.003565865943,-2.098382442931,
    2.25839830133));
#10981 = CARTESIAN_POINT('',(7.983844436686,-1.758454144265,
    2.598391710891));
#10982 = CARTESIAN_POINT('',(7.964120670547,-1.359294237565,
    2.863966785409));
#10983 = CARTESIAN_POINT('',(7.944395311329,-0.919707952696,
    3.044501123329));
#10984 = CARTESIAN_POINT('',(7.924676151592,-0.459884673209,
    3.134832973444));
#10985 = CARTESIAN_POINT('',(7.904954455659,4.897837201799E-08,
    3.134842164813));
#10986 = ORIENTED_EDGE('',*,*,#10987,.T.);
#10987 = EDGE_CURVE('',#10952,#10988,#10990,.T.);
#10988 = VERTEX_POINT('',#10989);
#10989 = CARTESIAN_POINT('',(8.308846082863,-1.643247152014E-07,3.665));
#10990 = B_SPLINE_CURVE_WITH_KNOTS('',1,(#10991,#10992),.UNSPECIFIED.,
  .F.,.F.,(2,2),(0.,0.659896538121),.PIECEWISE_BEZIER_KNOTS.);
#10991 = CARTESIAN_POINT('',(8.614953080967,-2.499851730958E-11,
    3.134818134726));
#10992 = CARTESIAN_POINT('',(8.28499967399,-1.771240246008E-07,
    3.7063023342));
#10993 = ORIENTED_EDGE('',*,*,#10994,.T.);
#10994 = EDGE_CURVE('',#10988,#10888,#10995,.T.);
#10995 = B_SPLINE_CURVE_WITH_KNOTS('',6,(#10996,#10997,#10998,#10999,
    #11000,#11001,#11002,#11003,#11004,#11005,#11006,#11007,#11008,
    #11009,#11010,#11011,#11012,#11013,#11014,#11015,#11016,#11017,
    #11018,#11019,#11020,#11021,#11022,#11023,#11024,#11025,#11026,
    #11027),.UNSPECIFIED.,.F.,.F.,(7,5,5,5,5,5,7),(0.,0.101550561974,
    0.265382206469,0.474325737396,0.682122110184,0.843685481839,1.),
  .UNSPECIFIED.);
#10996 = CARTESIAN_POINT('',(8.308846082863,-1.643247482814E-07,3.665));
#10997 = CARTESIAN_POINT('',(8.302839613893,0.168278527528,
    3.665000000376));
#10998 = CARTESIAN_POINT('',(8.296836763645,0.336560795373,
    3.654263183425));
#10999 = CARTESIAN_POINT('',(8.29083337849,0.503982688491,3.632789923231
    ));
#11000 = CARTESIAN_POINT('',(8.284828066029,0.669691877904,
    3.600671207238));
#11001 = CARTESIAN_POINT('',(8.278820992866,0.832850602203,
    3.558088048224));
#11002 = CARTESIAN_POINT('',(8.263119467803,1.250424805106,
    3.420165453173));
#11003 = CARTESIAN_POINT('',(8.25342140795,1.499483548329,3.308473260186
    ));
#11004 = CARTESIAN_POINT('',(8.243723306291,1.736313729654,
    3.171375797816));
#11005 = CARTESIAN_POINT('',(8.234027211642,1.957759106062,
    3.010608000729));
#11006 = CARTESIAN_POINT('',(8.22433147535,2.160952452504,2.828349863059
    ));
#11007 = CARTESIAN_POINT('',(8.202276990714,2.576151378128,
    2.370975742013));
#11008 = CARTESIAN_POINT('',(8.189913327019,2.775306891212,
    2.083966269942));
#11009 = CARTESIAN_POINT('',(8.177556555373,2.935638381989,
    1.772012953642));
#11010 = CARTESIAN_POINT('',(8.165198155725,3.053600517438,
    1.441701172045));
#11011 = CARTESIAN_POINT('',(8.152832936608,3.126813221528,
    1.100120864866));
#11012 = CARTESIAN_POINT('',(8.128177084112,3.18245381485,0.411790335698
    ));
#11013 = CARTESIAN_POINT('',(8.11587753852,3.165398549654,
    6.482398688591E-02));
#11014 = CARTESIAN_POINT('',(8.103582465282,3.102873112312,
    -0.278294015387));
#11015 = CARTESIAN_POINT('',(8.091288078299,2.996056501128,
    -0.610302570022));
#11016 = CARTESIAN_POINT('',(8.078989319556,2.847336239702,
    -0.92424355812));
#11017 = CARTESIAN_POINT('',(8.057136926266,2.515925716386,
    -1.438819128838));
#11018 = CARTESIAN_POINT('',(8.047577404018,2.348094656534,
    -1.649217601351));
#11019 = CARTESIAN_POINT('',(8.038019556836,2.159296401493,
    -1.841957255444));
#11020 = CARTESIAN_POINT('',(8.028461630359,1.951892869549,
    -2.014517652278));
#11021 = CARTESIAN_POINT('',(8.018901979587,1.728587431307,
    -2.164749004083));
#11022 = CARTESIAN_POINT('',(8.000095269968,1.264080194953,
    -2.413146309645));
#11023 = CARTESIAN_POINT('',(7.990845862407,1.023638335105,
    -2.512875783422));
#11024 = CARTESIAN_POINT('',(7.981597477738,0.773982715627,
    -2.588672227329));
#11025 = CARTESIAN_POINT('',(7.972348902452,0.518085554109,
    -2.639561002845));
#11026 = CARTESIAN_POINT('',(7.963099208993,0.25902740333,-2.665));
#11027 = CARTESIAN_POINT('',(7.953850829038,-4.613721199098E-15,-2.665)
  );
#11028 = ORIENTED_EDGE('',*,*,#10895,.T.);
#11029 = ORIENTED_EDGE('',*,*,#10512,.F.);
#11030 = B_SPLINE_SURFACE_WITH_KNOTS('',1,9,(
    (#11031,#11032,#11033,#11034,#11035,#11036,#11037,#11038,#11039
      ,#11040,#11041,#11042,#11043,#11044,#11045,#11046,#11047,#11048
      ,#11049,#11050,#11051,#11052,#11053,#11054,#11055,#11056,#11057
      ,#11058,#11059,#11060,#11061)
    ,(#11062,#11063,#11064,#11065,#11066,#11067,#11068,#11069,#11070
      ,#11071,#11072,#11073,#11074,#11075,#11076,#11077,#11078,#11079
      ,#11080,#11081,#11082,#11083,#11084,#11085,#11086,#11087,#11088
      ,#11089,#11090,#11091,#11092
    )),.UNSPECIFIED.,.F.,.F.,.F.,(2,2),(10,7,7,7,10),(0.,0.659896538121)
  ,(0.,1.58079326614,3.161586532279,4.742379798419,6.323173064558),
  .UNSPECIFIED.);
#11031 = CARTESIAN_POINT('',(8.614953080967,-2.503064730958E-11,
    3.134818134726));
#11032 = CARTESIAN_POINT('',(8.595231385057,0.459884722163,
    3.134827334646));
#11033 = CARTESIAN_POINT('',(8.575512225436,0.919711611999,
    3.044601721453));
#11034 = CARTESIAN_POINT('',(8.555786865647,1.359344882062,2.86395303756
    ));
#11035 = CARTESIAN_POINT('',(8.536063100604,1.758391214181,
    2.598327872424));
#11036 = CARTESIAN_POINT('',(8.516341670179,2.098354506658,
    2.258396498225));
#11037 = CARTESIAN_POINT('',(8.496620238844,2.363945025808,
    1.859325759671));
#11038 = CARTESIAN_POINT('',(8.476898563622,2.544541588737,1.41973132515
    ));
#11039 = CARTESIAN_POINT('',(8.437454384925,2.725134663392,
    0.500005937954));
#11040 = CARTESIAN_POINT('',(8.398009279998,2.544535861393,
    -0.419729119373));
#11041 = CARTESIAN_POINT('',(8.37828664383,2.363940368815,
    -0.859334043174));
#11042 = CARTESIAN_POINT('',(8.358564394211,2.098361933259,
    -1.258411633794));
#11043 = CARTESIAN_POINT('',(8.338842494515,1.758411230923,
    -1.598368512979));
#11044 = CARTESIAN_POINT('',(8.319120559673,1.359334947232,
    -1.863950176469));
#11045 = CARTESIAN_POINT('',(8.299398356279,0.919731479353,
    -2.044536232601));
#11046 = CARTESIAN_POINT('',(8.259953768321,-4.490343257797E-07,
    -2.22511981865));
#11047 = CARTESIAN_POINT('',(8.220509180361,-0.919731365408,
    -2.044531078386));
#11048 = CARTESIAN_POINT('',(8.200786976972,-1.359333234583,
    -1.863945047314));
#11049 = CARTESIAN_POINT('',(8.181065042124,-1.75841213496,
    -1.598375650671));
#11050 = CARTESIAN_POINT('',(8.161343142424,-2.098373093783,
    -1.258424825167));
#11051 = CARTESIAN_POINT('',(8.141620892808,-2.363955451215,
    -0.859340334586));
#11052 = CARTESIAN_POINT('',(8.121898256648,-2.544536806128,
    -0.419730151061));
#11053 = CARTESIAN_POINT('',(8.082453151706,-2.725113567635,
    0.500006235957));
#11054 = CARTESIAN_POINT('',(8.043008973014,-2.544528989184,
    1.419730293454));
#11055 = CARTESIAN_POINT('',(8.023287297975,-2.36395115789,1.85932977908
    ));
#11056 = CARTESIAN_POINT('',(8.003565865943,-2.098382442931,
    2.25839830133));
#11057 = CARTESIAN_POINT('',(7.983844436686,-1.758454144265,
    2.598391710891));
#11058 = CARTESIAN_POINT('',(7.964120670547,-1.359294237565,
    2.863966785409));
#11059 = CARTESIAN_POINT('',(7.944395311329,-0.919707952696,
    3.044501123329));
#11060 = CARTESIAN_POINT('',(7.924676151592,-0.459884673209,
    3.134832973444));
#11061 = CARTESIAN_POINT('',(7.904954455659,4.897837201799E-08,
    3.134842164813));
#11062 = CARTESIAN_POINT('',(8.28499967399,-1.771240577208E-07,
    3.7063023342));
#11063 = CARTESIAN_POINT('',(8.265277416067,0.559605806918,
    3.706311240538));
#11064 = CARTESIAN_POINT('',(8.245554986092,1.119213402006,
    3.596507775974));
#11065 = CARTESIAN_POINT('',(8.225832976475,1.654193093314,
    3.376668168878));
#11066 = CARTESIAN_POINT('',(8.206110859506,2.139772760141,
    3.053455904698));
#11067 = CARTESIAN_POINT('',(8.186388582954,2.553484469111,
    2.639792953886));
#11068 = CARTESIAN_POINT('',(8.166666307426,2.876674295748,
    2.154160967866));
#11069 = CARTESIAN_POINT('',(8.146944047992,3.096440575767,
    1.619217515121));
#11070 = CARTESIAN_POINT('',(8.107499585513,3.316202443418,
    0.500005969138));
#11071 = CARTESIAN_POINT('',(8.068055185893,3.096435467505,
    -0.619213219058));
#11072 = CARTESIAN_POINT('',(8.048332991756,2.876672076085,
    -1.154165044769));
#11073 = CARTESIAN_POINT('',(8.028610771391,2.553491432949,
    -1.63980367993));
#11074 = CARTESIAN_POINT('',(8.008888527286,2.139803212462,
    -2.053498112546));
#11075 = CARTESIAN_POINT('',(7.989166285566,1.654165001747,
    -2.376682423859));
#11076 = CARTESIAN_POINT('',(7.969444062064,1.119214189837,
    -2.596435986358));
#11077 = CARTESIAN_POINT('',(7.929999627358,-2.238608669531E-07,
    -2.816187454742));
#11078 = CARTESIAN_POINT('',(7.890555192651,-1.119213688984,
    -2.596431155234));
#11079 = CARTESIAN_POINT('',(7.870832969154,-1.65416298632,
    -2.376677684449));
#11080 = CARTESIAN_POINT('',(7.851110727428,-2.139803762231,
    -2.053505268639));
#11081 = CARTESIAN_POINT('',(7.83138848332,-2.553501929683,
    -1.639816728419));
#11082 = CARTESIAN_POINT('',(7.811666262957,-2.876686417683,
    -1.154171477463));
#11083 = CARTESIAN_POINT('',(7.791944068827,-3.096436237618,
    -0.619214605286));
#11084 = CARTESIAN_POINT('',(7.752499669193,-3.316182091719,
    0.500005837959));
#11085 = CARTESIAN_POINT('',(7.713055206719,-3.096428561909,
    1.619216128885));
#11086 = CARTESIAN_POINT('',(7.693332947462,-2.876680420389,
    2.154164482327));
#11087 = CARTESIAN_POINT('',(7.673610671261,-2.553511690212,
    2.639794371013));
#11088 = CARTESIAN_POINT('',(7.653888395836,-2.139833793028,
    3.053517221405));
#11089 = CARTESIAN_POINT('',(7.63416627781,-1.654144598247,
    3.376681222982));
#11090 = CARTESIAN_POINT('',(7.614444268743,-1.119210262703,
    3.596410584686));
#11091 = CARTESIAN_POINT('',(7.594721838656,-0.55960616449,
    3.706316609817));
#11092 = CARTESIAN_POINT('',(7.574999580711,-1.804489611155E-07,
    3.706325516733));
#11093 = ADVANCED_FACE('',(#11094),#11141,.F.);
#11094 = FACE_BOUND('',#11095,.F.);
#11095 = EDGE_LOOP('',(#11096,#11133,#11138,#11139,#11140));
#11096 = ORIENTED_EDGE('',*,*,#11097,.F.);
#11097 = EDGE_CURVE('',#11098,#10845,#11100,.T.);
#11098 = VERTEX_POINT('',#11099);
#11099 = CARTESIAN_POINT('',(8.251136247914,-1.758185091757E-07,3.665));
#11100 = B_SPLINE_CURVE_WITH_KNOTS('',6,(#11101,#11102,#11103,#11104,
    #11105,#11106,#11107,#11108,#11109,#11110,#11111,#11112,#11113,
    #11114,#11115,#11116,#11117,#11118,#11119,#11120,#11121,#11122,
    #11123,#11124,#11125,#11126,#11127,#11128,#11129,#11130,#11131,
    #11132),.UNSPECIFIED.,.F.,.F.,(7,5,5,5,5,5,7),(0.,9.800523980617E-02
    ,0.268199935273,0.471076841994,0.684387325784,0.846370553733,1.),
  .UNSPECIFIED.);
#11101 = CARTESIAN_POINT('',(8.251136247914,-1.758185544757E-07,3.665));
#11102 = CARTESIAN_POINT('',(8.245336364941,0.162403369803,
    3.665000000953));
#11103 = CARTESIAN_POINT('',(8.239532692647,0.324809520338,3.6549998474)
  );
#11104 = CARTESIAN_POINT('',(8.233729612857,0.486442597551,
    3.634999907227));
#11105 = CARTESIAN_POINT('',(8.227928299428,0.646536370549,
    3.605079065985));
#11106 = CARTESIAN_POINT('',(8.222128471618,0.804336653198,
    3.565394338922));
#11107 = CARTESIAN_POINT('',(8.206260848943,1.227870803719,3.4307163054)
  );
#11108 = CARTESIAN_POINT('',(8.196194069081,1.487544064266,3.31649842955
    ));
#11109 = CARTESIAN_POINT('',(8.186131479011,1.734176185978,
    3.174763288455));
#11110 = CARTESIAN_POINT('',(8.176066524783,1.964221839697,
    3.007445580335));
#11111 = CARTESIAN_POINT('',(8.165997372234,2.174468150748,
    2.816992259296));
#11112 = CARTESIAN_POINT('',(8.143925067857,2.585927451752,
    2.355592878507));
#11113 = CARTESIAN_POINT('',(8.131915590813,2.777772117133,
    2.076078818286));
#11114 = CARTESIAN_POINT('',(8.119909096739,2.932957409165,
    1.773214766226));
#11115 = CARTESIAN_POINT('',(8.107904077403,3.048241659664,1.45302942128
    ));
#11116 = CARTESIAN_POINT('',(8.095895978645,3.121434248868,
    1.122007896134));
#11117 = CARTESIAN_POINT('',(8.071272887061,3.184017819532,
    0.435193266604));
#11118 = CARTESIAN_POINT('',(8.058649088659,3.168929636847,
    7.873480576237E-02));
#11119 = CARTESIAN_POINT('',(8.04603211108,3.105860936326,
    -0.273939879613));
#11120 = CARTESIAN_POINT('',(8.033414441525,2.996067444447,
    -0.614971107417));
#11121 = CARTESIAN_POINT('',(8.020789920893,2.842127183529,
    -0.936830603095));
#11122 = CARTESIAN_POINT('',(7.998586443496,2.501679575941,
    -1.457261833311));
#11123 = CARTESIAN_POINT('',(7.989001392217,2.331855877615,
    -1.66696508455));
#11124 = CARTESIAN_POINT('',(7.97941761802,2.141087884611,
    -1.858760154513));
#11125 = CARTESIAN_POINT('',(7.969833901756,1.931775308669,
    -2.03012521617));
#11126 = CARTESIAN_POINT('',(7.960248908038,1.706659720722,
    -2.178915292279));
#11127 = CARTESIAN_POINT('',(7.94157627601,1.243399003786,
    -2.421642282576));
#11128 = CARTESIAN_POINT('',(7.932486326159,1.006470276258,
    -2.518040815114));
#11129 = CARTESIAN_POINT('',(7.923397795235,0.760789688716,
    -2.591272838687));
#11130 = CARTESIAN_POINT('',(7.914309474356,0.509183431067,
    -2.640427530692));
#11131 = CARTESIAN_POINT('',(7.905219865044,0.254577589352,
    -2.664999999999));
#11132 = CARTESIAN_POINT('',(7.896131031304,-3.738088459729E-15,-2.665)
  );
#11133 = ORIENTED_EDGE('',*,*,#11134,.T.);
#11134 = EDGE_CURVE('',#11098,#10734,#11135,.T.);
#11135 = B_SPLINE_CURVE_WITH_KNOTS('',1,(#11136,#11137),.UNSPECIFIED.,
  .F.,.F.,(2,2),(0.,0.659896538121),.PIECEWISE_BEZIER_KNOTS.);
#11136 = CARTESIAN_POINT('',(8.274999580664,-1.932874055163E-07,
    3.706333608143));
#11137 = CARTESIAN_POINT('',(7.945057917535,4.824284902018E-08,
    3.134842628375));
#11138 = ORIENTED_EDGE('',*,*,#10733,.T.);
#11139 = ORIENTED_EDGE('',*,*,#10659,.F.);
#11140 = ORIENTED_EDGE('',*,*,#10844,.F.);
#11141 = B_SPLINE_SURFACE_WITH_KNOTS('',1,9,(
    (#11142,#11143,#11144,#11145,#11146,#11147,#11148,#11149,#11150
      ,#11151,#11152,#11153,#11154,#11155,#11156,#11157,#11158,#11159
      ,#11160,#11161,#11162,#11163,#11164,#11165,#11166,#11167,#11168
      ,#11169,#11170,#11171,#11172)
    ,(#11173,#11174,#11175,#11176,#11177,#11178,#11179,#11180,#11181
      ,#11182,#11183,#11184,#11185,#11186,#11187,#11188,#11189,#11190
      ,#11191,#11192,#11193,#11194,#11195,#11196,#11197,#11198,#11199
      ,#11200,#11201,#11202,#11203
    )),.UNSPECIFIED.,.F.,.F.,.F.,(2,2),(10,7,7,7,10),(0.,0.659896538121)
  ,(0.,1.58079326614,3.161586532279,4.742379798419,6.323173064558),
  .UNSPECIFIED.);
#11142 = CARTESIAN_POINT('',(8.274999580664,-1.932874510063E-07,
    3.706333608143));
#11143 = CARTESIAN_POINT('',(8.25527732271,0.559611404789,3.706343205687
    ));
#11144 = CARTESIAN_POINT('',(8.235554892555,1.119224752951,
    3.596542616865));
#11145 = CARTESIAN_POINT('',(8.215832883106,1.654211571154,
    3.376696528252));
#11146 = CARTESIAN_POINT('',(8.196110766269,2.139791862069,
    3.053479150693));
#11147 = CARTESIAN_POINT('',(8.176388489628,2.553509034465,
    2.639814372328));
#11148 = CARTESIAN_POINT('',(8.156666214077,2.876702922299,
    2.154177432037));
#11149 = CARTESIAN_POINT('',(8.136943954604,3.096472111298,
    1.619228801619));
#11150 = CARTESIAN_POINT('',(8.097499492109,3.316236508203,
    0.500005976593));
#11151 = CARTESIAN_POINT('',(8.058055092529,3.096466508877,
    -0.619224393498));
#11152 = CARTESIAN_POINT('',(8.038332898416,2.876700386462,
    -1.154181391423));
#11153 = CARTESIAN_POINT('',(8.018610678052,2.553516649937,
    -1.639824643389));
#11154 = CARTESIAN_POINT('',(7.998888433929,2.13982466429,
    -2.053523456044));
#11155 = CARTESIAN_POINT('',(7.979166192191,1.654181680089,
    -2.376711471908));
#11156 = CARTESIAN_POINT('',(7.959443968688,1.119225441802,
    -2.59646724337));
#11157 = CARTESIAN_POINT('',(7.919999533991,-2.388461062687E-07,
    -2.816220730236));
#11158 = CARTESIAN_POINT('',(7.880555099293,-1.11922489766,
    -2.596462039138));
#11159 = CARTESIAN_POINT('',(7.860832875794,-1.654179504214,
    -2.376706367271));
#11160 = CARTESIAN_POINT('',(7.841110634052,-2.139825253038,
    -2.05353117025));
#11161 = CARTESIAN_POINT('',(7.821388389923,-2.553527957753,
    -1.639838707612));
#11162 = CARTESIAN_POINT('',(7.801666169563,-2.876715838055,
    -1.154188327178));
#11163 = CARTESIAN_POINT('',(7.781943975457,-3.096467337117,
    -0.619225891685));
#11164 = CARTESIAN_POINT('',(7.742499575863,-3.316214577979,
    0.500005830483));
#11165 = CARTESIAN_POINT('',(7.703055113372,-3.096459167222,
    1.619227303423));
#11166 = CARTESIAN_POINT('',(7.68333285409,-2.876709524354,
    2.154181214962));
#11167 = CARTESIAN_POINT('',(7.663610577815,-2.553538369965,
    2.639815895708));
#11168 = CARTESIAN_POINT('',(7.643888302386,-2.139857632472,
    3.053545220197));
#11169 = CARTESIAN_POINT('',(7.624166184412,-1.654159318824,
    3.376710592493));
#11170 = CARTESIAN_POINT('',(7.604444175555,-1.119221374599,
    3.596437885594));
#11171 = CARTESIAN_POINT('',(7.58472174528,-0.559611794692,
    3.706348990619));
#11172 = CARTESIAN_POINT('',(7.564999487302,-1.96615920891E-07,
    3.706358588747));
#11173 = CARTESIAN_POINT('',(7.945057917535,4.824280293018E-08,
    3.134842628375));
#11174 = CARTESIAN_POINT('',(7.925336221601,0.459889053445,
    3.134851859301));
#11175 = CARTESIAN_POINT('',(7.905617061838,0.919720234936,
    3.044625624629));
#11176 = CARTESIAN_POINT('',(7.885891702194,1.359357697559,
    2.863975004269));
#11177 = CARTESIAN_POINT('',(7.866167937222,1.758407497886,
    2.598347251074));
#11178 = CARTESIAN_POINT('',(7.84644650676,2.098374026668,2.25841283692)
  );
#11179 = CARTESIAN_POINT('',(7.826725075389,2.363967059158,
    1.859338370965));
#11180 = CARTESIAN_POINT('',(7.807003400142,2.54456533655,1.419739848747
    ));
#11181 = CARTESIAN_POINT('',(7.767559221432,2.725160094903,
    0.500005887496));
#11182 = CARTESIAN_POINT('',(7.728114116536,2.544559546562,
    -0.419737731492));
#11183 = CARTESIAN_POINT('',(7.708391480387,2.363962333377,
    -0.85934673585));
#11184 = CARTESIAN_POINT('',(7.688669230769,2.098381424928,
    -1.258428024603));
#11185 = CARTESIAN_POINT('',(7.668947331059,1.758427571353,
    -1.598388077571));
#11186 = CARTESIAN_POINT('',(7.649225396203,1.359347570596,
    -1.863972234094));
#11187 = CARTESIAN_POINT('',(7.629503192809,0.919740000832,
    -2.044559964482));
#11188 = CARTESIAN_POINT('',(7.590058604857,-5.007701750022E-07,
    -2.225145204919));
#11189 = CARTESIAN_POINT('',(7.550614016904,-0.91973997942,
    -2.044554754549));
#11190 = CARTESIAN_POINT('',(7.530891813513,-1.359345937023,
    -1.863967033258));
#11191 = CARTESIAN_POINT('',(7.511169878653,-1.758428555977,
    -1.598395181581));
#11192 = CARTESIAN_POINT('',(7.491447978937,-2.098392697578,
    -1.258441195818));
#11193 = CARTESIAN_POINT('',(7.471725729324,-2.363977530128,
    -0.859352967815));
#11194 = CARTESIAN_POINT('',(7.452003093182,-2.544560528969,
    -0.419738674583));
#11195 = CARTESIAN_POINT('',(7.412557988271,-2.725138908708,
    0.500006286399));
#11196 = CARTESIAN_POINT('',(7.373113809566,-2.54455264936,
    1.419738905648));
#11197 = CARTESIAN_POINT('',(7.353392134503,-2.363973167836,
    1.859342494024));
#11198 = CARTESIAN_POINT('',(7.333670702432,-2.098402018421,
    2.258414724466));
#11199 = CARTESIAN_POINT('',(7.313949273143,-1.758470621045,
    2.598411427497));
#11200 = CARTESIAN_POINT('',(7.294225507071,-1.359306749534,
    2.863988860753));
#11201 = CARTESIAN_POINT('',(7.274500147999,-0.919716466927,
    3.044524628869));
#11202 = CARTESIAN_POINT('',(7.254780988121,-0.459888907958,
    3.134857539081));
#11203 = CARTESIAN_POINT('',(7.235059292163,9.724331724549E-08,
    3.13486676146));
#11204 = ADVANCED_FACE('',(#11205),#11250,.F.);
#11205 = FACE_BOUND('',#11206,.F.);
#11206 = EDGE_LOOP('',(#11207,#11243,#11248,#11249));
#11207 = ORIENTED_EDGE('',*,*,#11208,.F.);
#11208 = EDGE_CURVE('',#11209,#10734,#11211,.T.);
#11209 = VERTEX_POINT('',#11210);
#11210 = CARTESIAN_POINT('',(8.655056542844,-7.605143551191E-10,
    3.134818495274));
#11211 = B_SPLINE_CURVE_WITH_KNOTS('',9,(#11212,#11213,#11214,#11215,
    #11216,#11217,#11218,#11219,#11220,#11221,#11222,#11223,#11224,
    #11225,#11226,#11227,#11228,#11229,#11230,#11231,#11232,#11233,
    #11234,#11235,#11236,#11237,#11238,#11239,#11240,#11241,#11242),
  .UNSPECIFIED.,.F.,.F.,(10,7,7,7,10),(0.,1.58079326614,3.161586532279,
    4.742379798419,6.323173064558),.UNSPECIFIED.);
#11212 = CARTESIAN_POINT('',(8.655056542844,-7.605170051191E-10,
    3.134818495274));
#11213 = CARTESIAN_POINT('',(8.635334846934,0.459884793329,
    3.134827734761));
#11214 = CARTESIAN_POINT('',(8.615615687311,0.919711762877,
    3.044602335312));
#11215 = CARTESIAN_POINT('',(8.595890327524,1.359345202455,
    2.863953378207));
#11216 = CARTESIAN_POINT('',(8.576166562484,1.758391353611,2.59832806431
    ));
#11217 = CARTESIAN_POINT('',(8.556445132056,2.098354774378,
    2.258396770027));
#11218 = CARTESIAN_POINT('',(8.536723700722,2.363945381922,
    1.859325964394));
#11219 = CARTESIAN_POINT('',(8.517002025499,2.544542013384,
    1.419731472008));
#11220 = CARTESIAN_POINT('',(8.477557846801,2.725135134785,
    0.500005938184));
#11221 = CARTESIAN_POINT('',(8.438112741875,2.544536257596,
    -0.419729260183));
#11222 = CARTESIAN_POINT('',(8.418390105707,2.363940706614,
    -0.859334241516));
#11223 = CARTESIAN_POINT('',(8.398667856089,2.098362238059,
    -1.258411879844));
#11224 = CARTESIAN_POINT('',(8.378945956392,1.758411504648,
    -1.598368825279));
#11225 = CARTESIAN_POINT('',(8.35922402155,1.359335164238,
    -1.863950556723));
#11226 = CARTESIAN_POINT('',(8.339501818156,0.919731624241,
    -2.044536641291));
#11227 = CARTESIAN_POINT('',(8.300057230198,-4.500900544175E-07,
    -2.225120244825));
#11228 = CARTESIAN_POINT('',(8.260612642239,-0.919731508185,
    -2.044531465566));
#11229 = CARTESIAN_POINT('',(8.240890438849,-1.359333442738,
    -1.863945406447));
#11230 = CARTESIAN_POINT('',(8.221168504001,-1.758412411223,
    -1.598375994691));
#11231 = CARTESIAN_POINT('',(8.201446604301,-2.098373445304,
    -1.258425129106));
#11232 = CARTESIAN_POINT('',(8.181724354685,-2.363955852803,
    -0.859340561407));
#11233 = CARTESIAN_POINT('',(8.162001718525,-2.544537205794,
    -0.419730297918));
#11234 = CARTESIAN_POINT('',(8.122556613584,-2.725113948593,
    0.500006235727));
#11235 = CARTESIAN_POINT('',(8.083112434892,-2.544529360405,
    1.419730434265));
#11236 = CARTESIAN_POINT('',(8.063390759852,-2.363951541159,
    1.859329999526));
#11237 = CARTESIAN_POINT('',(8.043669327818,-2.098382831532,
    2.258398579523));
#11238 = CARTESIAN_POINT('',(8.023947898564,-1.758454554807,
    2.598392175322));
#11239 = CARTESIAN_POINT('',(8.004224132423,-1.35929434236,
    2.863967184124));
#11240 = CARTESIAN_POINT('',(7.984498773209,-0.919708089511,
    3.044501305351));
#11241 = CARTESIAN_POINT('',(7.964779613469,-0.459884745846,
    3.134833397439));
#11242 = CARTESIAN_POINT('',(7.945057917535,4.824284902018E-08,
    3.134842628375));
#11243 = ORIENTED_EDGE('',*,*,#11244,.T.);
#11244 = EDGE_CURVE('',#11209,#10952,#11245,.T.);
#11245 = B_SPLINE_CURVE_WITH_KNOTS('',1,(#11246,#11247),.UNSPECIFIED.,
  .F.,.F.,(2,2),(0.,4.010346187924E-02),.PIECEWISE_BEZIER_KNOTS.);
#11246 = CARTESIAN_POINT('',(8.655056542844,-7.604842151191E-10,
    3.134818495274));
#11247 = CARTESIAN_POINT('',(8.614953080967,-2.499851730958E-11,
    3.134818134726));
#11248 = ORIENTED_EDGE('',*,*,#10951,.T.);
#11249 = ORIENTED_EDGE('',*,*,#10769,.F.);
#11250 = B_SPLINE_SURFACE_WITH_KNOTS('',1,9,(
    (#11251,#11252,#11253,#11254,#11255,#11256,#11257,#11258,#11259
      ,#11260,#11261,#11262,#11263,#11264,#11265,#11266,#11267,#11268
      ,#11269,#11270,#11271,#11272,#11273,#11274,#11275,#11276,#11277
      ,#11278,#11279,#11280,#11281)
    ,(#11282,#11283,#11284,#11285,#11286,#11287,#11288,#11289,#11290
      ,#11291,#11292,#11293,#11294,#11295,#11296,#11297,#11298,#11299
      ,#11300,#11301,#11302,#11303,#11304,#11305,#11306,#11307,#11308
      ,#11309,#11310,#11311,#11312
    )),.UNSPECIFIED.,.F.,.F.,.F.,(2,2),(10,7,7,7,10),(0.,
    4.010346187924E-02),(0.,1.58079326614,3.161586532279,4.742379798419,
    6.323173064558),.UNSPECIFIED.);
#11251 = CARTESIAN_POINT('',(8.655056542844,-7.605170051191E-10,
    3.134818495274));
#11252 = CARTESIAN_POINT('',(8.635334846934,0.459884793329,
    3.134827734761));
#11253 = CARTESIAN_POINT('',(8.615615687311,0.919711762877,
    3.044602335312));
#11254 = CARTESIAN_POINT('',(8.595890327524,1.359345202455,
    2.863953378207));
#11255 = CARTESIAN_POINT('',(8.576166562484,1.758391353611,2.59832806431
    ));
#11256 = CARTESIAN_POINT('',(8.556445132056,2.098354774378,
    2.258396770027));
#11257 = CARTESIAN_POINT('',(8.536723700722,2.363945381922,
    1.859325964394));
#11258 = CARTESIAN_POINT('',(8.517002025499,2.544542013384,
    1.419731472008));
#11259 = CARTESIAN_POINT('',(8.477557846801,2.725135134785,
    0.500005938184));
#11260 = CARTESIAN_POINT('',(8.438112741875,2.544536257596,
    -0.419729260183));
#11261 = CARTESIAN_POINT('',(8.418390105707,2.363940706614,
    -0.859334241516));
#11262 = CARTESIAN_POINT('',(8.398667856089,2.098362238059,
    -1.258411879844));
#11263 = CARTESIAN_POINT('',(8.378945956392,1.758411504648,
    -1.598368825279));
#11264 = CARTESIAN_POINT('',(8.35922402155,1.359335164237,
    -1.863950556723));
#11265 = CARTESIAN_POINT('',(8.339501818156,0.919731624241,
    -2.044536641291));
#11266 = CARTESIAN_POINT('',(8.300057230198,-4.500900694075E-07,
    -2.225120244825));
#11267 = CARTESIAN_POINT('',(8.260612642239,-0.919731508185,
    -2.044531465566));
#11268 = CARTESIAN_POINT('',(8.240890438849,-1.359333442738,
    -1.863945406447));
#11269 = CARTESIAN_POINT('',(8.221168504001,-1.758412411223,
    -1.598375994691));
#11270 = CARTESIAN_POINT('',(8.201446604301,-2.098373445304,
    -1.258425129105));
#11271 = CARTESIAN_POINT('',(8.181724354685,-2.363955852803,
    -0.859340561407));
#11272 = CARTESIAN_POINT('',(8.162001718525,-2.544537205794,
    -0.419730297918));
#11273 = CARTESIAN_POINT('',(8.122556613584,-2.725113948593,
    0.500006235727));
#11274 = CARTESIAN_POINT('',(8.083112434892,-2.544529360405,
    1.419730434265));
#11275 = CARTESIAN_POINT('',(8.063390759852,-2.363951541159,
    1.859329999526));
#11276 = CARTESIAN_POINT('',(8.043669327818,-2.098382831532,
    2.258398579523));
#11277 = CARTESIAN_POINT('',(8.023947898564,-1.758454554807,
    2.598392175322));
#11278 = CARTESIAN_POINT('',(8.004224132423,-1.35929434236,
    2.863967184124));
#11279 = CARTESIAN_POINT('',(7.984498773209,-0.919708089511,
    3.044501305351));
#11280 = CARTESIAN_POINT('',(7.964779613469,-0.459884745846,
    3.134833397439));
#11281 = CARTESIAN_POINT('',(7.945057917535,4.824284902018E-08,
    3.134842628375));
#11282 = CARTESIAN_POINT('',(8.614953080967,-2.503064730958E-11,
    3.134818134726));
#11283 = CARTESIAN_POINT('',(8.595231385057,0.459884722163,
    3.134827334646));
#11284 = CARTESIAN_POINT('',(8.575512225436,0.919711611999,
    3.044601721453));
#11285 = CARTESIAN_POINT('',(8.555786865647,1.359344882062,2.86395303756
    ));
#11286 = CARTESIAN_POINT('',(8.536063100604,1.758391214181,
    2.598327872424));
#11287 = CARTESIAN_POINT('',(8.516341670179,2.098354506658,
    2.258396498225));
#11288 = CARTESIAN_POINT('',(8.496620238844,2.363945025808,
    1.859325759671));
#11289 = CARTESIAN_POINT('',(8.476898563622,2.544541588737,1.41973132515
    ));
#11290 = CARTESIAN_POINT('',(8.437454384925,2.725134663392,
    0.500005937954));
#11291 = CARTESIAN_POINT('',(8.398009279998,2.544535861393,
    -0.419729119373));
#11292 = CARTESIAN_POINT('',(8.37828664383,2.363940368815,
    -0.859334043174));
#11293 = CARTESIAN_POINT('',(8.358564394211,2.098361933259,
    -1.258411633794));
#11294 = CARTESIAN_POINT('',(8.338842494515,1.758411230923,
    -1.598368512979));
#11295 = CARTESIAN_POINT('',(8.319120559673,1.359334947232,
    -1.863950176469));
#11296 = CARTESIAN_POINT('',(8.299398356279,0.919731479353,
    -2.044536232601));
#11297 = CARTESIAN_POINT('',(8.259953768321,-4.490343257797E-07,
    -2.22511981865));
#11298 = CARTESIAN_POINT('',(8.220509180361,-0.919731365408,
    -2.044531078386));
#11299 = CARTESIAN_POINT('',(8.200786976972,-1.359333234583,
    -1.863945047314));
#11300 = CARTESIAN_POINT('',(8.181065042124,-1.75841213496,
    -1.598375650671));
#11301 = CARTESIAN_POINT('',(8.161343142424,-2.098373093783,
    -1.258424825167));
#11302 = CARTESIAN_POINT('',(8.141620892808,-2.363955451215,
    -0.859340334586));
#11303 = CARTESIAN_POINT('',(8.121898256648,-2.544536806128,
    -0.419730151061));
#11304 = CARTESIAN_POINT('',(8.082453151706,-2.725113567635,
    0.500006235957));
#11305 = CARTESIAN_POINT('',(8.043008973014,-2.544528989184,
    1.419730293454));
#11306 = CARTESIAN_POINT('',(8.023287297975,-2.36395115789,1.85932977908
    ));
#11307 = CARTESIAN_POINT('',(8.003565865943,-2.098382442931,
    2.25839830133));
#11308 = CARTESIAN_POINT('',(7.983844436686,-1.758454144265,
    2.598391710891));
#11309 = CARTESIAN_POINT('',(7.964120670547,-1.359294237565,
    2.863966785409));
#11310 = CARTESIAN_POINT('',(7.944395311329,-0.919707952696,
    3.044501123329));
#11311 = CARTESIAN_POINT('',(7.924676151592,-0.459884673209,
    3.134832973444));
#11312 = CARTESIAN_POINT('',(7.904954455659,4.897837201799E-08,
    3.134842164813));
#11313 = ADVANCED_FACE('',(#11314),#11417,.T.);
#11314 = FACE_BOUND('',#11315,.T.);
#11315 = EDGE_LOOP('',(#11316,#11317,#11318,#11361,#11369,#11416));
#11316 = ORIENTED_EDGE('',*,*,#10887,.F.);
#11317 = ORIENTED_EDGE('',*,*,#11097,.F.);
#11318 = ORIENTED_EDGE('',*,*,#11319,.F.);
#11319 = EDGE_CURVE('',#11320,#11098,#11322,.T.);
#11320 = VERTEX_POINT('',#11321);
#11321 = CARTESIAN_POINT('',(8.606145405245,-4.333398182035E-15,-2.665)
  );
#11322 = B_SPLINE_CURVE_WITH_KNOTS('',7,(#11323,#11324,#11325,#11326,
    #11327,#11328,#11329,#11330,#11331,#11332,#11333,#11334,#11335,
    #11336,#11337,#11338,#11339,#11340,#11341,#11342,#11343,#11344,
    #11345,#11346,#11347,#11348,#11349,#11350,#11351,#11352,#11353,
    #11354,#11355,#11356,#11357,#11358,#11359,#11360),.UNSPECIFIED.,.F.,
  .F.,(8,6,6,6,6,6,8),(0.,4.785816611175E-02,0.279847704795,
    0.521939239741,0.733684489657,0.896781131628,1.),.UNSPECIFIED.);
#11323 = CARTESIAN_POINT('',(8.606145405245,-4.663398182035E-15,-2.665)
  );
#11324 = CARTESIAN_POINT('',(8.603718666426,-6.797278244958E-02,-2.665)
  );
#11325 = CARTESIAN_POINT('',(8.601291911983,-0.135945632161,
    -2.663296886131));
#11326 = CARTESIAN_POINT('',(8.598865139719,-0.203867222625,
    -2.659890661095));
#11327 = CARTESIAN_POINT('',(8.596438348011,-0.271686366001,
    -2.654783248903));
#11328 = CARTESIAN_POINT('',(8.594011535798,-0.339352013117,
    -2.647978494874));
#11329 = CARTESIAN_POINT('',(8.591584702592,-0.406813253466,
    -2.639482165636));
#11330 = CARTESIAN_POINT('',(8.57739382125,-0.799796596881,
    -2.579953971053));
#11331 = CARTESIAN_POINT('',(8.565623721613,-1.119733293752,
    -2.491014551988));
#11332 = CARTESIAN_POINT('',(8.553857566579,-1.42777346898,
    -2.363336626241));
#11333 = CARTESIAN_POINT('',(8.542092361,-1.718390358551,-2.198956872199
    ));
#11334 = CARTESIAN_POINT('',(8.530326011193,-1.986528903474,
    -2.000734596235));
#11335 = CARTESIAN_POINT('',(8.518555772563,-2.227596067425,
    -1.772357100192));
#11336 = CARTESIAN_POINT('',(8.494515646361,-2.657035974046,
    -1.253742212945));
#11337 = CARTESIAN_POINT('',(8.482233464855,-2.842886488548,
    -0.960966821455));
#11338 = CARTESIAN_POINT('',(8.469957892016,-2.990778393017,
    -0.645571874704));
#11339 = CARTESIAN_POINT('',(8.457684643211,-3.097627856206,
    -0.313505946796));
#11340 = CARTESIAN_POINT('',(8.445409636147,-3.161414497122,
    2.895180769237E-02));
#11341 = CARTESIAN_POINT('',(8.433127699494,-3.181174247188,
    0.375170799856));
#11342 = CARTESIAN_POINT('',(8.410114091183,-3.136736945002,
    1.018219383256));
#11343 = CARTESIAN_POINT('',(8.399372355319,-3.082736587115,
    1.316045187142));
#11344 = CARTESIAN_POINT('',(8.388632267195,-2.995751039987,
    1.607062706266));
#11345 = CARTESIAN_POINT('',(8.377893203005,-2.87688781075,
    1.886949380314));
#11346 = CARTESIAN_POINT('',(8.367152694297,-2.727879055984,
    2.151626570583));
#11347 = CARTESIAN_POINT('',(8.35641069373,-2.551066162894,
    2.397295805423));
#11348 = CARTESIAN_POINT('',(8.337402888067,-2.194366963242,
    2.792517867531));
#11349 = CARTESIAN_POINT('',(8.329132191648,-2.024462383703,
    2.951249828776));
#11350 = CARTESIAN_POINT('',(8.320862950292,-1.841240477157,
    3.095203512726));
#11351 = CARTESIAN_POINT('',(8.312594750377,-1.646255973035,
    3.223066120922));
#11352 = CARTESIAN_POINT('',(8.30432607956,-1.44120210638,3.333727275844
    ));
#11353 = CARTESIAN_POINT('',(8.296055823586,-1.227902633436,
    3.426284282653));
#11354 = CARTESIAN_POINT('',(8.282551038722,-0.869365040667,
    3.546788695676));
#11355 = CARTESIAN_POINT('',(8.277316223326,-0.727876183464,
    3.585985112401));
#11356 = CARTESIAN_POINT('',(8.272080884445,-0.584352292192,
    3.617507849836));
#11357 = CARTESIAN_POINT('',(8.26684494433,-0.439292950561,
    3.641232956773));
#11358 = CARTESIAN_POINT('',(8.261608443808,-0.293204938778,
    3.657077551605));
#11359 = CARTESIAN_POINT('',(8.256371830648,-0.146601261505,
    3.664999984573));
#11360 = CARTESIAN_POINT('',(8.251136247914,-1.758185087057E-07,3.665));
#11361 = ORIENTED_EDGE('',*,*,#11362,.T.);
#11362 = EDGE_CURVE('',#11320,#11363,#11365,.T.);
#11363 = VERTEX_POINT('',#11364);
#11364 = CARTESIAN_POINT('',(8.663837396107,-4.359018572671E-15,-2.665)
  );
#11365 = LINE('',#11366,#11367);
#11366 = CARTESIAN_POINT('',(6.446202902092,-4.304191022488E-15,-2.665)
  );
#11367 = VECTOR('',#11368,1.);
#11368 = DIRECTION('',(1.,-8.840892098501E-16,4.4E-16));
#11369 = ORIENTED_EDGE('',*,*,#11370,.T.);
#11370 = EDGE_CURVE('',#11363,#10988,#11371,.T.);
#11371 = B_SPLINE_CURVE_WITH_KNOTS('',7,(#11372,#11373,#11374,#11375,
    #11376,#11377,#11378,#11379,#11380,#11381,#11382,#11383,#11384,
    #11385,#11386,#11387,#11388,#11389,#11390,#11391,#11392,#11393,
    #11394,#11395,#11396,#11397,#11398,#11399,#11400,#11401,#11402,
    #11403,#11404,#11405,#11406,#11407,#11408,#11409,#11410,#11411,
    #11412,#11413,#11414,#11415),.UNSPECIFIED.,.F.,.F.,(8,6,6,6,6,6,6,8)
  ,(0.,4.587325632972E-02,0.205879837674,0.279885328231,0.521560106508,
    0.733261164311,0.892016703785,1.),.UNSPECIFIED.);
#11372 = CARTESIAN_POINT('',(8.663837396107,-4.249018572671E-15,-2.665)
  );
#11373 = CARTESIAN_POINT('',(8.661511065088,-6.515557169789E-02,-2.665)
  );
#11374 = CARTESIAN_POINT('',(8.659184747244,-0.130311206651,
    -2.663435135797));
#11375 = CARTESIAN_POINT('',(8.656858444475,-0.195421703961,
    -2.660305408959));
#11376 = CARTESIAN_POINT('',(8.654532158591,-0.260441975774,
    -2.655612443591));
#11377 = CARTESIAN_POINT('',(8.652205891308,-0.325327047277,
    -2.649359486333));
#11378 = CARTESIAN_POINT('',(8.649879644252,-0.390032056699,
    -2.64155140636));
#11379 = CARTESIAN_POINT('',(8.639439511489,-0.679420120381,
    -2.599558352199));
#11380 = CARTESIAN_POINT('',(8.631324977549,-0.901618375366,
    -2.548077266055));
#11381 = CARTESIAN_POINT('',(8.623211352654,-1.119168193568,
    -2.478025630956));
#11382 = CARTESIAN_POINT('',(8.615098368725,-1.330221355949,
    -2.389928241912));
#11383 = CARTESIAN_POINT('',(8.606985095362,-1.533013363091,
    -2.28452163439));
#11384 = CARTESIAN_POINT('',(8.598871136734,-1.725871382452,
    -2.162750766058));
#11385 = CARTESIAN_POINT('',(8.58700538069,-1.991121416606,
    -1.962459991227));
#11386 = CARTESIAN_POINT('',(8.583252836431,-2.072552028101,
    -1.895868150514));
#11387 = CARTESIAN_POINT('',(8.579500241143,-2.151376910429,
    -1.826140536967));
#11388 = CARTESIAN_POINT('',(8.575747587267,-2.227451720331,
    -1.753399929322));
#11389 = CARTESIAN_POINT('',(8.57199486987,-2.300639726246,
    -1.677777066723));
#11390 = CARTESIAN_POINT('',(8.568242086635,-2.370811808316,
    -1.599410648725));
#11391 = CARTESIAN_POINT('',(8.552233810783,-2.656757029336,
    -1.254050860453));
#11392 = CARTESIAN_POINT('',(8.539970836748,-2.84233373434,
    -0.961808867364));
#11393 = CARTESIAN_POINT('',(8.527712711701,-2.990086943193,
    -0.647016946907));
#11394 = CARTESIAN_POINT('',(8.515455685646,-3.096946455218,
    -0.31559210623));
#11395 = CARTESIAN_POINT('',(8.5031971285,-3.160898346748,
    2.621946999256E-02));
#11396 = CARTESIAN_POINT('',(8.490934029956,-3.180978267368,
    0.371821796389));
#11397 = CARTESIAN_POINT('',(8.467943331282,-3.137378262821,
    1.014291143936));
#11398 = CARTESIAN_POINT('',(8.457205297612,-3.083761294093,
    1.312130759158));
#11399 = CARTESIAN_POINT('',(8.44647057674,-2.997162433677,
    1.603206180305));
#11400 = CARTESIAN_POINT('',(8.435737963575,-2.87868305798,
    1.883195696453));
#11401 = CARTESIAN_POINT('',(8.425003555498,-2.730049146052,
    2.148020526865));
#11402 = CARTESIAN_POINT('',(8.414265676076,-2.553595917314,
    2.393881091534));
#11403 = CARTESIAN_POINT('',(8.395479679194,-2.201588033104,
    2.784968118131));
#11404 = CARTESIAN_POINT('',(8.387427716667,-2.036792345615,
    2.940043974849));
#11405 = CARTESIAN_POINT('',(8.379375759529,-1.859324479416,
    3.081173656822));
#11406 = CARTESIAN_POINT('',(8.371323719663,-1.670611725692,
    3.207138980448));
#11407 = CARTESIAN_POINT('',(8.363271291501,-1.472207380101,
    3.316903113308));
#11408 = CARTESIAN_POINT('',(8.35521890847,-1.265783886431,
    3.409615157625));
#11409 = CARTESIAN_POINT('',(8.341692509602,-0.908513401849,
    3.535679763456));
#11410 = CARTESIAN_POINT('',(8.336217003158,-0.76099188286,
    3.578538167111));
#11411 = CARTESIAN_POINT('',(8.33074213684,-0.611142148104,
    3.613023203929));
#11412 = CARTESIAN_POINT('',(8.32526795448,-0.459534733102,
    3.638986470945));
#11413 = CARTESIAN_POINT('',(8.319794247089,-0.306749218303,
    3.656328700378));
#11414 = CARTESIAN_POINT('',(8.314320540477,-0.15337301718,
    3.664999984417));
#11415 = CARTESIAN_POINT('',(8.308846082863,-1.643247143714E-07,3.665));
#11416 = ORIENTED_EDGE('',*,*,#10994,.T.);
#11417 = CYLINDRICAL_SURFACE('',#11418,3.165);
#11418 = AXIS2_PLACEMENT_3D('',#11419,#11420,#11421);
#11419 = CARTESIAN_POINT('',(6.446202902092,-2.854191022488E-15,0.5));
#11420 = DIRECTION('',(1.,-5.540892098501E-16,4.4E-16));
#11421 = DIRECTION('',(4.4E-16,7.E-17,-1.));
#11422 = ADVANCED_FACE('',(#11423),#11505,.F.);
#11423 = FACE_BOUND('',#11424,.F.);
#11424 = EDGE_LOOP('',(#11425,#11461,#11468,#11503,#11504));
#11425 = ORIENTED_EDGE('',*,*,#11426,.F.);
#11426 = EDGE_CURVE('',#11427,#10952,#11429,.T.);
#11427 = VERTEX_POINT('',#11428);
#11428 = CARTESIAN_POINT('',(9.324951706214,-4.903054365261E-08,
    3.134794104654));
#11429 = B_SPLINE_CURVE_WITH_KNOTS('',9,(#11430,#11431,#11432,#11433,
    #11434,#11435,#11436,#11437,#11438,#11439,#11440,#11441,#11442,
    #11443,#11444,#11445,#11446,#11447,#11448,#11449,#11450,#11451,
    #11452,#11453,#11454,#11455,#11456,#11457,#11458,#11459,#11460),
  .UNSPECIFIED.,.F.,.F.,(10,7,7,7,10),(0.,1.58079326614,3.161586532279,
    4.742379798419,6.323173064558),.UNSPECIFIED.);
#11430 = CARTESIAN_POINT('',(9.324951706214,-4.903054461261E-08,
    3.134794104654));
#11431 = CARTESIAN_POINT('',(9.305230010327,0.45988048002,3.134803313117
    ));
#11432 = CARTESIAN_POINT('',(9.285510850843,0.919703175894,
    3.044578531615));
#11433 = CARTESIAN_POINT('',(9.265785490915,1.359332440098,
    2.863931503916));
#11434 = CARTESIAN_POINT('',(9.246061725801,1.758375138646,
    2.598308767698));
#11435 = CARTESIAN_POINT('',(9.226340295412,2.098335336402,
    2.258380500082));
#11436 = CARTESIAN_POINT('',(9.206618864113,2.363923440989,
    1.859313406247));
#11437 = CARTESIAN_POINT('',(9.186897188915,2.54451836505,1.419722984373
    ));
#11438 = CARTESIAN_POINT('',(9.14745301023,2.725109809815,0.500005988646
    ));
#11439 = CARTESIAN_POINT('',(9.108007905273,2.544512671909,
    -0.419720684017));
#11440 = CARTESIAN_POINT('',(9.088285269087,2.363918834475,
    -0.85932160198));
#11441 = CARTESIAN_POINT('',(9.068563019467,2.09834282843,
    -1.258395557777));
#11442 = CARTESIAN_POINT('',(9.048841119785,1.758395232968,
    -1.598349342722));
#11443 = CARTESIAN_POINT('',(9.029119184956,1.359322594021,
    -1.863928591517));
#11444 = CARTESIAN_POINT('',(9.009396981563,0.919723138722,
    -2.044513008889));
#11445 = CARTESIAN_POINT('',(8.969952393598,-3.98349905095E-07,
    -2.225094965096));
#11446 = CARTESIAN_POINT('',(8.930507805633,-0.919722930127,
    -2.044507888885));
#11447 = CARTESIAN_POINT('',(8.910785602243,-1.359320793437,
    -1.863923512926));
#11448 = CARTESIAN_POINT('',(8.89106366741,-1.75839605895,
    -1.598356545822));
#11449 = CARTESIAN_POINT('',(8.871341767722,-2.098353923542,
    -1.258408827203));
#11450 = CARTESIAN_POINT('',(8.851619518107,-2.363933866308,
    -0.859327981326));
#11451 = CARTESIAN_POINT('',(8.831896881928,-2.544513582432,
    -0.419721810356));
#11452 = CARTESIAN_POINT('',(8.792451776957,-2.725088714061,
    0.500006185281));
#11453 = CARTESIAN_POINT('',(8.753007598276,-2.544505799711,
    1.419721858025));
#11454 = CARTESIAN_POINT('',(8.733285923262,-2.363929623635,
    1.859317337723));
#11455 = CARTESIAN_POINT('',(8.713564491264,-2.09836333808,2.25838222513
    ));
#11456 = CARTESIAN_POINT('',(8.693843062044,-1.758438146776,
    2.598372540751));
#11457 = CARTESIAN_POINT('',(8.674119295835,-1.359281883541,
    2.863945201196));
#11458 = CARTESIAN_POINT('',(8.654393936477,-0.919699611246,
    3.044477899294));
#11459 = CARTESIAN_POINT('',(8.634674776877,-0.459880529075,
    3.134808934813));
#11460 = CARTESIAN_POINT('',(8.614953080967,-2.499851730958E-11,
    3.134818134726));
#11461 = ORIENTED_EDGE('',*,*,#11462,.T.);
#11462 = EDGE_CURVE('',#11427,#11463,#11465,.T.);
#11463 = VERTEX_POINT('',#11464);
#11464 = CARTESIAN_POINT('',(9.01883264999,-1.647888645167E-07,3.665));
#11465 = B_SPLINE_CURVE_WITH_KNOTS('',1,(#11466,#11467),.UNSPECIFIED.,
  .F.,.F.,(2,2),(0.,0.659896538121),.PIECEWISE_BEZIER_KNOTS.);
#11466 = CARTESIAN_POINT('',(9.324951706214,-4.903057843261E-08,
    3.134794104654));
#11467 = CARTESIAN_POINT('',(8.99499976721,-1.738012202161E-07,
    3.706279151677));
#11468 = ORIENTED_EDGE('',*,*,#11469,.T.);
#11469 = EDGE_CURVE('',#11463,#11363,#11470,.T.);
#11470 = B_SPLINE_CURVE_WITH_KNOTS('',6,(#11471,#11472,#11473,#11474,
    #11475,#11476,#11477,#11478,#11479,#11480,#11481,#11482,#11483,
    #11484,#11485,#11486,#11487,#11488,#11489,#11490,#11491,#11492,
    #11493,#11494,#11495,#11496,#11497,#11498,#11499,#11500,#11501,
    #11502),.UNSPECIFIED.,.F.,.F.,(7,5,5,5,5,5,7),(0.,0.101550566206,
    0.265382215722,0.474325768286,0.682122159545,0.843731856166,1.),
  .UNSPECIFIED.);
#11471 = CARTESIAN_POINT('',(9.01883264999,-1.647888304167E-07,3.665));
#11472 = CARTESIAN_POINT('',(9.01282618075,0.168278534275,3.665000000401
    ));
#11473 = CARTESIAN_POINT('',(9.006823330206,0.336560809332,
    3.654263182554));
#11474 = CARTESIAN_POINT('',(9.00081994476,0.503982709553,3.632789920544
    ));
#11475 = CARTESIAN_POINT('',(8.994814632022,0.669691905852,
    3.600671201831));
#11476 = CARTESIAN_POINT('',(8.988807558593,0.832850636712,
    3.558088039223));
#11477 = CARTESIAN_POINT('',(8.973106032967,1.250424852801,
    3.420165433553));
#11478 = CARTESIAN_POINT('',(8.963407972831,1.499483602166,
    3.308473232798));
#11479 = CARTESIAN_POINT('',(8.953709870903,1.736313788397,
    3.171375761242));
#11480 = CARTESIAN_POINT('',(8.944013775971,1.957759168208,
    3.010607953784));
#11481 = CARTESIAN_POINT('',(8.934318039383,2.160952516328,
    2.828349804831));
#11482 = CARTESIAN_POINT('',(8.912263553145,2.576151458452,
    2.370975638125));
#11483 = CARTESIAN_POINT('',(8.899899888135,2.77530698032,2.083966126802
    ));
#11484 = CARTESIAN_POINT('',(8.887543115165,2.935638470425,
    1.772012767791));
#11485 = CARTESIAN_POINT('',(8.875184714204,3.053600595024,
    1.441700942308));
#11486 = CARTESIAN_POINT('',(8.86281949378,3.126813277825,1.100120592464
    ));
#11487 = CARTESIAN_POINT('',(8.838163638881,3.182453808644,0.41178999075
    ));
#11488 = CARTESIAN_POINT('',(8.825864092189,3.165398503642,
    6.482361199867E-02));
#11489 = CARTESIAN_POINT('',(8.813569017858,3.102873018606,
    -0.27829441433));
#11490 = CARTESIAN_POINT('',(8.801274629779,2.996056353063,
    -0.61030298532));
#11491 = CARTESIAN_POINT('',(8.788975869932,2.847336032177,-0.9242439805
    ));
#11492 = CARTESIAN_POINT('',(8.767120734806,2.515883845454,
    -1.438884063235));
#11493 = CARTESIAN_POINT('',(8.757558470194,2.347998054668,
    -1.649338651258));
#11494 = CARTESIAN_POINT('',(8.747997882836,2.15913359084,
    -1.842123416174));
#11495 = CARTESIAN_POINT('',(8.738437215987,1.951654553928,
    -2.014715886212));
#11496 = CARTESIAN_POINT('',(8.72887482246,1.728266831288,-2.16496465869
    ));
#11497 = CARTESIAN_POINT('',(8.71006811502,1.263723477353,
    -2.413294240012));
#11498 = CARTESIAN_POINT('',(8.700821452659,1.023342018751,
    -2.512965735563));
#11499 = CARTESIAN_POINT('',(8.69157581152,0.773754910836,
    -2.588717524514));
#11500 = CARTESIAN_POINT('',(8.682329979915,0.517931805183,
    -2.639576096684));
#11501 = CARTESIAN_POINT('',(8.673083031987,0.258950547728,
    -2.664999999999));
#11502 = CARTESIAN_POINT('',(8.663837396107,-4.099018572671E-15,-2.665)
  );
#11503 = ORIENTED_EDGE('',*,*,#11370,.T.);
#11504 = ORIENTED_EDGE('',*,*,#10987,.F.);
#11505 = B_SPLINE_SURFACE_WITH_KNOTS('',1,9,(
    (#11506,#11507,#11508,#11509,#11510,#11511,#11512,#11513,#11514
      ,#11515,#11516,#11517,#11518,#11519,#11520,#11521,#11522,#11523
      ,#11524,#11525,#11526,#11527,#11528,#11529,#11530,#11531,#11532
      ,#11533,#11534,#11535,#11536)
    ,(#11537,#11538,#11539,#11540,#11541,#11542,#11543,#11544,#11545
      ,#11546,#11547,#11548,#11549,#11550,#11551,#11552,#11553,#11554
      ,#11555,#11556,#11557,#11558,#11559,#11560,#11561,#11562,#11563
      ,#11564,#11565,#11566,#11567
    )),.UNSPECIFIED.,.F.,.F.,.F.,(2,2),(10,7,7,7,10),(0.,0.659896538121)
  ,(0.,1.58079326614,3.161586532279,4.742379798419,6.323173064558),
  .UNSPECIFIED.);
#11506 = CARTESIAN_POINT('',(9.324951706214,-4.903054461261E-08,
    3.134794104654));
#11507 = CARTESIAN_POINT('',(9.305230010327,0.45988048002,3.134803313117
    ));
#11508 = CARTESIAN_POINT('',(9.285510850843,0.919703175894,
    3.044578531615));
#11509 = CARTESIAN_POINT('',(9.265785490915,1.359332440098,
    2.863931503916));
#11510 = CARTESIAN_POINT('',(9.246061725801,1.758375138646,
    2.598308767698));
#11511 = CARTESIAN_POINT('',(9.226340295412,2.098335336402,
    2.258380500082));
#11512 = CARTESIAN_POINT('',(9.206618864113,2.363923440989,
    1.859313406247));
#11513 = CARTESIAN_POINT('',(9.186897188915,2.54451836505,1.419722984373
    ));
#11514 = CARTESIAN_POINT('',(9.14745301023,2.725109809815,0.500005988646
    ));
#11515 = CARTESIAN_POINT('',(9.108007905273,2.544512671909,
    -0.419720684017));
#11516 = CARTESIAN_POINT('',(9.088285269087,2.363918834475,
    -0.85932160198));
#11517 = CARTESIAN_POINT('',(9.068563019467,2.09834282843,
    -1.258395557777));
#11518 = CARTESIAN_POINT('',(9.048841119785,1.758395232968,
    -1.598349342722));
#11519 = CARTESIAN_POINT('',(9.029119184956,1.359322594021,
    -1.863928591517));
#11520 = CARTESIAN_POINT('',(9.009396981563,0.919723138722,
    -2.044513008889));
#11521 = CARTESIAN_POINT('',(8.969952393598,-3.98349905095E-07,
    -2.225094965096));
#11522 = CARTESIAN_POINT('',(8.930507805633,-0.919722930127,
    -2.044507888885));
#11523 = CARTESIAN_POINT('',(8.910785602243,-1.359320793437,
    -1.863923512926));
#11524 = CARTESIAN_POINT('',(8.89106366741,-1.75839605895,
    -1.598356545822));
#11525 = CARTESIAN_POINT('',(8.871341767722,-2.098353923542,
    -1.258408827203));
#11526 = CARTESIAN_POINT('',(8.851619518107,-2.363933866308,
    -0.859327981326));
#11527 = CARTESIAN_POINT('',(8.831896881928,-2.544513582432,
    -0.419721810356));
#11528 = CARTESIAN_POINT('',(8.792451776957,-2.725088714061,
    0.500006185281));
#11529 = CARTESIAN_POINT('',(8.753007598276,-2.544505799711,
    1.419721858025));
#11530 = CARTESIAN_POINT('',(8.733285923262,-2.363929623635,
    1.859317337723));
#11531 = CARTESIAN_POINT('',(8.713564491264,-2.09836333808,2.25838222513
    ));
#11532 = CARTESIAN_POINT('',(8.693843062044,-1.758438146776,
    2.598372540751));
#11533 = CARTESIAN_POINT('',(8.674119295835,-1.359281883541,
    2.863945201196));
#11534 = CARTESIAN_POINT('',(8.654393936477,-0.919699611246,
    3.044477899294));
#11535 = CARTESIAN_POINT('',(8.634674776877,-0.459880529075,
    3.134808934813));
#11536 = CARTESIAN_POINT('',(8.614953080967,-2.499851730958E-11,
    3.134818134726));
#11537 = CARTESIAN_POINT('',(8.99499976721,-1.738011858361E-07,
    3.706279151677));
#11538 = CARTESIAN_POINT('',(8.97527750931,0.559601764997,3.706288057429
    ));
#11539 = CARTESIAN_POINT('',(8.955555079468,1.119205312314,
    3.596485386396));
#11540 = CARTESIAN_POINT('',(8.935833069715,1.654181135585,
    3.376647368628));
#11541 = CARTESIAN_POINT('',(8.916110952679,2.13975729189,3.053437440032
    ));
#11542 = CARTESIAN_POINT('',(8.896388676161,2.553466008766,
    2.639777479707));
#11543 = CARTESIAN_POINT('',(8.876666400667,2.876653498341,
    2.154149004756));
#11544 = CARTESIAN_POINT('',(8.856944141258,3.096418188854,1.61920941966
    ));
#11545 = CARTESIAN_POINT('',(8.81749967879,3.316178466439,0.500005965708
    ));
#11546 = CARTESIAN_POINT('',(8.778055279141,3.096413078262,
    -0.619205130086));
#11547 = CARTESIAN_POINT('',(8.758333084986,2.876651275165,
    -1.154153087779));
#11548 = CARTESIAN_POINT('',(8.738610864619,2.553472968186,
    -1.639788211218));
#11549 = CARTESIAN_POINT('',(8.718888620528,2.139787738464,
    -2.053479652201));
#11550 = CARTESIAN_POINT('',(8.699166378821,1.654153038841,
    -2.376661626322));
#11551 = CARTESIAN_POINT('',(8.67944415532,1.119206094518,
    -2.596413599419));
#11552 = CARTESIAN_POINT('',(8.639999720608,-2.272980575784E-07,
    -2.816163477785));
#11553 = CARTESIAN_POINT('',(8.600555285895,-1.119205600084,
    -2.596408765975));
#11554 = CARTESIAN_POINT('',(8.580833062397,-1.654151029377,
    -2.376656883483));
#11555 = CARTESIAN_POINT('',(8.561110820686,-2.139788293526,
    -2.053486803859));
#11556 = CARTESIAN_POINT('',(8.54138857659,-2.553483469356,
    -1.639801254413));
#11557 = CARTESIAN_POINT('',(8.521666356228,-2.876665620192,
    -1.15415951451));
#11558 = CARTESIAN_POINT('',(8.501944162079,-3.096413850695,
    -0.619206509895));
#11559 = CARTESIAN_POINT('',(8.462499762416,-3.316158114741,
    0.500005841403));
#11560 = CARTESIAN_POINT('',(8.423055299953,-3.096406172675,
    1.619208039844));
#11561 = CARTESIAN_POINT('',(8.403333040721,-2.876659619553,
    2.15415252518));
#11562 = CARTESIAN_POINT('',(8.383610764553,-2.55349322543,
    2.639778902125));
#11563 = CARTESIAN_POINT('',(8.363888489163,-2.139818319486,
    3.053498761177));
#11564 = CARTESIAN_POINT('',(8.34416637107,-1.654132634554,
    3.376660426161));
#11565 = CARTESIAN_POINT('',(8.324444361867,-1.119202166592,
    3.596388197429));
#11566 = CARTESIAN_POINT('',(8.304721931913,-0.559602115922,
    3.706293427869));
#11567 = CARTESIAN_POINT('',(8.28499967399,-1.771240246008E-07,
    3.7063023342));
#11568 = ADVANCED_FACE('',(#11569),#11616,.F.);
#11569 = FACE_BOUND('',#11570,.F.);
#11570 = EDGE_LOOP('',(#11571,#11608,#11613,#11614,#11615));
#11571 = ORIENTED_EDGE('',*,*,#11572,.F.);
#11572 = EDGE_CURVE('',#11573,#11320,#11575,.T.);
#11573 = VERTEX_POINT('',#11574);
#11574 = CARTESIAN_POINT('',(8.96115062192,-1.762859124911E-07,3.665));
#11575 = B_SPLINE_CURVE_WITH_KNOTS('',6,(#11576,#11577,#11578,#11579,
    #11580,#11581,#11582,#11583,#11584,#11585,#11586,#11587,#11588,
    #11589,#11590,#11591,#11592,#11593,#11594,#11595,#11596,#11597,
    #11598,#11599,#11600,#11601,#11602,#11603,#11604,#11605,#11606,
    #11607),.UNSPECIFIED.,.F.,.F.,(7,5,5,5,5,5,7),(0.,9.800523354132E-02
    ,0.268199874681,0.471076704908,0.684322698298,0.845078200325,1.),
  .UNSPECIFIED.);
#11576 = CARTESIAN_POINT('',(8.96115062192,-1.762859452711E-07,3.665));
#11577 = CARTESIAN_POINT('',(8.955350738933,0.162403369336,
    3.665000000977));
#11578 = CARTESIAN_POINT('',(8.9495470666,0.324809519871,3.654999847448)
  );
#11579 = CARTESIAN_POINT('',(8.943743986775,0.486442597086,
    3.634999907299));
#11580 = CARTESIAN_POINT('',(8.937942673324,0.646536370087,
    3.605079066081));
#11581 = CARTESIAN_POINT('',(8.932142845503,0.804336652743,
    3.565394339042));
#11582 = CARTESIAN_POINT('',(8.916275225396,1.227870734674,
    3.430716327399));
#11583 = CARTESIAN_POINT('',(8.906208448133,1.487543931237,
    3.316498488097));
#11584 = CARTESIAN_POINT('',(8.896145860674,1.734175996659,
    3.174763397285));
#11585 = CARTESIAN_POINT('',(8.886080909045,1.96422160439,3.007445751507
    ));
#11586 = CARTESIAN_POINT('',(8.876011759083,2.174467882021,2.81699250273
    ));
#11587 = CARTESIAN_POINT('',(8.853939461038,2.585927128102,
    2.355593310469));
#11588 = CARTESIAN_POINT('',(8.841929987743,2.777771781535,
    2.076079373021));
#11589 = CARTESIAN_POINT('',(8.829923497398,2.932957089327,
    1.773215451686));
#11590 = CARTESIAN_POINT('',(8.817918481797,3.048241385002,
    1.453030239018));
#11591 = CARTESIAN_POINT('',(8.80591038679,3.121434049235,1.122008841058
    ));
#11592 = CARTESIAN_POINT('',(8.781291113626,3.184008145691,
    0.435300740401));
#11593 = CARTESIAN_POINT('',(8.768671136441,3.168938885057,
    7.895148936848E-02));
#11594 = CARTESIAN_POINT('',(8.756057970897,3.105918416517,
    -0.273618845969));
#11595 = CARTESIAN_POINT('',(8.743444114868,2.996200616169,
    -0.614557608519));
#11596 = CARTESIAN_POINT('',(8.730823417299,2.842360318288,
    -0.936343068857));
#11597 = CARTESIAN_POINT('',(8.708696391206,2.503190205024,
    -1.455051241096));
#11598 = CARTESIAN_POINT('',(8.699184028755,2.334868468598,
    -1.663310844545));
#11599 = CARTESIAN_POINT('',(8.68967288967,2.145900690462,
    -1.853959685222));
#11600 = CARTESIAN_POINT('',(8.680161803042,1.938628073878,
    -2.024528810394));
#11601 = CARTESIAN_POINT('',(8.670649486819,1.715724962043,
    -2.17291495791));
#11602 = CARTESIAN_POINT('',(8.65197300925,1.25335894942,-2.417571083284
    ));
#11603 = CARTESIAN_POINT('',(8.642806551531,1.014735502286,
    -2.515566048186));
#11604 = CARTESIAN_POINT('',(8.633641567086,0.767139805622,
    -2.590026864376));
#11605 = CARTESIAN_POINT('',(8.624476801724,0.513467775401,
    -2.640012374678));
#11606 = CARTESIAN_POINT('',(8.615310695247,0.256719123932,-2.665));
#11607 = CARTESIAN_POINT('',(8.606145405245,-4.843398182035E-15,-2.665)
  );
#11608 = ORIENTED_EDGE('',*,*,#11609,.T.);
#11609 = EDGE_CURVE('',#11573,#11209,#11610,.T.);
#11610 = B_SPLINE_CURVE_WITH_KNOTS('',1,(#11611,#11612),.UNSPECIFIED.,
  .F.,.F.,(2,2),(0.,0.659896538121),.PIECEWISE_BEZIER_KNOTS.);
#11611 = CARTESIAN_POINT('',(8.984999673962,-1.899618224016E-07,
    3.706308627518));
#11612 = CARTESIAN_POINT('',(8.655056542844,-7.604842151191E-10,
    3.134818495274));
#11613 = ORIENTED_EDGE('',*,*,#11208,.T.);
#11614 = ORIENTED_EDGE('',*,*,#11134,.F.);
#11615 = ORIENTED_EDGE('',*,*,#11319,.F.);
#11616 = B_SPLINE_SURFACE_WITH_KNOTS('',1,9,(
    (#11617,#11618,#11619,#11620,#11621,#11622,#11623,#11624,#11625
      ,#11626,#11627,#11628,#11629,#11630,#11631,#11632,#11633,#11634
      ,#11635,#11636,#11637,#11638,#11639,#11640,#11641,#11642,#11643
      ,#11644,#11645,#11646,#11647)
    ,(#11648,#11649,#11650,#11651,#11652,#11653,#11654,#11655,#11656
      ,#11657,#11658,#11659,#11660,#11661,#11662,#11663,#11664,#11665
      ,#11666,#11667,#11668,#11669,#11670,#11671,#11672,#11673,#11674
      ,#11675,#11676,#11677,#11678
    )),.UNSPECIFIED.,.F.,.F.,.F.,(2,2),(10,7,7,7,10),(0.,0.659896538121)
  ,(0.,1.58079326614,3.161586532279,4.742379798419,6.323173064558),
  .UNSPECIFIED.);
#11617 = CARTESIAN_POINT('',(8.984999673962,-1.899618546416E-07,
    3.706308627518));
#11618 = CARTESIAN_POINT('',(8.965277416033,0.559607049114,
    3.706318224495));
#11619 = CARTESIAN_POINT('',(8.945554986021,1.119216035563,
    3.596518490798));
#11620 = CARTESIAN_POINT('',(8.925832976424,1.654198685735,
    3.376674114825));
#11621 = CARTESIAN_POINT('',(8.906110859518,2.139775193869,3.05345925404
    ));
#11622 = CARTESIAN_POINT('',(8.886388582911,2.55348914213,2.639797698141
    ));
#11623 = CARTESIAN_POINT('',(8.866666307398,2.876680511672,
    2.154164541271));
#11624 = CARTESIAN_POINT('',(8.846944047951,3.096447987922,
    1.619220078502));
#11625 = CARTESIAN_POINT('',(8.807499585468,3.316210671522,
    0.500005973159));
#11626 = CARTESIAN_POINT('',(8.768055185857,3.096442383168,
    -0.619215676885));
#11627 = CARTESIAN_POINT('',(8.748332991724,2.876677972311,
    -1.154168506798));
#11628 = CARTESIAN_POINT('',(8.72861077136,2.553496753179,
    -1.639807974692));
#11629 = CARTESIAN_POINT('',(8.708888527251,2.139807990298,
    -2.053503563709));
#11630 = CARTESIAN_POINT('',(8.689166285527,1.654168789543,
    -2.376689061143));
#11631 = CARTESIAN_POINT('',(8.669444062025,1.119216718838,
    -2.596443119967));
#11632 = CARTESIAN_POINT('',(8.629999627321,-2.42288287054E-07,
    -2.816194893577));
#11633 = CARTESIAN_POINT('',(8.590555192616,-1.119216181125,
    -2.596437913411));
#11634 = CARTESIAN_POINT('',(8.570832969118,-1.654166619641,
    -2.376683953072));
#11635 = CARTESIAN_POINT('',(8.551110727389,-2.139808584348,
    -2.053511273472));
#11636 = CARTESIAN_POINT('',(8.531388483276,-2.553508065438,
    -1.639822033613));
#11637 = CARTESIAN_POINT('',(8.511666262914,-2.876693427337,
    -1.154175436581));
#11638 = CARTESIAN_POINT('',(8.49194406879,-3.096443213731,
    -0.619217168645));
#11639 = CARTESIAN_POINT('',(8.452499669164,-3.316188741298,
    0.500005833933));
#11640 = CARTESIAN_POINT('',(8.413055206686,-3.096435041523,
    1.619218586735));
#11641 = CARTESIAN_POINT('',(8.393332947429,-2.876687110293,
    2.154168330167));
#11642 = CARTESIAN_POINT('',(8.373610671192,-2.553518473189,
    2.639799226822));
#11643 = CARTESIAN_POINT('',(8.353888395799,-2.13984095897,
    3.053525327987));
#11644 = CARTESIAN_POINT('',(8.334166277753,-1.654146427431,
    3.376688182498));
#11645 = CARTESIAN_POINT('',(8.31444426875,-1.11921265078,3.596413761846
    ));
#11646 = CARTESIAN_POINT('',(8.294721838618,-0.559607432363,
    3.706324010587));
#11647 = CARTESIAN_POINT('',(8.274999580664,-1.932874055163E-07,
    3.706333608143));
#11648 = CARTESIAN_POINT('',(8.655056542844,-7.605170051191E-10,
    3.134818495274));
#11649 = CARTESIAN_POINT('',(8.635334846934,0.459884793329,
    3.134827734761));
#11650 = CARTESIAN_POINT('',(8.615615687311,0.919711762877,
    3.044602335312));
#11651 = CARTESIAN_POINT('',(8.595890327524,1.359345202455,
    2.863953378207));
#11652 = CARTESIAN_POINT('',(8.576166562484,1.758391353611,2.59832806431
    ));
#11653 = CARTESIAN_POINT('',(8.556445132056,2.098354774378,
    2.258396770027));
#11654 = CARTESIAN_POINT('',(8.536723700722,2.363945381922,
    1.859325964394));
#11655 = CARTESIAN_POINT('',(8.517002025499,2.544542013384,
    1.419731472008));
#11656 = CARTESIAN_POINT('',(8.477557846801,2.725135134785,
    0.500005938184));
#11657 = CARTESIAN_POINT('',(8.438112741875,2.544536257596,
    -0.419729260183));
#11658 = CARTESIAN_POINT('',(8.418390105707,2.363940706614,
    -0.859334241516));
#11659 = CARTESIAN_POINT('',(8.398667856089,2.098362238059,
    -1.258411879844));
#11660 = CARTESIAN_POINT('',(8.378945956392,1.758411504648,
    -1.598368825279));
#11661 = CARTESIAN_POINT('',(8.35922402155,1.359335164238,
    -1.863950556723));
#11662 = CARTESIAN_POINT('',(8.339501818156,0.919731624241,
    -2.044536641291));
#11663 = CARTESIAN_POINT('',(8.300057230198,-4.500900544175E-07,
    -2.225120244825));
#11664 = CARTESIAN_POINT('',(8.260612642239,-0.919731508185,
    -2.044531465566));
#11665 = CARTESIAN_POINT('',(8.240890438849,-1.359333442738,
    -1.863945406447));
#11666 = CARTESIAN_POINT('',(8.221168504001,-1.758412411223,
    -1.598375994691));
#11667 = CARTESIAN_POINT('',(8.201446604301,-2.098373445304,
    -1.258425129106));
#11668 = CARTESIAN_POINT('',(8.181724354685,-2.363955852803,
    -0.859340561407));
#11669 = CARTESIAN_POINT('',(8.162001718525,-2.544537205794,
    -0.419730297918));
#11670 = CARTESIAN_POINT('',(8.122556613584,-2.725113948593,
    0.500006235727));
#11671 = CARTESIAN_POINT('',(8.083112434892,-2.544529360405,
    1.419730434265));
#11672 = CARTESIAN_POINT('',(8.063390759852,-2.363951541159,
    1.859329999526));
#11673 = CARTESIAN_POINT('',(8.043669327818,-2.098382831532,
    2.258398579523));
#11674 = CARTESIAN_POINT('',(8.023947898564,-1.758454554807,
    2.598392175322));
#11675 = CARTESIAN_POINT('',(8.004224132423,-1.35929434236,
    2.863967184124));
#11676 = CARTESIAN_POINT('',(7.984498773209,-0.919708089511,
    3.044501305351));
#11677 = CARTESIAN_POINT('',(7.964779613469,-0.459884745846,
    3.134833397439));
#11678 = CARTESIAN_POINT('',(7.945057917535,4.824284902018E-08,
    3.134842628375));
#11679 = ADVANCED_FACE('',(#11680),#11725,.F.);
#11680 = FACE_BOUND('',#11681,.F.);
#11681 = EDGE_LOOP('',(#11682,#11718,#11723,#11724));
#11682 = ORIENTED_EDGE('',*,*,#11683,.F.);
#11683 = EDGE_CURVE('',#11684,#11209,#11686,.T.);
#11684 = VERTEX_POINT('',#11685);
#11685 = CARTESIAN_POINT('',(9.365055168092,-4.976600167042E-08,
    3.134794362188));
#11686 = B_SPLINE_CURVE_WITH_KNOTS('',9,(#11687,#11688,#11689,#11690,
    #11691,#11692,#11693,#11694,#11695,#11696,#11697,#11698,#11699,
    #11700,#11701,#11702,#11703,#11704,#11705,#11706,#11707,#11708,
    #11709,#11710,#11711,#11712,#11713,#11714,#11715,#11716,#11717),
  .UNSPECIFIED.,.F.,.F.,(10,7,7,7,10),(0.,1.58079326614,3.161586532279,
    4.742379798419,6.323173064558),.UNSPECIFIED.);
#11687 = CARTESIAN_POINT('',(9.365055168092,-4.976600233042E-08,
    3.134794362188));
#11688 = CARTESIAN_POINT('',(9.345333472206,0.459880533211,
    3.134803610218));
#11689 = CARTESIAN_POINT('',(9.32561431272,0.919703290811,3.044579045989
    ));
#11690 = CARTESIAN_POINT('',(9.305888952792,1.359332707343,
    2.863931752143));
#11691 = CARTESIAN_POINT('',(9.286165187682,1.75837520933,2.598308877545
    ));
#11692 = CARTESIAN_POINT('',(9.26644375729,2.098335522082,2.258380703134
    ));
#11693 = CARTESIAN_POINT('',(9.246722325991,2.363923704681,
    1.859313557824));
#11694 = CARTESIAN_POINT('',(9.227000650793,2.544518690214,
    1.419723095272));
#11695 = CARTESIAN_POINT('',(9.187556472108,2.725110174664,
    0.500005988876));
#11696 = CARTESIAN_POINT('',(9.148111367151,2.544512968628,
    -0.419720788869));
#11697 = CARTESIAN_POINT('',(9.128388730965,2.36391907985,
    -0.859321747177));
#11698 = CARTESIAN_POINT('',(9.108666481345,2.09834305119,
    -1.258395735078));
#11699 = CARTESIAN_POINT('',(9.088944581664,1.758395437945,
    -1.598349572982));
#11700 = CARTESIAN_POINT('',(9.069222646833,1.359322757881,
    -1.863928879348));
#11701 = CARTESIAN_POINT('',(9.049500443441,0.919723247652,
    -2.044513318094));
#11702 = CARTESIAN_POINT('',(9.010055855476,-3.994056688428E-07,
    -2.225095284728));
#11703 = CARTESIAN_POINT('',(8.970611267511,-0.919723036945,
    -2.044508176582));
#11704 = CARTESIAN_POINT('',(8.950889064121,-1.359320948448,
    -1.863923779636));
#11705 = CARTESIAN_POINT('',(8.931167129288,-1.758396266464,
    -1.598356807802));
#11706 = CARTESIAN_POINT('',(8.9114452296,-2.098354193024,
    -1.258409062393));
#11707 = CARTESIAN_POINT('',(8.891722979985,-2.363934175473,
    -0.859328155001));
#11708 = CARTESIAN_POINT('',(8.872000343806,-2.544513882615,
    -0.419721921255));
#11709 = CARTESIAN_POINT('',(8.832555238835,-2.725088988476,
    0.50000618505));
#11710 = CARTESIAN_POINT('',(8.793111060154,-2.544506071448,
    1.419721962878));
#11711 = CARTESIAN_POINT('',(8.77338938514,-2.363929914481,
    1.859317505022));
#11712 = CARTESIAN_POINT('',(8.753667953141,-2.098363644641,
    2.258382434573));
#11713 = CARTESIAN_POINT('',(8.733946523922,-1.758438488571,
    2.598372923143));
#11714 = CARTESIAN_POINT('',(8.714222757712,-1.359281935187,
    2.863945507491));
#11715 = CARTESIAN_POINT('',(8.694497398357,-0.919699712099,
    3.04447798183));
#11716 = CARTESIAN_POINT('',(8.674778238755,-0.459880583737,
    3.134809255795));
#11717 = CARTESIAN_POINT('',(8.655056542844,-7.604842151191E-10,
    3.134818495274));
#11718 = ORIENTED_EDGE('',*,*,#11719,.T.);
#11719 = EDGE_CURVE('',#11684,#11427,#11720,.T.);
#11720 = B_SPLINE_CURVE_WITH_KNOTS('',1,(#11721,#11722),.UNSPECIFIED.,
  .F.,.F.,(2,2),(0.,4.010346187924E-02),.PIECEWISE_BEZIER_KNOTS.);
#11721 = CARTESIAN_POINT('',(9.365055168092,-4.976603614042E-08,
    3.134794362188));
#11722 = CARTESIAN_POINT('',(9.324951706214,-4.903057843261E-08,
    3.134794104654));
#11723 = ORIENTED_EDGE('',*,*,#11426,.T.);
#11724 = ORIENTED_EDGE('',*,*,#11244,.F.);
#11725 = B_SPLINE_SURFACE_WITH_KNOTS('',1,9,(
    (#11726,#11727,#11728,#11729,#11730,#11731,#11732,#11733,#11734
      ,#11735,#11736,#11737,#11738,#11739,#11740,#11741,#11742,#11743
      ,#11744,#11745,#11746,#11747,#11748,#11749,#11750,#11751,#11752
      ,#11753,#11754,#11755,#11756)
    ,(#11757,#11758,#11759,#11760,#11761,#11762,#11763,#11764,#11765
      ,#11766,#11767,#11768,#11769,#11770,#11771,#11772,#11773,#11774
      ,#11775,#11776,#11777,#11778,#11779,#11780,#11781,#11782,#11783
      ,#11784,#11785,#11786,#11787
    )),.UNSPECIFIED.,.F.,.F.,.F.,(2,2),(10,7,7,7,10),(0.,
    4.010346187924E-02),(0.,1.58079326614,3.161586532279,4.742379798419,
    6.323173064558),.UNSPECIFIED.);
#11726 = CARTESIAN_POINT('',(9.365055168092,-4.976600255042E-08,
    3.134794362188));
#11727 = CARTESIAN_POINT('',(9.345333472206,0.459880533211,
    3.134803610218));
#11728 = CARTESIAN_POINT('',(9.32561431272,0.919703290811,3.044579045989
    ));
#11729 = CARTESIAN_POINT('',(9.305888952792,1.359332707343,
    2.863931752143));
#11730 = CARTESIAN_POINT('',(9.286165187682,1.75837520933,2.598308877545
    ));
#11731 = CARTESIAN_POINT('',(9.26644375729,2.098335522082,2.258380703134
    ));
#11732 = CARTESIAN_POINT('',(9.246722325991,2.363923704681,
    1.859313557824));
#11733 = CARTESIAN_POINT('',(9.227000650793,2.544518690214,
    1.419723095272));
#11734 = CARTESIAN_POINT('',(9.187556472108,2.725110174664,
    0.500005988876));
#11735 = CARTESIAN_POINT('',(9.148111367151,2.544512968628,
    -0.419720788869));
#11736 = CARTESIAN_POINT('',(9.128388730965,2.36391907985,
    -0.859321747177));
#11737 = CARTESIAN_POINT('',(9.108666481345,2.09834305119,
    -1.258395735078));
#11738 = CARTESIAN_POINT('',(9.088944581664,1.758395437945,
    -1.598349572982));
#11739 = CARTESIAN_POINT('',(9.069222646833,1.359322757881,
    -1.863928879348));
#11740 = CARTESIAN_POINT('',(9.049500443441,0.919723247652,
    -2.044513318094));
#11741 = CARTESIAN_POINT('',(9.010055855476,-3.994056711528E-07,
    -2.225095284728));
#11742 = CARTESIAN_POINT('',(8.970611267511,-0.919723036945,
    -2.044508176582));
#11743 = CARTESIAN_POINT('',(8.950889064121,-1.359320948448,
    -1.863923779636));
#11744 = CARTESIAN_POINT('',(8.931167129288,-1.758396266464,
    -1.598356807803));
#11745 = CARTESIAN_POINT('',(8.9114452296,-2.098354193024,
    -1.258409062393));
#11746 = CARTESIAN_POINT('',(8.891722979985,-2.363934175473,
    -0.859328155001));
#11747 = CARTESIAN_POINT('',(8.872000343806,-2.544513882615,
    -0.419721921255));
#11748 = CARTESIAN_POINT('',(8.832555238835,-2.725088988476,
    0.50000618505));
#11749 = CARTESIAN_POINT('',(8.793111060154,-2.544506071448,
    1.419721962878));
#11750 = CARTESIAN_POINT('',(8.77338938514,-2.363929914481,
    1.859317505022));
#11751 = CARTESIAN_POINT('',(8.753667953141,-2.098363644641,
    2.258382434574));
#11752 = CARTESIAN_POINT('',(8.733946523922,-1.758438488572,
    2.598372923143));
#11753 = CARTESIAN_POINT('',(8.714222757712,-1.359281935187,
    2.863945507491));
#11754 = CARTESIAN_POINT('',(8.694497398357,-0.919699712099,
    3.04447798183));
#11755 = CARTESIAN_POINT('',(8.674778238755,-0.459880583737,
    3.134809255795));
#11756 = CARTESIAN_POINT('',(8.655056542844,-7.604842151191E-10,
    3.134818495274));
#11757 = CARTESIAN_POINT('',(9.324951706214,-4.903054461261E-08,
    3.134794104654));
#11758 = CARTESIAN_POINT('',(9.305230010327,0.45988048002,3.134803313117
    ));
#11759 = CARTESIAN_POINT('',(9.285510850843,0.919703175894,
    3.044578531615));
#11760 = CARTESIAN_POINT('',(9.265785490915,1.359332440098,
    2.863931503916));
#11761 = CARTESIAN_POINT('',(9.246061725801,1.758375138646,
    2.598308767698));
#11762 = CARTESIAN_POINT('',(9.226340295412,2.098335336402,
    2.258380500082));
#11763 = CARTESIAN_POINT('',(9.206618864113,2.363923440989,
    1.859313406247));
#11764 = CARTESIAN_POINT('',(9.186897188915,2.54451836505,1.419722984373
    ));
#11765 = CARTESIAN_POINT('',(9.14745301023,2.725109809815,0.500005988646
    ));
#11766 = CARTESIAN_POINT('',(9.108007905273,2.544512671909,
    -0.419720684017));
#11767 = CARTESIAN_POINT('',(9.088285269087,2.363918834475,
    -0.85932160198));
#11768 = CARTESIAN_POINT('',(9.068563019467,2.09834282843,
    -1.258395557777));
#11769 = CARTESIAN_POINT('',(9.048841119785,1.758395232968,
    -1.598349342722));
#11770 = CARTESIAN_POINT('',(9.029119184956,1.359322594021,
    -1.863928591517));
#11771 = CARTESIAN_POINT('',(9.009396981563,0.919723138722,
    -2.044513008889));
#11772 = CARTESIAN_POINT('',(8.969952393598,-3.98349905095E-07,
    -2.225094965096));
#11773 = CARTESIAN_POINT('',(8.930507805633,-0.919722930127,
    -2.044507888885));
#11774 = CARTESIAN_POINT('',(8.910785602243,-1.359320793437,
    -1.863923512926));
#11775 = CARTESIAN_POINT('',(8.89106366741,-1.75839605895,
    -1.598356545822));
#11776 = CARTESIAN_POINT('',(8.871341767722,-2.098353923542,
    -1.258408827203));
#11777 = CARTESIAN_POINT('',(8.851619518107,-2.363933866308,
    -0.859327981326));
#11778 = CARTESIAN_POINT('',(8.831896881928,-2.544513582432,
    -0.419721810356));
#11779 = CARTESIAN_POINT('',(8.792451776957,-2.725088714061,
    0.500006185281));
#11780 = CARTESIAN_POINT('',(8.753007598276,-2.544505799711,
    1.419721858025));
#11781 = CARTESIAN_POINT('',(8.733285923262,-2.363929623635,
    1.859317337723));
#11782 = CARTESIAN_POINT('',(8.713564491264,-2.09836333808,2.25838222513
    ));
#11783 = CARTESIAN_POINT('',(8.693843062044,-1.758438146776,
    2.598372540751));
#11784 = CARTESIAN_POINT('',(8.674119295835,-1.359281883541,
    2.863945201196));
#11785 = CARTESIAN_POINT('',(8.654393936477,-0.919699611246,
    3.044477899294));
#11786 = CARTESIAN_POINT('',(8.634674776877,-0.459880529075,
    3.134808934813));
#11787 = CARTESIAN_POINT('',(8.614953080967,-2.499851730958E-11,
    3.134818134726));
#11788 = ADVANCED_FACE('',(#11789),#11892,.T.);
#11789 = FACE_BOUND('',#11790,.T.);
#11790 = EDGE_LOOP('',(#11791,#11792,#11793,#11836,#11844,#11891));
#11791 = ORIENTED_EDGE('',*,*,#11362,.F.);
#11792 = ORIENTED_EDGE('',*,*,#11572,.F.);
#11793 = ORIENTED_EDGE('',*,*,#11794,.F.);
#11794 = EDGE_CURVE('',#11795,#11573,#11797,.T.);
#11795 = VERTEX_POINT('',#11796);
#11796 = CARTESIAN_POINT('',(9.316159779296,-4.648707904389E-15,-2.665)
  );
#11797 = B_SPLINE_CURVE_WITH_KNOTS('',7,(#11798,#11799,#11800,#11801,
    #11802,#11803,#11804,#11805,#11806,#11807,#11808,#11809,#11810,
    #11811,#11812,#11813,#11814,#11815,#11816,#11817,#11818,#11819,
    #11820,#11821,#11822,#11823,#11824,#11825,#11826,#11827,#11828,
    #11829,#11830,#11831,#11832,#11833,#11834,#11835),.UNSPECIFIED.,.F.,
  .F.,(8,6,6,6,6,6,8),(0.,4.701740654965E-02,0.279007082452,
    0.521953839307,0.733707065047,0.896870771125,1.),.UNSPECIFIED.);
#11798 = CARTESIAN_POINT('',(9.316159779296,-4.538707904389E-15,-2.665)
  );
#11799 = CARTESIAN_POINT('',(9.313775675414,-6.677858089841E-02,-2.665)
  );
#11800 = CARTESIAN_POINT('',(9.311391556048,-0.133557234862,
    -2.663356203328));
#11801 = CARTESIAN_POINT('',(9.309007419475,-0.200287288056,
    -2.660068612914));
#11802 = CARTESIAN_POINT('',(9.306623264305,-0.266920198559,
    -2.655139021091));
#11803 = CARTESIAN_POINT('',(9.304239089472,-0.333407556363,
    -2.648571009595));
#11804 = CARTESIAN_POINT('',(9.301854894244,-0.399701083372,
    -2.640369949563));
#11805 = CARTESIAN_POINT('',(9.287706662615,-0.791659118036,
    -2.582055629415));
#11806 = CARTESIAN_POINT('',(9.27593657628,-1.111829606326,
    -2.493961527688));
#11807 = CARTESIAN_POINT('',(9.264170432855,-1.420205929306,
    -2.367097632887));
#11808 = CARTESIAN_POINT('',(9.252405229385,-1.711255962504,
    -2.203486019197));
#11809 = CARTESIAN_POINT('',(9.240638870488,-1.979917111802,
    -2.005972632752));
#11810 = CARTESIAN_POINT('',(9.22886861661,-2.221586618738,
    -1.778232632035));
#11811 = CARTESIAN_POINT('',(9.204785095927,-2.653171805607,
    -1.259820424673));
#11812 = CARTESIAN_POINT('',(9.192459423755,-2.840337036464,
    -0.966403716219));
#11813 = CARTESIAN_POINT('',(9.180140475573,-2.989318288832,
    -0.650125272794));
#11814 = CARTESIAN_POINT('',(9.167823881182,-3.096988180146,
    -0.316992035743));
#11815 = CARTESIAN_POINT('',(9.155505518551,-3.161296819508,
    2.665301959618E-02));
#11816 = CARTESIAN_POINT('',(9.143180106738,-3.18126390042,
    0.374109206072));
#11817 = CARTESIAN_POINT('',(9.12012274562,-3.13671176176,1.018378213861
    ));
#11818 = CARTESIAN_POINT('',(9.109380613492,-3.082694158494,
    1.316212363918));
#11819 = CARTESIAN_POINT('',(9.098640129596,-2.995689265673,
    1.607236000845));
#11820 = CARTESIAN_POINT('',(9.087900670102,-2.876804950275,
    1.887126146488));
#11821 = CARTESIAN_POINT('',(9.077159766175,-2.727773802327,
    2.151803814365));
#11822 = CARTESIAN_POINT('',(9.066417370408,-2.550937710889,
    2.397470261555));
#11823 = CARTESIAN_POINT('',(9.047405777322,-2.194139105368,
    2.79274555365));
#11824 = CARTESIAN_POINT('',(9.03913168657,-2.024147381034,
    2.951525067756));
#11825 = CARTESIAN_POINT('',(9.030859052864,-1.840829024662,
    3.095512572628));
#11826 = CARTESIAN_POINT('',(9.022587461587,-1.645740859239,
    3.223393856336));
#11827 = CARTESIAN_POINT('',(9.014315397236,-1.440578401335,
    3.334057473995));
#11828 = CARTESIAN_POINT('',(9.006041743599,-1.2271678577,3.426600019553
    ));
#11829 = CARTESIAN_POINT('',(8.992538108226,-0.868627017424,
    3.546993056262));
#11830 = CARTESIAN_POINT('',(8.987307841216,-0.727252324699,
    3.586122071253));
#11831 = CARTESIAN_POINT('',(8.982077051323,-0.583847866888,
    3.617590313879));
#11832 = CARTESIAN_POINT('',(8.976845661487,-0.438911949432,
    3.641274261851));
#11833 = CARTESIAN_POINT('',(8.971613713114,-0.292950043608,
    3.657091320499));
#11834 = CARTESIAN_POINT('',(8.966381653279,-0.146473819054,
    3.664999984564));
#11835 = CARTESIAN_POINT('',(8.96115062192,-1.762859120311E-07,3.665));
#11836 = ORIENTED_EDGE('',*,*,#11837,.T.);
#11837 = EDGE_CURVE('',#11795,#11838,#11840,.T.);
#11838 = VERTEX_POINT('',#11839);
#11839 = CARTESIAN_POINT('',(9.373823963275,-4.674315946289E-15,-2.665)
  );
#11840 = LINE('',#11841,#11842);
#11841 = CARTESIAN_POINT('',(6.446202902092,-4.304191022488E-15,-2.665)
  );
#11842 = VECTOR('',#11843,1.);
#11843 = DIRECTION('',(1.,-8.840892098501E-16,4.4E-16));
#11844 = ORIENTED_EDGE('',*,*,#11845,.T.);
#11845 = EDGE_CURVE('',#11838,#11463,#11846,.T.);
#11846 = B_SPLINE_CURVE_WITH_KNOTS('',7,(#11847,#11848,#11849,#11850,
    #11851,#11852,#11853,#11854,#11855,#11856,#11857,#11858,#11859,
    #11860,#11861,#11862,#11863,#11864,#11865,#11866,#11867,#11868,
    #11869,#11870,#11871,#11872,#11873,#11874,#11875,#11876,#11877,
    #11878,#11879,#11880,#11881,#11882,#11883,#11884,#11885,#11886,
    #11887,#11888,#11889,#11890),.UNSPECIFIED.,.F.,.F.,(8,6,6,6,6,6,6,8)
  ,(0.,4.68885533805E-02,0.204895426925,0.278900964395,0.522392249886,
    0.733952746089,0.891737535029,1.),.UNSPECIFIED.);
#11847 = CARTESIAN_POINT('',(9.373823963275,-5.004315946289E-15,-2.665)
  );
#11848 = CARTESIAN_POINT('',(9.371446146622,-6.659757455607E-02,-2.665)
  );
#11849 = CARTESIAN_POINT('',(9.369068343329,-0.133195229093,
    -2.663365102119));
#11850 = CARTESIAN_POINT('',(9.366690555851,-0.199744678592,
    -2.66009530934));
#11851 = CARTESIAN_POINT('',(9.364312786298,-0.266197770926,
    -2.655192394701));
#11852 = CARTESIAN_POINT('',(9.361935036434,-0.332506486856,
    -2.648659901294));
#11853 = CARTESIAN_POINT('',(9.359557307675,-0.398622940035,
    -2.640503142262));
#11854 = CARTESIAN_POINT('',(9.349167112846,-0.686492360273,
    -2.597792592169));
#11855 = CARTESIAN_POINT('',(9.341154045268,-0.905783572965,
    -2.546488005287));
#11856 = CARTESIAN_POINT('',(9.333141840437,-1.12050793202,
    -2.477085515442));
#11857 = CARTESIAN_POINT('',(9.325130244514,-1.328886497157,
    -2.390092881714));
#11858 = CARTESIAN_POINT('',(9.317118380852,-1.529220126545,
    -2.286219453228));
#11859 = CARTESIAN_POINT('',(9.309105874755,-1.719896905022,
    -2.166373067179));
#11860 = CARTESIAN_POINT('',(9.297341529311,-1.983493298569,
    -1.968608522668));
#11861 = CARTESIAN_POINT('',(9.293588988676,-2.065129546883,
    -1.902268939511));
#11862 = CARTESIAN_POINT('',(9.289836397719,-2.144169780326,
    -1.832785536811));
#11863 = CARTESIAN_POINT('',(9.286083748769,-2.220469276467,
    -1.760280646135));
#11864 = CARTESIAN_POINT('',(9.282331036753,-2.293890899914,
    -1.68488458297));
#11865 = CARTESIAN_POINT('',(9.278578259195,-2.364305102314,
    -1.60673564672));
#11866 = CARTESIAN_POINT('',(9.262477900179,-2.652968860808,
    -1.260280181078));
#11867 = CARTESIAN_POINT('',(9.250122577676,-2.84060120565,
    -0.966206875975));
#11868 = CARTESIAN_POINT('',(9.237772309477,-2.989873996471,
    -0.649164776916));
#11869 = CARTESIAN_POINT('',(9.225423161575,-3.097639474434,
    -0.315202764823));
#11870 = CARTESIAN_POINT('',(9.21307245103,-3.161836903359,
    2.929217775529E-02));
#11871 = CARTESIAN_POINT('',(9.200716990054,-3.181484172966,
    0.37757267247));
#11872 = CARTESIAN_POINT('',(9.177641373717,-3.136035843908,
    1.022299410049));
#11873 = CARTESIAN_POINT('',(9.166910510611,-3.081698012953,
    1.319800957682));
#11874 = CARTESIAN_POINT('',(9.156182945517,-2.994439820356,
    1.610464262975));
#11875 = CARTESIAN_POINT('',(9.145457472818,-2.875371117242,
    1.889978995372));
#11876 = CARTESIAN_POINT('',(9.134730198886,-2.726224184221,
    2.154278651985));
#11877 = CARTESIAN_POINT('',(9.123999452509,-2.549338338053,
    2.399576658541));
#11878 = CARTESIAN_POINT('',(9.105269800039,-2.197540011697,
    2.788726073197));
#11879 = CARTESIAN_POINT('',(9.097267091155,-2.033502417256,
    2.942573013409));
#11880 = CARTESIAN_POINT('',(9.089264379524,-1.8569694718,3.082625406028
    ));
#11881 = CARTESIAN_POINT('',(9.0812615849,-1.669343918494,3.207689145624
    ));
#11882 = CARTESIAN_POINT('',(9.073258416838,-1.472151396447,
    3.316747294608));
#11883 = CARTESIAN_POINT('',(9.065255301607,-1.267033796676,
    3.408964513824));
#11884 = CARTESIAN_POINT('',(9.051763972636,-0.910800433403,
    3.535014418954));
#11885 = CARTESIAN_POINT('',(9.046274308727,-0.762927910251,
    3.578092032074));
#11886 = CARTESIAN_POINT('',(9.040785288247,-0.612709203405,
    3.612754488718));
#11887 = CARTESIAN_POINT('',(9.035296956524,-0.460719189714,
    3.638851851835));
#11888 = CARTESIAN_POINT('',(9.02980910393,-0.307541908442,
    3.656283825703));
#11889 = CARTESIAN_POINT('',(9.02432125374,-0.153769336687,
    3.664999984354));
#11890 = CARTESIAN_POINT('',(9.01883264999,-1.647888647367E-07,3.665));
#11891 = ORIENTED_EDGE('',*,*,#11469,.T.);
#11892 = CYLINDRICAL_SURFACE('',#11893,3.165);
#11893 = AXIS2_PLACEMENT_3D('',#11894,#11895,#11896);
#11894 = CARTESIAN_POINT('',(6.446202902092,-2.854191022488E-15,0.5));
#11895 = DIRECTION('',(1.,-5.540892098501E-16,4.4E-16));
#11896 = DIRECTION('',(4.4E-16,7.E-17,-1.));
#11897 = ADVANCED_FACE('',(#11898),#11980,.F.);
#11898 = FACE_BOUND('',#11899,.F.);
#11899 = EDGE_LOOP('',(#11900,#11936,#11943,#11978,#11979));
#11900 = ORIENTED_EDGE('',*,*,#11901,.F.);
#11901 = EDGE_CURVE('',#11902,#11427,#11904,.T.);
#11902 = VERTEX_POINT('',#11903);
#11903 = CARTESIAN_POINT('',(10.034950331399,-9.803823796792E-08,
    3.134770074573));
#11904 = B_SPLINE_CURVE_WITH_KNOTS('',9,(#11905,#11906,#11907,#11908,
    #11909,#11910,#11911,#11912,#11913,#11914,#11915,#11916,#11917,
    #11918,#11919,#11920,#11921,#11922,#11923,#11924,#11925,#11926,
    #11927,#11928,#11929,#11930,#11931,#11932,#11933,#11934,#11935),
  .UNSPECIFIED.,.F.,.F.,(10,7,7,7,10),(0.,1.58079326614,3.161586532279,
    4.742379798419,6.323173064558),.UNSPECIFIED.);
#11905 = CARTESIAN_POINT('',(10.034950331399,-9.803823505792E-08,
    3.134770074573));
#11906 = CARTESIAN_POINT('',(10.015228635536,0.459876237876,
    3.134779291593));
#11907 = CARTESIAN_POINT('',(9.99550947619,0.919694739791,3.044555341784
    ));
#11908 = CARTESIAN_POINT('',(9.97578411612,1.359319998138,2.863909970277
    ));
#11909 = CARTESIAN_POINT('',(9.956060350937,1.758359063114,
    2.598289662977));
#11910 = CARTESIAN_POINT('',(9.936338920584,2.098316166149,
    2.258364501943));
#11911 = CARTESIAN_POINT('',(9.91661748932,2.363901856174,1.859301052827
    ));
#11912 = CARTESIAN_POINT('',(9.896895814147,2.544495141366,
    1.419714643597));
#11913 = CARTESIAN_POINT('',(9.857451635474,2.725084956242,
    0.500006039339));
#11914 = CARTESIAN_POINT('',(9.818006530487,2.544489482429,
    -0.419712248661));
#11915 = CARTESIAN_POINT('',(9.798283894282,2.363897300138,
    -0.859309160788));
#11916 = CARTESIAN_POINT('',(9.778561644662,2.098323723605,
    -1.258379481762));
#11917 = CARTESIAN_POINT('',(9.758839744994,1.758379235015,
    -1.598330172467));
#11918 = CARTESIAN_POINT('',(9.739117810177,1.359310240813,
    -1.863907006567));
#11919 = CARTESIAN_POINT('',(9.719395606786,0.919714798094,
    -2.044489785179));
#11920 = CARTESIAN_POINT('',(9.679951018814,-3.476644272403E-07,
    -2.225070111546));
#11921 = CARTESIAN_POINT('',(9.640506430842,-0.919714494845,
    -2.044484699389));
#11922 = CARTESIAN_POINT('',(9.620784227453,-1.359308352293,
    -1.863901978542));
#11923 = CARTESIAN_POINT('',(9.601062292634,-1.758379982941,
    -1.598337440977));
#11924 = CARTESIAN_POINT('',(9.58134039296,-2.098334753305,
    -1.258392829243));
#11925 = CARTESIAN_POINT('',(9.561618143344,-2.363912281405,
    -0.859315628068));
#11926 = CARTESIAN_POINT('',(9.541895507146,-2.54449035874,
    -0.419713469654));
#11927 = CARTESIAN_POINT('',(9.502450402145,-2.725063860491,
    0.500006134603));
#11928 = CARTESIAN_POINT('',(9.463006223476,-2.544482610242,
    1.419713422596));
#11929 = CARTESIAN_POINT('',(9.443284548486,-2.363908089384,
    1.859304896366));
#11930 = CARTESIAN_POINT('',(9.423563116525,-2.098344233233,
    2.258366148935));
#11931 = CARTESIAN_POINT('',(9.403841687339,-1.758422149291,
    2.598353370609));
#11932 = CARTESIAN_POINT('',(9.384117921062,-1.359269529519,
    2.863923616988));
#11933 = CARTESIAN_POINT('',(9.364392561562,-0.919691269797,
    3.044454675259));
#11934 = CARTESIAN_POINT('',(9.3446734021,-0.459876384944,3.134784896185
    ));
#11935 = CARTESIAN_POINT('',(9.324951706214,-4.903057843261E-08,
    3.134794104654));
#11936 = ORIENTED_EDGE('',*,*,#11937,.T.);
#11937 = EDGE_CURVE('',#11902,#11938,#11940,.T.);
#11938 = VERTEX_POINT('',#11939);
#11939 = CARTESIAN_POINT('',(9.72881921721,-1.65250766832E-07,3.665));
#11940 = B_SPLINE_CURVE_WITH_KNOTS('',1,(#11941,#11942),.UNSPECIFIED.,
  .F.,.F.,(2,2),(0.,0.659896538121),.PIECEWISE_BEZIER_KNOTS.);
#11941 = CARTESIAN_POINT('',(10.034950331399,-9.803825002792E-08,
    3.134770074573));
#11942 = CARTESIAN_POINT('',(9.704999860371,-1.704804178514E-07,
    3.706255969143));
#11943 = ORIENTED_EDGE('',*,*,#11944,.T.);
#11944 = EDGE_CURVE('',#11938,#11838,#11945,.T.);
#11945 = B_SPLINE_CURVE_WITH_KNOTS('',6,(#11946,#11947,#11948,#11949,
    #11950,#11951,#11952,#11953,#11954,#11955,#11956,#11957,#11958,
    #11959,#11960,#11961,#11962,#11963,#11964,#11965,#11966,#11967,
    #11968,#11969,#11970,#11971,#11972,#11973,#11974,#11975,#11976,
    #11977),.UNSPECIFIED.,.F.,.F.,(7,5,5,5,5,5,7),(0.,0.101550566335,
    0.265382216014,0.474325767998,0.682122161762,0.843754773873,1.),
  .UNSPECIFIED.);
#11946 = CARTESIAN_POINT('',(9.72881921721,-1.65250752162E-07,3.665));
#11947 = CARTESIAN_POINT('',(9.722812747948,0.168278534106,
    3.665000000425));
#11948 = CARTESIAN_POINT('',(9.716809897358,0.336560809455,
    3.654263182566));
#11949 = CARTESIAN_POINT('',(9.710806511869,0.503982709966,
    3.632789920506));
#11950 = CARTESIAN_POINT('',(9.704801199101,0.669691906548,
    3.600671201706));
#11951 = CARTESIAN_POINT('',(9.698794125654,0.83285063768,3.558088038975
    ));
#11952 = CARTESIAN_POINT('',(9.683092600007,1.250424854371,
    3.420165432918));
#11953 = CARTESIAN_POINT('',(9.673394539885,1.499483604046,
    3.308473231857));
#11954 = CARTESIAN_POINT('',(9.663696437982,1.736313790536,
    3.171375759926));
#11955 = CARTESIAN_POINT('',(9.654000343061,1.957759170541,
    3.010607952035));
#11956 = CARTESIAN_POINT('',(9.64430460647,2.160952518778,2.828349802604
    ));
#11957 = CARTESIAN_POINT('',(9.622250120246,2.576151460101,
    2.370975635707));
#11958 = CARTESIAN_POINT('',(9.609886455246,2.775306981252,
    2.083966124884));
#11959 = CARTESIAN_POINT('',(9.597529682274,2.935638470801,
    1.772012766522));
#11960 = CARTESIAN_POINT('',(9.585171281321,3.053600595036,
    1.441700941789));
#11961 = CARTESIAN_POINT('',(9.572806060918,3.126813277682,1.10012059275
    ));
#11962 = CARTESIAN_POINT('',(9.548150205894,3.182453809022,
    0.411789987548));
#11963 = CARTESIAN_POINT('',(9.535850659056,3.165398503365,
    6.482360439199E-02));
#11964 = CARTESIAN_POINT('',(9.523555584586,3.102873016523,
    -0.278294426164));
#11965 = CARTESIAN_POINT('',(9.511261196364,2.99605634809,
    -0.610303000932));
#11966 = CARTESIAN_POINT('',(9.498962436367,2.84733602335,
    -0.924243999191));
#11967 = CARTESIAN_POINT('',(9.477105945336,2.515863269104,
    -1.438916007901));
#11968 = CARTESIAN_POINT('',(9.467542324163,2.347950418011,
    -1.649398365369));
#11969 = CARTESIAN_POINT('',(9.457980381325,2.159053213869,
    -1.842205456064));
#11970 = CARTESIAN_POINT('',(9.448418358899,1.951536836213,
    -2.014813802056));
#11971 = CARTESIAN_POINT('',(9.438854608619,1.728108417789,
    -2.165071201419));
#11972 = CARTESIAN_POINT('',(9.420047900941,1.263547186187,
    -2.413367329697));
#11973 = CARTESIAN_POINT('',(9.410802595216,1.023195580515,
    -2.513010179093));
#11974 = CARTESIAN_POINT('',(9.401558309899,0.773642332014,
    -2.588739904793));
#11975 = CARTESIAN_POINT('',(9.392313834204,0.517855824887,
    -2.639583554046));
#11976 = CARTESIAN_POINT('',(9.383068243098,0.258912567525,
    -2.664999999999));
#11977 = CARTESIAN_POINT('',(9.373823963275,-4.934315946289E-15,-2.665)
  );
#11978 = ORIENTED_EDGE('',*,*,#11845,.T.);
#11979 = ORIENTED_EDGE('',*,*,#11462,.F.);
#11980 = B_SPLINE_SURFACE_WITH_KNOTS('',1,9,(
    (#11981,#11982,#11983,#11984,#11985,#11986,#11987,#11988,#11989
      ,#11990,#11991,#11992,#11993,#11994,#11995,#11996,#11997,#11998
      ,#11999,#12000,#12001,#12002,#12003,#12004,#12005,#12006,#12007
      ,#12008,#12009,#12010,#12011)
    ,(#12012,#12013,#12014,#12015,#12016,#12017,#12018,#12019,#12020
      ,#12021,#12022,#12023,#12024,#12025,#12026,#12027,#12028,#12029
      ,#12030,#12031,#12032,#12033,#12034,#12035,#12036,#12037,#12038
      ,#12039,#12040,#12041,#12042
    )),.UNSPECIFIED.,.F.,.F.,.F.,(2,2),(10,7,7,7,10),(0.,0.659896538121)
  ,(0.,1.58079326614,3.161586532279,4.742379798419,6.323173064558),
  .UNSPECIFIED.);
#11981 = CARTESIAN_POINT('',(10.034950331399,-9.803823505792E-08,
    3.134770074573));
#11982 = CARTESIAN_POINT('',(10.015228635536,0.459876237876,
    3.134779291593));
#11983 = CARTESIAN_POINT('',(9.99550947619,0.919694739791,3.044555341784
    ));
#11984 = CARTESIAN_POINT('',(9.97578411612,1.359319998138,2.863909970277
    ));
#11985 = CARTESIAN_POINT('',(9.956060350937,1.758359063114,
    2.598289662977));
#11986 = CARTESIAN_POINT('',(9.936338920584,2.098316166149,
    2.258364501943));
#11987 = CARTESIAN_POINT('',(9.91661748932,2.363901856174,1.859301052827
    ));
#11988 = CARTESIAN_POINT('',(9.896895814147,2.544495141366,
    1.419714643597));
#11989 = CARTESIAN_POINT('',(9.857451635474,2.725084956242,
    0.500006039339));
#11990 = CARTESIAN_POINT('',(9.818006530487,2.544489482429,
    -0.419712248661));
#11991 = CARTESIAN_POINT('',(9.798283894282,2.363897300138,
    -0.859309160788));
#11992 = CARTESIAN_POINT('',(9.778561644662,2.098323723605,
    -1.258379481762));
#11993 = CARTESIAN_POINT('',(9.758839744994,1.758379235015,
    -1.598330172467));
#11994 = CARTESIAN_POINT('',(9.739117810177,1.359310240813,
    -1.863907006567));
#11995 = CARTESIAN_POINT('',(9.719395606786,0.919714798094,
    -2.044489785179));
#11996 = CARTESIAN_POINT('',(9.679951018814,-3.476644272403E-07,
    -2.225070111546));
#11997 = CARTESIAN_POINT('',(9.640506430842,-0.919714494845,
    -2.044484699389));
#11998 = CARTESIAN_POINT('',(9.620784227453,-1.359308352293,
    -1.863901978542));
#11999 = CARTESIAN_POINT('',(9.601062292634,-1.758379982941,
    -1.598337440977));
#12000 = CARTESIAN_POINT('',(9.58134039296,-2.098334753305,
    -1.258392829243));
#12001 = CARTESIAN_POINT('',(9.561618143344,-2.363912281405,
    -0.859315628068));
#12002 = CARTESIAN_POINT('',(9.541895507146,-2.54449035874,
    -0.419713469654));
#12003 = CARTESIAN_POINT('',(9.502450402145,-2.725063860491,
    0.500006134603));
#12004 = CARTESIAN_POINT('',(9.463006223476,-2.544482610242,
    1.419713422596));
#12005 = CARTESIAN_POINT('',(9.443284548486,-2.363908089384,
    1.859304896366));
#12006 = CARTESIAN_POINT('',(9.423563116525,-2.098344233233,
    2.258366148935));
#12007 = CARTESIAN_POINT('',(9.403841687339,-1.758422149291,
    2.598353370609));
#12008 = CARTESIAN_POINT('',(9.384117921062,-1.359269529519,
    2.863923616988));
#12009 = CARTESIAN_POINT('',(9.364392561562,-0.919691269797,
    3.044454675259));
#12010 = CARTESIAN_POINT('',(9.3446734021,-0.459876384944,3.134784896185
    ));
#12011 = CARTESIAN_POINT('',(9.324951706214,-4.903057843261E-08,
    3.134794104654));
#12012 = CARTESIAN_POINT('',(9.704999860371,-1.704804034014E-07,
    3.706255969143));
#12013 = CARTESIAN_POINT('',(9.685277602494,0.559597723075,
    3.706264874321));
#12014 = CARTESIAN_POINT('',(9.665555172784,1.119197222621,
    3.596462996821));
#12015 = CARTESIAN_POINT('',(9.645833162895,1.654169177856,3.37662656838
    ));
#12016 = CARTESIAN_POINT('',(9.626111045792,2.139741823639,
    3.053418975367));
#12017 = CARTESIAN_POINT('',(9.606388769308,2.553447548421,
    2.639762005529));
#12018 = CARTESIAN_POINT('',(9.586666493849,2.876632700933,
    2.154137041646));
#12019 = CARTESIAN_POINT('',(9.566944234463,3.09639580194,1.619201324201
    ));
#12020 = CARTESIAN_POINT('',(9.527499772007,3.316154489461,
    0.500005962279));
#12021 = CARTESIAN_POINT('',(9.48805537233,3.096390689019,
    -0.619197041114));
#12022 = CARTESIAN_POINT('',(9.468333178156,2.876630474245,
    -1.154141130788));
#12023 = CARTESIAN_POINT('',(9.448610957789,2.553454503424,
    -1.639772742506));
#12024 = CARTESIAN_POINT('',(9.428888713711,2.139772264466,
    -2.053461191855));
#12025 = CARTESIAN_POINT('',(9.409166472017,1.654141075937,
    -2.376640828785));
#12026 = CARTESIAN_POINT('',(9.389444248516,1.1191979992,-2.596391212479
    ));
#12027 = CARTESIAN_POINT('',(9.349999813798,-2.307343188537E-07,
    -2.816139500827));
#12028 = CARTESIAN_POINT('',(9.310555379079,-1.119197511183,
    -2.596386376716));
#12029 = CARTESIAN_POINT('',(9.290833155582,-1.654139072434,
    -2.376636082518));
#12030 = CARTESIAN_POINT('',(9.271110913884,-2.139772824821,
    -2.053468339079));
#12031 = CARTESIAN_POINT('',(9.251388669801,-2.553465009028,
    -1.639785780409));
#12032 = CARTESIAN_POINT('',(9.231666449438,-2.8766448227,
    -1.154147551558));
#12033 = CARTESIAN_POINT('',(9.211944255271,-3.096391463772,
    -0.619198414506));
#12034 = CARTESIAN_POINT('',(9.17249985558,-3.316134137762,
    0.500005844847));
#12035 = CARTESIAN_POINT('',(9.133055393128,-3.096383783442,
    1.619199950801));
#12036 = CARTESIAN_POINT('',(9.113333133919,-2.876638818717,
    2.154140568031));
#12037 = CARTESIAN_POINT('',(9.093610857787,-2.55347476065,
    2.639763433241));
#12038 = CARTESIAN_POINT('',(9.07388858243,-2.139802845944,
    3.053480300945));
#12039 = CARTESIAN_POINT('',(9.054166464271,-1.654120670862,
    3.376639629342));
#12040 = CARTESIAN_POINT('',(9.034444454932,-1.119194070481,
    3.59636581017));
#12041 = CARTESIAN_POINT('',(9.01472202511,-0.559598067355,3.70627024592
    ));
#12042 = CARTESIAN_POINT('',(8.99499976721,-1.738012202161E-07,
    3.706279151677));
#12043 = ADVANCED_FACE('',(#12044),#12091,.F.);
#12044 = FACE_BOUND('',#12045,.F.);
#12045 = EDGE_LOOP('',(#12046,#12083,#12088,#12089,#12090));
#12046 = ORIENTED_EDGE('',*,*,#12047,.F.);
#12047 = EDGE_CURVE('',#12048,#11795,#12050,.T.);
#12048 = VERTEX_POINT('',#12049);
#12049 = CARTESIAN_POINT('',(9.671164996025,-1.767510388064E-07,3.665));
#12050 = B_SPLINE_CURVE_WITH_KNOTS('',6,(#12051,#12052,#12053,#12054,
    #12055,#12056,#12057,#12058,#12059,#12060,#12061,#12062,#12063,
    #12064,#12065,#12066,#12067,#12068,#12069,#12070,#12071,#12072,
    #12073,#12074,#12075,#12076,#12077,#12078,#12079,#12080,#12081,
    #12082),.UNSPECIFIED.,.F.,.F.,(7,5,5,5,5,5,7),(0.,9.800523348351E-02
    ,0.268199875072,0.471076707141,0.684321422294,0.845042914042,1.),
  .UNSPECIFIED.);
#12051 = CARTESIAN_POINT('',(9.671164996025,-1.767510047964E-07,3.665));
#12052 = CARTESIAN_POINT('',(9.665365113028,0.162403368871,
    3.665000001001));
#12053 = CARTESIAN_POINT('',(9.659561440658,0.324809519406,
    3.654999847496));
#12054 = CARTESIAN_POINT('',(9.6537583608,0.486442596622,3.63499990737)
  );
#12055 = CARTESIAN_POINT('',(9.647957047328,0.646536369627,
    3.605079066177));
#12056 = CARTESIAN_POINT('',(9.642157219498,0.804336652289,
    3.565394339161));
#12057 = CARTESIAN_POINT('',(9.626289599358,1.227870735109,
    3.430716327304));
#12058 = CARTESIAN_POINT('',(9.61622282209,1.487543932501,3.316498487578
    ));
#12059 = CARTESIAN_POINT('',(9.606160234644,1.73417599866,3.174763396164
    ));
#12060 = CARTESIAN_POINT('',(9.59609528301,1.964221606999,3.00744574963)
  );
#12061 = CARTESIAN_POINT('',(9.586026133028,2.174467885083,
    2.816992499967));
#12062 = CARTESIAN_POINT('',(9.563953834832,2.585927133203,
    2.355593303949));
#12063 = CARTESIAN_POINT('',(9.551944361401,2.777771787741,
    2.076079363216));
#12064 = CARTESIAN_POINT('',(9.539937870909,2.932957095845,
    1.773215438256));
#12065 = CARTESIAN_POINT('',(9.527932855172,3.048241390968,
    1.453030221811));
#12066 = CARTESIAN_POINT('',(9.515924760039,3.121434053758,
    1.122008820116));
#12067 = CARTESIAN_POINT('',(9.491305562376,3.184007952995,
    0.435302824945));
#12068 = CARTESIAN_POINT('',(9.478685660947,3.168939062226,
    7.895573895803E-02));
#12069 = CARTESIAN_POINT('',(9.466072570984,3.105919544517,
    -0.273612526933));
#12070 = CARTESIAN_POINT('',(9.453458790561,2.996203239417,
    -0.614549454874));
#12071 = CARTESIAN_POINT('',(9.440838168782,2.842364918151,
    -0.936333445179));
#12072 = CARTESIAN_POINT('',(9.418713230475,2.503228886173,
    -1.454994035429));
#12073 = CARTESIAN_POINT('',(9.409202881628,2.334948374982,
    -1.663213342762));
#12074 = CARTESIAN_POINT('',(9.39969375468,2.146030086423,
    -1.853830051984));
#12075 = CARTESIAN_POINT('',(9.390184680043,1.93881362159,
    -2.024376669364));
#12076 = CARTESIAN_POINT('',(9.380674377112,1.715971481051,
    -2.172751086624));
#12077 = CARTESIAN_POINT('',(9.361997823477,1.253630726843,
    -2.417459461291));
#12078 = CARTESIAN_POINT('',(9.352829276486,1.014961104046,
    -2.515498191421));
#12079 = CARTESIAN_POINT('',(9.343662204447,0.767313167313,
    -2.589992700829));
#12080 = CARTESIAN_POINT('',(9.334495351389,0.513584737829,
    -2.640000992673));
#12081 = CARTESIAN_POINT('',(9.325327156557,0.256777587967,
    -2.664999999999));
#12082 = CARTESIAN_POINT('',(9.316159779296,-4.648707904389E-15,-2.665)
  );
#12083 = ORIENTED_EDGE('',*,*,#12084,.T.);
#12084 = EDGE_CURVE('',#12048,#11684,#12085,.T.);
#12085 = B_SPLINE_CURVE_WITH_KNOTS('',1,(#12086,#12087),.UNSPECIFIED.,
  .F.,.F.,(2,2),(0.,0.659896538121),.PIECEWISE_BEZIER_KNOTS.);
#12086 = CARTESIAN_POINT('',(9.694999767196,-1.866385308569E-07,
    3.706283646905));
#12087 = CARTESIAN_POINT('',(9.365055168092,-4.976603614042E-08,
    3.134794362188));
#12088 = ORIENTED_EDGE('',*,*,#11683,.T.);
#12089 = ORIENTED_EDGE('',*,*,#11609,.F.);
#12090 = ORIENTED_EDGE('',*,*,#11794,.F.);
#12091 = B_SPLINE_SURFACE_WITH_KNOTS('',1,9,(
    (#12092,#12093,#12094,#12095,#12096,#12097,#12098,#12099,#12100
      ,#12101,#12102,#12103,#12104,#12105,#12106,#12107,#12108,#12109
      ,#12110,#12111,#12112,#12113,#12114,#12115,#12116,#12117,#12118
      ,#12119,#12120,#12121,#12122)
    ,(#12123,#12124,#12125,#12126,#12127,#12128,#12129,#12130,#12131
      ,#12132,#12133,#12134,#12135,#12136,#12137,#12138,#12139,#12140
      ,#12141,#12142,#12143,#12144,#12145,#12146,#12147,#12148,#12149
      ,#12150,#12151,#12152,#12153
    )),.UNSPECIFIED.,.F.,.F.,.F.,(2,2),(10,7,7,7,10),(0.,0.659896538121)
  ,(0.,1.58079326614,3.161586532279,4.742379798419,6.323173064558),
  .UNSPECIFIED.);
#12092 = CARTESIAN_POINT('',(9.694999767196,-1.866384969169E-07,
    3.706283646905));
#12093 = CARTESIAN_POINT('',(9.675277509291,0.559602693436,
    3.706293243295));
#12094 = CARTESIAN_POINT('',(9.655555079423,1.119207318167,
    3.596494364722));
#12095 = CARTESIAN_POINT('',(9.635833069679,1.654185800305,
    3.376651701392));
#12096 = CARTESIAN_POINT('',(9.616110952701,2.13975852566,3.053439357383
    ));
#12097 = CARTESIAN_POINT('',(9.59638867613,2.553469249786,2.639781023954
    ));
#12098 = CARTESIAN_POINT('',(9.576666400655,2.876658101036,
    2.154151650504));
#12099 = CARTESIAN_POINT('',(9.556944141233,3.096423864538,
    1.619211355388));
#12100 = CARTESIAN_POINT('',(9.517499678762,3.316184834833,
    0.500005969729));
#12101 = CARTESIAN_POINT('',(9.478055279121,3.096418257453,
    -0.619206960266));
#12102 = CARTESIAN_POINT('',(9.458333084969,2.876655558155,
    -1.154155622165));
#12103 = CARTESIAN_POINT('',(9.438610864603,2.553476856418,
    -1.639791305986));
#12104 = CARTESIAN_POINT('',(9.418888620509,2.139791316306,
    -2.053483671365));
#12105 = CARTESIAN_POINT('',(9.399166378799,1.654155898997,
    -2.376666650369));
#12106 = CARTESIAN_POINT('',(9.379444155298,1.119207995876,
    -2.596418996554));
#12107 = CARTESIAN_POINT('',(9.339999720587,-2.457260194493E-07,
    -2.816169056911));
#12108 = CARTESIAN_POINT('',(9.300555285876,-1.119207464583,
    -2.596413787678));
#12109 = CARTESIAN_POINT('',(9.280833062378,-1.654153735059,
    -2.376661538867));
#12110 = CARTESIAN_POINT('',(9.261110820663,-2.13979191565,
    -2.053491376692));
#12111 = CARTESIAN_POINT('',(9.241388576564,-2.553488173113,
    -1.639805359613));
#12112 = CARTESIAN_POINT('',(9.221666356202,-2.876671016612,
    -1.154162545984));
#12113 = CARTESIAN_POINT('',(9.201944162058,-3.096419090336,
    -0.619208445606));
#12114 = CARTESIAN_POINT('',(9.162499762401,-3.316162904609,
    0.500005837379));
#12115 = CARTESIAN_POINT('',(9.123055299936,-3.096410915818,
    1.61920987004));
#12116 = CARTESIAN_POINT('',(9.103333040705,-2.876664696228,
    2.154155445365));
#12117 = CARTESIAN_POINT('',(9.083610764503,-2.553498576408,
    2.639782557927));
#12118 = CARTESIAN_POINT('',(9.063888489149,-2.139824285469,
    3.05350543577));
#12119 = CARTESIAN_POINT('',(9.04416637103,-1.654133536037,
    3.376665772495));
#12120 = CARTESIAN_POINT('',(9.024444361881,-1.119203926965,
    3.596389638091));
#12121 = CARTESIAN_POINT('',(9.004721931891,-0.559603070035,
    3.706299030549));
#12122 = CARTESIAN_POINT('',(8.984999673962,-1.899618224016E-07,
    3.706308627518));
#12123 = CARTESIAN_POINT('',(9.365055168092,-4.976600233042E-08,
    3.134794362188));
#12124 = CARTESIAN_POINT('',(9.345333472206,0.459880533211,
    3.134803610218));
#12125 = CARTESIAN_POINT('',(9.32561431272,0.919703290811,3.044579045989
    ));
#12126 = CARTESIAN_POINT('',(9.305888952792,1.359332707343,
    2.863931752143));
#12127 = CARTESIAN_POINT('',(9.286165187682,1.75837520933,2.598308877545
    ));
#12128 = CARTESIAN_POINT('',(9.26644375729,2.098335522082,2.258380703134
    ));
#12129 = CARTESIAN_POINT('',(9.246722325991,2.363923704681,
    1.859313557824));
#12130 = CARTESIAN_POINT('',(9.227000650793,2.544518690214,
    1.419723095272));
#12131 = CARTESIAN_POINT('',(9.187556472108,2.725110174664,
    0.500005988876));
#12132 = CARTESIAN_POINT('',(9.148111367151,2.544512968628,
    -0.419720788869));
#12133 = CARTESIAN_POINT('',(9.128388730965,2.36391907985,
    -0.859321747177));
#12134 = CARTESIAN_POINT('',(9.108666481345,2.09834305119,
    -1.258395735078));
#12135 = CARTESIAN_POINT('',(9.088944581664,1.758395437945,
    -1.598349572982));
#12136 = CARTESIAN_POINT('',(9.069222646833,1.359322757881,
    -1.863928879348));
#12137 = CARTESIAN_POINT('',(9.049500443441,0.919723247652,
    -2.044513318094));
#12138 = CARTESIAN_POINT('',(9.010055855476,-3.994056688428E-07,
    -2.225095284728));
#12139 = CARTESIAN_POINT('',(8.970611267511,-0.919723036945,
    -2.044508176582));
#12140 = CARTESIAN_POINT('',(8.950889064121,-1.359320948448,
    -1.863923779636));
#12141 = CARTESIAN_POINT('',(8.931167129288,-1.758396266464,
    -1.598356807802));
#12142 = CARTESIAN_POINT('',(8.9114452296,-2.098354193024,
    -1.258409062393));
#12143 = CARTESIAN_POINT('',(8.891722979985,-2.363934175473,
    -0.859328155001));
#12144 = CARTESIAN_POINT('',(8.872000343806,-2.544513882615,
    -0.419721921255));
#12145 = CARTESIAN_POINT('',(8.832555238835,-2.725088988476,
    0.50000618505));
#12146 = CARTESIAN_POINT('',(8.793111060154,-2.544506071448,
    1.419721962878));
#12147 = CARTESIAN_POINT('',(8.77338938514,-2.363929914481,
    1.859317505022));
#12148 = CARTESIAN_POINT('',(8.753667953141,-2.098363644641,
    2.258382434573));
#12149 = CARTESIAN_POINT('',(8.733946523922,-1.758438488571,
    2.598372923143));
#12150 = CARTESIAN_POINT('',(8.714222757712,-1.359281935187,
    2.863945507491));
#12151 = CARTESIAN_POINT('',(8.694497398357,-0.919699712099,
    3.04447798183));
#12152 = CARTESIAN_POINT('',(8.674778238755,-0.459880583737,
    3.134809255795));
#12153 = CARTESIAN_POINT('',(8.655056542844,-7.604842151191E-10,
    3.134818495274));
#12154 = ADVANCED_FACE('',(#12155),#12200,.F.);
#12155 = FACE_BOUND('',#12156,.F.);
#12156 = EDGE_LOOP('',(#12157,#12193,#12198,#12199));
#12157 = ORIENTED_EDGE('',*,*,#12158,.F.);
#12158 = EDGE_CURVE('',#12159,#11684,#12161,.T.);
#12159 = VERTEX_POINT('',#12160);
#12160 = CARTESIAN_POINT('',(10.075053793278,-9.877367798572E-08,
    3.134770229094));
#12161 = B_SPLINE_CURVE_WITH_KNOTS('',9,(#12162,#12163,#12164,#12165,
    #12166,#12167,#12168,#12169,#12170,#12171,#12172,#12173,#12174,
    #12175,#12176,#12177,#12178,#12179,#12180,#12181,#12182,#12183,
    #12184,#12185,#12186,#12187,#12188,#12189,#12190,#12191,#12192),
  .UNSPECIFIED.,.F.,.F.,(10,7,7,7,10),(0.,1.58079326614,3.161586532279,
    4.742379798419,6.323173064558),.UNSPECIFIED.);
#12162 = CARTESIAN_POINT('',(10.075053793278,-9.877367500572E-08,
    3.134770229094));
#12163 = CARTESIAN_POINT('',(10.055332097415,0.459876273091,
    3.134779485681));
#12164 = CARTESIAN_POINT('',(10.035612938067,0.919694818746,
    3.044555756673));
#12165 = CARTESIAN_POINT('',(10.015887577998,1.359320212234,
    2.863910126084));
#12166 = CARTESIAN_POINT('',(9.996163812818,1.758359065051,
    2.598289690783));
#12167 = CARTESIAN_POINT('',(9.976442382462,2.098316269789,
    2.258364636246));
#12168 = CARTESIAN_POINT('',(9.956720951199,2.363902027442,
    1.859301151257));
#12169 = CARTESIAN_POINT('',(9.936999276026,2.544495367047,
    1.419714718538));
#12170 = CARTESIAN_POINT('',(9.897555097352,2.725085214547,
    0.500006039569));
#12171 = CARTESIAN_POINT('',(9.858109992366,2.544489679665,
    -0.419712317555));
#12172 = CARTESIAN_POINT('',(9.838387356161,2.36389745309,
    -0.859309252839));
#12173 = CARTESIAN_POINT('',(9.818665106541,2.098323864325,
    -1.258379590315));
#12174 = CARTESIAN_POINT('',(9.798943206872,1.758379371244,
    -1.598330320687));
#12175 = CARTESIAN_POINT('',(9.779221272056,1.359310351528,
    -1.863907201975));
#12176 = CARTESIAN_POINT('',(9.759499068664,0.919714871066,
    -2.044489994901));
#12177 = CARTESIAN_POINT('',(9.720054480693,-3.487201906381E-07,
    -2.225070324634));
#12178 = CARTESIAN_POINT('',(9.680609892721,-0.919714565705,
    -2.044484887602));
#12179 = CARTESIAN_POINT('',(9.660887689332,-1.359308454158,
    -1.863902152828));
#12180 = CARTESIAN_POINT('',(9.641165754512,-1.758380121706,
    -1.598337620917));
#12181 = CARTESIAN_POINT('',(9.621443854839,-2.098334940746,
    -1.258392995684));
#12182 = CARTESIAN_POINT('',(9.601721605222,-2.363912498146,
    -0.859315748597));
#12183 = CARTESIAN_POINT('',(9.581998969024,-2.544490559439,
    -0.419713544594));
#12184 = CARTESIAN_POINT('',(9.542553864024,-2.725064028362,
    0.500006134372));
#12185 = CARTESIAN_POINT('',(9.503109685355,-2.544482782496,
    1.419713491491));
#12186 = CARTESIAN_POINT('',(9.483388010365,-2.363908287808,
    1.859305010519));
#12187 = CARTESIAN_POINT('',(9.463666578402,-2.098344457754,
    2.25836628963));
#12188 = CARTESIAN_POINT('',(9.443945149219,-1.75842242234,
    2.598353670961));
#12189 = CARTESIAN_POINT('',(9.424221382939,-1.359269528016,
    2.863923830862));
#12190 = CARTESIAN_POINT('',(9.404496023443,-0.919691334688,
    3.044454658311));
#12191 = CARTESIAN_POINT('',(9.384776863979,-0.459876421631,
    3.134785114153));
#12192 = CARTESIAN_POINT('',(9.365055168092,-4.976603614042E-08,
    3.134794362188));
#12193 = ORIENTED_EDGE('',*,*,#12194,.T.);
#12194 = EDGE_CURVE('',#12159,#11902,#12195,.T.);
#12195 = B_SPLINE_CURVE_WITH_KNOTS('',1,(#12196,#12197),.UNSPECIFIED.,
  .F.,.F.,(2,2),(0.,4.010346187924E-02),.PIECEWISE_BEZIER_KNOTS.);
#12196 = CARTESIAN_POINT('',(10.075053793278,-9.877368930572E-08,
    3.134770229094));
#12197 = CARTESIAN_POINT('',(10.034950331399,-9.803825002792E-08,
    3.134770074573));
#12198 = ORIENTED_EDGE('',*,*,#11901,.T.);
#12199 = ORIENTED_EDGE('',*,*,#11719,.F.);
#12200 = B_SPLINE_SURFACE_WITH_KNOTS('',1,9,(
    (#12201,#12202,#12203,#12204,#12205,#12206,#12207,#12208,#12209
      ,#12210,#12211,#12212,#12213,#12214,#12215,#12216,#12217,#12218
      ,#12219,#12220,#12221,#12222,#12223,#12224,#12225,#12226,#12227
      ,#12228,#12229,#12230,#12231)
    ,(#12232,#12233,#12234,#12235,#12236,#12237,#12238,#12239,#12240
      ,#12241,#12242,#12243,#12244,#12245,#12246,#12247,#12248,#12249
      ,#12250,#12251,#12252,#12253,#12254,#12255,#12256,#12257,#12258
      ,#12259,#12260,#12261,#12262
    )),.UNSPECIFIED.,.F.,.F.,.F.,(2,2),(10,7,7,7,10),(0.,
    4.010346187924E-02),(0.,1.58079326614,3.161586532279,4.742379798419,
    6.323173064558),.UNSPECIFIED.);
#12201 = CARTESIAN_POINT('',(10.075053793278,-9.877367478572E-08,
    3.134770229094));
#12202 = CARTESIAN_POINT('',(10.055332097415,0.459876273091,
    3.134779485681));
#12203 = CARTESIAN_POINT('',(10.035612938067,0.919694818746,
    3.044555756673));
#12204 = CARTESIAN_POINT('',(10.015887577998,1.359320212234,
    2.863910126084));
#12205 = CARTESIAN_POINT('',(9.996163812818,1.758359065051,
    2.598289690783));
#12206 = CARTESIAN_POINT('',(9.976442382462,2.098316269789,
    2.258364636246));
#12207 = CARTESIAN_POINT('',(9.956720951199,2.363902027442,
    1.859301151257));
#12208 = CARTESIAN_POINT('',(9.936999276026,2.544495367047,
    1.419714718538));
#12209 = CARTESIAN_POINT('',(9.897555097352,2.725085214547,
    0.500006039569));
#12210 = CARTESIAN_POINT('',(9.858109992366,2.544489679665,
    -0.419712317555));
#12211 = CARTESIAN_POINT('',(9.838387356161,2.36389745309,
    -0.859309252839));
#12212 = CARTESIAN_POINT('',(9.818665106541,2.098323864325,
    -1.258379590315));
#12213 = CARTESIAN_POINT('',(9.798943206872,1.758379371244,
    -1.598330320687));
#12214 = CARTESIAN_POINT('',(9.779221272056,1.359310351528,
    -1.863907201975));
#12215 = CARTESIAN_POINT('',(9.759499068664,0.919714871066,
    -2.044489994901));
#12216 = CARTESIAN_POINT('',(9.720054480693,-3.487201965481E-07,
    -2.225070324634));
#12217 = CARTESIAN_POINT('',(9.680609892721,-0.919714565705,
    -2.044484887602));
#12218 = CARTESIAN_POINT('',(9.660887689332,-1.359308454158,
    -1.863902152828));
#12219 = CARTESIAN_POINT('',(9.641165754512,-1.758380121706,
    -1.598337620917));
#12220 = CARTESIAN_POINT('',(9.621443854839,-2.098334940746,
    -1.258392995684));
#12221 = CARTESIAN_POINT('',(9.601721605222,-2.363912498146,
    -0.859315748597));
#12222 = CARTESIAN_POINT('',(9.581998969024,-2.544490559439,
    -0.419713544594));
#12223 = CARTESIAN_POINT('',(9.542553864024,-2.725064028362,
    0.500006134372));
#12224 = CARTESIAN_POINT('',(9.503109685355,-2.544482782496,
    1.419713491491));
#12225 = CARTESIAN_POINT('',(9.483388010365,-2.363908287808,
    1.859305010519));
#12226 = CARTESIAN_POINT('',(9.463666578402,-2.098344457754,
    2.25836628963));
#12227 = CARTESIAN_POINT('',(9.443945149219,-1.75842242234,
    2.598353670961));
#12228 = CARTESIAN_POINT('',(9.424221382939,-1.359269528017,
    2.863923830862));
#12229 = CARTESIAN_POINT('',(9.404496023443,-0.919691334688,
    3.044454658311));
#12230 = CARTESIAN_POINT('',(9.384776863979,-0.459876421631,
    3.134785114153));
#12231 = CARTESIAN_POINT('',(9.365055168092,-4.976603614042E-08,
    3.134794362188));
#12232 = CARTESIAN_POINT('',(10.034950331399,-9.803823505792E-08,
    3.134770074573));
#12233 = CARTESIAN_POINT('',(10.015228635536,0.459876237876,
    3.134779291593));
#12234 = CARTESIAN_POINT('',(9.99550947619,0.919694739791,3.044555341784
    ));
#12235 = CARTESIAN_POINT('',(9.97578411612,1.359319998138,2.863909970277
    ));
#12236 = CARTESIAN_POINT('',(9.956060350937,1.758359063114,
    2.598289662977));
#12237 = CARTESIAN_POINT('',(9.936338920584,2.098316166149,
    2.258364501943));
#12238 = CARTESIAN_POINT('',(9.91661748932,2.363901856174,1.859301052827
    ));
#12239 = CARTESIAN_POINT('',(9.896895814147,2.544495141366,
    1.419714643597));
#12240 = CARTESIAN_POINT('',(9.857451635474,2.725084956242,
    0.500006039339));
#12241 = CARTESIAN_POINT('',(9.818006530487,2.544489482429,
    -0.419712248661));
#12242 = CARTESIAN_POINT('',(9.798283894282,2.363897300138,
    -0.859309160788));
#12243 = CARTESIAN_POINT('',(9.778561644662,2.098323723605,
    -1.258379481762));
#12244 = CARTESIAN_POINT('',(9.758839744994,1.758379235015,
    -1.598330172467));
#12245 = CARTESIAN_POINT('',(9.739117810177,1.359310240813,
    -1.863907006567));
#12246 = CARTESIAN_POINT('',(9.719395606786,0.919714798094,
    -2.044489785179));
#12247 = CARTESIAN_POINT('',(9.679951018814,-3.476644272403E-07,
    -2.225070111546));
#12248 = CARTESIAN_POINT('',(9.640506430842,-0.919714494845,
    -2.044484699389));
#12249 = CARTESIAN_POINT('',(9.620784227453,-1.359308352293,
    -1.863901978542));
#12250 = CARTESIAN_POINT('',(9.601062292634,-1.758379982941,
    -1.598337440977));
#12251 = CARTESIAN_POINT('',(9.58134039296,-2.098334753305,
    -1.258392829243));
#12252 = CARTESIAN_POINT('',(9.561618143344,-2.363912281405,
    -0.859315628068));
#12253 = CARTESIAN_POINT('',(9.541895507146,-2.54449035874,
    -0.419713469654));
#12254 = CARTESIAN_POINT('',(9.502450402145,-2.725063860491,
    0.500006134603));
#12255 = CARTESIAN_POINT('',(9.463006223476,-2.544482610242,
    1.419713422596));
#12256 = CARTESIAN_POINT('',(9.443284548486,-2.363908089384,
    1.859304896366));
#12257 = CARTESIAN_POINT('',(9.423563116525,-2.098344233233,
    2.258366148935));
#12258 = CARTESIAN_POINT('',(9.403841687339,-1.758422149291,
    2.598353370609));
#12259 = CARTESIAN_POINT('',(9.384117921062,-1.359269529519,
    2.863923616988));
#12260 = CARTESIAN_POINT('',(9.364392561562,-0.919691269797,
    3.044454675259));
#12261 = CARTESIAN_POINT('',(9.3446734021,-0.459876384944,3.134784896185
    ));
#12262 = CARTESIAN_POINT('',(9.324951706214,-4.903057843261E-08,
    3.134794104654));
#12263 = ADVANCED_FACE('',(#12264),#12367,.T.);
#12264 = FACE_BOUND('',#12265,.T.);
#12265 = EDGE_LOOP('',(#12266,#12267,#12268,#12311,#12319,#12366));
#12266 = ORIENTED_EDGE('',*,*,#11837,.F.);
#12267 = ORIENTED_EDGE('',*,*,#12047,.F.);
#12268 = ORIENTED_EDGE('',*,*,#12269,.F.);
#12269 = EDGE_CURVE('',#12270,#12048,#12272,.T.);
#12270 = VERTEX_POINT('',#12271);
#12271 = CARTESIAN_POINT('',(10.026174153453,-4.964017626791E-15,-2.665)
  );
#12272 = B_SPLINE_CURVE_WITH_KNOTS('',7,(#12273,#12274,#12275,#12276,
    #12277,#12278,#12279,#12280,#12281,#12282,#12283,#12284,#12285,
    #12286,#12287,#12288,#12289,#12290,#12291,#12292,#12293,#12294,
    #12295,#12296,#12297,#12298,#12299,#12300,#12301,#12302,#12303,
    #12304,#12305,#12306,#12307,#12308,#12309,#12310),.UNSPECIFIED.,.F.,
  .F.,(8,6,6,6,6,6,8),(0.,4.888287116938E-02,0.278873303831,
    0.520451739399,0.732189610026,0.897057475874,1.),.UNSPECIFIED.);
#12273 = CARTESIAN_POINT('',(10.026174153453,-5.294017626791E-15,-2.665)
  );
#12274 = CARTESIAN_POINT('',(10.023695452494,-6.94282383599E-02,-2.665)
  );
#12275 = CARTESIAN_POINT('',(10.021216734572,-0.138856568395,
    -2.663223168527));
#12276 = CARTESIAN_POINT('',(10.018737997976,-0.20823027289,
    -2.659669510115));
#12277 = CARTESIAN_POINT('',(10.016259241268,-0.277494798468,
    -2.654341119243));
#12278 = CARTESIAN_POINT('',(10.013780463276,-0.34659575559,
    -2.647242180341));
#12279 = CARTESIAN_POINT('',(10.011301663097,-0.415478918557,
    -2.638378967783));
#12280 = CARTESIAN_POINT('',(9.997160154151,-0.80690154558,
    -2.57779763254));
#12281 = CARTESIAN_POINT('',(9.985491635128,-1.123843471207,
    -2.488942547712));
#12282 = CARTESIAN_POINT('',(9.973826875154,-1.429022943124,
    -2.362045418594));
#12283 = CARTESIAN_POINT('',(9.962163038018,-1.717058121073,
    -2.199096491564));
#12284 = CARTESIAN_POINT('',(9.950498089346,-1.98302316508,
    -2.002882485436));
#12285 = CARTESIAN_POINT('',(9.938829433171,-2.222440056525,
    -1.776991114711));
#12286 = CARTESIAN_POINT('',(9.914916622052,-2.651183644605,
    -1.262434945881));
#12287 = CARTESIAN_POINT('',(9.902660482818,-2.837604660125,
    -0.97090940839));
#12288 = CARTESIAN_POINT('',(9.890410897845,-2.986306968882,
    -0.656733197309));
#12289 = CARTESIAN_POINT('',(9.878163620211,-3.094205217106,
    -0.325805767354));
#12290 = CARTESIAN_POINT('',(9.865914636028,-3.159267552935,
    1.564120814184E-02));
#12291 = CARTESIAN_POINT('',(9.853658807616,-3.180508954685,
    0.361023394848));
#12292 = CARTESIAN_POINT('',(9.830671632487,-3.139126526568,
    1.003536145941));
#12293 = CARTESIAN_POINT('',(9.819930293591,-3.086522270481,
    1.301601346143));
#12294 = CARTESIAN_POINT('',(9.809190590415,-3.000903518277,
    1.593013217776));
#12295 = CARTESIAN_POINT('',(9.798451891747,-2.883357453644,
    1.87344443868));
#12296 = CARTESIAN_POINT('',(9.78771172077,-2.735596894227,
    2.138808714595));
#12297 = CARTESIAN_POINT('',(9.776970028234,-2.559945093318,
    2.385297068873));
#12298 = CARTESIAN_POINT('',(9.757872660946,-2.203436365649,
    2.784058822756));
#12299 = CARTESIAN_POINT('',(9.749512055999,-2.032279398068,
    2.945176135538));
#12300 = CARTESIAN_POINT('',(9.74115296726,-1.847458676359,
    3.091238935314));
#12301 = CARTESIAN_POINT('',(9.732794974249,-1.650576087453,
    3.220886148417));
#12302 = CARTESIAN_POINT('',(9.724436497861,-1.443378427808,
    3.332967478815));
#12303 = CARTESIAN_POINT('',(9.716076376121,-1.227748957579,
    3.426549001613));
#12304 = CARTESIAN_POINT('',(9.702495743692,-0.867093263475,
    3.547417159478));
#12305 = CARTESIAN_POINT('',(9.697274928194,-0.725955876546,
    3.586406293888));
#12306 = CARTESIAN_POINT('',(9.69205359108,-0.582799644671,
    3.617761445087));
#12307 = CARTESIAN_POINT('',(9.686831656732,-0.43812022447,3.64135997853
    ));
#12308 = CARTESIAN_POINT('',(9.681609167747,-0.292420374255,
    3.657119893704));
#12309 = CARTESIAN_POINT('',(9.676386569718,-0.146208995908,
    3.664999984571));
#12310 = CARTESIAN_POINT('',(9.671164996025,-1.767510385064E-07,3.665));
#12311 = ORIENTED_EDGE('',*,*,#12312,.T.);
#12312 = EDGE_CURVE('',#12270,#12313,#12315,.T.);
#12313 = VERTEX_POINT('',#12314);
#12314 = CARTESIAN_POINT('',(10.083810530541,-4.989613319951E-15,-2.665)
  );
#12315 = LINE('',#12316,#12317);
#12316 = CARTESIAN_POINT('',(6.446202902092,-4.304191022488E-15,-2.665)
  );
#12317 = VECTOR('',#12318,1.);
#12318 = DIRECTION('',(1.,-8.840892098501E-16,4.4E-16));
#12319 = ORIENTED_EDGE('',*,*,#12320,.T.);
#12320 = EDGE_CURVE('',#12313,#11938,#12321,.T.);
#12321 = B_SPLINE_CURVE_WITH_KNOTS('',7,(#12322,#12323,#12324,#12325,
    #12326,#12327,#12328,#12329,#12330,#12331,#12332,#12333,#12334,
    #12335,#12336,#12337,#12338,#12339,#12340,#12341,#12342,#12343,
    #12344,#12345,#12346,#12347,#12348,#12349,#12350,#12351,#12352,
    #12353,#12354,#12355,#12356,#12357,#12358,#12359,#12360,#12361,
    #12362,#12363,#12364,#12365),.UNSPECIFIED.,.F.,.F.,(8,6,6,6,6,6,6,8)
  ,(0.,4.345850338779E-02,0.281435797485,0.374522799351,0.518530563239,
    0.732294792266,0.892100222851,1.),.UNSPECIFIED.);
#12322 = CARTESIAN_POINT('',(10.083810530541,-5.319613319951E-15,-2.665)
  );
#12323 = CARTESIAN_POINT('',(10.081606647825,-6.172605587588E-02,-2.665)
  );
#12324 = CARTESIAN_POINT('',(10.07940277733,-0.123452151781,
    -2.663595537115));
#12325 = CARTESIAN_POINT('',(10.077198920247,-0.185139875702,
    -2.660786611311));
#12326 = CARTESIAN_POINT('',(10.074995077924,-0.246750895088,
    -2.656574530421));
#12327 = CARTESIAN_POINT('',(10.072791251871,-0.308246956849,
    -2.650961910143));
#12328 = CARTESIAN_POINT('',(10.070587443753,-0.36958988736,
    -2.643952674043));
#12329 = CARTESIAN_POINT('',(10.056315784922,-0.76560626044,
    -2.58955053998));
#12330 = CARTESIAN_POINT('',(10.044242166388,-1.094913421891,
    -2.501801843092));
#12331 = CARTESIAN_POINT('',(10.03217438895,-1.412096376102,
    -2.373133393879));
#12332 = CARTESIAN_POINT('',(10.0201086602,-1.711168677809,
    -2.20570015959));
#12333 = CARTESIAN_POINT('',(10.008041025158,-1.986661371088,
    -2.002563929837));
#12334 = CARTESIAN_POINT('',(9.995967484341,-2.233608066644,
    -1.767701579389));
#12335 = CARTESIAN_POINT('',(9.979178969749,-2.531681529168,
    -1.404020635874));
#12336 = CARTESIAN_POINT('',(9.974458287334,-2.610509568363,
    -1.297676661624));
#12337 = CARTESIAN_POINT('',(9.969737530301,-2.684114297011,
    -1.187540418735));
#12338 = CARTESIAN_POINT('',(9.96501668914,-2.752278401049,
    -1.073920526361));
#12339 = CARTESIAN_POINT('',(9.960295723355,-2.814808080487,
    -0.957140025373));
#12340 = CARTESIAN_POINT('',(9.955574637278,-2.871533332237,
    -0.837535898951));
#12341 = CARTESIAN_POINT('',(9.943549932778,-3.000858189056,
    -0.526602152683));
#12342 = CARTESIAN_POINT('',(9.936245671644,-3.065174579852,
    -0.33180979202));
#12343 = CARTESIAN_POINT('',(9.928941749994,-3.11470805935,
    -0.132392381215));
#12344 = CARTESIAN_POINT('',(9.9216381737,-3.149077191636,
    7.030328647824E-02));
#12345 = CARTESIAN_POINT('',(9.914334612373,-3.168048924051,
    0.274902768767));
#12346 = CARTESIAN_POINT('',(9.907031030991,-3.171539407368,
    0.480008805489));
#12347 = CARTESIAN_POINT('',(9.888888215654,-3.141964576531,
    0.98730686372));
#12348 = CARTESIAN_POINT('',(9.878045296013,-3.090364485,1.288537173842)
  );
#12349 = CARTESIAN_POINT('',(9.867205845786,-3.005073372638,
    1.583144737617));
#12350 = CARTESIAN_POINT('',(9.856368623548,-2.887192047993,
    1.866671404998));
#12351 = CARTESIAN_POINT('',(9.845529551522,-2.738470997985,
    2.13490679286));
#12352 = CARTESIAN_POINT('',(9.834686876299,-2.561294545267,
    2.383926612012));
#12353 = CARTESIAN_POINT('',(9.815742994562,-2.207527552591,
    2.779378504114));
#12354 = CARTESIAN_POINT('',(9.807637751088,-2.042023189188,
    2.935901126766));
#12355 = CARTESIAN_POINT('',(9.799532521344,-1.863643986211,
    3.078321752784));
#12356 = CARTESIAN_POINT('',(9.79142720666,-1.67384323032,3.205394775857
    ));
#12357 = CARTESIAN_POINT('',(9.783321482628,-1.474203755504,
    3.316060442857));
#12358 = CARTESIAN_POINT('',(9.775215789772,-1.266430878095,
    3.409449623407));
#12359 = CARTESIAN_POINT('',(9.761640344873,-0.90783176956,
    3.535877713708));
#12360 = CARTESIAN_POINT('',(9.756169057406,-0.760414896371,
    3.578670896232));
#12361 = CARTESIAN_POINT('',(9.750698409074,-0.610675144453,
    3.613103147872));
#12362 = CARTESIAN_POINT('',(9.745228443216,-0.459181758385,
    3.639026520596));
#12363 = CARTESIAN_POINT('',(9.739758951036,-0.306512994114,
    3.656342050922));
#12364 = CARTESIAN_POINT('',(9.734289459163,-0.153254911233,
    3.664999984384));
#12365 = CARTESIAN_POINT('',(9.72881921721,-1.65250765792E-07,3.665));
#12366 = ORIENTED_EDGE('',*,*,#11944,.T.);
#12367 = CYLINDRICAL_SURFACE('',#12368,3.165);
#12368 = AXIS2_PLACEMENT_3D('',#12369,#12370,#12371);
#12369 = CARTESIAN_POINT('',(6.446202902092,-2.854191022488E-15,0.5));
#12370 = DIRECTION('',(1.,-5.540892098501E-16,4.4E-16));
#12371 = DIRECTION('',(4.4E-16,7.E-17,-1.));
#12372 = ADVANCED_FACE('',(#12373),#12455,.F.);
#12373 = FACE_BOUND('',#12374,.F.);
#12374 = EDGE_LOOP('',(#12375,#12411,#12418,#12453,#12454));
#12375 = ORIENTED_EDGE('',*,*,#12376,.F.);
#12376 = EDGE_CURVE('',#12377,#11902,#12379,.T.);
#12377 = VERTEX_POINT('',#12378);
#12378 = CARTESIAN_POINT('',(10.744948956522,-1.470481482832E-07,
    3.134746044501));
#12379 = B_SPLINE_CURVE_WITH_KNOTS('',9,(#12380,#12381,#12382,#12383,
    #12384,#12385,#12386,#12387,#12388,#12389,#12390,#12391,#12392,
    #12393,#12394,#12395,#12396,#12397,#12398,#12399,#12400,#12401,
    #12402,#12403,#12404,#12405,#12406,#12407,#12408,#12409,#12410),
  .UNSPECIFIED.,.F.,.F.,(10,7,7,7,10),(0.,1.58079326614,3.161586532279,
    4.742379798419,6.323173064558),.UNSPECIFIED.);
#12380 = CARTESIAN_POINT('',(10.744948956522,-1.470481470532E-07,
    3.134746044501));
#12381 = CARTESIAN_POINT('',(10.725227260683,0.45987199573,
    3.134755270069));
#12382 = CARTESIAN_POINT('',(10.705508101474,0.919686303684,
    3.044532151952));
#12383 = CARTESIAN_POINT('',(10.685782741264,1.359307556173,
    2.863888436639));
#12384 = CARTESIAN_POINT('',(10.666058976011,1.758342987578,
    2.598270558257));
#12385 = CARTESIAN_POINT('',(10.646337545694,2.098296995894,
    2.258348503806));
#12386 = CARTESIAN_POINT('',(10.626616114465,2.363880271357,
    1.859288699409));
#12387 = CARTESIAN_POINT('',(10.606894439317,2.544471917682,
    1.419706302825));
#12388 = CARTESIAN_POINT('',(10.567450260655,2.725060102669,
    0.500006090035));
#12389 = CARTESIAN_POINT('',(10.528005155639,2.54446629295,
    -0.419703813303));
#12390 = CARTESIAN_POINT('',(10.508282519416,2.363875765803,
    -0.859296719592));
#12391 = CARTESIAN_POINT('',(10.488560269794,2.098304618782,
    -1.258363405745));
#12392 = CARTESIAN_POINT('',(10.468838370141,1.758363237066,
    -1.59831100221));
#12393 = CARTESIAN_POINT('',(10.449116435337,1.359297887607,
    -1.863885421616));
#12394 = CARTESIAN_POINT('',(10.429394231946,0.919706457469,
    -2.044466561469));
#12395 = CARTESIAN_POINT('',(10.389949643968,-2.969758945556E-07,
    -2.225045257997));
#12396 = CARTESIAN_POINT('',(10.350505055989,-0.919706059561,
    -2.044461509893));
#12397 = CARTESIAN_POINT('',(10.330782852603,-1.359295911147,
    -1.86388044416));
#12398 = CARTESIAN_POINT('',(10.311060917793,-1.758363906929,
    -1.598318336133));
#12399 = CARTESIAN_POINT('',(10.291339018138,-2.098315583066,
    -1.258376831286));
#12400 = CARTESIAN_POINT('',(10.271616768517,-2.363890696499,
    -0.859303274812));
#12401 = CARTESIAN_POINT('',(10.251894132302,-2.544467135046,
    -0.419705128955));
#12402 = CARTESIAN_POINT('',(10.212449027271,-2.725039006921,
    0.500006083922));
#12403 = CARTESIAN_POINT('',(10.173004848615,-2.544459420774,
    1.419704987165));
#12404 = CARTESIAN_POINT('',(10.153283173649,-2.363886555135,
    1.859292455006));
#12405 = CARTESIAN_POINT('',(10.133561741723,-2.098325128389,
    2.258350072737));
#12406 = CARTESIAN_POINT('',(10.113840312573,-1.758406151808,
    2.598334200467));
#12407 = CARTESIAN_POINT('',(10.094116546226,-1.359257175501,
    2.863902032777));
#12408 = CARTESIAN_POINT('',(10.074391186586,-0.919682928351,
    3.044431451226));
#12409 = CARTESIAN_POINT('',(10.054672027261,-0.459872240815,
    3.134760857556));
#12410 = CARTESIAN_POINT('',(10.034950331399,-9.803825002792E-08,
    3.134770074573));
#12411 = ORIENTED_EDGE('',*,*,#12412,.T.);
#12412 = EDGE_CURVE('',#12377,#12413,#12415,.T.);
#12413 = VERTEX_POINT('',#12414);
#12414 = CARTESIAN_POINT('',(10.438805784532,-1.657105611473E-07,3.665)
  );
#12415 = B_SPLINE_CURVE_WITH_KNOTS('',1,(#12416,#12417),.UNSPECIFIED.,
  .F.,.F.,(2,2),(0.,0.659896538121),.PIECEWISE_BEZIER_KNOTS.);
#12416 = CARTESIAN_POINT('',(10.744948956522,-1.470481245032E-07,
    3.134746044501));
#12417 = CARTESIAN_POINT('',(10.414999953472,-1.671617603767E-07,
    3.706232786613));
#12418 = ORIENTED_EDGE('',*,*,#12419,.T.);
#12419 = EDGE_CURVE('',#12413,#12313,#12420,.T.);
#12420 = B_SPLINE_CURVE_WITH_KNOTS('',6,(#12421,#12422,#12423,#12424,
    #12425,#12426,#12427,#12428,#12429,#12430,#12431,#12432,#12433,
    #12434,#12435,#12436,#12437,#12438,#12439,#12440,#12441,#12442,
    #12443,#12444,#12445,#12446,#12447,#12448,#12449,#12450,#12451,
    #12452),.UNSPECIFIED.,.F.,.F.,(7,5,5,5,5,5,7),(0.,0.101550569569,
    0.265382223079,0.474325790972,0.682122198535,0.843796332379,1.),
  .UNSPECIFIED.);
#12421 = CARTESIAN_POINT('',(10.438805784532,-1.657105830673E-07,3.665)
  );
#12422 = CARTESIAN_POINT('',(10.432799315064,0.168278539106,
    3.66500000045));
#12423 = CARTESIAN_POINT('',(10.42679646424,0.336560819916,
    3.654263181918));
#12424 = CARTESIAN_POINT('',(10.420793078524,0.503982725804,
    3.63278991849));
#12425 = CARTESIAN_POINT('',(10.414787765541,0.6696919276,3.600671197636
    ));
#12426 = CARTESIAN_POINT('',(10.408780691891,0.832850663702,
    3.558088032189));
#12427 = CARTESIAN_POINT('',(10.393079165819,1.250424890355,
    3.420165418115));
#12428 = CARTESIAN_POINT('',(10.383381105491,1.499483644661,
    3.308473211194));
#12429 = CARTESIAN_POINT('',(10.373683003394,1.736313834849,
    3.171375732336));
#12430 = CARTESIAN_POINT('',(10.363986908266,1.957759217418,
    3.010607916624));
#12431 = CARTESIAN_POINT('',(10.354291171455,2.160952566918,
    2.828349758684));
#12432 = CARTESIAN_POINT('',(10.33223668405,2.576151520163,
    2.370975557925));
#12433 = CARTESIAN_POINT('',(10.319873018083,2.775307047568,
    2.083966018209));
#12434 = CARTESIAN_POINT('',(10.307516244132,2.935638536424,
    1.772012628442));
#12435 = CARTESIAN_POINT('',(10.295157842211,3.053600652497,
    1.441700771473));
#12436 = CARTESIAN_POINT('',(10.282792620848,3.126813319323,
    1.100120391119));
#12437 = CARTESIAN_POINT('',(10.258136764051,3.182453804446,
    0.41178973237));
#12438 = CARTESIAN_POINT('',(10.245837216396,3.165398469333,
    6.482332692949E-02));
#12439 = CARTESIAN_POINT('',(10.233542141117,3.102872947163,
    -0.278294721555));
#12440 = CARTESIAN_POINT('',(10.221247752082,2.996056238439,
    -0.61030330854));
#12441 = CARTESIAN_POINT('',(10.208948991265,2.847335869603,
    -0.924244312139));
#12442 = CARTESIAN_POINT('',(10.18709004286,2.515825787031,
    -1.438974147915));
#12443 = CARTESIAN_POINT('',(10.177523963665,2.347863880083,
    -1.649506803528));
#12444 = CARTESIAN_POINT('',(10.167959564771,2.158907328259,
    -1.842354324092));
#12445 = CARTESIAN_POINT('',(10.158395086115,1.951323268417,
    -2.014991408196));
#12446 = CARTESIAN_POINT('',(10.148828877467,1.727821091097,
    -2.165264405643));
#12447 = CARTESIAN_POINT('',(10.130022171293,1.26322749457,
    -2.413499842241));
#12448 = CARTESIAN_POINT('',(10.120779325643,1.022930029165,
    -2.513090755479));
#12449 = CARTESIAN_POINT('',(10.111537498942,0.773438183568,
    -2.588780480143));
#12450 = CARTESIAN_POINT('',(10.102295482037,0.51771804494,
    -2.639597073985));
#12451 = CARTESIAN_POINT('',(10.093052351374,0.25884369653,
    -2.664999999999));
#12452 = CARTESIAN_POINT('',(10.083810530541,-5.479613319951E-15,-2.665)
  );
#12453 = ORIENTED_EDGE('',*,*,#12320,.T.);
#12454 = ORIENTED_EDGE('',*,*,#11937,.F.);
#12455 = B_SPLINE_SURFACE_WITH_KNOTS('',1,9,(
    (#12456,#12457,#12458,#12459,#12460,#12461,#12462,#12463,#12464
      ,#12465,#12466,#12467,#12468,#12469,#12470,#12471,#12472,#12473
      ,#12474,#12475,#12476,#12477,#12478,#12479,#12480,#12481,#12482
      ,#12483,#12484,#12485,#12486)
    ,(#12487,#12488,#12489,#12490,#12491,#12492,#12493,#12494,#12495
      ,#12496,#12497,#12498,#12499,#12500,#12501,#12502,#12503,#12504
      ,#12505,#12506,#12507,#12508,#12509,#12510,#12511,#12512,#12513
      ,#12514,#12515,#12516,#12517
    )),.UNSPECIFIED.,.F.,.F.,.F.,(2,2),(10,7,7,7,10),(0.,0.659896538121)
  ,(0.,1.58079326614,3.161586532279,4.742379798419,6.323173064558),
  .UNSPECIFIED.);
#12456 = CARTESIAN_POINT('',(10.744948956522,-1.470481470532E-07,
    3.134746044501));
#12457 = CARTESIAN_POINT('',(10.725227260683,0.45987199573,
    3.134755270069));
#12458 = CARTESIAN_POINT('',(10.705508101474,0.919686303684,
    3.044532151952));
#12459 = CARTESIAN_POINT('',(10.685782741264,1.359307556173,
    2.863888436639));
#12460 = CARTESIAN_POINT('',(10.666058976011,1.758342987578,
    2.598270558257));
#12461 = CARTESIAN_POINT('',(10.646337545694,2.098296995894,
    2.258348503806));
#12462 = CARTESIAN_POINT('',(10.626616114465,2.363880271357,
    1.859288699409));
#12463 = CARTESIAN_POINT('',(10.606894439317,2.544471917682,
    1.419706302825));
#12464 = CARTESIAN_POINT('',(10.567450260655,2.725060102669,
    0.500006090035));
#12465 = CARTESIAN_POINT('',(10.528005155639,2.54446629295,
    -0.419703813303));
#12466 = CARTESIAN_POINT('',(10.508282519416,2.363875765803,
    -0.859296719592));
#12467 = CARTESIAN_POINT('',(10.488560269794,2.098304618782,
    -1.258363405745));
#12468 = CARTESIAN_POINT('',(10.468838370141,1.758363237066,
    -1.59831100221));
#12469 = CARTESIAN_POINT('',(10.449116435337,1.359297887607,
    -1.863885421616));
#12470 = CARTESIAN_POINT('',(10.429394231946,0.919706457469,
    -2.044466561469));
#12471 = CARTESIAN_POINT('',(10.389949643968,-2.969758945556E-07,
    -2.225045257997));
#12472 = CARTESIAN_POINT('',(10.350505055989,-0.919706059561,
    -2.044461509893));
#12473 = CARTESIAN_POINT('',(10.330782852603,-1.359295911147,
    -1.86388044416));
#12474 = CARTESIAN_POINT('',(10.311060917793,-1.758363906929,
    -1.598318336133));
#12475 = CARTESIAN_POINT('',(10.291339018138,-2.098315583066,
    -1.258376831286));
#12476 = CARTESIAN_POINT('',(10.271616768517,-2.363890696499,
    -0.859303274812));
#12477 = CARTESIAN_POINT('',(10.251894132302,-2.544467135046,
    -0.419705128955));
#12478 = CARTESIAN_POINT('',(10.212449027271,-2.725039006921,
    0.500006083922));
#12479 = CARTESIAN_POINT('',(10.173004848615,-2.544459420774,
    1.419704987165));
#12480 = CARTESIAN_POINT('',(10.153283173649,-2.363886555135,
    1.859292455006));
#12481 = CARTESIAN_POINT('',(10.133561741723,-2.098325128389,
    2.258350072737));
#12482 = CARTESIAN_POINT('',(10.113840312573,-1.758406151808,
    2.598334200467));
#12483 = CARTESIAN_POINT('',(10.094116546226,-1.359257175501,
    2.863902032777));
#12484 = CARTESIAN_POINT('',(10.074391186586,-0.919682928351,
    3.044431451226));
#12485 = CARTESIAN_POINT('',(10.054672027261,-0.459872240815,
    3.134760857556));
#12486 = CARTESIAN_POINT('',(10.034950331399,-9.803825002792E-08,
    3.134770074573));
#12487 = CARTESIAN_POINT('',(10.414999953472,-1.671617823367E-07,
    3.706232786613));
#12488 = CARTESIAN_POINT('',(10.395277695617,0.559593681149,
    3.70624169121));
#12489 = CARTESIAN_POINT('',(10.37555526604,1.119189132924,
    3.596440607241));
#12490 = CARTESIAN_POINT('',(10.355833256016,1.654157220121,
    3.376605768129));
#12491 = CARTESIAN_POINT('',(10.336111138845,2.139726355383,
    3.053400510701));
#12492 = CARTESIAN_POINT('',(10.316388862397,2.55342908807,2.63974653135
    ));
#12493 = CARTESIAN_POINT('',(10.296666586971,2.87661190352,
    2.154125078537));
#12494 = CARTESIAN_POINT('',(10.276944327609,3.096373415022,
    1.619193228743));
#12495 = CARTESIAN_POINT('',(10.237499865164,3.316130512479,
    0.500005958853));
#12496 = CARTESIAN_POINT('',(10.198055465459,3.096368299774,
    -0.619188952138));
#12497 = CARTESIAN_POINT('',(10.178333271267,2.876609673323,
    -1.154129173793));
#12498 = CARTESIAN_POINT('',(10.158611050898,2.553436038661,
    -1.639757273788));
#12499 = CARTESIAN_POINT('',(10.138888806835,2.139756790469,
    -2.053442731505));
#12500 = CARTESIAN_POINT('',(10.119166565153,1.654129113032,
    -2.376620031244));
#12501 = CARTESIAN_POINT('',(10.099444341653,1.119189903884,
    -2.596368825535));
#12502 = CARTESIAN_POINT('',(10.059999906929,-2.34167557659E-07,
    -2.816115523866));
#12503 = CARTESIAN_POINT('',(10.020555472204,-1.119189422278,
    -2.596363987454));
#12504 = CARTESIAN_POINT('',(10.000833248708,-1.654127115486,
    -2.376615281552));
#12505 = CARTESIAN_POINT('',(9.98111100702,-2.13975735611,
    -2.053449874298));
#12506 = CARTESIAN_POINT('',(9.961388762954,-2.553446548696,
    -1.639770306405));
#12507 = CARTESIAN_POINT('',(9.941666542588,-2.876624025203,
    -1.154135588606));
#12508 = CARTESIAN_POINT('',(9.921944348404,-3.096369076844,
    -0.619190319119));
#12509 = CARTESIAN_POINT('',(9.882499948684,-3.316110160779,
    0.500005848288));
#12510 = CARTESIAN_POINT('',(9.843055486244,-3.096361394206,
    1.619191861755));
#12511 = CARTESIAN_POINT('',(9.823333227058,-2.876618017879,
    2.154128610878));
#12512 = CARTESIAN_POINT('',(9.803610950961,-2.55345629587,2.63974796435
    ));
#12513 = CARTESIAN_POINT('',(9.783888675638,-2.139787372401,
    3.05346184071));
#12514 = CARTESIAN_POINT('',(9.764166557412,-1.654108707172,
    3.376618832517));
#12515 = CARTESIAN_POINT('',(9.744444547937,-1.119185974373,
    3.596343422908));
#12516 = CARTESIAN_POINT('',(9.724722118248,-0.559594018791,
    3.706247063968));
#12517 = CARTESIAN_POINT('',(9.704999860371,-1.704804178514E-07,
    3.706255969143));
#12518 = ADVANCED_FACE('',(#12519),#12566,.F.);
#12519 = FACE_BOUND('',#12520,.F.);
#12520 = EDGE_LOOP('',(#12521,#12558,#12563,#12564,#12565));
#12521 = ORIENTED_EDGE('',*,*,#12522,.F.);
#12522 = EDGE_CURVE('',#12523,#12270,#12525,.T.);
#12523 = VERTEX_POINT('',#12524);
#12524 = CARTESIAN_POINT('',(10.381179370245,-1.772137641217E-07,3.665)
  );
#12525 = B_SPLINE_CURVE_WITH_KNOTS('',6,(#12526,#12527,#12528,#12529,
    #12530,#12531,#12532,#12533,#12534,#12535,#12536,#12537,#12538,
    #12539,#12540,#12541,#12542,#12543,#12544,#12545,#12546,#12547,
    #12548,#12549,#12550,#12551,#12552,#12553,#12554,#12555,#12556,
    #12557),.UNSPECIFIED.,.F.,.F.,(7,5,5,5,5,5,7),(0.,9.800523509961E-02
    ,0.268199853785,0.471076651434,0.684284271769,0.846002399201,1.),
  .UNSPECIFIED.);
#12526 = CARTESIAN_POINT('',(10.381179370245,-1.772137501817E-07,3.665)
  );
#12527 = CARTESIAN_POINT('',(10.375379487234,0.162403368408,
    3.665000001024));
#12528 = CARTESIAN_POINT('',(10.369575814827,0.324809518943,
    3.654999847543));
#12529 = CARTESIAN_POINT('',(10.363772734934,0.486442596161,
    3.634999907442));
#12530 = CARTESIAN_POINT('',(10.35797142144,0.64653636917,3.605079066272
    ));
#12531 = CARTESIAN_POINT('',(10.352171593599,0.804336651838,
    3.565394339279));
#12532 = CARTESIAN_POINT('',(10.336303974979,1.22787069408,
    3.430716340394));
#12533 = CARTESIAN_POINT('',(10.326237199261,1.48754385362,
    3.316498522308));
#12534 = CARTESIAN_POINT('',(10.316174613378,1.73417588648,
    3.174763460663));
#12535 = CARTESIAN_POINT('',(10.306109663294,1.964221467618,
    3.00744585103));
#12536 = CARTESIAN_POINT('',(10.296040514846,2.174467725937,
    2.816992644138));
#12537 = CARTESIAN_POINT('',(10.273968220407,2.585926941392,
    2.355593559916));
#12538 = CARTESIAN_POINT('',(10.261958749197,2.777771588737,
    2.076079692109));
#12539 = CARTESIAN_POINT('',(10.249952260909,2.932956906113,
    1.773215844814));
#12540 = CARTESIAN_POINT('',(10.237947247384,3.04824122799,
    1.453030706969));
#12541 = CARTESIAN_POINT('',(10.225939154478,3.121433935279,
    1.122009380862));
#12542 = CARTESIAN_POINT('',(10.20132215391,3.184002387269,
    0.435364682149));
#12543 = CARTESIAN_POINT('',(10.18870445111,3.168944381932,
    7.908043207859E-02));
#12544 = CARTESIAN_POINT('',(10.176093554504,3.105952609516,
    -0.273427792457));
#12545 = CARTESIAN_POINT('',(10.163481968293,2.996279845849,
    -0.614311513844));
#12546 = CARTESIAN_POINT('',(10.150863546209,2.842499029194,
    -0.936052896554));
#12547 = CARTESIAN_POINT('',(10.128681839818,2.502553566896,
    -1.456083996264));
#12548 = CARTESIAN_POINT('',(10.119112484759,2.333113084378,
    -1.665523166095));
#12549 = CARTESIAN_POINT('',(10.109544394245,2.14278786456,
    -1.857124471347));
#12550 = CARTESIAN_POINT('',(10.099976360097,1.933964202685,
    -2.028376883767));
#12551 = CARTESIAN_POINT('',(10.090407058172,1.709368440509,
    -2.177143710584));
#12552 = CARTESIAN_POINT('',(10.071728322498,1.246237608778,
    -2.420485837486));
#12553 = CARTESIAN_POINT('',(10.062616577693,1.008825347311,
    -2.517337899156));
#12554 = CARTESIAN_POINT('',(10.053506266966,0.762598804245,
    -2.5909189571));
#12555 = CARTESIAN_POINT('',(10.044396168817,0.510403925684,
    -2.640309618991));
#12556 = CARTESIAN_POINT('',(10.035284767351,0.255187650243,
    -2.664999999999));
#12557 = CARTESIAN_POINT('',(10.026174153453,-5.184017626791E-15,-2.665)
  );
#12558 = ORIENTED_EDGE('',*,*,#12559,.T.);
#12559 = EDGE_CURVE('',#12523,#12159,#12560,.T.);
#12560 = B_SPLINE_CURVE_WITH_KNOTS('',1,(#12561,#12562),.UNSPECIFIED.,
  .F.,.F.,(2,2),(0.,0.659896538121),.PIECEWISE_BEZIER_KNOTS.);
#12561 = CARTESIAN_POINT('',(10.404999860366,-1.833174069723E-07,
    3.706258666279));
#12562 = CARTESIAN_POINT('',(10.075053793278,-9.877368930572E-08,
    3.134770229094));
#12563 = ORIENTED_EDGE('',*,*,#12158,.T.);
#12564 = ORIENTED_EDGE('',*,*,#12084,.F.);
#12565 = ORIENTED_EDGE('',*,*,#12269,.F.);
#12566 = B_SPLINE_SURFACE_WITH_KNOTS('',1,9,(
    (#12567,#12568,#12569,#12570,#12571,#12572,#12573,#12574,#12575
      ,#12576,#12577,#12578,#12579,#12580,#12581,#12582,#12583,#12584
      ,#12585,#12586,#12587,#12588,#12589,#12590,#12591,#12592,#12593
      ,#12594,#12595,#12596,#12597)
    ,(#12598,#12599,#12600,#12601,#12602,#12603,#12604,#12605,#12606
      ,#12607,#12608,#12609,#12610,#12611,#12612,#12613,#12614,#12615
      ,#12616,#12617,#12618,#12619,#12620,#12621,#12622,#12623,#12624
      ,#12625,#12626,#12627,#12628
    )),.UNSPECIFIED.,.F.,.F.,.F.,(2,2),(10,7,7,7,10),(0.,0.659896538121)
  ,(0.,1.58079326614,3.161586532279,4.742379798419,6.323173064558),
  .UNSPECIFIED.);
#12567 = CARTESIAN_POINT('',(10.404999860366,-1.833173929523E-07,
    3.706258666279));
#12568 = CARTESIAN_POINT('',(10.385277602486,0.559598337755,
    3.706268262097));
#12569 = CARTESIAN_POINT('',(10.36555517276,1.119198600771,
    3.596470238648));
#12570 = CARTESIAN_POINT('',(10.34583316287,1.654172914877,
    3.376629287961));
#12571 = CARTESIAN_POINT('',(10.326111045819,2.139741857451,
    3.053419460727));
#12572 = CARTESIAN_POINT('',(10.306388769287,2.553449357442,
    2.639764349767));
#12573 = CARTESIAN_POINT('',(10.286666493848,2.8766356904,2.154138759738
    ));
#12574 = CARTESIAN_POINT('',(10.266944234451,3.096399741153,
    1.619202632274));
#12575 = CARTESIAN_POINT('',(10.227499771993,3.316158998145,0.5000059663
    ));
#12576 = CARTESIAN_POINT('',(10.188055372321,3.096394131738,
    -0.619198243646));
#12577 = CARTESIAN_POINT('',(10.16833317815,2.876633143999,
    -1.154142737532));
#12578 = CARTESIAN_POINT('',(10.148610957783,2.553456959657,
    -1.63977463728));
#12579 = CARTESIAN_POINT('',(10.128888713703,2.139774642314,
    -2.05346377902));
#12580 = CARTESIAN_POINT('',(10.109166472007,1.654143008452,
    -2.376644239594));
#12581 = CARTESIAN_POINT('',(10.089444248506,1.119199272915,
    -2.596394873142));
#12582 = CARTESIAN_POINT('',(10.049999813789,-2.491627258346E-07,
    -2.816143220245));
#12583 = CARTESIAN_POINT('',(10.010555379071,-1.11919874804,
    -2.596389661946));
#12584 = CARTESIAN_POINT('',(9.990833155574,-1.654140850476,
    -2.376639124664));
#12585 = CARTESIAN_POINT('',(9.971110913874,-2.139775246951,
    -2.053471479912));
#12586 = CARTESIAN_POINT('',(9.951388669788,-2.553468280787,
    -1.639788685614));
#12587 = CARTESIAN_POINT('',(9.931666449426,-2.876648605885,
    -1.154149655388));
#12588 = CARTESIAN_POINT('',(9.911944255262,-3.096394966941,
    -0.619199722568));
#12589 = CARTESIAN_POINT('',(9.872499855574,-3.31613706792,
    0.500005840824));
#12590 = CARTESIAN_POINT('',(9.833055393121,-3.096386790113,
    1.619201153344));
#12591 = CARTESIAN_POINT('',(9.813333133915,-2.876642282163,
    2.154142560562));
#12592 = CARTESIAN_POINT('',(9.793610857752,-2.553478679628,
    2.639765889035));
#12593 = CARTESIAN_POINT('',(9.773888582432,-2.139807611968,
    3.053485543547));
#12594 = CARTESIAN_POINT('',(9.754166464244,-1.654120644644,
    3.376643362493));
#12595 = CARTESIAN_POINT('',(9.734444454947,-1.11919520315,
    3.596365514334));
#12596 = CARTESIAN_POINT('',(9.714722025101,-0.55959870771,
    3.706274050509));
#12597 = CARTESIAN_POINT('',(9.694999767196,-1.866385308569E-07,
    3.706283646905));
#12598 = CARTESIAN_POINT('',(10.075053793278,-9.877367500572E-08,
    3.134770229094));
#12599 = CARTESIAN_POINT('',(10.055332097415,0.459876273091,
    3.134779485681));
#12600 = CARTESIAN_POINT('',(10.035612938067,0.919694818746,
    3.044555756673));
#12601 = CARTESIAN_POINT('',(10.015887577998,1.359320212234,
    2.863910126084));
#12602 = CARTESIAN_POINT('',(9.996163812818,1.758359065051,
    2.598289690783));
#12603 = CARTESIAN_POINT('',(9.976442382462,2.098316269789,
    2.258364636246));
#12604 = CARTESIAN_POINT('',(9.956720951199,2.363902027442,
    1.859301151257));
#12605 = CARTESIAN_POINT('',(9.936999276026,2.544495367047,
    1.419714718538));
#12606 = CARTESIAN_POINT('',(9.897555097352,2.725085214547,
    0.500006039569));
#12607 = CARTESIAN_POINT('',(9.858109992366,2.544489679665,
    -0.419712317555));
#12608 = CARTESIAN_POINT('',(9.838387356161,2.36389745309,
    -0.859309252839));
#12609 = CARTESIAN_POINT('',(9.818665106541,2.098323864325,
    -1.258379590315));
#12610 = CARTESIAN_POINT('',(9.798943206872,1.758379371244,
    -1.598330320687));
#12611 = CARTESIAN_POINT('',(9.779221272056,1.359310351528,
    -1.863907201975));
#12612 = CARTESIAN_POINT('',(9.759499068664,0.919714871066,
    -2.044489994901));
#12613 = CARTESIAN_POINT('',(9.720054480693,-3.487201906381E-07,
    -2.225070324634));
#12614 = CARTESIAN_POINT('',(9.680609892721,-0.919714565705,
    -2.044484887602));
#12615 = CARTESIAN_POINT('',(9.660887689332,-1.359308454158,
    -1.863902152828));
#12616 = CARTESIAN_POINT('',(9.641165754512,-1.758380121706,
    -1.598337620917));
#12617 = CARTESIAN_POINT('',(9.621443854839,-2.098334940746,
    -1.258392995684));
#12618 = CARTESIAN_POINT('',(9.601721605222,-2.363912498146,
    -0.859315748597));
#12619 = CARTESIAN_POINT('',(9.581998969024,-2.544490559439,
    -0.419713544594));
#12620 = CARTESIAN_POINT('',(9.542553864024,-2.725064028362,
    0.500006134372));
#12621 = CARTESIAN_POINT('',(9.503109685355,-2.544482782496,
    1.419713491491));
#12622 = CARTESIAN_POINT('',(9.483388010365,-2.363908287808,
    1.859305010519));
#12623 = CARTESIAN_POINT('',(9.463666578402,-2.098344457754,
    2.25836628963));
#12624 = CARTESIAN_POINT('',(9.443945149219,-1.75842242234,
    2.598353670961));
#12625 = CARTESIAN_POINT('',(9.424221382939,-1.359269528016,
    2.863923830862));
#12626 = CARTESIAN_POINT('',(9.404496023443,-0.919691334688,
    3.044454658311));
#12627 = CARTESIAN_POINT('',(9.384776863979,-0.459876421631,
    3.134785114153));
#12628 = CARTESIAN_POINT('',(9.365055168092,-4.976603614042E-08,
    3.134794362188));
#12629 = ADVANCED_FACE('',(#12630),#12675,.F.);
#12630 = FACE_BOUND('',#12631,.F.);
#12631 = EDGE_LOOP('',(#12632,#12668,#12673,#12674));
#12632 = ORIENTED_EDGE('',*,*,#12633,.F.);
#12633 = EDGE_CURVE('',#12634,#12159,#12636,.T.);
#12634 = VERTEX_POINT('',#12635);
#12635 = CARTESIAN_POINT('',(10.785052418401,-1.47783579301E-07,
    3.134746096008));
#12636 = B_SPLINE_CURVE_WITH_KNOTS('',9,(#12637,#12638,#12639,#12640,
    #12641,#12642,#12643,#12644,#12645,#12646,#12647,#12648,#12649,
    #12650,#12651,#12652,#12653,#12654,#12655,#12656,#12657,#12658,
    #12659,#12660,#12661,#12662,#12663,#12664,#12665,#12666,#12667),
  .UNSPECIFIED.,.F.,.F.,(10,7,7,7,10),(0.,1.58079326614,3.161586532279,
    4.742379798419,6.323173064558),.UNSPECIFIED.);
#12637 = CARTESIAN_POINT('',(10.785052418401,-1.47783577681E-07,
    3.134746096008));
#12638 = CARTESIAN_POINT('',(10.765330722562,0.45987201297,
    3.134755361143));
#12639 = CARTESIAN_POINT('',(10.745611563353,0.919686346678,
    3.044532467356));
#12640 = CARTESIAN_POINT('',(10.725886203142,1.359307717121,
    2.863888500026));
#12641 = CARTESIAN_POINT('',(10.706162437892,1.758342920769,
    2.598270504024));
#12642 = CARTESIAN_POINT('',(10.686441007572,2.098297017493,
    2.258348569359));
#12643 = CARTESIAN_POINT('',(10.666719576344,2.363880350202,
    1.859288744693));
#12644 = CARTESIAN_POINT('',(10.646997901196,2.544472043878,
    1.419706341807));
#12645 = CARTESIAN_POINT('',(10.607553722534,2.72506025443,
    0.500006090266));
#12646 = CARTESIAN_POINT('',(10.568108617518,2.544466390702,
    -0.419703846238));
#12647 = CARTESIAN_POINT('',(10.548385981295,2.363875826332,
    -0.859296758498));
#12648 = CARTESIAN_POINT('',(10.528663731673,2.098304677461,
    -1.258363445549));
#12649 = CARTESIAN_POINT('',(10.508941832019,1.758363304546,
    -1.598311068391));
#12650 = CARTESIAN_POINT('',(10.489219897216,1.359297945177,
    -1.8638855246));
#12651 = CARTESIAN_POINT('',(10.469497693825,0.919706494482,
    -2.044466671707));
#12652 = CARTESIAN_POINT('',(10.430053105847,-2.980317123234E-07,
    -2.22504536454));
#12653 = CARTESIAN_POINT('',(10.390608517869,-0.919706094463,
    -2.044461598622));
#12654 = CARTESIAN_POINT('',(10.370886314482,-1.359295959867,
    -1.863880526022));
#12655 = CARTESIAN_POINT('',(10.351164379672,-1.758363976946,
    -1.598318434033));
#12656 = CARTESIAN_POINT('',(10.331442480016,-2.098315688467,
    -1.258376928978));
#12657 = CARTESIAN_POINT('',(10.311720230397,-2.363890820817,
    -0.859303342197));
#12658 = CARTESIAN_POINT('',(10.291997594181,-2.544467236261,
    -0.419705167936));
#12659 = CARTESIAN_POINT('',(10.25255248915,-2.725039068248,
    0.500006083692));
#12660 = CARTESIAN_POINT('',(10.213108310494,-2.544459493544,
    1.419705020101));
#12661 = CARTESIAN_POINT('',(10.193386635529,-2.363886661135,
    1.859292516014));
#12662 = CARTESIAN_POINT('',(10.173665203601,-2.09832527087,
    2.258350144682));
#12663 = CARTESIAN_POINT('',(10.153943774454,-1.75840635611,
    2.59833441878));
#12664 = CARTESIAN_POINT('',(10.134220008104,-1.35925712085,
    2.863902154231));
#12665 = CARTESIAN_POINT('',(10.114494648467,-0.919682957281,
    3.044431334792));
#12666 = CARTESIAN_POINT('',(10.09477548914,-0.459872259526,
    3.13476097251));
#12667 = CARTESIAN_POINT('',(10.075053793278,-9.877368930572E-08,
    3.134770229094));
#12668 = ORIENTED_EDGE('',*,*,#12669,.T.);
#12669 = EDGE_CURVE('',#12634,#12377,#12670,.T.);
#12670 = B_SPLINE_CURVE_WITH_KNOTS('',1,(#12671,#12672),.UNSPECIFIED.,
  .F.,.F.,(2,2),(0.,4.010346187924E-02),.PIECEWISE_BEZIER_KNOTS.);
#12671 = CARTESIAN_POINT('',(10.785052418401,-1.47783555341E-07,
    3.134746096008));
#12672 = CARTESIAN_POINT('',(10.744948956522,-1.470481245032E-07,
    3.134746044501));
#12673 = ORIENTED_EDGE('',*,*,#12376,.T.);
#12674 = ORIENTED_EDGE('',*,*,#12194,.F.);
#12675 = B_SPLINE_SURFACE_WITH_KNOTS('',1,9,(
    (#12676,#12677,#12678,#12679,#12680,#12681,#12682,#12683,#12684
      ,#12685,#12686,#12687,#12688,#12689,#12690,#12691,#12692,#12693
      ,#12694,#12695,#12696,#12697,#12698,#12699,#12700,#12701,#12702
      ,#12703,#12704,#12705,#12706)
    ,(#12707,#12708,#12709,#12710,#12711,#12712,#12713,#12714,#12715
      ,#12716,#12717,#12718,#12719,#12720,#12721,#12722,#12723,#12724
      ,#12725,#12726,#12727,#12728,#12729,#12730,#12731,#12732,#12733
      ,#12734,#12735,#12736,#12737
    )),.UNSPECIFIED.,.F.,.F.,.F.,(2,2),(10,7,7,7,10),(0.,
    4.010346187924E-02),(0.,1.58079326614,3.161586532279,4.742379798419,
    6.323173064558),.UNSPECIFIED.);
#12676 = CARTESIAN_POINT('',(10.785052418401,-1.47783577681E-07,
    3.134746096008));
#12677 = CARTESIAN_POINT('',(10.765330722562,0.45987201297,
    3.134755361143));
#12678 = CARTESIAN_POINT('',(10.745611563353,0.919686346678,
    3.044532467356));
#12679 = CARTESIAN_POINT('',(10.725886203142,1.359307717121,
    2.863888500026));
#12680 = CARTESIAN_POINT('',(10.706162437892,1.758342920769,
    2.598270504024));
#12681 = CARTESIAN_POINT('',(10.686441007572,2.098297017493,
    2.258348569359));
#12682 = CARTESIAN_POINT('',(10.666719576344,2.363880350202,
    1.859288744693));
#12683 = CARTESIAN_POINT('',(10.646997901196,2.544472043878,
    1.419706341807));
#12684 = CARTESIAN_POINT('',(10.607553722534,2.72506025443,
    0.500006090266));
#12685 = CARTESIAN_POINT('',(10.568108617518,2.544466390702,
    -0.419703846238));
#12686 = CARTESIAN_POINT('',(10.548385981295,2.363875826331,
    -0.859296758498));
#12687 = CARTESIAN_POINT('',(10.528663731673,2.098304677461,
    -1.258363445549));
#12688 = CARTESIAN_POINT('',(10.508941832019,1.758363304546,
    -1.598311068391));
#12689 = CARTESIAN_POINT('',(10.489219897216,1.359297945177,
    -1.8638855246));
#12690 = CARTESIAN_POINT('',(10.469497693825,0.919706494482,
    -2.044466671707));
#12691 = CARTESIAN_POINT('',(10.430053105847,-2.980316988834E-07,
    -2.22504536454));
#12692 = CARTESIAN_POINT('',(10.390608517869,-0.919706094463,
    -2.044461598622));
#12693 = CARTESIAN_POINT('',(10.370886314482,-1.359295959867,
    -1.863880526023));
#12694 = CARTESIAN_POINT('',(10.351164379672,-1.758363976946,
    -1.598318434033));
#12695 = CARTESIAN_POINT('',(10.331442480016,-2.098315688467,
    -1.258376928978));
#12696 = CARTESIAN_POINT('',(10.311720230397,-2.363890820817,
    -0.859303342197));
#12697 = CARTESIAN_POINT('',(10.291997594181,-2.544467236261,
    -0.419705167936));
#12698 = CARTESIAN_POINT('',(10.25255248915,-2.725039068248,
    0.500006083692));
#12699 = CARTESIAN_POINT('',(10.213108310494,-2.544459493544,
    1.419705020101));
#12700 = CARTESIAN_POINT('',(10.193386635529,-2.363886661135,
    1.859292516014));
#12701 = CARTESIAN_POINT('',(10.173665203601,-2.09832527087,
    2.258350144682));
#12702 = CARTESIAN_POINT('',(10.153943774454,-1.75840635611,
    2.59833441878));
#12703 = CARTESIAN_POINT('',(10.134220008104,-1.35925712085,
    2.863902154231));
#12704 = CARTESIAN_POINT('',(10.114494648467,-0.919682957281,
    3.044431334792));
#12705 = CARTESIAN_POINT('',(10.09477548914,-0.459872259526,
    3.13476097251));
#12706 = CARTESIAN_POINT('',(10.075053793278,-9.877368930572E-08,
    3.134770229094));
#12707 = CARTESIAN_POINT('',(10.744948956522,-1.470481470532E-07,
    3.134746044501));
#12708 = CARTESIAN_POINT('',(10.725227260683,0.45987199573,
    3.134755270069));
#12709 = CARTESIAN_POINT('',(10.705508101474,0.919686303684,
    3.044532151952));
#12710 = CARTESIAN_POINT('',(10.685782741264,1.359307556173,
    2.863888436639));
#12711 = CARTESIAN_POINT('',(10.666058976011,1.758342987578,
    2.598270558257));
#12712 = CARTESIAN_POINT('',(10.646337545694,2.098296995894,
    2.258348503806));
#12713 = CARTESIAN_POINT('',(10.626616114465,2.363880271357,
    1.859288699409));
#12714 = CARTESIAN_POINT('',(10.606894439317,2.544471917682,
    1.419706302825));
#12715 = CARTESIAN_POINT('',(10.567450260655,2.725060102669,
    0.500006090035));
#12716 = CARTESIAN_POINT('',(10.528005155639,2.54446629295,
    -0.419703813303));
#12717 = CARTESIAN_POINT('',(10.508282519416,2.363875765803,
    -0.859296719592));
#12718 = CARTESIAN_POINT('',(10.488560269794,2.098304618782,
    -1.258363405745));
#12719 = CARTESIAN_POINT('',(10.468838370141,1.758363237066,
    -1.59831100221));
#12720 = CARTESIAN_POINT('',(10.449116435337,1.359297887607,
    -1.863885421616));
#12721 = CARTESIAN_POINT('',(10.429394231946,0.919706457469,
    -2.044466561469));
#12722 = CARTESIAN_POINT('',(10.389949643968,-2.969758945556E-07,
    -2.225045257997));
#12723 = CARTESIAN_POINT('',(10.350505055989,-0.919706059561,
    -2.044461509893));
#12724 = CARTESIAN_POINT('',(10.330782852603,-1.359295911147,
    -1.86388044416));
#12725 = CARTESIAN_POINT('',(10.311060917793,-1.758363906929,
    -1.598318336133));
#12726 = CARTESIAN_POINT('',(10.291339018138,-2.098315583066,
    -1.258376831286));
#12727 = CARTESIAN_POINT('',(10.271616768517,-2.363890696499,
    -0.859303274812));
#12728 = CARTESIAN_POINT('',(10.251894132302,-2.544467135046,
    -0.419705128955));
#12729 = CARTESIAN_POINT('',(10.212449027271,-2.725039006921,
    0.500006083922));
#12730 = CARTESIAN_POINT('',(10.173004848615,-2.544459420774,
    1.419704987165));
#12731 = CARTESIAN_POINT('',(10.153283173649,-2.363886555135,
    1.859292455006));
#12732 = CARTESIAN_POINT('',(10.133561741723,-2.098325128389,
    2.258350072737));
#12733 = CARTESIAN_POINT('',(10.113840312573,-1.758406151808,
    2.598334200467));
#12734 = CARTESIAN_POINT('',(10.094116546226,-1.359257175501,
    2.863902032777));
#12735 = CARTESIAN_POINT('',(10.074391186586,-0.919682928351,
    3.044431451226));
#12736 = CARTESIAN_POINT('',(10.054672027261,-0.459872240815,
    3.134760857556));
#12737 = CARTESIAN_POINT('',(10.034950331399,-9.803825002792E-08,
    3.134770074573));
#12738 = ADVANCED_FACE('',(#12739),#12842,.T.);
#12739 = FACE_BOUND('',#12740,.T.);
#12740 = EDGE_LOOP('',(#12741,#12742,#12743,#12786,#12794,#12841));
#12741 = ORIENTED_EDGE('',*,*,#12312,.F.);
#12742 = ORIENTED_EDGE('',*,*,#12522,.F.);
#12743 = ORIENTED_EDGE('',*,*,#12744,.F.);
#12744 = EDGE_CURVE('',#12745,#12523,#12747,.T.);
#12745 = VERTEX_POINT('',#12746);
#12746 = CARTESIAN_POINT('',(10.73618852772,-5.279327349241E-15,-2.665)
  );
#12747 = B_SPLINE_CURVE_WITH_KNOTS('',7,(#12748,#12749,#12750,#12751,
    #12752,#12753,#12754,#12755,#12756,#12757,#12758,#12759,#12760,
    #12761,#12762,#12763,#12764,#12765,#12766,#12767,#12768,#12769,
    #12770,#12771,#12772,#12773,#12774,#12775,#12776,#12777,#12778,
    #12779,#12780,#12781,#12782,#12783,#12784,#12785),.UNSPECIFIED.,.F.,
  .F.,(8,6,6,6,6,6,8),(0.,4.903696738748E-02,0.279027469091,
    0.522980247591,0.732714274158,0.895068958206,1.),.UNSPECIFIED.);
#12748 = CARTESIAN_POINT('',(10.73618852772,-5.609327349241E-15,-2.665)
  );
#12749 = CARTESIAN_POINT('',(10.733702013155,-6.964709692981E-02,-2.665)
  );
#12750 = CARTESIAN_POINT('',(10.731215481758,-0.139294280558,
    -2.66321194895));
#12751 = CARTESIAN_POINT('',(10.728728931612,-0.208886318371,
    -2.659635851286));
#12752 = CARTESIAN_POINT('',(10.726242361175,-0.278368141843,
    -2.654273828064));
#12753 = CARTESIAN_POINT('',(10.723755769275,-0.347684846441,
    -2.647130116961));
#12754 = CARTESIAN_POINT('',(10.721269155117,-0.416781691622,
    -2.638211072276));
#12755 = CARTESIAN_POINT('',(10.707119830209,-0.808391199349,
    -2.577406706891));
#12756 = CARTESIAN_POINT('',(10.695451308778,-1.12529007872,
    -2.488398223031));
#12757 = CARTESIAN_POINT('',(10.683786546727,-1.430408092289,
    -2.361353392858));
#12758 = CARTESIAN_POINT('',(10.672122709225,-1.718364363862,
    -2.198265067485));
#12759 = CARTESIAN_POINT('',(10.66045776219,-1.984234403047,
    -2.001922349475));
#12760 = CARTESIAN_POINT('',(10.648789108769,-2.223541928197,
    -1.77591512032));
#12761 = CARTESIAN_POINT('',(10.624755906965,-2.654193802886,
    -1.258559738878));
#12762 = CARTESIAN_POINT('',(10.612379063683,-2.841978117365,
    -0.96379674127));
#12763 = CARTESIAN_POINT('',(10.600009073495,-2.99123971327,
    -0.646006832551));
#12764 = CARTESIAN_POINT('',(10.587641472063,-3.09881871993,
    -0.311276141031));
#12765 = CARTESIAN_POINT('',(10.5752720573,-3.162650379031,
    3.397018908646E-02));
#12766 = CARTESIAN_POINT('',(10.56289544577,-3.18175661263,
    0.382945055312));
#12767 = CARTESIAN_POINT('',(10.539889368107,-3.13523049707,
    1.025632832226));
#12768 = CARTESIAN_POINT('',(10.529249759436,-3.081091017917,
    1.32047240861));
#12769 = CARTESIAN_POINT('',(10.518611705001,-2.994610087544,
    1.608570293225));
#12770 = CARTESIAN_POINT('',(10.507974619472,-2.876869208008,
    1.885727665661));
#12771 = CARTESIAN_POINT('',(10.497336158285,-2.729552065056,
    2.147981256528));
#12772 = CARTESIAN_POINT('',(10.486696287777,-2.554929892598,
    2.391637739718));
#12773 = CARTESIAN_POINT('',(10.467828020283,-2.202047739042,
    2.785034633982));
#12774 = CARTESIAN_POINT('',(10.45959493299,-2.033465407334,
    2.943618749729));
#12775 = CARTESIAN_POINT('',(10.451363280909,-1.851635843385,
    3.08760615454));
#12776 = CARTESIAN_POINT('',(10.443132668153,-1.658087780336,
    3.215696224055));
#12777 = CARTESIAN_POINT('',(10.434901622122,-1.454486782536,
    3.326786620251));
#12778 = CARTESIAN_POINT('',(10.426669050557,-1.242627535873,
    3.419978480112));
#12779 = CARTESIAN_POINT('',(10.413115192735,-0.883439336087,
    3.542855699525));
#12780 = CARTESIAN_POINT('',(10.407793584283,-0.739776376945,
    3.583349042449));
#12781 = CARTESIAN_POINT('',(10.402471441023,-0.593976098956,
    3.615920552461));
#12782 = CARTESIAN_POINT('',(10.397148671671,-0.446562887317,
    3.640437877068));
#12783 = CARTESIAN_POINT('',(10.391825305465,-0.298068929988,
    3.656812514341));
#12784 = CARTESIAN_POINT('',(10.386501803532,-0.149033156576,
    3.664999984251));
#12785 = CARTESIAN_POINT('',(10.381179370245,-1.772137642317E-07,3.665)
  );
#12786 = ORIENTED_EDGE('',*,*,#12787,.T.);
#12787 = EDGE_CURVE('',#12745,#12788,#12790,.T.);
#12788 = VERTEX_POINT('',#12789);
#12789 = CARTESIAN_POINT('',(10.793797097908,-5.304910693657E-15,-2.665)
  );
#12790 = LINE('',#12791,#12792);
#12791 = CARTESIAN_POINT('',(6.446202902092,-4.304191022488E-15,-2.665)
  );
#12792 = VECTOR('',#12793,1.);
#12793 = DIRECTION('',(1.,-8.840892098501E-16,4.4E-16));
#12794 = ORIENTED_EDGE('',*,*,#12795,.T.);
#12795 = EDGE_CURVE('',#12788,#12413,#12796,.T.);
#12796 = B_SPLINE_CURVE_WITH_KNOTS('',7,(#12797,#12798,#12799,#12800,
    #12801,#12802,#12803,#12804,#12805,#12806,#12807,#12808,#12809,
    #12810,#12811,#12812,#12813,#12814,#12815,#12816,#12817,#12818,
    #12819,#12820,#12821,#12822,#12823,#12824,#12825,#12826,#12827,
    #12828,#12829,#12830,#12831,#12832,#12833,#12834,#12835,#12836,
    #12837,#12838,#12839,#12840),.UNSPECIFIED.,.F.,.F.,(8,6,6,6,6,6,6,8)
  ,(0.,4.452859786188E-02,0.230531841919,0.28082043398,0.521559381978,
    0.733262652146,0.892029089129,1.),.UNSPECIFIED.);
#12797 = CARTESIAN_POINT('',(10.793797097908,-6.084910693657E-15,-2.665)
  );
#12798 = CARTESIAN_POINT('',(10.791538969697,-6.324535652062E-02,-2.665)
  );
#12799 = CARTESIAN_POINT('',(10.789280853845,-0.126490770559,
    -2.663525547409));
#12800 = CARTESIAN_POINT('',(10.787022752148,-0.18969490521,
    -2.660576643573));
#12801 = CARTESIAN_POINT('',(10.784764666276,-0.252816521914,
    -2.656154730284));
#12802 = CARTESIAN_POINT('',(10.78250659777,-0.315814480452,
    -2.650262689778));
#12803 = CARTESIAN_POINT('',(10.780248548046,-0.378647738949,
    -2.642904844735));
#12804 = CARTESIAN_POINT('',(10.768558358816,-0.7028811556,
    -2.597253202782));
#12805 = CARTESIAN_POINT('',(10.759124697089,-0.960951629222,
    -2.534936047063));
#12806 = CARTESIAN_POINT('',(10.74969275801,-1.212413691488,
    -2.447550934244));
#12807 = CARTESIAN_POINT('',(10.740261973885,-1.454377842488,
    -2.335981055633));
#12808 = CARTESIAN_POINT('',(10.730830413215,-1.684116561394,
    -2.201484077988));
#12809 = CARTESIAN_POINT('',(10.721397311754,-1.899081950201,
    -2.045684004616));
#12810 = CARTESIAN_POINT('',(10.709415738689,-2.150462448047,
    -1.823324771661));
#12811 = CARTESIAN_POINT('',(10.706865746358,-2.202716359857,
    -1.774592725788));
#12812 = CARTESIAN_POINT('',(10.704315726161,-2.253679744923,
    -1.724491505432));
#12813 = CARTESIAN_POINT('',(10.701765676022,-2.303309674934,
    -1.673062215001));
#12814 = CARTESIAN_POINT('',(10.699215594567,-2.351564909242,
    -1.620347590569));
#12815 = CARTESIAN_POINT('',(10.696665481116,-2.398405894866,
    -1.566391999873));
#12816 = CARTESIAN_POINT('',(10.681907411329,-2.661078026112,
    -1.24722754446));
#12817 = CARTESIAN_POINT('',(10.669692076198,-2.845202603101,
    -0.955683136147));
#12818 = CARTESIAN_POINT('',(10.657481487901,-2.991748878536,
    -0.641853912726));
#12819 = CARTESIAN_POINT('',(10.645271986487,-3.097693851635,
    -0.311593678185));
#12820 = CARTESIAN_POINT('',(10.633060986156,-3.161056092052,
    2.892037838852E-02));
#12821 = CARTESIAN_POINT('',(10.620845540343,-3.180888895407,
    0.373168630697));
#12822 = CARTESIAN_POINT('',(10.597902310715,-3.137375116979,
    1.014311212467));
#12823 = CARTESIAN_POINT('',(10.587164223374,-3.083755951308,
    1.312151988573));
#12824 = CARTESIAN_POINT('',(10.576429448869,-2.997154605428,
    1.603228284348));
#12825 = CARTESIAN_POINT('',(10.565696782081,-2.878672502426,
    1.883218331605));
#12826 = CARTESIAN_POINT('',(10.5549623203,-2.730035678143,
    2.148043301544));
#12827 = CARTESIAN_POINT('',(10.54422438708,-2.553579418214,
    2.393903576163));
#12828 = CARTESIAN_POINT('',(10.525437827741,-2.201557382964,
    2.784999055468));
#12829 = CARTESIAN_POINT('',(10.517385356131,-2.036748964842,
    2.940082399975));
#12830 = CARTESIAN_POINT('',(10.509332890054,-1.859266975738,
    3.081217598389));
#12831 = CARTESIAN_POINT('',(10.50128034137,-1.670539000335,
    3.207186261891));
#12832 = CARTESIAN_POINT('',(10.493227404412,-1.472118654686,
    3.316951400406));
#12833 = CARTESIAN_POINT('',(10.48517451269,-1.265678727332,
    3.409662007425));
#12834 = CARTESIAN_POINT('',(10.471648263898,-0.908407046646,
    3.535710660263));
#12835 = CARTESIAN_POINT('',(10.466173415759,-0.760901854873,
    3.578558883959));
#12836 = CARTESIAN_POINT('',(10.460699207577,-0.611069280582,
    3.61303568185));
#12837 = CARTESIAN_POINT('',(10.455225683102,-0.459479657667,
    3.638992722011));
#12838 = CARTESIAN_POINT('',(10.449752633381,-0.306712359825,
    3.656330784138));
#12839 = CARTESIAN_POINT('',(10.444279584367,-0.153354589312,
    3.664999984352));
#12840 = CARTESIAN_POINT('',(10.438805784532,-1.657105600873E-07,3.665)
  );
#12841 = ORIENTED_EDGE('',*,*,#12419,.T.);
#12842 = CYLINDRICAL_SURFACE('',#12843,3.165);
#12843 = AXIS2_PLACEMENT_3D('',#12844,#12845,#12846);
#12844 = CARTESIAN_POINT('',(6.446202902092,-2.854191022488E-15,0.5));
#12845 = DIRECTION('',(1.,-5.540892098501E-16,4.4E-16));
#12846 = DIRECTION('',(4.4E-16,7.E-17,-1.));
#12847 = ADVANCED_FACE('',(#12848),#12894,.F.);
#12848 = FACE_BOUND('',#12849,.F.);
#12849 = EDGE_LOOP('',(#12850,#12886,#12892,#12893));
#12850 = ORIENTED_EDGE('',*,*,#12851,.F.);
#12851 = EDGE_CURVE('',#12852,#12377,#12854,.T.);
#12852 = VERTEX_POINT('',#12853);
#12853 = CARTESIAN_POINT('',(11.09994826906,-3.144086912535E-14,
    -2.134730616767));
#12854 = B_SPLINE_CURVE_WITH_KNOTS('',9,(#12855,#12856,#12857,#12858,
    #12859,#12860,#12861,#12862,#12863,#12864,#12865,#12866,#12867,
    #12868,#12869,#12870,#12871,#12872,#12873,#12874,#12875,#12876,
    #12877,#12878,#12879,#12880,#12881,#12882,#12883,#12884,#12885),
  .UNSPECIFIED.,.F.,.F.,(10,7,7,7,10),(0.,1.58079326614,3.161586532279,
    4.742379798419,6.323173064558),.UNSPECIFIED.);
#12855 = CARTESIAN_POINT('',(11.454947581583,-1.960601538285E-07,
    3.134722014431));
#12856 = CARTESIAN_POINT('',(11.435225885768,0.459867753582,
    3.13473124855));
#12857 = CARTESIAN_POINT('',(11.415506726697,0.919677867577,
    3.044508962126));
#12858 = CARTESIAN_POINT('',(11.395781366345,1.35929511421,
    2.863866903007));
#12859 = CARTESIAN_POINT('',(11.376057601024,1.758326912045,
    2.598251453543));
#12860 = CARTESIAN_POINT('',(11.356336170742,2.098277825641,
    2.258332505673));
#12861 = CARTESIAN_POINT('',(11.336614739549,2.363858686543,
    1.859276345995));
#12862 = CARTESIAN_POINT('',(11.316893064425,2.544448694001,
    1.419697962056));
#12863 = CARTESIAN_POINT('',(11.277448885775,2.725035249101,
    0.500006140734));
#12864 = CARTESIAN_POINT('',(11.23800378073,2.544443103476,
    -0.419695377945));
#12865 = CARTESIAN_POINT('',(11.218281144487,2.363854231473,
    -0.859284278397));
#12866 = CARTESIAN_POINT('',(11.198558894864,2.098285513964,
    -1.258347329729));
#12867 = CARTESIAN_POINT('',(11.178836995226,1.758347239121,
    -1.598291831956));
#12868 = CARTESIAN_POINT('',(11.159115060435,1.359285534405,
    -1.863863836669));
#12869 = CARTESIAN_POINT('',(11.139392857045,0.919698116847,
    -2.044443337762));
#12870 = CARTESIAN_POINT('',(11.099948269061,-2.462854155909E-07,
    -2.225020404452));
#12871 = CARTESIAN_POINT('',(11.060503681075,-0.919697624276,
    -2.044438320403));
#12872 = CARTESIAN_POINT('',(11.04078147769,-1.359283470001,
    -1.863858909782));
#12873 = CARTESIAN_POINT('',(11.021059542893,-1.75834783092,
    -1.598299231295));
#12874 = CARTESIAN_POINT('',(11.001337643251,-2.098296412829,
    -1.258360833332));
#12875 = CARTESIAN_POINT('',(10.981615393631,-2.363869111597,
    -0.859290921561));
#12876 = CARTESIAN_POINT('',(10.961892757396,-2.544443911356,
    -0.419696788259));
#12877 = CARTESIAN_POINT('',(10.922447652336,-2.725014153356,
    0.500006033239));
#12878 = CARTESIAN_POINT('',(10.883003473691,-2.544436231311,
    1.419696551734));
#12879 = CARTESIAN_POINT('',(10.863281798751,-2.363865020891,
    1.859280013648));
#12880 = CARTESIAN_POINT('',(10.843560366859,-2.098306023552,
    2.258333996538));
#12881 = CARTESIAN_POINT('',(10.823838937746,-1.758390154327,
    2.59831503033));
#12882 = CARTESIAN_POINT('',(10.804115171329,-1.359244821487,
    2.863880448568));
#12883 = CARTESIAN_POINT('',(10.784389811549,-0.919674586909,
    3.044408227195));
#12884 = CARTESIAN_POINT('',(10.764670652361,-0.459868096689,
    3.134736818933));
#12885 = CARTESIAN_POINT('',(10.744948956522,-1.470481245032E-07,
    3.134746044501));
#12886 = ORIENTED_EDGE('',*,*,#12887,.F.);
#12887 = EDGE_CURVE('',#12788,#12852,#12888,.T.);
#12888 = LINE('',#12889,#12890);
#12889 = CARTESIAN_POINT('',(10.793797097908,-8.164910693657E-15,-2.665)
  );
#12890 = VECTOR('',#12891,1.);
#12891 = DIRECTION('',(0.5,-4.420446049252E-16,0.866025403784));
#12892 = ORIENTED_EDGE('',*,*,#12795,.T.);
#12893 = ORIENTED_EDGE('',*,*,#12412,.F.);
#12894 = B_SPLINE_SURFACE_WITH_KNOTS('',1,9,(
    (#12895,#12896,#12897,#12898,#12899,#12900,#12901,#12902,#12903
      ,#12904,#12905,#12906,#12907,#12908,#12909,#12910,#12911,#12912
      ,#12913,#12914,#12915,#12916,#12917,#12918,#12919,#12920,#12921
      ,#12922,#12923,#12924,#12925)
    ,(#12926,#12927,#12928,#12929,#12930,#12931,#12932,#12933,#12934
      ,#12935,#12936,#12937,#12938,#12939,#12940,#12941,#12942,#12943
      ,#12944,#12945,#12946,#12947,#12948,#12949,#12950,#12951,#12952
      ,#12953,#12954,#12955,#12956
    )),.UNSPECIFIED.,.F.,.F.,.F.,(2,2),(10,7,7,7,10),(0.,0.659896538121)
  ,(0.,1.58079326614,3.161586532279,4.742379798419,6.323173064558),
  .UNSPECIFIED.);
#12895 = CARTESIAN_POINT('',(11.454947581583,-1.960601538285E-07,
    3.134722014431));
#12896 = CARTESIAN_POINT('',(11.435225885768,0.459867753582,
    3.13473124855));
#12897 = CARTESIAN_POINT('',(11.415506726697,0.919677867577,
    3.044508962126));
#12898 = CARTESIAN_POINT('',(11.395781366345,1.35929511421,
    2.863866903007));
#12899 = CARTESIAN_POINT('',(11.376057601024,1.758326912045,
    2.598251453543));
#12900 = CARTESIAN_POINT('',(11.356336170742,2.098277825641,
    2.258332505673));
#12901 = CARTESIAN_POINT('',(11.336614739549,2.363858686543,
    1.859276345995));
#12902 = CARTESIAN_POINT('',(11.316893064425,2.544448694001,
    1.419697962056));
#12903 = CARTESIAN_POINT('',(11.277448885775,2.725035249101,
    0.500006140734));
#12904 = CARTESIAN_POINT('',(11.23800378073,2.544443103476,
    -0.419695377945));
#12905 = CARTESIAN_POINT('',(11.218281144487,2.363854231473,
    -0.859284278397));
#12906 = CARTESIAN_POINT('',(11.198558894864,2.098285513964,
    -1.258347329729));
#12907 = CARTESIAN_POINT('',(11.178836995226,1.758347239121,
    -1.598291831956));
#12908 = CARTESIAN_POINT('',(11.159115060435,1.359285534405,
    -1.863863836669));
#12909 = CARTESIAN_POINT('',(11.139392857045,0.919698116847,
    -2.044443337762));
#12910 = CARTESIAN_POINT('',(11.099948269061,-2.462854155909E-07,
    -2.225020404452));
#12911 = CARTESIAN_POINT('',(11.060503681075,-0.919697624276,
    -2.044438320403));
#12912 = CARTESIAN_POINT('',(11.04078147769,-1.359283470001,
    -1.863858909782));
#12913 = CARTESIAN_POINT('',(11.021059542893,-1.75834783092,
    -1.598299231295));
#12914 = CARTESIAN_POINT('',(11.001337643251,-2.098296412829,
    -1.258360833332));
#12915 = CARTESIAN_POINT('',(10.981615393631,-2.363869111597,
    -0.859290921561));
#12916 = CARTESIAN_POINT('',(10.961892757396,-2.544443911356,
    -0.419696788259));
#12917 = CARTESIAN_POINT('',(10.922447652336,-2.725014153356,
    0.500006033239));
#12918 = CARTESIAN_POINT('',(10.883003473691,-2.544436231311,
    1.419696551734));
#12919 = CARTESIAN_POINT('',(10.863281798751,-2.363865020891,
    1.859280013648));
#12920 = CARTESIAN_POINT('',(10.843560366859,-2.098306023552,
    2.258333996538));
#12921 = CARTESIAN_POINT('',(10.823838937746,-1.758390154327,
    2.59831503033));
#12922 = CARTESIAN_POINT('',(10.804115171329,-1.359244821487,
    2.863880448568));
#12923 = CARTESIAN_POINT('',(10.784389811549,-0.919674586909,
    3.044408227195));
#12924 = CARTESIAN_POINT('',(10.764670652361,-0.459868096689,
    3.134736818933));
#12925 = CARTESIAN_POINT('',(10.744948956522,-1.470481245032E-07,
    3.134746044501));
#12926 = CARTESIAN_POINT('',(11.125000046513,-1.63845161452E-07,
    3.706209604082));
#12927 = CARTESIAN_POINT('',(11.105277788682,0.559589639222,3.7062185081
    ));
#12928 = CARTESIAN_POINT('',(11.085555359237,1.119181043226,
    3.596418217663));
#12929 = CARTESIAN_POINT('',(11.065833349076,1.654145262387,
    3.37658496788));
#12930 = CARTESIAN_POINT('',(11.046111231841,2.139710887126,
    3.053382046037));
#12931 = CARTESIAN_POINT('',(11.026388955424,2.55341062772,
    2.639731057174));
#12932 = CARTESIAN_POINT('',(11.006666680034,2.876591106107,
    2.154113115429));
#12933 = CARTESIAN_POINT('',(10.986944420695,3.096351028104,
    1.619185133287));
#12934 = CARTESIAN_POINT('',(10.947499958262,3.316106535498,
    0.50000595543));
#12935 = CARTESIAN_POINT('',(10.908055558528,3.09634591053,
    -0.619180863161));
#12936 = CARTESIAN_POINT('',(10.888333364318,2.876588872403,
    -1.154117216797));
#12937 = CARTESIAN_POINT('',(10.868611143949,2.5534175739,-1.63974180507
    ));
#12938 = CARTESIAN_POINT('',(10.848888899899,2.139741316473,
    -2.053424271154));
#12939 = CARTESIAN_POINT('',(10.82916665823,1.65411715013,
    -2.376599233702));
#12940 = CARTESIAN_POINT('',(10.809444434731,1.11918180857,
    -2.596346438592));
#12941 = CARTESIAN_POINT('',(10.77,-2.375989570343E-07,-2.816091546905)
  );
#12942 = CARTESIAN_POINT('',(10.730555565269,-1.119181333372,
    -2.596341598194));
#12943 = CARTESIAN_POINT('',(10.710833341774,-1.654115158537,
    -2.376594480587));
#12944 = CARTESIAN_POINT('',(10.691111100098,-2.139741887399,
    -2.053431409519));
#12945 = CARTESIAN_POINT('',(10.671388856047,-2.553428088363,
    -1.639754832403));
#12946 = CARTESIAN_POINT('',(10.651666635679,-2.876603227706,
    -1.154123625657));
#12947 = CARTESIAN_POINT('',(10.631944441477,-3.096346689916,
    -0.619182223733));
#12948 = CARTESIAN_POINT('',(10.592500041728,-3.316086183798,
    0.500005851726));
#12949 = CARTESIAN_POINT('',(10.5530555793,-3.096339004972,
    1.619183772707));
#12950 = CARTESIAN_POINT('',(10.533333320138,-2.876597217043,
    2.154116653725));
#12951 = CARTESIAN_POINT('',(10.513611044074,-2.553437831092,
    2.639732495457));
#12952 = CARTESIAN_POINT('',(10.493888768786,-2.139771898859,
    3.053443380476));
#12953 = CARTESIAN_POINT('',(10.474166650493,-1.654096743484,
    3.376598035691));
#12954 = CARTESIAN_POINT('',(10.454444640883,-1.119177878266,
    3.596321035646));
#12955 = CARTESIAN_POINT('',(10.434722211326,-0.559589970228,
    3.706223882016));
#12956 = CARTESIAN_POINT('',(10.414999953472,-1.671617603767E-07,
    3.706232786613));
#12957 = ADVANCED_FACE('',(#12958),#13007,.F.);
#12958 = FACE_BOUND('',#12959,.F.);
#12959 = EDGE_LOOP('',(#12960,#12989,#12994,#12995,#12996,#12997));
#12960 = ORIENTED_EDGE('',*,*,#12961,.F.);
#12961 = EDGE_CURVE('',#12962,#12964,#12966,.T.);
#12962 = VERTEX_POINT('',#12963);
#12963 = CARTESIAN_POINT('',(10.942495641764,-1.631558163709E-07,
    3.40744656703));
#12964 = VERTEX_POINT('',#12965);
#12965 = CARTESIAN_POINT('',(10.793797097908,1.54461315489,
    -2.262498000315));
#12966 = B_SPLINE_CURVE_WITH_KNOTS('',6,(#12967,#12968,#12969,#12970,
    #12971,#12972,#12973,#12974,#12975,#12976,#12977,#12978,#12979,
    #12980,#12981,#12982,#12983,#12984,#12985,#12986,#12987,#12988),
  .UNSPECIFIED.,.F.,.F.,(7,5,5,5,7),(0.,0.244236340011,0.48839938198,
    0.738999263131,1.),.UNSPECIFIED.);
#12967 = CARTESIAN_POINT('',(10.942495641764,-1.631558388509E-07,
    3.40744656703));
#12968 = CARTESIAN_POINT('',(10.936224725162,0.322619251655,
    3.41830811547));
#12969 = CARTESIAN_POINT('',(10.929965855001,0.647078130321,
    3.386189481579));
#12970 = CARTESIAN_POINT('',(10.923744015491,0.965936143143,
    3.310857332681));
#12971 = CARTESIAN_POINT('',(10.917544889473,1.272254695549,
    3.193945303334));
#12972 = CARTESIAN_POINT('',(10.911365166029,1.559542944107,
    3.038202635306));
#12973 = CARTESIAN_POINT('',(10.899053008663,2.084438560962,
    2.657882854489));
#12974 = CARTESIAN_POINT('',(10.892916224498,2.322255261455,
    2.433184980302));
#12975 = CARTESIAN_POINT('',(10.886801021615,2.529684069343,
    2.178188509087));
#12976 = CARTESIAN_POINT('',(10.880706130465,2.702353603468,
    1.89822726376));
#12977 = CARTESIAN_POINT('',(10.874630026803,2.836895102469,
    1.599237891986));
#12978 = CARTESIAN_POINT('',(10.862364924485,3.028437626404,
    0.968493850498));
#12979 = CARTESIAN_POINT('',(10.856172771894,3.083371079741,
    0.635851124764));
#12980 = CARTESIAN_POINT('',(10.850005540331,3.094079604265,
    0.29728609503));
#12981 = CARTESIAN_POINT('',(10.843859510185,3.060316994105,
    -3.9974475548E-02));
#12982 = CARTESIAN_POINT('',(10.83773158108,2.983057124394,-0.3688406566
    ));
#12983 = CARTESIAN_POINT('',(10.825267612777,2.742134611097,
    -1.009155904825));
#12984 = CARTESIAN_POINT('',(10.818928620592,2.574922001394,
    -1.319572140218));
#12985 = CARTESIAN_POINT('',(10.81261419363,2.366384305443,
    -1.605997916421));
#12986 = CARTESIAN_POINT('',(10.806321208547,2.121173728087,
    -1.862023521462));
#12987 = CARTESIAN_POINT('',(10.800047078951,1.844911557569,
    -2.082187683833));
#12988 = CARTESIAN_POINT('',(10.793797097908,1.54461315489,
    -2.262498000315));
#12989 = ORIENTED_EDGE('',*,*,#12990,.T.);
#12990 = EDGE_CURVE('',#12962,#12634,#12991,.T.);
#12991 = B_SPLINE_CURVE_WITH_KNOTS('',1,(#12992,#12993),.UNSPECIFIED.,
  .F.,.F.,(2,2),(0.,0.659896538121),.PIECEWISE_BEZIER_KNOTS.);
#12992 = CARTESIAN_POINT('',(11.114999953471,-1.799985949476E-07,
    3.706233685659));
#12993 = CARTESIAN_POINT('',(10.785052418401,-1.47783555341E-07,
    3.134746096008));
#12994 = ORIENTED_EDGE('',*,*,#12633,.T.);
#12995 = ORIENTED_EDGE('',*,*,#12559,.F.);
#12996 = ORIENTED_EDGE('',*,*,#12744,.F.);
#12997 = ORIENTED_EDGE('',*,*,#12998,.F.);
#12998 = EDGE_CURVE('',#12964,#12745,#12999,.T.);
#12999 = B_SPLINE_CURVE_WITH_KNOTS('',6,(#13000,#13001,#13002,#13003,
    #13004,#13005,#13006),.UNSPECIFIED.,.F.,.F.,(7,7),(0.,1.),
  .PIECEWISE_BEZIER_KNOTS.);
#13000 = CARTESIAN_POINT('',(10.793797697908,1.544627822864,
    -2.262489798865));
#13001 = CARTESIAN_POINT('',(10.784196052302,1.309900352185,
    -2.39373610504));
#13002 = CARTESIAN_POINT('',(10.774593383647,1.061758616823,
    -2.501066562847));
#13003 = CARTESIAN_POINT('',(10.764992536952,0.803318565357,
    -2.582723692448));
#13004 = CARTESIAN_POINT('',(10.755391953565,0.537894042209,
    -2.637579107113));
#13005 = CARTESIAN_POINT('',(10.745789701733,0.268928204426,-2.665));
#13006 = CARTESIAN_POINT('',(10.73618852772,-5.669327349241E-15,-2.665)
  );
#13007 = B_SPLINE_SURFACE_WITH_KNOTS('',1,9,(
    (#13008,#13009,#13010,#13011,#13012,#13013,#13014,#13015,#13016
      ,#13017,#13018,#13019,#13020,#13021,#13022,#13023,#13024,#13025
      ,#13026,#13027,#13028,#13029,#13030,#13031,#13032,#13033,#13034
      ,#13035,#13036,#13037,#13038)
    ,(#13039,#13040,#13041,#13042,#13043,#13044,#13045,#13046,#13047
      ,#13048,#13049,#13050,#13051,#13052,#13053,#13054,#13055,#13056
      ,#13057,#13058,#13059,#13060,#13061,#13062,#13063,#13064,#13065
      ,#13066,#13067,#13068,#13069
    )),.UNSPECIFIED.,.F.,.F.,.F.,(2,2),(10,7,7,7,10),(0.,0.659896538121)
  ,(0.,1.58079326614,3.161586532279,4.742379798419,6.323173064558),
  .UNSPECIFIED.);
#13008 = CARTESIAN_POINT('',(11.114999953471,-1.799986177976E-07,
    3.706233685659));
#13009 = CARTESIAN_POINT('',(11.095277695616,0.559593982071,
    3.706243280895));
#13010 = CARTESIAN_POINT('',(11.075555266033,1.119189883369,
    3.596446112571));
#13011 = CARTESIAN_POINT('',(11.055833255997,1.654160029442,
    3.376606874527));
#13012 = CARTESIAN_POINT('',(11.036111138873,2.139725189236,
    3.05339956407));
#13013 = CARTESIAN_POINT('',(11.016388862379,2.553429465092,
    2.63974767558));
#13014 = CARTESIAN_POINT('',(10.996666586976,2.876613279759,
    2.154125868973));
#13015 = CARTESIAN_POINT('',(10.976944327605,3.096375617764,
    1.619193909162));
#13016 = CARTESIAN_POINT('',(10.937499865159,3.316133161452,
    0.500005962875));
#13017 = CARTESIAN_POINT('',(10.898055465457,3.09637000602,
    -0.619189527022));
#13018 = CARTESIAN_POINT('',(10.878333271266,2.876610729842,
    -1.154129852893));
#13019 = CARTESIAN_POINT('',(10.858611050897,2.553437062896,
    -1.639757968568));
#13020 = CARTESIAN_POINT('',(10.838888806834,2.139757968322,
    -2.05344388667));
#13021 = CARTESIAN_POINT('',(10.81916656515,1.654130117908,
    -2.376621828814));
#13022 = CARTESIAN_POINT('',(10.799444341651,1.119190549956,
    -2.596370749725));
#13023 = CARTESIAN_POINT('',(10.759999906927,-2.525962154899E-07,
    -2.816117383575));
#13024 = CARTESIAN_POINT('',(10.720555472202,-1.119190031492,
    -2.596365536211));
#13025 = CARTESIAN_POINT('',(10.700833248707,-1.654127965889,
    -2.376616710459));
#13026 = CARTESIAN_POINT('',(10.681111007017,-2.139758578246,
    -2.053451583131));
#13027 = CARTESIAN_POINT('',(10.66138876295,-2.553448388457,
    -1.639772011615));
#13028 = CARTESIAN_POINT('',(10.641666542584,-2.876626195153,
    -1.154136764793));
#13029 = CARTESIAN_POINT('',(10.621944348402,-3.096370843541,
    -0.619190999532));
#13030 = CARTESIAN_POINT('',(10.582499948683,-3.316111231227,
    0.500005844265));
#13031 = CARTESIAN_POINT('',(10.543055486243,-3.096362664406,
    1.619192436643));
#13032 = CARTESIAN_POINT('',(10.523333227062,-2.876619868097,
    2.154129675753));
#13033 = CARTESIAN_POINT('',(10.503610950936,-2.553458782848,
    2.639749220136));
#13034 = CARTESIAN_POINT('',(10.483888675653,-2.139790938466,
    3.053465651321));
#13035 = CARTESIAN_POINT('',(10.464166557392,-1.654107753253,
    3.376620952485));
#13036 = CARTESIAN_POINT('',(10.444444547949,-1.119186479337,
    3.596341390574));
#13037 = CARTESIAN_POINT('',(10.424722118246,-0.559594345386,
    3.706249070465));
#13038 = CARTESIAN_POINT('',(10.404999860366,-1.833174069723E-07,
    3.706258666279));
#13039 = CARTESIAN_POINT('',(10.785052418401,-1.47783577681E-07,
    3.134746096008));
#13040 = CARTESIAN_POINT('',(10.765330722562,0.45987201297,
    3.134755361143));
#13041 = CARTESIAN_POINT('',(10.745611563353,0.919686346678,
    3.044532467356));
#13042 = CARTESIAN_POINT('',(10.725886203142,1.359307717121,
    2.863888500026));
#13043 = CARTESIAN_POINT('',(10.706162437892,1.758342920769,
    2.598270504024));
#13044 = CARTESIAN_POINT('',(10.686441007572,2.098297017493,
    2.258348569359));
#13045 = CARTESIAN_POINT('',(10.666719576344,2.363880350202,
    1.859288744693));
#13046 = CARTESIAN_POINT('',(10.646997901196,2.544472043878,
    1.419706341807));
#13047 = CARTESIAN_POINT('',(10.607553722534,2.72506025443,
    0.500006090266));
#13048 = CARTESIAN_POINT('',(10.568108617518,2.544466390702,
    -0.419703846238));
#13049 = CARTESIAN_POINT('',(10.548385981295,2.363875826332,
    -0.859296758498));
#13050 = CARTESIAN_POINT('',(10.528663731673,2.098304677461,
    -1.258363445549));
#13051 = CARTESIAN_POINT('',(10.508941832019,1.758363304546,
    -1.598311068391));
#13052 = CARTESIAN_POINT('',(10.489219897216,1.359297945177,
    -1.8638855246));
#13053 = CARTESIAN_POINT('',(10.469497693825,0.919706494482,
    -2.044466671707));
#13054 = CARTESIAN_POINT('',(10.430053105847,-2.980317123234E-07,
    -2.22504536454));
#13055 = CARTESIAN_POINT('',(10.390608517869,-0.919706094463,
    -2.044461598622));
#13056 = CARTESIAN_POINT('',(10.370886314482,-1.359295959867,
    -1.863880526022));
#13057 = CARTESIAN_POINT('',(10.351164379672,-1.758363976946,
    -1.598318434033));
#13058 = CARTESIAN_POINT('',(10.331442480016,-2.098315688467,
    -1.258376928978));
#13059 = CARTESIAN_POINT('',(10.311720230397,-2.363890820817,
    -0.859303342197));
#13060 = CARTESIAN_POINT('',(10.291997594181,-2.544467236261,
    -0.419705167936));
#13061 = CARTESIAN_POINT('',(10.25255248915,-2.725039068248,
    0.500006083692));
#13062 = CARTESIAN_POINT('',(10.213108310494,-2.544459493544,
    1.419705020101));
#13063 = CARTESIAN_POINT('',(10.193386635529,-2.363886661135,
    1.859292516014));
#13064 = CARTESIAN_POINT('',(10.173665203601,-2.09832527087,
    2.258350144682));
#13065 = CARTESIAN_POINT('',(10.153943774454,-1.75840635611,
    2.59833441878));
#13066 = CARTESIAN_POINT('',(10.134220008104,-1.35925712085,
    2.863902154231));
#13067 = CARTESIAN_POINT('',(10.114494648467,-0.919682957281,
    3.044431334792));
#13068 = CARTESIAN_POINT('',(10.09477548914,-0.459872259526,
    3.13476097251));
#13069 = CARTESIAN_POINT('',(10.075053793278,-9.877368930572E-08,
    3.134770229094));
#13070 = ADVANCED_FACE('',(#13071),#13120,.F.);
#13071 = FACE_BOUND('',#13072,.F.);
#13072 = EDGE_LOOP('',(#13073,#13109,#13118,#13119));
#13073 = ORIENTED_EDGE('',*,*,#13074,.F.);
#13074 = EDGE_CURVE('',#13075,#12634,#13077,.T.);
#13075 = VERTEX_POINT('',#13076);
#13076 = CARTESIAN_POINT('',(11.099947393953,-0.915575073418,
    -1.970533483876));
#13077 = B_SPLINE_CURVE_WITH_KNOTS('',9,(#13078,#13079,#13080,#13081,
    #13082,#13083,#13084,#13085,#13086,#13087,#13088,#13089,#13090,
    #13091,#13092,#13093,#13094,#13095,#13096,#13097,#13098,#13099,
    #13100,#13101,#13102,#13103,#13104,#13105,#13106,#13107,#13108),
  .UNSPECIFIED.,.F.,.F.,(10,7,7,7,10),(0.,1.58079326614,3.161586532279,
    4.742379798419,6.323173064558),.UNSPECIFIED.);
#13078 = CARTESIAN_POINT('',(11.495051043463,-1.967955844463E-07,
    3.134721962924));
#13079 = CARTESIAN_POINT('',(11.475329347647,0.459867752846,
    3.13473123661));
#13080 = CARTESIAN_POINT('',(11.455610188576,0.919677874609,
    3.044509178045));
#13081 = CARTESIAN_POINT('',(11.435884828224,1.359295222009,
    2.863866873973));
#13082 = CARTESIAN_POINT('',(11.416161062904,1.758326776489,
    2.59825131727));
#13083 = CARTESIAN_POINT('',(11.39643963262,2.0982777652,2.258332502478)
  );
#13084 = CARTESIAN_POINT('',(11.376718201428,2.363858672966,
    1.859276338133));
#13085 = CARTESIAN_POINT('',(11.356996526304,2.544448720714,
    1.419697965079));
#13086 = CARTESIAN_POINT('',(11.317552347654,2.725035294318,
    0.500006140964));
#13087 = CARTESIAN_POINT('',(11.278107242609,2.544443101745,
    -0.419695374922));
#13088 = CARTESIAN_POINT('',(11.258384606366,2.363854199578,
    -0.859284264158));
#13089 = CARTESIAN_POINT('',(11.238662356744,2.098285490603,
    -1.258347300785));
#13090 = CARTESIAN_POINT('',(11.218940457104,1.758347237852,
    -1.598291816096));
#13091 = CARTESIAN_POINT('',(11.199218522314,1.35928553883,
    -1.863863847229));
#13092 = CARTESIAN_POINT('',(11.179496318924,0.919698117903,
    -2.044443348516));
#13093 = CARTESIAN_POINT('',(11.14005173094,-2.473412222287E-07,
    -2.225020404452));
#13094 = CARTESIAN_POINT('',(11.100607142955,-0.91969762322,
    -2.044438309649));
#13095 = CARTESIAN_POINT('',(11.080884939569,-1.359283465576,
    -1.863858899222));
#13096 = CARTESIAN_POINT('',(11.061163004772,-1.758347832188,
    -1.598299247155));
#13097 = CARTESIAN_POINT('',(11.041441105131,-2.09829643619,
    -1.258360862276));
#13098 = CARTESIAN_POINT('',(11.02171885551,-2.363869143492,
    -0.8592909358));
#13099 = CARTESIAN_POINT('',(11.001996219275,-2.544443913088,
    -0.419696791282));
#13100 = CARTESIAN_POINT('',(10.962551114215,-2.725014108139,
    0.500006033009));
#13101 = CARTESIAN_POINT('',(10.923106935571,-2.544436204598,
    1.419696548711));
#13102 = CARTESIAN_POINT('',(10.90338526063,-2.363865034468,
    1.85928002151));
#13103 = CARTESIAN_POINT('',(10.883663828738,-2.098306083992,
    2.258333999734));
#13104 = CARTESIAN_POINT('',(10.863942399626,-1.758390289883,
    2.598315166603));
#13105 = CARTESIAN_POINT('',(10.844218633208,-1.359244713688,
    2.863880477602));
#13106 = CARTESIAN_POINT('',(10.824493273428,-0.919674579877,
    3.044408011276));
#13107 = CARTESIAN_POINT('',(10.80477411424,-0.459868097425,
    3.134736830872));
#13108 = CARTESIAN_POINT('',(10.785052418401,-1.47783555341E-07,
    3.134746096008));
#13109 = ORIENTED_EDGE('',*,*,#13110,.F.);
#13110 = EDGE_CURVE('',#12852,#13075,#13111,.T.);
#13111 = B_SPLINE_CURVE_WITH_KNOTS('',5,(#13112,#13113,#13114,#13115,
    #13116,#13117),.UNSPECIFIED.,.F.,.F.,(6,6),(0.,1.),
  .PIECEWISE_BEZIER_KNOTS.);
#13112 = CARTESIAN_POINT('',(11.09994826906,-6.220869125349E-15,
    -2.134730616767));
#13113 = CARTESIAN_POINT('',(11.099948564178,-0.187014812389,
    -2.134730104575));
#13114 = CARTESIAN_POINT('',(11.09994868295,-0.374036310336,
    -2.118136307017));
#13115 = CARTESIAN_POINT('',(11.099948535693,-0.559082122232,
    -2.084950560251));
#13116 = CARTESIAN_POINT('',(11.099948067924,-0.74021480059,
    -2.035520425904));
#13117 = CARTESIAN_POINT('',(11.099947393953,-0.915575073418,
    -1.970533483876));
#13118 = ORIENTED_EDGE('',*,*,#12851,.T.);
#13119 = ORIENTED_EDGE('',*,*,#12669,.F.);
#13120 = B_SPLINE_SURFACE_WITH_KNOTS('',1,9,(
    (#13121,#13122,#13123,#13124,#13125,#13126,#13127,#13128,#13129
      ,#13130,#13131,#13132,#13133,#13134,#13135,#13136,#13137,#13138
      ,#13139,#13140,#13141,#13142,#13143,#13144,#13145,#13146,#13147
      ,#13148,#13149,#13150,#13151)
    ,(#13152,#13153,#13154,#13155,#13156,#13157,#13158,#13159,#13160
      ,#13161,#13162,#13163,#13164,#13165,#13166,#13167,#13168,#13169
      ,#13170,#13171,#13172,#13173,#13174,#13175,#13176,#13177,#13178
      ,#13179,#13180,#13181,#13182
    )),.UNSPECIFIED.,.F.,.F.,.F.,(2,2),(10,7,7,7,10),(0.,
    4.010346187924E-02),(0.,1.58079326614,3.161586532279,4.742379798419,
    6.323173064558),.UNSPECIFIED.);
#13121 = CARTESIAN_POINT('',(11.495051043463,-1.967955844463E-07,
    3.134721962924));
#13122 = CARTESIAN_POINT('',(11.475329347647,0.459867752846,
    3.13473123661));
#13123 = CARTESIAN_POINT('',(11.455610188576,0.919677874609,
    3.044509178045));
#13124 = CARTESIAN_POINT('',(11.435884828224,1.359295222009,
    2.863866873973));
#13125 = CARTESIAN_POINT('',(11.416161062904,1.758326776489,
    2.59825131727));
#13126 = CARTESIAN_POINT('',(11.39643963262,2.098277765201,
    2.258332502478));
#13127 = CARTESIAN_POINT('',(11.376718201428,2.363858672966,
    1.859276338133));
#13128 = CARTESIAN_POINT('',(11.356996526304,2.544448720714,
    1.419697965079));
#13129 = CARTESIAN_POINT('',(11.317552347654,2.725035294318,
    0.500006140964));
#13130 = CARTESIAN_POINT('',(11.278107242609,2.544443101745,
    -0.419695374922));
#13131 = CARTESIAN_POINT('',(11.258384606366,2.363854199578,
    -0.859284264158));
#13132 = CARTESIAN_POINT('',(11.238662356744,2.098285490603,
    -1.258347300785));
#13133 = CARTESIAN_POINT('',(11.218940457104,1.758347237852,
    -1.598291816096));
#13134 = CARTESIAN_POINT('',(11.199218522314,1.35928553883,
    -1.863863847229));
#13135 = CARTESIAN_POINT('',(11.179496318924,0.919698117903,
    -2.044443348516));
#13136 = CARTESIAN_POINT('',(11.14005173094,-2.473412019387E-07,
    -2.225020404452));
#13137 = CARTESIAN_POINT('',(11.100607142955,-0.91969762322,
    -2.044438309649));
#13138 = CARTESIAN_POINT('',(11.080884939569,-1.359283465576,
    -1.863858899222));
#13139 = CARTESIAN_POINT('',(11.061163004772,-1.758347832188,
    -1.598299247155));
#13140 = CARTESIAN_POINT('',(11.041441105131,-2.09829643619,
    -1.258360862276));
#13141 = CARTESIAN_POINT('',(11.02171885551,-2.363869143492,
    -0.8592909358));
#13142 = CARTESIAN_POINT('',(11.001996219275,-2.544443913088,
    -0.419696791282));
#13143 = CARTESIAN_POINT('',(10.962551114215,-2.725014108139,
    0.500006033009));
#13144 = CARTESIAN_POINT('',(10.923106935571,-2.544436204598,
    1.419696548711));
#13145 = CARTESIAN_POINT('',(10.90338526063,-2.363865034468,
    1.85928002151));
#13146 = CARTESIAN_POINT('',(10.883663828738,-2.098306083992,
    2.258333999734));
#13147 = CARTESIAN_POINT('',(10.863942399626,-1.758390289883,
    2.598315166603));
#13148 = CARTESIAN_POINT('',(10.844218633208,-1.359244713688,
    2.863880477602));
#13149 = CARTESIAN_POINT('',(10.824493273428,-0.919674579877,
    3.044408011276));
#13150 = CARTESIAN_POINT('',(10.80477411424,-0.459868097425,
    3.134736830872));
#13151 = CARTESIAN_POINT('',(10.785052418401,-1.47783555341E-07,
    3.134746096008));
#13152 = CARTESIAN_POINT('',(11.454947581583,-1.960601538285E-07,
    3.134722014431));
#13153 = CARTESIAN_POINT('',(11.435225885768,0.459867753582,
    3.13473124855));
#13154 = CARTESIAN_POINT('',(11.415506726697,0.919677867577,
    3.044508962126));
#13155 = CARTESIAN_POINT('',(11.395781366345,1.35929511421,
    2.863866903007));
#13156 = CARTESIAN_POINT('',(11.376057601024,1.758326912045,
    2.598251453543));
#13157 = CARTESIAN_POINT('',(11.356336170742,2.098277825641,
    2.258332505673));
#13158 = CARTESIAN_POINT('',(11.336614739549,2.363858686543,
    1.859276345995));
#13159 = CARTESIAN_POINT('',(11.316893064425,2.544448694001,
    1.419697962056));
#13160 = CARTESIAN_POINT('',(11.277448885775,2.725035249101,
    0.500006140734));
#13161 = CARTESIAN_POINT('',(11.23800378073,2.544443103476,
    -0.419695377945));
#13162 = CARTESIAN_POINT('',(11.218281144487,2.363854231473,
    -0.859284278397));
#13163 = CARTESIAN_POINT('',(11.198558894864,2.098285513964,
    -1.258347329729));
#13164 = CARTESIAN_POINT('',(11.178836995226,1.758347239121,
    -1.598291831956));
#13165 = CARTESIAN_POINT('',(11.159115060435,1.359285534405,
    -1.863863836669));
#13166 = CARTESIAN_POINT('',(11.139392857045,0.919698116847,
    -2.044443337762));
#13167 = CARTESIAN_POINT('',(11.099948269061,-2.462854155909E-07,
    -2.225020404452));
#13168 = CARTESIAN_POINT('',(11.060503681075,-0.919697624276,
    -2.044438320403));
#13169 = CARTESIAN_POINT('',(11.04078147769,-1.359283470001,
    -1.863858909782));
#13170 = CARTESIAN_POINT('',(11.021059542893,-1.75834783092,
    -1.598299231295));
#13171 = CARTESIAN_POINT('',(11.001337643251,-2.098296412829,
    -1.258360833332));
#13172 = CARTESIAN_POINT('',(10.981615393631,-2.363869111597,
    -0.859290921561));
#13173 = CARTESIAN_POINT('',(10.961892757396,-2.544443911356,
    -0.419696788259));
#13174 = CARTESIAN_POINT('',(10.922447652336,-2.725014153356,
    0.500006033239));
#13175 = CARTESIAN_POINT('',(10.883003473691,-2.544436231311,
    1.419696551734));
#13176 = CARTESIAN_POINT('',(10.863281798751,-2.363865020891,
    1.859280013648));
#13177 = CARTESIAN_POINT('',(10.843560366859,-2.098306023552,
    2.258333996538));
#13178 = CARTESIAN_POINT('',(10.823838937746,-1.758390154327,
    2.59831503033));
#13179 = CARTESIAN_POINT('',(10.804115171329,-1.359244821487,
    2.863880448568));
#13180 = CARTESIAN_POINT('',(10.784389811549,-0.919674586909,
    3.044408227195));
#13181 = CARTESIAN_POINT('',(10.764670652361,-0.459868096689,
    3.134736818933));
#13182 = CARTESIAN_POINT('',(10.744948956522,-1.470481245032E-07,
    3.134746044501));
#13183 = ADVANCED_FACE('',(#13184),#13195,.T.);
#13184 = FACE_BOUND('',#13185,.T.);
#13185 = EDGE_LOOP('',(#13186,#13187,#13188));
#13186 = ORIENTED_EDGE('',*,*,#12787,.F.);
#13187 = ORIENTED_EDGE('',*,*,#12998,.F.);
#13188 = ORIENTED_EDGE('',*,*,#13189,.F.);
#13189 = EDGE_CURVE('',#12788,#12964,#13190,.T.);
#13190 = CIRCLE('',#13191,3.165);
#13191 = AXIS2_PLACEMENT_3D('',#13192,#13193,#13194);
#13192 = CARTESIAN_POINT('',(10.793797097908,-5.274910693657E-15,0.5));
#13193 = DIRECTION('',(1.,-5.540892098501E-16,4.4E-16));
#13194 = DIRECTION('',(4.4E-16,-8.E-17,-1.));
#13195 = CYLINDRICAL_SURFACE('',#13196,3.165);
#13196 = AXIS2_PLACEMENT_3D('',#13197,#13198,#13199);
#13197 = CARTESIAN_POINT('',(6.446202902092,-2.854191022488E-15,0.5));
#13198 = DIRECTION('',(1.,-5.540892098501E-16,4.4E-16));
#13199 = DIRECTION('',(4.4E-16,7.E-17,-1.));
#13200 = ADVANCED_FACE('',(#13201),#13258,.T.);
#13201 = FACE_BOUND('',#13202,.T.);
#13202 = EDGE_LOOP('',(#13203,#13204,#13205,#13206,#13241,#13242,#13250,
    #13257));
#13203 = ORIENTED_EDGE('',*,*,#12887,.F.);
#13204 = ORIENTED_EDGE('',*,*,#13189,.T.);
#13205 = ORIENTED_EDGE('',*,*,#12961,.F.);
#13206 = ORIENTED_EDGE('',*,*,#13207,.F.);
#13207 = EDGE_CURVE('',#13075,#12962,#13208,.T.);
#13208 = B_SPLINE_CURVE_WITH_KNOTS('',7,(#13209,#13210,#13211,#13212,
    #13213,#13214,#13215,#13216,#13217,#13218,#13219,#13220,#13221,
    #13222,#13223,#13224,#13225,#13226,#13227,#13228,#13229,#13230,
    #13231,#13232,#13233,#13234,#13235,#13236,#13237,#13238,#13239,
    #13240),.UNSPECIFIED.,.F.,.F.,(8,6,6,6,6,8),(0.,0.240063503494,
    0.484822149606,0.738650414726,0.86524250525,1.),.UNSPECIFIED.);
#13209 = CARTESIAN_POINT('',(11.099947393953,-0.915575073418,
    -1.970533483876));
#13210 = CARTESIAN_POINT('',(11.094330159034,-1.164556518051,
    -1.888637401652));
#13211 = CARTESIAN_POINT('',(11.088729613446,-1.404352021138,
    -1.777717128849));
#13212 = CARTESIAN_POINT('',(11.083148961287,-1.63077492404,
    -1.639169151571));
#13213 = CARTESIAN_POINT('',(11.077587559303,-1.840150532794,
    -1.475103183599));
#13214 = CARTESIAN_POINT('',(11.072043575272,-2.029227504255,
    -1.288141592176));
#13215 = CARTESIAN_POINT('',(11.066516492086,-2.195204255593,
    -1.081375282149));
#13216 = CARTESIAN_POINT('',(11.055394716843,-2.4792876757,
    -0.631217349357));
#13217 = CARTESIAN_POINT('',(11.049796845451,-2.596498512653,
    -0.387023382689));
#13218 = CARTESIAN_POINT('',(11.044218911871,-2.685107216565,
    -0.12973099651));
#13219 = CARTESIAN_POINT('',(11.038659757825,-2.74359005718,
    0.136595105366));
#13220 = CARTESIAN_POINT('',(11.033117054593,-2.771091445103,
    0.407762349111));
#13221 = CARTESIAN_POINT('',(11.027590089195,-2.767415373745,
    0.679501268065));
#13222 = CARTESIAN_POINT('',(11.016370377764,-2.697741459683,
    1.225363278361));
#13223 = CARTESIAN_POINT('',(11.010674780889,-2.629412421122,
    1.499413006067));
#13224 = CARTESIAN_POINT('',(11.004999344389,-2.528864080151,
    1.764776860248));
#13225 = CARTESIAN_POINT('',(10.999342699312,-2.397645279619,
    2.017025948824));
#13226 = CARTESIAN_POINT('',(10.993704043299,-2.237936653355,
    2.252112519528));
#13227 = CARTESIAN_POINT('',(10.988082449147,-2.052543318784,
    2.466364394566));
#13228 = CARTESIAN_POINT('',(10.979688089439,-1.741538251247,
    2.751564688953));
#13229 = CARTESIAN_POINT('',(10.976899197947,-1.632520033474,
    2.840532985784));
#13230 = CARTESIAN_POINT('',(10.974114850485,-1.518400421546,
    2.923185924018));
#13231 = CARTESIAN_POINT('',(10.971334936809,-1.399629276631,
    2.999187657231));
#13232 = CARTESIAN_POINT('',(10.968559286263,-1.276680767672,
    3.068244442509));
#13233 = CARTESIAN_POINT('',(10.96578777068,-1.150051805123,
    3.13010474363));
#13234 = CARTESIAN_POINT('',(10.960074544279,-0.882097383628,
    3.242526338163));
#13235 = CARTESIAN_POINT('',(10.957133233677,-0.740343878746,
    3.292104298771));
#13236 = CARTESIAN_POINT('',(10.954196524999,-0.595625421624,
    3.333041524461));
#13237 = CARTESIAN_POINT('',(10.951264303795,-0.448579769797,
    3.365146676368));
#13238 = CARTESIAN_POINT('',(10.948336514538,-0.299855000678,
    3.388288052899));
#13239 = CARTESIAN_POINT('',(10.945413383524,-0.150107535482,
    3.402392874269));
#13240 = CARTESIAN_POINT('',(10.942495641764,-1.631558163409E-07,
    3.40744656703));
#13241 = ORIENTED_EDGE('',*,*,#13110,.F.);
#13242 = ORIENTED_EDGE('',*,*,#13243,.T.);
#13243 = EDGE_CURVE('',#12852,#13244,#13246,.T.);
#13244 = VERTEX_POINT('',#13245);
#13245 = CARTESIAN_POINT('',(11.12,-5.449773882698E-15,-2.1));
#13246 = LINE('',#13247,#13248);
#13247 = CARTESIAN_POINT('',(10.793797097908,-8.164910693657E-15,-2.665)
  );
#13248 = VECTOR('',#13249,1.);
#13249 = DIRECTION('',(0.5,-4.420446049252E-16,0.866025403784));
#13250 = ORIENTED_EDGE('',*,*,#13251,.F.);
#13251 = EDGE_CURVE('',#13244,#13244,#13252,.T.);
#13252 = CIRCLE('',#13253,2.6);
#13253 = AXIS2_PLACEMENT_3D('',#13254,#13255,#13256);
#13254 = CARTESIAN_POINT('',(11.12,-5.449773882698E-15,0.5));
#13255 = DIRECTION('',(1.,-5.540892098501E-16,4.4E-16));
#13256 = DIRECTION('',(4.4E-16,-1.6E-16,-1.));
#13257 = ORIENTED_EDGE('',*,*,#13243,.F.);
#13258 = CONICAL_SURFACE('',#13259,3.165,1.047197551197);
#13259 = AXIS2_PLACEMENT_3D('',#13260,#13261,#13262);
#13260 = CARTESIAN_POINT('',(10.793797097908,-5.274910693657E-15,0.5));
#13261 = DIRECTION('',(-1.,5.540892098501E-16,-4.4E-16));
#13262 = DIRECTION('',(4.4E-16,-8.E-17,-1.));
#13263 = ADVANCED_FACE('',(#13264),#13269,.F.);
#13264 = FACE_BOUND('',#13265,.F.);
#13265 = EDGE_LOOP('',(#13266,#13267,#13268));
#13266 = ORIENTED_EDGE('',*,*,#12990,.F.);
#13267 = ORIENTED_EDGE('',*,*,#13207,.F.);
#13268 = ORIENTED_EDGE('',*,*,#13074,.T.);
#13269 = B_SPLINE_SURFACE_WITH_KNOTS('',1,9,(
    (#13270,#13271,#13272,#13273,#13274,#13275,#13276,#13277,#13278
      ,#13279,#13280,#13281,#13282,#13283,#13284,#13285,#13286,#13287
      ,#13288,#13289,#13290,#13291,#13292,#13293,#13294,#13295,#13296
      ,#13297,#13298,#13299,#13300)
    ,(#13301,#13302,#13303,#13304,#13305,#13306,#13307,#13308,#13309
      ,#13310,#13311,#13312,#13313,#13314,#13315,#13316,#13317,#13318
      ,#13319,#13320,#13321,#13322,#13323,#13324,#13325,#13326,#13327
      ,#13328,#13329,#13330,#13331
    )),.UNSPECIFIED.,.F.,.F.,.F.,(2,2),(10,7,7,7,10),(0.,0.659896538121)
  ,(0.,1.58079326614,3.161586532279,4.742379798419,6.323173064558),
  .UNSPECIFIED.);
#13270 = CARTESIAN_POINT('',(11.825000046513,-1.766819946929E-07,
    3.706208705036));
#13271 = CARTESIAN_POINT('',(11.805277788682,0.559589626385,
    3.706218299694));
#13272 = CARTESIAN_POINT('',(11.785555359242,1.119181165966,
    3.596421986495));
#13273 = CARTESIAN_POINT('',(11.765833349059,1.654147144006,
    3.376584461095));
#13274 = CARTESIAN_POINT('',(11.746111231865,2.13970852102,
    3.053379667416));
#13275 = CARTESIAN_POINT('',(11.726388955405,2.553409572741,
    2.639731001396));
#13276 = CARTESIAN_POINT('',(11.706666680041,2.876590869118,
    2.15411297821));
#13277 = CARTESIAN_POINT('',(11.686944420695,3.096351494375,
    1.619185186052));
#13278 = CARTESIAN_POINT('',(11.647499958262,3.31610732476,
    0.500005959451));
#13279 = CARTESIAN_POINT('',(11.608055558528,3.096345880305,
    -0.619180810396));
#13280 = CARTESIAN_POINT('',(11.588333364318,2.876588315687,
    -1.154116968254));
#13281 = CARTESIAN_POINT('',(11.568611143948,2.553417166136,
    -1.639741299855));
#13282 = CARTESIAN_POINT('',(11.5488888999,2.139741294332,-2.05342399432
    ));
#13283 = CARTESIAN_POINT('',(11.529166658229,1.654117227366,
    -2.376599418034));
#13284 = CARTESIAN_POINT('',(11.509444434731,1.119181826999,
    -2.596346626308));
#13285 = CARTESIAN_POINT('',(11.47,-2.560276846352E-07,-2.816091546905)
  );
#13286 = CARTESIAN_POINT('',(11.430555565268,-1.119181314943,
    -2.596341410478));
#13287 = CARTESIAN_POINT('',(11.410833341775,-1.654115081301,
    -2.376594296255));
#13288 = CARTESIAN_POINT('',(11.391111100098,-2.13974190954,
    -2.053431686353));
#13289 = CARTESIAN_POINT('',(11.371388856047,-2.553428496126,
    -1.639755337618));
#13290 = CARTESIAN_POINT('',(11.351666635678,-2.876603784422,
    -1.1541238742));
#13291 = CARTESIAN_POINT('',(11.331944441477,-3.096346720142,
    -0.619182276498));
#13292 = CARTESIAN_POINT('',(11.292500041728,-3.316085394535,
    0.500005847705));
#13293 = CARTESIAN_POINT('',(11.2530555793,-3.096338538701,
    1.619183719942));
#13294 = CARTESIAN_POINT('',(11.233333320144,-2.876597454032,
    2.154116790944));
#13295 = CARTESIAN_POINT('',(11.213611044056,-2.553438886071,
    2.639732551235));
#13296 = CARTESIAN_POINT('',(11.19388876881,-2.139774264965,
    3.053445759097));
#13297 = CARTESIAN_POINT('',(11.174166650477,-1.654094861865,
    3.376598542476));
#13298 = CARTESIAN_POINT('',(11.154444640887,-1.119177755525,
    3.596317266814));
#13299 = CARTESIAN_POINT('',(11.134722211327,-0.559589983065,
    3.706224090422));
#13300 = CARTESIAN_POINT('',(11.114999953471,-1.799985949476E-07,
    3.706233685659));
#13301 = CARTESIAN_POINT('',(11.495051043463,-1.967955844463E-07,
    3.134721962924));
#13302 = CARTESIAN_POINT('',(11.475329347647,0.459867752846,
    3.13473123661));
#13303 = CARTESIAN_POINT('',(11.455610188576,0.919677874609,
    3.044509178045));
#13304 = CARTESIAN_POINT('',(11.435884828224,1.359295222009,
    2.863866873973));
#13305 = CARTESIAN_POINT('',(11.416161062904,1.758326776489,
    2.59825131727));
#13306 = CARTESIAN_POINT('',(11.39643963262,2.0982777652,2.258332502478)
  );
#13307 = CARTESIAN_POINT('',(11.376718201428,2.363858672966,
    1.859276338133));
#13308 = CARTESIAN_POINT('',(11.356996526304,2.544448720714,
    1.419697965079));
#13309 = CARTESIAN_POINT('',(11.317552347654,2.725035294318,
    0.500006140964));
#13310 = CARTESIAN_POINT('',(11.278107242609,2.544443101745,
    -0.419695374922));
#13311 = CARTESIAN_POINT('',(11.258384606366,2.363854199578,
    -0.859284264158));
#13312 = CARTESIAN_POINT('',(11.238662356744,2.098285490603,
    -1.258347300785));
#13313 = CARTESIAN_POINT('',(11.218940457104,1.758347237852,
    -1.598291816096));
#13314 = CARTESIAN_POINT('',(11.199218522314,1.35928553883,
    -1.863863847229));
#13315 = CARTESIAN_POINT('',(11.179496318924,0.919698117903,
    -2.044443348516));
#13316 = CARTESIAN_POINT('',(11.14005173094,-2.473412222287E-07,
    -2.225020404452));
#13317 = CARTESIAN_POINT('',(11.100607142955,-0.91969762322,
    -2.044438309649));
#13318 = CARTESIAN_POINT('',(11.080884939569,-1.359283465576,
    -1.863858899222));
#13319 = CARTESIAN_POINT('',(11.061163004772,-1.758347832188,
    -1.598299247155));
#13320 = CARTESIAN_POINT('',(11.041441105131,-2.09829643619,
    -1.258360862276));
#13321 = CARTESIAN_POINT('',(11.02171885551,-2.363869143492,
    -0.8592909358));
#13322 = CARTESIAN_POINT('',(11.001996219275,-2.544443913088,
    -0.419696791282));
#13323 = CARTESIAN_POINT('',(10.962551114215,-2.725014108139,
    0.500006033009));
#13324 = CARTESIAN_POINT('',(10.923106935571,-2.544436204598,
    1.419696548711));
#13325 = CARTESIAN_POINT('',(10.90338526063,-2.363865034468,
    1.85928002151));
#13326 = CARTESIAN_POINT('',(10.883663828738,-2.098306083992,
    2.258333999734));
#13327 = CARTESIAN_POINT('',(10.863942399626,-1.758390289883,
    2.598315166603));
#13328 = CARTESIAN_POINT('',(10.844218633208,-1.359244713688,
    2.863880477602));
#13329 = CARTESIAN_POINT('',(10.824493273428,-0.919674579877,
    3.044408011276));
#13330 = CARTESIAN_POINT('',(10.80477411424,-0.459868097425,
    3.134736830872));
#13331 = CARTESIAN_POINT('',(10.785052418401,-1.47783555341E-07,
    3.134746096008));
#13332 = ADVANCED_FACE('',(#13333),#13352,.T.);
#13333 = FACE_BOUND('',#13334,.T.);
#13334 = EDGE_LOOP('',(#13335,#13336,#13344,#13351));
#13335 = ORIENTED_EDGE('',*,*,#13251,.T.);
#13336 = ORIENTED_EDGE('',*,*,#13337,.T.);
#13337 = EDGE_CURVE('',#13244,#13338,#13340,.T.);
#13338 = VERTEX_POINT('',#13339);
#13339 = CARTESIAN_POINT('',(11.62,-6.671818487623E-15,-2.1));
#13340 = LINE('',#13341,#13342);
#13341 = CARTESIAN_POINT('',(11.12,-8.459773882698E-15,-2.1));
#13342 = VECTOR('',#13343,1.);
#13343 = DIRECTION('',(1.,-8.840892098501E-16,4.4E-16));
#13344 = ORIENTED_EDGE('',*,*,#13345,.F.);
#13345 = EDGE_CURVE('',#13338,#13338,#13346,.T.);
#13346 = CIRCLE('',#13347,2.6);
#13347 = AXIS2_PLACEMENT_3D('',#13348,#13349,#13350);
#13348 = CARTESIAN_POINT('',(11.62,-5.731818487623E-15,0.5));
#13349 = DIRECTION('',(1.,-5.540892098501E-16,4.4E-16));
#13350 = DIRECTION('',(4.4E-16,-1.8E-16,-1.));
#13351 = ORIENTED_EDGE('',*,*,#13337,.F.);
#13352 = CYLINDRICAL_SURFACE('',#13353,2.6);
#13353 = AXIS2_PLACEMENT_3D('',#13354,#13355,#13356);
#13354 = CARTESIAN_POINT('',(11.12,-5.449773882698E-15,0.5));
#13355 = DIRECTION('',(1.,-5.540892098501E-16,4.4E-16));
#13356 = DIRECTION('',(4.4E-16,-1.6E-16,-1.));
#13357 = ADVANCED_FACE('',(#13358,#13361),#13372,.F.);
#13358 = FACE_BOUND('',#13359,.T.);
#13359 = EDGE_LOOP('',(#13360));
#13360 = ORIENTED_EDGE('',*,*,#13345,.T.);
#13361 = FACE_BOUND('',#13362,.T.);
#13362 = EDGE_LOOP('',(#13363));
#13363 = ORIENTED_EDGE('',*,*,#13364,.F.);
#13364 = EDGE_CURVE('',#13365,#13365,#13367,.T.);
#13365 = VERTEX_POINT('',#13366);
#13366 = CARTESIAN_POINT('',(11.62,-6.671818487623E-15,-1.815));
#13367 = CIRCLE('',#13368,2.315);
#13368 = AXIS2_PLACEMENT_3D('',#13369,#13370,#13371);
#13369 = CARTESIAN_POINT('',(11.62,-5.731818487623E-15,0.5));
#13370 = DIRECTION('',(1.,-5.540892098501E-16,4.4E-16));
#13371 = DIRECTION('',(4.4E-16,-2.3E-16,-1.));
#13372 = PLANE('',#13373);
#13373 = AXIS2_PLACEMENT_3D('',#13374,#13375,#13376);
#13374 = CARTESIAN_POINT('',(11.62,-5.731818487623E-15,0.5));
#13375 = DIRECTION('',(-1.,5.540892098501E-16,-4.4E-16));
#13376 = DIRECTION('',(-4.4E-16,1.8E-16,1.));
#13377 = ADVANCED_FACE('',(#13378),#13397,.F.);
#13378 = FACE_BOUND('',#13379,.F.);
#13379 = EDGE_LOOP('',(#13380,#13388,#13395,#13396));
#13380 = ORIENTED_EDGE('',*,*,#13381,.T.);
#13381 = EDGE_CURVE('',#13365,#13382,#13384,.T.);
#13382 = VERTEX_POINT('',#13383);
#13383 = CARTESIAN_POINT('',(9.69,-4.814726312612E-15,-1.815));
#13384 = LINE('',#13385,#13386);
#13385 = CARTESIAN_POINT('',(11.62,-8.901818487623E-15,-1.815));
#13386 = VECTOR('',#13387,1.);
#13387 = DIRECTION('',(-1.,8.840892098501E-16,-4.4E-16));
#13388 = ORIENTED_EDGE('',*,*,#13389,.T.);
#13389 = EDGE_CURVE('',#13382,#13382,#13390,.T.);
#13390 = CIRCLE('',#13391,2.315);
#13391 = AXIS2_PLACEMENT_3D('',#13392,#13393,#13394);
#13392 = CARTESIAN_POINT('',(9.69,-4.654726312612E-15,0.5));
#13393 = DIRECTION('',(1.,-5.540892098501E-16,4.4E-16));
#13394 = DIRECTION('',(4.4E-16,-1.4E-16,-1.));
#13395 = ORIENTED_EDGE('',*,*,#13381,.F.);
#13396 = ORIENTED_EDGE('',*,*,#13364,.F.);
#13397 = CYLINDRICAL_SURFACE('',#13398,2.315);
#13398 = AXIS2_PLACEMENT_3D('',#13399,#13400,#13401);
#13399 = CARTESIAN_POINT('',(11.62,-5.731818487623E-15,0.5));
#13400 = DIRECTION('',(-1.,5.540892098501E-16,-4.4E-16));
#13401 = DIRECTION('',(4.4E-16,-2.3E-16,-1.));
#13402 = ADVANCED_FACE('',(#13403,#13406),#13417,.F.);
#13403 = FACE_BOUND('',#13404,.T.);
#13404 = EDGE_LOOP('',(#13405));
#13405 = ORIENTED_EDGE('',*,*,#13389,.T.);
#13406 = FACE_BOUND('',#13407,.T.);
#13407 = EDGE_LOOP('',(#13408));
#13408 = ORIENTED_EDGE('',*,*,#13409,.F.);
#13409 = EDGE_CURVE('',#13410,#13410,#13412,.T.);
#13410 = VERTEX_POINT('',#13411);
#13411 = CARTESIAN_POINT('',(9.69,-5.814726312612E-15,8.000000000001E-02
    ));
#13412 = CIRCLE('',#13413,0.42);
#13413 = AXIS2_PLACEMENT_3D('',#13414,#13415,#13416);
#13414 = CARTESIAN_POINT('',(9.69,-4.654726312612E-15,0.5));
#13415 = DIRECTION('',(1.,-5.540892098501E-16,4.4E-16));
#13416 = DIRECTION('',(4.4E-16,-1.78E-15,-1.));
#13417 = PLANE('',#13418);
#13418 = AXIS2_PLACEMENT_3D('',#13419,#13420,#13421);
#13419 = CARTESIAN_POINT('',(9.69,-4.654726312612E-15,0.5));
#13420 = DIRECTION('',(-1.,5.540892098501E-16,-4.4E-16));
#13421 = DIRECTION('',(-4.4E-16,1.4E-16,1.));
#13422 = ADVANCED_FACE('',(#13423),#13442,.F.);
#13423 = FACE_BOUND('',#13424,.F.);
#13424 = EDGE_LOOP('',(#13425,#13433,#13440,#13441));
#13425 = ORIENTED_EDGE('',*,*,#13426,.T.);
#13426 = EDGE_CURVE('',#13410,#13427,#13429,.T.);
#13427 = VERTEX_POINT('',#13428);
#13428 = CARTESIAN_POINT('',(3.7,-1.15463194561E-15,8.E-02));
#13429 = LINE('',#13430,#13431);
#13430 = CARTESIAN_POINT('',(9.69,-7.184726312612E-15,8.E-02));
#13431 = VECTOR('',#13432,1.);
#13432 = DIRECTION('',(-1.,8.840892098501E-16,-4.4E-16));
#13433 = ORIENTED_EDGE('',*,*,#13434,.T.);
#13434 = EDGE_CURVE('',#13427,#13427,#13435,.T.);
#13435 = CIRCLE('',#13436,0.42);
#13436 = AXIS2_PLACEMENT_3D('',#13437,#13438,#13439);
#13437 = CARTESIAN_POINT('',(3.7,-1.33463194561E-15,0.5));
#13438 = DIRECTION('',(1.,-5.540892098501E-16,4.4E-16));
#13439 = DIRECTION('',(4.4E-16,-2.E-16,-1.));
#13440 = ORIENTED_EDGE('',*,*,#13426,.F.);
#13441 = ORIENTED_EDGE('',*,*,#13409,.F.);
#13442 = CYLINDRICAL_SURFACE('',#13443,0.42);
#13443 = AXIS2_PLACEMENT_3D('',#13444,#13445,#13446);
#13444 = CARTESIAN_POINT('',(9.69,-4.654726312612E-15,0.5));
#13445 = DIRECTION('',(-1.,5.540892098501E-16,-4.4E-16));
#13446 = DIRECTION('',(4.4E-16,-1.78E-15,-1.));
#13447 = ADVANCED_FACE('',(#13448),#13451,.F.);
#13448 = FACE_BOUND('',#13449,.F.);
#13449 = EDGE_LOOP('',(#13450));
#13450 = ORIENTED_EDGE('',*,*,#13434,.F.);
#13451 = PLANE('',#13452);
#13452 = AXIS2_PLACEMENT_3D('',#13453,#13454,#13455);
#13453 = CARTESIAN_POINT('',(3.7,-1.29463194561E-15,0.5));
#13454 = DIRECTION('',(-1.,4.440892098501E-16,-8.9E-16));
#13455 = DIRECTION('',(-8.9E-16,3.952393967666E-31,1.));
#13456 = ( GEOMETRIC_REPRESENTATION_CONTEXT(3) 
GLOBAL_UNCERTAINTY_ASSIGNED_CONTEXT((#13460)) 
GLOBAL_UNIT_ASSIGNED_CONTEXT((#13457,#13458,#13459)) 
REPRESENTATION_CONTEXT('Context #1',
  '3D Context with UNIT and UNCERTAINTY') );
#13457 = ( LENGTH_UNIT() NAMED_UNIT(*) SI_UNIT(.MILLI.,.METRE.) );
#13458 = ( NAMED_UNIT(*) PLANE_ANGLE_UNIT() SI_UNIT($,.RADIAN.) );
#13459 = ( NAMED_UNIT(*) SI_UNIT($,.STERADIAN.) SOLID_ANGLE_UNIT() );
#13460 = UNCERTAINTY_MEASURE_WITH_UNIT(LENGTH_MEASURE(1.E-07),#13457,
  'distance_accuracy_value','confusion accuracy');
#13461 = CONTEXT_DEPENDENT_SHAPE_REPRESENTATION(#13462,#13464);
#13462 = ( REPRESENTATION_RELATIONSHIP('','',#8797,#8774) 
REPRESENTATION_RELATIONSHIP_WITH_TRANSFORMATION(#13463) 
SHAPE_REPRESENTATION_RELATIONSHIP() );
#13463 = ITEM_DEFINED_TRANSFORMATION('','',#11,#8775);
#13464 = PRODUCT_DEFINITION_SHAPE('Placement','Placement of an item',
  #13465);
#13465 = NEXT_ASSEMBLY_USAGE_OCCURRENCE('26','=>[0:1:1:17]','',#8769,
  #8792,$);
#13466 = PRODUCT_RELATED_PRODUCT_CATEGORY('part',$,(#8794));
#13467 = CONTEXT_DEPENDENT_SHAPE_REPRESENTATION(#13468,#13470);
#13468 = ( REPRESENTATION_RELATIONSHIP('','',#3957,#10) 
REPRESENTATION_RELATIONSHIP_WITH_TRANSFORMATION(#13469) 
SHAPE_REPRESENTATION_RELATIONSHIP() );
#13469 = ITEM_DEFINED_TRANSFORMATION('','',#11,#91);
#13470 = PRODUCT_DEFINITION_SHAPE('Placement','Placement of an item',
  #13471);
#13471 = NEXT_ASSEMBLY_USAGE_OCCURRENCE('28','R4','',#5,#3952,$);
#13472 = SHAPE_DEFINITION_REPRESENTATION(#13473,#13479);
#13473 = PRODUCT_DEFINITION_SHAPE('','',#13474);
#13474 = PRODUCT_DEFINITION('design','',#13475,#13478);
#13475 = PRODUCT_DEFINITION_FORMATION('','',#13476);
#13476 = PRODUCT('D_SOD-123','D_SOD-123','',(#13477));
#13477 = PRODUCT_CONTEXT('',#2,'mechanical');
#13478 = PRODUCT_DEFINITION_CONTEXT('part definition',#2,'design');
#13479 = SHAPE_REPRESENTATION('',(#11,#13480),#13484);
#13480 = AXIS2_PLACEMENT_3D('',#13481,#13482,#13483);
#13481 = CARTESIAN_POINT('',(0.,0.,0.));
#13482 = DIRECTION('',(0.,0.,1.));
#13483 = DIRECTION('',(1.,0.,-0.));
#13484 = ( GEOMETRIC_REPRESENTATION_CONTEXT(3) 
GLOBAL_UNCERTAINTY_ASSIGNED_CONTEXT((#13488)) 
GLOBAL_UNIT_ASSIGNED_CONTEXT((#13485,#13486,#13487)) 
REPRESENTATION_CONTEXT('Context #1',
  '3D Context with UNIT and UNCERTAINTY') );
#13485 = ( LENGTH_UNIT() NAMED_UNIT(*) SI_UNIT(.MILLI.,.METRE.) );
#13486 = ( NAMED_UNIT(*) PLANE_ANGLE_UNIT() SI_UNIT($,.RADIAN.) );
#13487 = ( NAMED_UNIT(*) SI_UNIT($,.STERADIAN.) SOLID_ANGLE_UNIT() );
#13488 = UNCERTAINTY_MEASURE_WITH_UNIT(LENGTH_MEASURE(1.E-07),#13485,
  'distance_accuracy_value','confusion accuracy');
#13489 = CONTEXT_DEPENDENT_SHAPE_REPRESENTATION(#13490,#13492);
#13490 = ( REPRESENTATION_RELATIONSHIP('','',#13479,#10) 
REPRESENTATION_RELATIONSHIP_WITH_TRANSFORMATION(#13491) 
SHAPE_REPRESENTATION_RELATIONSHIP() );
#13491 = ITEM_DEFINED_TRANSFORMATION('','',#11,#95);
#13492 = PRODUCT_DEFINITION_SHAPE('Placement','Placement of an item',
  #13493);
#13493 = NEXT_ASSEMBLY_USAGE_OCCURRENCE('30','D2','',#5,#13474,$);
#13494 = PRODUCT_RELATED_PRODUCT_CATEGORY('part',$,(#13476));
#13495 = SHAPE_DEFINITION_REPRESENTATION(#13496,#13502);
#13496 = PRODUCT_DEFINITION_SHAPE('','',#13497);
#13497 = PRODUCT_DEFINITION('design','',#13498,#13501);
#13498 = PRODUCT_DEFINITION_FORMATION('','',#13499);
#13499 = PRODUCT('D_SOD-123','D_SOD-123','',(#13500));
#13500 = PRODUCT_CONTEXT('',#2,'mechanical');
#13501 = PRODUCT_DEFINITION_CONTEXT('part definition',#2,'design');
#13502 = ADVANCED_BREP_SHAPE_REPRESENTATION('',(#11,#13503),#15191);
#13503 = MANIFOLD_SOLID_BREP('',#13504);
#13504 = CLOSED_SHELL('',(#13505,#13559,#13622,#13645,#13675,#13708,
    #13738,#13761,#13784,#13807,#13830,#13853,#13886,#13909,#13932,
    #14020,#14095,#14119,#14187,#14275,#14291,#14307,#14323,#14339,
    #14356,#14389,#14406,#14428,#14459,#14482,#14505,#14528,#14558,
    #14575,#14592,#14609,#14626,#14643,#14660,#14677,#14689,#14712,
    #14735,#14752,#14827,#14851,#14919,#14936,#14986,#15003,#15020,
    #15037,#15054,#15071,#15083,#15114,#15138,#15162,#15179));
#13505 = ADVANCED_FACE('',(#13506),#13554,.F.);
#13506 = FACE_BOUND('',#13507,.F.);
#13507 = EDGE_LOOP('',(#13508,#13518,#13525,#13533,#13541,#13549));
#13508 = ORIENTED_EDGE('',*,*,#13509,.T.);
#13509 = EDGE_CURVE('',#13510,#13512,#13514,.T.);
#13510 = VERTEX_POINT('',#13511);
#13511 = CARTESIAN_POINT('',(-1.308243103516,-0.671621551758,0.1));
#13512 = VERTEX_POINT('',#13513);
#13513 = CARTESIAN_POINT('',(-1.308243103516,0.671621551758,0.1));
#13514 = LINE('',#13515,#13516);
#13515 = CARTESIAN_POINT('',(-1.308243103516,-0.671621551758,0.1));
#13516 = VECTOR('',#13517,1.);
#13517 = DIRECTION('',(0.,1.,0.));
#13518 = ORIENTED_EDGE('',*,*,#13519,.T.);
#13519 = EDGE_CURVE('',#13512,#13520,#13522,.T.);
#13520 = VERTEX_POINT('',#13521);
#13521 = CARTESIAN_POINT('',(-1.375,0.705,0.575));
#13522 = B_SPLINE_CURVE_WITH_KNOTS('',1,(#13523,#13524),.UNSPECIFIED.,
  .F.,.F.,(2,2),(0.,1.),.PIECEWISE_BEZIER_KNOTS.);
#13523 = CARTESIAN_POINT('',(-1.308243103516,0.671621551758,0.1));
#13524 = CARTESIAN_POINT('',(-1.375,0.705,0.575));
#13525 = ORIENTED_EDGE('',*,*,#13526,.F.);
#13526 = EDGE_CURVE('',#13527,#13520,#13529,.T.);
#13527 = VERTEX_POINT('',#13528);
#13528 = CARTESIAN_POINT('',(-1.375,0.325,0.575));
#13529 = LINE('',#13530,#13531);
#13530 = CARTESIAN_POINT('',(-1.375,-0.705,0.575));
#13531 = VECTOR('',#13532,1.);
#13532 = DIRECTION('',(0.,1.,0.));
#13533 = ORIENTED_EDGE('',*,*,#13534,.F.);
#13534 = EDGE_CURVE('',#13535,#13527,#13537,.T.);
#13535 = VERTEX_POINT('',#13536);
#13536 = CARTESIAN_POINT('',(-1.375,-0.325,0.575));
#13537 = LINE('',#13538,#13539);
#13538 = CARTESIAN_POINT('',(-1.375,-0.325,0.575));
#13539 = VECTOR('',#13540,1.);
#13540 = DIRECTION('',(1.110223024625E-16,1.,0.));
#13541 = ORIENTED_EDGE('',*,*,#13542,.F.);
#13542 = EDGE_CURVE('',#13543,#13535,#13545,.T.);
#13543 = VERTEX_POINT('',#13544);
#13544 = CARTESIAN_POINT('',(-1.375,-0.705,0.575));
#13545 = LINE('',#13546,#13547);
#13546 = CARTESIAN_POINT('',(-1.375,-0.705,0.575));
#13547 = VECTOR('',#13548,1.);
#13548 = DIRECTION('',(0.,1.,0.));
#13549 = ORIENTED_EDGE('',*,*,#13550,.F.);
#13550 = EDGE_CURVE('',#13510,#13543,#13551,.T.);
#13551 = B_SPLINE_CURVE_WITH_KNOTS('',1,(#13552,#13553),.UNSPECIFIED.,
  .F.,.F.,(2,2),(0.,1.),.PIECEWISE_BEZIER_KNOTS.);
#13552 = CARTESIAN_POINT('',(-1.308243103516,-0.671621551758,0.1));
#13553 = CARTESIAN_POINT('',(-1.375,-0.705,0.575));
#13554 = B_SPLINE_SURFACE_WITH_KNOTS('',1,1,(
    (#13555,#13556)
    ,(#13557,#13558
    )),.UNSPECIFIED.,.F.,.F.,.F.,(2,2),(2,2),(0.,1.41),(0.,1.),
  .PIECEWISE_BEZIER_KNOTS.);
#13555 = CARTESIAN_POINT('',(-1.308243103516,-0.671621551758,0.1));
#13556 = CARTESIAN_POINT('',(-1.375,-0.705,0.575));
#13557 = CARTESIAN_POINT('',(-1.308243103516,0.671621551758,0.1));
#13558 = CARTESIAN_POINT('',(-1.375,0.705,0.575));
#13559 = ADVANCED_FACE('',(#13560),#13617,.F.);
#13560 = FACE_BOUND('',#13561,.T.);
#13561 = EDGE_LOOP('',(#13562,#13563,#13571,#13579,#13587,#13595,#13603,
    #13611));
#13562 = ORIENTED_EDGE('',*,*,#13509,.T.);
#13563 = ORIENTED_EDGE('',*,*,#13564,.T.);
#13564 = EDGE_CURVE('',#13512,#13565,#13567,.T.);
#13565 = VERTEX_POINT('',#13566);
#13566 = CARTESIAN_POINT('',(-1.246621551758,0.733243103516,0.1));
#13567 = LINE('',#13568,#13569);
#13568 = CARTESIAN_POINT('',(-1.308243103516,0.671621551758,0.1));
#13569 = VECTOR('',#13570,1.);
#13570 = DIRECTION('',(0.707106781187,0.707106781187,0.));
#13571 = ORIENTED_EDGE('',*,*,#13572,.T.);
#13572 = EDGE_CURVE('',#13565,#13573,#13575,.T.);
#13573 = VERTEX_POINT('',#13574);
#13574 = CARTESIAN_POINT('',(1.246621551758,0.733243103516,0.1));
#13575 = LINE('',#13576,#13577);
#13576 = CARTESIAN_POINT('',(-1.246621551758,0.733243103516,0.1));
#13577 = VECTOR('',#13578,1.);
#13578 = DIRECTION('',(1.,0.,0.));
#13579 = ORIENTED_EDGE('',*,*,#13580,.T.);
#13580 = EDGE_CURVE('',#13573,#13581,#13583,.T.);
#13581 = VERTEX_POINT('',#13582);
#13582 = CARTESIAN_POINT('',(1.308243103516,0.671621551758,0.1));
#13583 = LINE('',#13584,#13585);
#13584 = CARTESIAN_POINT('',(1.246621551758,0.733243103516,0.1));
#13585 = VECTOR('',#13586,1.);
#13586 = DIRECTION('',(0.707106781187,-0.707106781187,0.));
#13587 = ORIENTED_EDGE('',*,*,#13588,.T.);
#13588 = EDGE_CURVE('',#13581,#13589,#13591,.T.);
#13589 = VERTEX_POINT('',#13590);
#13590 = CARTESIAN_POINT('',(1.308243103516,-0.671621551758,0.1));
#13591 = LINE('',#13592,#13593);
#13592 = CARTESIAN_POINT('',(1.308243103516,0.671621551758,0.1));
#13593 = VECTOR('',#13594,1.);
#13594 = DIRECTION('',(0.,-1.,0.));
#13595 = ORIENTED_EDGE('',*,*,#13596,.T.);
#13596 = EDGE_CURVE('',#13589,#13597,#13599,.T.);
#13597 = VERTEX_POINT('',#13598);
#13598 = CARTESIAN_POINT('',(1.246621551758,-0.733243103516,0.1));
#13599 = LINE('',#13600,#13601);
#13600 = CARTESIAN_POINT('',(1.308243103516,-0.671621551758,0.1));
#13601 = VECTOR('',#13602,1.);
#13602 = DIRECTION('',(-0.707106781187,-0.707106781187,0.));
#13603 = ORIENTED_EDGE('',*,*,#13604,.T.);
#13604 = EDGE_CURVE('',#13597,#13605,#13607,.T.);
#13605 = VERTEX_POINT('',#13606);
#13606 = CARTESIAN_POINT('',(-1.246621551758,-0.733243103516,0.1));
#13607 = LINE('',#13608,#13609);
#13608 = CARTESIAN_POINT('',(1.246621551758,-0.733243103516,0.1));
#13609 = VECTOR('',#13610,1.);
#13610 = DIRECTION('',(-1.,0.,0.));
#13611 = ORIENTED_EDGE('',*,*,#13612,.T.);
#13612 = EDGE_CURVE('',#13605,#13510,#13613,.T.);
#13613 = LINE('',#13614,#13615);
#13614 = CARTESIAN_POINT('',(-1.246621551758,-0.733243103516,0.1));
#13615 = VECTOR('',#13616,1.);
#13616 = DIRECTION('',(-0.707106781187,0.707106781187,0.));
#13617 = PLANE('',#13618);
#13618 = AXIS2_PLACEMENT_3D('',#13619,#13620,#13621);
#13619 = CARTESIAN_POINT('',(-1.308243103516,-0.671621551758,0.1));
#13620 = DIRECTION('',(0.,0.,1.));
#13621 = DIRECTION('',(0.889616464678,0.456708381546,-0.));
#13622 = ADVANCED_FACE('',(#13623),#13640,.F.);
#13623 = FACE_BOUND('',#13624,.F.);
#13624 = EDGE_LOOP('',(#13625,#13626,#13633,#13639));
#13625 = ORIENTED_EDGE('',*,*,#13564,.T.);
#13626 = ORIENTED_EDGE('',*,*,#13627,.T.);
#13627 = EDGE_CURVE('',#13565,#13628,#13630,.T.);
#13628 = VERTEX_POINT('',#13629);
#13629 = CARTESIAN_POINT('',(-1.28,0.8,0.575));
#13630 = B_SPLINE_CURVE_WITH_KNOTS('',1,(#13631,#13632),.UNSPECIFIED.,
  .F.,.F.,(2,2),(0.,1.),.PIECEWISE_BEZIER_KNOTS.);
#13631 = CARTESIAN_POINT('',(-1.246621551758,0.733243103516,0.1));
#13632 = CARTESIAN_POINT('',(-1.28,0.8,0.575));
#13633 = ORIENTED_EDGE('',*,*,#13634,.F.);
#13634 = EDGE_CURVE('',#13520,#13628,#13635,.T.);
#13635 = LINE('',#13636,#13637);
#13636 = CARTESIAN_POINT('',(-1.375,0.705,0.575));
#13637 = VECTOR('',#13638,1.);
#13638 = DIRECTION('',(0.707106781187,0.707106781187,0.));
#13639 = ORIENTED_EDGE('',*,*,#13519,.F.);
#13640 = B_SPLINE_SURFACE_WITH_KNOTS('',1,1,(
    (#13641,#13642)
    ,(#13643,#13644
    )),.UNSPECIFIED.,.F.,.F.,.F.,(2,2),(2,2),(0.,0.134350288425),(0.,1.)
  ,.PIECEWISE_BEZIER_KNOTS.);
#13641 = CARTESIAN_POINT('',(-1.308243103516,0.671621551758,0.1));
#13642 = CARTESIAN_POINT('',(-1.375,0.705,0.575));
#13643 = CARTESIAN_POINT('',(-1.246621551758,0.733243103516,0.1));
#13644 = CARTESIAN_POINT('',(-1.28,0.8,0.575));
#13645 = ADVANCED_FACE('',(#13646),#13670,.F.);
#13646 = FACE_BOUND('',#13647,.F.);
#13647 = EDGE_LOOP('',(#13648,#13655,#13656,#13664));
#13648 = ORIENTED_EDGE('',*,*,#13649,.F.);
#13649 = EDGE_CURVE('',#13543,#13650,#13652,.T.);
#13650 = VERTEX_POINT('',#13651);
#13651 = CARTESIAN_POINT('',(-1.375,-0.705,0.775));
#13652 = B_SPLINE_CURVE_WITH_KNOTS('',1,(#13653,#13654),.UNSPECIFIED.,
  .F.,.F.,(2,2),(0.,1.),.PIECEWISE_BEZIER_KNOTS.);
#13653 = CARTESIAN_POINT('',(-1.375,-0.705,0.575));
#13654 = CARTESIAN_POINT('',(-1.375,-0.705,0.775));
#13655 = ORIENTED_EDGE('',*,*,#13542,.T.);
#13656 = ORIENTED_EDGE('',*,*,#13657,.T.);
#13657 = EDGE_CURVE('',#13535,#13658,#13660,.T.);
#13658 = VERTEX_POINT('',#13659);
#13659 = CARTESIAN_POINT('',(-1.375,-0.325,0.775));
#13660 = LINE('',#13661,#13662);
#13661 = CARTESIAN_POINT('',(-1.375,-0.325,0.579830288983));
#13662 = VECTOR('',#13663,1.);
#13663 = DIRECTION('',(0.,0.,1.));
#13664 = ORIENTED_EDGE('',*,*,#13665,.F.);
#13665 = EDGE_CURVE('',#13650,#13658,#13666,.T.);
#13666 = LINE('',#13667,#13668);
#13667 = CARTESIAN_POINT('',(-1.375,-0.705,0.775));
#13668 = VECTOR('',#13669,1.);
#13669 = DIRECTION('',(0.,1.,0.));
#13670 = PLANE('',#13671);
#13671 = AXIS2_PLACEMENT_3D('',#13672,#13673,#13674);
#13672 = CARTESIAN_POINT('',(-1.375,-0.705,0.775));
#13673 = DIRECTION('',(1.,0.,0.));
#13674 = DIRECTION('',(-0.,1.,0.));
#13675 = ADVANCED_FACE('',(#13676),#13703,.F.);
#13676 = FACE_BOUND('',#13677,.F.);
#13677 = EDGE_LOOP('',(#13678,#13679,#13688,#13696));
#13678 = ORIENTED_EDGE('',*,*,#13534,.T.);
#13679 = ORIENTED_EDGE('',*,*,#13680,.T.);
#13680 = EDGE_CURVE('',#13527,#13681,#13683,.T.);
#13681 = VERTEX_POINT('',#13682);
#13682 = CARTESIAN_POINT('',(-1.493176930361,0.325,0.47583778132));
#13683 = CIRCLE('',#13684,0.12);
#13684 = AXIS2_PLACEMENT_3D('',#13685,#13686,#13687);
#13685 = CARTESIAN_POINT('',(-1.375,0.325,0.455));
#13686 = DIRECTION('',(-1.110223024625E-16,-1.,0.));
#13687 = DIRECTION('',(9.251858538543E-16,-1.027162637006E-31,1.));
#13688 = ORIENTED_EDGE('',*,*,#13689,.F.);
#13689 = EDGE_CURVE('',#13690,#13681,#13692,.T.);
#13690 = VERTEX_POINT('',#13691);
#13691 = CARTESIAN_POINT('',(-1.493176930361,-0.325,0.47583778132));
#13692 = LINE('',#13693,#13694);
#13693 = CARTESIAN_POINT('',(-1.493176930361,-0.325,0.47583778132));
#13694 = VECTOR('',#13695,1.);
#13695 = DIRECTION('',(1.110223024625E-16,1.,0.));
#13696 = ORIENTED_EDGE('',*,*,#13697,.F.);
#13697 = EDGE_CURVE('',#13535,#13690,#13698,.T.);
#13698 = CIRCLE('',#13699,0.12);
#13699 = AXIS2_PLACEMENT_3D('',#13700,#13701,#13702);
#13700 = CARTESIAN_POINT('',(-1.375,-0.325,0.455));
#13701 = DIRECTION('',(-1.110223024625E-16,-1.,0.));
#13702 = DIRECTION('',(9.251858538543E-16,-1.027162637006E-31,1.));
#13703 = CYLINDRICAL_SURFACE('',#13704,0.12);
#13704 = AXIS2_PLACEMENT_3D('',#13705,#13706,#13707);
#13705 = CARTESIAN_POINT('',(-1.375,-0.325,0.455));
#13706 = DIRECTION('',(-1.110223024625E-16,-1.,0.));
#13707 = DIRECTION('',(9.251858538543E-16,-1.027162637006E-31,1.));
#13708 = ADVANCED_FACE('',(#13709),#13733,.F.);
#13709 = FACE_BOUND('',#13710,.F.);
#13710 = EDGE_LOOP('',(#13711,#13719,#13720,#13727));
#13711 = ORIENTED_EDGE('',*,*,#13712,.F.);
#13712 = EDGE_CURVE('',#13527,#13713,#13715,.T.);
#13713 = VERTEX_POINT('',#13714);
#13714 = CARTESIAN_POINT('',(-1.375,0.325,0.775));
#13715 = LINE('',#13716,#13717);
#13716 = CARTESIAN_POINT('',(-1.375,0.325,0.579830288983));
#13717 = VECTOR('',#13718,1.);
#13718 = DIRECTION('',(0.,0.,1.));
#13719 = ORIENTED_EDGE('',*,*,#13526,.T.);
#13720 = ORIENTED_EDGE('',*,*,#13721,.T.);
#13721 = EDGE_CURVE('',#13520,#13722,#13724,.T.);
#13722 = VERTEX_POINT('',#13723);
#13723 = CARTESIAN_POINT('',(-1.375,0.705,0.775));
#13724 = B_SPLINE_CURVE_WITH_KNOTS('',1,(#13725,#13726),.UNSPECIFIED.,
  .F.,.F.,(2,2),(0.,1.),.PIECEWISE_BEZIER_KNOTS.);
#13725 = CARTESIAN_POINT('',(-1.375,0.705,0.575));
#13726 = CARTESIAN_POINT('',(-1.375,0.705,0.775));
#13727 = ORIENTED_EDGE('',*,*,#13728,.F.);
#13728 = EDGE_CURVE('',#13713,#13722,#13729,.T.);
#13729 = LINE('',#13730,#13731);
#13730 = CARTESIAN_POINT('',(-1.375,-0.705,0.775));
#13731 = VECTOR('',#13732,1.);
#13732 = DIRECTION('',(0.,1.,0.));
#13733 = PLANE('',#13734);
#13734 = AXIS2_PLACEMENT_3D('',#13735,#13736,#13737);
#13735 = CARTESIAN_POINT('',(-1.375,-0.705,0.775));
#13736 = DIRECTION('',(1.,0.,0.));
#13737 = DIRECTION('',(-0.,1.,0.));
#13738 = ADVANCED_FACE('',(#13739),#13756,.F.);
#13739 = FACE_BOUND('',#13740,.F.);
#13740 = EDGE_LOOP('',(#13741,#13742,#13743,#13751));
#13741 = ORIENTED_EDGE('',*,*,#13612,.T.);
#13742 = ORIENTED_EDGE('',*,*,#13550,.T.);
#13743 = ORIENTED_EDGE('',*,*,#13744,.F.);
#13744 = EDGE_CURVE('',#13745,#13543,#13747,.T.);
#13745 = VERTEX_POINT('',#13746);
#13746 = CARTESIAN_POINT('',(-1.28,-0.8,0.575));
#13747 = LINE('',#13748,#13749);
#13748 = CARTESIAN_POINT('',(-1.28,-0.8,0.575));
#13749 = VECTOR('',#13750,1.);
#13750 = DIRECTION('',(-0.707106781187,0.707106781187,0.));
#13751 = ORIENTED_EDGE('',*,*,#13752,.F.);
#13752 = EDGE_CURVE('',#13605,#13745,#13753,.T.);
#13753 = B_SPLINE_CURVE_WITH_KNOTS('',1,(#13754,#13755),.UNSPECIFIED.,
  .F.,.F.,(2,2),(0.,1.),.PIECEWISE_BEZIER_KNOTS.);
#13754 = CARTESIAN_POINT('',(-1.246621551758,-0.733243103516,0.1));
#13755 = CARTESIAN_POINT('',(-1.28,-0.8,0.575));
#13756 = B_SPLINE_SURFACE_WITH_KNOTS('',1,1,(
    (#13757,#13758)
    ,(#13759,#13760
    )),.UNSPECIFIED.,.F.,.F.,.F.,(2,2),(2,2),(0.,0.134350288425),(0.,1.)
  ,.PIECEWISE_BEZIER_KNOTS.);
#13757 = CARTESIAN_POINT('',(-1.246621551758,-0.733243103516,0.1));
#13758 = CARTESIAN_POINT('',(-1.28,-0.8,0.575));
#13759 = CARTESIAN_POINT('',(-1.308243103516,-0.671621551758,0.1));
#13760 = CARTESIAN_POINT('',(-1.375,-0.705,0.575));
#13761 = ADVANCED_FACE('',(#13762),#13779,.F.);
#13762 = FACE_BOUND('',#13763,.F.);
#13763 = EDGE_LOOP('',(#13764,#13765,#13766,#13774));
#13764 = ORIENTED_EDGE('',*,*,#13604,.T.);
#13765 = ORIENTED_EDGE('',*,*,#13752,.T.);
#13766 = ORIENTED_EDGE('',*,*,#13767,.F.);
#13767 = EDGE_CURVE('',#13768,#13745,#13770,.T.);
#13768 = VERTEX_POINT('',#13769);
#13769 = CARTESIAN_POINT('',(1.28,-0.8,0.575));
#13770 = LINE('',#13771,#13772);
#13771 = CARTESIAN_POINT('',(1.28,-0.8,0.575));
#13772 = VECTOR('',#13773,1.);
#13773 = DIRECTION('',(-1.,0.,0.));
#13774 = ORIENTED_EDGE('',*,*,#13775,.F.);
#13775 = EDGE_CURVE('',#13597,#13768,#13776,.T.);
#13776 = B_SPLINE_CURVE_WITH_KNOTS('',1,(#13777,#13778),.UNSPECIFIED.,
  .F.,.F.,(2,2),(0.,1.),.PIECEWISE_BEZIER_KNOTS.);
#13777 = CARTESIAN_POINT('',(1.246621551758,-0.733243103516,0.1));
#13778 = CARTESIAN_POINT('',(1.28,-0.8,0.575));
#13779 = B_SPLINE_SURFACE_WITH_KNOTS('',1,1,(
    (#13780,#13781)
    ,(#13782,#13783
    )),.UNSPECIFIED.,.F.,.F.,.F.,(2,2),(2,2),(0.,2.56),(0.,1.),
  .PIECEWISE_BEZIER_KNOTS.);
#13780 = CARTESIAN_POINT('',(1.246621551758,-0.733243103516,0.1));
#13781 = CARTESIAN_POINT('',(1.28,-0.8,0.575));
#13782 = CARTESIAN_POINT('',(-1.246621551758,-0.733243103516,0.1));
#13783 = CARTESIAN_POINT('',(-1.28,-0.8,0.575));
#13784 = ADVANCED_FACE('',(#13785),#13802,.F.);
#13785 = FACE_BOUND('',#13786,.F.);
#13786 = EDGE_LOOP('',(#13787,#13788,#13795,#13801));
#13787 = ORIENTED_EDGE('',*,*,#13572,.T.);
#13788 = ORIENTED_EDGE('',*,*,#13789,.T.);
#13789 = EDGE_CURVE('',#13573,#13790,#13792,.T.);
#13790 = VERTEX_POINT('',#13791);
#13791 = CARTESIAN_POINT('',(1.28,0.8,0.575));
#13792 = B_SPLINE_CURVE_WITH_KNOTS('',1,(#13793,#13794),.UNSPECIFIED.,
  .F.,.F.,(2,2),(0.,1.),.PIECEWISE_BEZIER_KNOTS.);
#13793 = CARTESIAN_POINT('',(1.246621551758,0.733243103516,0.1));
#13794 = CARTESIAN_POINT('',(1.28,0.8,0.575));
#13795 = ORIENTED_EDGE('',*,*,#13796,.F.);
#13796 = EDGE_CURVE('',#13628,#13790,#13797,.T.);
#13797 = LINE('',#13798,#13799);
#13798 = CARTESIAN_POINT('',(-1.28,0.8,0.575));
#13799 = VECTOR('',#13800,1.);
#13800 = DIRECTION('',(1.,0.,0.));
#13801 = ORIENTED_EDGE('',*,*,#13627,.F.);
#13802 = B_SPLINE_SURFACE_WITH_KNOTS('',1,1,(
    (#13803,#13804)
    ,(#13805,#13806
    )),.UNSPECIFIED.,.F.,.F.,.F.,(2,2),(2,2),(0.,2.56),(0.,1.),
  .PIECEWISE_BEZIER_KNOTS.);
#13803 = CARTESIAN_POINT('',(-1.246621551758,0.733243103516,0.1));
#13804 = CARTESIAN_POINT('',(-1.28,0.8,0.575));
#13805 = CARTESIAN_POINT('',(1.246621551758,0.733243103516,0.1));
#13806 = CARTESIAN_POINT('',(1.28,0.8,0.575));
#13807 = ADVANCED_FACE('',(#13808),#13825,.F.);
#13808 = FACE_BOUND('',#13809,.F.);
#13809 = EDGE_LOOP('',(#13810,#13811,#13812,#13820));
#13810 = ORIENTED_EDGE('',*,*,#13596,.T.);
#13811 = ORIENTED_EDGE('',*,*,#13775,.T.);
#13812 = ORIENTED_EDGE('',*,*,#13813,.F.);
#13813 = EDGE_CURVE('',#13814,#13768,#13816,.T.);
#13814 = VERTEX_POINT('',#13815);
#13815 = CARTESIAN_POINT('',(1.375,-0.705,0.575));
#13816 = LINE('',#13817,#13818);
#13817 = CARTESIAN_POINT('',(1.375,-0.705,0.575));
#13818 = VECTOR('',#13819,1.);
#13819 = DIRECTION('',(-0.707106781187,-0.707106781187,0.));
#13820 = ORIENTED_EDGE('',*,*,#13821,.F.);
#13821 = EDGE_CURVE('',#13589,#13814,#13822,.T.);
#13822 = B_SPLINE_CURVE_WITH_KNOTS('',1,(#13823,#13824),.UNSPECIFIED.,
  .F.,.F.,(2,2),(0.,1.),.PIECEWISE_BEZIER_KNOTS.);
#13823 = CARTESIAN_POINT('',(1.308243103516,-0.671621551758,0.1));
#13824 = CARTESIAN_POINT('',(1.375,-0.705,0.575));
#13825 = B_SPLINE_SURFACE_WITH_KNOTS('',1,1,(
    (#13826,#13827)
    ,(#13828,#13829
    )),.UNSPECIFIED.,.F.,.F.,.F.,(2,2),(2,2),(0.,0.134350288425),(0.,1.)
  ,.PIECEWISE_BEZIER_KNOTS.);
#13826 = CARTESIAN_POINT('',(1.308243103516,-0.671621551758,0.1));
#13827 = CARTESIAN_POINT('',(1.375,-0.705,0.575));
#13828 = CARTESIAN_POINT('',(1.246621551758,-0.733243103516,0.1));
#13829 = CARTESIAN_POINT('',(1.28,-0.8,0.575));
#13830 = ADVANCED_FACE('',(#13831),#13848,.F.);
#13831 = FACE_BOUND('',#13832,.F.);
#13832 = EDGE_LOOP('',(#13833,#13834,#13841,#13847));
#13833 = ORIENTED_EDGE('',*,*,#13580,.T.);
#13834 = ORIENTED_EDGE('',*,*,#13835,.T.);
#13835 = EDGE_CURVE('',#13581,#13836,#13838,.T.);
#13836 = VERTEX_POINT('',#13837);
#13837 = CARTESIAN_POINT('',(1.375,0.705,0.575));
#13838 = B_SPLINE_CURVE_WITH_KNOTS('',1,(#13839,#13840),.UNSPECIFIED.,
  .F.,.F.,(2,2),(0.,1.),.PIECEWISE_BEZIER_KNOTS.);
#13839 = CARTESIAN_POINT('',(1.308243103516,0.671621551758,0.1));
#13840 = CARTESIAN_POINT('',(1.375,0.705,0.575));
#13841 = ORIENTED_EDGE('',*,*,#13842,.F.);
#13842 = EDGE_CURVE('',#13790,#13836,#13843,.T.);
#13843 = LINE('',#13844,#13845);
#13844 = CARTESIAN_POINT('',(1.28,0.8,0.575));
#13845 = VECTOR('',#13846,1.);
#13846 = DIRECTION('',(0.707106781187,-0.707106781187,0.));
#13847 = ORIENTED_EDGE('',*,*,#13789,.F.);
#13848 = B_SPLINE_SURFACE_WITH_KNOTS('',1,1,(
    (#13849,#13850)
    ,(#13851,#13852
    )),.UNSPECIFIED.,.F.,.F.,.F.,(2,2),(2,2),(0.,0.134350288425),(0.,1.)
  ,.PIECEWISE_BEZIER_KNOTS.);
#13849 = CARTESIAN_POINT('',(1.246621551758,0.733243103516,0.1));
#13850 = CARTESIAN_POINT('',(1.28,0.8,0.575));
#13851 = CARTESIAN_POINT('',(1.308243103516,0.671621551758,0.1));
#13852 = CARTESIAN_POINT('',(1.375,0.705,0.575));
#13853 = ADVANCED_FACE('',(#13854),#13881,.F.);
#13854 = FACE_BOUND('',#13855,.F.);
#13855 = EDGE_LOOP('',(#13856,#13857,#13858,#13866,#13874,#13880));
#13856 = ORIENTED_EDGE('',*,*,#13588,.T.);
#13857 = ORIENTED_EDGE('',*,*,#13821,.T.);
#13858 = ORIENTED_EDGE('',*,*,#13859,.F.);
#13859 = EDGE_CURVE('',#13860,#13814,#13862,.T.);
#13860 = VERTEX_POINT('',#13861);
#13861 = CARTESIAN_POINT('',(1.375,-0.325,0.575));
#13862 = LINE('',#13863,#13864);
#13863 = CARTESIAN_POINT('',(1.375,0.705,0.575));
#13864 = VECTOR('',#13865,1.);
#13865 = DIRECTION('',(0.,-1.,0.));
#13866 = ORIENTED_EDGE('',*,*,#13867,.F.);
#13867 = EDGE_CURVE('',#13868,#13860,#13870,.T.);
#13868 = VERTEX_POINT('',#13869);
#13869 = CARTESIAN_POINT('',(1.375,0.325,0.575));
#13870 = LINE('',#13871,#13872);
#13871 = CARTESIAN_POINT('',(1.375,0.325,0.575));
#13872 = VECTOR('',#13873,1.);
#13873 = DIRECTION('',(-2.22044604925E-16,-1.,0.));
#13874 = ORIENTED_EDGE('',*,*,#13875,.F.);
#13875 = EDGE_CURVE('',#13836,#13868,#13876,.T.);
#13876 = LINE('',#13877,#13878);
#13877 = CARTESIAN_POINT('',(1.375,0.705,0.575));
#13878 = VECTOR('',#13879,1.);
#13879 = DIRECTION('',(0.,-1.,0.));
#13880 = ORIENTED_EDGE('',*,*,#13835,.F.);
#13881 = B_SPLINE_SURFACE_WITH_KNOTS('',1,1,(
    (#13882,#13883)
    ,(#13884,#13885
    )),.UNSPECIFIED.,.F.,.F.,.F.,(2,2),(2,2),(0.,1.41),(0.,1.),
  .PIECEWISE_BEZIER_KNOTS.);
#13882 = CARTESIAN_POINT('',(1.308243103516,0.671621551758,0.1));
#13883 = CARTESIAN_POINT('',(1.375,0.705,0.575));
#13884 = CARTESIAN_POINT('',(1.308243103516,-0.671621551758,0.1));
#13885 = CARTESIAN_POINT('',(1.375,-0.705,0.575));
#13886 = ADVANCED_FACE('',(#13887),#13904,.F.);
#13887 = FACE_BOUND('',#13888,.F.);
#13888 = EDGE_LOOP('',(#13889,#13890,#13897,#13903));
#13889 = ORIENTED_EDGE('',*,*,#13634,.T.);
#13890 = ORIENTED_EDGE('',*,*,#13891,.T.);
#13891 = EDGE_CURVE('',#13628,#13892,#13894,.T.);
#13892 = VERTEX_POINT('',#13893);
#13893 = CARTESIAN_POINT('',(-1.28,0.8,0.775));
#13894 = B_SPLINE_CURVE_WITH_KNOTS('',1,(#13895,#13896),.UNSPECIFIED.,
  .F.,.F.,(2,2),(0.,1.),.PIECEWISE_BEZIER_KNOTS.);
#13895 = CARTESIAN_POINT('',(-1.28,0.8,0.575));
#13896 = CARTESIAN_POINT('',(-1.28,0.8,0.775));
#13897 = ORIENTED_EDGE('',*,*,#13898,.F.);
#13898 = EDGE_CURVE('',#13722,#13892,#13899,.T.);
#13899 = LINE('',#13900,#13901);
#13900 = CARTESIAN_POINT('',(-1.375,0.705,0.775));
#13901 = VECTOR('',#13902,1.);
#13902 = DIRECTION('',(0.707106781187,0.707106781187,0.));
#13903 = ORIENTED_EDGE('',*,*,#13721,.F.);
#13904 = PLANE('',#13905);
#13905 = AXIS2_PLACEMENT_3D('',#13906,#13907,#13908);
#13906 = CARTESIAN_POINT('',(-1.375,0.705,0.775));
#13907 = DIRECTION('',(0.707106781187,-0.707106781187,0.));
#13908 = DIRECTION('',(0.707106781187,0.707106781187,0.));
#13909 = ADVANCED_FACE('',(#13910),#13927,.F.);
#13910 = FACE_BOUND('',#13911,.F.);
#13911 = EDGE_LOOP('',(#13912,#13913,#13914,#13922));
#13912 = ORIENTED_EDGE('',*,*,#13744,.T.);
#13913 = ORIENTED_EDGE('',*,*,#13649,.T.);
#13914 = ORIENTED_EDGE('',*,*,#13915,.F.);
#13915 = EDGE_CURVE('',#13916,#13650,#13918,.T.);
#13916 = VERTEX_POINT('',#13917);
#13917 = CARTESIAN_POINT('',(-1.28,-0.8,0.775));
#13918 = LINE('',#13919,#13920);
#13919 = CARTESIAN_POINT('',(-1.28,-0.8,0.775));
#13920 = VECTOR('',#13921,1.);
#13921 = DIRECTION('',(-0.707106781187,0.707106781187,0.));
#13922 = ORIENTED_EDGE('',*,*,#13923,.F.);
#13923 = EDGE_CURVE('',#13745,#13916,#13924,.T.);
#13924 = B_SPLINE_CURVE_WITH_KNOTS('',1,(#13925,#13926),.UNSPECIFIED.,
  .F.,.F.,(2,2),(0.,1.),.PIECEWISE_BEZIER_KNOTS.);
#13925 = CARTESIAN_POINT('',(-1.28,-0.8,0.575));
#13926 = CARTESIAN_POINT('',(-1.28,-0.8,0.775));
#13927 = PLANE('',#13928);
#13928 = AXIS2_PLACEMENT_3D('',#13929,#13930,#13931);
#13929 = CARTESIAN_POINT('',(-1.28,-0.8,0.775));
#13930 = DIRECTION('',(0.707106781187,0.707106781187,0.));
#13931 = DIRECTION('',(-0.707106781187,0.707106781187,0.));
#13932 = ADVANCED_FACE('',(#13933),#14015,.F.);
#13933 = FACE_BOUND('',#13934,.F.);
#13934 = EDGE_LOOP('',(#13935,#13936,#13937,#13945,#13953,#13961,#13969,
    #13977,#13985,#13993,#14001,#14009));
#13935 = ORIENTED_EDGE('',*,*,#13915,.T.);
#13936 = ORIENTED_EDGE('',*,*,#13665,.T.);
#13937 = ORIENTED_EDGE('',*,*,#13938,.T.);
#13938 = EDGE_CURVE('',#13658,#13939,#13941,.T.);
#13939 = VERTEX_POINT('',#13940);
#13940 = CARTESIAN_POINT('',(-1.35,-0.325,0.775));
#13941 = LINE('',#13942,#13943);
#13942 = CARTESIAN_POINT('',(-1.375,-0.325,0.775));
#13943 = VECTOR('',#13944,1.);
#13944 = DIRECTION('',(1.,-1.110223024625E-16,0.));
#13945 = ORIENTED_EDGE('',*,*,#13946,.F.);
#13946 = EDGE_CURVE('',#13947,#13939,#13949,.T.);
#13947 = VERTEX_POINT('',#13948);
#13948 = CARTESIAN_POINT('',(-1.35,-0.6925,0.775));
#13949 = LINE('',#13950,#13951);
#13950 = CARTESIAN_POINT('',(-1.35,-0.6925,0.775));
#13951 = VECTOR('',#13952,1.);
#13952 = DIRECTION('',(0.,1.,0.));
#13953 = ORIENTED_EDGE('',*,*,#13954,.F.);
#13954 = EDGE_CURVE('',#13955,#13947,#13957,.T.);
#13955 = VERTEX_POINT('',#13956);
#13956 = CARTESIAN_POINT('',(-1.2675,-0.775,0.775));
#13957 = LINE('',#13958,#13959);
#13958 = CARTESIAN_POINT('',(-1.2675,-0.775,0.775));
#13959 = VECTOR('',#13960,1.);
#13960 = DIRECTION('',(-0.707106781187,0.707106781187,0.));
#13961 = ORIENTED_EDGE('',*,*,#13962,.F.);
#13962 = EDGE_CURVE('',#13963,#13955,#13965,.T.);
#13963 = VERTEX_POINT('',#13964);
#13964 = CARTESIAN_POINT('',(1.2675,-0.775,0.775));
#13965 = LINE('',#13966,#13967);
#13966 = CARTESIAN_POINT('',(1.2675,-0.775,0.775));
#13967 = VECTOR('',#13968,1.);
#13968 = DIRECTION('',(-1.,0.,0.));
#13969 = ORIENTED_EDGE('',*,*,#13970,.F.);
#13970 = EDGE_CURVE('',#13971,#13963,#13973,.T.);
#13971 = VERTEX_POINT('',#13972);
#13972 = CARTESIAN_POINT('',(1.35,-0.6925,0.775));
#13973 = LINE('',#13974,#13975);
#13974 = CARTESIAN_POINT('',(1.35,-0.6925,0.775));
#13975 = VECTOR('',#13976,1.);
#13976 = DIRECTION('',(-0.707106781187,-0.707106781187,0.));
#13977 = ORIENTED_EDGE('',*,*,#13978,.F.);
#13978 = EDGE_CURVE('',#13979,#13971,#13981,.T.);
#13979 = VERTEX_POINT('',#13980);
#13980 = CARTESIAN_POINT('',(1.35,-0.325,0.775));
#13981 = LINE('',#13982,#13983);
#13982 = CARTESIAN_POINT('',(1.35,0.6925,0.775));
#13983 = VECTOR('',#13984,1.);
#13984 = DIRECTION('',(0.,-1.,0.));
#13985 = ORIENTED_EDGE('',*,*,#13986,.F.);
#13986 = EDGE_CURVE('',#13987,#13979,#13989,.T.);
#13987 = VERTEX_POINT('',#13988);
#13988 = CARTESIAN_POINT('',(1.375,-0.325,0.775));
#13989 = LINE('',#13990,#13991);
#13990 = CARTESIAN_POINT('',(1.375,-0.325,0.775));
#13991 = VECTOR('',#13992,1.);
#13992 = DIRECTION('',(-1.,2.22044604925E-16,0.));
#13993 = ORIENTED_EDGE('',*,*,#13994,.T.);
#13994 = EDGE_CURVE('',#13987,#13995,#13997,.T.);
#13995 = VERTEX_POINT('',#13996);
#13996 = CARTESIAN_POINT('',(1.375,-0.705,0.775));
#13997 = LINE('',#13998,#13999);
#13998 = CARTESIAN_POINT('',(1.375,0.705,0.775));
#13999 = VECTOR('',#14000,1.);
#14000 = DIRECTION('',(0.,-1.,0.));
#14001 = ORIENTED_EDGE('',*,*,#14002,.T.);
#14002 = EDGE_CURVE('',#13995,#14003,#14005,.T.);
#14003 = VERTEX_POINT('',#14004);
#14004 = CARTESIAN_POINT('',(1.28,-0.8,0.775));
#14005 = LINE('',#14006,#14007);
#14006 = CARTESIAN_POINT('',(1.375,-0.705,0.775));
#14007 = VECTOR('',#14008,1.);
#14008 = DIRECTION('',(-0.707106781187,-0.707106781187,0.));
#14009 = ORIENTED_EDGE('',*,*,#14010,.T.);
#14010 = EDGE_CURVE('',#14003,#13916,#14011,.T.);
#14011 = LINE('',#14012,#14013);
#14012 = CARTESIAN_POINT('',(1.28,-0.8,0.775));
#14013 = VECTOR('',#14014,1.);
#14014 = DIRECTION('',(-1.,0.,0.));
#14015 = PLANE('',#14016);
#14016 = AXIS2_PLACEMENT_3D('',#14017,#14018,#14019);
#14017 = CARTESIAN_POINT('',(-1.3625,-4.954714324773E-17,0.775));
#14018 = DIRECTION('',(-7.340317518656E-17,9.85275154485E-18,-1.));
#14019 = DIRECTION('',(7.342878714278E-20,1.,9.85275154485E-18));
#14020 = ADVANCED_FACE('',(#14021),#14090,.F.);
#14021 = FACE_BOUND('',#14022,.F.);
#14022 = EDGE_LOOP('',(#14023,#14024,#14025,#14033,#14042,#14050,#14058,
    #14066,#14075,#14083));
#14023 = ORIENTED_EDGE('',*,*,#13657,.F.);
#14024 = ORIENTED_EDGE('',*,*,#13697,.T.);
#14025 = ORIENTED_EDGE('',*,*,#14026,.T.);
#14026 = EDGE_CURVE('',#13690,#14027,#14029,.T.);
#14027 = VERTEX_POINT('',#14028);
#14028 = CARTESIAN_POINT('',(-1.523665661432,-0.325,0.264432583147));
#14029 = LINE('',#14030,#14031);
#14030 = CARTESIAN_POINT('',(-1.493176930361,-0.325,0.47583778132));
#14031 = VECTOR('',#14032,1.);
#14032 = DIRECTION('',(-0.142742572604,1.584760906992E-17,
    -0.989759848633));
#14033 = ORIENTED_EDGE('',*,*,#14034,.T.);
#14034 = EDGE_CURVE('',#14027,#14035,#14037,.T.);
#14035 = VERTEX_POINT('',#14036);
#14036 = CARTESIAN_POINT('',(-1.838804142396,-0.325,-5.551115123126E-17)
  );
#14037 = CIRCLE('',#14038,0.32);
#14038 = AXIS2_PLACEMENT_3D('',#14039,#14040,#14041);
#14039 = CARTESIAN_POINT('',(-1.838804142396,-0.325,0.32));
#14040 = DIRECTION('',(1.110223024625E-16,1.,0.));
#14041 = DIRECTION('',(0.984807753012,-1.093356242223E-16,
    -0.173648177667));
#14042 = ORIENTED_EDGE('',*,*,#14043,.T.);
#14043 = EDGE_CURVE('',#14035,#14044,#14046,.T.);
#14044 = VERTEX_POINT('',#14045);
#14045 = CARTESIAN_POINT('',(-1.9,-0.325,-5.551115123126E-17));
#14046 = LINE('',#14047,#14048);
#14047 = CARTESIAN_POINT('',(-1.838804142396,-0.325,-5.551115123126E-17)
  );
#14048 = VECTOR('',#14049,1.);
#14049 = DIRECTION('',(-1.,1.110223024625E-16,0.));
#14050 = ORIENTED_EDGE('',*,*,#14051,.T.);
#14051 = EDGE_CURVE('',#14044,#14052,#14054,.T.);
#14052 = VERTEX_POINT('',#14053);
#14053 = CARTESIAN_POINT('',(-1.9,-0.325,0.2));
#14054 = LINE('',#14055,#14056);
#14055 = CARTESIAN_POINT('',(-1.9,-0.325,-5.551115123126E-17));
#14056 = VECTOR('',#14057,1.);
#14057 = DIRECTION('',(0.,0.,1.));
#14058 = ORIENTED_EDGE('',*,*,#14059,.T.);
#14059 = EDGE_CURVE('',#14052,#14060,#14062,.T.);
#14060 = VERTEX_POINT('',#14061);
#14061 = CARTESIAN_POINT('',(-1.838804142396,-0.325,0.2));
#14062 = LINE('',#14063,#14064);
#14063 = CARTESIAN_POINT('',(-1.9,-0.325,0.2));
#14064 = VECTOR('',#14065,1.);
#14065 = DIRECTION('',(1.,-1.110223024625E-16,0.));
#14066 = ORIENTED_EDGE('',*,*,#14067,.T.);
#14067 = EDGE_CURVE('',#14060,#14068,#14070,.T.);
#14068 = VERTEX_POINT('',#14069);
#14069 = CARTESIAN_POINT('',(-1.720627212034,-0.325,0.29916221868));
#14070 = CIRCLE('',#14071,0.12);
#14071 = AXIS2_PLACEMENT_3D('',#14072,#14073,#14074);
#14072 = CARTESIAN_POINT('',(-1.838804142396,-0.325,0.32));
#14073 = DIRECTION('',(-1.110223024625E-16,-1.,0.));
#14074 = DIRECTION('',(1.850371707709E-15,-2.054325274013E-31,-1.));
#14075 = ORIENTED_EDGE('',*,*,#14076,.T.);
#14076 = EDGE_CURVE('',#14068,#14077,#14079,.T.);
#14077 = VERTEX_POINT('',#14078);
#14078 = CARTESIAN_POINT('',(-1.690138480964,-0.325,0.510567416853));
#14079 = LINE('',#14080,#14081);
#14080 = CARTESIAN_POINT('',(-1.720627212034,-0.325,0.29916221868));
#14081 = VECTOR('',#14082,1.);
#14082 = DIRECTION('',(0.142742572604,-1.584760906992E-17,0.989759848633
    ));
#14083 = ORIENTED_EDGE('',*,*,#14084,.T.);
#14084 = EDGE_CURVE('',#14077,#13658,#14085,.T.);
#14085 = CIRCLE('',#14086,0.32);
#14086 = AXIS2_PLACEMENT_3D('',#14087,#14088,#14089);
#14087 = CARTESIAN_POINT('',(-1.375,-0.325,0.455));
#14088 = DIRECTION('',(1.110223024625E-16,1.,0.));
#14089 = DIRECTION('',(-0.984807753012,1.093356242223E-16,0.173648177667
    ));
#14090 = PLANE('',#14091);
#14091 = AXIS2_PLACEMENT_3D('',#14092,#14093,#14094);
#14092 = CARTESIAN_POINT('',(-1.610729118287,-0.325,0.384660577966));
#14093 = DIRECTION('',(1.110223024625E-16,1.,0.));
#14094 = DIRECTION('',(0.,-0.,1.));
#14095 = ADVANCED_FACE('',(#14096),#14114,.F.);
#14096 = FACE_BOUND('',#14097,.F.);
#14097 = EDGE_LOOP('',(#14098,#14099,#14107,#14113));
#14098 = ORIENTED_EDGE('',*,*,#13689,.T.);
#14099 = ORIENTED_EDGE('',*,*,#14100,.T.);
#14100 = EDGE_CURVE('',#13681,#14101,#14103,.T.);
#14101 = VERTEX_POINT('',#14102);
#14102 = CARTESIAN_POINT('',(-1.523665661432,0.325,0.264432583147));
#14103 = LINE('',#14104,#14105);
#14104 = CARTESIAN_POINT('',(-1.493176930361,0.325,0.47583778132));
#14105 = VECTOR('',#14106,1.);
#14106 = DIRECTION('',(-0.142742572604,1.584760906992E-17,
    -0.989759848633));
#14107 = ORIENTED_EDGE('',*,*,#14108,.F.);
#14108 = EDGE_CURVE('',#14027,#14101,#14109,.T.);
#14109 = LINE('',#14110,#14111);
#14110 = CARTESIAN_POINT('',(-1.523665661432,-0.325,0.264432583147));
#14111 = VECTOR('',#14112,1.);
#14112 = DIRECTION('',(1.110223024625E-16,1.,0.));
#14113 = ORIENTED_EDGE('',*,*,#14026,.F.);
#14114 = PLANE('',#14115);
#14115 = AXIS2_PLACEMENT_3D('',#14116,#14117,#14118);
#14116 = CARTESIAN_POINT('',(-1.493176930361,-0.325,0.47583778132));
#14117 = DIRECTION('',(-0.989759848633,1.098854172802E-16,0.142742572604
    ));
#14118 = DIRECTION('',(-0.142742572604,1.584760906992E-17,
    -0.989759848633));
#14119 = ADVANCED_FACE('',(#14120),#14182,.T.);
#14120 = FACE_BOUND('',#14121,.T.);
#14121 = EDGE_LOOP('',(#14122,#14123,#14124,#14125,#14134,#14142,#14150,
    #14158,#14167,#14175));
#14122 = ORIENTED_EDGE('',*,*,#13712,.F.);
#14123 = ORIENTED_EDGE('',*,*,#13680,.T.);
#14124 = ORIENTED_EDGE('',*,*,#14100,.T.);
#14125 = ORIENTED_EDGE('',*,*,#14126,.T.);
#14126 = EDGE_CURVE('',#14101,#14127,#14129,.T.);
#14127 = VERTEX_POINT('',#14128);
#14128 = CARTESIAN_POINT('',(-1.838804142396,0.325,-5.551115123126E-17)
  );
#14129 = CIRCLE('',#14130,0.32);
#14130 = AXIS2_PLACEMENT_3D('',#14131,#14132,#14133);
#14131 = CARTESIAN_POINT('',(-1.838804142396,0.325,0.32));
#14132 = DIRECTION('',(1.110223024625E-16,1.,0.));
#14133 = DIRECTION('',(0.984807753012,-1.093356242223E-16,
    -0.173648177667));
#14134 = ORIENTED_EDGE('',*,*,#14135,.T.);
#14135 = EDGE_CURVE('',#14127,#14136,#14138,.T.);
#14136 = VERTEX_POINT('',#14137);
#14137 = CARTESIAN_POINT('',(-1.9,0.325,-5.551115123126E-17));
#14138 = LINE('',#14139,#14140);
#14139 = CARTESIAN_POINT('',(-1.838804142396,0.325,-5.551115123126E-17)
  );
#14140 = VECTOR('',#14141,1.);
#14141 = DIRECTION('',(-1.,1.110223024625E-16,0.));
#14142 = ORIENTED_EDGE('',*,*,#14143,.T.);
#14143 = EDGE_CURVE('',#14136,#14144,#14146,.T.);
#14144 = VERTEX_POINT('',#14145);
#14145 = CARTESIAN_POINT('',(-1.9,0.325,0.2));
#14146 = LINE('',#14147,#14148);
#14147 = CARTESIAN_POINT('',(-1.9,0.325,-5.551115123126E-17));
#14148 = VECTOR('',#14149,1.);
#14149 = DIRECTION('',(0.,0.,1.));
#14150 = ORIENTED_EDGE('',*,*,#14151,.T.);
#14151 = EDGE_CURVE('',#14144,#14152,#14154,.T.);
#14152 = VERTEX_POINT('',#14153);
#14153 = CARTESIAN_POINT('',(-1.838804142396,0.325,0.2));
#14154 = LINE('',#14155,#14156);
#14155 = CARTESIAN_POINT('',(-1.9,0.325,0.2));
#14156 = VECTOR('',#14157,1.);
#14157 = DIRECTION('',(1.,-1.110223024625E-16,0.));
#14158 = ORIENTED_EDGE('',*,*,#14159,.T.);
#14159 = EDGE_CURVE('',#14152,#14160,#14162,.T.);
#14160 = VERTEX_POINT('',#14161);
#14161 = CARTESIAN_POINT('',(-1.720627212034,0.325,0.29916221868));
#14162 = CIRCLE('',#14163,0.12);
#14163 = AXIS2_PLACEMENT_3D('',#14164,#14165,#14166);
#14164 = CARTESIAN_POINT('',(-1.838804142396,0.325,0.32));
#14165 = DIRECTION('',(-1.110223024625E-16,-1.,0.));
#14166 = DIRECTION('',(1.850371707709E-15,-2.054325274013E-31,-1.));
#14167 = ORIENTED_EDGE('',*,*,#14168,.T.);
#14168 = EDGE_CURVE('',#14160,#14169,#14171,.T.);
#14169 = VERTEX_POINT('',#14170);
#14170 = CARTESIAN_POINT('',(-1.690138480964,0.325,0.510567416853));
#14171 = LINE('',#14172,#14173);
#14172 = CARTESIAN_POINT('',(-1.720627212034,0.325,0.29916221868));
#14173 = VECTOR('',#14174,1.);
#14174 = DIRECTION('',(0.142742572604,-1.584760906992E-17,0.989759848633
    ));
#14175 = ORIENTED_EDGE('',*,*,#14176,.T.);
#14176 = EDGE_CURVE('',#14169,#13713,#14177,.T.);
#14177 = CIRCLE('',#14178,0.32);
#14178 = AXIS2_PLACEMENT_3D('',#14179,#14180,#14181);
#14179 = CARTESIAN_POINT('',(-1.375,0.325,0.455));
#14180 = DIRECTION('',(1.110223024625E-16,1.,0.));
#14181 = DIRECTION('',(-0.984807753012,1.093356242223E-16,0.173648177667
    ));
#14182 = PLANE('',#14183);
#14183 = AXIS2_PLACEMENT_3D('',#14184,#14185,#14186);
#14184 = CARTESIAN_POINT('',(-1.610729118287,0.325,0.384660577966));
#14185 = DIRECTION('',(1.110223024625E-16,1.,0.));
#14186 = DIRECTION('',(0.,-0.,1.));
#14187 = ADVANCED_FACE('',(#14188),#14270,.F.);
#14188 = FACE_BOUND('',#14189,.F.);
#14189 = EDGE_LOOP('',(#14190,#14198,#14199,#14200,#14208,#14216,#14224,
    #14232,#14240,#14248,#14256,#14264));
#14190 = ORIENTED_EDGE('',*,*,#14191,.F.);
#14191 = EDGE_CURVE('',#13713,#14192,#14194,.T.);
#14192 = VERTEX_POINT('',#14193);
#14193 = CARTESIAN_POINT('',(-1.35,0.325,0.775));
#14194 = LINE('',#14195,#14196);
#14195 = CARTESIAN_POINT('',(-1.375,0.325,0.775));
#14196 = VECTOR('',#14197,1.);
#14197 = DIRECTION('',(1.,-1.110223024625E-16,0.));
#14198 = ORIENTED_EDGE('',*,*,#13728,.T.);
#14199 = ORIENTED_EDGE('',*,*,#13898,.T.);
#14200 = ORIENTED_EDGE('',*,*,#14201,.T.);
#14201 = EDGE_CURVE('',#13892,#14202,#14204,.T.);
#14202 = VERTEX_POINT('',#14203);
#14203 = CARTESIAN_POINT('',(1.28,0.8,0.775));
#14204 = LINE('',#14205,#14206);
#14205 = CARTESIAN_POINT('',(-1.28,0.8,0.775));
#14206 = VECTOR('',#14207,1.);
#14207 = DIRECTION('',(1.,0.,0.));
#14208 = ORIENTED_EDGE('',*,*,#14209,.T.);
#14209 = EDGE_CURVE('',#14202,#14210,#14212,.T.);
#14210 = VERTEX_POINT('',#14211);
#14211 = CARTESIAN_POINT('',(1.375,0.705,0.775));
#14212 = LINE('',#14213,#14214);
#14213 = CARTESIAN_POINT('',(1.28,0.8,0.775));
#14214 = VECTOR('',#14215,1.);
#14215 = DIRECTION('',(0.707106781187,-0.707106781187,0.));
#14216 = ORIENTED_EDGE('',*,*,#14217,.T.);
#14217 = EDGE_CURVE('',#14210,#14218,#14220,.T.);
#14218 = VERTEX_POINT('',#14219);
#14219 = CARTESIAN_POINT('',(1.375,0.325,0.775));
#14220 = LINE('',#14221,#14222);
#14221 = CARTESIAN_POINT('',(1.375,0.705,0.775));
#14222 = VECTOR('',#14223,1.);
#14223 = DIRECTION('',(0.,-1.,0.));
#14224 = ORIENTED_EDGE('',*,*,#14225,.T.);
#14225 = EDGE_CURVE('',#14218,#14226,#14228,.T.);
#14226 = VERTEX_POINT('',#14227);
#14227 = CARTESIAN_POINT('',(1.35,0.325,0.775));
#14228 = LINE('',#14229,#14230);
#14229 = CARTESIAN_POINT('',(1.375,0.325,0.775));
#14230 = VECTOR('',#14231,1.);
#14231 = DIRECTION('',(-1.,2.22044604925E-16,0.));
#14232 = ORIENTED_EDGE('',*,*,#14233,.F.);
#14233 = EDGE_CURVE('',#14234,#14226,#14236,.T.);
#14234 = VERTEX_POINT('',#14235);
#14235 = CARTESIAN_POINT('',(1.35,0.6925,0.775));
#14236 = LINE('',#14237,#14238);
#14237 = CARTESIAN_POINT('',(1.35,0.6925,0.775));
#14238 = VECTOR('',#14239,1.);
#14239 = DIRECTION('',(0.,-1.,0.));
#14240 = ORIENTED_EDGE('',*,*,#14241,.F.);
#14241 = EDGE_CURVE('',#14242,#14234,#14244,.T.);
#14242 = VERTEX_POINT('',#14243);
#14243 = CARTESIAN_POINT('',(1.2675,0.775,0.775));
#14244 = LINE('',#14245,#14246);
#14245 = CARTESIAN_POINT('',(1.2675,0.775,0.775));
#14246 = VECTOR('',#14247,1.);
#14247 = DIRECTION('',(0.707106781187,-0.707106781187,0.));
#14248 = ORIENTED_EDGE('',*,*,#14249,.F.);
#14249 = EDGE_CURVE('',#14250,#14242,#14252,.T.);
#14250 = VERTEX_POINT('',#14251);
#14251 = CARTESIAN_POINT('',(-1.2675,0.775,0.775));
#14252 = LINE('',#14253,#14254);
#14253 = CARTESIAN_POINT('',(-1.2675,0.775,0.775));
#14254 = VECTOR('',#14255,1.);
#14255 = DIRECTION('',(1.,0.,0.));
#14256 = ORIENTED_EDGE('',*,*,#14257,.F.);
#14257 = EDGE_CURVE('',#14258,#14250,#14260,.T.);
#14258 = VERTEX_POINT('',#14259);
#14259 = CARTESIAN_POINT('',(-1.35,0.6925,0.775));
#14260 = LINE('',#14261,#14262);
#14261 = CARTESIAN_POINT('',(-1.35,0.6925,0.775));
#14262 = VECTOR('',#14263,1.);
#14263 = DIRECTION('',(0.707106781187,0.707106781187,0.));
#14264 = ORIENTED_EDGE('',*,*,#14265,.F.);
#14265 = EDGE_CURVE('',#14192,#14258,#14266,.T.);
#14266 = LINE('',#14267,#14268);
#14267 = CARTESIAN_POINT('',(-1.35,-0.6925,0.775));
#14268 = VECTOR('',#14269,1.);
#14269 = DIRECTION('',(0.,1.,0.));
#14270 = PLANE('',#14271);
#14271 = AXIS2_PLACEMENT_3D('',#14272,#14273,#14274);
#14272 = CARTESIAN_POINT('',(-1.3625,-4.954714324773E-17,0.775));
#14273 = DIRECTION('',(-7.340317518656E-17,9.85275154485E-18,-1.));
#14274 = DIRECTION('',(7.342878714278E-20,1.,9.85275154485E-18));
#14275 = ADVANCED_FACE('',(#14276),#14286,.F.);
#14276 = FACE_BOUND('',#14277,.F.);
#14277 = EDGE_LOOP('',(#14278,#14279,#14280,#14281));
#14278 = ORIENTED_EDGE('',*,*,#13767,.T.);
#14279 = ORIENTED_EDGE('',*,*,#13923,.T.);
#14280 = ORIENTED_EDGE('',*,*,#14010,.F.);
#14281 = ORIENTED_EDGE('',*,*,#14282,.F.);
#14282 = EDGE_CURVE('',#13768,#14003,#14283,.T.);
#14283 = B_SPLINE_CURVE_WITH_KNOTS('',1,(#14284,#14285),.UNSPECIFIED.,
  .F.,.F.,(2,2),(0.,1.),.PIECEWISE_BEZIER_KNOTS.);
#14284 = CARTESIAN_POINT('',(1.28,-0.8,0.575));
#14285 = CARTESIAN_POINT('',(1.28,-0.8,0.775));
#14286 = PLANE('',#14287);
#14287 = AXIS2_PLACEMENT_3D('',#14288,#14289,#14290);
#14288 = CARTESIAN_POINT('',(1.28,-0.8,0.775));
#14289 = DIRECTION('',(0.,1.,0.));
#14290 = DIRECTION('',(-1.,0.,0.));
#14291 = ADVANCED_FACE('',(#14292),#14302,.F.);
#14292 = FACE_BOUND('',#14293,.F.);
#14293 = EDGE_LOOP('',(#14294,#14295,#14300,#14301));
#14294 = ORIENTED_EDGE('',*,*,#13796,.T.);
#14295 = ORIENTED_EDGE('',*,*,#14296,.T.);
#14296 = EDGE_CURVE('',#13790,#14202,#14297,.T.);
#14297 = B_SPLINE_CURVE_WITH_KNOTS('',1,(#14298,#14299),.UNSPECIFIED.,
  .F.,.F.,(2,2),(0.,1.),.PIECEWISE_BEZIER_KNOTS.);
#14298 = CARTESIAN_POINT('',(1.28,0.8,0.575));
#14299 = CARTESIAN_POINT('',(1.28,0.8,0.775));
#14300 = ORIENTED_EDGE('',*,*,#14201,.F.);
#14301 = ORIENTED_EDGE('',*,*,#13891,.F.);
#14302 = PLANE('',#14303);
#14303 = AXIS2_PLACEMENT_3D('',#14304,#14305,#14306);
#14304 = CARTESIAN_POINT('',(-1.28,0.8,0.775));
#14305 = DIRECTION('',(0.,-1.,0.));
#14306 = DIRECTION('',(1.,0.,0.));
#14307 = ADVANCED_FACE('',(#14308),#14318,.F.);
#14308 = FACE_BOUND('',#14309,.F.);
#14309 = EDGE_LOOP('',(#14310,#14311,#14312,#14313));
#14310 = ORIENTED_EDGE('',*,*,#13813,.T.);
#14311 = ORIENTED_EDGE('',*,*,#14282,.T.);
#14312 = ORIENTED_EDGE('',*,*,#14002,.F.);
#14313 = ORIENTED_EDGE('',*,*,#14314,.F.);
#14314 = EDGE_CURVE('',#13814,#13995,#14315,.T.);
#14315 = B_SPLINE_CURVE_WITH_KNOTS('',1,(#14316,#14317),.UNSPECIFIED.,
  .F.,.F.,(2,2),(0.,1.),.PIECEWISE_BEZIER_KNOTS.);
#14316 = CARTESIAN_POINT('',(1.375,-0.705,0.575));
#14317 = CARTESIAN_POINT('',(1.375,-0.705,0.775));
#14318 = PLANE('',#14319);
#14319 = AXIS2_PLACEMENT_3D('',#14320,#14321,#14322);
#14320 = CARTESIAN_POINT('',(1.375,-0.705,0.775));
#14321 = DIRECTION('',(-0.707106781187,0.707106781187,0.));
#14322 = DIRECTION('',(-0.707106781187,-0.707106781187,0.));
#14323 = ADVANCED_FACE('',(#14324),#14334,.F.);
#14324 = FACE_BOUND('',#14325,.F.);
#14325 = EDGE_LOOP('',(#14326,#14327,#14332,#14333));
#14326 = ORIENTED_EDGE('',*,*,#13842,.T.);
#14327 = ORIENTED_EDGE('',*,*,#14328,.T.);
#14328 = EDGE_CURVE('',#13836,#14210,#14329,.T.);
#14329 = B_SPLINE_CURVE_WITH_KNOTS('',1,(#14330,#14331),.UNSPECIFIED.,
  .F.,.F.,(2,2),(0.,1.),.PIECEWISE_BEZIER_KNOTS.);
#14330 = CARTESIAN_POINT('',(1.375,0.705,0.575));
#14331 = CARTESIAN_POINT('',(1.375,0.705,0.775));
#14332 = ORIENTED_EDGE('',*,*,#14209,.F.);
#14333 = ORIENTED_EDGE('',*,*,#14296,.F.);
#14334 = PLANE('',#14335);
#14335 = AXIS2_PLACEMENT_3D('',#14336,#14337,#14338);
#14336 = CARTESIAN_POINT('',(1.28,0.8,0.775));
#14337 = DIRECTION('',(-0.707106781187,-0.707106781187,0.));
#14338 = DIRECTION('',(0.707106781187,-0.707106781187,0.));
#14339 = ADVANCED_FACE('',(#14340),#14351,.F.);
#14340 = FACE_BOUND('',#14341,.F.);
#14341 = EDGE_LOOP('',(#14342,#14343,#14344,#14350));
#14342 = ORIENTED_EDGE('',*,*,#14328,.F.);
#14343 = ORIENTED_EDGE('',*,*,#13875,.T.);
#14344 = ORIENTED_EDGE('',*,*,#14345,.T.);
#14345 = EDGE_CURVE('',#13868,#14218,#14346,.T.);
#14346 = LINE('',#14347,#14348);
#14347 = CARTESIAN_POINT('',(1.375,0.325,0.579830288983));
#14348 = VECTOR('',#14349,1.);
#14349 = DIRECTION('',(0.,0.,1.));
#14350 = ORIENTED_EDGE('',*,*,#14217,.F.);
#14351 = PLANE('',#14352);
#14352 = AXIS2_PLACEMENT_3D('',#14353,#14354,#14355);
#14353 = CARTESIAN_POINT('',(1.375,0.705,0.775));
#14354 = DIRECTION('',(-1.,0.,0.));
#14355 = DIRECTION('',(0.,-1.,0.));
#14356 = ADVANCED_FACE('',(#14357),#14384,.F.);
#14357 = FACE_BOUND('',#14358,.F.);
#14358 = EDGE_LOOP('',(#14359,#14360,#14369,#14377));
#14359 = ORIENTED_EDGE('',*,*,#13867,.T.);
#14360 = ORIENTED_EDGE('',*,*,#14361,.T.);
#14361 = EDGE_CURVE('',#13860,#14362,#14364,.T.);
#14362 = VERTEX_POINT('',#14363);
#14363 = CARTESIAN_POINT('',(1.493176930361,-0.325,0.47583778132));
#14364 = CIRCLE('',#14365,0.12);
#14365 = AXIS2_PLACEMENT_3D('',#14366,#14367,#14368);
#14366 = CARTESIAN_POINT('',(1.375,-0.325,0.455));
#14367 = DIRECTION('',(2.22044604925E-16,1.,0.));
#14368 = DIRECTION('',(-9.251858538543E-16,2.054325274013E-31,1.));
#14369 = ORIENTED_EDGE('',*,*,#14370,.F.);
#14370 = EDGE_CURVE('',#14371,#14362,#14373,.T.);
#14371 = VERTEX_POINT('',#14372);
#14372 = CARTESIAN_POINT('',(1.493176930361,0.325,0.47583778132));
#14373 = LINE('',#14374,#14375);
#14374 = CARTESIAN_POINT('',(1.493176930361,0.325,0.47583778132));
#14375 = VECTOR('',#14376,1.);
#14376 = DIRECTION('',(-2.22044604925E-16,-1.,0.));
#14377 = ORIENTED_EDGE('',*,*,#14378,.F.);
#14378 = EDGE_CURVE('',#13868,#14371,#14379,.T.);
#14379 = CIRCLE('',#14380,0.12);
#14380 = AXIS2_PLACEMENT_3D('',#14381,#14382,#14383);
#14381 = CARTESIAN_POINT('',(1.375,0.325,0.455));
#14382 = DIRECTION('',(2.22044604925E-16,1.,0.));
#14383 = DIRECTION('',(-9.251858538543E-16,2.054325274013E-31,1.));
#14384 = CYLINDRICAL_SURFACE('',#14385,0.12);
#14385 = AXIS2_PLACEMENT_3D('',#14386,#14387,#14388);
#14386 = CARTESIAN_POINT('',(1.375,0.325,0.455));
#14387 = DIRECTION('',(2.22044604925E-16,1.,0.));
#14388 = DIRECTION('',(-9.251858538543E-16,2.054325274013E-31,1.));
#14389 = ADVANCED_FACE('',(#14390),#14401,.F.);
#14390 = FACE_BOUND('',#14391,.F.);
#14391 = EDGE_LOOP('',(#14392,#14398,#14399,#14400));
#14392 = ORIENTED_EDGE('',*,*,#14393,.F.);
#14393 = EDGE_CURVE('',#13860,#13987,#14394,.T.);
#14394 = LINE('',#14395,#14396);
#14395 = CARTESIAN_POINT('',(1.375,-0.325,0.579830288983));
#14396 = VECTOR('',#14397,1.);
#14397 = DIRECTION('',(0.,0.,1.));
#14398 = ORIENTED_EDGE('',*,*,#13859,.T.);
#14399 = ORIENTED_EDGE('',*,*,#14314,.T.);
#14400 = ORIENTED_EDGE('',*,*,#13994,.F.);
#14401 = PLANE('',#14402);
#14402 = AXIS2_PLACEMENT_3D('',#14403,#14404,#14405);
#14403 = CARTESIAN_POINT('',(1.375,0.705,0.775));
#14404 = DIRECTION('',(-1.,0.,0.));
#14405 = DIRECTION('',(0.,-1.,0.));
#14406 = ADVANCED_FACE('',(#14407),#14423,.F.);
#14407 = FACE_BOUND('',#14408,.F.);
#14408 = EDGE_LOOP('',(#14409,#14410,#14416,#14417));
#14409 = ORIENTED_EDGE('',*,*,#14225,.F.);
#14410 = ORIENTED_EDGE('',*,*,#14411,.T.);
#14411 = EDGE_CURVE('',#14218,#13987,#14412,.T.);
#14412 = LINE('',#14413,#14414);
#14413 = CARTESIAN_POINT('',(1.375,0.325,0.775));
#14414 = VECTOR('',#14415,1.);
#14415 = DIRECTION('',(-2.22044604925E-16,-1.,0.));
#14416 = ORIENTED_EDGE('',*,*,#13986,.T.);
#14417 = ORIENTED_EDGE('',*,*,#14418,.F.);
#14418 = EDGE_CURVE('',#14226,#13979,#14419,.T.);
#14419 = LINE('',#14420,#14421);
#14420 = CARTESIAN_POINT('',(1.35,0.6925,0.775));
#14421 = VECTOR('',#14422,1.);
#14422 = DIRECTION('',(0.,-1.,0.));
#14423 = PLANE('',#14424);
#14424 = AXIS2_PLACEMENT_3D('',#14425,#14426,#14427);
#14425 = CARTESIAN_POINT('',(1.375,0.325,0.775));
#14426 = DIRECTION('',(0.,0.,-1.));
#14427 = DIRECTION('',(-1.,2.22044604925E-16,0.));
#14428 = ADVANCED_FACE('',(#14429),#14454,.F.);
#14429 = FACE_BOUND('',#14430,.F.);
#14430 = EDGE_LOOP('',(#14431,#14432,#14433,#14434,#14441,#14449));
#14431 = ORIENTED_EDGE('',*,*,#14233,.T.);
#14432 = ORIENTED_EDGE('',*,*,#14418,.T.);
#14433 = ORIENTED_EDGE('',*,*,#13978,.T.);
#14434 = ORIENTED_EDGE('',*,*,#14435,.T.);
#14435 = EDGE_CURVE('',#13971,#14436,#14438,.T.);
#14436 = VERTEX_POINT('',#14437);
#14437 = CARTESIAN_POINT('',(1.283243103516,-0.659121551758,1.25));
#14438 = B_SPLINE_CURVE_WITH_KNOTS('',1,(#14439,#14440),.UNSPECIFIED.,
  .F.,.F.,(2,2),(0.,1.),.PIECEWISE_BEZIER_KNOTS.);
#14439 = CARTESIAN_POINT('',(1.35,-0.6925,0.775));
#14440 = CARTESIAN_POINT('',(1.283243103516,-0.659121551758,1.25));
#14441 = ORIENTED_EDGE('',*,*,#14442,.F.);
#14442 = EDGE_CURVE('',#14443,#14436,#14445,.T.);
#14443 = VERTEX_POINT('',#14444);
#14444 = CARTESIAN_POINT('',(1.283243103516,0.659121551758,1.25));
#14445 = LINE('',#14446,#14447);
#14446 = CARTESIAN_POINT('',(1.283243103516,0.659121551758,1.25));
#14447 = VECTOR('',#14448,1.);
#14448 = DIRECTION('',(0.,-1.,0.));
#14449 = ORIENTED_EDGE('',*,*,#14450,.F.);
#14450 = EDGE_CURVE('',#14234,#14443,#14451,.T.);
#14451 = B_SPLINE_CURVE_WITH_KNOTS('',1,(#14452,#14453),.UNSPECIFIED.,
  .F.,.F.,(2,2),(0.,1.),.PIECEWISE_BEZIER_KNOTS.);
#14452 = CARTESIAN_POINT('',(1.35,0.6925,0.775));
#14453 = CARTESIAN_POINT('',(1.283243103516,0.659121551758,1.25));
#14454 = B_SPLINE_SURFACE_WITH_KNOTS('',1,1,(
    (#14455,#14456)
    ,(#14457,#14458
    )),.UNSPECIFIED.,.F.,.F.,.F.,(2,2),(2,2),(0.,1.385),(0.,1.),
  .PIECEWISE_BEZIER_KNOTS.);
#14455 = CARTESIAN_POINT('',(1.35,0.6925,0.775));
#14456 = CARTESIAN_POINT('',(1.283243103516,0.659121551758,1.25));
#14457 = CARTESIAN_POINT('',(1.35,-0.6925,0.775));
#14458 = CARTESIAN_POINT('',(1.283243103516,-0.659121551758,1.25));
#14459 = ADVANCED_FACE('',(#14460),#14477,.F.);
#14460 = FACE_BOUND('',#14461,.F.);
#14461 = EDGE_LOOP('',(#14462,#14463,#14470,#14476));
#14462 = ORIENTED_EDGE('',*,*,#13970,.T.);
#14463 = ORIENTED_EDGE('',*,*,#14464,.T.);
#14464 = EDGE_CURVE('',#13963,#14465,#14467,.T.);
#14465 = VERTEX_POINT('',#14466);
#14466 = CARTESIAN_POINT('',(1.234121551758,-0.708243103516,1.25));
#14467 = B_SPLINE_CURVE_WITH_KNOTS('',1,(#14468,#14469),.UNSPECIFIED.,
  .F.,.F.,(2,2),(0.,1.),.PIECEWISE_BEZIER_KNOTS.);
#14468 = CARTESIAN_POINT('',(1.2675,-0.775,0.775));
#14469 = CARTESIAN_POINT('',(1.234121551758,-0.708243103516,1.25));
#14470 = ORIENTED_EDGE('',*,*,#14471,.F.);
#14471 = EDGE_CURVE('',#14436,#14465,#14472,.T.);
#14472 = LINE('',#14473,#14474);
#14473 = CARTESIAN_POINT('',(1.283243103516,-0.659121551758,1.25));
#14474 = VECTOR('',#14475,1.);
#14475 = DIRECTION('',(-0.707106781187,-0.707106781187,0.));
#14476 = ORIENTED_EDGE('',*,*,#14435,.F.);
#14477 = B_SPLINE_SURFACE_WITH_KNOTS('',1,1,(
    (#14478,#14479)
    ,(#14480,#14481
    )),.UNSPECIFIED.,.F.,.F.,.F.,(2,2),(2,2),(0.,0.116672618896),(0.,1.)
  ,.PIECEWISE_BEZIER_KNOTS.);
#14478 = CARTESIAN_POINT('',(1.35,-0.6925,0.775));
#14479 = CARTESIAN_POINT('',(1.283243103516,-0.659121551758,1.25));
#14480 = CARTESIAN_POINT('',(1.2675,-0.775,0.775));
#14481 = CARTESIAN_POINT('',(1.234121551758,-0.708243103516,1.25));
#14482 = ADVANCED_FACE('',(#14483),#14500,.F.);
#14483 = FACE_BOUND('',#14484,.F.);
#14484 = EDGE_LOOP('',(#14485,#14486,#14493,#14499));
#14485 = ORIENTED_EDGE('',*,*,#13962,.T.);
#14486 = ORIENTED_EDGE('',*,*,#14487,.T.);
#14487 = EDGE_CURVE('',#13955,#14488,#14490,.T.);
#14488 = VERTEX_POINT('',#14489);
#14489 = CARTESIAN_POINT('',(-1.234121551758,-0.708243103516,1.25));
#14490 = B_SPLINE_CURVE_WITH_KNOTS('',1,(#14491,#14492),.UNSPECIFIED.,
  .F.,.F.,(2,2),(0.,1.),.PIECEWISE_BEZIER_KNOTS.);
#14491 = CARTESIAN_POINT('',(-1.2675,-0.775,0.775));
#14492 = CARTESIAN_POINT('',(-1.234121551758,-0.708243103516,1.25));
#14493 = ORIENTED_EDGE('',*,*,#14494,.F.);
#14494 = EDGE_CURVE('',#14465,#14488,#14495,.T.);
#14495 = LINE('',#14496,#14497);
#14496 = CARTESIAN_POINT('',(1.234121551758,-0.708243103516,1.25));
#14497 = VECTOR('',#14498,1.);
#14498 = DIRECTION('',(-1.,0.,0.));
#14499 = ORIENTED_EDGE('',*,*,#14464,.F.);
#14500 = B_SPLINE_SURFACE_WITH_KNOTS('',1,1,(
    (#14501,#14502)
    ,(#14503,#14504
    )),.UNSPECIFIED.,.F.,.F.,.F.,(2,2),(2,2),(0.,2.535),(0.,1.),
  .PIECEWISE_BEZIER_KNOTS.);
#14501 = CARTESIAN_POINT('',(1.2675,-0.775,0.775));
#14502 = CARTESIAN_POINT('',(1.234121551758,-0.708243103516,1.25));
#14503 = CARTESIAN_POINT('',(-1.2675,-0.775,0.775));
#14504 = CARTESIAN_POINT('',(-1.234121551758,-0.708243103516,1.25));
#14505 = ADVANCED_FACE('',(#14506),#14523,.F.);
#14506 = FACE_BOUND('',#14507,.F.);
#14507 = EDGE_LOOP('',(#14508,#14509,#14516,#14522));
#14508 = ORIENTED_EDGE('',*,*,#13954,.T.);
#14509 = ORIENTED_EDGE('',*,*,#14510,.T.);
#14510 = EDGE_CURVE('',#13947,#14511,#14513,.T.);
#14511 = VERTEX_POINT('',#14512);
#14512 = CARTESIAN_POINT('',(-1.283243103516,-0.659121551758,1.25));
#14513 = B_SPLINE_CURVE_WITH_KNOTS('',1,(#14514,#14515),.UNSPECIFIED.,
  .F.,.F.,(2,2),(0.,1.),.PIECEWISE_BEZIER_KNOTS.);
#14514 = CARTESIAN_POINT('',(-1.35,-0.6925,0.775));
#14515 = CARTESIAN_POINT('',(-1.283243103516,-0.659121551758,1.25));
#14516 = ORIENTED_EDGE('',*,*,#14517,.F.);
#14517 = EDGE_CURVE('',#14488,#14511,#14518,.T.);
#14518 = LINE('',#14519,#14520);
#14519 = CARTESIAN_POINT('',(-1.234121551758,-0.708243103516,1.25));
#14520 = VECTOR('',#14521,1.);
#14521 = DIRECTION('',(-0.707106781187,0.707106781187,0.));
#14522 = ORIENTED_EDGE('',*,*,#14487,.F.);
#14523 = B_SPLINE_SURFACE_WITH_KNOTS('',1,1,(
    (#14524,#14525)
    ,(#14526,#14527
    )),.UNSPECIFIED.,.F.,.F.,.F.,(2,2),(2,2),(0.,0.116672618896),(0.,1.)
  ,.PIECEWISE_BEZIER_KNOTS.);
#14524 = CARTESIAN_POINT('',(-1.2675,-0.775,0.775));
#14525 = CARTESIAN_POINT('',(-1.234121551758,-0.708243103516,1.25));
#14526 = CARTESIAN_POINT('',(-1.35,-0.6925,0.775));
#14527 = CARTESIAN_POINT('',(-1.283243103516,-0.659121551758,1.25));
#14528 = ADVANCED_FACE('',(#14529),#14553,.F.);
#14529 = FACE_BOUND('',#14530,.F.);
#14530 = EDGE_LOOP('',(#14531,#14532,#14538,#14539,#14546,#14552));
#14531 = ORIENTED_EDGE('',*,*,#13946,.T.);
#14532 = ORIENTED_EDGE('',*,*,#14533,.T.);
#14533 = EDGE_CURVE('',#13939,#14192,#14534,.T.);
#14534 = LINE('',#14535,#14536);
#14535 = CARTESIAN_POINT('',(-1.35,-0.6925,0.775));
#14536 = VECTOR('',#14537,1.);
#14537 = DIRECTION('',(0.,1.,0.));
#14538 = ORIENTED_EDGE('',*,*,#14265,.T.);
#14539 = ORIENTED_EDGE('',*,*,#14540,.T.);
#14540 = EDGE_CURVE('',#14258,#14541,#14543,.T.);
#14541 = VERTEX_POINT('',#14542);
#14542 = CARTESIAN_POINT('',(-1.283243103516,0.659121551758,1.25));
#14543 = B_SPLINE_CURVE_WITH_KNOTS('',1,(#14544,#14545),.UNSPECIFIED.,
  .F.,.F.,(2,2),(0.,1.),.PIECEWISE_BEZIER_KNOTS.);
#14544 = CARTESIAN_POINT('',(-1.35,0.6925,0.775));
#14545 = CARTESIAN_POINT('',(-1.283243103516,0.659121551758,1.25));
#14546 = ORIENTED_EDGE('',*,*,#14547,.F.);
#14547 = EDGE_CURVE('',#14511,#14541,#14548,.T.);
#14548 = LINE('',#14549,#14550);
#14549 = CARTESIAN_POINT('',(-1.283243103516,-0.659121551758,1.25));
#14550 = VECTOR('',#14551,1.);
#14551 = DIRECTION('',(0.,1.,0.));
#14552 = ORIENTED_EDGE('',*,*,#14510,.F.);
#14553 = B_SPLINE_SURFACE_WITH_KNOTS('',1,1,(
    (#14554,#14555)
    ,(#14556,#14557
    )),.UNSPECIFIED.,.F.,.F.,.F.,(2,2),(2,2),(0.,1.385),(0.,1.),
  .PIECEWISE_BEZIER_KNOTS.);
#14554 = CARTESIAN_POINT('',(-1.35,-0.6925,0.775));
#14555 = CARTESIAN_POINT('',(-1.283243103516,-0.659121551758,1.25));
#14556 = CARTESIAN_POINT('',(-1.35,0.6925,0.775));
#14557 = CARTESIAN_POINT('',(-1.283243103516,0.659121551758,1.25));
#14558 = ADVANCED_FACE('',(#14559),#14570,.F.);
#14559 = FACE_BOUND('',#14560,.F.);
#14560 = EDGE_LOOP('',(#14561,#14562,#14568,#14569));
#14561 = ORIENTED_EDGE('',*,*,#13938,.F.);
#14562 = ORIENTED_EDGE('',*,*,#14563,.T.);
#14563 = EDGE_CURVE('',#13658,#13713,#14564,.T.);
#14564 = LINE('',#14565,#14566);
#14565 = CARTESIAN_POINT('',(-1.375,-0.325,0.775));
#14566 = VECTOR('',#14567,1.);
#14567 = DIRECTION('',(1.110223024625E-16,1.,0.));
#14568 = ORIENTED_EDGE('',*,*,#14191,.T.);
#14569 = ORIENTED_EDGE('',*,*,#14533,.F.);
#14570 = PLANE('',#14571);
#14571 = AXIS2_PLACEMENT_3D('',#14572,#14573,#14574);
#14572 = CARTESIAN_POINT('',(-1.375,-0.325,0.775));
#14573 = DIRECTION('',(0.,0.,-1.));
#14574 = DIRECTION('',(1.,-1.110223024625E-16,0.));
#14575 = ADVANCED_FACE('',(#14576),#14587,.T.);
#14576 = FACE_BOUND('',#14577,.T.);
#14577 = EDGE_LOOP('',(#14578,#14579,#14580,#14581));
#14578 = ORIENTED_EDGE('',*,*,#14084,.T.);
#14579 = ORIENTED_EDGE('',*,*,#14563,.T.);
#14580 = ORIENTED_EDGE('',*,*,#14176,.F.);
#14581 = ORIENTED_EDGE('',*,*,#14582,.F.);
#14582 = EDGE_CURVE('',#14077,#14169,#14583,.T.);
#14583 = LINE('',#14584,#14585);
#14584 = CARTESIAN_POINT('',(-1.690138480964,-0.325,0.510567416853));
#14585 = VECTOR('',#14586,1.);
#14586 = DIRECTION('',(1.110223024625E-16,1.,0.));
#14587 = CYLINDRICAL_SURFACE('',#14588,0.32);
#14588 = AXIS2_PLACEMENT_3D('',#14589,#14590,#14591);
#14589 = CARTESIAN_POINT('',(-1.375,-0.325,0.455));
#14590 = DIRECTION('',(-1.110223024625E-16,-1.,-0.));
#14591 = DIRECTION('',(-0.984807753012,1.093356242223E-16,0.173648177667
    ));
#14592 = ADVANCED_FACE('',(#14593),#14604,.F.);
#14593 = FACE_BOUND('',#14594,.F.);
#14594 = EDGE_LOOP('',(#14595,#14601,#14602,#14603));
#14595 = ORIENTED_EDGE('',*,*,#14596,.T.);
#14596 = EDGE_CURVE('',#14068,#14160,#14597,.T.);
#14597 = LINE('',#14598,#14599);
#14598 = CARTESIAN_POINT('',(-1.720627212034,-0.325,0.29916221868));
#14599 = VECTOR('',#14600,1.);
#14600 = DIRECTION('',(1.110223024625E-16,1.,0.));
#14601 = ORIENTED_EDGE('',*,*,#14168,.T.);
#14602 = ORIENTED_EDGE('',*,*,#14582,.F.);
#14603 = ORIENTED_EDGE('',*,*,#14076,.F.);
#14604 = PLANE('',#14605);
#14605 = AXIS2_PLACEMENT_3D('',#14606,#14607,#14608);
#14606 = CARTESIAN_POINT('',(-1.720627212034,-0.325,0.29916221868));
#14607 = DIRECTION('',(0.989759848633,-1.098854172802E-16,
    -0.142742572604));
#14608 = DIRECTION('',(0.142742572604,-1.584760906992E-17,0.989759848633
    ));
#14609 = ADVANCED_FACE('',(#14610),#14621,.F.);
#14610 = FACE_BOUND('',#14611,.F.);
#14611 = EDGE_LOOP('',(#14612,#14618,#14619,#14620));
#14612 = ORIENTED_EDGE('',*,*,#14613,.T.);
#14613 = EDGE_CURVE('',#14060,#14152,#14614,.T.);
#14614 = LINE('',#14615,#14616);
#14615 = CARTESIAN_POINT('',(-1.838804142396,-0.325,0.2));
#14616 = VECTOR('',#14617,1.);
#14617 = DIRECTION('',(1.110223024625E-16,1.,0.));
#14618 = ORIENTED_EDGE('',*,*,#14159,.T.);
#14619 = ORIENTED_EDGE('',*,*,#14596,.F.);
#14620 = ORIENTED_EDGE('',*,*,#14067,.F.);
#14621 = CYLINDRICAL_SURFACE('',#14622,0.12);
#14622 = AXIS2_PLACEMENT_3D('',#14623,#14624,#14625);
#14623 = CARTESIAN_POINT('',(-1.838804142396,-0.325,0.32));
#14624 = DIRECTION('',(-1.110223024625E-16,-1.,0.));
#14625 = DIRECTION('',(1.850371707709E-15,-2.054325274013E-31,-1.));
#14626 = ADVANCED_FACE('',(#14627),#14638,.F.);
#14627 = FACE_BOUND('',#14628,.F.);
#14628 = EDGE_LOOP('',(#14629,#14635,#14636,#14637));
#14629 = ORIENTED_EDGE('',*,*,#14630,.T.);
#14630 = EDGE_CURVE('',#14052,#14144,#14631,.T.);
#14631 = LINE('',#14632,#14633);
#14632 = CARTESIAN_POINT('',(-1.9,-0.325,0.2));
#14633 = VECTOR('',#14634,1.);
#14634 = DIRECTION('',(1.110223024625E-16,1.,0.));
#14635 = ORIENTED_EDGE('',*,*,#14151,.T.);
#14636 = ORIENTED_EDGE('',*,*,#14613,.F.);
#14637 = ORIENTED_EDGE('',*,*,#14059,.F.);
#14638 = PLANE('',#14639);
#14639 = AXIS2_PLACEMENT_3D('',#14640,#14641,#14642);
#14640 = CARTESIAN_POINT('',(-1.9,-0.325,0.2));
#14641 = DIRECTION('',(0.,0.,-1.));
#14642 = DIRECTION('',(1.,-1.110223024625E-16,0.));
#14643 = ADVANCED_FACE('',(#14644),#14655,.F.);
#14644 = FACE_BOUND('',#14645,.F.);
#14645 = EDGE_LOOP('',(#14646,#14652,#14653,#14654));
#14646 = ORIENTED_EDGE('',*,*,#14647,.T.);
#14647 = EDGE_CURVE('',#14044,#14136,#14648,.T.);
#14648 = LINE('',#14649,#14650);
#14649 = CARTESIAN_POINT('',(-1.9,-0.325,-5.551115123126E-17));
#14650 = VECTOR('',#14651,1.);
#14651 = DIRECTION('',(1.110223024625E-16,1.,0.));
#14652 = ORIENTED_EDGE('',*,*,#14143,.T.);
#14653 = ORIENTED_EDGE('',*,*,#14630,.F.);
#14654 = ORIENTED_EDGE('',*,*,#14051,.F.);
#14655 = PLANE('',#14656);
#14656 = AXIS2_PLACEMENT_3D('',#14657,#14658,#14659);
#14657 = CARTESIAN_POINT('',(-1.9,-0.325,-5.551115123126E-17));
#14658 = DIRECTION('',(1.,-1.110223024625E-16,0.));
#14659 = DIRECTION('',(0.,0.,1.));
#14660 = ADVANCED_FACE('',(#14661),#14672,.F.);
#14661 = FACE_BOUND('',#14662,.F.);
#14662 = EDGE_LOOP('',(#14663,#14669,#14670,#14671));
#14663 = ORIENTED_EDGE('',*,*,#14664,.T.);
#14664 = EDGE_CURVE('',#14035,#14127,#14665,.T.);
#14665 = LINE('',#14666,#14667);
#14666 = CARTESIAN_POINT('',(-1.838804142396,-0.325,-5.551115123126E-17)
  );
#14667 = VECTOR('',#14668,1.);
#14668 = DIRECTION('',(1.110223024625E-16,1.,0.));
#14669 = ORIENTED_EDGE('',*,*,#14135,.T.);
#14670 = ORIENTED_EDGE('',*,*,#14647,.F.);
#14671 = ORIENTED_EDGE('',*,*,#14043,.F.);
#14672 = PLANE('',#14673);
#14673 = AXIS2_PLACEMENT_3D('',#14674,#14675,#14676);
#14674 = CARTESIAN_POINT('',(-1.838804142396,-0.325,-5.551115123126E-17)
  );
#14675 = DIRECTION('',(0.,0.,1.));
#14676 = DIRECTION('',(-1.,1.110223024625E-16,0.));
#14677 = ADVANCED_FACE('',(#14678),#14684,.T.);
#14678 = FACE_BOUND('',#14679,.T.);
#14679 = EDGE_LOOP('',(#14680,#14681,#14682,#14683));
#14680 = ORIENTED_EDGE('',*,*,#14034,.T.);
#14681 = ORIENTED_EDGE('',*,*,#14664,.T.);
#14682 = ORIENTED_EDGE('',*,*,#14126,.F.);
#14683 = ORIENTED_EDGE('',*,*,#14108,.F.);
#14684 = CYLINDRICAL_SURFACE('',#14685,0.32);
#14685 = AXIS2_PLACEMENT_3D('',#14686,#14687,#14688);
#14686 = CARTESIAN_POINT('',(-1.838804142396,-0.325,0.32));
#14687 = DIRECTION('',(-1.110223024625E-16,-1.,-0.));
#14688 = DIRECTION('',(0.984807753012,-1.093356242223E-16,
    -0.173648177667));
#14689 = ADVANCED_FACE('',(#14690),#14707,.F.);
#14690 = FACE_BOUND('',#14691,.F.);
#14691 = EDGE_LOOP('',(#14692,#14693,#14700,#14706));
#14692 = ORIENTED_EDGE('',*,*,#14257,.T.);
#14693 = ORIENTED_EDGE('',*,*,#14694,.T.);
#14694 = EDGE_CURVE('',#14250,#14695,#14697,.T.);
#14695 = VERTEX_POINT('',#14696);
#14696 = CARTESIAN_POINT('',(-1.234121551758,0.708243103516,1.25));
#14697 = B_SPLINE_CURVE_WITH_KNOTS('',1,(#14698,#14699),.UNSPECIFIED.,
  .F.,.F.,(2,2),(0.,1.),.PIECEWISE_BEZIER_KNOTS.);
#14698 = CARTESIAN_POINT('',(-1.2675,0.775,0.775));
#14699 = CARTESIAN_POINT('',(-1.234121551758,0.708243103516,1.25));
#14700 = ORIENTED_EDGE('',*,*,#14701,.F.);
#14701 = EDGE_CURVE('',#14541,#14695,#14702,.T.);
#14702 = LINE('',#14703,#14704);
#14703 = CARTESIAN_POINT('',(-1.283243103516,0.659121551758,1.25));
#14704 = VECTOR('',#14705,1.);
#14705 = DIRECTION('',(0.707106781187,0.707106781187,0.));
#14706 = ORIENTED_EDGE('',*,*,#14540,.F.);
#14707 = B_SPLINE_SURFACE_WITH_KNOTS('',1,1,(
    (#14708,#14709)
    ,(#14710,#14711
    )),.UNSPECIFIED.,.F.,.F.,.F.,(2,2),(2,2),(0.,0.116672618896),(0.,1.)
  ,.PIECEWISE_BEZIER_KNOTS.);
#14708 = CARTESIAN_POINT('',(-1.35,0.6925,0.775));
#14709 = CARTESIAN_POINT('',(-1.283243103516,0.659121551758,1.25));
#14710 = CARTESIAN_POINT('',(-1.2675,0.775,0.775));
#14711 = CARTESIAN_POINT('',(-1.234121551758,0.708243103516,1.25));
#14712 = ADVANCED_FACE('',(#14713),#14730,.F.);
#14713 = FACE_BOUND('',#14714,.F.);
#14714 = EDGE_LOOP('',(#14715,#14716,#14723,#14729));
#14715 = ORIENTED_EDGE('',*,*,#14249,.T.);
#14716 = ORIENTED_EDGE('',*,*,#14717,.T.);
#14717 = EDGE_CURVE('',#14242,#14718,#14720,.T.);
#14718 = VERTEX_POINT('',#14719);
#14719 = CARTESIAN_POINT('',(1.234121551758,0.708243103516,1.25));
#14720 = B_SPLINE_CURVE_WITH_KNOTS('',1,(#14721,#14722),.UNSPECIFIED.,
  .F.,.F.,(2,2),(0.,1.),.PIECEWISE_BEZIER_KNOTS.);
#14721 = CARTESIAN_POINT('',(1.2675,0.775,0.775));
#14722 = CARTESIAN_POINT('',(1.234121551758,0.708243103516,1.25));
#14723 = ORIENTED_EDGE('',*,*,#14724,.F.);
#14724 = EDGE_CURVE('',#14695,#14718,#14725,.T.);
#14725 = LINE('',#14726,#14727);
#14726 = CARTESIAN_POINT('',(-1.234121551758,0.708243103516,1.25));
#14727 = VECTOR('',#14728,1.);
#14728 = DIRECTION('',(1.,0.,0.));
#14729 = ORIENTED_EDGE('',*,*,#14694,.F.);
#14730 = B_SPLINE_SURFACE_WITH_KNOTS('',1,1,(
    (#14731,#14732)
    ,(#14733,#14734
    )),.UNSPECIFIED.,.F.,.F.,.F.,(2,2),(2,2),(0.,2.535),(0.,1.),
  .PIECEWISE_BEZIER_KNOTS.);
#14731 = CARTESIAN_POINT('',(-1.2675,0.775,0.775));
#14732 = CARTESIAN_POINT('',(-1.234121551758,0.708243103516,1.25));
#14733 = CARTESIAN_POINT('',(1.2675,0.775,0.775));
#14734 = CARTESIAN_POINT('',(1.234121551758,0.708243103516,1.25));
#14735 = ADVANCED_FACE('',(#14736),#14747,.F.);
#14736 = FACE_BOUND('',#14737,.F.);
#14737 = EDGE_LOOP('',(#14738,#14739,#14740,#14746));
#14738 = ORIENTED_EDGE('',*,*,#14241,.T.);
#14739 = ORIENTED_EDGE('',*,*,#14450,.T.);
#14740 = ORIENTED_EDGE('',*,*,#14741,.F.);
#14741 = EDGE_CURVE('',#14718,#14443,#14742,.T.);
#14742 = LINE('',#14743,#14744);
#14743 = CARTESIAN_POINT('',(1.234121551758,0.708243103516,1.25));
#14744 = VECTOR('',#14745,1.);
#14745 = DIRECTION('',(0.707106781187,-0.707106781187,0.));
#14746 = ORIENTED_EDGE('',*,*,#14717,.F.);
#14747 = B_SPLINE_SURFACE_WITH_KNOTS('',1,1,(
    (#14748,#14749)
    ,(#14750,#14751
    )),.UNSPECIFIED.,.F.,.F.,.F.,(2,2),(2,2),(0.,0.116672618896),(0.,1.)
  ,.PIECEWISE_BEZIER_KNOTS.);
#14748 = CARTESIAN_POINT('',(1.2675,0.775,0.775));
#14749 = CARTESIAN_POINT('',(1.234121551758,0.708243103516,1.25));
#14750 = CARTESIAN_POINT('',(1.35,0.6925,0.775));
#14751 = CARTESIAN_POINT('',(1.283243103516,0.659121551758,1.25));
#14752 = ADVANCED_FACE('',(#14753),#14822,.F.);
#14753 = FACE_BOUND('',#14754,.F.);
#14754 = EDGE_LOOP('',(#14755,#14756,#14757,#14765,#14774,#14782,#14790,
    #14798,#14807,#14815));
#14755 = ORIENTED_EDGE('',*,*,#14345,.F.);
#14756 = ORIENTED_EDGE('',*,*,#14378,.T.);
#14757 = ORIENTED_EDGE('',*,*,#14758,.T.);
#14758 = EDGE_CURVE('',#14371,#14759,#14761,.T.);
#14759 = VERTEX_POINT('',#14760);
#14760 = CARTESIAN_POINT('',(1.523665661432,0.325,0.264432583147));
#14761 = LINE('',#14762,#14763);
#14762 = CARTESIAN_POINT('',(1.493176930361,0.325,0.47583778132));
#14763 = VECTOR('',#14764,1.);
#14764 = DIRECTION('',(0.142742572604,-3.169521813984E-17,
    -0.989759848633));
#14765 = ORIENTED_EDGE('',*,*,#14766,.T.);
#14766 = EDGE_CURVE('',#14759,#14767,#14769,.T.);
#14767 = VERTEX_POINT('',#14768);
#14768 = CARTESIAN_POINT('',(1.838804142396,0.325,-5.551115123126E-17));
#14769 = CIRCLE('',#14770,0.32);
#14770 = AXIS2_PLACEMENT_3D('',#14771,#14772,#14773);
#14771 = CARTESIAN_POINT('',(1.838804142396,0.325,0.32));
#14772 = DIRECTION('',(-2.22044604925E-16,-1.,0.));
#14773 = DIRECTION('',(-0.984807753012,2.186712484447E-16,
    -0.173648177667));
#14774 = ORIENTED_EDGE('',*,*,#14775,.T.);
#14775 = EDGE_CURVE('',#14767,#14776,#14778,.T.);
#14776 = VERTEX_POINT('',#14777);
#14777 = CARTESIAN_POINT('',(1.9,0.325,-5.551115123126E-17));
#14778 = LINE('',#14779,#14780);
#14779 = CARTESIAN_POINT('',(1.838804142396,0.325,-5.551115123126E-17));
#14780 = VECTOR('',#14781,1.);
#14781 = DIRECTION('',(1.,-2.22044604925E-16,0.));
#14782 = ORIENTED_EDGE('',*,*,#14783,.T.);
#14783 = EDGE_CURVE('',#14776,#14784,#14786,.T.);
#14784 = VERTEX_POINT('',#14785);
#14785 = CARTESIAN_POINT('',(1.9,0.325,0.2));
#14786 = LINE('',#14787,#14788);
#14787 = CARTESIAN_POINT('',(1.9,0.325,-5.551115123126E-17));
#14788 = VECTOR('',#14789,1.);
#14789 = DIRECTION('',(0.,0.,1.));
#14790 = ORIENTED_EDGE('',*,*,#14791,.T.);
#14791 = EDGE_CURVE('',#14784,#14792,#14794,.T.);
#14792 = VERTEX_POINT('',#14793);
#14793 = CARTESIAN_POINT('',(1.838804142396,0.325,0.2));
#14794 = LINE('',#14795,#14796);
#14795 = CARTESIAN_POINT('',(1.9,0.325,0.2));
#14796 = VECTOR('',#14797,1.);
#14797 = DIRECTION('',(-1.,2.22044604925E-16,0.));
#14798 = ORIENTED_EDGE('',*,*,#14799,.T.);
#14799 = EDGE_CURVE('',#14792,#14800,#14802,.T.);
#14800 = VERTEX_POINT('',#14801);
#14801 = CARTESIAN_POINT('',(1.720627212034,0.325,0.29916221868));
#14802 = CIRCLE('',#14803,0.12);
#14803 = AXIS2_PLACEMENT_3D('',#14804,#14805,#14806);
#14804 = CARTESIAN_POINT('',(1.838804142396,0.325,0.32));
#14805 = DIRECTION('',(2.22044604925E-16,1.,0.));
#14806 = DIRECTION('',(-1.850371707709E-15,4.108650548026E-31,-1.));
#14807 = ORIENTED_EDGE('',*,*,#14808,.T.);
#14808 = EDGE_CURVE('',#14800,#14809,#14811,.T.);
#14809 = VERTEX_POINT('',#14810);
#14810 = CARTESIAN_POINT('',(1.690138480964,0.325,0.510567416853));
#14811 = LINE('',#14812,#14813);
#14812 = CARTESIAN_POINT('',(1.720627212034,0.325,0.29916221868));
#14813 = VECTOR('',#14814,1.);
#14814 = DIRECTION('',(-0.142742572604,3.169521813984E-17,0.989759848633
    ));
#14815 = ORIENTED_EDGE('',*,*,#14816,.T.);
#14816 = EDGE_CURVE('',#14809,#14218,#14817,.T.);
#14817 = CIRCLE('',#14818,0.32);
#14818 = AXIS2_PLACEMENT_3D('',#14819,#14820,#14821);
#14819 = CARTESIAN_POINT('',(1.375,0.325,0.455));
#14820 = DIRECTION('',(-2.22044604925E-16,-1.,0.));
#14821 = DIRECTION('',(0.984807753012,-2.186712484447E-16,0.173648177667
    ));
#14822 = PLANE('',#14823);
#14823 = AXIS2_PLACEMENT_3D('',#14824,#14825,#14826);
#14824 = CARTESIAN_POINT('',(1.610729118287,0.325,0.384660577966));
#14825 = DIRECTION('',(-2.22044604925E-16,-1.,0.));
#14826 = DIRECTION('',(0.,0.,1.));
#14827 = ADVANCED_FACE('',(#14828),#14846,.F.);
#14828 = FACE_BOUND('',#14829,.F.);
#14829 = EDGE_LOOP('',(#14830,#14831,#14839,#14845));
#14830 = ORIENTED_EDGE('',*,*,#14370,.T.);
#14831 = ORIENTED_EDGE('',*,*,#14832,.T.);
#14832 = EDGE_CURVE('',#14362,#14833,#14835,.T.);
#14833 = VERTEX_POINT('',#14834);
#14834 = CARTESIAN_POINT('',(1.523665661432,-0.325,0.264432583147));
#14835 = LINE('',#14836,#14837);
#14836 = CARTESIAN_POINT('',(1.493176930361,-0.325,0.47583778132));
#14837 = VECTOR('',#14838,1.);
#14838 = DIRECTION('',(0.142742572604,-3.169521813984E-17,
    -0.989759848633));
#14839 = ORIENTED_EDGE('',*,*,#14840,.F.);
#14840 = EDGE_CURVE('',#14759,#14833,#14841,.T.);
#14841 = LINE('',#14842,#14843);
#14842 = CARTESIAN_POINT('',(1.523665661432,0.325,0.264432583147));
#14843 = VECTOR('',#14844,1.);
#14844 = DIRECTION('',(-2.22044604925E-16,-1.,0.));
#14845 = ORIENTED_EDGE('',*,*,#14758,.F.);
#14846 = PLANE('',#14847);
#14847 = AXIS2_PLACEMENT_3D('',#14848,#14849,#14850);
#14848 = CARTESIAN_POINT('',(1.493176930361,0.325,0.47583778132));
#14849 = DIRECTION('',(0.989759848633,-2.197708345604E-16,0.142742572604
    ));
#14850 = DIRECTION('',(0.142742572604,-3.169521813984E-17,
    -0.989759848633));
#14851 = ADVANCED_FACE('',(#14852),#14914,.T.);
#14852 = FACE_BOUND('',#14853,.T.);
#14853 = EDGE_LOOP('',(#14854,#14855,#14856,#14857,#14866,#14874,#14882,
    #14890,#14899,#14907));
#14854 = ORIENTED_EDGE('',*,*,#14393,.F.);
#14855 = ORIENTED_EDGE('',*,*,#14361,.T.);
#14856 = ORIENTED_EDGE('',*,*,#14832,.T.);
#14857 = ORIENTED_EDGE('',*,*,#14858,.T.);
#14858 = EDGE_CURVE('',#14833,#14859,#14861,.T.);
#14859 = VERTEX_POINT('',#14860);
#14860 = CARTESIAN_POINT('',(1.838804142396,-0.325,-5.551115123126E-17)
  );
#14861 = CIRCLE('',#14862,0.32);
#14862 = AXIS2_PLACEMENT_3D('',#14863,#14864,#14865);
#14863 = CARTESIAN_POINT('',(1.838804142396,-0.325,0.32));
#14864 = DIRECTION('',(-2.22044604925E-16,-1.,0.));
#14865 = DIRECTION('',(-0.984807753012,2.186712484447E-16,
    -0.173648177667));
#14866 = ORIENTED_EDGE('',*,*,#14867,.T.);
#14867 = EDGE_CURVE('',#14859,#14868,#14870,.T.);
#14868 = VERTEX_POINT('',#14869);
#14869 = CARTESIAN_POINT('',(1.9,-0.325,-5.551115123126E-17));
#14870 = LINE('',#14871,#14872);
#14871 = CARTESIAN_POINT('',(1.838804142396,-0.325,-5.551115123126E-17)
  );
#14872 = VECTOR('',#14873,1.);
#14873 = DIRECTION('',(1.,-2.22044604925E-16,0.));
#14874 = ORIENTED_EDGE('',*,*,#14875,.T.);
#14875 = EDGE_CURVE('',#14868,#14876,#14878,.T.);
#14876 = VERTEX_POINT('',#14877);
#14877 = CARTESIAN_POINT('',(1.9,-0.325,0.2));
#14878 = LINE('',#14879,#14880);
#14879 = CARTESIAN_POINT('',(1.9,-0.325,-5.551115123126E-17));
#14880 = VECTOR('',#14881,1.);
#14881 = DIRECTION('',(0.,0.,1.));
#14882 = ORIENTED_EDGE('',*,*,#14883,.T.);
#14883 = EDGE_CURVE('',#14876,#14884,#14886,.T.);
#14884 = VERTEX_POINT('',#14885);
#14885 = CARTESIAN_POINT('',(1.838804142396,-0.325,0.2));
#14886 = LINE('',#14887,#14888);
#14887 = CARTESIAN_POINT('',(1.9,-0.325,0.2));
#14888 = VECTOR('',#14889,1.);
#14889 = DIRECTION('',(-1.,2.22044604925E-16,0.));
#14890 = ORIENTED_EDGE('',*,*,#14891,.T.);
#14891 = EDGE_CURVE('',#14884,#14892,#14894,.T.);
#14892 = VERTEX_POINT('',#14893);
#14893 = CARTESIAN_POINT('',(1.720627212034,-0.325,0.29916221868));
#14894 = CIRCLE('',#14895,0.12);
#14895 = AXIS2_PLACEMENT_3D('',#14896,#14897,#14898);
#14896 = CARTESIAN_POINT('',(1.838804142396,-0.325,0.32));
#14897 = DIRECTION('',(2.22044604925E-16,1.,0.));
#14898 = DIRECTION('',(-1.850371707709E-15,4.108650548026E-31,-1.));
#14899 = ORIENTED_EDGE('',*,*,#14900,.T.);
#14900 = EDGE_CURVE('',#14892,#14901,#14903,.T.);
#14901 = VERTEX_POINT('',#14902);
#14902 = CARTESIAN_POINT('',(1.690138480964,-0.325,0.510567416853));
#14903 = LINE('',#14904,#14905);
#14904 = CARTESIAN_POINT('',(1.720627212034,-0.325,0.29916221868));
#14905 = VECTOR('',#14906,1.);
#14906 = DIRECTION('',(-0.142742572604,3.169521813984E-17,0.989759848633
    ));
#14907 = ORIENTED_EDGE('',*,*,#14908,.T.);
#14908 = EDGE_CURVE('',#14901,#13987,#14909,.T.);
#14909 = CIRCLE('',#14910,0.32);
#14910 = AXIS2_PLACEMENT_3D('',#14911,#14912,#14913);
#14911 = CARTESIAN_POINT('',(1.375,-0.325,0.455));
#14912 = DIRECTION('',(-2.22044604925E-16,-1.,0.));
#14913 = DIRECTION('',(0.984807753012,-2.186712484447E-16,0.173648177667
    ));
#14914 = PLANE('',#14915);
#14915 = AXIS2_PLACEMENT_3D('',#14916,#14917,#14918);
#14916 = CARTESIAN_POINT('',(1.610729118287,-0.325,0.384660577966));
#14917 = DIRECTION('',(-2.22044604925E-16,-1.,0.));
#14918 = DIRECTION('',(0.,0.,1.));
#14919 = ADVANCED_FACE('',(#14920),#14931,.T.);
#14920 = FACE_BOUND('',#14921,.T.);
#14921 = EDGE_LOOP('',(#14922,#14923,#14924,#14925));
#14922 = ORIENTED_EDGE('',*,*,#14816,.T.);
#14923 = ORIENTED_EDGE('',*,*,#14411,.T.);
#14924 = ORIENTED_EDGE('',*,*,#14908,.F.);
#14925 = ORIENTED_EDGE('',*,*,#14926,.F.);
#14926 = EDGE_CURVE('',#14809,#14901,#14927,.T.);
#14927 = LINE('',#14928,#14929);
#14928 = CARTESIAN_POINT('',(1.690138480964,0.325,0.510567416853));
#14929 = VECTOR('',#14930,1.);
#14930 = DIRECTION('',(-2.22044604925E-16,-1.,0.));
#14931 = CYLINDRICAL_SURFACE('',#14932,0.32);
#14932 = AXIS2_PLACEMENT_3D('',#14933,#14934,#14935);
#14933 = CARTESIAN_POINT('',(1.375,0.325,0.455));
#14934 = DIRECTION('',(2.22044604925E-16,1.,0.));
#14935 = DIRECTION('',(0.984807753012,-2.186712484447E-16,0.173648177667
    ));
#14936 = ADVANCED_FACE('',(#14937,#14947),#14981,.T.);
#14937 = FACE_BOUND('',#14938,.T.);
#14938 = EDGE_LOOP('',(#14939,#14940,#14941,#14942,#14943,#14944,#14945,
    #14946));
#14939 = ORIENTED_EDGE('',*,*,#14547,.F.);
#14940 = ORIENTED_EDGE('',*,*,#14517,.F.);
#14941 = ORIENTED_EDGE('',*,*,#14494,.F.);
#14942 = ORIENTED_EDGE('',*,*,#14471,.F.);
#14943 = ORIENTED_EDGE('',*,*,#14442,.F.);
#14944 = ORIENTED_EDGE('',*,*,#14741,.F.);
#14945 = ORIENTED_EDGE('',*,*,#14724,.F.);
#14946 = ORIENTED_EDGE('',*,*,#14701,.F.);
#14947 = FACE_BOUND('',#14948,.T.);
#14948 = EDGE_LOOP('',(#14949,#14959,#14967,#14975));
#14949 = ORIENTED_EDGE('',*,*,#14950,.T.);
#14950 = EDGE_CURVE('',#14951,#14953,#14955,.T.);
#14951 = VERTEX_POINT('',#14952);
#14952 = CARTESIAN_POINT('',(-0.683243103516,-0.608243103516,1.25));
#14953 = VERTEX_POINT('',#14954);
#14954 = CARTESIAN_POINT('',(-1.183243103516,-0.608243103516,1.25));
#14955 = LINE('',#14956,#14957);
#14956 = CARTESIAN_POINT('',(-1.233243103516,-0.608243103516,1.25));
#14957 = VECTOR('',#14958,1.);
#14958 = DIRECTION('',(-1.,0.,0.));
#14959 = ORIENTED_EDGE('',*,*,#14960,.T.);
#14960 = EDGE_CURVE('',#14953,#14961,#14963,.T.);
#14961 = VERTEX_POINT('',#14962);
#14962 = CARTESIAN_POINT('',(-1.183243103516,0.608243103516,1.25));
#14963 = LINE('',#14964,#14965);
#14964 = CARTESIAN_POINT('',(-1.183243103516,-0.633682327637,1.25));
#14965 = VECTOR('',#14966,1.);
#14966 = DIRECTION('',(0.,1.,0.));
#14967 = ORIENTED_EDGE('',*,*,#14968,.F.);
#14968 = EDGE_CURVE('',#14969,#14961,#14971,.T.);
#14969 = VERTEX_POINT('',#14970);
#14970 = CARTESIAN_POINT('',(-0.683243103516,0.608243103516,1.25));
#14971 = LINE('',#14972,#14973);
#14972 = CARTESIAN_POINT('',(-1.233243103516,0.608243103516,1.25));
#14973 = VECTOR('',#14974,1.);
#14974 = DIRECTION('',(-1.,0.,0.));
#14975 = ORIENTED_EDGE('',*,*,#14976,.F.);
#14976 = EDGE_CURVE('',#14951,#14969,#14977,.T.);
#14977 = LINE('',#14978,#14979);
#14978 = CARTESIAN_POINT('',(-0.683243103516,-0.633682327637,1.25));
#14979 = VECTOR('',#14980,1.);
#14980 = DIRECTION('',(0.,1.,0.));
#14981 = PLANE('',#14982);
#14982 = AXIS2_PLACEMENT_3D('',#14983,#14984,#14985);
#14983 = CARTESIAN_POINT('',(-1.283243103516,-0.659121551758,1.25));
#14984 = DIRECTION('',(0.,0.,1.));
#14985 = DIRECTION('',(0.889522261294,0.456891832562,-0.));
#14986 = ADVANCED_FACE('',(#14987),#14998,.F.);
#14987 = FACE_BOUND('',#14988,.F.);
#14988 = EDGE_LOOP('',(#14989,#14995,#14996,#14997));
#14989 = ORIENTED_EDGE('',*,*,#14990,.T.);
#14990 = EDGE_CURVE('',#14800,#14892,#14991,.T.);
#14991 = LINE('',#14992,#14993);
#14992 = CARTESIAN_POINT('',(1.720627212034,0.325,0.29916221868));
#14993 = VECTOR('',#14994,1.);
#14994 = DIRECTION('',(-2.22044604925E-16,-1.,0.));
#14995 = ORIENTED_EDGE('',*,*,#14900,.T.);
#14996 = ORIENTED_EDGE('',*,*,#14926,.F.);
#14997 = ORIENTED_EDGE('',*,*,#14808,.F.);
#14998 = PLANE('',#14999);
#14999 = AXIS2_PLACEMENT_3D('',#15000,#15001,#15002);
#15000 = CARTESIAN_POINT('',(1.720627212034,0.325,0.29916221868));
#15001 = DIRECTION('',(-0.989759848633,2.197708345604E-16,
    -0.142742572604));
#15002 = DIRECTION('',(-0.142742572604,3.169521813984E-17,0.989759848633
    ));
#15003 = ADVANCED_FACE('',(#15004),#15015,.F.);
#15004 = FACE_BOUND('',#15005,.F.);
#15005 = EDGE_LOOP('',(#15006,#15012,#15013,#15014));
#15006 = ORIENTED_EDGE('',*,*,#15007,.T.);
#15007 = EDGE_CURVE('',#14792,#14884,#15008,.T.);
#15008 = LINE('',#15009,#15010);
#15009 = CARTESIAN_POINT('',(1.838804142396,0.325,0.2));
#15010 = VECTOR('',#15011,1.);
#15011 = DIRECTION('',(-2.22044604925E-16,-1.,0.));
#15012 = ORIENTED_EDGE('',*,*,#14891,.T.);
#15013 = ORIENTED_EDGE('',*,*,#14990,.F.);
#15014 = ORIENTED_EDGE('',*,*,#14799,.F.);
#15015 = CYLINDRICAL_SURFACE('',#15016,0.12);
#15016 = AXIS2_PLACEMENT_3D('',#15017,#15018,#15019);
#15017 = CARTESIAN_POINT('',(1.838804142396,0.325,0.32));
#15018 = DIRECTION('',(2.22044604925E-16,1.,0.));
#15019 = DIRECTION('',(-1.850371707709E-15,4.108650548026E-31,-1.));
#15020 = ADVANCED_FACE('',(#15021),#15032,.F.);
#15021 = FACE_BOUND('',#15022,.F.);
#15022 = EDGE_LOOP('',(#15023,#15029,#15030,#15031));
#15023 = ORIENTED_EDGE('',*,*,#15024,.T.);
#15024 = EDGE_CURVE('',#14784,#14876,#15025,.T.);
#15025 = LINE('',#15026,#15027);
#15026 = CARTESIAN_POINT('',(1.9,0.325,0.2));
#15027 = VECTOR('',#15028,1.);
#15028 = DIRECTION('',(-2.22044604925E-16,-1.,0.));
#15029 = ORIENTED_EDGE('',*,*,#14883,.T.);
#15030 = ORIENTED_EDGE('',*,*,#15007,.F.);
#15031 = ORIENTED_EDGE('',*,*,#14791,.F.);
#15032 = PLANE('',#15033);
#15033 = AXIS2_PLACEMENT_3D('',#15034,#15035,#15036);
#15034 = CARTESIAN_POINT('',(1.9,0.325,0.2));
#15035 = DIRECTION('',(0.,0.,-1.));
#15036 = DIRECTION('',(-1.,2.22044604925E-16,0.));
#15037 = ADVANCED_FACE('',(#15038),#15049,.F.);
#15038 = FACE_BOUND('',#15039,.F.);
#15039 = EDGE_LOOP('',(#15040,#15046,#15047,#15048));
#15040 = ORIENTED_EDGE('',*,*,#15041,.T.);
#15041 = EDGE_CURVE('',#14776,#14868,#15042,.T.);
#15042 = LINE('',#15043,#15044);
#15043 = CARTESIAN_POINT('',(1.9,0.325,-5.551115123126E-17));
#15044 = VECTOR('',#15045,1.);
#15045 = DIRECTION('',(-2.22044604925E-16,-1.,0.));
#15046 = ORIENTED_EDGE('',*,*,#14875,.T.);
#15047 = ORIENTED_EDGE('',*,*,#15024,.F.);
#15048 = ORIENTED_EDGE('',*,*,#14783,.F.);
#15049 = PLANE('',#15050);
#15050 = AXIS2_PLACEMENT_3D('',#15051,#15052,#15053);
#15051 = CARTESIAN_POINT('',(1.9,0.325,-5.551115123126E-17));
#15052 = DIRECTION('',(-1.,2.22044604925E-16,0.));
#15053 = DIRECTION('',(0.,0.,1.));
#15054 = ADVANCED_FACE('',(#15055),#15066,.F.);
#15055 = FACE_BOUND('',#15056,.F.);
#15056 = EDGE_LOOP('',(#15057,#15063,#15064,#15065));
#15057 = ORIENTED_EDGE('',*,*,#15058,.T.);
#15058 = EDGE_CURVE('',#14767,#14859,#15059,.T.);
#15059 = LINE('',#15060,#15061);
#15060 = CARTESIAN_POINT('',(1.838804142396,0.325,-5.551115123126E-17));
#15061 = VECTOR('',#15062,1.);
#15062 = DIRECTION('',(-2.22044604925E-16,-1.,0.));
#15063 = ORIENTED_EDGE('',*,*,#14867,.T.);
#15064 = ORIENTED_EDGE('',*,*,#15041,.F.);
#15065 = ORIENTED_EDGE('',*,*,#14775,.F.);
#15066 = PLANE('',#15067);
#15067 = AXIS2_PLACEMENT_3D('',#15068,#15069,#15070);
#15068 = CARTESIAN_POINT('',(1.838804142396,0.325,-5.551115123126E-17));
#15069 = DIRECTION('',(0.,0.,1.));
#15070 = DIRECTION('',(1.,-2.22044604925E-16,0.));
#15071 = ADVANCED_FACE('',(#15072),#15078,.T.);
#15072 = FACE_BOUND('',#15073,.T.);
#15073 = EDGE_LOOP('',(#15074,#15075,#15076,#15077));
#15074 = ORIENTED_EDGE('',*,*,#14766,.T.);
#15075 = ORIENTED_EDGE('',*,*,#15058,.T.);
#15076 = ORIENTED_EDGE('',*,*,#14858,.F.);
#15077 = ORIENTED_EDGE('',*,*,#14840,.F.);
#15078 = CYLINDRICAL_SURFACE('',#15079,0.32);
#15079 = AXIS2_PLACEMENT_3D('',#15080,#15081,#15082);
#15080 = CARTESIAN_POINT('',(1.838804142396,0.325,0.32));
#15081 = DIRECTION('',(2.22044604925E-16,1.,0.));
#15082 = DIRECTION('',(-0.984807753012,2.186712484447E-16,
    -0.173648177667));
#15083 = ADVANCED_FACE('',(#15084),#15109,.F.);
#15084 = FACE_BOUND('',#15085,.F.);
#15085 = EDGE_LOOP('',(#15086,#15087,#15095,#15103));
#15086 = ORIENTED_EDGE('',*,*,#14950,.T.);
#15087 = ORIENTED_EDGE('',*,*,#15088,.T.);
#15088 = EDGE_CURVE('',#14953,#15089,#15091,.T.);
#15089 = VERTEX_POINT('',#15090);
#15090 = CARTESIAN_POINT('',(-1.183243103516,-0.608243103516,1.26));
#15091 = LINE('',#15092,#15093);
#15092 = CARTESIAN_POINT('',(-1.183243103516,-0.608243103516,1.24));
#15093 = VECTOR('',#15094,1.);
#15094 = DIRECTION('',(0.,0.,1.));
#15095 = ORIENTED_EDGE('',*,*,#15096,.T.);
#15096 = EDGE_CURVE('',#15089,#15097,#15099,.T.);
#15097 = VERTEX_POINT('',#15098);
#15098 = CARTESIAN_POINT('',(-0.683243103516,-0.608243103516,1.26));
#15099 = LINE('',#15100,#15101);
#15100 = CARTESIAN_POINT('',(-1.183243103516,-0.608243103516,1.26));
#15101 = VECTOR('',#15102,1.);
#15102 = DIRECTION('',(1.,0.,0.));
#15103 = ORIENTED_EDGE('',*,*,#15104,.F.);
#15104 = EDGE_CURVE('',#14951,#15097,#15105,.T.);
#15105 = LINE('',#15106,#15107);
#15106 = CARTESIAN_POINT('',(-0.683243103516,-0.608243103516,1.24));
#15107 = VECTOR('',#15108,1.);
#15108 = DIRECTION('',(0.,0.,1.));
#15109 = PLANE('',#15110);
#15110 = AXIS2_PLACEMENT_3D('',#15111,#15112,#15113);
#15111 = CARTESIAN_POINT('',(-1.183243103516,-0.608243103516,1.24));
#15112 = DIRECTION('',(0.,1.,0.));
#15113 = DIRECTION('',(0.,-0.,1.));
#15114 = ADVANCED_FACE('',(#15115),#15133,.T.);
#15115 = FACE_BOUND('',#15116,.T.);
#15116 = EDGE_LOOP('',(#15117,#15118,#15119,#15127));
#15117 = ORIENTED_EDGE('',*,*,#15104,.F.);
#15118 = ORIENTED_EDGE('',*,*,#14976,.T.);
#15119 = ORIENTED_EDGE('',*,*,#15120,.T.);
#15120 = EDGE_CURVE('',#14969,#15121,#15123,.T.);
#15121 = VERTEX_POINT('',#15122);
#15122 = CARTESIAN_POINT('',(-0.683243103516,0.608243103516,1.26));
#15123 = LINE('',#15124,#15125);
#15124 = CARTESIAN_POINT('',(-0.683243103516,0.608243103516,1.24));
#15125 = VECTOR('',#15126,1.);
#15126 = DIRECTION('',(0.,0.,1.));
#15127 = ORIENTED_EDGE('',*,*,#15128,.F.);
#15128 = EDGE_CURVE('',#15097,#15121,#15129,.T.);
#15129 = LINE('',#15130,#15131);
#15130 = CARTESIAN_POINT('',(-0.683243103516,-0.608243103516,1.26));
#15131 = VECTOR('',#15132,1.);
#15132 = DIRECTION('',(0.,1.,0.));
#15133 = PLANE('',#15134);
#15134 = AXIS2_PLACEMENT_3D('',#15135,#15136,#15137);
#15135 = CARTESIAN_POINT('',(-0.683243103516,-0.608243103516,1.24));
#15136 = DIRECTION('',(1.,0.,0.));
#15137 = DIRECTION('',(0.,0.,1.));
#15138 = ADVANCED_FACE('',(#15139),#15157,.T.);
#15139 = FACE_BOUND('',#15140,.T.);
#15140 = EDGE_LOOP('',(#15141,#15142,#15150,#15156));
#15141 = ORIENTED_EDGE('',*,*,#14968,.T.);
#15142 = ORIENTED_EDGE('',*,*,#15143,.T.);
#15143 = EDGE_CURVE('',#14961,#15144,#15146,.T.);
#15144 = VERTEX_POINT('',#15145);
#15145 = CARTESIAN_POINT('',(-1.183243103516,0.608243103516,1.26));
#15146 = LINE('',#15147,#15148);
#15147 = CARTESIAN_POINT('',(-1.183243103516,0.608243103516,1.24));
#15148 = VECTOR('',#15149,1.);
#15149 = DIRECTION('',(0.,0.,1.));
#15150 = ORIENTED_EDGE('',*,*,#15151,.T.);
#15151 = EDGE_CURVE('',#15144,#15121,#15152,.T.);
#15152 = LINE('',#15153,#15154);
#15153 = CARTESIAN_POINT('',(-1.183243103516,0.608243103516,1.26));
#15154 = VECTOR('',#15155,1.);
#15155 = DIRECTION('',(1.,0.,0.));
#15156 = ORIENTED_EDGE('',*,*,#15120,.F.);
#15157 = PLANE('',#15158);
#15158 = AXIS2_PLACEMENT_3D('',#15159,#15160,#15161);
#15159 = CARTESIAN_POINT('',(-1.183243103516,0.608243103516,1.24));
#15160 = DIRECTION('',(0.,1.,0.));
#15161 = DIRECTION('',(0.,-0.,1.));
#15162 = ADVANCED_FACE('',(#15163),#15174,.F.);
#15163 = FACE_BOUND('',#15164,.F.);
#15164 = EDGE_LOOP('',(#15165,#15166,#15167,#15168));
#15165 = ORIENTED_EDGE('',*,*,#15088,.F.);
#15166 = ORIENTED_EDGE('',*,*,#14960,.T.);
#15167 = ORIENTED_EDGE('',*,*,#15143,.T.);
#15168 = ORIENTED_EDGE('',*,*,#15169,.F.);
#15169 = EDGE_CURVE('',#15089,#15144,#15170,.T.);
#15170 = LINE('',#15171,#15172);
#15171 = CARTESIAN_POINT('',(-1.183243103516,-0.608243103516,1.26));
#15172 = VECTOR('',#15173,1.);
#15173 = DIRECTION('',(0.,1.,0.));
#15174 = PLANE('',#15175);
#15175 = AXIS2_PLACEMENT_3D('',#15176,#15177,#15178);
#15176 = CARTESIAN_POINT('',(-1.183243103516,-0.608243103516,1.24));
#15177 = DIRECTION('',(1.,0.,0.));
#15178 = DIRECTION('',(0.,0.,1.));
#15179 = ADVANCED_FACE('',(#15180),#15186,.T.);
#15180 = FACE_BOUND('',#15181,.T.);
#15181 = EDGE_LOOP('',(#15182,#15183,#15184,#15185));
#15182 = ORIENTED_EDGE('',*,*,#15169,.F.);
#15183 = ORIENTED_EDGE('',*,*,#15096,.T.);
#15184 = ORIENTED_EDGE('',*,*,#15128,.T.);
#15185 = ORIENTED_EDGE('',*,*,#15151,.F.);
#15186 = PLANE('',#15187);
#15187 = AXIS2_PLACEMENT_3D('',#15188,#15189,#15190);
#15188 = CARTESIAN_POINT('',(-1.183243103516,-0.608243103516,1.26));
#15189 = DIRECTION('',(0.,0.,1.));
#15190 = DIRECTION('',(1.,0.,-0.));
#15191 = ( GEOMETRIC_REPRESENTATION_CONTEXT(3) 
GLOBAL_UNCERTAINTY_ASSIGNED_CONTEXT((#15195)) 
GLOBAL_UNIT_ASSIGNED_CONTEXT((#15192,#15193,#15194)) 
REPRESENTATION_CONTEXT('Context #1',
  '3D Context with UNIT and UNCERTAINTY') );
#15192 = ( LENGTH_UNIT() NAMED_UNIT(*) SI_UNIT(.MILLI.,.METRE.) );
#15193 = ( NAMED_UNIT(*) PLANE_ANGLE_UNIT() SI_UNIT($,.RADIAN.) );
#15194 = ( NAMED_UNIT(*) SI_UNIT($,.STERADIAN.) SOLID_ANGLE_UNIT() );
#15195 = UNCERTAINTY_MEASURE_WITH_UNIT(LENGTH_MEASURE(1.E-07),#15192,
  'distance_accuracy_value','confusion accuracy');
#15196 = CONTEXT_DEPENDENT_SHAPE_REPRESENTATION(#15197,#15199);
#15197 = ( REPRESENTATION_RELATIONSHIP('','',#13502,#13479) 
REPRESENTATION_RELATIONSHIP_WITH_TRANSFORMATION(#15198) 
SHAPE_REPRESENTATION_RELATIONSHIP() );
#15198 = ITEM_DEFINED_TRANSFORMATION('','',#11,#13480);
#15199 = PRODUCT_DEFINITION_SHAPE('Placement','Placement of an item',
  #15200);
#15200 = NEXT_ASSEMBLY_USAGE_OCCURRENCE('29','=>[0:1:1:19]','',#13474,
  #13497,$);
#15201 = PRODUCT_RELATED_PRODUCT_CATEGORY('part',$,(#13499));
#15202 = CONTEXT_DEPENDENT_SHAPE_REPRESENTATION(#15203,#15205);
#15203 = ( REPRESENTATION_RELATIONSHIP('','',#3056,#10) 
REPRESENTATION_RELATIONSHIP_WITH_TRANSFORMATION(#15204) 
SHAPE_REPRESENTATION_RELATIONSHIP() );
#15204 = ITEM_DEFINED_TRANSFORMATION('','',#11,#99);
#15205 = PRODUCT_DEFINITION_SHAPE('Placement','Placement of an item',
  #15206);
#15206 = NEXT_ASSEMBLY_USAGE_OCCURRENCE('31','L1','',#5,#3051,$);
#15207 = CONTEXT_DEPENDENT_SHAPE_REPRESENTATION(#15208,#15210);
#15208 = ( REPRESENTATION_RELATIONSHIP('','',#3056,#10) 
REPRESENTATION_RELATIONSHIP_WITH_TRANSFORMATION(#15209) 
SHAPE_REPRESENTATION_RELATIONSHIP() );
#15209 = ITEM_DEFINED_TRANSFORMATION('','',#11,#103);
#15210 = PRODUCT_DEFINITION_SHAPE('Placement','Placement of an item',
  #15211);
#15211 = NEXT_ASSEMBLY_USAGE_OCCURRENCE('32','L3','',#5,#3051,$);
#15212 = CONTEXT_DEPENDENT_SHAPE_REPRESENTATION(#15213,#15215);
#15213 = ( REPRESENTATION_RELATIONSHIP('','',#13479,#10) 
REPRESENTATION_RELATIONSHIP_WITH_TRANSFORMATION(#15214) 
SHAPE_REPRESENTATION_RELATIONSHIP() );
#15214 = ITEM_DEFINED_TRANSFORMATION('','',#11,#107);
#15215 = PRODUCT_DEFINITION_SHAPE('Placement','Placement of an item',
  #15216);
#15216 = NEXT_ASSEMBLY_USAGE_OCCURRENCE('33','D1','',#5,#13474,$);
#15217 = CONTEXT_DEPENDENT_SHAPE_REPRESENTATION(#15218,#15220);
#15218 = ( REPRESENTATION_RELATIONSHIP('','',#8774,#10) 
REPRESENTATION_RELATIONSHIP_WITH_TRANSFORMATION(#15219) 
SHAPE_REPRESENTATION_RELATIONSHIP() );
#15219 = ITEM_DEFINED_TRANSFORMATION('','',#11,#111);
#15220 = PRODUCT_DEFINITION_SHAPE('Placement','Placement of an item',
  #15221);
#15221 = NEXT_ASSEMBLY_USAGE_OCCURRENCE('34','J1','',#5,#8769,$);
#15222 = CONTEXT_DEPENDENT_SHAPE_REPRESENTATION(#15223,#15225);
#15223 = ( REPRESENTATION_RELATIONSHIP('','',#136,#10) 
REPRESENTATION_RELATIONSHIP_WITH_TRANSFORMATION(#15224) 
SHAPE_REPRESENTATION_RELATIONSHIP() );
#15224 = ITEM_DEFINED_TRANSFORMATION('','',#11,#115);
#15225 = PRODUCT_DEFINITION_SHAPE('Placement','Placement of an item',
  #15226);
#15226 = NEXT_ASSEMBLY_USAGE_OCCURRENCE('35','C1','',#5,#131,$);
#15227 = SHAPE_DEFINITION_REPRESENTATION(#15228,#15234);
#15228 = PRODUCT_DEFINITION_SHAPE('','',#15229);
#15229 = PRODUCT_DEFINITION('design','',#15230,#15233);
#15230 = PRODUCT_DEFINITION_FORMATION('','',#15231);
#15231 = PRODUCT('lna_fm_98mhz_PCB','lna_fm_98mhz_PCB','',(#15232));
#15232 = PRODUCT_CONTEXT('',#2,'mechanical');
#15233 = PRODUCT_DEFINITION_CONTEXT('part definition',#2,'design');
#15234 = ADVANCED_BREP_SHAPE_REPRESENTATION('',(#11,#15235),#15619);
#15235 = MANIFOLD_SOLID_BREP('',#15236);
#15236 = CLOSED_SHELL('',(#15237,#15277,#15308,#15339,#15422,#15505,
    #15517,#15534,#15551,#15568,#15585,#15602));
#15237 = ADVANCED_FACE('',(#15238),#15272,.T.);
#15238 = FACE_BOUND('',#15239,.T.);
#15239 = EDGE_LOOP('',(#15240,#15250,#15258,#15266));
#15240 = ORIENTED_EDGE('',*,*,#15241,.T.);
#15241 = EDGE_CURVE('',#15242,#15244,#15246,.T.);
#15242 = VERTEX_POINT('',#15243);
#15243 = CARTESIAN_POINT('',(46.,-30.,0.));
#15244 = VERTEX_POINT('',#15245);
#15245 = CARTESIAN_POINT('',(46.,-30.,1.51));
#15246 = LINE('',#15247,#15248);
#15247 = CARTESIAN_POINT('',(46.,-30.,0.));
#15248 = VECTOR('',#15249,1.);
#15249 = DIRECTION('',(0.,0.,1.));
#15250 = ORIENTED_EDGE('',*,*,#15251,.T.);
#15251 = EDGE_CURVE('',#15244,#15252,#15254,.T.);
#15252 = VERTEX_POINT('',#15253);
#15253 = CARTESIAN_POINT('',(0.,-30.,1.51));
#15254 = LINE('',#15255,#15256);
#15255 = CARTESIAN_POINT('',(46.,-30.,1.51));
#15256 = VECTOR('',#15257,1.);
#15257 = DIRECTION('',(-1.,0.,0.));
#15258 = ORIENTED_EDGE('',*,*,#15259,.F.);
#15259 = EDGE_CURVE('',#15260,#15252,#15262,.T.);
#15260 = VERTEX_POINT('',#15261);
#15261 = CARTESIAN_POINT('',(0.,-30.,0.));
#15262 = LINE('',#15263,#15264);
#15263 = CARTESIAN_POINT('',(0.,-30.,0.));
#15264 = VECTOR('',#15265,1.);
#15265 = DIRECTION('',(0.,0.,1.));
#15266 = ORIENTED_EDGE('',*,*,#15267,.F.);
#15267 = EDGE_CURVE('',#15242,#15260,#15268,.T.);
#15268 = LINE('',#15269,#15270);
#15269 = CARTESIAN_POINT('',(46.,-30.,0.));
#15270 = VECTOR('',#15271,1.);
#15271 = DIRECTION('',(-1.,0.,0.));
#15272 = PLANE('',#15273);
#15273 = AXIS2_PLACEMENT_3D('',#15274,#15275,#15276);
#15274 = CARTESIAN_POINT('',(46.,-30.,0.));
#15275 = DIRECTION('',(0.,-1.,0.));
#15276 = DIRECTION('',(-1.,0.,0.));
#15277 = ADVANCED_FACE('',(#15278),#15303,.T.);
#15278 = FACE_BOUND('',#15279,.T.);
#15279 = EDGE_LOOP('',(#15280,#15290,#15296,#15297));
#15280 = ORIENTED_EDGE('',*,*,#15281,.T.);
#15281 = EDGE_CURVE('',#15282,#15284,#15286,.T.);
#15282 = VERTEX_POINT('',#15283);
#15283 = CARTESIAN_POINT('',(46.,-0.,0.));
#15284 = VERTEX_POINT('',#15285);
#15285 = CARTESIAN_POINT('',(46.,0.,1.51));
#15286 = LINE('',#15287,#15288);
#15287 = CARTESIAN_POINT('',(46.,-0.,0.));
#15288 = VECTOR('',#15289,1.);
#15289 = DIRECTION('',(0.,0.,1.));
#15290 = ORIENTED_EDGE('',*,*,#15291,.T.);
#15291 = EDGE_CURVE('',#15284,#15244,#15292,.T.);
#15292 = LINE('',#15293,#15294);
#15293 = CARTESIAN_POINT('',(46.,0.,1.51));
#15294 = VECTOR('',#15295,1.);
#15295 = DIRECTION('',(0.,-1.,0.));
#15296 = ORIENTED_EDGE('',*,*,#15241,.F.);
#15297 = ORIENTED_EDGE('',*,*,#15298,.F.);
#15298 = EDGE_CURVE('',#15282,#15242,#15299,.T.);
#15299 = LINE('',#15300,#15301);
#15300 = CARTESIAN_POINT('',(46.,-0.,0.));
#15301 = VECTOR('',#15302,1.);
#15302 = DIRECTION('',(0.,-1.,0.));
#15303 = PLANE('',#15304);
#15304 = AXIS2_PLACEMENT_3D('',#15305,#15306,#15307);
#15305 = CARTESIAN_POINT('',(46.,-0.,0.));
#15306 = DIRECTION('',(1.,0.,-0.));
#15307 = DIRECTION('',(0.,-1.,0.));
#15308 = ADVANCED_FACE('',(#15309),#15334,.T.);
#15309 = FACE_BOUND('',#15310,.T.);
#15310 = EDGE_LOOP('',(#15311,#15312,#15320,#15328));
#15311 = ORIENTED_EDGE('',*,*,#15259,.T.);
#15312 = ORIENTED_EDGE('',*,*,#15313,.T.);
#15313 = EDGE_CURVE('',#15252,#15314,#15316,.T.);
#15314 = VERTEX_POINT('',#15315);
#15315 = CARTESIAN_POINT('',(0.,0.,1.51));
#15316 = LINE('',#15317,#15318);
#15317 = CARTESIAN_POINT('',(0.,-30.,1.51));
#15318 = VECTOR('',#15319,1.);
#15319 = DIRECTION('',(0.,1.,0.));
#15320 = ORIENTED_EDGE('',*,*,#15321,.F.);
#15321 = EDGE_CURVE('',#15322,#15314,#15324,.T.);
#15322 = VERTEX_POINT('',#15323);
#15323 = CARTESIAN_POINT('',(0.,-0.,0.));
#15324 = LINE('',#15325,#15326);
#15325 = CARTESIAN_POINT('',(0.,-0.,0.));
#15326 = VECTOR('',#15327,1.);
#15327 = DIRECTION('',(0.,0.,1.));
#15328 = ORIENTED_EDGE('',*,*,#15329,.F.);
#15329 = EDGE_CURVE('',#15260,#15322,#15330,.T.);
#15330 = LINE('',#15331,#15332);
#15331 = CARTESIAN_POINT('',(0.,-30.,0.));
#15332 = VECTOR('',#15333,1.);
#15333 = DIRECTION('',(0.,1.,0.));
#15334 = PLANE('',#15335);
#15335 = AXIS2_PLACEMENT_3D('',#15336,#15337,#15338);
#15336 = CARTESIAN_POINT('',(0.,-30.,0.));
#15337 = DIRECTION('',(-1.,0.,0.));
#15338 = DIRECTION('',(0.,1.,0.));
#15339 = ADVANCED_FACE('',(#15340,#15351,#15362,#15373,#15384,#15395,
    #15406),#15417,.F.);
#15340 = FACE_BOUND('',#15341,.F.);
#15341 = EDGE_LOOP('',(#15342,#15343,#15344,#15350));
#15342 = ORIENTED_EDGE('',*,*,#15267,.F.);
#15343 = ORIENTED_EDGE('',*,*,#15298,.F.);
#15344 = ORIENTED_EDGE('',*,*,#15345,.F.);
#15345 = EDGE_CURVE('',#15322,#15282,#15346,.T.);
#15346 = LINE('',#15347,#15348);
#15347 = CARTESIAN_POINT('',(0.,-0.,0.));
#15348 = VECTOR('',#15349,1.);
#15349 = DIRECTION('',(1.,0.,0.));
#15350 = ORIENTED_EDGE('',*,*,#15329,.F.);
#15351 = FACE_BOUND('',#15352,.F.);
#15352 = EDGE_LOOP('',(#15353));
#15353 = ORIENTED_EDGE('',*,*,#15354,.T.);
#15354 = EDGE_CURVE('',#15355,#15355,#15357,.T.);
#15355 = VERTEX_POINT('',#15356);
#15356 = CARTESIAN_POINT('',(3.5,-27.6,0.));
#15357 = CIRCLE('',#15358,1.1);
#15358 = AXIS2_PLACEMENT_3D('',#15359,#15360,#15361);
#15359 = CARTESIAN_POINT('',(3.5,-26.5,0.));
#15360 = DIRECTION('',(-0.,0.,-1.));
#15361 = DIRECTION('',(-0.,-1.,0.));
#15362 = FACE_BOUND('',#15363,.F.);
#15363 = EDGE_LOOP('',(#15364));
#15364 = ORIENTED_EDGE('',*,*,#15365,.T.);
#15365 = EDGE_CURVE('',#15366,#15366,#15368,.T.);
#15366 = VERTEX_POINT('',#15367);
#15367 = CARTESIAN_POINT('',(42.5,-27.6,0.));
#15368 = CIRCLE('',#15369,1.1);
#15369 = AXIS2_PLACEMENT_3D('',#15370,#15371,#15372);
#15370 = CARTESIAN_POINT('',(42.5,-26.5,0.));
#15371 = DIRECTION('',(-0.,0.,-1.));
#15372 = DIRECTION('',(-0.,-1.,0.));
#15373 = FACE_BOUND('',#15374,.F.);
#15374 = EDGE_LOOP('',(#15375));
#15375 = ORIENTED_EDGE('',*,*,#15376,.T.);
#15376 = EDGE_CURVE('',#15377,#15377,#15379,.T.);
#15377 = VERTEX_POINT('',#15378);
#15378 = CARTESIAN_POINT('',(3.5,-4.6,0.));
#15379 = CIRCLE('',#15380,1.1);
#15380 = AXIS2_PLACEMENT_3D('',#15381,#15382,#15383);
#15381 = CARTESIAN_POINT('',(3.5,-3.5,0.));
#15382 = DIRECTION('',(-0.,0.,-1.));
#15383 = DIRECTION('',(-0.,-1.,0.));
#15384 = FACE_BOUND('',#15385,.F.);
#15385 = EDGE_LOOP('',(#15386));
#15386 = ORIENTED_EDGE('',*,*,#15387,.T.);
#15387 = EDGE_CURVE('',#15388,#15388,#15390,.T.);
#15388 = VERTEX_POINT('',#15389);
#15389 = CARTESIAN_POINT('',(19.,-4.,0.));
#15390 = CIRCLE('',#15391,0.5);
#15391 = AXIS2_PLACEMENT_3D('',#15392,#15393,#15394);
#15392 = CARTESIAN_POINT('',(19.,-3.5,0.));
#15393 = DIRECTION('',(-0.,0.,-1.));
#15394 = DIRECTION('',(-0.,-1.,0.));
#15395 = FACE_BOUND('',#15396,.F.);
#15396 = EDGE_LOOP('',(#15397));
#15397 = ORIENTED_EDGE('',*,*,#15398,.T.);
#15398 = EDGE_CURVE('',#15399,#15399,#15401,.T.);
#15399 = VERTEX_POINT('',#15400);
#15400 = CARTESIAN_POINT('',(21.54,-4.,0.));
#15401 = CIRCLE('',#15402,0.5);
#15402 = AXIS2_PLACEMENT_3D('',#15403,#15404,#15405);
#15403 = CARTESIAN_POINT('',(21.54,-3.5,0.));
#15404 = DIRECTION('',(-0.,0.,-1.));
#15405 = DIRECTION('',(-0.,-1.,0.));
#15406 = FACE_BOUND('',#15407,.F.);
#15407 = EDGE_LOOP('',(#15408));
#15408 = ORIENTED_EDGE('',*,*,#15409,.T.);
#15409 = EDGE_CURVE('',#15410,#15410,#15412,.T.);
#15410 = VERTEX_POINT('',#15411);
#15411 = CARTESIAN_POINT('',(42.5,-4.6,0.));
#15412 = CIRCLE('',#15413,1.1);
#15413 = AXIS2_PLACEMENT_3D('',#15414,#15415,#15416);
#15414 = CARTESIAN_POINT('',(42.5,-3.5,0.));
#15415 = DIRECTION('',(-0.,0.,-1.));
#15416 = DIRECTION('',(-0.,-1.,0.));
#15417 = PLANE('',#15418);
#15418 = AXIS2_PLACEMENT_3D('',#15419,#15420,#15421);
#15419 = CARTESIAN_POINT('',(0.,0.,0.));
#15420 = DIRECTION('',(0.,0.,1.));
#15421 = DIRECTION('',(1.,0.,-0.));
#15422 = ADVANCED_FACE('',(#15423,#15434,#15445,#15456,#15467,#15478,
    #15489),#15500,.T.);
#15423 = FACE_BOUND('',#15424,.T.);
#15424 = EDGE_LOOP('',(#15425,#15426,#15427,#15433));
#15425 = ORIENTED_EDGE('',*,*,#15251,.F.);
#15426 = ORIENTED_EDGE('',*,*,#15291,.F.);
#15427 = ORIENTED_EDGE('',*,*,#15428,.F.);
#15428 = EDGE_CURVE('',#15314,#15284,#15429,.T.);
#15429 = LINE('',#15430,#15431);
#15430 = CARTESIAN_POINT('',(0.,0.,1.51));
#15431 = VECTOR('',#15432,1.);
#15432 = DIRECTION('',(1.,0.,0.));
#15433 = ORIENTED_EDGE('',*,*,#15313,.F.);
#15434 = FACE_BOUND('',#15435,.T.);
#15435 = EDGE_LOOP('',(#15436));
#15436 = ORIENTED_EDGE('',*,*,#15437,.T.);
#15437 = EDGE_CURVE('',#15438,#15438,#15440,.T.);
#15438 = VERTEX_POINT('',#15439);
#15439 = CARTESIAN_POINT('',(3.5,-27.6,1.51));
#15440 = CIRCLE('',#15441,1.1);
#15441 = AXIS2_PLACEMENT_3D('',#15442,#15443,#15444);
#15442 = CARTESIAN_POINT('',(3.5,-26.5,1.51));
#15443 = DIRECTION('',(-0.,0.,-1.));
#15444 = DIRECTION('',(-0.,-1.,0.));
#15445 = FACE_BOUND('',#15446,.T.);
#15446 = EDGE_LOOP('',(#15447));
#15447 = ORIENTED_EDGE('',*,*,#15448,.T.);
#15448 = EDGE_CURVE('',#15449,#15449,#15451,.T.);
#15449 = VERTEX_POINT('',#15450);
#15450 = CARTESIAN_POINT('',(42.5,-27.6,1.51));
#15451 = CIRCLE('',#15452,1.1);
#15452 = AXIS2_PLACEMENT_3D('',#15453,#15454,#15455);
#15453 = CARTESIAN_POINT('',(42.5,-26.5,1.51));
#15454 = DIRECTION('',(-0.,0.,-1.));
#15455 = DIRECTION('',(-0.,-1.,0.));
#15456 = FACE_BOUND('',#15457,.T.);
#15457 = EDGE_LOOP('',(#15458));
#15458 = ORIENTED_EDGE('',*,*,#15459,.T.);
#15459 = EDGE_CURVE('',#15460,#15460,#15462,.T.);
#15460 = VERTEX_POINT('',#15461);
#15461 = CARTESIAN_POINT('',(3.5,-4.6,1.51));
#15462 = CIRCLE('',#15463,1.1);
#15463 = AXIS2_PLACEMENT_3D('',#15464,#15465,#15466);
#15464 = CARTESIAN_POINT('',(3.5,-3.5,1.51));
#15465 = DIRECTION('',(-0.,0.,-1.));
#15466 = DIRECTION('',(-0.,-1.,0.));
#15467 = FACE_BOUND('',#15468,.T.);
#15468 = EDGE_LOOP('',(#15469));
#15469 = ORIENTED_EDGE('',*,*,#15470,.T.);
#15470 = EDGE_CURVE('',#15471,#15471,#15473,.T.);
#15471 = VERTEX_POINT('',#15472);
#15472 = CARTESIAN_POINT('',(19.,-4.,1.51));
#15473 = CIRCLE('',#15474,0.5);
#15474 = AXIS2_PLACEMENT_3D('',#15475,#15476,#15477);
#15475 = CARTESIAN_POINT('',(19.,-3.5,1.51));
#15476 = DIRECTION('',(-0.,0.,-1.));
#15477 = DIRECTION('',(-0.,-1.,0.));
#15478 = FACE_BOUND('',#15479,.T.);
#15479 = EDGE_LOOP('',(#15480));
#15480 = ORIENTED_EDGE('',*,*,#15481,.T.);
#15481 = EDGE_CURVE('',#15482,#15482,#15484,.T.);
#15482 = VERTEX_POINT('',#15483);
#15483 = CARTESIAN_POINT('',(21.54,-4.,1.51));
#15484 = CIRCLE('',#15485,0.5);
#15485 = AXIS2_PLACEMENT_3D('',#15486,#15487,#15488);
#15486 = CARTESIAN_POINT('',(21.54,-3.5,1.51));
#15487 = DIRECTION('',(-0.,0.,-1.));
#15488 = DIRECTION('',(-0.,-1.,0.));
#15489 = FACE_BOUND('',#15490,.T.);
#15490 = EDGE_LOOP('',(#15491));
#15491 = ORIENTED_EDGE('',*,*,#15492,.T.);
#15492 = EDGE_CURVE('',#15493,#15493,#15495,.T.);
#15493 = VERTEX_POINT('',#15494);
#15494 = CARTESIAN_POINT('',(42.5,-4.6,1.51));
#15495 = CIRCLE('',#15496,1.1);
#15496 = AXIS2_PLACEMENT_3D('',#15497,#15498,#15499);
#15497 = CARTESIAN_POINT('',(42.5,-3.5,1.51));
#15498 = DIRECTION('',(-0.,0.,-1.));
#15499 = DIRECTION('',(-0.,-1.,0.));
#15500 = PLANE('',#15501);
#15501 = AXIS2_PLACEMENT_3D('',#15502,#15503,#15504);
#15502 = CARTESIAN_POINT('',(0.,0.,1.51));
#15503 = DIRECTION('',(0.,0.,1.));
#15504 = DIRECTION('',(1.,0.,-0.));
#15505 = ADVANCED_FACE('',(#15506),#15512,.T.);
#15506 = FACE_BOUND('',#15507,.T.);
#15507 = EDGE_LOOP('',(#15508,#15509,#15510,#15511));
#15508 = ORIENTED_EDGE('',*,*,#15321,.T.);
#15509 = ORIENTED_EDGE('',*,*,#15428,.T.);
#15510 = ORIENTED_EDGE('',*,*,#15281,.F.);
#15511 = ORIENTED_EDGE('',*,*,#15345,.F.);
#15512 = PLANE('',#15513);
#15513 = AXIS2_PLACEMENT_3D('',#15514,#15515,#15516);
#15514 = CARTESIAN_POINT('',(0.,0.,0.));
#15515 = DIRECTION('',(0.,1.,0.));
#15516 = DIRECTION('',(1.,0.,0.));
#15517 = ADVANCED_FACE('',(#15518),#15529,.F.);
#15518 = FACE_BOUND('',#15519,.T.);
#15519 = EDGE_LOOP('',(#15520,#15521,#15527,#15528));
#15520 = ORIENTED_EDGE('',*,*,#15354,.T.);
#15521 = ORIENTED_EDGE('',*,*,#15522,.T.);
#15522 = EDGE_CURVE('',#15355,#15438,#15523,.T.);
#15523 = LINE('',#15524,#15525);
#15524 = CARTESIAN_POINT('',(3.5,-27.6,-4.6E-02));
#15525 = VECTOR('',#15526,1.);
#15526 = DIRECTION('',(0.,0.,1.));
#15527 = ORIENTED_EDGE('',*,*,#15437,.F.);
#15528 = ORIENTED_EDGE('',*,*,#15522,.F.);
#15529 = CYLINDRICAL_SURFACE('',#15530,1.1);
#15530 = AXIS2_PLACEMENT_3D('',#15531,#15532,#15533);
#15531 = CARTESIAN_POINT('',(3.5,-26.5,-4.6E-02));
#15532 = DIRECTION('',(-0.,-0.,-1.));
#15533 = DIRECTION('',(-0.,-1.,0.));
#15534 = ADVANCED_FACE('',(#15535),#15546,.F.);
#15535 = FACE_BOUND('',#15536,.T.);
#15536 = EDGE_LOOP('',(#15537,#15538,#15544,#15545));
#15537 = ORIENTED_EDGE('',*,*,#15365,.T.);
#15538 = ORIENTED_EDGE('',*,*,#15539,.T.);
#15539 = EDGE_CURVE('',#15366,#15449,#15540,.T.);
#15540 = LINE('',#15541,#15542);
#15541 = CARTESIAN_POINT('',(42.5,-27.6,-4.6E-02));
#15542 = VECTOR('',#15543,1.);
#15543 = DIRECTION('',(0.,0.,1.));
#15544 = ORIENTED_EDGE('',*,*,#15448,.F.);
#15545 = ORIENTED_EDGE('',*,*,#15539,.F.);
#15546 = CYLINDRICAL_SURFACE('',#15547,1.1);
#15547 = AXIS2_PLACEMENT_3D('',#15548,#15549,#15550);
#15548 = CARTESIAN_POINT('',(42.5,-26.5,-4.6E-02));
#15549 = DIRECTION('',(-0.,-0.,-1.));
#15550 = DIRECTION('',(-0.,-1.,0.));
#15551 = ADVANCED_FACE('',(#15552),#15563,.F.);
#15552 = FACE_BOUND('',#15553,.T.);
#15553 = EDGE_LOOP('',(#15554,#15555,#15561,#15562));
#15554 = ORIENTED_EDGE('',*,*,#15376,.T.);
#15555 = ORIENTED_EDGE('',*,*,#15556,.T.);
#15556 = EDGE_CURVE('',#15377,#15460,#15557,.T.);
#15557 = LINE('',#15558,#15559);
#15558 = CARTESIAN_POINT('',(3.5,-4.6,-4.6E-02));
#15559 = VECTOR('',#15560,1.);
#15560 = DIRECTION('',(0.,0.,1.));
#15561 = ORIENTED_EDGE('',*,*,#15459,.F.);
#15562 = ORIENTED_EDGE('',*,*,#15556,.F.);
#15563 = CYLINDRICAL_SURFACE('',#15564,1.1);
#15564 = AXIS2_PLACEMENT_3D('',#15565,#15566,#15567);
#15565 = CARTESIAN_POINT('',(3.5,-3.5,-4.6E-02));
#15566 = DIRECTION('',(-0.,-0.,-1.));
#15567 = DIRECTION('',(-0.,-1.,0.));
#15568 = ADVANCED_FACE('',(#15569),#15580,.F.);
#15569 = FACE_BOUND('',#15570,.T.);
#15570 = EDGE_LOOP('',(#15571,#15572,#15578,#15579));
#15571 = ORIENTED_EDGE('',*,*,#15387,.T.);
#15572 = ORIENTED_EDGE('',*,*,#15573,.T.);
#15573 = EDGE_CURVE('',#15388,#15471,#15574,.T.);
#15574 = LINE('',#15575,#15576);
#15575 = CARTESIAN_POINT('',(19.,-4.,-4.6E-02));
#15576 = VECTOR('',#15577,1.);
#15577 = DIRECTION('',(0.,0.,1.));
#15578 = ORIENTED_EDGE('',*,*,#15470,.F.);
#15579 = ORIENTED_EDGE('',*,*,#15573,.F.);
#15580 = CYLINDRICAL_SURFACE('',#15581,0.5);
#15581 = AXIS2_PLACEMENT_3D('',#15582,#15583,#15584);
#15582 = CARTESIAN_POINT('',(19.,-3.5,-4.6E-02));
#15583 = DIRECTION('',(-0.,-0.,-1.));
#15584 = DIRECTION('',(-0.,-1.,0.));
#15585 = ADVANCED_FACE('',(#15586),#15597,.F.);
#15586 = FACE_BOUND('',#15587,.T.);
#15587 = EDGE_LOOP('',(#15588,#15589,#15595,#15596));
#15588 = ORIENTED_EDGE('',*,*,#15398,.T.);
#15589 = ORIENTED_EDGE('',*,*,#15590,.T.);
#15590 = EDGE_CURVE('',#15399,#15482,#15591,.T.);
#15591 = LINE('',#15592,#15593);
#15592 = CARTESIAN_POINT('',(21.54,-4.,-4.6E-02));
#15593 = VECTOR('',#15594,1.);
#15594 = DIRECTION('',(0.,0.,1.));
#15595 = ORIENTED_EDGE('',*,*,#15481,.F.);
#15596 = ORIENTED_EDGE('',*,*,#15590,.F.);
#15597 = CYLINDRICAL_SURFACE('',#15598,0.5);
#15598 = AXIS2_PLACEMENT_3D('',#15599,#15600,#15601);
#15599 = CARTESIAN_POINT('',(21.54,-3.5,-4.6E-02));
#15600 = DIRECTION('',(-0.,-0.,-1.));
#15601 = DIRECTION('',(-0.,-1.,0.));
#15602 = ADVANCED_FACE('',(#15603),#15614,.F.);
#15603 = FACE_BOUND('',#15604,.T.);
#15604 = EDGE_LOOP('',(#15605,#15606,#15612,#15613));
#15605 = ORIENTED_EDGE('',*,*,#15409,.T.);
#15606 = ORIENTED_EDGE('',*,*,#15607,.T.);
#15607 = EDGE_CURVE('',#15410,#15493,#15608,.T.);
#15608 = LINE('',#15609,#15610);
#15609 = CARTESIAN_POINT('',(42.5,-4.6,-4.6E-02));
#15610 = VECTOR('',#15611,1.);
#15611 = DIRECTION('',(0.,0.,1.));
#15612 = ORIENTED_EDGE('',*,*,#15492,.F.);
#15613 = ORIENTED_EDGE('',*,*,#15607,.F.);
#15614 = CYLINDRICAL_SURFACE('',#15615,1.1);
#15615 = AXIS2_PLACEMENT_3D('',#15616,#15617,#15618);
#15616 = CARTESIAN_POINT('',(42.5,-3.5,-4.6E-02));
#15617 = DIRECTION('',(-0.,-0.,-1.));
#15618 = DIRECTION('',(-0.,-1.,0.));
#15619 = ( GEOMETRIC_REPRESENTATION_CONTEXT(3) 
GLOBAL_UNCERTAINTY_ASSIGNED_CONTEXT((#15623)) 
GLOBAL_UNIT_ASSIGNED_CONTEXT((#15620,#15621,#15622)) 
REPRESENTATION_CONTEXT('Context #1',
  '3D Context with UNIT and UNCERTAINTY') );
#15620 = ( LENGTH_UNIT() NAMED_UNIT(*) SI_UNIT(.MILLI.,.METRE.) );
#15621 = ( NAMED_UNIT(*) PLANE_ANGLE_UNIT() SI_UNIT($,.RADIAN.) );
#15622 = ( NAMED_UNIT(*) SI_UNIT($,.STERADIAN.) SOLID_ANGLE_UNIT() );
#15623 = UNCERTAINTY_MEASURE_WITH_UNIT(LENGTH_MEASURE(1.E-07),#15620,
  'distance_accuracy_value','confusion accuracy');
#15624 = CONTEXT_DEPENDENT_SHAPE_REPRESENTATION(#15625,#15627);
#15625 = ( REPRESENTATION_RELATIONSHIP('','',#15234,#10) 
REPRESENTATION_RELATIONSHIP_WITH_TRANSFORMATION(#15626) 
SHAPE_REPRESENTATION_RELATIONSHIP() );
#15626 = ITEM_DEFINED_TRANSFORMATION('','',#11,#119);
#15627 = PRODUCT_DEFINITION_SHAPE('Placement','Placement of an item',
  #15628);
#15628 = NEXT_ASSEMBLY_USAGE_OCCURRENCE('36','=>[0:1:1:20]','',#5,#15229
  ,$);
#15629 = PRODUCT_RELATED_PRODUCT_CATEGORY('part',$,(#15231));
#15630 = MECHANICAL_DESIGN_GEOMETRIC_PRESENTATION_REPRESENTATION('',(
    #15631,#15639,#15646,#15653,#15660,#15667,#15674,#15681,#15688,
    #15695,#15702,#15710,#15717,#15724,#15731,#15738,#15745,#15752,
    #15759,#15766,#15773,#15780,#15787,#15794,#15801,#15808,#15815,
    #15822),#7166);
#15631 = STYLED_ITEM('color',(#15632),#6314);
#15632 = PRESENTATION_STYLE_ASSIGNMENT((#15633));
#15633 = SURFACE_STYLE_USAGE(.BOTH.,#15634);
#15634 = SURFACE_SIDE_STYLE('',(#15635));
#15635 = SURFACE_STYLE_FILL_AREA(#15636);
#15636 = FILL_AREA_STYLE('',(#15637));
#15637 = FILL_AREA_STYLE_COLOUR('',#15638);
#15638 = COLOUR_RGB('',0.823999987314,0.819999987296,0.781000009244);
#15639 = STYLED_ITEM('color',(#15640),#6390);
#15640 = PRESENTATION_STYLE_ASSIGNMENT((#15641));
#15641 = SURFACE_STYLE_USAGE(.BOTH.,#15642);
#15642 = SURFACE_SIDE_STYLE('',(#15643));
#15643 = SURFACE_STYLE_FILL_AREA(#15644);
#15644 = FILL_AREA_STYLE('',(#15645));
#15645 = FILL_AREA_STYLE_COLOUR('',#15638);
#15646 = STYLED_ITEM('color',(#15647),#6421);
#15647 = PRESENTATION_STYLE_ASSIGNMENT((#15648));
#15648 = SURFACE_STYLE_USAGE(.BOTH.,#15649);
#15649 = SURFACE_SIDE_STYLE('',(#15650));
#15650 = SURFACE_STYLE_FILL_AREA(#15651);
#15651 = FILL_AREA_STYLE('',(#15652));
#15652 = FILL_AREA_STYLE_COLOUR('',#15638);
#15653 = STYLED_ITEM('color',(#15654),#6446);
#15654 = PRESENTATION_STYLE_ASSIGNMENT((#15655));
#15655 = SURFACE_STYLE_USAGE(.BOTH.,#15656);
#15656 = SURFACE_SIDE_STYLE('',(#15657));
#15657 = SURFACE_STYLE_FILL_AREA(#15658);
#15658 = FILL_AREA_STYLE('',(#15659));
#15659 = FILL_AREA_STYLE_COLOUR('',#15638);
#15660 = STYLED_ITEM('color',(#15661),#6471);
#15661 = PRESENTATION_STYLE_ASSIGNMENT((#15662));
#15662 = SURFACE_STYLE_USAGE(.BOTH.,#15663);
#15663 = SURFACE_SIDE_STYLE('',(#15664));
#15664 = SURFACE_STYLE_FILL_AREA(#15665);
#15665 = FILL_AREA_STYLE('',(#15666));
#15666 = FILL_AREA_STYLE_COLOUR('',#15638);
#15667 = STYLED_ITEM('color',(#15668),#6495);
#15668 = PRESENTATION_STYLE_ASSIGNMENT((#15669));
#15669 = SURFACE_STYLE_USAGE(.BOTH.,#15670);
#15670 = SURFACE_SIDE_STYLE('',(#15671));
#15671 = SURFACE_STYLE_FILL_AREA(#15672);
#15672 = FILL_AREA_STYLE('',(#15673));
#15673 = FILL_AREA_STYLE_COLOUR('',#15638);
#15674 = STYLED_ITEM('color',(#15675),#6519);
#15675 = PRESENTATION_STYLE_ASSIGNMENT((#15676));
#15676 = SURFACE_STYLE_USAGE(.BOTH.,#15677);
#15677 = SURFACE_SIDE_STYLE('',(#15678));
#15678 = SURFACE_STYLE_FILL_AREA(#15679);
#15679 = FILL_AREA_STYLE('',(#15680));
#15680 = FILL_AREA_STYLE_COLOUR('',#15638);
#15681 = STYLED_ITEM('color',(#15682),#6544);
#15682 = PRESENTATION_STYLE_ASSIGNMENT((#15683));
#15683 = SURFACE_STYLE_USAGE(.BOTH.,#15684);
#15684 = SURFACE_SIDE_STYLE('',(#15685));
#15685 = SURFACE_STYLE_FILL_AREA(#15686);
#15686 = FILL_AREA_STYLE('',(#15687));
#15687 = FILL_AREA_STYLE_COLOUR('',#15638);
#15688 = STYLED_ITEM('color',(#15689),#6569);
#15689 = PRESENTATION_STYLE_ASSIGNMENT((#15690));
#15690 = SURFACE_STYLE_USAGE(.BOTH.,#15691);
#15691 = SURFACE_SIDE_STYLE('',(#15692));
#15692 = SURFACE_STYLE_FILL_AREA(#15693);
#15693 = FILL_AREA_STYLE('',(#15694));
#15694 = FILL_AREA_STYLE_COLOUR('',#15638);
#15695 = STYLED_ITEM('color',(#15696),#6586);
#15696 = PRESENTATION_STYLE_ASSIGNMENT((#15697));
#15697 = SURFACE_STYLE_USAGE(.BOTH.,#15698);
#15698 = SURFACE_SIDE_STYLE('',(#15699));
#15699 = SURFACE_STYLE_FILL_AREA(#15700);
#15700 = FILL_AREA_STYLE('',(#15701));
#15701 = FILL_AREA_STYLE_COLOUR('',#15638);
#15702 = STYLED_ITEM('color',(#15703),#6672);
#15703 = PRESENTATION_STYLE_ASSIGNMENT((#15704));
#15704 = SURFACE_STYLE_USAGE(.BOTH.,#15705);
#15705 = SURFACE_SIDE_STYLE('',(#15706));
#15706 = SURFACE_STYLE_FILL_AREA(#15707);
#15707 = FILL_AREA_STYLE('',(#15708));
#15708 = FILL_AREA_STYLE_COLOUR('',#15709);
#15709 = COLOUR_RGB('',0.379000005575,0.270000008848,0.214999999939);
#15710 = STYLED_ITEM('color',(#15711),#6704);
#15711 = PRESENTATION_STYLE_ASSIGNMENT((#15712));
#15712 = SURFACE_STYLE_USAGE(.BOTH.,#15713);
#15713 = SURFACE_SIDE_STYLE('',(#15714));
#15714 = SURFACE_STYLE_FILL_AREA(#15715);
#15715 = FILL_AREA_STYLE('',(#15716));
#15716 = FILL_AREA_STYLE_COLOUR('',#15709);
#15717 = STYLED_ITEM('color',(#15718),#6728);
#15718 = PRESENTATION_STYLE_ASSIGNMENT((#15719));
#15719 = SURFACE_STYLE_USAGE(.BOTH.,#15720);
#15720 = SURFACE_SIDE_STYLE('',(#15721));
#15721 = SURFACE_STYLE_FILL_AREA(#15722);
#15722 = FILL_AREA_STYLE('',(#15723));
#15723 = FILL_AREA_STYLE_COLOUR('',#15709);
#15724 = STYLED_ITEM('color',(#15725),#6753);
#15725 = PRESENTATION_STYLE_ASSIGNMENT((#15726));
#15726 = SURFACE_STYLE_USAGE(.BOTH.,#15727);
#15727 = SURFACE_SIDE_STYLE('',(#15728));
#15728 = SURFACE_STYLE_FILL_AREA(#15729);
#15729 = FILL_AREA_STYLE('',(#15730));
#15730 = FILL_AREA_STYLE_COLOUR('',#15709);
#15731 = STYLED_ITEM('color',(#15732),#6777);
#15732 = PRESENTATION_STYLE_ASSIGNMENT((#15733));
#15733 = SURFACE_STYLE_USAGE(.BOTH.,#15734);
#15734 = SURFACE_SIDE_STYLE('',(#15735));
#15735 = SURFACE_STYLE_FILL_AREA(#15736);
#15736 = FILL_AREA_STYLE('',(#15737));
#15737 = FILL_AREA_STYLE_COLOUR('',#15709);
#15738 = STYLED_ITEM('color',(#15739),#6802);
#15739 = PRESENTATION_STYLE_ASSIGNMENT((#15740));
#15740 = SURFACE_STYLE_USAGE(.BOTH.,#15741);
#15741 = SURFACE_SIDE_STYLE('',(#15742));
#15742 = SURFACE_STYLE_FILL_AREA(#15743);
#15743 = FILL_AREA_STYLE('',(#15744));
#15744 = FILL_AREA_STYLE_COLOUR('',#15709);
#15745 = STYLED_ITEM('color',(#15746),#6826);
#15746 = PRESENTATION_STYLE_ASSIGNMENT((#15747));
#15747 = SURFACE_STYLE_USAGE(.BOTH.,#15748);
#15748 = SURFACE_SIDE_STYLE('',(#15749));
#15749 = SURFACE_STYLE_FILL_AREA(#15750);
#15750 = FILL_AREA_STYLE('',(#15751));
#15751 = FILL_AREA_STYLE_COLOUR('',#15709);
#15752 = STYLED_ITEM('color',(#15753),#6851);
#15753 = PRESENTATION_STYLE_ASSIGNMENT((#15754));
#15754 = SURFACE_STYLE_USAGE(.BOTH.,#15755);
#15755 = SURFACE_SIDE_STYLE('',(#15756));
#15756 = SURFACE_STYLE_FILL_AREA(#15757);
#15757 = FILL_AREA_STYLE('',(#15758));
#15758 = FILL_AREA_STYLE_COLOUR('',#15709);
#15759 = STYLED_ITEM('color',(#15760),#6868);
#15760 = PRESENTATION_STYLE_ASSIGNMENT((#15761));
#15761 = SURFACE_STYLE_USAGE(.BOTH.,#15762);
#15762 = SURFACE_SIDE_STYLE('',(#15763));
#15763 = SURFACE_STYLE_FILL_AREA(#15764);
#15764 = FILL_AREA_STYLE('',(#15765));
#15765 = FILL_AREA_STYLE_COLOUR('',#15638);
#15766 = STYLED_ITEM('color',(#15767),#6954);
#15767 = PRESENTATION_STYLE_ASSIGNMENT((#15768));
#15768 = SURFACE_STYLE_USAGE(.BOTH.,#15769);
#15769 = SURFACE_SIDE_STYLE('',(#15770));
#15770 = SURFACE_STYLE_FILL_AREA(#15771);
#15771 = FILL_AREA_STYLE('',(#15772));
#15772 = FILL_AREA_STYLE_COLOUR('',#15638);
#15773 = STYLED_ITEM('color',(#15774),#6985);
#15774 = PRESENTATION_STYLE_ASSIGNMENT((#15775));
#15775 = SURFACE_STYLE_USAGE(.BOTH.,#15776);
#15776 = SURFACE_SIDE_STYLE('',(#15777));
#15777 = SURFACE_STYLE_FILL_AREA(#15778);
#15778 = FILL_AREA_STYLE('',(#15779));
#15779 = FILL_AREA_STYLE_COLOUR('',#15638);
#15780 = STYLED_ITEM('color',(#15781),#7010);
#15781 = PRESENTATION_STYLE_ASSIGNMENT((#15782));
#15782 = SURFACE_STYLE_USAGE(.BOTH.,#15783);
#15783 = SURFACE_SIDE_STYLE('',(#15784));
#15784 = SURFACE_STYLE_FILL_AREA(#15785);
#15785 = FILL_AREA_STYLE('',(#15786));
#15786 = FILL_AREA_STYLE_COLOUR('',#15638);
#15787 = STYLED_ITEM('color',(#15788),#7035);
#15788 = PRESENTATION_STYLE_ASSIGNMENT((#15789));
#15789 = SURFACE_STYLE_USAGE(.BOTH.,#15790);
#15790 = SURFACE_SIDE_STYLE('',(#15791));
#15791 = SURFACE_STYLE_FILL_AREA(#15792);
#15792 = FILL_AREA_STYLE('',(#15793));
#15793 = FILL_AREA_STYLE_COLOUR('',#15638);
#15794 = STYLED_ITEM('color',(#15795),#7059);
#15795 = PRESENTATION_STYLE_ASSIGNMENT((#15796));
#15796 = SURFACE_STYLE_USAGE(.BOTH.,#15797);
#15797 = SURFACE_SIDE_STYLE('',(#15798));
#15798 = SURFACE_STYLE_FILL_AREA(#15799);
#15799 = FILL_AREA_STYLE('',(#15800));
#15800 = FILL_AREA_STYLE_COLOUR('',#15638);
#15801 = STYLED_ITEM('color',(#15802),#7083);
#15802 = PRESENTATION_STYLE_ASSIGNMENT((#15803));
#15803 = SURFACE_STYLE_USAGE(.BOTH.,#15804);
#15804 = SURFACE_SIDE_STYLE('',(#15805));
#15805 = SURFACE_STYLE_FILL_AREA(#15806);
#15806 = FILL_AREA_STYLE('',(#15807));
#15807 = FILL_AREA_STYLE_COLOUR('',#15638);
#15808 = STYLED_ITEM('color',(#15809),#7108);
#15809 = PRESENTATION_STYLE_ASSIGNMENT((#15810));
#15810 = SURFACE_STYLE_USAGE(.BOTH.,#15811);
#15811 = SURFACE_SIDE_STYLE('',(#15812));
#15812 = SURFACE_STYLE_FILL_AREA(#15813);
#15813 = FILL_AREA_STYLE('',(#15814));
#15814 = FILL_AREA_STYLE_COLOUR('',#15638);
#15815 = STYLED_ITEM('color',(#15816),#7133);
#15816 = PRESENTATION_STYLE_ASSIGNMENT((#15817));
#15817 = SURFACE_STYLE_USAGE(.BOTH.,#15818);
#15818 = SURFACE_SIDE_STYLE('',(#15819));
#15819 = SURFACE_STYLE_FILL_AREA(#15820);
#15820 = FILL_AREA_STYLE('',(#15821));
#15821 = FILL_AREA_STYLE_COLOUR('',#15638);
#15822 = STYLED_ITEM('color',(#15823),#7150);
#15823 = PRESENTATION_STYLE_ASSIGNMENT((#15824));
#15824 = SURFACE_STYLE_USAGE(.BOTH.,#15825);
#15825 = SURFACE_SIDE_STYLE('',(#15826));
#15826 = SURFACE_STYLE_FILL_AREA(#15827);
#15827 = FILL_AREA_STYLE('',(#15828));
#15828 = FILL_AREA_STYLE_COLOUR('',#15638);
#15829 = MECHANICAL_DESIGN_GEOMETRIC_PRESENTATION_REPRESENTATION('',(
    #15830,#15840,#15849,#15858,#15867,#15876,#15885,#15894,#15903,
    #15912,#15921,#15930,#15939,#15948,#15957,#15966,#15975,#15984,
    #15993,#16002,#16011,#16020,#16029,#16038,#16047,#16056,#16065,
    #16074,#16083,#16092,#16101,#16110,#16119,#16128,#16137,#16146,
    #16155,#16164,#16173,#16182,#16191,#16200,#16209,#16218,#16227,
    #16236,#16245,#16254,#16263,#16272,#16281,#16290,#16299,#16308,
    #16317,#16327,#16336,#16345,#16354),#15191);
#15830 = STYLED_ITEM('color',(#15831),#13505);
#15831 = PRESENTATION_STYLE_ASSIGNMENT((#15832,#15838));
#15832 = SURFACE_STYLE_USAGE(.BOTH.,#15833);
#15833 = SURFACE_SIDE_STYLE('',(#15834));
#15834 = SURFACE_STYLE_FILL_AREA(#15835);
#15835 = FILL_AREA_STYLE('',(#15836));
#15836 = FILL_AREA_STYLE_COLOUR('',#15837);
#15837 = COLOUR_RGB('',0.147999998088,0.145000001626,0.145000001626);
#15838 = CURVE_STYLE('',#15839,POSITIVE_LENGTH_MEASURE(0.1),#15837);
#15839 = DRAUGHTING_PRE_DEFINED_CURVE_FONT('continuous');
#15840 = STYLED_ITEM('color',(#15841),#13559);
#15841 = PRESENTATION_STYLE_ASSIGNMENT((#15842,#15847));
#15842 = SURFACE_STYLE_USAGE(.BOTH.,#15843);
#15843 = SURFACE_SIDE_STYLE('',(#15844));
#15844 = SURFACE_STYLE_FILL_AREA(#15845);
#15845 = FILL_AREA_STYLE('',(#15846));
#15846 = FILL_AREA_STYLE_COLOUR('',#15837);
#15847 = CURVE_STYLE('',#15848,POSITIVE_LENGTH_MEASURE(0.1),#15837);
#15848 = DRAUGHTING_PRE_DEFINED_CURVE_FONT('continuous');
#15849 = STYLED_ITEM('color',(#15850),#13622);
#15850 = PRESENTATION_STYLE_ASSIGNMENT((#15851,#15856));
#15851 = SURFACE_STYLE_USAGE(.BOTH.,#15852);
#15852 = SURFACE_SIDE_STYLE('',(#15853));
#15853 = SURFACE_STYLE_FILL_AREA(#15854);
#15854 = FILL_AREA_STYLE('',(#15855));
#15855 = FILL_AREA_STYLE_COLOUR('',#15837);
#15856 = CURVE_STYLE('',#15857,POSITIVE_LENGTH_MEASURE(0.1),#15837);
#15857 = DRAUGHTING_PRE_DEFINED_CURVE_FONT('continuous');
#15858 = STYLED_ITEM('color',(#15859),#13645);
#15859 = PRESENTATION_STYLE_ASSIGNMENT((#15860,#15865));
#15860 = SURFACE_STYLE_USAGE(.BOTH.,#15861);
#15861 = SURFACE_SIDE_STYLE('',(#15862));
#15862 = SURFACE_STYLE_FILL_AREA(#15863);
#15863 = FILL_AREA_STYLE('',(#15864));
#15864 = FILL_AREA_STYLE_COLOUR('',#15837);
#15865 = CURVE_STYLE('',#15866,POSITIVE_LENGTH_MEASURE(0.1),#15837);
#15866 = DRAUGHTING_PRE_DEFINED_CURVE_FONT('continuous');
#15867 = STYLED_ITEM('color',(#15868),#13675);
#15868 = PRESENTATION_STYLE_ASSIGNMENT((#15869,#15874));
#15869 = SURFACE_STYLE_USAGE(.BOTH.,#15870);
#15870 = SURFACE_SIDE_STYLE('',(#15871));
#15871 = SURFACE_STYLE_FILL_AREA(#15872);
#15872 = FILL_AREA_STYLE('',(#15873));
#15873 = FILL_AREA_STYLE_COLOUR('',#15638);
#15874 = CURVE_STYLE('',#15875,POSITIVE_LENGTH_MEASURE(0.1),#15638);
#15875 = DRAUGHTING_PRE_DEFINED_CURVE_FONT('continuous');
#15876 = STYLED_ITEM('color',(#15877),#13708);
#15877 = PRESENTATION_STYLE_ASSIGNMENT((#15878,#15883));
#15878 = SURFACE_STYLE_USAGE(.BOTH.,#15879);
#15879 = SURFACE_SIDE_STYLE('',(#15880));
#15880 = SURFACE_STYLE_FILL_AREA(#15881);
#15881 = FILL_AREA_STYLE('',(#15882));
#15882 = FILL_AREA_STYLE_COLOUR('',#15837);
#15883 = CURVE_STYLE('',#15884,POSITIVE_LENGTH_MEASURE(0.1),#15837);
#15884 = DRAUGHTING_PRE_DEFINED_CURVE_FONT('continuous');
#15885 = STYLED_ITEM('color',(#15886),#13738);
#15886 = PRESENTATION_STYLE_ASSIGNMENT((#15887,#15892));
#15887 = SURFACE_STYLE_USAGE(.BOTH.,#15888);
#15888 = SURFACE_SIDE_STYLE('',(#15889));
#15889 = SURFACE_STYLE_FILL_AREA(#15890);
#15890 = FILL_AREA_STYLE('',(#15891));
#15891 = FILL_AREA_STYLE_COLOUR('',#15837);
#15892 = CURVE_STYLE('',#15893,POSITIVE_LENGTH_MEASURE(0.1),#15837);
#15893 = DRAUGHTING_PRE_DEFINED_CURVE_FONT('continuous');
#15894 = STYLED_ITEM('color',(#15895),#13761);
#15895 = PRESENTATION_STYLE_ASSIGNMENT((#15896,#15901));
#15896 = SURFACE_STYLE_USAGE(.BOTH.,#15897);
#15897 = SURFACE_SIDE_STYLE('',(#15898));
#15898 = SURFACE_STYLE_FILL_AREA(#15899);
#15899 = FILL_AREA_STYLE('',(#15900));
#15900 = FILL_AREA_STYLE_COLOUR('',#15837);
#15901 = CURVE_STYLE('',#15902,POSITIVE_LENGTH_MEASURE(0.1),#15837);
#15902 = DRAUGHTING_PRE_DEFINED_CURVE_FONT('continuous');
#15903 = STYLED_ITEM('color',(#15904),#13784);
#15904 = PRESENTATION_STYLE_ASSIGNMENT((#15905,#15910));
#15905 = SURFACE_STYLE_USAGE(.BOTH.,#15906);
#15906 = SURFACE_SIDE_STYLE('',(#15907));
#15907 = SURFACE_STYLE_FILL_AREA(#15908);
#15908 = FILL_AREA_STYLE('',(#15909));
#15909 = FILL_AREA_STYLE_COLOUR('',#15837);
#15910 = CURVE_STYLE('',#15911,POSITIVE_LENGTH_MEASURE(0.1),#15837);
#15911 = DRAUGHTING_PRE_DEFINED_CURVE_FONT('continuous');
#15912 = STYLED_ITEM('color',(#15913),#13807);
#15913 = PRESENTATION_STYLE_ASSIGNMENT((#15914,#15919));
#15914 = SURFACE_STYLE_USAGE(.BOTH.,#15915);
#15915 = SURFACE_SIDE_STYLE('',(#15916));
#15916 = SURFACE_STYLE_FILL_AREA(#15917);
#15917 = FILL_AREA_STYLE('',(#15918));
#15918 = FILL_AREA_STYLE_COLOUR('',#15837);
#15919 = CURVE_STYLE('',#15920,POSITIVE_LENGTH_MEASURE(0.1),#15837);
#15920 = DRAUGHTING_PRE_DEFINED_CURVE_FONT('continuous');
#15921 = STYLED_ITEM('color',(#15922),#13830);
#15922 = PRESENTATION_STYLE_ASSIGNMENT((#15923,#15928));
#15923 = SURFACE_STYLE_USAGE(.BOTH.,#15924);
#15924 = SURFACE_SIDE_STYLE('',(#15925));
#15925 = SURFACE_STYLE_FILL_AREA(#15926);
#15926 = FILL_AREA_STYLE('',(#15927));
#15927 = FILL_AREA_STYLE_COLOUR('',#15837);
#15928 = CURVE_STYLE('',#15929,POSITIVE_LENGTH_MEASURE(0.1),#15837);
#15929 = DRAUGHTING_PRE_DEFINED_CURVE_FONT('continuous');
#15930 = STYLED_ITEM('color',(#15931),#13853);
#15931 = PRESENTATION_STYLE_ASSIGNMENT((#15932,#15937));
#15932 = SURFACE_STYLE_USAGE(.BOTH.,#15933);
#15933 = SURFACE_SIDE_STYLE('',(#15934));
#15934 = SURFACE_STYLE_FILL_AREA(#15935);
#15935 = FILL_AREA_STYLE('',(#15936));
#15936 = FILL_AREA_STYLE_COLOUR('',#15837);
#15937 = CURVE_STYLE('',#15938,POSITIVE_LENGTH_MEASURE(0.1),#15837);
#15938 = DRAUGHTING_PRE_DEFINED_CURVE_FONT('continuous');
#15939 = STYLED_ITEM('color',(#15940),#13886);
#15940 = PRESENTATION_STYLE_ASSIGNMENT((#15941,#15946));
#15941 = SURFACE_STYLE_USAGE(.BOTH.,#15942);
#15942 = SURFACE_SIDE_STYLE('',(#15943));
#15943 = SURFACE_STYLE_FILL_AREA(#15944);
#15944 = FILL_AREA_STYLE('',(#15945));
#15945 = FILL_AREA_STYLE_COLOUR('',#15837);
#15946 = CURVE_STYLE('',#15947,POSITIVE_LENGTH_MEASURE(0.1),#15837);
#15947 = DRAUGHTING_PRE_DEFINED_CURVE_FONT('continuous');
#15948 = STYLED_ITEM('color',(#15949),#13909);
#15949 = PRESENTATION_STYLE_ASSIGNMENT((#15950,#15955));
#15950 = SURFACE_STYLE_USAGE(.BOTH.,#15951);
#15951 = SURFACE_SIDE_STYLE('',(#15952));
#15952 = SURFACE_STYLE_FILL_AREA(#15953);
#15953 = FILL_AREA_STYLE('',(#15954));
#15954 = FILL_AREA_STYLE_COLOUR('',#15837);
#15955 = CURVE_STYLE('',#15956,POSITIVE_LENGTH_MEASURE(0.1),#15837);
#15956 = DRAUGHTING_PRE_DEFINED_CURVE_FONT('continuous');
#15957 = STYLED_ITEM('color',(#15958),#13932);
#15958 = PRESENTATION_STYLE_ASSIGNMENT((#15959,#15964));
#15959 = SURFACE_STYLE_USAGE(.BOTH.,#15960);
#15960 = SURFACE_SIDE_STYLE('',(#15961));
#15961 = SURFACE_STYLE_FILL_AREA(#15962);
#15962 = FILL_AREA_STYLE('',(#15963));
#15963 = FILL_AREA_STYLE_COLOUR('',#15837);
#15964 = CURVE_STYLE('',#15965,POSITIVE_LENGTH_MEASURE(0.1),#15837);
#15965 = DRAUGHTING_PRE_DEFINED_CURVE_FONT('continuous');
#15966 = STYLED_ITEM('color',(#15967),#14020);
#15967 = PRESENTATION_STYLE_ASSIGNMENT((#15968,#15973));
#15968 = SURFACE_STYLE_USAGE(.BOTH.,#15969);
#15969 = SURFACE_SIDE_STYLE('',(#15970));
#15970 = SURFACE_STYLE_FILL_AREA(#15971);
#15971 = FILL_AREA_STYLE('',(#15972));
#15972 = FILL_AREA_STYLE_COLOUR('',#15638);
#15973 = CURVE_STYLE('',#15974,POSITIVE_LENGTH_MEASURE(0.1),#15638);
#15974 = DRAUGHTING_PRE_DEFINED_CURVE_FONT('continuous');
#15975 = STYLED_ITEM('color',(#15976),#14095);
#15976 = PRESENTATION_STYLE_ASSIGNMENT((#15977,#15982));
#15977 = SURFACE_STYLE_USAGE(.BOTH.,#15978);
#15978 = SURFACE_SIDE_STYLE('',(#15979));
#15979 = SURFACE_STYLE_FILL_AREA(#15980);
#15980 = FILL_AREA_STYLE('',(#15981));
#15981 = FILL_AREA_STYLE_COLOUR('',#15638);
#15982 = CURVE_STYLE('',#15983,POSITIVE_LENGTH_MEASURE(0.1),#15638);
#15983 = DRAUGHTING_PRE_DEFINED_CURVE_FONT('continuous');
#15984 = STYLED_ITEM('color',(#15985),#14119);
#15985 = PRESENTATION_STYLE_ASSIGNMENT((#15986,#15991));
#15986 = SURFACE_STYLE_USAGE(.BOTH.,#15987);
#15987 = SURFACE_SIDE_STYLE('',(#15988));
#15988 = SURFACE_STYLE_FILL_AREA(#15989);
#15989 = FILL_AREA_STYLE('',(#15990));
#15990 = FILL_AREA_STYLE_COLOUR('',#15638);
#15991 = CURVE_STYLE('',#15992,POSITIVE_LENGTH_MEASURE(0.1),#15638);
#15992 = DRAUGHTING_PRE_DEFINED_CURVE_FONT('continuous');
#15993 = STYLED_ITEM('color',(#15994),#14187);
#15994 = PRESENTATION_STYLE_ASSIGNMENT((#15995,#16000));
#15995 = SURFACE_STYLE_USAGE(.BOTH.,#15996);
#15996 = SURFACE_SIDE_STYLE('',(#15997));
#15997 = SURFACE_STYLE_FILL_AREA(#15998);
#15998 = FILL_AREA_STYLE('',(#15999));
#15999 = FILL_AREA_STYLE_COLOUR('',#15837);
#16000 = CURVE_STYLE('',#16001,POSITIVE_LENGTH_MEASURE(0.1),#15837);
#16001 = DRAUGHTING_PRE_DEFINED_CURVE_FONT('continuous');
#16002 = STYLED_ITEM('color',(#16003),#14275);
#16003 = PRESENTATION_STYLE_ASSIGNMENT((#16004,#16009));
#16004 = SURFACE_STYLE_USAGE(.BOTH.,#16005);
#16005 = SURFACE_SIDE_STYLE('',(#16006));
#16006 = SURFACE_STYLE_FILL_AREA(#16007);
#16007 = FILL_AREA_STYLE('',(#16008));
#16008 = FILL_AREA_STYLE_COLOUR('',#15837);
#16009 = CURVE_STYLE('',#16010,POSITIVE_LENGTH_MEASURE(0.1),#15837);
#16010 = DRAUGHTING_PRE_DEFINED_CURVE_FONT('continuous');
#16011 = STYLED_ITEM('color',(#16012),#14291);
#16012 = PRESENTATION_STYLE_ASSIGNMENT((#16013,#16018));
#16013 = SURFACE_STYLE_USAGE(.BOTH.,#16014);
#16014 = SURFACE_SIDE_STYLE('',(#16015));
#16015 = SURFACE_STYLE_FILL_AREA(#16016);
#16016 = FILL_AREA_STYLE('',(#16017));
#16017 = FILL_AREA_STYLE_COLOUR('',#15837);
#16018 = CURVE_STYLE('',#16019,POSITIVE_LENGTH_MEASURE(0.1),#15837);
#16019 = DRAUGHTING_PRE_DEFINED_CURVE_FONT('continuous');
#16020 = STYLED_ITEM('color',(#16021),#14307);
#16021 = PRESENTATION_STYLE_ASSIGNMENT((#16022,#16027));
#16022 = SURFACE_STYLE_USAGE(.BOTH.,#16023);
#16023 = SURFACE_SIDE_STYLE('',(#16024));
#16024 = SURFACE_STYLE_FILL_AREA(#16025);
#16025 = FILL_AREA_STYLE('',(#16026));
#16026 = FILL_AREA_STYLE_COLOUR('',#15837);
#16027 = CURVE_STYLE('',#16028,POSITIVE_LENGTH_MEASURE(0.1),#15837);
#16028 = DRAUGHTING_PRE_DEFINED_CURVE_FONT('continuous');
#16029 = STYLED_ITEM('color',(#16030),#14323);
#16030 = PRESENTATION_STYLE_ASSIGNMENT((#16031,#16036));
#16031 = SURFACE_STYLE_USAGE(.BOTH.,#16032);
#16032 = SURFACE_SIDE_STYLE('',(#16033));
#16033 = SURFACE_STYLE_FILL_AREA(#16034);
#16034 = FILL_AREA_STYLE('',(#16035));
#16035 = FILL_AREA_STYLE_COLOUR('',#15837);
#16036 = CURVE_STYLE('',#16037,POSITIVE_LENGTH_MEASURE(0.1),#15837);
#16037 = DRAUGHTING_PRE_DEFINED_CURVE_FONT('continuous');
#16038 = STYLED_ITEM('color',(#16039),#14339);
#16039 = PRESENTATION_STYLE_ASSIGNMENT((#16040,#16045));
#16040 = SURFACE_STYLE_USAGE(.BOTH.,#16041);
#16041 = SURFACE_SIDE_STYLE('',(#16042));
#16042 = SURFACE_STYLE_FILL_AREA(#16043);
#16043 = FILL_AREA_STYLE('',(#16044));
#16044 = FILL_AREA_STYLE_COLOUR('',#15837);
#16045 = CURVE_STYLE('',#16046,POSITIVE_LENGTH_MEASURE(0.1),#15837);
#16046 = DRAUGHTING_PRE_DEFINED_CURVE_FONT('continuous');
#16047 = STYLED_ITEM('color',(#16048),#14356);
#16048 = PRESENTATION_STYLE_ASSIGNMENT((#16049,#16054));
#16049 = SURFACE_STYLE_USAGE(.BOTH.,#16050);
#16050 = SURFACE_SIDE_STYLE('',(#16051));
#16051 = SURFACE_STYLE_FILL_AREA(#16052);
#16052 = FILL_AREA_STYLE('',(#16053));
#16053 = FILL_AREA_STYLE_COLOUR('',#15638);
#16054 = CURVE_STYLE('',#16055,POSITIVE_LENGTH_MEASURE(0.1),#15638);
#16055 = DRAUGHTING_PRE_DEFINED_CURVE_FONT('continuous');
#16056 = STYLED_ITEM('color',(#16057),#14389);
#16057 = PRESENTATION_STYLE_ASSIGNMENT((#16058,#16063));
#16058 = SURFACE_STYLE_USAGE(.BOTH.,#16059);
#16059 = SURFACE_SIDE_STYLE('',(#16060));
#16060 = SURFACE_STYLE_FILL_AREA(#16061);
#16061 = FILL_AREA_STYLE('',(#16062));
#16062 = FILL_AREA_STYLE_COLOUR('',#15837);
#16063 = CURVE_STYLE('',#16064,POSITIVE_LENGTH_MEASURE(0.1),#15837);
#16064 = DRAUGHTING_PRE_DEFINED_CURVE_FONT('continuous');
#16065 = STYLED_ITEM('color',(#16066),#14406);
#16066 = PRESENTATION_STYLE_ASSIGNMENT((#16067,#16072));
#16067 = SURFACE_STYLE_USAGE(.BOTH.,#16068);
#16068 = SURFACE_SIDE_STYLE('',(#16069));
#16069 = SURFACE_STYLE_FILL_AREA(#16070);
#16070 = FILL_AREA_STYLE('',(#16071));
#16071 = FILL_AREA_STYLE_COLOUR('',#15638);
#16072 = CURVE_STYLE('',#16073,POSITIVE_LENGTH_MEASURE(0.1),#15638);
#16073 = DRAUGHTING_PRE_DEFINED_CURVE_FONT('continuous');
#16074 = STYLED_ITEM('color',(#16075),#14428);
#16075 = PRESENTATION_STYLE_ASSIGNMENT((#16076,#16081));
#16076 = SURFACE_STYLE_USAGE(.BOTH.,#16077);
#16077 = SURFACE_SIDE_STYLE('',(#16078));
#16078 = SURFACE_STYLE_FILL_AREA(#16079);
#16079 = FILL_AREA_STYLE('',(#16080));
#16080 = FILL_AREA_STYLE_COLOUR('',#15837);
#16081 = CURVE_STYLE('',#16082,POSITIVE_LENGTH_MEASURE(0.1),#15837);
#16082 = DRAUGHTING_PRE_DEFINED_CURVE_FONT('continuous');
#16083 = STYLED_ITEM('color',(#16084),#14459);
#16084 = PRESENTATION_STYLE_ASSIGNMENT((#16085,#16090));
#16085 = SURFACE_STYLE_USAGE(.BOTH.,#16086);
#16086 = SURFACE_SIDE_STYLE('',(#16087));
#16087 = SURFACE_STYLE_FILL_AREA(#16088);
#16088 = FILL_AREA_STYLE('',(#16089));
#16089 = FILL_AREA_STYLE_COLOUR('',#15837);
#16090 = CURVE_STYLE('',#16091,POSITIVE_LENGTH_MEASURE(0.1),#15837);
#16091 = DRAUGHTING_PRE_DEFINED_CURVE_FONT('continuous');
#16092 = STYLED_ITEM('color',(#16093),#14482);
#16093 = PRESENTATION_STYLE_ASSIGNMENT((#16094,#16099));
#16094 = SURFACE_STYLE_USAGE(.BOTH.,#16095);
#16095 = SURFACE_SIDE_STYLE('',(#16096));
#16096 = SURFACE_STYLE_FILL_AREA(#16097);
#16097 = FILL_AREA_STYLE('',(#16098));
#16098 = FILL_AREA_STYLE_COLOUR('',#15837);
#16099 = CURVE_STYLE('',#16100,POSITIVE_LENGTH_MEASURE(0.1),#15837);
#16100 = DRAUGHTING_PRE_DEFINED_CURVE_FONT('continuous');
#16101 = STYLED_ITEM('color',(#16102),#14505);
#16102 = PRESENTATION_STYLE_ASSIGNMENT((#16103,#16108));
#16103 = SURFACE_STYLE_USAGE(.BOTH.,#16104);
#16104 = SURFACE_SIDE_STYLE('',(#16105));
#16105 = SURFACE_STYLE_FILL_AREA(#16106);
#16106 = FILL_AREA_STYLE('',(#16107));
#16107 = FILL_AREA_STYLE_COLOUR('',#15837);
#16108 = CURVE_STYLE('',#16109,POSITIVE_LENGTH_MEASURE(0.1),#15837);
#16109 = DRAUGHTING_PRE_DEFINED_CURVE_FONT('continuous');
#16110 = STYLED_ITEM('color',(#16111),#14528);
#16111 = PRESENTATION_STYLE_ASSIGNMENT((#16112,#16117));
#16112 = SURFACE_STYLE_USAGE(.BOTH.,#16113);
#16113 = SURFACE_SIDE_STYLE('',(#16114));
#16114 = SURFACE_STYLE_FILL_AREA(#16115);
#16115 = FILL_AREA_STYLE('',(#16116));
#16116 = FILL_AREA_STYLE_COLOUR('',#15837);
#16117 = CURVE_STYLE('',#16118,POSITIVE_LENGTH_MEASURE(0.1),#15837);
#16118 = DRAUGHTING_PRE_DEFINED_CURVE_FONT('continuous');
#16119 = STYLED_ITEM('color',(#16120),#14558);
#16120 = PRESENTATION_STYLE_ASSIGNMENT((#16121,#16126));
#16121 = SURFACE_STYLE_USAGE(.BOTH.,#16122);
#16122 = SURFACE_SIDE_STYLE('',(#16123));
#16123 = SURFACE_STYLE_FILL_AREA(#16124);
#16124 = FILL_AREA_STYLE('',(#16125));
#16125 = FILL_AREA_STYLE_COLOUR('',#15638);
#16126 = CURVE_STYLE('',#16127,POSITIVE_LENGTH_MEASURE(0.1),#15638);
#16127 = DRAUGHTING_PRE_DEFINED_CURVE_FONT('continuous');
#16128 = STYLED_ITEM('color',(#16129),#14575);
#16129 = PRESENTATION_STYLE_ASSIGNMENT((#16130,#16135));
#16130 = SURFACE_STYLE_USAGE(.BOTH.,#16131);
#16131 = SURFACE_SIDE_STYLE('',(#16132));
#16132 = SURFACE_STYLE_FILL_AREA(#16133);
#16133 = FILL_AREA_STYLE('',(#16134));
#16134 = FILL_AREA_STYLE_COLOUR('',#15638);
#16135 = CURVE_STYLE('',#16136,POSITIVE_LENGTH_MEASURE(0.1),#15638);
#16136 = DRAUGHTING_PRE_DEFINED_CURVE_FONT('continuous');
#16137 = STYLED_ITEM('color',(#16138),#14592);
#16138 = PRESENTATION_STYLE_ASSIGNMENT((#16139,#16144));
#16139 = SURFACE_STYLE_USAGE(.BOTH.,#16140);
#16140 = SURFACE_SIDE_STYLE('',(#16141));
#16141 = SURFACE_STYLE_FILL_AREA(#16142);
#16142 = FILL_AREA_STYLE('',(#16143));
#16143 = FILL_AREA_STYLE_COLOUR('',#15638);
#16144 = CURVE_STYLE('',#16145,POSITIVE_LENGTH_MEASURE(0.1),#15638);
#16145 = DRAUGHTING_PRE_DEFINED_CURVE_FONT('continuous');
#16146 = STYLED_ITEM('color',(#16147),#14609);
#16147 = PRESENTATION_STYLE_ASSIGNMENT((#16148,#16153));
#16148 = SURFACE_STYLE_USAGE(.BOTH.,#16149);
#16149 = SURFACE_SIDE_STYLE('',(#16150));
#16150 = SURFACE_STYLE_FILL_AREA(#16151);
#16151 = FILL_AREA_STYLE('',(#16152));
#16152 = FILL_AREA_STYLE_COLOUR('',#15638);
#16153 = CURVE_STYLE('',#16154,POSITIVE_LENGTH_MEASURE(0.1),#15638);
#16154 = DRAUGHTING_PRE_DEFINED_CURVE_FONT('continuous');
#16155 = STYLED_ITEM('color',(#16156),#14626);
#16156 = PRESENTATION_STYLE_ASSIGNMENT((#16157,#16162));
#16157 = SURFACE_STYLE_USAGE(.BOTH.,#16158);
#16158 = SURFACE_SIDE_STYLE('',(#16159));
#16159 = SURFACE_STYLE_FILL_AREA(#16160);
#16160 = FILL_AREA_STYLE('',(#16161));
#16161 = FILL_AREA_STYLE_COLOUR('',#15638);
#16162 = CURVE_STYLE('',#16163,POSITIVE_LENGTH_MEASURE(0.1),#15638);
#16163 = DRAUGHTING_PRE_DEFINED_CURVE_FONT('continuous');
#16164 = STYLED_ITEM('color',(#16165),#14643);
#16165 = PRESENTATION_STYLE_ASSIGNMENT((#16166,#16171));
#16166 = SURFACE_STYLE_USAGE(.BOTH.,#16167);
#16167 = SURFACE_SIDE_STYLE('',(#16168));
#16168 = SURFACE_STYLE_FILL_AREA(#16169);
#16169 = FILL_AREA_STYLE('',(#16170));
#16170 = FILL_AREA_STYLE_COLOUR('',#15638);
#16171 = CURVE_STYLE('',#16172,POSITIVE_LENGTH_MEASURE(0.1),#15638);
#16172 = DRAUGHTING_PRE_DEFINED_CURVE_FONT('continuous');
#16173 = STYLED_ITEM('color',(#16174),#14660);
#16174 = PRESENTATION_STYLE_ASSIGNMENT((#16175,#16180));
#16175 = SURFACE_STYLE_USAGE(.BOTH.,#16176);
#16176 = SURFACE_SIDE_STYLE('',(#16177));
#16177 = SURFACE_STYLE_FILL_AREA(#16178);
#16178 = FILL_AREA_STYLE('',(#16179));
#16179 = FILL_AREA_STYLE_COLOUR('',#15638);
#16180 = CURVE_STYLE('',#16181,POSITIVE_LENGTH_MEASURE(0.1),#15638);
#16181 = DRAUGHTING_PRE_DEFINED_CURVE_FONT('continuous');
#16182 = STYLED_ITEM('color',(#16183),#14677);
#16183 = PRESENTATION_STYLE_ASSIGNMENT((#16184,#16189));
#16184 = SURFACE_STYLE_USAGE(.BOTH.,#16185);
#16185 = SURFACE_SIDE_STYLE('',(#16186));
#16186 = SURFACE_STYLE_FILL_AREA(#16187);
#16187 = FILL_AREA_STYLE('',(#16188));
#16188 = FILL_AREA_STYLE_COLOUR('',#15638);
#16189 = CURVE_STYLE('',#16190,POSITIVE_LENGTH_MEASURE(0.1),#15638);
#16190 = DRAUGHTING_PRE_DEFINED_CURVE_FONT('continuous');
#16191 = STYLED_ITEM('color',(#16192),#14689);
#16192 = PRESENTATION_STYLE_ASSIGNMENT((#16193,#16198));
#16193 = SURFACE_STYLE_USAGE(.BOTH.,#16194);
#16194 = SURFACE_SIDE_STYLE('',(#16195));
#16195 = SURFACE_STYLE_FILL_AREA(#16196);
#16196 = FILL_AREA_STYLE('',(#16197));
#16197 = FILL_AREA_STYLE_COLOUR('',#15837);
#16198 = CURVE_STYLE('',#16199,POSITIVE_LENGTH_MEASURE(0.1),#15837);
#16199 = DRAUGHTING_PRE_DEFINED_CURVE_FONT('continuous');
#16200 = STYLED_ITEM('color',(#16201),#14712);
#16201 = PRESENTATION_STYLE_ASSIGNMENT((#16202,#16207));
#16202 = SURFACE_STYLE_USAGE(.BOTH.,#16203);
#16203 = SURFACE_SIDE_STYLE('',(#16204));
#16204 = SURFACE_STYLE_FILL_AREA(#16205);
#16205 = FILL_AREA_STYLE('',(#16206));
#16206 = FILL_AREA_STYLE_COLOUR('',#15837);
#16207 = CURVE_STYLE('',#16208,POSITIVE_LENGTH_MEASURE(0.1),#15837);
#16208 = DRAUGHTING_PRE_DEFINED_CURVE_FONT('continuous');
#16209 = STYLED_ITEM('color',(#16210),#14735);
#16210 = PRESENTATION_STYLE_ASSIGNMENT((#16211,#16216));
#16211 = SURFACE_STYLE_USAGE(.BOTH.,#16212);
#16212 = SURFACE_SIDE_STYLE('',(#16213));
#16213 = SURFACE_STYLE_FILL_AREA(#16214);
#16214 = FILL_AREA_STYLE('',(#16215));
#16215 = FILL_AREA_STYLE_COLOUR('',#15837);
#16216 = CURVE_STYLE('',#16217,POSITIVE_LENGTH_MEASURE(0.1),#15837);
#16217 = DRAUGHTING_PRE_DEFINED_CURVE_FONT('continuous');
#16218 = STYLED_ITEM('color',(#16219),#14752);
#16219 = PRESENTATION_STYLE_ASSIGNMENT((#16220,#16225));
#16220 = SURFACE_STYLE_USAGE(.BOTH.,#16221);
#16221 = SURFACE_SIDE_STYLE('',(#16222));
#16222 = SURFACE_STYLE_FILL_AREA(#16223);
#16223 = FILL_AREA_STYLE('',(#16224));
#16224 = FILL_AREA_STYLE_COLOUR('',#15638);
#16225 = CURVE_STYLE('',#16226,POSITIVE_LENGTH_MEASURE(0.1),#15638);
#16226 = DRAUGHTING_PRE_DEFINED_CURVE_FONT('continuous');
#16227 = STYLED_ITEM('color',(#16228),#14827);
#16228 = PRESENTATION_STYLE_ASSIGNMENT((#16229,#16234));
#16229 = SURFACE_STYLE_USAGE(.BOTH.,#16230);
#16230 = SURFACE_SIDE_STYLE('',(#16231));
#16231 = SURFACE_STYLE_FILL_AREA(#16232);
#16232 = FILL_AREA_STYLE('',(#16233));
#16233 = FILL_AREA_STYLE_COLOUR('',#15638);
#16234 = CURVE_STYLE('',#16235,POSITIVE_LENGTH_MEASURE(0.1),#15638);
#16235 = DRAUGHTING_PRE_DEFINED_CURVE_FONT('continuous');
#16236 = STYLED_ITEM('color',(#16237),#14851);
#16237 = PRESENTATION_STYLE_ASSIGNMENT((#16238,#16243));
#16238 = SURFACE_STYLE_USAGE(.BOTH.,#16239);
#16239 = SURFACE_SIDE_STYLE('',(#16240));
#16240 = SURFACE_STYLE_FILL_AREA(#16241);
#16241 = FILL_AREA_STYLE('',(#16242));
#16242 = FILL_AREA_STYLE_COLOUR('',#15638);
#16243 = CURVE_STYLE('',#16244,POSITIVE_LENGTH_MEASURE(0.1),#15638);
#16244 = DRAUGHTING_PRE_DEFINED_CURVE_FONT('continuous');
#16245 = STYLED_ITEM('color',(#16246),#14919);
#16246 = PRESENTATION_STYLE_ASSIGNMENT((#16247,#16252));
#16247 = SURFACE_STYLE_USAGE(.BOTH.,#16248);
#16248 = SURFACE_SIDE_STYLE('',(#16249));
#16249 = SURFACE_STYLE_FILL_AREA(#16250);
#16250 = FILL_AREA_STYLE('',(#16251));
#16251 = FILL_AREA_STYLE_COLOUR('',#15638);
#16252 = CURVE_STYLE('',#16253,POSITIVE_LENGTH_MEASURE(0.1),#15638);
#16253 = DRAUGHTING_PRE_DEFINED_CURVE_FONT('continuous');
#16254 = STYLED_ITEM('color',(#16255),#14936);
#16255 = PRESENTATION_STYLE_ASSIGNMENT((#16256,#16261));
#16256 = SURFACE_STYLE_USAGE(.BOTH.,#16257);
#16257 = SURFACE_SIDE_STYLE('',(#16258));
#16258 = SURFACE_STYLE_FILL_AREA(#16259);
#16259 = FILL_AREA_STYLE('',(#16260));
#16260 = FILL_AREA_STYLE_COLOUR('',#15837);
#16261 = CURVE_STYLE('',#16262,POSITIVE_LENGTH_MEASURE(0.1),#15837);
#16262 = DRAUGHTING_PRE_DEFINED_CURVE_FONT('continuous');
#16263 = STYLED_ITEM('color',(#16264),#14986);
#16264 = PRESENTATION_STYLE_ASSIGNMENT((#16265,#16270));
#16265 = SURFACE_STYLE_USAGE(.BOTH.,#16266);
#16266 = SURFACE_SIDE_STYLE('',(#16267));
#16267 = SURFACE_STYLE_FILL_AREA(#16268);
#16268 = FILL_AREA_STYLE('',(#16269));
#16269 = FILL_AREA_STYLE_COLOUR('',#15638);
#16270 = CURVE_STYLE('',#16271,POSITIVE_LENGTH_MEASURE(0.1),#15638);
#16271 = DRAUGHTING_PRE_DEFINED_CURVE_FONT('continuous');
#16272 = STYLED_ITEM('color',(#16273),#15003);
#16273 = PRESENTATION_STYLE_ASSIGNMENT((#16274,#16279));
#16274 = SURFACE_STYLE_USAGE(.BOTH.,#16275);
#16275 = SURFACE_SIDE_STYLE('',(#16276));
#16276 = SURFACE_STYLE_FILL_AREA(#16277);
#16277 = FILL_AREA_STYLE('',(#16278));
#16278 = FILL_AREA_STYLE_COLOUR('',#15638);
#16279 = CURVE_STYLE('',#16280,POSITIVE_LENGTH_MEASURE(0.1),#15638);
#16280 = DRAUGHTING_PRE_DEFINED_CURVE_FONT('continuous');
#16281 = STYLED_ITEM('color',(#16282),#15020);
#16282 = PRESENTATION_STYLE_ASSIGNMENT((#16283,#16288));
#16283 = SURFACE_STYLE_USAGE(.BOTH.,#16284);
#16284 = SURFACE_SIDE_STYLE('',(#16285));
#16285 = SURFACE_STYLE_FILL_AREA(#16286);
#16286 = FILL_AREA_STYLE('',(#16287));
#16287 = FILL_AREA_STYLE_COLOUR('',#15638);
#16288 = CURVE_STYLE('',#16289,POSITIVE_LENGTH_MEASURE(0.1),#15638);
#16289 = DRAUGHTING_PRE_DEFINED_CURVE_FONT('continuous');
#16290 = STYLED_ITEM('color',(#16291),#15037);
#16291 = PRESENTATION_STYLE_ASSIGNMENT((#16292,#16297));
#16292 = SURFACE_STYLE_USAGE(.BOTH.,#16293);
#16293 = SURFACE_SIDE_STYLE('',(#16294));
#16294 = SURFACE_STYLE_FILL_AREA(#16295);
#16295 = FILL_AREA_STYLE('',(#16296));
#16296 = FILL_AREA_STYLE_COLOUR('',#15638);
#16297 = CURVE_STYLE('',#16298,POSITIVE_LENGTH_MEASURE(0.1),#15638);
#16298 = DRAUGHTING_PRE_DEFINED_CURVE_FONT('continuous');
#16299 = STYLED_ITEM('color',(#16300),#15054);
#16300 = PRESENTATION_STYLE_ASSIGNMENT((#16301,#16306));
#16301 = SURFACE_STYLE_USAGE(.BOTH.,#16302);
#16302 = SURFACE_SIDE_STYLE('',(#16303));
#16303 = SURFACE_STYLE_FILL_AREA(#16304);
#16304 = FILL_AREA_STYLE('',(#16305));
#16305 = FILL_AREA_STYLE_COLOUR('',#15638);
#16306 = CURVE_STYLE('',#16307,POSITIVE_LENGTH_MEASURE(0.1),#15638);
#16307 = DRAUGHTING_PRE_DEFINED_CURVE_FONT('continuous');
#16308 = STYLED_ITEM('color',(#16309),#15071);
#16309 = PRESENTATION_STYLE_ASSIGNMENT((#16310,#16315));
#16310 = SURFACE_STYLE_USAGE(.BOTH.,#16311);
#16311 = SURFACE_SIDE_STYLE('',(#16312));
#16312 = SURFACE_STYLE_FILL_AREA(#16313);
#16313 = FILL_AREA_STYLE('',(#16314));
#16314 = FILL_AREA_STYLE_COLOUR('',#15638);
#16315 = CURVE_STYLE('',#16316,POSITIVE_LENGTH_MEASURE(0.1),#15638);
#16316 = DRAUGHTING_PRE_DEFINED_CURVE_FONT('continuous');
#16317 = STYLED_ITEM('color',(#16318),#15083);
#16318 = PRESENTATION_STYLE_ASSIGNMENT((#16319,#16325));
#16319 = SURFACE_STYLE_USAGE(.BOTH.,#16320);
#16320 = SURFACE_SIDE_STYLE('',(#16321));
#16321 = SURFACE_STYLE_FILL_AREA(#16322);
#16322 = FILL_AREA_STYLE('',(#16323));
#16323 = FILL_AREA_STYLE_COLOUR('',#16324);
#16324 = COLOUR_RGB('',0.690999998585,0.664000007176,0.597999987832);
#16325 = CURVE_STYLE('',#16326,POSITIVE_LENGTH_MEASURE(0.1),#16324);
#16326 = DRAUGHTING_PRE_DEFINED_CURVE_FONT('continuous');
#16327 = STYLED_ITEM('color',(#16328),#15114);
#16328 = PRESENTATION_STYLE_ASSIGNMENT((#16329,#16334));
#16329 = SURFACE_STYLE_USAGE(.BOTH.,#16330);
#16330 = SURFACE_SIDE_STYLE('',(#16331));
#16331 = SURFACE_STYLE_FILL_AREA(#16332);
#16332 = FILL_AREA_STYLE('',(#16333));
#16333 = FILL_AREA_STYLE_COLOUR('',#16324);
#16334 = CURVE_STYLE('',#16335,POSITIVE_LENGTH_MEASURE(0.1),#16324);
#16335 = DRAUGHTING_PRE_DEFINED_CURVE_FONT('continuous');
#16336 = STYLED_ITEM('color',(#16337),#15138);
#16337 = PRESENTATION_STYLE_ASSIGNMENT((#16338,#16343));
#16338 = SURFACE_STYLE_USAGE(.BOTH.,#16339);
#16339 = SURFACE_SIDE_STYLE('',(#16340));
#16340 = SURFACE_STYLE_FILL_AREA(#16341);
#16341 = FILL_AREA_STYLE('',(#16342));
#16342 = FILL_AREA_STYLE_COLOUR('',#16324);
#16343 = CURVE_STYLE('',#16344,POSITIVE_LENGTH_MEASURE(0.1),#16324);
#16344 = DRAUGHTING_PRE_DEFINED_CURVE_FONT('continuous');
#16345 = STYLED_ITEM('color',(#16346),#15162);
#16346 = PRESENTATION_STYLE_ASSIGNMENT((#16347,#16352));
#16347 = SURFACE_STYLE_USAGE(.BOTH.,#16348);
#16348 = SURFACE_SIDE_STYLE('',(#16349));
#16349 = SURFACE_STYLE_FILL_AREA(#16350);
#16350 = FILL_AREA_STYLE('',(#16351));
#16351 = FILL_AREA_STYLE_COLOUR('',#16324);
#16352 = CURVE_STYLE('',#16353,POSITIVE_LENGTH_MEASURE(0.1),#16324);
#16353 = DRAUGHTING_PRE_DEFINED_CURVE_FONT('continuous');
#16354 = STYLED_ITEM('color',(#16355),#15179);
#16355 = PRESENTATION_STYLE_ASSIGNMENT((#16356,#16361));
#16356 = SURFACE_STYLE_USAGE(.BOTH.,#16357);
#16357 = SURFACE_SIDE_STYLE('',(#16358));
#16358 = SURFACE_STYLE_FILL_AREA(#16359);
#16359 = FILL_AREA_STYLE('',(#16360));
#16360 = FILL_AREA_STYLE_COLOUR('',#16324);
#16361 = CURVE_STYLE('',#16362,POSITIVE_LENGTH_MEASURE(0.1),#16324);
#16362 = DRAUGHTING_PRE_DEFINED_CURVE_FONT('continuous');
#16363 = MECHANICAL_DESIGN_GEOMETRIC_PRESENTATION_REPRESENTATION('',(
    #16364,#16371,#16378,#16385,#16392,#16399,#16406,#16413,#16420,
    #16427,#16434,#16441,#16448,#16455,#16462,#16469,#16476,#16483,
    #16490,#16497,#16504,#16511,#16518,#16525,#16532,#16539,#16546,
    #16553),#1014);
#16364 = STYLED_ITEM('color',(#16365),#162);
#16365 = PRESENTATION_STYLE_ASSIGNMENT((#16366));
#16366 = SURFACE_STYLE_USAGE(.BOTH.,#16367);
#16367 = SURFACE_SIDE_STYLE('',(#16368));
#16368 = SURFACE_STYLE_FILL_AREA(#16369);
#16369 = FILL_AREA_STYLE('',(#16370));
#16370 = FILL_AREA_STYLE_COLOUR('',#15638);
#16371 = STYLED_ITEM('color',(#16372),#238);
#16372 = PRESENTATION_STYLE_ASSIGNMENT((#16373));
#16373 = SURFACE_STYLE_USAGE(.BOTH.,#16374);
#16374 = SURFACE_SIDE_STYLE('',(#16375));
#16375 = SURFACE_STYLE_FILL_AREA(#16376);
#16376 = FILL_AREA_STYLE('',(#16377));
#16377 = FILL_AREA_STYLE_COLOUR('',#15638);
#16378 = STYLED_ITEM('color',(#16379),#269);
#16379 = PRESENTATION_STYLE_ASSIGNMENT((#16380));
#16380 = SURFACE_STYLE_USAGE(.BOTH.,#16381);
#16381 = SURFACE_SIDE_STYLE('',(#16382));
#16382 = SURFACE_STYLE_FILL_AREA(#16383);
#16383 = FILL_AREA_STYLE('',(#16384));
#16384 = FILL_AREA_STYLE_COLOUR('',#15638);
#16385 = STYLED_ITEM('color',(#16386),#294);
#16386 = PRESENTATION_STYLE_ASSIGNMENT((#16387));
#16387 = SURFACE_STYLE_USAGE(.BOTH.,#16388);
#16388 = SURFACE_SIDE_STYLE('',(#16389));
#16389 = SURFACE_STYLE_FILL_AREA(#16390);
#16390 = FILL_AREA_STYLE('',(#16391));
#16391 = FILL_AREA_STYLE_COLOUR('',#15638);
#16392 = STYLED_ITEM('color',(#16393),#319);
#16393 = PRESENTATION_STYLE_ASSIGNMENT((#16394));
#16394 = SURFACE_STYLE_USAGE(.BOTH.,#16395);
#16395 = SURFACE_SIDE_STYLE('',(#16396));
#16396 = SURFACE_STYLE_FILL_AREA(#16397);
#16397 = FILL_AREA_STYLE('',(#16398));
#16398 = FILL_AREA_STYLE_COLOUR('',#15638);
#16399 = STYLED_ITEM('color',(#16400),#343);
#16400 = PRESENTATION_STYLE_ASSIGNMENT((#16401));
#16401 = SURFACE_STYLE_USAGE(.BOTH.,#16402);
#16402 = SURFACE_SIDE_STYLE('',(#16403));
#16403 = SURFACE_STYLE_FILL_AREA(#16404);
#16404 = FILL_AREA_STYLE('',(#16405));
#16405 = FILL_AREA_STYLE_COLOUR('',#15638);
#16406 = STYLED_ITEM('color',(#16407),#367);
#16407 = PRESENTATION_STYLE_ASSIGNMENT((#16408));
#16408 = SURFACE_STYLE_USAGE(.BOTH.,#16409);
#16409 = SURFACE_SIDE_STYLE('',(#16410));
#16410 = SURFACE_STYLE_FILL_AREA(#16411);
#16411 = FILL_AREA_STYLE('',(#16412));
#16412 = FILL_AREA_STYLE_COLOUR('',#15638);
#16413 = STYLED_ITEM('color',(#16414),#392);
#16414 = PRESENTATION_STYLE_ASSIGNMENT((#16415));
#16415 = SURFACE_STYLE_USAGE(.BOTH.,#16416);
#16416 = SURFACE_SIDE_STYLE('',(#16417));
#16417 = SURFACE_STYLE_FILL_AREA(#16418);
#16418 = FILL_AREA_STYLE('',(#16419));
#16419 = FILL_AREA_STYLE_COLOUR('',#15638);
#16420 = STYLED_ITEM('color',(#16421),#417);
#16421 = PRESENTATION_STYLE_ASSIGNMENT((#16422));
#16422 = SURFACE_STYLE_USAGE(.BOTH.,#16423);
#16423 = SURFACE_SIDE_STYLE('',(#16424));
#16424 = SURFACE_STYLE_FILL_AREA(#16425);
#16425 = FILL_AREA_STYLE('',(#16426));
#16426 = FILL_AREA_STYLE_COLOUR('',#15638);
#16427 = STYLED_ITEM('color',(#16428),#434);
#16428 = PRESENTATION_STYLE_ASSIGNMENT((#16429));
#16429 = SURFACE_STYLE_USAGE(.BOTH.,#16430);
#16430 = SURFACE_SIDE_STYLE('',(#16431));
#16431 = SURFACE_STYLE_FILL_AREA(#16432);
#16432 = FILL_AREA_STYLE('',(#16433));
#16433 = FILL_AREA_STYLE_COLOUR('',#15638);
#16434 = STYLED_ITEM('color',(#16435),#520);
#16435 = PRESENTATION_STYLE_ASSIGNMENT((#16436));
#16436 = SURFACE_STYLE_USAGE(.BOTH.,#16437);
#16437 = SURFACE_SIDE_STYLE('',(#16438));
#16438 = SURFACE_STYLE_FILL_AREA(#16439);
#16439 = FILL_AREA_STYLE('',(#16440));
#16440 = FILL_AREA_STYLE_COLOUR('',#15709);
#16441 = STYLED_ITEM('color',(#16442),#552);
#16442 = PRESENTATION_STYLE_ASSIGNMENT((#16443));
#16443 = SURFACE_STYLE_USAGE(.BOTH.,#16444);
#16444 = SURFACE_SIDE_STYLE('',(#16445));
#16445 = SURFACE_STYLE_FILL_AREA(#16446);
#16446 = FILL_AREA_STYLE('',(#16447));
#16447 = FILL_AREA_STYLE_COLOUR('',#15709);
#16448 = STYLED_ITEM('color',(#16449),#576);
#16449 = PRESENTATION_STYLE_ASSIGNMENT((#16450));
#16450 = SURFACE_STYLE_USAGE(.BOTH.,#16451);
#16451 = SURFACE_SIDE_STYLE('',(#16452));
#16452 = SURFACE_STYLE_FILL_AREA(#16453);
#16453 = FILL_AREA_STYLE('',(#16454));
#16454 = FILL_AREA_STYLE_COLOUR('',#15709);
#16455 = STYLED_ITEM('color',(#16456),#601);
#16456 = PRESENTATION_STYLE_ASSIGNMENT((#16457));
#16457 = SURFACE_STYLE_USAGE(.BOTH.,#16458);
#16458 = SURFACE_SIDE_STYLE('',(#16459));
#16459 = SURFACE_STYLE_FILL_AREA(#16460);
#16460 = FILL_AREA_STYLE('',(#16461));
#16461 = FILL_AREA_STYLE_COLOUR('',#15709);
#16462 = STYLED_ITEM('color',(#16463),#625);
#16463 = PRESENTATION_STYLE_ASSIGNMENT((#16464));
#16464 = SURFACE_STYLE_USAGE(.BOTH.,#16465);
#16465 = SURFACE_SIDE_STYLE('',(#16466));
#16466 = SURFACE_STYLE_FILL_AREA(#16467);
#16467 = FILL_AREA_STYLE('',(#16468));
#16468 = FILL_AREA_STYLE_COLOUR('',#15709);
#16469 = STYLED_ITEM('color',(#16470),#650);
#16470 = PRESENTATION_STYLE_ASSIGNMENT((#16471));
#16471 = SURFACE_STYLE_USAGE(.BOTH.,#16472);
#16472 = SURFACE_SIDE_STYLE('',(#16473));
#16473 = SURFACE_STYLE_FILL_AREA(#16474);
#16474 = FILL_AREA_STYLE('',(#16475));
#16475 = FILL_AREA_STYLE_COLOUR('',#15709);
#16476 = STYLED_ITEM('color',(#16477),#674);
#16477 = PRESENTATION_STYLE_ASSIGNMENT((#16478));
#16478 = SURFACE_STYLE_USAGE(.BOTH.,#16479);
#16479 = SURFACE_SIDE_STYLE('',(#16480));
#16480 = SURFACE_STYLE_FILL_AREA(#16481);
#16481 = FILL_AREA_STYLE('',(#16482));
#16482 = FILL_AREA_STYLE_COLOUR('',#15709);
#16483 = STYLED_ITEM('color',(#16484),#699);
#16484 = PRESENTATION_STYLE_ASSIGNMENT((#16485));
#16485 = SURFACE_STYLE_USAGE(.BOTH.,#16486);
#16486 = SURFACE_SIDE_STYLE('',(#16487));
#16487 = SURFACE_STYLE_FILL_AREA(#16488);
#16488 = FILL_AREA_STYLE('',(#16489));
#16489 = FILL_AREA_STYLE_COLOUR('',#15709);
#16490 = STYLED_ITEM('color',(#16491),#716);
#16491 = PRESENTATION_STYLE_ASSIGNMENT((#16492));
#16492 = SURFACE_STYLE_USAGE(.BOTH.,#16493);
#16493 = SURFACE_SIDE_STYLE('',(#16494));
#16494 = SURFACE_STYLE_FILL_AREA(#16495);
#16495 = FILL_AREA_STYLE('',(#16496));
#16496 = FILL_AREA_STYLE_COLOUR('',#15638);
#16497 = STYLED_ITEM('color',(#16498),#802);
#16498 = PRESENTATION_STYLE_ASSIGNMENT((#16499));
#16499 = SURFACE_STYLE_USAGE(.BOTH.,#16500);
#16500 = SURFACE_SIDE_STYLE('',(#16501));
#16501 = SURFACE_STYLE_FILL_AREA(#16502);
#16502 = FILL_AREA_STYLE('',(#16503));
#16503 = FILL_AREA_STYLE_COLOUR('',#15638);
#16504 = STYLED_ITEM('color',(#16505),#833);
#16505 = PRESENTATION_STYLE_ASSIGNMENT((#16506));
#16506 = SURFACE_STYLE_USAGE(.BOTH.,#16507);
#16507 = SURFACE_SIDE_STYLE('',(#16508));
#16508 = SURFACE_STYLE_FILL_AREA(#16509);
#16509 = FILL_AREA_STYLE('',(#16510));
#16510 = FILL_AREA_STYLE_COLOUR('',#15638);
#16511 = STYLED_ITEM('color',(#16512),#858);
#16512 = PRESENTATION_STYLE_ASSIGNMENT((#16513));
#16513 = SURFACE_STYLE_USAGE(.BOTH.,#16514);
#16514 = SURFACE_SIDE_STYLE('',(#16515));
#16515 = SURFACE_STYLE_FILL_AREA(#16516);
#16516 = FILL_AREA_STYLE('',(#16517));
#16517 = FILL_AREA_STYLE_COLOUR('',#15638);
#16518 = STYLED_ITEM('color',(#16519),#883);
#16519 = PRESENTATION_STYLE_ASSIGNMENT((#16520));
#16520 = SURFACE_STYLE_USAGE(.BOTH.,#16521);
#16521 = SURFACE_SIDE_STYLE('',(#16522));
#16522 = SURFACE_STYLE_FILL_AREA(#16523);
#16523 = FILL_AREA_STYLE('',(#16524));
#16524 = FILL_AREA_STYLE_COLOUR('',#15638);
#16525 = STYLED_ITEM('color',(#16526),#907);
#16526 = PRESENTATION_STYLE_ASSIGNMENT((#16527));
#16527 = SURFACE_STYLE_USAGE(.BOTH.,#16528);
#16528 = SURFACE_SIDE_STYLE('',(#16529));
#16529 = SURFACE_STYLE_FILL_AREA(#16530);
#16530 = FILL_AREA_STYLE('',(#16531));
#16531 = FILL_AREA_STYLE_COLOUR('',#15638);
#16532 = STYLED_ITEM('color',(#16533),#931);
#16533 = PRESENTATION_STYLE_ASSIGNMENT((#16534));
#16534 = SURFACE_STYLE_USAGE(.BOTH.,#16535);
#16535 = SURFACE_SIDE_STYLE('',(#16536));
#16536 = SURFACE_STYLE_FILL_AREA(#16537);
#16537 = FILL_AREA_STYLE('',(#16538));
#16538 = FILL_AREA_STYLE_COLOUR('',#15638);
#16539 = STYLED_ITEM('color',(#16540),#956);
#16540 = PRESENTATION_STYLE_ASSIGNMENT((#16541));
#16541 = SURFACE_STYLE_USAGE(.BOTH.,#16542);
#16542 = SURFACE_SIDE_STYLE('',(#16543));
#16543 = SURFACE_STYLE_FILL_AREA(#16544);
#16544 = FILL_AREA_STYLE('',(#16545));
#16545 = FILL_AREA_STYLE_COLOUR('',#15638);
#16546 = STYLED_ITEM('color',(#16547),#981);
#16547 = PRESENTATION_STYLE_ASSIGNMENT((#16548));
#16548 = SURFACE_STYLE_USAGE(.BOTH.,#16549);
#16549 = SURFACE_SIDE_STYLE('',(#16550));
#16550 = SURFACE_STYLE_FILL_AREA(#16551);
#16551 = FILL_AREA_STYLE('',(#16552));
#16552 = FILL_AREA_STYLE_COLOUR('',#15638);
#16553 = STYLED_ITEM('color',(#16554),#998);
#16554 = PRESENTATION_STYLE_ASSIGNMENT((#16555));
#16555 = SURFACE_STYLE_USAGE(.BOTH.,#16556);
#16556 = SURFACE_SIDE_STYLE('',(#16557));
#16557 = SURFACE_STYLE_FILL_AREA(#16558);
#16558 = FILL_AREA_STYLE('',(#16559));
#16559 = FILL_AREA_STYLE_COLOUR('',#15638);
#16560 = MECHANICAL_DESIGN_GEOMETRIC_PRESENTATION_REPRESENTATION('',(
    #16561,#16568,#16575,#16582,#16589,#16596,#16603,#16610,#16618,
    #16625,#16632,#16639,#16646,#16653,#16661,#16668,#16675,#16682,
    #16689,#16696,#16703,#16710,#16717,#16724,#16731,#16738),#4771);
#16561 = STYLED_ITEM('color',(#16562),#3983);
#16562 = PRESENTATION_STYLE_ASSIGNMENT((#16563));
#16563 = SURFACE_STYLE_USAGE(.BOTH.,#16564);
#16564 = SURFACE_SIDE_STYLE('',(#16565));
#16565 = SURFACE_STYLE_FILL_AREA(#16566);
#16566 = FILL_AREA_STYLE('',(#16567));
#16567 = FILL_AREA_STYLE_COLOUR('',#15638);
#16568 = STYLED_ITEM('color',(#16569),#4023);
#16569 = PRESENTATION_STYLE_ASSIGNMENT((#16570));
#16570 = SURFACE_STYLE_USAGE(.BOTH.,#16571);
#16571 = SURFACE_SIDE_STYLE('',(#16572));
#16572 = SURFACE_STYLE_FILL_AREA(#16573);
#16573 = FILL_AREA_STYLE('',(#16574));
#16574 = FILL_AREA_STYLE_COLOUR('',#15638);
#16575 = STYLED_ITEM('color',(#16576),#4106);
#16576 = PRESENTATION_STYLE_ASSIGNMENT((#16577));
#16577 = SURFACE_STYLE_USAGE(.BOTH.,#16578);
#16578 = SURFACE_SIDE_STYLE('',(#16579));
#16579 = SURFACE_STYLE_FILL_AREA(#16580);
#16580 = FILL_AREA_STYLE('',(#16581));
#16581 = FILL_AREA_STYLE_COLOUR('',#15638);
#16582 = STYLED_ITEM('color',(#16583),#4131);
#16583 = PRESENTATION_STYLE_ASSIGNMENT((#16584));
#16584 = SURFACE_STYLE_USAGE(.BOTH.,#16585);
#16585 = SURFACE_SIDE_STYLE('',(#16586));
#16586 = SURFACE_STYLE_FILL_AREA(#16587);
#16587 = FILL_AREA_STYLE('',(#16588));
#16588 = FILL_AREA_STYLE_COLOUR('',#15638);
#16589 = STYLED_ITEM('color',(#16590),#4156);
#16590 = PRESENTATION_STYLE_ASSIGNMENT((#16591));
#16591 = SURFACE_STYLE_USAGE(.BOTH.,#16592);
#16592 = SURFACE_SIDE_STYLE('',(#16593));
#16593 = SURFACE_STYLE_FILL_AREA(#16594);
#16594 = FILL_AREA_STYLE('',(#16595));
#16595 = FILL_AREA_STYLE_COLOUR('',#15638);
#16596 = STYLED_ITEM('color',(#16597),#4223);
#16597 = PRESENTATION_STYLE_ASSIGNMENT((#16598));
#16598 = SURFACE_STYLE_USAGE(.BOTH.,#16599);
#16599 = SURFACE_SIDE_STYLE('',(#16600));
#16600 = SURFACE_STYLE_FILL_AREA(#16601);
#16601 = FILL_AREA_STYLE('',(#16602));
#16602 = FILL_AREA_STYLE_COLOUR('',#15638);
#16603 = STYLED_ITEM('color',(#16604),#4240);
#16604 = PRESENTATION_STYLE_ASSIGNMENT((#16605));
#16605 = SURFACE_STYLE_USAGE(.BOTH.,#16606);
#16606 = SURFACE_SIDE_STYLE('',(#16607));
#16607 = SURFACE_STYLE_FILL_AREA(#16608);
#16608 = FILL_AREA_STYLE('',(#16609));
#16609 = FILL_AREA_STYLE_COLOUR('',#15638);
#16610 = STYLED_ITEM('color',(#16611),#4257);
#16611 = PRESENTATION_STYLE_ASSIGNMENT((#16612));
#16612 = SURFACE_STYLE_USAGE(.BOTH.,#16613);
#16613 = SURFACE_SIDE_STYLE('',(#16614));
#16614 = SURFACE_STYLE_FILL_AREA(#16615);
#16615 = FILL_AREA_STYLE('',(#16616));
#16616 = FILL_AREA_STYLE_COLOUR('',#16617);
#16617 = COLOUR_RGB('',0.894999966383,0.890999961016,0.813000030345);
#16618 = STYLED_ITEM('color',(#16619),#4306);
#16619 = PRESENTATION_STYLE_ASSIGNMENT((#16620));
#16620 = SURFACE_STYLE_USAGE(.BOTH.,#16621);
#16621 = SURFACE_SIDE_STYLE('',(#16622));
#16622 = SURFACE_STYLE_FILL_AREA(#16623);
#16623 = FILL_AREA_STYLE('',(#16624));
#16624 = FILL_AREA_STYLE_COLOUR('',#15638);
#16625 = STYLED_ITEM('color',(#16626),#4323);
#16626 = PRESENTATION_STYLE_ASSIGNMENT((#16627));
#16627 = SURFACE_STYLE_USAGE(.BOTH.,#16628);
#16628 = SURFACE_SIDE_STYLE('',(#16629));
#16629 = SURFACE_STYLE_FILL_AREA(#16630);
#16630 = FILL_AREA_STYLE('',(#16631));
#16631 = FILL_AREA_STYLE_COLOUR('',#15638);
#16632 = STYLED_ITEM('color',(#16633),#4340);
#16633 = PRESENTATION_STYLE_ASSIGNMENT((#16634));
#16634 = SURFACE_STYLE_USAGE(.BOTH.,#16635);
#16635 = SURFACE_SIDE_STYLE('',(#16636));
#16636 = SURFACE_STYLE_FILL_AREA(#16637);
#16637 = FILL_AREA_STYLE('',(#16638));
#16638 = FILL_AREA_STYLE_COLOUR('',#16617);
#16639 = STYLED_ITEM('color',(#16640),#4389);
#16640 = PRESENTATION_STYLE_ASSIGNMENT((#16641));
#16641 = SURFACE_STYLE_USAGE(.BOTH.,#16642);
#16642 = SURFACE_SIDE_STYLE('',(#16643));
#16643 = SURFACE_STYLE_FILL_AREA(#16644);
#16644 = FILL_AREA_STYLE('',(#16645));
#16645 = FILL_AREA_STYLE_COLOUR('',#16617);
#16646 = STYLED_ITEM('color',(#16647),#4406);
#16647 = PRESENTATION_STYLE_ASSIGNMENT((#16648));
#16648 = SURFACE_STYLE_USAGE(.BOTH.,#16649);
#16649 = SURFACE_SIDE_STYLE('',(#16650));
#16650 = SURFACE_STYLE_FILL_AREA(#16651);
#16651 = FILL_AREA_STYLE('',(#16652));
#16652 = FILL_AREA_STYLE_COLOUR('',#15638);
#16653 = STYLED_ITEM('color',(#16654),#4475);
#16654 = PRESENTATION_STYLE_ASSIGNMENT((#16655));
#16655 = SURFACE_STYLE_USAGE(.BOTH.,#16656);
#16656 = SURFACE_SIDE_STYLE('',(#16657));
#16657 = SURFACE_STYLE_FILL_AREA(#16658);
#16658 = FILL_AREA_STYLE('',(#16659));
#16659 = FILL_AREA_STYLE_COLOUR('',#16660);
#16660 = COLOUR_RGB('',8.200000279077E-02,8.600000121357E-02,
  9.399999706163E-02);
#16661 = STYLED_ITEM('color',(#16662),#4506);
#16662 = PRESENTATION_STYLE_ASSIGNMENT((#16663));
#16663 = SURFACE_STYLE_USAGE(.BOTH.,#16664);
#16664 = SURFACE_SIDE_STYLE('',(#16665));
#16665 = SURFACE_STYLE_FILL_AREA(#16666);
#16666 = FILL_AREA_STYLE('',(#16667));
#16667 = FILL_AREA_STYLE_COLOUR('',#16660);
#16668 = STYLED_ITEM('color',(#16669),#4530);
#16669 = PRESENTATION_STYLE_ASSIGNMENT((#16670));
#16670 = SURFACE_STYLE_USAGE(.BOTH.,#16671);
#16671 = SURFACE_SIDE_STYLE('',(#16672));
#16672 = SURFACE_STYLE_FILL_AREA(#16673);
#16673 = FILL_AREA_STYLE('',(#16674));
#16674 = FILL_AREA_STYLE_COLOUR('',#15638);
#16675 = STYLED_ITEM('color',(#16676),#4599);
#16676 = PRESENTATION_STYLE_ASSIGNMENT((#16677));
#16677 = SURFACE_STYLE_USAGE(.BOTH.,#16678);
#16678 = SURFACE_SIDE_STYLE('',(#16679));
#16679 = SURFACE_STYLE_FILL_AREA(#16680);
#16680 = FILL_AREA_STYLE('',(#16681));
#16681 = FILL_AREA_STYLE_COLOUR('',#16660);
#16682 = STYLED_ITEM('color',(#16683),#4623);
#16683 = PRESENTATION_STYLE_ASSIGNMENT((#16684));
#16684 = SURFACE_STYLE_USAGE(.BOTH.,#16685);
#16685 = SURFACE_SIDE_STYLE('',(#16686));
#16686 = SURFACE_STYLE_FILL_AREA(#16687);
#16687 = FILL_AREA_STYLE('',(#16688));
#16688 = FILL_AREA_STYLE_COLOUR('',#15638);
#16689 = STYLED_ITEM('color',(#16690),#4640);
#16690 = PRESENTATION_STYLE_ASSIGNMENT((#16691));
#16691 = SURFACE_STYLE_USAGE(.BOTH.,#16692);
#16692 = SURFACE_SIDE_STYLE('',(#16693));
#16693 = SURFACE_STYLE_FILL_AREA(#16694);
#16694 = FILL_AREA_STYLE('',(#16695));
#16695 = FILL_AREA_STYLE_COLOUR('',#15638);
#16696 = STYLED_ITEM('color',(#16697),#4657);
#16697 = PRESENTATION_STYLE_ASSIGNMENT((#16698));
#16698 = SURFACE_STYLE_USAGE(.BOTH.,#16699);
#16699 = SURFACE_SIDE_STYLE('',(#16700));
#16700 = SURFACE_STYLE_FILL_AREA(#16701);
#16701 = FILL_AREA_STYLE('',(#16702));
#16702 = FILL_AREA_STYLE_COLOUR('',#15638);
#16703 = STYLED_ITEM('color',(#16704),#4674);
#16704 = PRESENTATION_STYLE_ASSIGNMENT((#16705));
#16705 = SURFACE_STYLE_USAGE(.BOTH.,#16706);
#16706 = SURFACE_SIDE_STYLE('',(#16707));
#16707 = SURFACE_STYLE_FILL_AREA(#16708);
#16708 = FILL_AREA_STYLE('',(#16709));
#16709 = FILL_AREA_STYLE_COLOUR('',#15638);
#16710 = STYLED_ITEM('color',(#16711),#4691);
#16711 = PRESENTATION_STYLE_ASSIGNMENT((#16712));
#16712 = SURFACE_STYLE_USAGE(.BOTH.,#16713);
#16713 = SURFACE_SIDE_STYLE('',(#16714));
#16714 = SURFACE_STYLE_FILL_AREA(#16715);
#16715 = FILL_AREA_STYLE('',(#16716));
#16716 = FILL_AREA_STYLE_COLOUR('',#15638);
#16717 = STYLED_ITEM('color',(#16718),#4708);
#16718 = PRESENTATION_STYLE_ASSIGNMENT((#16719));
#16719 = SURFACE_STYLE_USAGE(.BOTH.,#16720);
#16720 = SURFACE_SIDE_STYLE('',(#16721));
#16721 = SURFACE_STYLE_FILL_AREA(#16722);
#16722 = FILL_AREA_STYLE('',(#16723));
#16723 = FILL_AREA_STYLE_COLOUR('',#15638);
#16724 = STYLED_ITEM('color',(#16725),#4725);
#16725 = PRESENTATION_STYLE_ASSIGNMENT((#16726));
#16726 = SURFACE_STYLE_USAGE(.BOTH.,#16727);
#16727 = SURFACE_SIDE_STYLE('',(#16728));
#16728 = SURFACE_STYLE_FILL_AREA(#16729);
#16729 = FILL_AREA_STYLE('',(#16730));
#16730 = FILL_AREA_STYLE_COLOUR('',#15638);
#16731 = STYLED_ITEM('color',(#16732),#4742);
#16732 = PRESENTATION_STYLE_ASSIGNMENT((#16733));
#16733 = SURFACE_STYLE_USAGE(.BOTH.,#16734);
#16734 = SURFACE_SIDE_STYLE('',(#16735));
#16735 = SURFACE_STYLE_FILL_AREA(#16736);
#16736 = FILL_AREA_STYLE('',(#16737));
#16737 = FILL_AREA_STYLE_COLOUR('',#16660);
#16738 = STYLED_ITEM('color',(#16739),#4759);
#16739 = PRESENTATION_STYLE_ASSIGNMENT((#16740));
#16740 = SURFACE_STYLE_USAGE(.BOTH.,#16741);
#16741 = SURFACE_SIDE_STYLE('',(#16742));
#16742 = SURFACE_STYLE_FILL_AREA(#16743);
#16743 = FILL_AREA_STYLE('',(#16744));
#16744 = FILL_AREA_STYLE_COLOUR('',#16660);
#16745 = MECHANICAL_DESIGN_GEOMETRIC_PRESENTATION_REPRESENTATION('',(
    #16746),#13456);
#16746 = STYLED_ITEM('color',(#16747),#8798);
#16747 = PRESENTATION_STYLE_ASSIGNMENT((#16748,#16754));
#16748 = SURFACE_STYLE_USAGE(.BOTH.,#16749);
#16749 = SURFACE_SIDE_STYLE('',(#16750));
#16750 = SURFACE_STYLE_FILL_AREA(#16751);
#16751 = FILL_AREA_STYLE('',(#16752));
#16752 = FILL_AREA_STYLE_COLOUR('',#16753);
#16753 = COLOUR_RGB('',0.859000020776,0.737999965183,0.495999988746);
#16754 = CURVE_STYLE('',#16755,POSITIVE_LENGTH_MEASURE(0.1),#16753);
#16755 = DRAUGHTING_PRE_DEFINED_CURVE_FONT('continuous');
#16756 = MECHANICAL_DESIGN_GEOMETRIC_PRESENTATION_REPRESENTATION('',(
    #16757,#16764,#16771,#16778,#16785,#16792,#16799,#16806,#16813,
    #16820,#16827,#16834,#16841,#16848,#16855,#16862,#16869,#16876,
    #16883,#16890,#16897,#16904,#16911,#16918,#16925,#16932,#16939,
    #16946,#16953,#16960,#16967,#16974,#16981,#16988,#16995,#17002,
    #17009,#17016,#17023,#17030,#17037,#17044,#17051,#17058,#17065,
    #17072,#17079,#17086,#17093,#17100,#17107,#17114),#6265);
#16757 = STYLED_ITEM('color',(#16758),#4835);
#16758 = PRESENTATION_STYLE_ASSIGNMENT((#16759));
#16759 = SURFACE_STYLE_USAGE(.BOTH.,#16760);
#16760 = SURFACE_SIDE_STYLE('',(#16761));
#16761 = SURFACE_STYLE_FILL_AREA(#16762);
#16762 = FILL_AREA_STYLE('',(#16763));
#16763 = FILL_AREA_STYLE_COLOUR('',#15837);
#16764 = STYLED_ITEM('color',(#16765),#4875);
#16765 = PRESENTATION_STYLE_ASSIGNMENT((#16766));
#16766 = SURFACE_STYLE_USAGE(.BOTH.,#16767);
#16767 = SURFACE_SIDE_STYLE('',(#16768));
#16768 = SURFACE_STYLE_FILL_AREA(#16769);
#16769 = FILL_AREA_STYLE('',(#16770));
#16770 = FILL_AREA_STYLE_COLOUR('',#15837);
#16771 = STYLED_ITEM('color',(#16772),#4906);
#16772 = PRESENTATION_STYLE_ASSIGNMENT((#16773));
#16773 = SURFACE_STYLE_USAGE(.BOTH.,#16774);
#16774 = SURFACE_SIDE_STYLE('',(#16775));
#16775 = SURFACE_STYLE_FILL_AREA(#16776);
#16776 = FILL_AREA_STYLE('',(#16777));
#16777 = FILL_AREA_STYLE_COLOUR('',#15837);
#16778 = STYLED_ITEM('color',(#16779),#4937);
#16779 = PRESENTATION_STYLE_ASSIGNMENT((#16780));
#16780 = SURFACE_STYLE_USAGE(.BOTH.,#16781);
#16781 = SURFACE_SIDE_STYLE('',(#16782));
#16782 = SURFACE_STYLE_FILL_AREA(#16783);
#16783 = FILL_AREA_STYLE('',(#16784));
#16784 = FILL_AREA_STYLE_COLOUR('',#15837);
#16785 = STYLED_ITEM('color',(#16786),#5102);
#16786 = PRESENTATION_STYLE_ASSIGNMENT((#16787));
#16787 = SURFACE_STYLE_USAGE(.BOTH.,#16788);
#16788 = SURFACE_SIDE_STYLE('',(#16789));
#16789 = SURFACE_STYLE_FILL_AREA(#16790);
#16790 = FILL_AREA_STYLE('',(#16791));
#16791 = FILL_AREA_STYLE_COLOUR('',#15837);
#16792 = STYLED_ITEM('color',(#16793),#5267);
#16793 = PRESENTATION_STYLE_ASSIGNMENT((#16794));
#16794 = SURFACE_STYLE_USAGE(.BOTH.,#16795);
#16795 = SURFACE_SIDE_STYLE('',(#16796));
#16796 = SURFACE_STYLE_FILL_AREA(#16797);
#16797 = FILL_AREA_STYLE('',(#16798));
#16798 = FILL_AREA_STYLE_COLOUR('',#15837);
#16799 = STYLED_ITEM('color',(#16800),#5284);
#16800 = PRESENTATION_STYLE_ASSIGNMENT((#16801));
#16801 = SURFACE_STYLE_USAGE(.BOTH.,#16802);
#16802 = SURFACE_SIDE_STYLE('',(#16803));
#16803 = SURFACE_STYLE_FILL_AREA(#16804);
#16804 = FILL_AREA_STYLE('',(#16805));
#16805 = FILL_AREA_STYLE_COLOUR('',#15837);
#16806 = STYLED_ITEM('color',(#16807),#5301);
#16807 = PRESENTATION_STYLE_ASSIGNMENT((#16808));
#16808 = SURFACE_STYLE_USAGE(.BOTH.,#16809);
#16809 = SURFACE_SIDE_STYLE('',(#16810));
#16810 = SURFACE_STYLE_FILL_AREA(#16811);
#16811 = FILL_AREA_STYLE('',(#16812));
#16812 = FILL_AREA_STYLE_COLOUR('',#15837);
#16813 = STYLED_ITEM('color',(#16814),#5318);
#16814 = PRESENTATION_STYLE_ASSIGNMENT((#16815));
#16815 = SURFACE_STYLE_USAGE(.BOTH.,#16816);
#16816 = SURFACE_SIDE_STYLE('',(#16817));
#16817 = SURFACE_STYLE_FILL_AREA(#16818);
#16818 = FILL_AREA_STYLE('',(#16819));
#16819 = FILL_AREA_STYLE_COLOUR('',#15837);
#16820 = STYLED_ITEM('color',(#16821),#5335);
#16821 = PRESENTATION_STYLE_ASSIGNMENT((#16822));
#16822 = SURFACE_STYLE_USAGE(.BOTH.,#16823);
#16823 = SURFACE_SIDE_STYLE('',(#16824));
#16824 = SURFACE_STYLE_FILL_AREA(#16825);
#16825 = FILL_AREA_STYLE('',(#16826));
#16826 = FILL_AREA_STYLE_COLOUR('',#15837);
#16827 = STYLED_ITEM('color',(#16828),#5352);
#16828 = PRESENTATION_STYLE_ASSIGNMENT((#16829));
#16829 = SURFACE_STYLE_USAGE(.BOTH.,#16830);
#16830 = SURFACE_SIDE_STYLE('',(#16831));
#16831 = SURFACE_STYLE_FILL_AREA(#16832);
#16832 = FILL_AREA_STYLE('',(#16833));
#16833 = FILL_AREA_STYLE_COLOUR('',#15837);
#16834 = STYLED_ITEM('color',(#16835),#5369);
#16835 = PRESENTATION_STYLE_ASSIGNMENT((#16836));
#16836 = SURFACE_STYLE_USAGE(.BOTH.,#16837);
#16837 = SURFACE_SIDE_STYLE('',(#16838));
#16838 = SURFACE_STYLE_FILL_AREA(#16839);
#16839 = FILL_AREA_STYLE('',(#16840));
#16840 = FILL_AREA_STYLE_COLOUR('',#15837);
#16841 = STYLED_ITEM('color',(#16842),#5386);
#16842 = PRESENTATION_STYLE_ASSIGNMENT((#16843));
#16843 = SURFACE_STYLE_USAGE(.BOTH.,#16844);
#16844 = SURFACE_SIDE_STYLE('',(#16845));
#16845 = SURFACE_STYLE_FILL_AREA(#16846);
#16846 = FILL_AREA_STYLE('',(#16847));
#16847 = FILL_AREA_STYLE_COLOUR('',#15837);
#16848 = STYLED_ITEM('color',(#16849),#5403);
#16849 = PRESENTATION_STYLE_ASSIGNMENT((#16850));
#16850 = SURFACE_STYLE_USAGE(.BOTH.,#16851);
#16851 = SURFACE_SIDE_STYLE('',(#16852));
#16852 = SURFACE_STYLE_FILL_AREA(#16853);
#16853 = FILL_AREA_STYLE('',(#16854));
#16854 = FILL_AREA_STYLE_COLOUR('',#15837);
#16855 = STYLED_ITEM('color',(#16856),#5420);
#16856 = PRESENTATION_STYLE_ASSIGNMENT((#16857));
#16857 = SURFACE_STYLE_USAGE(.BOTH.,#16858);
#16858 = SURFACE_SIDE_STYLE('',(#16859));
#16859 = SURFACE_STYLE_FILL_AREA(#16860);
#16860 = FILL_AREA_STYLE('',(#16861));
#16861 = FILL_AREA_STYLE_COLOUR('',#15837);
#16862 = STYLED_ITEM('color',(#16863),#5437);
#16863 = PRESENTATION_STYLE_ASSIGNMENT((#16864));
#16864 = SURFACE_STYLE_USAGE(.BOTH.,#16865);
#16865 = SURFACE_SIDE_STYLE('',(#16866));
#16866 = SURFACE_STYLE_FILL_AREA(#16867);
#16867 = FILL_AREA_STYLE('',(#16868));
#16868 = FILL_AREA_STYLE_COLOUR('',#15837);
#16869 = STYLED_ITEM('color',(#16870),#5449);
#16870 = PRESENTATION_STYLE_ASSIGNMENT((#16871));
#16871 = SURFACE_STYLE_USAGE(.BOTH.,#16872);
#16872 = SURFACE_SIDE_STYLE('',(#16873));
#16873 = SURFACE_STYLE_FILL_AREA(#16874);
#16874 = FILL_AREA_STYLE('',(#16875));
#16875 = FILL_AREA_STYLE_COLOUR('',#16753);
#16876 = STYLED_ITEM('color',(#16877),#5480);
#16877 = PRESENTATION_STYLE_ASSIGNMENT((#16878));
#16878 = SURFACE_STYLE_USAGE(.BOTH.,#16879);
#16879 = SURFACE_SIDE_STYLE('',(#16880));
#16880 = SURFACE_STYLE_FILL_AREA(#16881);
#16881 = FILL_AREA_STYLE('',(#16882));
#16882 = FILL_AREA_STYLE_COLOUR('',#16753);
#16883 = STYLED_ITEM('color',(#16884),#5504);
#16884 = PRESENTATION_STYLE_ASSIGNMENT((#16885));
#16885 = SURFACE_STYLE_USAGE(.BOTH.,#16886);
#16886 = SURFACE_SIDE_STYLE('',(#16887));
#16887 = SURFACE_STYLE_FILL_AREA(#16888);
#16888 = FILL_AREA_STYLE('',(#16889));
#16889 = FILL_AREA_STYLE_COLOUR('',#16753);
#16890 = STYLED_ITEM('color',(#16891),#5528);
#16891 = PRESENTATION_STYLE_ASSIGNMENT((#16892));
#16892 = SURFACE_STYLE_USAGE(.BOTH.,#16893);
#16893 = SURFACE_SIDE_STYLE('',(#16894));
#16894 = SURFACE_STYLE_FILL_AREA(#16895);
#16895 = FILL_AREA_STYLE('',(#16896));
#16896 = FILL_AREA_STYLE_COLOUR('',#16753);
#16897 = STYLED_ITEM('color',(#16898),#5545);
#16898 = PRESENTATION_STYLE_ASSIGNMENT((#16899));
#16899 = SURFACE_STYLE_USAGE(.BOTH.,#16900);
#16900 = SURFACE_SIDE_STYLE('',(#16901));
#16901 = SURFACE_STYLE_FILL_AREA(#16902);
#16902 = FILL_AREA_STYLE('',(#16903));
#16903 = FILL_AREA_STYLE_COLOUR('',#16753);
#16904 = STYLED_ITEM('color',(#16905),#5576);
#16905 = PRESENTATION_STYLE_ASSIGNMENT((#16906));
#16906 = SURFACE_STYLE_USAGE(.BOTH.,#16907);
#16907 = SURFACE_SIDE_STYLE('',(#16908));
#16908 = SURFACE_STYLE_FILL_AREA(#16909);
#16909 = FILL_AREA_STYLE('',(#16910));
#16910 = FILL_AREA_STYLE_COLOUR('',#16753);
#16911 = STYLED_ITEM('color',(#16912),#5600);
#16912 = PRESENTATION_STYLE_ASSIGNMENT((#16913));
#16913 = SURFACE_STYLE_USAGE(.BOTH.,#16914);
#16914 = SURFACE_SIDE_STYLE('',(#16915));
#16915 = SURFACE_STYLE_FILL_AREA(#16916);
#16916 = FILL_AREA_STYLE('',(#16917));
#16917 = FILL_AREA_STYLE_COLOUR('',#16753);
#16918 = STYLED_ITEM('color',(#16919),#5624);
#16919 = PRESENTATION_STYLE_ASSIGNMENT((#16920));
#16920 = SURFACE_STYLE_USAGE(.BOTH.,#16921);
#16921 = SURFACE_SIDE_STYLE('',(#16922));
#16922 = SURFACE_STYLE_FILL_AREA(#16923);
#16923 = FILL_AREA_STYLE('',(#16924));
#16924 = FILL_AREA_STYLE_COLOUR('',#16753);
#16925 = STYLED_ITEM('color',(#16926),#5641);
#16926 = PRESENTATION_STYLE_ASSIGNMENT((#16927));
#16927 = SURFACE_STYLE_USAGE(.BOTH.,#16928);
#16928 = SURFACE_SIDE_STYLE('',(#16929));
#16929 = SURFACE_STYLE_FILL_AREA(#16930);
#16930 = FILL_AREA_STYLE('',(#16931));
#16931 = FILL_AREA_STYLE_COLOUR('',#16753);
#16932 = STYLED_ITEM('color',(#16933),#5672);
#16933 = PRESENTATION_STYLE_ASSIGNMENT((#16934));
#16934 = SURFACE_STYLE_USAGE(.BOTH.,#16935);
#16935 = SURFACE_SIDE_STYLE('',(#16936));
#16936 = SURFACE_STYLE_FILL_AREA(#16937);
#16937 = FILL_AREA_STYLE('',(#16938));
#16938 = FILL_AREA_STYLE_COLOUR('',#16753);
#16939 = STYLED_ITEM('color',(#16940),#5696);
#16940 = PRESENTATION_STYLE_ASSIGNMENT((#16941));
#16941 = SURFACE_STYLE_USAGE(.BOTH.,#16942);
#16942 = SURFACE_SIDE_STYLE('',(#16943));
#16943 = SURFACE_STYLE_FILL_AREA(#16944);
#16944 = FILL_AREA_STYLE('',(#16945));
#16945 = FILL_AREA_STYLE_COLOUR('',#16753);
#16946 = STYLED_ITEM('color',(#16947),#5720);
#16947 = PRESENTATION_STYLE_ASSIGNMENT((#16948));
#16948 = SURFACE_STYLE_USAGE(.BOTH.,#16949);
#16949 = SURFACE_SIDE_STYLE('',(#16950));
#16950 = SURFACE_STYLE_FILL_AREA(#16951);
#16951 = FILL_AREA_STYLE('',(#16952));
#16952 = FILL_AREA_STYLE_COLOUR('',#16753);
#16953 = STYLED_ITEM('color',(#16954),#5737);
#16954 = PRESENTATION_STYLE_ASSIGNMENT((#16955));
#16955 = SURFACE_STYLE_USAGE(.BOTH.,#16956);
#16956 = SURFACE_SIDE_STYLE('',(#16957));
#16957 = SURFACE_STYLE_FILL_AREA(#16958);
#16958 = FILL_AREA_STYLE('',(#16959));
#16959 = FILL_AREA_STYLE_COLOUR('',#16753);
#16960 = STYLED_ITEM('color',(#16961),#5768);
#16961 = PRESENTATION_STYLE_ASSIGNMENT((#16962));
#16962 = SURFACE_STYLE_USAGE(.BOTH.,#16963);
#16963 = SURFACE_SIDE_STYLE('',(#16964));
#16964 = SURFACE_STYLE_FILL_AREA(#16965);
#16965 = FILL_AREA_STYLE('',(#16966));
#16966 = FILL_AREA_STYLE_COLOUR('',#16753);
#16967 = STYLED_ITEM('color',(#16968),#5792);
#16968 = PRESENTATION_STYLE_ASSIGNMENT((#16969));
#16969 = SURFACE_STYLE_USAGE(.BOTH.,#16970);
#16970 = SURFACE_SIDE_STYLE('',(#16971));
#16971 = SURFACE_STYLE_FILL_AREA(#16972);
#16972 = FILL_AREA_STYLE('',(#16973));
#16973 = FILL_AREA_STYLE_COLOUR('',#16753);
#16974 = STYLED_ITEM('color',(#16975),#5816);
#16975 = PRESENTATION_STYLE_ASSIGNMENT((#16976));
#16976 = SURFACE_STYLE_USAGE(.BOTH.,#16977);
#16977 = SURFACE_SIDE_STYLE('',(#16978));
#16978 = SURFACE_STYLE_FILL_AREA(#16979);
#16979 = FILL_AREA_STYLE('',(#16980));
#16980 = FILL_AREA_STYLE_COLOUR('',#16753);
#16981 = STYLED_ITEM('color',(#16982),#5833);
#16982 = PRESENTATION_STYLE_ASSIGNMENT((#16983));
#16983 = SURFACE_STYLE_USAGE(.BOTH.,#16984);
#16984 = SURFACE_SIDE_STYLE('',(#16985));
#16985 = SURFACE_STYLE_FILL_AREA(#16986);
#16986 = FILL_AREA_STYLE('',(#16987));
#16987 = FILL_AREA_STYLE_COLOUR('',#16753);
#16988 = STYLED_ITEM('color',(#16989),#5864);
#16989 = PRESENTATION_STYLE_ASSIGNMENT((#16990));
#16990 = SURFACE_STYLE_USAGE(.BOTH.,#16991);
#16991 = SURFACE_SIDE_STYLE('',(#16992));
#16992 = SURFACE_STYLE_FILL_AREA(#16993);
#16993 = FILL_AREA_STYLE('',(#16994));
#16994 = FILL_AREA_STYLE_COLOUR('',#16753);
#16995 = STYLED_ITEM('color',(#16996),#5888);
#16996 = PRESENTATION_STYLE_ASSIGNMENT((#16997));
#16997 = SURFACE_STYLE_USAGE(.BOTH.,#16998);
#16998 = SURFACE_SIDE_STYLE('',(#16999));
#16999 = SURFACE_STYLE_FILL_AREA(#17000);
#17000 = FILL_AREA_STYLE('',(#17001));
#17001 = FILL_AREA_STYLE_COLOUR('',#16753);
#17002 = STYLED_ITEM('color',(#17003),#5912);
#17003 = PRESENTATION_STYLE_ASSIGNMENT((#17004));
#17004 = SURFACE_STYLE_USAGE(.BOTH.,#17005);
#17005 = SURFACE_SIDE_STYLE('',(#17006));
#17006 = SURFACE_STYLE_FILL_AREA(#17007);
#17007 = FILL_AREA_STYLE('',(#17008));
#17008 = FILL_AREA_STYLE_COLOUR('',#16753);
#17009 = STYLED_ITEM('color',(#17010),#5929);
#17010 = PRESENTATION_STYLE_ASSIGNMENT((#17011));
#17011 = SURFACE_STYLE_USAGE(.BOTH.,#17012);
#17012 = SURFACE_SIDE_STYLE('',(#17013));
#17013 = SURFACE_STYLE_FILL_AREA(#17014);
#17014 = FILL_AREA_STYLE('',(#17015));
#17015 = FILL_AREA_STYLE_COLOUR('',#16753);
#17016 = STYLED_ITEM('color',(#17017),#5960);
#17017 = PRESENTATION_STYLE_ASSIGNMENT((#17018));
#17018 = SURFACE_STYLE_USAGE(.BOTH.,#17019);
#17019 = SURFACE_SIDE_STYLE('',(#17020));
#17020 = SURFACE_STYLE_FILL_AREA(#17021);
#17021 = FILL_AREA_STYLE('',(#17022));
#17022 = FILL_AREA_STYLE_COLOUR('',#16753);
#17023 = STYLED_ITEM('color',(#17024),#5984);
#17024 = PRESENTATION_STYLE_ASSIGNMENT((#17025));
#17025 = SURFACE_STYLE_USAGE(.BOTH.,#17026);
#17026 = SURFACE_SIDE_STYLE('',(#17027));
#17027 = SURFACE_STYLE_FILL_AREA(#17028);
#17028 = FILL_AREA_STYLE('',(#17029));
#17029 = FILL_AREA_STYLE_COLOUR('',#16753);
#17030 = STYLED_ITEM('color',(#17031),#6008);
#17031 = PRESENTATION_STYLE_ASSIGNMENT((#17032));
#17032 = SURFACE_STYLE_USAGE(.BOTH.,#17033);
#17033 = SURFACE_SIDE_STYLE('',(#17034));
#17034 = SURFACE_STYLE_FILL_AREA(#17035);
#17035 = FILL_AREA_STYLE('',(#17036));
#17036 = FILL_AREA_STYLE_COLOUR('',#16753);
#17037 = STYLED_ITEM('color',(#17038),#6025);
#17038 = PRESENTATION_STYLE_ASSIGNMENT((#17039));
#17039 = SURFACE_STYLE_USAGE(.BOTH.,#17040);
#17040 = SURFACE_SIDE_STYLE('',(#17041));
#17041 = SURFACE_STYLE_FILL_AREA(#17042);
#17042 = FILL_AREA_STYLE('',(#17043));
#17043 = FILL_AREA_STYLE_COLOUR('',#16753);
#17044 = STYLED_ITEM('color',(#17045),#6056);
#17045 = PRESENTATION_STYLE_ASSIGNMENT((#17046));
#17046 = SURFACE_STYLE_USAGE(.BOTH.,#17047);
#17047 = SURFACE_SIDE_STYLE('',(#17048));
#17048 = SURFACE_STYLE_FILL_AREA(#17049);
#17049 = FILL_AREA_STYLE('',(#17050));
#17050 = FILL_AREA_STYLE_COLOUR('',#16753);
#17051 = STYLED_ITEM('color',(#17052),#6080);
#17052 = PRESENTATION_STYLE_ASSIGNMENT((#17053));
#17053 = SURFACE_STYLE_USAGE(.BOTH.,#17054);
#17054 = SURFACE_SIDE_STYLE('',(#17055));
#17055 = SURFACE_STYLE_FILL_AREA(#17056);
#17056 = FILL_AREA_STYLE('',(#17057));
#17057 = FILL_AREA_STYLE_COLOUR('',#16753);
#17058 = STYLED_ITEM('color',(#17059),#6104);
#17059 = PRESENTATION_STYLE_ASSIGNMENT((#17060));
#17060 = SURFACE_STYLE_USAGE(.BOTH.,#17061);
#17061 = SURFACE_SIDE_STYLE('',(#17062));
#17062 = SURFACE_STYLE_FILL_AREA(#17063);
#17063 = FILL_AREA_STYLE('',(#17064));
#17064 = FILL_AREA_STYLE_COLOUR('',#16753);
#17065 = STYLED_ITEM('color',(#17066),#6121);
#17066 = PRESENTATION_STYLE_ASSIGNMENT((#17067));
#17067 = SURFACE_STYLE_USAGE(.BOTH.,#17068);
#17068 = SURFACE_SIDE_STYLE('',(#17069));
#17069 = SURFACE_STYLE_FILL_AREA(#17070);
#17070 = FILL_AREA_STYLE('',(#17071));
#17071 = FILL_AREA_STYLE_COLOUR('',#16753);
#17072 = STYLED_ITEM('color',(#17073),#6152);
#17073 = PRESENTATION_STYLE_ASSIGNMENT((#17074));
#17074 = SURFACE_STYLE_USAGE(.BOTH.,#17075);
#17075 = SURFACE_SIDE_STYLE('',(#17076));
#17076 = SURFACE_STYLE_FILL_AREA(#17077);
#17077 = FILL_AREA_STYLE('',(#17078));
#17078 = FILL_AREA_STYLE_COLOUR('',#16753);
#17079 = STYLED_ITEM('color',(#17080),#6176);
#17080 = PRESENTATION_STYLE_ASSIGNMENT((#17081));
#17081 = SURFACE_STYLE_USAGE(.BOTH.,#17082);
#17082 = SURFACE_SIDE_STYLE('',(#17083));
#17083 = SURFACE_STYLE_FILL_AREA(#17084);
#17084 = FILL_AREA_STYLE('',(#17085));
#17085 = FILL_AREA_STYLE_COLOUR('',#16753);
#17086 = STYLED_ITEM('color',(#17087),#6200);
#17087 = PRESENTATION_STYLE_ASSIGNMENT((#17088));
#17088 = SURFACE_STYLE_USAGE(.BOTH.,#17089);
#17089 = SURFACE_SIDE_STYLE('',(#17090));
#17090 = SURFACE_STYLE_FILL_AREA(#17091);
#17091 = FILL_AREA_STYLE('',(#17092));
#17092 = FILL_AREA_STYLE_COLOUR('',#16753);
#17093 = STYLED_ITEM('color',(#17094),#6217);
#17094 = PRESENTATION_STYLE_ASSIGNMENT((#17095));
#17095 = SURFACE_STYLE_USAGE(.BOTH.,#17096);
#17096 = SURFACE_SIDE_STYLE('',(#17097));
#17097 = SURFACE_STYLE_FILL_AREA(#17098);
#17098 = FILL_AREA_STYLE('',(#17099));
#17099 = FILL_AREA_STYLE_COLOUR('',#16753);
#17100 = STYLED_ITEM('color',(#17101),#6229);
#17101 = PRESENTATION_STYLE_ASSIGNMENT((#17102));
#17102 = SURFACE_STYLE_USAGE(.BOTH.,#17103);
#17103 = SURFACE_SIDE_STYLE('',(#17104));
#17104 = SURFACE_STYLE_FILL_AREA(#17105);
#17105 = FILL_AREA_STYLE('',(#17106));
#17106 = FILL_AREA_STYLE_COLOUR('',#16753);
#17107 = STYLED_ITEM('color',(#17108),#6241);
#17108 = PRESENTATION_STYLE_ASSIGNMENT((#17109));
#17109 = SURFACE_STYLE_USAGE(.BOTH.,#17110);
#17110 = SURFACE_SIDE_STYLE('',(#17111));
#17111 = SURFACE_STYLE_FILL_AREA(#17112);
#17112 = FILL_AREA_STYLE('',(#17113));
#17113 = FILL_AREA_STYLE_COLOUR('',#16753);
#17114 = STYLED_ITEM('color',(#17115),#6253);
#17115 = PRESENTATION_STYLE_ASSIGNMENT((#17116));
#17116 = SURFACE_STYLE_USAGE(.BOTH.,#17117);
#17117 = SURFACE_SIDE_STYLE('',(#17118));
#17118 = SURFACE_STYLE_FILL_AREA(#17119);
#17119 = FILL_AREA_STYLE('',(#17120));
#17120 = FILL_AREA_STYLE_COLOUR('',#16753);
#17121 = MECHANICAL_DESIGN_GEOMETRIC_PRESENTATION_REPRESENTATION('',(
    #17122,#17129,#17136,#17143,#17150,#17157,#17164,#17171,#17178,
    #17185,#17192,#17199,#17206,#17213,#17220,#17227,#17234,#17241,
    #17248,#17255,#17262,#17269,#17276,#17283,#17290,#17297,#17304,
    #17311,#17318,#17325,#17332,#17339,#17346,#17353,#17360,#17367,
    #17375,#17382,#17389,#17396,#17403,#17410,#17417,#17424,#17431,
    #17438,#17445,#17452,#17459,#17466),#8736);
#17122 = STYLED_ITEM('color',(#17123),#7215);
#17123 = PRESENTATION_STYLE_ASSIGNMENT((#17124));
#17124 = SURFACE_STYLE_USAGE(.BOTH.,#17125);
#17125 = SURFACE_SIDE_STYLE('',(#17126));
#17126 = SURFACE_STYLE_FILL_AREA(#17127);
#17127 = FILL_AREA_STYLE('',(#17128));
#17128 = FILL_AREA_STYLE_COLOUR('',#16617);
#17129 = STYLED_ITEM('color',(#17130),#7255);
#17130 = PRESENTATION_STYLE_ASSIGNMENT((#17131));
#17131 = SURFACE_STYLE_USAGE(.BOTH.,#17132);
#17132 = SURFACE_SIDE_STYLE('',(#17133));
#17133 = SURFACE_STYLE_FILL_AREA(#17134);
#17134 = FILL_AREA_STYLE('',(#17135));
#17135 = FILL_AREA_STYLE_COLOUR('',#16617);
#17136 = STYLED_ITEM('color',(#17137),#7302);
#17137 = PRESENTATION_STYLE_ASSIGNMENT((#17138));
#17138 = SURFACE_STYLE_USAGE(.BOTH.,#17139);
#17139 = SURFACE_SIDE_STYLE('',(#17140));
#17140 = SURFACE_STYLE_FILL_AREA(#17141);
#17141 = FILL_AREA_STYLE('',(#17142));
#17142 = FILL_AREA_STYLE_COLOUR('',#16617);
#17143 = STYLED_ITEM('color',(#17144),#7381);
#17144 = PRESENTATION_STYLE_ASSIGNMENT((#17145));
#17145 = SURFACE_STYLE_USAGE(.BOTH.,#17146);
#17146 = SURFACE_SIDE_STYLE('',(#17147));
#17147 = SURFACE_STYLE_FILL_AREA(#17148);
#17148 = FILL_AREA_STYLE('',(#17149));
#17149 = FILL_AREA_STYLE_COLOUR('',#16617);
#17150 = STYLED_ITEM('color',(#17151),#7405);
#17151 = PRESENTATION_STYLE_ASSIGNMENT((#17152));
#17152 = SURFACE_STYLE_USAGE(.BOTH.,#17153);
#17153 = SURFACE_SIDE_STYLE('',(#17154));
#17154 = SURFACE_STYLE_FILL_AREA(#17155);
#17155 = FILL_AREA_STYLE('',(#17156));
#17156 = FILL_AREA_STYLE_COLOUR('',#16617);
#17157 = STYLED_ITEM('color',(#17158),#7445);
#17158 = PRESENTATION_STYLE_ASSIGNMENT((#17159));
#17159 = SURFACE_STYLE_USAGE(.BOTH.,#17160);
#17160 = SURFACE_SIDE_STYLE('',(#17161));
#17161 = SURFACE_STYLE_FILL_AREA(#17162);
#17162 = FILL_AREA_STYLE('',(#17163));
#17163 = FILL_AREA_STYLE_COLOUR('',#16617);
#17164 = STYLED_ITEM('color',(#17165),#7476);
#17165 = PRESENTATION_STYLE_ASSIGNMENT((#17166));
#17166 = SURFACE_STYLE_USAGE(.BOTH.,#17167);
#17167 = SURFACE_SIDE_STYLE('',(#17168));
#17168 = SURFACE_STYLE_FILL_AREA(#17169);
#17169 = FILL_AREA_STYLE('',(#17170));
#17170 = FILL_AREA_STYLE_COLOUR('',#16617);
#17171 = STYLED_ITEM('color',(#17172),#7493);
#17172 = PRESENTATION_STYLE_ASSIGNMENT((#17173));
#17173 = SURFACE_STYLE_USAGE(.BOTH.,#17174);
#17174 = SURFACE_SIDE_STYLE('',(#17175));
#17175 = SURFACE_STYLE_FILL_AREA(#17176);
#17176 = FILL_AREA_STYLE('',(#17177));
#17177 = FILL_AREA_STYLE_COLOUR('',#16753);
#17178 = STYLED_ITEM('color',(#17179),#7526);
#17179 = PRESENTATION_STYLE_ASSIGNMENT((#17180));
#17180 = SURFACE_STYLE_USAGE(.BOTH.,#17181);
#17181 = SURFACE_SIDE_STYLE('',(#17182));
#17182 = SURFACE_STYLE_FILL_AREA(#17183);
#17183 = FILL_AREA_STYLE('',(#17184));
#17184 = FILL_AREA_STYLE_COLOUR('',#16617);
#17185 = STYLED_ITEM('color',(#17186),#7550);
#17186 = PRESENTATION_STYLE_ASSIGNMENT((#17187));
#17187 = SURFACE_STYLE_USAGE(.BOTH.,#17188);
#17188 = SURFACE_SIDE_STYLE('',(#17189));
#17189 = SURFACE_STYLE_FILL_AREA(#17190);
#17190 = FILL_AREA_STYLE('',(#17191));
#17191 = FILL_AREA_STYLE_COLOUR('',#16753);
#17192 = STYLED_ITEM('color',(#17193),#7617);
#17193 = PRESENTATION_STYLE_ASSIGNMENT((#17194));
#17194 = SURFACE_STYLE_USAGE(.BOTH.,#17195);
#17195 = SURFACE_SIDE_STYLE('',(#17196));
#17196 = SURFACE_STYLE_FILL_AREA(#17197);
#17197 = FILL_AREA_STYLE('',(#17198));
#17198 = FILL_AREA_STYLE_COLOUR('',#16617);
#17199 = STYLED_ITEM('color',(#17200),#7738);
#17200 = PRESENTATION_STYLE_ASSIGNMENT((#17201));
#17201 = SURFACE_STYLE_USAGE(.BOTH.,#17202);
#17202 = SURFACE_SIDE_STYLE('',(#17203));
#17203 = SURFACE_STYLE_FILL_AREA(#17204);
#17204 = FILL_AREA_STYLE('',(#17205));
#17205 = FILL_AREA_STYLE_COLOUR('',#16753);
#17206 = STYLED_ITEM('color',(#17207),#7805);
#17207 = PRESENTATION_STYLE_ASSIGNMENT((#17208));
#17208 = SURFACE_STYLE_USAGE(.BOTH.,#17209);
#17209 = SURFACE_SIDE_STYLE('',(#17210));
#17210 = SURFACE_STYLE_FILL_AREA(#17211);
#17211 = FILL_AREA_STYLE('',(#17212));
#17212 = FILL_AREA_STYLE_COLOUR('',#16617);
#17213 = STYLED_ITEM('color',(#17214),#7829);
#17214 = PRESENTATION_STYLE_ASSIGNMENT((#17215));
#17215 = SURFACE_STYLE_USAGE(.BOTH.,#17216);
#17216 = SURFACE_SIDE_STYLE('',(#17217));
#17217 = SURFACE_STYLE_FILL_AREA(#17218);
#17218 = FILL_AREA_STYLE('',(#17219));
#17219 = FILL_AREA_STYLE_COLOUR('',#16617);
#17220 = STYLED_ITEM('color',(#17221),#7860);
#17221 = PRESENTATION_STYLE_ASSIGNMENT((#17222));
#17222 = SURFACE_STYLE_USAGE(.BOTH.,#17223);
#17223 = SURFACE_SIDE_STYLE('',(#17224));
#17224 = SURFACE_STYLE_FILL_AREA(#17225);
#17225 = FILL_AREA_STYLE('',(#17226));
#17226 = FILL_AREA_STYLE_COLOUR('',#16753);
#17227 = STYLED_ITEM('color',(#17228),#7893);
#17228 = PRESENTATION_STYLE_ASSIGNMENT((#17229));
#17229 = SURFACE_STYLE_USAGE(.BOTH.,#17230);
#17230 = SURFACE_SIDE_STYLE('',(#17231));
#17231 = SURFACE_STYLE_FILL_AREA(#17232);
#17232 = FILL_AREA_STYLE('',(#17233));
#17233 = FILL_AREA_STYLE_COLOUR('',#16617);
#17234 = STYLED_ITEM('color',(#17235),#7949);
#17235 = PRESENTATION_STYLE_ASSIGNMENT((#17236));
#17236 = SURFACE_STYLE_USAGE(.BOTH.,#17237);
#17237 = SURFACE_SIDE_STYLE('',(#17238));
#17238 = SURFACE_STYLE_FILL_AREA(#17239);
#17239 = FILL_AREA_STYLE('',(#17240));
#17240 = FILL_AREA_STYLE_COLOUR('',#16753);
#17241 = STYLED_ITEM('color',(#17242),#7973);
#17242 = PRESENTATION_STYLE_ASSIGNMENT((#17243));
#17243 = SURFACE_STYLE_USAGE(.BOTH.,#17244);
#17244 = SURFACE_SIDE_STYLE('',(#17245));
#17245 = SURFACE_STYLE_FILL_AREA(#17246);
#17246 = FILL_AREA_STYLE('',(#17247));
#17247 = FILL_AREA_STYLE_COLOUR('',#16753);
#17248 = STYLED_ITEM('color',(#17249),#7997);
#17249 = PRESENTATION_STYLE_ASSIGNMENT((#17250));
#17250 = SURFACE_STYLE_USAGE(.BOTH.,#17251);
#17251 = SURFACE_SIDE_STYLE('',(#17252));
#17252 = SURFACE_STYLE_FILL_AREA(#17253);
#17253 = FILL_AREA_STYLE('',(#17254));
#17254 = FILL_AREA_STYLE_COLOUR('',#16753);
#17255 = STYLED_ITEM('color',(#17256),#8021);
#17256 = PRESENTATION_STYLE_ASSIGNMENT((#17257));
#17257 = SURFACE_STYLE_USAGE(.BOTH.,#17258);
#17258 = SURFACE_SIDE_STYLE('',(#17259));
#17259 = SURFACE_STYLE_FILL_AREA(#17260);
#17260 = FILL_AREA_STYLE('',(#17261));
#17261 = FILL_AREA_STYLE_COLOUR('',#16753);
#17262 = STYLED_ITEM('color',(#17263),#8054);
#17263 = PRESENTATION_STYLE_ASSIGNMENT((#17264));
#17264 = SURFACE_STYLE_USAGE(.BOTH.,#17265);
#17265 = SURFACE_SIDE_STYLE('',(#17266));
#17266 = SURFACE_STYLE_FILL_AREA(#17267);
#17267 = FILL_AREA_STYLE('',(#17268));
#17268 = FILL_AREA_STYLE_COLOUR('',#16753);
#17269 = STYLED_ITEM('color',(#17270),#8066);
#17270 = PRESENTATION_STYLE_ASSIGNMENT((#17271));
#17271 = SURFACE_STYLE_USAGE(.BOTH.,#17272);
#17272 = SURFACE_SIDE_STYLE('',(#17273));
#17273 = SURFACE_STYLE_FILL_AREA(#17274);
#17274 = FILL_AREA_STYLE('',(#17275));
#17275 = FILL_AREA_STYLE_COLOUR('',#16753);
#17276 = STYLED_ITEM('color',(#17277),#8129);
#17277 = PRESENTATION_STYLE_ASSIGNMENT((#17278));
#17278 = SURFACE_STYLE_USAGE(.BOTH.,#17279);
#17279 = SURFACE_SIDE_STYLE('',(#17280));
#17280 = SURFACE_STYLE_FILL_AREA(#17281);
#17281 = FILL_AREA_STYLE('',(#17282));
#17282 = FILL_AREA_STYLE_COLOUR('',#16753);
#17283 = STYLED_ITEM('color',(#17284),#8154);
#17284 = PRESENTATION_STYLE_ASSIGNMENT((#17285));
#17285 = SURFACE_STYLE_USAGE(.BOTH.,#17286);
#17286 = SURFACE_SIDE_STYLE('',(#17287));
#17287 = SURFACE_STYLE_FILL_AREA(#17288);
#17288 = FILL_AREA_STYLE('',(#17289));
#17289 = FILL_AREA_STYLE_COLOUR('',#16753);
#17290 = STYLED_ITEM('color',(#17291),#8171);
#17291 = PRESENTATION_STYLE_ASSIGNMENT((#17292));
#17292 = SURFACE_STYLE_USAGE(.BOTH.,#17293);
#17293 = SURFACE_SIDE_STYLE('',(#17294));
#17294 = SURFACE_STYLE_FILL_AREA(#17295);
#17295 = FILL_AREA_STYLE('',(#17296));
#17296 = FILL_AREA_STYLE_COLOUR('',#16753);
#17297 = STYLED_ITEM('color',(#17298),#8195);
#17298 = PRESENTATION_STYLE_ASSIGNMENT((#17299));
#17299 = SURFACE_STYLE_USAGE(.BOTH.,#17300);
#17300 = SURFACE_SIDE_STYLE('',(#17301));
#17301 = SURFACE_STYLE_FILL_AREA(#17302);
#17302 = FILL_AREA_STYLE('',(#17303));
#17303 = FILL_AREA_STYLE_COLOUR('',#16753);
#17304 = STYLED_ITEM('color',(#17305),#8213);
#17305 = PRESENTATION_STYLE_ASSIGNMENT((#17306));
#17306 = SURFACE_STYLE_USAGE(.BOTH.,#17307);
#17307 = SURFACE_SIDE_STYLE('',(#17308));
#17308 = SURFACE_STYLE_FILL_AREA(#17309);
#17309 = FILL_AREA_STYLE('',(#17310));
#17310 = FILL_AREA_STYLE_COLOUR('',#16753);
#17311 = STYLED_ITEM('color',(#17312),#8231);
#17312 = PRESENTATION_STYLE_ASSIGNMENT((#17313));
#17313 = SURFACE_STYLE_USAGE(.BOTH.,#17314);
#17314 = SURFACE_SIDE_STYLE('',(#17315));
#17315 = SURFACE_STYLE_FILL_AREA(#17316);
#17316 = FILL_AREA_STYLE('',(#17317));
#17317 = FILL_AREA_STYLE_COLOUR('',#16753);
#17318 = STYLED_ITEM('color',(#17319),#8249);
#17319 = PRESENTATION_STYLE_ASSIGNMENT((#17320));
#17320 = SURFACE_STYLE_USAGE(.BOTH.,#17321);
#17321 = SURFACE_SIDE_STYLE('',(#17322));
#17322 = SURFACE_STYLE_FILL_AREA(#17323);
#17323 = FILL_AREA_STYLE('',(#17324));
#17324 = FILL_AREA_STYLE_COLOUR('',#16753);
#17325 = STYLED_ITEM('color',(#17326),#8266);
#17326 = PRESENTATION_STYLE_ASSIGNMENT((#17327));
#17327 = SURFACE_STYLE_USAGE(.BOTH.,#17328);
#17328 = SURFACE_SIDE_STYLE('',(#17329));
#17329 = SURFACE_STYLE_FILL_AREA(#17330);
#17330 = FILL_AREA_STYLE('',(#17331));
#17331 = FILL_AREA_STYLE_COLOUR('',#16753);
#17332 = STYLED_ITEM('color',(#17333),#8283);
#17333 = PRESENTATION_STYLE_ASSIGNMENT((#17334));
#17334 = SURFACE_STYLE_USAGE(.BOTH.,#17335);
#17335 = SURFACE_SIDE_STYLE('',(#17336));
#17336 = SURFACE_STYLE_FILL_AREA(#17337);
#17337 = FILL_AREA_STYLE('',(#17338));
#17338 = FILL_AREA_STYLE_COLOUR('',#16753);
#17339 = STYLED_ITEM('color',(#17340),#8314);
#17340 = PRESENTATION_STYLE_ASSIGNMENT((#17341));
#17341 = SURFACE_STYLE_USAGE(.BOTH.,#17342);
#17342 = SURFACE_SIDE_STYLE('',(#17343));
#17343 = SURFACE_STYLE_FILL_AREA(#17344);
#17344 = FILL_AREA_STYLE('',(#17345));
#17345 = FILL_AREA_STYLE_COLOUR('',#16753);
#17346 = STYLED_ITEM('color',(#17347),#8339);
#17347 = PRESENTATION_STYLE_ASSIGNMENT((#17348));
#17348 = SURFACE_STYLE_USAGE(.BOTH.,#17349);
#17349 = SURFACE_SIDE_STYLE('',(#17350));
#17350 = SURFACE_STYLE_FILL_AREA(#17351);
#17351 = FILL_AREA_STYLE('',(#17352));
#17352 = FILL_AREA_STYLE_COLOUR('',#16753);
#17353 = STYLED_ITEM('color',(#17354),#8364);
#17354 = PRESENTATION_STYLE_ASSIGNMENT((#17355));
#17355 = SURFACE_STYLE_USAGE(.BOTH.,#17356);
#17356 = SURFACE_SIDE_STYLE('',(#17357));
#17357 = SURFACE_STYLE_FILL_AREA(#17358);
#17358 = FILL_AREA_STYLE('',(#17359));
#17359 = FILL_AREA_STYLE_COLOUR('',#16753);
#17360 = STYLED_ITEM('color',(#17361),#8388);
#17361 = PRESENTATION_STYLE_ASSIGNMENT((#17362));
#17362 = SURFACE_STYLE_USAGE(.BOTH.,#17363);
#17363 = SURFACE_SIDE_STYLE('',(#17364));
#17364 = SURFACE_STYLE_FILL_AREA(#17365);
#17365 = FILL_AREA_STYLE('',(#17366));
#17366 = FILL_AREA_STYLE_COLOUR('',#16753);
#17367 = STYLED_ITEM('color',(#17368),#8405);
#17368 = PRESENTATION_STYLE_ASSIGNMENT((#17369));
#17369 = SURFACE_STYLE_USAGE(.BOTH.,#17370);
#17370 = SURFACE_SIDE_STYLE('',(#17371));
#17371 = SURFACE_STYLE_FILL_AREA(#17372);
#17372 = FILL_AREA_STYLE('',(#17373));
#17373 = FILL_AREA_STYLE_COLOUR('',#17374);
#17374 = COLOUR_RGB('',0.340000006699,0.68000001254,0.444999988852);
#17375 = STYLED_ITEM('color',(#17376),#8436);
#17376 = PRESENTATION_STYLE_ASSIGNMENT((#17377));
#17377 = SURFACE_STYLE_USAGE(.BOTH.,#17378);
#17378 = SURFACE_SIDE_STYLE('',(#17379));
#17379 = SURFACE_STYLE_FILL_AREA(#17380);
#17380 = FILL_AREA_STYLE('',(#17381));
#17381 = FILL_AREA_STYLE_COLOUR('',#17374);
#17382 = STYLED_ITEM('color',(#17383),#8460);
#17383 = PRESENTATION_STYLE_ASSIGNMENT((#17384));
#17384 = SURFACE_STYLE_USAGE(.BOTH.,#17385);
#17385 = SURFACE_SIDE_STYLE('',(#17386));
#17386 = SURFACE_STYLE_FILL_AREA(#17387);
#17387 = FILL_AREA_STYLE('',(#17388));
#17388 = FILL_AREA_STYLE_COLOUR('',#17374);
#17389 = STYLED_ITEM('color',(#17390),#8477);
#17390 = PRESENTATION_STYLE_ASSIGNMENT((#17391));
#17391 = SURFACE_STYLE_USAGE(.BOTH.,#17392);
#17392 = SURFACE_SIDE_STYLE('',(#17393));
#17393 = SURFACE_STYLE_FILL_AREA(#17394);
#17394 = FILL_AREA_STYLE('',(#17395));
#17395 = FILL_AREA_STYLE_COLOUR('',#16753);
#17396 = STYLED_ITEM('color',(#17397),#8505);
#17397 = PRESENTATION_STYLE_ASSIGNMENT((#17398));
#17398 = SURFACE_STYLE_USAGE(.BOTH.,#17399);
#17399 = SURFACE_SIDE_STYLE('',(#17400));
#17400 = SURFACE_STYLE_FILL_AREA(#17401);
#17401 = FILL_AREA_STYLE('',(#17402));
#17402 = FILL_AREA_STYLE_COLOUR('',#16753);
#17403 = STYLED_ITEM('color',(#17404),#8530);
#17404 = PRESENTATION_STYLE_ASSIGNMENT((#17405));
#17405 = SURFACE_STYLE_USAGE(.BOTH.,#17406);
#17406 = SURFACE_SIDE_STYLE('',(#17407));
#17407 = SURFACE_STYLE_FILL_AREA(#17408);
#17408 = FILL_AREA_STYLE('',(#17409));
#17409 = FILL_AREA_STYLE_COLOUR('',#16753);
#17410 = STYLED_ITEM('color',(#17411),#8554);
#17411 = PRESENTATION_STYLE_ASSIGNMENT((#17412));
#17412 = SURFACE_STYLE_USAGE(.BOTH.,#17413);
#17413 = SURFACE_SIDE_STYLE('',(#17414));
#17414 = SURFACE_STYLE_FILL_AREA(#17415);
#17415 = FILL_AREA_STYLE('',(#17416));
#17416 = FILL_AREA_STYLE_COLOUR('',#16753);
#17417 = STYLED_ITEM('color',(#17418),#8579);
#17418 = PRESENTATION_STYLE_ASSIGNMENT((#17419));
#17419 = SURFACE_STYLE_USAGE(.BOTH.,#17420);
#17420 = SURFACE_SIDE_STYLE('',(#17421));
#17421 = SURFACE_STYLE_FILL_AREA(#17422);
#17422 = FILL_AREA_STYLE('',(#17423));
#17423 = FILL_AREA_STYLE_COLOUR('',#16753);
#17424 = STYLED_ITEM('color',(#17425),#8626);
#17425 = PRESENTATION_STYLE_ASSIGNMENT((#17426));
#17426 = SURFACE_STYLE_USAGE(.BOTH.,#17427);
#17427 = SURFACE_SIDE_STYLE('',(#17428));
#17428 = SURFACE_STYLE_FILL_AREA(#17429);
#17429 = FILL_AREA_STYLE('',(#17430));
#17430 = FILL_AREA_STYLE_COLOUR('',#16753);
#17431 = STYLED_ITEM('color',(#17432),#8643);
#17432 = PRESENTATION_STYLE_ASSIGNMENT((#17433));
#17433 = SURFACE_STYLE_USAGE(.BOTH.,#17434);
#17434 = SURFACE_SIDE_STYLE('',(#17435));
#17435 = SURFACE_STYLE_FILL_AREA(#17436);
#17436 = FILL_AREA_STYLE('',(#17437));
#17437 = FILL_AREA_STYLE_COLOUR('',#16753);
#17438 = STYLED_ITEM('color',(#17439),#8655);
#17439 = PRESENTATION_STYLE_ASSIGNMENT((#17440));
#17440 = SURFACE_STYLE_USAGE(.BOTH.,#17441);
#17441 = SURFACE_SIDE_STYLE('',(#17442));
#17442 = SURFACE_STYLE_FILL_AREA(#17443);
#17443 = FILL_AREA_STYLE('',(#17444));
#17444 = FILL_AREA_STYLE_COLOUR('',#16753);
#17445 = STYLED_ITEM('color',(#17446),#8677);
#17446 = PRESENTATION_STYLE_ASSIGNMENT((#17447));
#17447 = SURFACE_STYLE_USAGE(.BOTH.,#17448);
#17448 = SURFACE_SIDE_STYLE('',(#17449));
#17449 = SURFACE_STYLE_FILL_AREA(#17450);
#17450 = FILL_AREA_STYLE('',(#17451));
#17451 = FILL_AREA_STYLE_COLOUR('',#16753);
#17452 = STYLED_ITEM('color',(#17453),#8689);
#17453 = PRESENTATION_STYLE_ASSIGNMENT((#17454));
#17454 = SURFACE_STYLE_USAGE(.BOTH.,#17455);
#17455 = SURFACE_SIDE_STYLE('',(#17456));
#17456 = SURFACE_STYLE_FILL_AREA(#17457);
#17457 = FILL_AREA_STYLE('',(#17458));
#17458 = FILL_AREA_STYLE_COLOUR('',#16753);
#17459 = STYLED_ITEM('color',(#17460),#8707);
#17460 = PRESENTATION_STYLE_ASSIGNMENT((#17461));
#17461 = SURFACE_STYLE_USAGE(.BOTH.,#17462);
#17462 = SURFACE_SIDE_STYLE('',(#17463));
#17463 = SURFACE_STYLE_FILL_AREA(#17464);
#17464 = FILL_AREA_STYLE('',(#17465));
#17465 = FILL_AREA_STYLE_COLOUR('',#16753);
#17466 = STYLED_ITEM('color',(#17467),#8725);
#17467 = PRESENTATION_STYLE_ASSIGNMENT((#17468));
#17468 = SURFACE_STYLE_USAGE(.BOTH.,#17469);
#17469 = SURFACE_SIDE_STYLE('',(#17470));
#17470 = SURFACE_STYLE_FILL_AREA(#17471);
#17471 = FILL_AREA_STYLE('',(#17472));
#17472 = FILL_AREA_STYLE_COLOUR('',#17374);
#17473 = MECHANICAL_DESIGN_GEOMETRIC_PRESENTATION_REPRESENTATION('',(
    #17474,#17481,#17488,#17495,#17502,#17509,#17516,#17523,#17530,
    #17537,#17544,#17552,#17559,#17566,#17573,#17580,#17587,#17594,
    #17601,#17608,#17615,#17622,#17629,#17636,#17643,#17650,#17657,
    #17664),#3934);
#17474 = STYLED_ITEM('color',(#17475),#3082);
#17475 = PRESENTATION_STYLE_ASSIGNMENT((#17476));
#17476 = SURFACE_STYLE_USAGE(.BOTH.,#17477);
#17477 = SURFACE_SIDE_STYLE('',(#17478));
#17478 = SURFACE_STYLE_FILL_AREA(#17479);
#17479 = FILL_AREA_STYLE('',(#17480));
#17480 = FILL_AREA_STYLE_COLOUR('',#15638);
#17481 = STYLED_ITEM('color',(#17482),#3158);
#17482 = PRESENTATION_STYLE_ASSIGNMENT((#17483));
#17483 = SURFACE_STYLE_USAGE(.BOTH.,#17484);
#17484 = SURFACE_SIDE_STYLE('',(#17485));
#17485 = SURFACE_STYLE_FILL_AREA(#17486);
#17486 = FILL_AREA_STYLE('',(#17487));
#17487 = FILL_AREA_STYLE_COLOUR('',#15638);
#17488 = STYLED_ITEM('color',(#17489),#3189);
#17489 = PRESENTATION_STYLE_ASSIGNMENT((#17490));
#17490 = SURFACE_STYLE_USAGE(.BOTH.,#17491);
#17491 = SURFACE_SIDE_STYLE('',(#17492));
#17492 = SURFACE_STYLE_FILL_AREA(#17493);
#17493 = FILL_AREA_STYLE('',(#17494));
#17494 = FILL_AREA_STYLE_COLOUR('',#15638);
#17495 = STYLED_ITEM('color',(#17496),#3214);
#17496 = PRESENTATION_STYLE_ASSIGNMENT((#17497));
#17497 = SURFACE_STYLE_USAGE(.BOTH.,#17498);
#17498 = SURFACE_SIDE_STYLE('',(#17499));
#17499 = SURFACE_STYLE_FILL_AREA(#17500);
#17500 = FILL_AREA_STYLE('',(#17501));
#17501 = FILL_AREA_STYLE_COLOUR('',#15638);
#17502 = STYLED_ITEM('color',(#17503),#3239);
#17503 = PRESENTATION_STYLE_ASSIGNMENT((#17504));
#17504 = SURFACE_STYLE_USAGE(.BOTH.,#17505);
#17505 = SURFACE_SIDE_STYLE('',(#17506));
#17506 = SURFACE_STYLE_FILL_AREA(#17507);
#17507 = FILL_AREA_STYLE('',(#17508));
#17508 = FILL_AREA_STYLE_COLOUR('',#15638);
#17509 = STYLED_ITEM('color',(#17510),#3263);
#17510 = PRESENTATION_STYLE_ASSIGNMENT((#17511));
#17511 = SURFACE_STYLE_USAGE(.BOTH.,#17512);
#17512 = SURFACE_SIDE_STYLE('',(#17513));
#17513 = SURFACE_STYLE_FILL_AREA(#17514);
#17514 = FILL_AREA_STYLE('',(#17515));
#17515 = FILL_AREA_STYLE_COLOUR('',#15638);
#17516 = STYLED_ITEM('color',(#17517),#3287);
#17517 = PRESENTATION_STYLE_ASSIGNMENT((#17518));
#17518 = SURFACE_STYLE_USAGE(.BOTH.,#17519);
#17519 = SURFACE_SIDE_STYLE('',(#17520));
#17520 = SURFACE_STYLE_FILL_AREA(#17521);
#17521 = FILL_AREA_STYLE('',(#17522));
#17522 = FILL_AREA_STYLE_COLOUR('',#15638);
#17523 = STYLED_ITEM('color',(#17524),#3312);
#17524 = PRESENTATION_STYLE_ASSIGNMENT((#17525));
#17525 = SURFACE_STYLE_USAGE(.BOTH.,#17526);
#17526 = SURFACE_SIDE_STYLE('',(#17527));
#17527 = SURFACE_STYLE_FILL_AREA(#17528);
#17528 = FILL_AREA_STYLE('',(#17529));
#17529 = FILL_AREA_STYLE_COLOUR('',#15638);
#17530 = STYLED_ITEM('color',(#17531),#3337);
#17531 = PRESENTATION_STYLE_ASSIGNMENT((#17532));
#17532 = SURFACE_STYLE_USAGE(.BOTH.,#17533);
#17533 = SURFACE_SIDE_STYLE('',(#17534));
#17534 = SURFACE_STYLE_FILL_AREA(#17535);
#17535 = FILL_AREA_STYLE('',(#17536));
#17536 = FILL_AREA_STYLE_COLOUR('',#15638);
#17537 = STYLED_ITEM('color',(#17538),#3354);
#17538 = PRESENTATION_STYLE_ASSIGNMENT((#17539));
#17539 = SURFACE_STYLE_USAGE(.BOTH.,#17540);
#17540 = SURFACE_SIDE_STYLE('',(#17541));
#17541 = SURFACE_STYLE_FILL_AREA(#17542);
#17542 = FILL_AREA_STYLE('',(#17543));
#17543 = FILL_AREA_STYLE_COLOUR('',#15638);
#17544 = STYLED_ITEM('color',(#17545),#3440);
#17545 = PRESENTATION_STYLE_ASSIGNMENT((#17546));
#17546 = SURFACE_STYLE_USAGE(.BOTH.,#17547);
#17547 = SURFACE_SIDE_STYLE('',(#17548));
#17548 = SURFACE_STYLE_FILL_AREA(#17549);
#17549 = FILL_AREA_STYLE('',(#17550));
#17550 = FILL_AREA_STYLE_COLOUR('',#17551);
#17551 = COLOUR_RGB('',0.272999999305,0.272999999305,0.272999999305);
#17552 = STYLED_ITEM('color',(#17553),#3472);
#17553 = PRESENTATION_STYLE_ASSIGNMENT((#17554));
#17554 = SURFACE_STYLE_USAGE(.BOTH.,#17555);
#17555 = SURFACE_SIDE_STYLE('',(#17556));
#17556 = SURFACE_STYLE_FILL_AREA(#17557);
#17557 = FILL_AREA_STYLE('',(#17558));
#17558 = FILL_AREA_STYLE_COLOUR('',#17551);
#17559 = STYLED_ITEM('color',(#17560),#3496);
#17560 = PRESENTATION_STYLE_ASSIGNMENT((#17561));
#17561 = SURFACE_STYLE_USAGE(.BOTH.,#17562);
#17562 = SURFACE_SIDE_STYLE('',(#17563));
#17563 = SURFACE_STYLE_FILL_AREA(#17564);
#17564 = FILL_AREA_STYLE('',(#17565));
#17565 = FILL_AREA_STYLE_COLOUR('',#17551);
#17566 = STYLED_ITEM('color',(#17567),#3521);
#17567 = PRESENTATION_STYLE_ASSIGNMENT((#17568));
#17568 = SURFACE_STYLE_USAGE(.BOTH.,#17569);
#17569 = SURFACE_SIDE_STYLE('',(#17570));
#17570 = SURFACE_STYLE_FILL_AREA(#17571);
#17571 = FILL_AREA_STYLE('',(#17572));
#17572 = FILL_AREA_STYLE_COLOUR('',#17551);
#17573 = STYLED_ITEM('color',(#17574),#3545);
#17574 = PRESENTATION_STYLE_ASSIGNMENT((#17575));
#17575 = SURFACE_STYLE_USAGE(.BOTH.,#17576);
#17576 = SURFACE_SIDE_STYLE('',(#17577));
#17577 = SURFACE_STYLE_FILL_AREA(#17578);
#17578 = FILL_AREA_STYLE('',(#17579));
#17579 = FILL_AREA_STYLE_COLOUR('',#17551);
#17580 = STYLED_ITEM('color',(#17581),#3570);
#17581 = PRESENTATION_STYLE_ASSIGNMENT((#17582));
#17582 = SURFACE_STYLE_USAGE(.BOTH.,#17583);
#17583 = SURFACE_SIDE_STYLE('',(#17584));
#17584 = SURFACE_STYLE_FILL_AREA(#17585);
#17585 = FILL_AREA_STYLE('',(#17586));
#17586 = FILL_AREA_STYLE_COLOUR('',#17551);
#17587 = STYLED_ITEM('color',(#17588),#3594);
#17588 = PRESENTATION_STYLE_ASSIGNMENT((#17589));
#17589 = SURFACE_STYLE_USAGE(.BOTH.,#17590);
#17590 = SURFACE_SIDE_STYLE('',(#17591));
#17591 = SURFACE_STYLE_FILL_AREA(#17592);
#17592 = FILL_AREA_STYLE('',(#17593));
#17593 = FILL_AREA_STYLE_COLOUR('',#17551);
#17594 = STYLED_ITEM('color',(#17595),#3619);
#17595 = PRESENTATION_STYLE_ASSIGNMENT((#17596));
#17596 = SURFACE_STYLE_USAGE(.BOTH.,#17597);
#17597 = SURFACE_SIDE_STYLE('',(#17598));
#17598 = SURFACE_STYLE_FILL_AREA(#17599);
#17599 = FILL_AREA_STYLE('',(#17600));
#17600 = FILL_AREA_STYLE_COLOUR('',#17551);
#17601 = STYLED_ITEM('color',(#17602),#3636);
#17602 = PRESENTATION_STYLE_ASSIGNMENT((#17603));
#17603 = SURFACE_STYLE_USAGE(.BOTH.,#17604);
#17604 = SURFACE_SIDE_STYLE('',(#17605));
#17605 = SURFACE_STYLE_FILL_AREA(#17606);
#17606 = FILL_AREA_STYLE('',(#17607));
#17607 = FILL_AREA_STYLE_COLOUR('',#15638);
#17608 = STYLED_ITEM('color',(#17609),#3722);
#17609 = PRESENTATION_STYLE_ASSIGNMENT((#17610));
#17610 = SURFACE_STYLE_USAGE(.BOTH.,#17611);
#17611 = SURFACE_SIDE_STYLE('',(#17612));
#17612 = SURFACE_STYLE_FILL_AREA(#17613);
#17613 = FILL_AREA_STYLE('',(#17614));
#17614 = FILL_AREA_STYLE_COLOUR('',#15638);
#17615 = STYLED_ITEM('color',(#17616),#3753);
#17616 = PRESENTATION_STYLE_ASSIGNMENT((#17617));
#17617 = SURFACE_STYLE_USAGE(.BOTH.,#17618);
#17618 = SURFACE_SIDE_STYLE('',(#17619));
#17619 = SURFACE_STYLE_FILL_AREA(#17620);
#17620 = FILL_AREA_STYLE('',(#17621));
#17621 = FILL_AREA_STYLE_COLOUR('',#15638);
#17622 = STYLED_ITEM('color',(#17623),#3778);
#17623 = PRESENTATION_STYLE_ASSIGNMENT((#17624));
#17624 = SURFACE_STYLE_USAGE(.BOTH.,#17625);
#17625 = SURFACE_SIDE_STYLE('',(#17626));
#17626 = SURFACE_STYLE_FILL_AREA(#17627);
#17627 = FILL_AREA_STYLE('',(#17628));
#17628 = FILL_AREA_STYLE_COLOUR('',#15638);
#17629 = STYLED_ITEM('color',(#17630),#3803);
#17630 = PRESENTATION_STYLE_ASSIGNMENT((#17631));
#17631 = SURFACE_STYLE_USAGE(.BOTH.,#17632);
#17632 = SURFACE_SIDE_STYLE('',(#17633));
#17633 = SURFACE_STYLE_FILL_AREA(#17634);
#17634 = FILL_AREA_STYLE('',(#17635));
#17635 = FILL_AREA_STYLE_COLOUR('',#15638);
#17636 = STYLED_ITEM('color',(#17637),#3827);
#17637 = PRESENTATION_STYLE_ASSIGNMENT((#17638));
#17638 = SURFACE_STYLE_USAGE(.BOTH.,#17639);
#17639 = SURFACE_SIDE_STYLE('',(#17640));
#17640 = SURFACE_STYLE_FILL_AREA(#17641);
#17641 = FILL_AREA_STYLE('',(#17642));
#17642 = FILL_AREA_STYLE_COLOUR('',#15638);
#17643 = STYLED_ITEM('color',(#17644),#3851);
#17644 = PRESENTATION_STYLE_ASSIGNMENT((#17645));
#17645 = SURFACE_STYLE_USAGE(.BOTH.,#17646);
#17646 = SURFACE_SIDE_STYLE('',(#17647));
#17647 = SURFACE_STYLE_FILL_AREA(#17648);
#17648 = FILL_AREA_STYLE('',(#17649));
#17649 = FILL_AREA_STYLE_COLOUR('',#15638);
#17650 = STYLED_ITEM('color',(#17651),#3876);
#17651 = PRESENTATION_STYLE_ASSIGNMENT((#17652));
#17652 = SURFACE_STYLE_USAGE(.BOTH.,#17653);
#17653 = SURFACE_SIDE_STYLE('',(#17654));
#17654 = SURFACE_STYLE_FILL_AREA(#17655);
#17655 = FILL_AREA_STYLE('',(#17656));
#17656 = FILL_AREA_STYLE_COLOUR('',#15638);
#17657 = STYLED_ITEM('color',(#17658),#3901);
#17658 = PRESENTATION_STYLE_ASSIGNMENT((#17659));
#17659 = SURFACE_STYLE_USAGE(.BOTH.,#17660);
#17660 = SURFACE_SIDE_STYLE('',(#17661));
#17661 = SURFACE_STYLE_FILL_AREA(#17662);
#17662 = FILL_AREA_STYLE('',(#17663));
#17663 = FILL_AREA_STYLE_COLOUR('',#15638);
#17664 = STYLED_ITEM('color',(#17665),#3918);
#17665 = PRESENTATION_STYLE_ASSIGNMENT((#17666));
#17666 = SURFACE_STYLE_USAGE(.BOTH.,#17667);
#17667 = SURFACE_SIDE_STYLE('',(#17668));
#17668 = SURFACE_STYLE_FILL_AREA(#17669);
#17669 = FILL_AREA_STYLE('',(#17670));
#17670 = FILL_AREA_STYLE_COLOUR('',#15638);
#17671 = MECHANICAL_DESIGN_GEOMETRIC_PRESENTATION_REPRESENTATION('',(
    #17672,#17681,#17690,#17699,#17708,#17717,#17726,#17735,#17744,
    #17753,#17762,#17771,#17780,#17789,#17798,#17807,#17816,#17825,
    #17834,#17843,#17852,#17861,#17870,#17879,#17888,#17897,#17906,
    #17915,#17924,#17933,#17942,#17951,#17960,#17969,#17978,#17987,
    #17996,#18005,#18014,#18023,#18032,#18041,#18050,#18059,#18068,
    #18077,#18086,#18095,#18104,#18113,#18122,#18131,#18140,#18149,
    #18158,#18167,#18176,#18185,#18194,#18203,#18212,#18221,#18230,
    #18239,#18248,#18257,#18266,#18275,#18284),#3038);
#17672 = STYLED_ITEM('color',(#17673),#1058);
#17673 = PRESENTATION_STYLE_ASSIGNMENT((#17674,#17679));
#17674 = SURFACE_STYLE_USAGE(.BOTH.,#17675);
#17675 = SURFACE_SIDE_STYLE('',(#17676));
#17676 = SURFACE_STYLE_FILL_AREA(#17677);
#17677 = FILL_AREA_STYLE('',(#17678));
#17678 = FILL_AREA_STYLE_COLOUR('',#15837);
#17679 = CURVE_STYLE('',#17680,POSITIVE_LENGTH_MEASURE(0.1),#15837);
#17680 = DRAUGHTING_PRE_DEFINED_CURVE_FONT('continuous');
#17681 = STYLED_ITEM('color',(#17682),#1096);
#17682 = PRESENTATION_STYLE_ASSIGNMENT((#17683,#17688));
#17683 = SURFACE_STYLE_USAGE(.BOTH.,#17684);
#17684 = SURFACE_SIDE_STYLE('',(#17685));
#17685 = SURFACE_STYLE_FILL_AREA(#17686);
#17686 = FILL_AREA_STYLE('',(#17687));
#17687 = FILL_AREA_STYLE_COLOUR('',#15837);
#17688 = CURVE_STYLE('',#17689,POSITIVE_LENGTH_MEASURE(0.1),#15837);
#17689 = DRAUGHTING_PRE_DEFINED_CURVE_FONT('continuous');
#17690 = STYLED_ITEM('color',(#17691),#1159);
#17691 = PRESENTATION_STYLE_ASSIGNMENT((#17692,#17697));
#17692 = SURFACE_STYLE_USAGE(.BOTH.,#17693);
#17693 = SURFACE_SIDE_STYLE('',(#17694));
#17694 = SURFACE_STYLE_FILL_AREA(#17695);
#17695 = FILL_AREA_STYLE('',(#17696));
#17696 = FILL_AREA_STYLE_COLOUR('',#15837);
#17697 = CURVE_STYLE('',#17698,POSITIVE_LENGTH_MEASURE(0.1),#15837);
#17698 = DRAUGHTING_PRE_DEFINED_CURVE_FONT('continuous');
#17699 = STYLED_ITEM('color',(#17700),#1182);
#17700 = PRESENTATION_STYLE_ASSIGNMENT((#17701,#17706));
#17701 = SURFACE_STYLE_USAGE(.BOTH.,#17702);
#17702 = SURFACE_SIDE_STYLE('',(#17703));
#17703 = SURFACE_STYLE_FILL_AREA(#17704);
#17704 = FILL_AREA_STYLE('',(#17705));
#17705 = FILL_AREA_STYLE_COLOUR('',#15837);
#17706 = CURVE_STYLE('',#17707,POSITIVE_LENGTH_MEASURE(0.1),#15837);
#17707 = DRAUGHTING_PRE_DEFINED_CURVE_FONT('continuous');
#17708 = STYLED_ITEM('color',(#17709),#1211);
#17709 = PRESENTATION_STYLE_ASSIGNMENT((#17710,#17715));
#17710 = SURFACE_STYLE_USAGE(.BOTH.,#17711);
#17711 = SURFACE_SIDE_STYLE('',(#17712));
#17712 = SURFACE_STYLE_FILL_AREA(#17713);
#17713 = FILL_AREA_STYLE('',(#17714));
#17714 = FILL_AREA_STYLE_COLOUR('',#15837);
#17715 = CURVE_STYLE('',#17716,POSITIVE_LENGTH_MEASURE(0.1),#15837);
#17716 = DRAUGHTING_PRE_DEFINED_CURVE_FONT('continuous');
#17717 = STYLED_ITEM('color',(#17718),#1234);
#17718 = PRESENTATION_STYLE_ASSIGNMENT((#17719,#17724));
#17719 = SURFACE_STYLE_USAGE(.BOTH.,#17720);
#17720 = SURFACE_SIDE_STYLE('',(#17721));
#17721 = SURFACE_STYLE_FILL_AREA(#17722);
#17722 = FILL_AREA_STYLE('',(#17723));
#17723 = FILL_AREA_STYLE_COLOUR('',#15837);
#17724 = CURVE_STYLE('',#17725,POSITIVE_LENGTH_MEASURE(0.1),#15837);
#17725 = DRAUGHTING_PRE_DEFINED_CURVE_FONT('continuous');
#17726 = STYLED_ITEM('color',(#17727),#1289);
#17727 = PRESENTATION_STYLE_ASSIGNMENT((#17728,#17733));
#17728 = SURFACE_STYLE_USAGE(.BOTH.,#17729);
#17729 = SURFACE_SIDE_STYLE('',(#17730));
#17730 = SURFACE_STYLE_FILL_AREA(#17731);
#17731 = FILL_AREA_STYLE('',(#17732));
#17732 = FILL_AREA_STYLE_COLOUR('',#15837);
#17733 = CURVE_STYLE('',#17734,POSITIVE_LENGTH_MEASURE(0.1),#15837);
#17734 = DRAUGHTING_PRE_DEFINED_CURVE_FONT('continuous');
#17735 = STYLED_ITEM('color',(#17736),#1328);
#17736 = PRESENTATION_STYLE_ASSIGNMENT((#17737,#17742));
#17737 = SURFACE_STYLE_USAGE(.BOTH.,#17738);
#17738 = SURFACE_SIDE_STYLE('',(#17739));
#17739 = SURFACE_STYLE_FILL_AREA(#17740);
#17740 = FILL_AREA_STYLE('',(#17741));
#17741 = FILL_AREA_STYLE_COLOUR('',#15837);
#17742 = CURVE_STYLE('',#17743,POSITIVE_LENGTH_MEASURE(0.1),#15837);
#17743 = DRAUGHTING_PRE_DEFINED_CURVE_FONT('continuous');
#17744 = STYLED_ITEM('color',(#17745),#1351);
#17745 = PRESENTATION_STYLE_ASSIGNMENT((#17746,#17751));
#17746 = SURFACE_STYLE_USAGE(.BOTH.,#17747);
#17747 = SURFACE_SIDE_STYLE('',(#17748));
#17748 = SURFACE_STYLE_FILL_AREA(#17749);
#17749 = FILL_AREA_STYLE('',(#17750));
#17750 = FILL_AREA_STYLE_COLOUR('',#15837);
#17751 = CURVE_STYLE('',#17752,POSITIVE_LENGTH_MEASURE(0.1),#15837);
#17752 = DRAUGHTING_PRE_DEFINED_CURVE_FONT('continuous');
#17753 = STYLED_ITEM('color',(#17754),#1374);
#17754 = PRESENTATION_STYLE_ASSIGNMENT((#17755,#17760));
#17755 = SURFACE_STYLE_USAGE(.BOTH.,#17756);
#17756 = SURFACE_SIDE_STYLE('',(#17757));
#17757 = SURFACE_STYLE_FILL_AREA(#17758);
#17758 = FILL_AREA_STYLE('',(#17759));
#17759 = FILL_AREA_STYLE_COLOUR('',#15837);
#17760 = CURVE_STYLE('',#17761,POSITIVE_LENGTH_MEASURE(0.1),#15837);
#17761 = DRAUGHTING_PRE_DEFINED_CURVE_FONT('continuous');
#17762 = STYLED_ITEM('color',(#17763),#1391);
#17763 = PRESENTATION_STYLE_ASSIGNMENT((#17764,#17769));
#17764 = SURFACE_STYLE_USAGE(.BOTH.,#17765);
#17765 = SURFACE_SIDE_STYLE('',(#17766));
#17766 = SURFACE_STYLE_FILL_AREA(#17767);
#17767 = FILL_AREA_STYLE('',(#17768));
#17768 = FILL_AREA_STYLE_COLOUR('',#15837);
#17769 = CURVE_STYLE('',#17770,POSITIVE_LENGTH_MEASURE(0.1),#15837);
#17770 = DRAUGHTING_PRE_DEFINED_CURVE_FONT('continuous');
#17771 = STYLED_ITEM('color',(#17772),#1414);
#17772 = PRESENTATION_STYLE_ASSIGNMENT((#17773,#17778));
#17773 = SURFACE_STYLE_USAGE(.BOTH.,#17774);
#17774 = SURFACE_SIDE_STYLE('',(#17775));
#17775 = SURFACE_STYLE_FILL_AREA(#17776);
#17776 = FILL_AREA_STYLE('',(#17777));
#17777 = FILL_AREA_STYLE_COLOUR('',#15837);
#17778 = CURVE_STYLE('',#17779,POSITIVE_LENGTH_MEASURE(0.1),#15837);
#17779 = DRAUGHTING_PRE_DEFINED_CURVE_FONT('continuous');
#17780 = STYLED_ITEM('color',(#17781),#1502);
#17781 = PRESENTATION_STYLE_ASSIGNMENT((#17782,#17787));
#17782 = SURFACE_STYLE_USAGE(.BOTH.,#17783);
#17783 = SURFACE_SIDE_STYLE('',(#17784));
#17784 = SURFACE_STYLE_FILL_AREA(#17785);
#17785 = FILL_AREA_STYLE('',(#17786));
#17786 = FILL_AREA_STYLE_COLOUR('',#15837);
#17787 = CURVE_STYLE('',#17788,POSITIVE_LENGTH_MEASURE(0.1),#15837);
#17788 = DRAUGHTING_PRE_DEFINED_CURVE_FONT('continuous');
#17789 = STYLED_ITEM('color',(#17790),#1518);
#17790 = PRESENTATION_STYLE_ASSIGNMENT((#17791,#17796));
#17791 = SURFACE_STYLE_USAGE(.BOTH.,#17792);
#17792 = SURFACE_SIDE_STYLE('',(#17793));
#17793 = SURFACE_STYLE_FILL_AREA(#17794);
#17794 = FILL_AREA_STYLE('',(#17795));
#17795 = FILL_AREA_STYLE_COLOUR('',#15837);
#17796 = CURVE_STYLE('',#17797,POSITIVE_LENGTH_MEASURE(0.1),#15837);
#17797 = DRAUGHTING_PRE_DEFINED_CURVE_FONT('continuous');
#17798 = STYLED_ITEM('color',(#17799),#1548);
#17799 = PRESENTATION_STYLE_ASSIGNMENT((#17800,#17805));
#17800 = SURFACE_STYLE_USAGE(.BOTH.,#17801);
#17801 = SURFACE_SIDE_STYLE('',(#17802));
#17802 = SURFACE_STYLE_FILL_AREA(#17803);
#17803 = FILL_AREA_STYLE('',(#17804));
#17804 = FILL_AREA_STYLE_COLOUR('',#15638);
#17805 = CURVE_STYLE('',#17806,POSITIVE_LENGTH_MEASURE(0.1),#15638);
#17806 = DRAUGHTING_PRE_DEFINED_CURVE_FONT('continuous');
#17807 = STYLED_ITEM('color',(#17808),#1581);
#17808 = PRESENTATION_STYLE_ASSIGNMENT((#17809,#17814));
#17809 = SURFACE_STYLE_USAGE(.BOTH.,#17810);
#17810 = SURFACE_SIDE_STYLE('',(#17811));
#17811 = SURFACE_STYLE_FILL_AREA(#17812);
#17812 = FILL_AREA_STYLE('',(#17813));
#17813 = FILL_AREA_STYLE_COLOUR('',#15837);
#17814 = CURVE_STYLE('',#17815,POSITIVE_LENGTH_MEASURE(0.1),#15837);
#17815 = DRAUGHTING_PRE_DEFINED_CURVE_FONT('continuous');
#17816 = STYLED_ITEM('color',(#17817),#1612);
#17817 = PRESENTATION_STYLE_ASSIGNMENT((#17818,#17823));
#17818 = SURFACE_STYLE_USAGE(.BOTH.,#17819);
#17819 = SURFACE_SIDE_STYLE('',(#17820));
#17820 = SURFACE_STYLE_FILL_AREA(#17821);
#17821 = FILL_AREA_STYLE('',(#17822));
#17822 = FILL_AREA_STYLE_COLOUR('',#15638);
#17823 = CURVE_STYLE('',#17824,POSITIVE_LENGTH_MEASURE(0.1),#15638);
#17824 = DRAUGHTING_PRE_DEFINED_CURVE_FONT('continuous');
#17825 = STYLED_ITEM('color',(#17826),#1645);
#17826 = PRESENTATION_STYLE_ASSIGNMENT((#17827,#17832));
#17827 = SURFACE_STYLE_USAGE(.BOTH.,#17828);
#17828 = SURFACE_SIDE_STYLE('',(#17829));
#17829 = SURFACE_STYLE_FILL_AREA(#17830);
#17830 = FILL_AREA_STYLE('',(#17831));
#17831 = FILL_AREA_STYLE_COLOUR('',#15837);
#17832 = CURVE_STYLE('',#17833,POSITIVE_LENGTH_MEASURE(0.1),#15837);
#17833 = DRAUGHTING_PRE_DEFINED_CURVE_FONT('continuous');
#17834 = STYLED_ITEM('color',(#17835),#1662);
#17835 = PRESENTATION_STYLE_ASSIGNMENT((#17836,#17841));
#17836 = SURFACE_STYLE_USAGE(.BOTH.,#17837);
#17837 = SURFACE_SIDE_STYLE('',(#17838));
#17838 = SURFACE_STYLE_FILL_AREA(#17839);
#17839 = FILL_AREA_STYLE('',(#17840));
#17840 = FILL_AREA_STYLE_COLOUR('',#15837);
#17841 = CURVE_STYLE('',#17842,POSITIVE_LENGTH_MEASURE(0.1),#15837);
#17842 = DRAUGHTING_PRE_DEFINED_CURVE_FONT('continuous');
#17843 = STYLED_ITEM('color',(#17844),#1679);
#17844 = PRESENTATION_STYLE_ASSIGNMENT((#17845,#17850));
#17845 = SURFACE_STYLE_USAGE(.BOTH.,#17846);
#17846 = SURFACE_SIDE_STYLE('',(#17847));
#17847 = SURFACE_STYLE_FILL_AREA(#17848);
#17848 = FILL_AREA_STYLE('',(#17849));
#17849 = FILL_AREA_STYLE_COLOUR('',#15638);
#17850 = CURVE_STYLE('',#17851,POSITIVE_LENGTH_MEASURE(0.1),#15638);
#17851 = DRAUGHTING_PRE_DEFINED_CURVE_FONT('continuous');
#17852 = STYLED_ITEM('color',(#17853),#1712);
#17853 = PRESENTATION_STYLE_ASSIGNMENT((#17854,#17859));
#17854 = SURFACE_STYLE_USAGE(.BOTH.,#17855);
#17855 = SURFACE_SIDE_STYLE('',(#17856));
#17856 = SURFACE_STYLE_FILL_AREA(#17857);
#17857 = FILL_AREA_STYLE('',(#17858));
#17858 = FILL_AREA_STYLE_COLOUR('',#15837);
#17859 = CURVE_STYLE('',#17860,POSITIVE_LENGTH_MEASURE(0.1),#15837);
#17860 = DRAUGHTING_PRE_DEFINED_CURVE_FONT('continuous');
#17861 = STYLED_ITEM('color',(#17862),#1742);
#17862 = PRESENTATION_STYLE_ASSIGNMENT((#17863,#17868));
#17863 = SURFACE_STYLE_USAGE(.BOTH.,#17864);
#17864 = SURFACE_SIDE_STYLE('',(#17865));
#17865 = SURFACE_STYLE_FILL_AREA(#17866);
#17866 = FILL_AREA_STYLE('',(#17867));
#17867 = FILL_AREA_STYLE_COLOUR('',#15837);
#17868 = CURVE_STYLE('',#17869,POSITIVE_LENGTH_MEASURE(0.1),#15837);
#17869 = DRAUGHTING_PRE_DEFINED_CURVE_FONT('continuous');
#17870 = STYLED_ITEM('color',(#17871),#1765);
#17871 = PRESENTATION_STYLE_ASSIGNMENT((#17872,#17877));
#17872 = SURFACE_STYLE_USAGE(.BOTH.,#17873);
#17873 = SURFACE_SIDE_STYLE('',(#17874));
#17874 = SURFACE_STYLE_FILL_AREA(#17875);
#17875 = FILL_AREA_STYLE('',(#17876));
#17876 = FILL_AREA_STYLE_COLOUR('',#15837);
#17877 = CURVE_STYLE('',#17878,POSITIVE_LENGTH_MEASURE(0.1),#15837);
#17878 = DRAUGHTING_PRE_DEFINED_CURVE_FONT('continuous');
#17879 = STYLED_ITEM('color',(#17880),#1788);
#17880 = PRESENTATION_STYLE_ASSIGNMENT((#17881,#17886));
#17881 = SURFACE_STYLE_USAGE(.BOTH.,#17882);
#17882 = SURFACE_SIDE_STYLE('',(#17883));
#17883 = SURFACE_STYLE_FILL_AREA(#17884);
#17884 = FILL_AREA_STYLE('',(#17885));
#17885 = FILL_AREA_STYLE_COLOUR('',#15837);
#17886 = CURVE_STYLE('',#17887,POSITIVE_LENGTH_MEASURE(0.1),#15837);
#17887 = DRAUGHTING_PRE_DEFINED_CURVE_FONT('continuous');
#17888 = STYLED_ITEM('color',(#17889),#1805);
#17889 = PRESENTATION_STYLE_ASSIGNMENT((#17890,#17895));
#17890 = SURFACE_STYLE_USAGE(.BOTH.,#17891);
#17891 = SURFACE_SIDE_STYLE('',(#17892));
#17892 = SURFACE_STYLE_FILL_AREA(#17893);
#17893 = FILL_AREA_STYLE('',(#17894));
#17894 = FILL_AREA_STYLE_COLOUR('',#15638);
#17895 = CURVE_STYLE('',#17896,POSITIVE_LENGTH_MEASURE(0.1),#15638);
#17896 = DRAUGHTING_PRE_DEFINED_CURVE_FONT('continuous');
#17897 = STYLED_ITEM('color',(#17898),#1834);
#17898 = PRESENTATION_STYLE_ASSIGNMENT((#17899,#17904));
#17899 = SURFACE_STYLE_USAGE(.BOTH.,#17900);
#17900 = SURFACE_SIDE_STYLE('',(#17901));
#17901 = SURFACE_STYLE_FILL_AREA(#17902);
#17902 = FILL_AREA_STYLE('',(#17903));
#17903 = FILL_AREA_STYLE_COLOUR('',#15837);
#17904 = CURVE_STYLE('',#17905,POSITIVE_LENGTH_MEASURE(0.1),#15837);
#17905 = DRAUGHTING_PRE_DEFINED_CURVE_FONT('continuous');
#17906 = STYLED_ITEM('color',(#17907),#1888);
#17907 = PRESENTATION_STYLE_ASSIGNMENT((#17908,#17913));
#17908 = SURFACE_STYLE_USAGE(.BOTH.,#17909);
#17909 = SURFACE_SIDE_STYLE('',(#17910));
#17910 = SURFACE_STYLE_FILL_AREA(#17911);
#17911 = FILL_AREA_STYLE('',(#17912));
#17912 = FILL_AREA_STYLE_COLOUR('',#15837);
#17913 = CURVE_STYLE('',#17914,POSITIVE_LENGTH_MEASURE(0.1),#15837);
#17914 = DRAUGHTING_PRE_DEFINED_CURVE_FONT('continuous');
#17915 = STYLED_ITEM('color',(#17916),#1911);
#17916 = PRESENTATION_STYLE_ASSIGNMENT((#17917,#17922));
#17917 = SURFACE_STYLE_USAGE(.BOTH.,#17918);
#17918 = SURFACE_SIDE_STYLE('',(#17919));
#17919 = SURFACE_STYLE_FILL_AREA(#17920);
#17920 = FILL_AREA_STYLE('',(#17921));
#17921 = FILL_AREA_STYLE_COLOUR('',#15837);
#17922 = CURVE_STYLE('',#17923,POSITIVE_LENGTH_MEASURE(0.1),#15837);
#17923 = DRAUGHTING_PRE_DEFINED_CURVE_FONT('continuous');
#17924 = STYLED_ITEM('color',(#17925),#1934);
#17925 = PRESENTATION_STYLE_ASSIGNMENT((#17926,#17931));
#17926 = SURFACE_STYLE_USAGE(.BOTH.,#17927);
#17927 = SURFACE_SIDE_STYLE('',(#17928));
#17928 = SURFACE_STYLE_FILL_AREA(#17929);
#17929 = FILL_AREA_STYLE('',(#17930));
#17930 = FILL_AREA_STYLE_COLOUR('',#15837);
#17931 = CURVE_STYLE('',#17932,POSITIVE_LENGTH_MEASURE(0.1),#15837);
#17932 = DRAUGHTING_PRE_DEFINED_CURVE_FONT('continuous');
#17933 = STYLED_ITEM('color',(#17934),#1957);
#17934 = PRESENTATION_STYLE_ASSIGNMENT((#17935,#17940));
#17935 = SURFACE_STYLE_USAGE(.BOTH.,#17936);
#17936 = SURFACE_SIDE_STYLE('',(#17937));
#17937 = SURFACE_STYLE_FILL_AREA(#17938);
#17938 = FILL_AREA_STYLE('',(#17939));
#17939 = FILL_AREA_STYLE_COLOUR('',#15837);
#17940 = CURVE_STYLE('',#17941,POSITIVE_LENGTH_MEASURE(0.1),#15837);
#17941 = DRAUGHTING_PRE_DEFINED_CURVE_FONT('continuous');
#17942 = STYLED_ITEM('color',(#17943),#1996);
#17943 = PRESENTATION_STYLE_ASSIGNMENT((#17944,#17949));
#17944 = SURFACE_STYLE_USAGE(.BOTH.,#17945);
#17945 = SURFACE_SIDE_STYLE('',(#17946));
#17946 = SURFACE_STYLE_FILL_AREA(#17947);
#17947 = FILL_AREA_STYLE('',(#17948));
#17948 = FILL_AREA_STYLE_COLOUR('',#15638);
#17949 = CURVE_STYLE('',#17950,POSITIVE_LENGTH_MEASURE(0.1),#15638);
#17950 = DRAUGHTING_PRE_DEFINED_CURVE_FONT('continuous');
#17951 = STYLED_ITEM('color',(#17952),#2018);
#17952 = PRESENTATION_STYLE_ASSIGNMENT((#17953,#17958));
#17953 = SURFACE_STYLE_USAGE(.BOTH.,#17954);
#17954 = SURFACE_SIDE_STYLE('',(#17955));
#17955 = SURFACE_STYLE_FILL_AREA(#17956);
#17956 = FILL_AREA_STYLE('',(#17957));
#17957 = FILL_AREA_STYLE_COLOUR('',#15837);
#17958 = CURVE_STYLE('',#17959,POSITIVE_LENGTH_MEASURE(0.1),#15837);
#17959 = DRAUGHTING_PRE_DEFINED_CURVE_FONT('continuous');
#17960 = STYLED_ITEM('color',(#17961),#2062);
#17961 = PRESENTATION_STYLE_ASSIGNMENT((#17962,#17967));
#17962 = SURFACE_STYLE_USAGE(.BOTH.,#17963);
#17963 = SURFACE_SIDE_STYLE('',(#17964));
#17964 = SURFACE_STYLE_FILL_AREA(#17965);
#17965 = FILL_AREA_STYLE('',(#17966));
#17966 = FILL_AREA_STYLE_COLOUR('',#15638);
#17967 = CURVE_STYLE('',#17968,POSITIVE_LENGTH_MEASURE(0.1),#15638);
#17968 = DRAUGHTING_PRE_DEFINED_CURVE_FONT('continuous');
#17969 = STYLED_ITEM('color',(#17970),#2137);
#17970 = PRESENTATION_STYLE_ASSIGNMENT((#17971,#17976));
#17971 = SURFACE_STYLE_USAGE(.BOTH.,#17972);
#17972 = SURFACE_SIDE_STYLE('',(#17973));
#17973 = SURFACE_STYLE_FILL_AREA(#17974);
#17974 = FILL_AREA_STYLE('',(#17975));
#17975 = FILL_AREA_STYLE_COLOUR('',#15638);
#17976 = CURVE_STYLE('',#17977,POSITIVE_LENGTH_MEASURE(0.1),#15638);
#17977 = DRAUGHTING_PRE_DEFINED_CURVE_FONT('continuous');
#17978 = STYLED_ITEM('color',(#17979),#2161);
#17979 = PRESENTATION_STYLE_ASSIGNMENT((#17980,#17985));
#17980 = SURFACE_STYLE_USAGE(.BOTH.,#17981);
#17981 = SURFACE_SIDE_STYLE('',(#17982));
#17982 = SURFACE_STYLE_FILL_AREA(#17983);
#17983 = FILL_AREA_STYLE('',(#17984));
#17984 = FILL_AREA_STYLE_COLOUR('',#15638);
#17985 = CURVE_STYLE('',#17986,POSITIVE_LENGTH_MEASURE(0.1),#15638);
#17986 = DRAUGHTING_PRE_DEFINED_CURVE_FONT('continuous');
#17987 = STYLED_ITEM('color',(#17988),#2229);
#17988 = PRESENTATION_STYLE_ASSIGNMENT((#17989,#17994));
#17989 = SURFACE_STYLE_USAGE(.BOTH.,#17990);
#17990 = SURFACE_SIDE_STYLE('',(#17991));
#17991 = SURFACE_STYLE_FILL_AREA(#17992);
#17992 = FILL_AREA_STYLE('',(#17993));
#17993 = FILL_AREA_STYLE_COLOUR('',#15837);
#17994 = CURVE_STYLE('',#17995,POSITIVE_LENGTH_MEASURE(0.1),#15837);
#17995 = DRAUGHTING_PRE_DEFINED_CURVE_FONT('continuous');
#17996 = STYLED_ITEM('color',(#17997),#2246);
#17997 = PRESENTATION_STYLE_ASSIGNMENT((#17998,#18003));
#17998 = SURFACE_STYLE_USAGE(.BOTH.,#17999);
#17999 = SURFACE_SIDE_STYLE('',(#18000));
#18000 = SURFACE_STYLE_FILL_AREA(#18001);
#18001 = FILL_AREA_STYLE('',(#18002));
#18002 = FILL_AREA_STYLE_COLOUR('',#15638);
#18003 = CURVE_STYLE('',#18004,POSITIVE_LENGTH_MEASURE(0.1),#15638);
#18004 = DRAUGHTING_PRE_DEFINED_CURVE_FONT('continuous');
#18005 = STYLED_ITEM('color',(#18006),#2321);
#18006 = PRESENTATION_STYLE_ASSIGNMENT((#18007,#18012));
#18007 = SURFACE_STYLE_USAGE(.BOTH.,#18008);
#18008 = SURFACE_SIDE_STYLE('',(#18009));
#18009 = SURFACE_STYLE_FILL_AREA(#18010);
#18010 = FILL_AREA_STYLE('',(#18011));
#18011 = FILL_AREA_STYLE_COLOUR('',#15638);
#18012 = CURVE_STYLE('',#18013,POSITIVE_LENGTH_MEASURE(0.1),#15638);
#18013 = DRAUGHTING_PRE_DEFINED_CURVE_FONT('continuous');
#18014 = STYLED_ITEM('color',(#18015),#2345);
#18015 = PRESENTATION_STYLE_ASSIGNMENT((#18016,#18021));
#18016 = SURFACE_STYLE_USAGE(.BOTH.,#18017);
#18017 = SURFACE_SIDE_STYLE('',(#18018));
#18018 = SURFACE_STYLE_FILL_AREA(#18019);
#18019 = FILL_AREA_STYLE('',(#18020));
#18020 = FILL_AREA_STYLE_COLOUR('',#15638);
#18021 = CURVE_STYLE('',#18022,POSITIVE_LENGTH_MEASURE(0.1),#15638);
#18022 = DRAUGHTING_PRE_DEFINED_CURVE_FONT('continuous');
#18023 = STYLED_ITEM('color',(#18024),#2413);
#18024 = PRESENTATION_STYLE_ASSIGNMENT((#18025,#18030));
#18025 = SURFACE_STYLE_USAGE(.BOTH.,#18026);
#18026 = SURFACE_SIDE_STYLE('',(#18027));
#18027 = SURFACE_STYLE_FILL_AREA(#18028);
#18028 = FILL_AREA_STYLE('',(#18029));
#18029 = FILL_AREA_STYLE_COLOUR('',#15638);
#18030 = CURVE_STYLE('',#18031,POSITIVE_LENGTH_MEASURE(0.1),#15638);
#18031 = DRAUGHTING_PRE_DEFINED_CURVE_FONT('continuous');
#18032 = STYLED_ITEM('color',(#18033),#2488);
#18033 = PRESENTATION_STYLE_ASSIGNMENT((#18034,#18039));
#18034 = SURFACE_STYLE_USAGE(.BOTH.,#18035);
#18035 = SURFACE_SIDE_STYLE('',(#18036));
#18036 = SURFACE_STYLE_FILL_AREA(#18037);
#18037 = FILL_AREA_STYLE('',(#18038));
#18038 = FILL_AREA_STYLE_COLOUR('',#15638);
#18039 = CURVE_STYLE('',#18040,POSITIVE_LENGTH_MEASURE(0.1),#15638);
#18040 = DRAUGHTING_PRE_DEFINED_CURVE_FONT('continuous');
#18041 = STYLED_ITEM('color',(#18042),#2512);
#18042 = PRESENTATION_STYLE_ASSIGNMENT((#18043,#18048));
#18043 = SURFACE_STYLE_USAGE(.BOTH.,#18044);
#18044 = SURFACE_SIDE_STYLE('',(#18045));
#18045 = SURFACE_STYLE_FILL_AREA(#18046);
#18046 = FILL_AREA_STYLE('',(#18047));
#18047 = FILL_AREA_STYLE_COLOUR('',#15638);
#18048 = CURVE_STYLE('',#18049,POSITIVE_LENGTH_MEASURE(0.1),#15638);
#18049 = DRAUGHTING_PRE_DEFINED_CURVE_FONT('continuous');
#18050 = STYLED_ITEM('color',(#18051),#2580);
#18051 = PRESENTATION_STYLE_ASSIGNMENT((#18052,#18057));
#18052 = SURFACE_STYLE_USAGE(.BOTH.,#18053);
#18053 = SURFACE_SIDE_STYLE('',(#18054));
#18054 = SURFACE_STYLE_FILL_AREA(#18055);
#18055 = FILL_AREA_STYLE('',(#18056));
#18056 = FILL_AREA_STYLE_COLOUR('',#15638);
#18057 = CURVE_STYLE('',#18058,POSITIVE_LENGTH_MEASURE(0.1),#15638);
#18058 = DRAUGHTING_PRE_DEFINED_CURVE_FONT('continuous');
#18059 = STYLED_ITEM('color',(#18060),#2597);
#18060 = PRESENTATION_STYLE_ASSIGNMENT((#18061,#18066));
#18061 = SURFACE_STYLE_USAGE(.BOTH.,#18062);
#18062 = SURFACE_SIDE_STYLE('',(#18063));
#18063 = SURFACE_STYLE_FILL_AREA(#18064);
#18064 = FILL_AREA_STYLE('',(#18065));
#18065 = FILL_AREA_STYLE_COLOUR('',#15638);
#18066 = CURVE_STYLE('',#18067,POSITIVE_LENGTH_MEASURE(0.1),#15638);
#18067 = DRAUGHTING_PRE_DEFINED_CURVE_FONT('continuous');
#18068 = STYLED_ITEM('color',(#18069),#2614);
#18069 = PRESENTATION_STYLE_ASSIGNMENT((#18070,#18075));
#18070 = SURFACE_STYLE_USAGE(.BOTH.,#18071);
#18071 = SURFACE_SIDE_STYLE('',(#18072));
#18072 = SURFACE_STYLE_FILL_AREA(#18073);
#18073 = FILL_AREA_STYLE('',(#18074));
#18074 = FILL_AREA_STYLE_COLOUR('',#15837);
#18075 = CURVE_STYLE('',#18076,POSITIVE_LENGTH_MEASURE(0.1),#15837);
#18076 = DRAUGHTING_PRE_DEFINED_CURVE_FONT('continuous');
#18077 = STYLED_ITEM('color',(#18078),#2660);
#18078 = PRESENTATION_STYLE_ASSIGNMENT((#18079,#18084));
#18079 = SURFACE_STYLE_USAGE(.BOTH.,#18080);
#18080 = SURFACE_SIDE_STYLE('',(#18081));
#18081 = SURFACE_STYLE_FILL_AREA(#18082);
#18082 = FILL_AREA_STYLE('',(#18083));
#18083 = FILL_AREA_STYLE_COLOUR('',#15837);
#18084 = CURVE_STYLE('',#18085,POSITIVE_LENGTH_MEASURE(0.1),#15837);
#18085 = DRAUGHTING_PRE_DEFINED_CURVE_FONT('continuous');
#18086 = STYLED_ITEM('color',(#18087),#2676);
#18087 = PRESENTATION_STYLE_ASSIGNMENT((#18088,#18093));
#18088 = SURFACE_STYLE_USAGE(.BOTH.,#18089);
#18089 = SURFACE_SIDE_STYLE('',(#18090));
#18090 = SURFACE_STYLE_FILL_AREA(#18091);
#18091 = FILL_AREA_STYLE('',(#18092));
#18092 = FILL_AREA_STYLE_COLOUR('',#15837);
#18093 = CURVE_STYLE('',#18094,POSITIVE_LENGTH_MEASURE(0.1),#15837);
#18094 = DRAUGHTING_PRE_DEFINED_CURVE_FONT('continuous');
#18095 = STYLED_ITEM('color',(#18096),#2692);
#18096 = PRESENTATION_STYLE_ASSIGNMENT((#18097,#18102));
#18097 = SURFACE_STYLE_USAGE(.BOTH.,#18098);
#18098 = SURFACE_SIDE_STYLE('',(#18099));
#18099 = SURFACE_STYLE_FILL_AREA(#18100);
#18100 = FILL_AREA_STYLE('',(#18101));
#18101 = FILL_AREA_STYLE_COLOUR('',#15638);
#18102 = CURVE_STYLE('',#18103,POSITIVE_LENGTH_MEASURE(0.1),#15638);
#18103 = DRAUGHTING_PRE_DEFINED_CURVE_FONT('continuous');
#18104 = STYLED_ITEM('color',(#18105),#2709);
#18105 = PRESENTATION_STYLE_ASSIGNMENT((#18106,#18111));
#18106 = SURFACE_STYLE_USAGE(.BOTH.,#18107);
#18107 = SURFACE_SIDE_STYLE('',(#18108));
#18108 = SURFACE_STYLE_FILL_AREA(#18109);
#18109 = FILL_AREA_STYLE('',(#18110));
#18110 = FILL_AREA_STYLE_COLOUR('',#15837);
#18111 = CURVE_STYLE('',#18112,POSITIVE_LENGTH_MEASURE(0.1),#15837);
#18112 = DRAUGHTING_PRE_DEFINED_CURVE_FONT('continuous');
#18113 = STYLED_ITEM('color',(#18114),#2721);
#18114 = PRESENTATION_STYLE_ASSIGNMENT((#18115,#18120));
#18115 = SURFACE_STYLE_USAGE(.BOTH.,#18116);
#18116 = SURFACE_SIDE_STYLE('',(#18117));
#18117 = SURFACE_STYLE_FILL_AREA(#18118);
#18118 = FILL_AREA_STYLE('',(#18119));
#18119 = FILL_AREA_STYLE_COLOUR('',#15638);
#18120 = CURVE_STYLE('',#18121,POSITIVE_LENGTH_MEASURE(0.1),#15638);
#18121 = DRAUGHTING_PRE_DEFINED_CURVE_FONT('continuous');
#18122 = STYLED_ITEM('color',(#18123),#2738);
#18123 = PRESENTATION_STYLE_ASSIGNMENT((#18124,#18129));
#18124 = SURFACE_STYLE_USAGE(.BOTH.,#18125);
#18125 = SURFACE_SIDE_STYLE('',(#18126));
#18126 = SURFACE_STYLE_FILL_AREA(#18127);
#18127 = FILL_AREA_STYLE('',(#18128));
#18128 = FILL_AREA_STYLE_COLOUR('',#15638);
#18129 = CURVE_STYLE('',#18130,POSITIVE_LENGTH_MEASURE(0.1),#15638);
#18130 = DRAUGHTING_PRE_DEFINED_CURVE_FONT('continuous');
#18131 = STYLED_ITEM('color',(#18132),#2755);
#18132 = PRESENTATION_STYLE_ASSIGNMENT((#18133,#18138));
#18133 = SURFACE_STYLE_USAGE(.BOTH.,#18134);
#18134 = SURFACE_SIDE_STYLE('',(#18135));
#18135 = SURFACE_STYLE_FILL_AREA(#18136);
#18136 = FILL_AREA_STYLE('',(#18137));
#18137 = FILL_AREA_STYLE_COLOUR('',#15638);
#18138 = CURVE_STYLE('',#18139,POSITIVE_LENGTH_MEASURE(0.1),#15638);
#18139 = DRAUGHTING_PRE_DEFINED_CURVE_FONT('continuous');
#18140 = STYLED_ITEM('color',(#18141),#2772);
#18141 = PRESENTATION_STYLE_ASSIGNMENT((#18142,#18147));
#18142 = SURFACE_STYLE_USAGE(.BOTH.,#18143);
#18143 = SURFACE_SIDE_STYLE('',(#18144));
#18144 = SURFACE_STYLE_FILL_AREA(#18145);
#18145 = FILL_AREA_STYLE('',(#18146));
#18146 = FILL_AREA_STYLE_COLOUR('',#15638);
#18147 = CURVE_STYLE('',#18148,POSITIVE_LENGTH_MEASURE(0.1),#15638);
#18148 = DRAUGHTING_PRE_DEFINED_CURVE_FONT('continuous');
#18149 = STYLED_ITEM('color',(#18150),#2789);
#18150 = PRESENTATION_STYLE_ASSIGNMENT((#18151,#18156));
#18151 = SURFACE_STYLE_USAGE(.BOTH.,#18152);
#18152 = SURFACE_SIDE_STYLE('',(#18153));
#18153 = SURFACE_STYLE_FILL_AREA(#18154);
#18154 = FILL_AREA_STYLE('',(#18155));
#18155 = FILL_AREA_STYLE_COLOUR('',#15638);
#18156 = CURVE_STYLE('',#18157,POSITIVE_LENGTH_MEASURE(0.1),#15638);
#18157 = DRAUGHTING_PRE_DEFINED_CURVE_FONT('continuous');
#18158 = STYLED_ITEM('color',(#18159),#2806);
#18159 = PRESENTATION_STYLE_ASSIGNMENT((#18160,#18165));
#18160 = SURFACE_STYLE_USAGE(.BOTH.,#18161);
#18161 = SURFACE_SIDE_STYLE('',(#18162));
#18162 = SURFACE_STYLE_FILL_AREA(#18163);
#18163 = FILL_AREA_STYLE('',(#18164));
#18164 = FILL_AREA_STYLE_COLOUR('',#15638);
#18165 = CURVE_STYLE('',#18166,POSITIVE_LENGTH_MEASURE(0.1),#15638);
#18166 = DRAUGHTING_PRE_DEFINED_CURVE_FONT('continuous');
#18167 = STYLED_ITEM('color',(#18168),#2823);
#18168 = PRESENTATION_STYLE_ASSIGNMENT((#18169,#18174));
#18169 = SURFACE_STYLE_USAGE(.BOTH.,#18170);
#18170 = SURFACE_SIDE_STYLE('',(#18171));
#18171 = SURFACE_STYLE_FILL_AREA(#18172);
#18172 = FILL_AREA_STYLE('',(#18173));
#18173 = FILL_AREA_STYLE_COLOUR('',#15638);
#18174 = CURVE_STYLE('',#18175,POSITIVE_LENGTH_MEASURE(0.1),#15638);
#18175 = DRAUGHTING_PRE_DEFINED_CURVE_FONT('continuous');
#18176 = STYLED_ITEM('color',(#18177),#2835);
#18177 = PRESENTATION_STYLE_ASSIGNMENT((#18178,#18183));
#18178 = SURFACE_STYLE_USAGE(.BOTH.,#18179);
#18179 = SURFACE_SIDE_STYLE('',(#18180));
#18180 = SURFACE_STYLE_FILL_AREA(#18181);
#18181 = FILL_AREA_STYLE('',(#18182));
#18182 = FILL_AREA_STYLE_COLOUR('',#15638);
#18183 = CURVE_STYLE('',#18184,POSITIVE_LENGTH_MEASURE(0.1),#15638);
#18184 = DRAUGHTING_PRE_DEFINED_CURVE_FONT('continuous');
#18185 = STYLED_ITEM('color',(#18186),#2852);
#18186 = PRESENTATION_STYLE_ASSIGNMENT((#18187,#18192));
#18187 = SURFACE_STYLE_USAGE(.BOTH.,#18188);
#18188 = SURFACE_SIDE_STYLE('',(#18189));
#18189 = SURFACE_STYLE_FILL_AREA(#18190);
#18190 = FILL_AREA_STYLE('',(#18191));
#18191 = FILL_AREA_STYLE_COLOUR('',#15638);
#18192 = CURVE_STYLE('',#18193,POSITIVE_LENGTH_MEASURE(0.1),#15638);
#18193 = DRAUGHTING_PRE_DEFINED_CURVE_FONT('continuous');
#18194 = STYLED_ITEM('color',(#18195),#2869);
#18195 = PRESENTATION_STYLE_ASSIGNMENT((#18196,#18201));
#18196 = SURFACE_STYLE_USAGE(.BOTH.,#18197);
#18197 = SURFACE_SIDE_STYLE('',(#18198));
#18198 = SURFACE_STYLE_FILL_AREA(#18199);
#18199 = FILL_AREA_STYLE('',(#18200));
#18200 = FILL_AREA_STYLE_COLOUR('',#15638);
#18201 = CURVE_STYLE('',#18202,POSITIVE_LENGTH_MEASURE(0.1),#15638);
#18202 = DRAUGHTING_PRE_DEFINED_CURVE_FONT('continuous');
#18203 = STYLED_ITEM('color',(#18204),#2886);
#18204 = PRESENTATION_STYLE_ASSIGNMENT((#18205,#18210));
#18205 = SURFACE_STYLE_USAGE(.BOTH.,#18206);
#18206 = SURFACE_SIDE_STYLE('',(#18207));
#18207 = SURFACE_STYLE_FILL_AREA(#18208);
#18208 = FILL_AREA_STYLE('',(#18209));
#18209 = FILL_AREA_STYLE_COLOUR('',#15638);
#18210 = CURVE_STYLE('',#18211,POSITIVE_LENGTH_MEASURE(0.1),#15638);
#18211 = DRAUGHTING_PRE_DEFINED_CURVE_FONT('continuous');
#18212 = STYLED_ITEM('color',(#18213),#2903);
#18213 = PRESENTATION_STYLE_ASSIGNMENT((#18214,#18219));
#18214 = SURFACE_STYLE_USAGE(.BOTH.,#18215);
#18215 = SURFACE_SIDE_STYLE('',(#18216));
#18216 = SURFACE_STYLE_FILL_AREA(#18217);
#18217 = FILL_AREA_STYLE('',(#18218));
#18218 = FILL_AREA_STYLE_COLOUR('',#15638);
#18219 = CURVE_STYLE('',#18220,POSITIVE_LENGTH_MEASURE(0.1),#15638);
#18220 = DRAUGHTING_PRE_DEFINED_CURVE_FONT('continuous');
#18221 = STYLED_ITEM('color',(#18222),#2920);
#18222 = PRESENTATION_STYLE_ASSIGNMENT((#18223,#18228));
#18223 = SURFACE_STYLE_USAGE(.BOTH.,#18224);
#18224 = SURFACE_SIDE_STYLE('',(#18225));
#18225 = SURFACE_STYLE_FILL_AREA(#18226);
#18226 = FILL_AREA_STYLE('',(#18227));
#18227 = FILL_AREA_STYLE_COLOUR('',#15638);
#18228 = CURVE_STYLE('',#18229,POSITIVE_LENGTH_MEASURE(0.1),#15638);
#18229 = DRAUGHTING_PRE_DEFINED_CURVE_FONT('continuous');
#18230 = STYLED_ITEM('color',(#18231),#2932);
#18231 = PRESENTATION_STYLE_ASSIGNMENT((#18232,#18237));
#18232 = SURFACE_STYLE_USAGE(.BOTH.,#18233);
#18233 = SURFACE_SIDE_STYLE('',(#18234));
#18234 = SURFACE_STYLE_FILL_AREA(#18235);
#18235 = FILL_AREA_STYLE('',(#18236));
#18236 = FILL_AREA_STYLE_COLOUR('',#15638);
#18237 = CURVE_STYLE('',#18238,POSITIVE_LENGTH_MEASURE(0.1),#15638);
#18238 = DRAUGHTING_PRE_DEFINED_CURVE_FONT('continuous');
#18239 = STYLED_ITEM('color',(#18240),#2949);
#18240 = PRESENTATION_STYLE_ASSIGNMENT((#18241,#18246));
#18241 = SURFACE_STYLE_USAGE(.BOTH.,#18242);
#18242 = SURFACE_SIDE_STYLE('',(#18243));
#18243 = SURFACE_STYLE_FILL_AREA(#18244);
#18244 = FILL_AREA_STYLE('',(#18245));
#18245 = FILL_AREA_STYLE_COLOUR('',#15638);
#18246 = CURVE_STYLE('',#18247,POSITIVE_LENGTH_MEASURE(0.1),#15638);
#18247 = DRAUGHTING_PRE_DEFINED_CURVE_FONT('continuous');
#18248 = STYLED_ITEM('color',(#18249),#2966);
#18249 = PRESENTATION_STYLE_ASSIGNMENT((#18250,#18255));
#18250 = SURFACE_STYLE_USAGE(.BOTH.,#18251);
#18251 = SURFACE_SIDE_STYLE('',(#18252));
#18252 = SURFACE_STYLE_FILL_AREA(#18253);
#18253 = FILL_AREA_STYLE('',(#18254));
#18254 = FILL_AREA_STYLE_COLOUR('',#15638);
#18255 = CURVE_STYLE('',#18256,POSITIVE_LENGTH_MEASURE(0.1),#15638);
#18256 = DRAUGHTING_PRE_DEFINED_CURVE_FONT('continuous');
#18257 = STYLED_ITEM('color',(#18258),#2983);
#18258 = PRESENTATION_STYLE_ASSIGNMENT((#18259,#18264));
#18259 = SURFACE_STYLE_USAGE(.BOTH.,#18260);
#18260 = SURFACE_SIDE_STYLE('',(#18261));
#18261 = SURFACE_STYLE_FILL_AREA(#18262);
#18262 = FILL_AREA_STYLE('',(#18263));
#18263 = FILL_AREA_STYLE_COLOUR('',#15638);
#18264 = CURVE_STYLE('',#18265,POSITIVE_LENGTH_MEASURE(0.1),#15638);
#18265 = DRAUGHTING_PRE_DEFINED_CURVE_FONT('continuous');
#18266 = STYLED_ITEM('color',(#18267),#3000);
#18267 = PRESENTATION_STYLE_ASSIGNMENT((#18268,#18273));
#18268 = SURFACE_STYLE_USAGE(.BOTH.,#18269);
#18269 = SURFACE_SIDE_STYLE('',(#18270));
#18270 = SURFACE_STYLE_FILL_AREA(#18271);
#18271 = FILL_AREA_STYLE('',(#18272));
#18272 = FILL_AREA_STYLE_COLOUR('',#15638);
#18273 = CURVE_STYLE('',#18274,POSITIVE_LENGTH_MEASURE(0.1),#15638);
#18274 = DRAUGHTING_PRE_DEFINED_CURVE_FONT('continuous');
#18275 = STYLED_ITEM('color',(#18276),#3017);
#18276 = PRESENTATION_STYLE_ASSIGNMENT((#18277,#18282));
#18277 = SURFACE_STYLE_USAGE(.BOTH.,#18278);
#18278 = SURFACE_SIDE_STYLE('',(#18279));
#18279 = SURFACE_STYLE_FILL_AREA(#18280);
#18280 = FILL_AREA_STYLE('',(#18281));
#18281 = FILL_AREA_STYLE_COLOUR('',#15638);
#18282 = CURVE_STYLE('',#18283,POSITIVE_LENGTH_MEASURE(0.1),#15638);
#18283 = DRAUGHTING_PRE_DEFINED_CURVE_FONT('continuous');
#18284 = STYLED_ITEM('color',(#18285),#3029);
#18285 = PRESENTATION_STYLE_ASSIGNMENT((#18286,#18291));
#18286 = SURFACE_STYLE_USAGE(.BOTH.,#18287);
#18287 = SURFACE_SIDE_STYLE('',(#18288));
#18288 = SURFACE_STYLE_FILL_AREA(#18289);
#18289 = FILL_AREA_STYLE('',(#18290));
#18290 = FILL_AREA_STYLE_COLOUR('',#16324);
#18291 = CURVE_STYLE('',#18292,POSITIVE_LENGTH_MEASURE(0.1),#16324);
#18292 = DRAUGHTING_PRE_DEFINED_CURVE_FONT('continuous');
#18293 = MECHANICAL_DESIGN_GEOMETRIC_PRESENTATION_REPRESENTATION('',(
    #18294),#15619);
#18294 = STYLED_ITEM('color',(#18295),#15235);
#18295 = PRESENTATION_STYLE_ASSIGNMENT((#18296));
#18296 = SURFACE_STYLE_USAGE(.BOTH.,#18297);
#18297 = SURFACE_SIDE_STYLE('',(#18298));
#18298 = SURFACE_STYLE_FILL_AREA(#18299);
#18299 = FILL_AREA_STYLE('',(#18300));
#18300 = FILL_AREA_STYLE_COLOUR('',#18301);
#18301 = COLOUR_RGB('',0.313304153717,0.484529207832,0.410020903123);
ENDSEC;
END-ISO-10303-21;
