ISO-10303-21;
HEADER;
FILE_DESCRIPTION(('KiCad electronic assembly'),'2;1');
FILE_NAME('lna_fm_98mhz_pcb_no_connectors.step','2026-09-08T14:48:40',(
    'Pcbnew'),('Kicad'),'Open CASCADE STEP processor 7.9',
  'KiCad to STEP converter','Unknown');
FILE_SCHEMA(('AUTOMOTIVE_DESIGN { 1 0 10303 214 1 1 1 1 }'));
ENDSEC;
DATA;
#1 = APPLICATION_PROTOCOL_DEFINITION('international standard',
  'automotive_design',2000,#2);
#2 = APPLICATION_CONTEXT(
  'core data for automotive mechanical design processes');
#3 = SHAPE_DEFINITION_REPRESENTATION(#4,#10);
#4 = PRODUCT_DEFINITION_SHAPE('','',#5);
#5 = PRODUCT_DEFINITION('design','',#6,#9);
#6 = PRODUCT_DEFINITION_FORMATION('','',#7);
#7 = PRODUCT('lna_fm_98mhz_pcb_no_connectors 1',
  'lna_fm_98mhz_pcb_no_connectors 1','',(#8));
#8 = PRODUCT_CONTEXT('',#2,'mechanical');
#9 = PRODUCT_DEFINITION_CONTEXT('part definition',#2,'design');
#10 = SHAPE_REPRESENTATION('',(#11,#15,#19,#23,#27,#31,#35,#39,#43,#47,
    #51,#55,#59,#63,#67,#71,#75,#79,#83,#87,#91,#95,#99,#103,#107),#111
  );
#11 = AXIS2_PLACEMENT_3D('',#12,#13,#14);
#12 = CARTESIAN_POINT('',(0.,0.,0.));
#13 = DIRECTION('',(0.,0.,1.));
#14 = DIRECTION('',(1.,0.,-0.));
#15 = AXIS2_PLACEMENT_3D('',#16,#17,#18);
#16 = CARTESIAN_POINT('',(13.5,-10.5,1.595));
#17 = DIRECTION('',(0.,-0.,1.));
#18 = DIRECTION('',(1.110223024625E-16,1.,0.));
#19 = AXIS2_PLACEMENT_3D('',#20,#21,#22);
#20 = CARTESIAN_POINT('',(17.,-15.,1.595));
#21 = DIRECTION('',(0.,0.,1.));
#22 = DIRECTION('',(1.,0.,0.));
#23 = AXIS2_PLACEMENT_3D('',#24,#25,#26);
#24 = CARTESIAN_POINT('',(14.675,-20.,1.595));
#25 = DIRECTION('',(-0.,0.,1.));
#26 = DIRECTION('',(1.110223024625E-16,-1.,0.));
#27 = AXIS2_PLACEMENT_3D('',#28,#29,#30);
#28 = CARTESIAN_POINT('',(21.,-18.5,1.595));
#29 = DIRECTION('',(-0.,0.,1.));
#30 = DIRECTION('',(1.110223024625E-16,-1.,0.));
#31 = AXIS2_PLACEMENT_3D('',#32,#33,#34);
#32 = CARTESIAN_POINT('',(14.675,-24.5,1.595));
#33 = DIRECTION('',(-0.,0.,1.));
#34 = DIRECTION('',(1.110223024625E-16,-1.,0.));
#35 = AXIS2_PLACEMENT_3D('',#36,#37,#38);
#36 = CARTESIAN_POINT('',(16.062,-10.5,1.595));
#37 = DIRECTION('',(0.,-0.,1.));
#38 = DIRECTION('',(1.110223024625E-16,1.,0.));
#39 = AXIS2_PLACEMENT_3D('',#40,#41,#42);
#40 = CARTESIAN_POINT('',(24.,-7.5,1.595));
#41 = DIRECTION('',(-0.,0.,1.));
#42 = DIRECTION('',(1.110223024625E-16,-1.,0.));
#43 = AXIS2_PLACEMENT_3D('',#44,#45,#46);
#44 = CARTESIAN_POINT('',(36.,-10.,1.595));
#45 = DIRECTION('',(0.,-0.,1.));
#46 = DIRECTION('',(1.110223024625E-16,1.,0.));
#47 = AXIS2_PLACEMENT_3D('',#48,#49,#50);
#48 = CARTESIAN_POINT('',(25.5,-15.,1.595));
#49 = DIRECTION('',(0.,0.,1.));
#50 = DIRECTION('',(1.,0.,0.));
#51 = AXIS2_PLACEMENT_3D('',#52,#53,#54);
#52 = CARTESIAN_POINT('',(26.8,-7.5,1.595));
#53 = DIRECTION('',(-0.,0.,1.));
#54 = DIRECTION('',(1.110223024625E-16,-1.,0.));
#55 = AXIS2_PLACEMENT_3D('',#56,#57,#58);
#56 = CARTESIAN_POINT('',(6.5,-17.5,1.595));
#57 = DIRECTION('',(-0.,0.,1.));
#58 = DIRECTION('',(1.110223024625E-16,-1.,0.));
#59 = AXIS2_PLACEMENT_3D('',#60,#61,#62);
#60 = CARTESIAN_POINT('',(8.5,-10.5,1.595));
#61 = DIRECTION('',(0.,-0.,1.));
#62 = DIRECTION('',(1.110223024625E-16,1.,0.));
#63 = AXIS2_PLACEMENT_3D('',#64,#65,#66);
#64 = CARTESIAN_POINT('',(10.,-2.,1.595));
#65 = DIRECTION('',(0.,0.,1.));
#66 = DIRECTION('',(1.,0.,0.));
#67 = AXIS2_PLACEMENT_3D('',#68,#69,#70);
#68 = CARTESIAN_POINT('',(11.,-10.5,1.595));
#69 = DIRECTION('',(0.,-0.,1.));
#70 = DIRECTION('',(1.110223024625E-16,1.,0.));
#71 = AXIS2_PLACEMENT_3D('',#72,#73,#74);
#72 = CARTESIAN_POINT('',(39.,-10.,1.595));
#73 = DIRECTION('',(0.,0.,1.));
#74 = DIRECTION('',(1.,0.,0.));
#75 = AXIS2_PLACEMENT_3D('',#76,#77,#78);
#76 = CARTESIAN_POINT('',(39.,-7.5,1.595));
#77 = DIRECTION('',(0.,0.,1.));
#78 = DIRECTION('',(1.,0.,0.));
#79 = AXIS2_PLACEMENT_3D('',#80,#81,#82);
#80 = CARTESIAN_POINT('',(6.,-8.5,1.595));
#81 = DIRECTION('',(0.,-0.,1.));
#82 = DIRECTION('',(1.110223024625E-16,1.,0.));
#83 = AXIS2_PLACEMENT_3D('',#84,#85,#86);
#84 = CARTESIAN_POINT('',(10.95,-5.,1.595));
#85 = DIRECTION('',(0.,-0.,1.));
#86 = DIRECTION('',(1.110223024625E-16,1.,0.));
#87 = AXIS2_PLACEMENT_3D('',#88,#89,#90);
#88 = CARTESIAN_POINT('',(36.,-5.,1.595));
#89 = DIRECTION('',(-0.,0.,1.));
#90 = DIRECTION('',(1.110223024625E-16,-1.,0.));
#91 = AXIS2_PLACEMENT_3D('',#92,#93,#94);
#92 = CARTESIAN_POINT('',(8.5,-17.5,1.595));
#93 = DIRECTION('',(-0.,0.,1.));
#94 = DIRECTION('',(1.110223024625E-16,-1.,0.));
#95 = AXIS2_PLACEMENT_3D('',#96,#97,#98);
#96 = CARTESIAN_POINT('',(21.,-10.,1.595));
#97 = DIRECTION('',(0.,-0.,1.));
#98 = DIRECTION('',(1.110223024625E-16,1.,0.));
#99 = AXIS2_PLACEMENT_3D('',#100,#101,#102);
#100 = CARTESIAN_POINT('',(14.5,-3.5,1.595));
#101 = DIRECTION('',(0.,0.,1.));
#102 = DIRECTION('',(1.,0.,0.));
#103 = AXIS2_PLACEMENT_3D('',#104,#105,#106);
#104 = CARTESIAN_POINT('',(11.5,-15.95,1.595));
#105 = DIRECTION('',(0.,0.,1.));
#106 = DIRECTION('',(1.,0.,0.));
#107 = AXIS2_PLACEMENT_3D('',#108,#109,#110);
#108 = CARTESIAN_POINT('',(0.,0.,0.));
#109 = DIRECTION('',(0.,0.,1.));
#110 = DIRECTION('',(1.,0.,-0.));
#111 = ( GEOMETRIC_REPRESENTATION_CONTEXT(3) 
GLOBAL_UNCERTAINTY_ASSIGNED_CONTEXT((#115)) GLOBAL_UNIT_ASSIGNED_CONTEXT
((#112,#113,#114)) REPRESENTATION_CONTEXT('Context #1',
  '3D Context with UNIT and UNCERTAINTY') );
#112 = ( LENGTH_UNIT() NAMED_UNIT(*) SI_UNIT(.MILLI.,.METRE.) );
#113 = ( NAMED_UNIT(*) PLANE_ANGLE_UNIT() SI_UNIT($,.RADIAN.) );
#114 = ( NAMED_UNIT(*) SI_UNIT($,.STERADIAN.) SOLID_ANGLE_UNIT() );
#115 = UNCERTAINTY_MEASURE_WITH_UNIT(LENGTH_MEASURE(1.E-07),#112,
  'distance_accuracy_value','confusion accuracy');
#116 = PRODUCT_RELATED_PRODUCT_CATEGORY('part',$,(#7));
#117 = SHAPE_DEFINITION_REPRESENTATION(#118,#124);
#118 = PRODUCT_DEFINITION_SHAPE('','',#119);
#119 = PRODUCT_DEFINITION('design','',#120,#123);
#120 = PRODUCT_DEFINITION_FORMATION('','',#121);
#121 = PRODUCT('C_0805_2012Metric','C_0805_2012Metric','',(#122));
#122 = PRODUCT_CONTEXT('',#2,'mechanical');
#123 = PRODUCT_DEFINITION_CONTEXT('part definition',#2,'design');
#124 = SHAPE_REPRESENTATION('',(#11,#125),#129);
#125 = AXIS2_PLACEMENT_3D('',#126,#127,#128);
#126 = CARTESIAN_POINT('',(0.,0.,0.));
#127 = DIRECTION('',(0.,0.,1.));
#128 = DIRECTION('',(1.,0.,-0.));
#129 = ( GEOMETRIC_REPRESENTATION_CONTEXT(3) 
GLOBAL_UNCERTAINTY_ASSIGNED_CONTEXT((#133)) GLOBAL_UNIT_ASSIGNED_CONTEXT
((#130,#131,#132)) REPRESENTATION_CONTEXT('Context #1',
  '3D Context with UNIT and UNCERTAINTY') );
#130 = ( LENGTH_UNIT() NAMED_UNIT(*) SI_UNIT(.MILLI.,.METRE.) );
#131 = ( NAMED_UNIT(*) PLANE_ANGLE_UNIT() SI_UNIT($,.RADIAN.) );
#132 = ( NAMED_UNIT(*) SI_UNIT($,.STERADIAN.) SOLID_ANGLE_UNIT() );
#133 = UNCERTAINTY_MEASURE_WITH_UNIT(LENGTH_MEASURE(1.E-07),#130,
  'distance_accuracy_value','confusion accuracy');
#134 = CONTEXT_DEPENDENT_SHAPE_REPRESENTATION(#135,#137);
#135 = ( REPRESENTATION_RELATIONSHIP('','',#124,#10) 
REPRESENTATION_RELATIONSHIP_WITH_TRANSFORMATION(#136) 
SHAPE_REPRESENTATION_RELATIONSHIP() );
#136 = ITEM_DEFINED_TRANSFORMATION('','',#11,#15);
#137 = PRODUCT_DEFINITION_SHAPE('Placement','Placement of an item',#138
  );
#138 = NEXT_ASSEMBLY_USAGE_OCCURRENCE('2','C4','',#5,#119,$);
#139 = PRODUCT_RELATED_PRODUCT_CATEGORY('part',$,(#121));
#140 = SHAPE_DEFINITION_REPRESENTATION(#141,#147);
#141 = PRODUCT_DEFINITION_SHAPE('','',#142);
#142 = PRODUCT_DEFINITION('design','',#143,#146);
#143 = PRODUCT_DEFINITION_FORMATION('','',#144);
#144 = PRODUCT('C_0805_2012Metric','C_0805_2012Metric','',(#145));
#145 = PRODUCT_CONTEXT('',#2,'mechanical');
#146 = PRODUCT_DEFINITION_CONTEXT('part definition',#2,'design');
#147 = ADVANCED_BREP_SHAPE_REPRESENTATION('',(#11,#148),#1002);
#148 = MANIFOLD_SOLID_BREP('',#149);
#149 = CLOSED_SHELL('',(#150,#226,#257,#282,#307,#331,#355,#380,#405,
    #422,#508,#540,#564,#589,#613,#638,#662,#687,#704,#790,#821,#846,
    #871,#895,#919,#944,#969,#986));
#150 = ADVANCED_FACE('',(#151),#221,.F.);
#151 = FACE_BOUND('',#152,.F.);
#152 = EDGE_LOOP('',(#153,#163,#172,#180,#189,#197,#206,#214));
#153 = ORIENTED_EDGE('',*,*,#154,.F.);
#154 = EDGE_CURVE('',#155,#157,#159,.T.);
#155 = VERTEX_POINT('',#156);
#156 = CARTESIAN_POINT('',(-1.,-0.625,4.E-02));
#157 = VERTEX_POINT('',#158);
#158 = CARTESIAN_POINT('',(-1.,-0.625,1.21));
#159 = LINE('',#160,#161);
#160 = CARTESIAN_POINT('',(-1.,-0.625,0.));
#161 = VECTOR('',#162,1.);
#162 = DIRECTION('',(0.,0.,1.));
#163 = ORIENTED_EDGE('',*,*,#164,.T.);
#164 = EDGE_CURVE('',#155,#165,#167,.T.);
#165 = VERTEX_POINT('',#166);
#166 = CARTESIAN_POINT('',(-1.,-0.585,0.));
#167 = CIRCLE('',#168,4.E-02);
#168 = AXIS2_PLACEMENT_3D('',#169,#170,#171);
#169 = CARTESIAN_POINT('',(-1.,-0.585,4.E-02));
#170 = DIRECTION('',(1.,0.,-0.));
#171 = DIRECTION('',(0.,0.,1.));
#172 = ORIENTED_EDGE('',*,*,#173,.T.);
#173 = EDGE_CURVE('',#165,#174,#176,.T.);
#174 = VERTEX_POINT('',#175);
#175 = CARTESIAN_POINT('',(-1.,0.585,0.));
#176 = LINE('',#177,#178);
#177 = CARTESIAN_POINT('',(-1.,-0.625,0.));
#178 = VECTOR('',#179,1.);
#179 = DIRECTION('',(0.,1.,0.));
#180 = ORIENTED_EDGE('',*,*,#181,.F.);
#181 = EDGE_CURVE('',#182,#174,#184,.T.);
#182 = VERTEX_POINT('',#183);
#183 = CARTESIAN_POINT('',(-1.,0.625,4.E-02));
#184 = CIRCLE('',#185,4.E-02);
#185 = AXIS2_PLACEMENT_3D('',#186,#187,#188);
#186 = CARTESIAN_POINT('',(-1.,0.585,4.E-02));
#187 = DIRECTION('',(-1.,0.,0.));
#188 = DIRECTION('',(0.,0.,1.));
#189 = ORIENTED_EDGE('',*,*,#190,.T.);
#190 = EDGE_CURVE('',#182,#191,#193,.T.);
#191 = VERTEX_POINT('',#192);
#192 = CARTESIAN_POINT('',(-1.,0.625,1.21));
#193 = LINE('',#194,#195);
#194 = CARTESIAN_POINT('',(-1.,0.625,0.));
#195 = VECTOR('',#196,1.);
#196 = DIRECTION('',(0.,0.,1.));
#197 = ORIENTED_EDGE('',*,*,#198,.T.);
#198 = EDGE_CURVE('',#191,#199,#201,.T.);
#199 = VERTEX_POINT('',#200);
#200 = CARTESIAN_POINT('',(-1.,0.585,1.25));
#201 = CIRCLE('',#202,4.E-02);
#202 = AXIS2_PLACEMENT_3D('',#203,#204,#205);
#203 = CARTESIAN_POINT('',(-1.,0.585,1.21));
#204 = DIRECTION('',(1.,0.,-0.));
#205 = DIRECTION('',(0.,0.,1.));
#206 = ORIENTED_EDGE('',*,*,#207,.F.);
#207 = EDGE_CURVE('',#208,#199,#210,.T.);
#208 = VERTEX_POINT('',#209);
#209 = CARTESIAN_POINT('',(-1.,-0.585,1.25));
#210 = LINE('',#211,#212);
#211 = CARTESIAN_POINT('',(-1.,-0.625,1.25));
#212 = VECTOR('',#213,1.);
#213 = DIRECTION('',(0.,1.,0.));
#214 = ORIENTED_EDGE('',*,*,#215,.F.);
#215 = EDGE_CURVE('',#157,#208,#216,.T.);
#216 = CIRCLE('',#217,4.E-02);
#217 = AXIS2_PLACEMENT_3D('',#218,#219,#220);
#218 = CARTESIAN_POINT('',(-1.,-0.585,1.21));
#219 = DIRECTION('',(-1.,0.,0.));
#220 = DIRECTION('',(0.,0.,1.));
#221 = PLANE('',#222);
#222 = AXIS2_PLACEMENT_3D('',#223,#224,#225);
#223 = CARTESIAN_POINT('',(-1.,-0.625,0.));
#224 = DIRECTION('',(1.,0.,0.));
#225 = DIRECTION('',(0.,0.,1.));
#226 = ADVANCED_FACE('',(#227),#252,.F.);
#227 = FACE_BOUND('',#228,.F.);
#228 = EDGE_LOOP('',(#229,#239,#245,#246));
#229 = ORIENTED_EDGE('',*,*,#230,.F.);
#230 = EDGE_CURVE('',#231,#233,#235,.T.);
#231 = VERTEX_POINT('',#232);
#232 = CARTESIAN_POINT('',(-0.6,-0.625,4.E-02));
#233 = VERTEX_POINT('',#234);
#234 = CARTESIAN_POINT('',(-0.6,-0.625,1.21));
#235 = LINE('',#236,#237);
#236 = CARTESIAN_POINT('',(-0.6,-0.625,0.));
#237 = VECTOR('',#238,1.);
#238 = DIRECTION('',(0.,0.,1.));
#239 = ORIENTED_EDGE('',*,*,#240,.F.);
#240 = EDGE_CURVE('',#155,#231,#241,.T.);
#241 = LINE('',#242,#243);
#242 = CARTESIAN_POINT('',(-1.,-0.625,4.E-02));
#243 = VECTOR('',#244,1.);
#244 = DIRECTION('',(1.,0.,0.));
#245 = ORIENTED_EDGE('',*,*,#154,.T.);
#246 = ORIENTED_EDGE('',*,*,#247,.T.);
#247 = EDGE_CURVE('',#157,#233,#248,.T.);
#248 = LINE('',#249,#250);
#249 = CARTESIAN_POINT('',(-1.,-0.625,1.21));
#250 = VECTOR('',#251,1.);
#251 = DIRECTION('',(1.,0.,0.));
#252 = PLANE('',#253);
#253 = AXIS2_PLACEMENT_3D('',#254,#255,#256);
#254 = CARTESIAN_POINT('',(-1.,-0.625,0.));
#255 = DIRECTION('',(0.,1.,0.));
#256 = DIRECTION('',(0.,-0.,1.));
#257 = ADVANCED_FACE('',(#258),#277,.T.);
#258 = FACE_BOUND('',#259,.T.);
#259 = EDGE_LOOP('',(#260,#261,#269,#276));
#260 = ORIENTED_EDGE('',*,*,#164,.T.);
#261 = ORIENTED_EDGE('',*,*,#262,.T.);
#262 = EDGE_CURVE('',#165,#263,#265,.T.);
#263 = VERTEX_POINT('',#264);
#264 = CARTESIAN_POINT('',(-0.6,-0.585,0.));
#265 = LINE('',#266,#267);
#266 = CARTESIAN_POINT('',(-1.,-0.585,0.));
#267 = VECTOR('',#268,1.);
#268 = DIRECTION('',(1.,0.,0.));
#269 = ORIENTED_EDGE('',*,*,#270,.F.);
#270 = EDGE_CURVE('',#231,#263,#271,.T.);
#271 = CIRCLE('',#272,4.E-02);
#272 = AXIS2_PLACEMENT_3D('',#273,#274,#275);
#273 = CARTESIAN_POINT('',(-0.6,-0.585,4.E-02));
#274 = DIRECTION('',(1.,0.,-0.));
#275 = DIRECTION('',(0.,0.,1.));
#276 = ORIENTED_EDGE('',*,*,#240,.F.);
#277 = CYLINDRICAL_SURFACE('',#278,4.E-02);
#278 = AXIS2_PLACEMENT_3D('',#279,#280,#281);
#279 = CARTESIAN_POINT('',(-1.,-0.585,4.E-02));
#280 = DIRECTION('',(1.,0.,0.));
#281 = DIRECTION('',(0.,-1.,0.));
#282 = ADVANCED_FACE('',(#283),#302,.T.);
#283 = FACE_BOUND('',#284,.T.);
#284 = EDGE_LOOP('',(#285,#286,#295,#301));
#285 = ORIENTED_EDGE('',*,*,#247,.T.);
#286 = ORIENTED_EDGE('',*,*,#287,.T.);
#287 = EDGE_CURVE('',#233,#288,#290,.T.);
#288 = VERTEX_POINT('',#289);
#289 = CARTESIAN_POINT('',(-0.6,-0.585,1.25));
#290 = CIRCLE('',#291,4.E-02);
#291 = AXIS2_PLACEMENT_3D('',#292,#293,#294);
#292 = CARTESIAN_POINT('',(-0.6,-0.585,1.21));
#293 = DIRECTION('',(-1.,0.,0.));
#294 = DIRECTION('',(0.,0.,1.));
#295 = ORIENTED_EDGE('',*,*,#296,.F.);
#296 = EDGE_CURVE('',#208,#288,#297,.T.);
#297 = LINE('',#298,#299);
#298 = CARTESIAN_POINT('',(-1.,-0.585,1.25));
#299 = VECTOR('',#300,1.);
#300 = DIRECTION('',(1.,0.,0.));
#301 = ORIENTED_EDGE('',*,*,#215,.F.);
#302 = CYLINDRICAL_SURFACE('',#303,4.E-02);
#303 = AXIS2_PLACEMENT_3D('',#304,#305,#306);
#304 = CARTESIAN_POINT('',(-1.,-0.585,1.21));
#305 = DIRECTION('',(1.,0.,0.));
#306 = DIRECTION('',(0.,-1.,0.));
#307 = ADVANCED_FACE('',(#308),#326,.F.);
#308 = FACE_BOUND('',#309,.F.);
#309 = EDGE_LOOP('',(#310,#311,#312,#320));
#310 = ORIENTED_EDGE('',*,*,#173,.F.);
#311 = ORIENTED_EDGE('',*,*,#262,.T.);
#312 = ORIENTED_EDGE('',*,*,#313,.T.);
#313 = EDGE_CURVE('',#263,#314,#316,.T.);
#314 = VERTEX_POINT('',#315);
#315 = CARTESIAN_POINT('',(-0.6,0.585,0.));
#316 = LINE('',#317,#318);
#317 = CARTESIAN_POINT('',(-0.6,-0.625,0.));
#318 = VECTOR('',#319,1.);
#319 = DIRECTION('',(0.,1.,0.));
#320 = ORIENTED_EDGE('',*,*,#321,.F.);
#321 = EDGE_CURVE('',#174,#314,#322,.T.);
#322 = LINE('',#323,#324);
#323 = CARTESIAN_POINT('',(-1.,0.585,0.));
#324 = VECTOR('',#325,1.);
#325 = DIRECTION('',(1.,0.,0.));
#326 = PLANE('',#327);
#327 = AXIS2_PLACEMENT_3D('',#328,#329,#330);
#328 = CARTESIAN_POINT('',(-1.,-0.625,0.));
#329 = DIRECTION('',(0.,0.,1.));
#330 = DIRECTION('',(1.,0.,-0.));
#331 = ADVANCED_FACE('',(#332),#350,.T.);
#332 = FACE_BOUND('',#333,.T.);
#333 = EDGE_LOOP('',(#334,#335,#336,#344));
#334 = ORIENTED_EDGE('',*,*,#207,.F.);
#335 = ORIENTED_EDGE('',*,*,#296,.T.);
#336 = ORIENTED_EDGE('',*,*,#337,.T.);
#337 = EDGE_CURVE('',#288,#338,#340,.T.);
#338 = VERTEX_POINT('',#339);
#339 = CARTESIAN_POINT('',(-0.6,0.585,1.25));
#340 = LINE('',#341,#342);
#341 = CARTESIAN_POINT('',(-0.6,-0.625,1.25));
#342 = VECTOR('',#343,1.);
#343 = DIRECTION('',(0.,1.,0.));
#344 = ORIENTED_EDGE('',*,*,#345,.F.);
#345 = EDGE_CURVE('',#199,#338,#346,.T.);
#346 = LINE('',#347,#348);
#347 = CARTESIAN_POINT('',(-1.,0.585,1.25));
#348 = VECTOR('',#349,1.);
#349 = DIRECTION('',(1.,0.,0.));
#350 = PLANE('',#351);
#351 = AXIS2_PLACEMENT_3D('',#352,#353,#354);
#352 = CARTESIAN_POINT('',(-1.,-0.625,1.25));
#353 = DIRECTION('',(0.,0.,1.));
#354 = DIRECTION('',(1.,0.,-0.));
#355 = ADVANCED_FACE('',(#356),#375,.T.);
#356 = FACE_BOUND('',#357,.T.);
#357 = EDGE_LOOP('',(#358,#366,#373,#374));
#358 = ORIENTED_EDGE('',*,*,#359,.T.);
#359 = EDGE_CURVE('',#182,#360,#362,.T.);
#360 = VERTEX_POINT('',#361);
#361 = CARTESIAN_POINT('',(-0.6,0.625,4.E-02));
#362 = LINE('',#363,#364);
#363 = CARTESIAN_POINT('',(-1.,0.625,4.E-02));
#364 = VECTOR('',#365,1.);
#365 = DIRECTION('',(1.,0.,0.));
#366 = ORIENTED_EDGE('',*,*,#367,.T.);
#367 = EDGE_CURVE('',#360,#314,#368,.T.);
#368 = CIRCLE('',#369,4.E-02);
#369 = AXIS2_PLACEMENT_3D('',#370,#371,#372);
#370 = CARTESIAN_POINT('',(-0.6,0.585,4.E-02));
#371 = DIRECTION('',(-1.,0.,0.));
#372 = DIRECTION('',(0.,0.,1.));
#373 = ORIENTED_EDGE('',*,*,#321,.F.);
#374 = ORIENTED_EDGE('',*,*,#181,.F.);
#375 = CYLINDRICAL_SURFACE('',#376,4.E-02);
#376 = AXIS2_PLACEMENT_3D('',#377,#378,#379);
#377 = CARTESIAN_POINT('',(-1.,0.585,4.E-02));
#378 = DIRECTION('',(1.,0.,0.));
#379 = DIRECTION('',(-0.,1.,0.));
#380 = ADVANCED_FACE('',(#381),#400,.T.);
#381 = FACE_BOUND('',#382,.T.);
#382 = EDGE_LOOP('',(#383,#384,#385,#394));
#383 = ORIENTED_EDGE('',*,*,#198,.T.);
#384 = ORIENTED_EDGE('',*,*,#345,.T.);
#385 = ORIENTED_EDGE('',*,*,#386,.F.);
#386 = EDGE_CURVE('',#387,#338,#389,.T.);
#387 = VERTEX_POINT('',#388);
#388 = CARTESIAN_POINT('',(-0.6,0.625,1.21));
#389 = CIRCLE('',#390,4.E-02);
#390 = AXIS2_PLACEMENT_3D('',#391,#392,#393);
#391 = CARTESIAN_POINT('',(-0.6,0.585,1.21));
#392 = DIRECTION('',(1.,0.,-0.));
#393 = DIRECTION('',(0.,0.,1.));
#394 = ORIENTED_EDGE('',*,*,#395,.F.);
#395 = EDGE_CURVE('',#191,#387,#396,.T.);
#396 = LINE('',#397,#398);
#397 = CARTESIAN_POINT('',(-1.,0.625,1.21));
#398 = VECTOR('',#399,1.);
#399 = DIRECTION('',(1.,0.,0.));
#400 = CYLINDRICAL_SURFACE('',#401,4.E-02);
#401 = AXIS2_PLACEMENT_3D('',#402,#403,#404);
#402 = CARTESIAN_POINT('',(-1.,0.585,1.21));
#403 = DIRECTION('',(1.,0.,0.));
#404 = DIRECTION('',(-0.,1.,0.));
#405 = ADVANCED_FACE('',(#406),#417,.T.);
#406 = FACE_BOUND('',#407,.T.);
#407 = EDGE_LOOP('',(#408,#414,#415,#416));
#408 = ORIENTED_EDGE('',*,*,#409,.F.);
#409 = EDGE_CURVE('',#360,#387,#410,.T.);
#410 = LINE('',#411,#412);
#411 = CARTESIAN_POINT('',(-0.6,0.625,0.));
#412 = VECTOR('',#413,1.);
#413 = DIRECTION('',(0.,0.,1.));
#414 = ORIENTED_EDGE('',*,*,#359,.F.);
#415 = ORIENTED_EDGE('',*,*,#190,.T.);
#416 = ORIENTED_EDGE('',*,*,#395,.T.);
#417 = PLANE('',#418);
#418 = AXIS2_PLACEMENT_3D('',#419,#420,#421);
#419 = CARTESIAN_POINT('',(-1.,0.625,0.));
#420 = DIRECTION('',(0.,1.,0.));
#421 = DIRECTION('',(0.,-0.,1.));
#422 = ADVANCED_FACE('',(#423,#433),#503,.T.);
#423 = FACE_BOUND('',#424,.T.);
#424 = EDGE_LOOP('',(#425,#426,#427,#428,#429,#430,#431,#432));
#425 = ORIENTED_EDGE('',*,*,#230,.F.);
#426 = ORIENTED_EDGE('',*,*,#270,.T.);
#427 = ORIENTED_EDGE('',*,*,#313,.T.);
#428 = ORIENTED_EDGE('',*,*,#367,.F.);
#429 = ORIENTED_EDGE('',*,*,#409,.T.);
#430 = ORIENTED_EDGE('',*,*,#386,.T.);
#431 = ORIENTED_EDGE('',*,*,#337,.F.);
#432 = ORIENTED_EDGE('',*,*,#287,.F.);
#433 = FACE_BOUND('',#434,.T.);
#434 = EDGE_LOOP('',(#435,#446,#454,#463,#471,#480,#488,#497));
#435 = ORIENTED_EDGE('',*,*,#436,.F.);
#436 = EDGE_CURVE('',#437,#439,#441,.T.);
#437 = VERTEX_POINT('',#438);
#438 = CARTESIAN_POINT('',(-0.6,-0.585,8.E-02));
#439 = VERTEX_POINT('',#440);
#440 = CARTESIAN_POINT('',(-0.6,-0.545,4.E-02));
#441 = CIRCLE('',#442,4.E-02);
#442 = AXIS2_PLACEMENT_3D('',#443,#444,#445);
#443 = CARTESIAN_POINT('',(-0.6,-0.545,8.E-02));
#444 = DIRECTION('',(1.,0.,-0.));
#445 = DIRECTION('',(0.,0.,1.));
#446 = ORIENTED_EDGE('',*,*,#447,.T.);
#447 = EDGE_CURVE('',#437,#448,#450,.T.);
#448 = VERTEX_POINT('',#449);
#449 = CARTESIAN_POINT('',(-0.6,-0.585,1.17));
#450 = LINE('',#451,#452);
#451 = CARTESIAN_POINT('',(-0.6,-0.585,4.E-02));
#452 = VECTOR('',#453,1.);
#453 = DIRECTION('',(0.,0.,1.));
#454 = ORIENTED_EDGE('',*,*,#455,.T.);
#455 = EDGE_CURVE('',#448,#456,#458,.T.);
#456 = VERTEX_POINT('',#457);
#457 = CARTESIAN_POINT('',(-0.6,-0.545,1.21));
#458 = CIRCLE('',#459,4.E-02);
#459 = AXIS2_PLACEMENT_3D('',#460,#461,#462);
#460 = CARTESIAN_POINT('',(-0.6,-0.545,1.17));
#461 = DIRECTION('',(-1.,0.,0.));
#462 = DIRECTION('',(0.,0.,1.));
#463 = ORIENTED_EDGE('',*,*,#464,.T.);
#464 = EDGE_CURVE('',#456,#465,#467,.T.);
#465 = VERTEX_POINT('',#466);
#466 = CARTESIAN_POINT('',(-0.6,0.545,1.21));
#467 = LINE('',#468,#469);
#468 = CARTESIAN_POINT('',(-0.6,-0.585,1.21));
#469 = VECTOR('',#470,1.);
#470 = DIRECTION('',(0.,1.,0.));
#471 = ORIENTED_EDGE('',*,*,#472,.F.);
#472 = EDGE_CURVE('',#473,#465,#475,.T.);
#473 = VERTEX_POINT('',#474);
#474 = CARTESIAN_POINT('',(-0.6,0.585,1.17));
#475 = CIRCLE('',#476,4.E-02);
#476 = AXIS2_PLACEMENT_3D('',#477,#478,#479);
#477 = CARTESIAN_POINT('',(-0.6,0.545,1.17));
#478 = DIRECTION('',(1.,0.,-0.));
#479 = DIRECTION('',(0.,0.,1.));
#480 = ORIENTED_EDGE('',*,*,#481,.F.);
#481 = EDGE_CURVE('',#482,#473,#484,.T.);
#482 = VERTEX_POINT('',#483);
#483 = CARTESIAN_POINT('',(-0.6,0.585,8.E-02));
#484 = LINE('',#485,#486);
#485 = CARTESIAN_POINT('',(-0.6,0.585,4.E-02));
#486 = VECTOR('',#487,1.);
#487 = DIRECTION('',(0.,0.,1.));
#488 = ORIENTED_EDGE('',*,*,#489,.T.);
#489 = EDGE_CURVE('',#482,#490,#492,.T.);
#490 = VERTEX_POINT('',#491);
#491 = CARTESIAN_POINT('',(-0.6,0.545,4.E-02));
#492 = CIRCLE('',#493,4.E-02);
#493 = AXIS2_PLACEMENT_3D('',#494,#495,#496);
#494 = CARTESIAN_POINT('',(-0.6,0.545,8.E-02));
#495 = DIRECTION('',(-1.,0.,0.));
#496 = DIRECTION('',(0.,0.,1.));
#497 = ORIENTED_EDGE('',*,*,#498,.F.);
#498 = EDGE_CURVE('',#439,#490,#499,.T.);
#499 = LINE('',#500,#501);
#500 = CARTESIAN_POINT('',(-0.6,-0.585,4.E-02));
#501 = VECTOR('',#502,1.);
#502 = DIRECTION('',(0.,1.,0.));
#503 = PLANE('',#504);
#504 = AXIS2_PLACEMENT_3D('',#505,#506,#507);
#505 = CARTESIAN_POINT('',(-0.6,-0.625,0.));
#506 = DIRECTION('',(1.,0.,0.));
#507 = DIRECTION('',(0.,0.,1.));
#508 = ADVANCED_FACE('',(#509),#535,.T.);
#509 = FACE_BOUND('',#510,.T.);
#510 = EDGE_LOOP('',(#511,#512,#520,#529));
#511 = ORIENTED_EDGE('',*,*,#436,.T.);
#512 = ORIENTED_EDGE('',*,*,#513,.T.);
#513 = EDGE_CURVE('',#439,#514,#516,.T.);
#514 = VERTEX_POINT('',#515);
#515 = CARTESIAN_POINT('',(0.6,-0.545,4.E-02));
#516 = LINE('',#517,#518);
#517 = CARTESIAN_POINT('',(-0.6,-0.545,4.E-02));
#518 = VECTOR('',#519,1.);
#519 = DIRECTION('',(1.,0.,0.));
#520 = ORIENTED_EDGE('',*,*,#521,.F.);
#521 = EDGE_CURVE('',#522,#514,#524,.T.);
#522 = VERTEX_POINT('',#523);
#523 = CARTESIAN_POINT('',(0.6,-0.585,8.E-02));
#524 = CIRCLE('',#525,4.E-02);
#525 = AXIS2_PLACEMENT_3D('',#526,#527,#528);
#526 = CARTESIAN_POINT('',(0.6,-0.545,8.E-02));
#527 = DIRECTION('',(1.,0.,-0.));
#528 = DIRECTION('',(0.,0.,1.));
#529 = ORIENTED_EDGE('',*,*,#530,.F.);
#530 = EDGE_CURVE('',#437,#522,#531,.T.);
#531 = LINE('',#532,#533);
#532 = CARTESIAN_POINT('',(-0.6,-0.585,8.E-02));
#533 = VECTOR('',#534,1.);
#534 = DIRECTION('',(1.,0.,0.));
#535 = CYLINDRICAL_SURFACE('',#536,4.E-02);
#536 = AXIS2_PLACEMENT_3D('',#537,#538,#539);
#537 = CARTESIAN_POINT('',(-0.6,-0.545,8.E-02));
#538 = DIRECTION('',(1.,0.,0.));
#539 = DIRECTION('',(0.,-1.,0.));
#540 = ADVANCED_FACE('',(#541),#559,.F.);
#541 = FACE_BOUND('',#542,.F.);
#542 = EDGE_LOOP('',(#543,#544,#545,#553));
#543 = ORIENTED_EDGE('',*,*,#498,.F.);
#544 = ORIENTED_EDGE('',*,*,#513,.T.);
#545 = ORIENTED_EDGE('',*,*,#546,.T.);
#546 = EDGE_CURVE('',#514,#547,#549,.T.);
#547 = VERTEX_POINT('',#548);
#548 = CARTESIAN_POINT('',(0.6,0.545,4.E-02));
#549 = LINE('',#550,#551);
#550 = CARTESIAN_POINT('',(0.6,-0.585,4.E-02));
#551 = VECTOR('',#552,1.);
#552 = DIRECTION('',(0.,1.,0.));
#553 = ORIENTED_EDGE('',*,*,#554,.F.);
#554 = EDGE_CURVE('',#490,#547,#555,.T.);
#555 = LINE('',#556,#557);
#556 = CARTESIAN_POINT('',(-0.6,0.545,4.E-02));
#557 = VECTOR('',#558,1.);
#558 = DIRECTION('',(1.,0.,0.));
#559 = PLANE('',#560);
#560 = AXIS2_PLACEMENT_3D('',#561,#562,#563);
#561 = CARTESIAN_POINT('',(-0.6,-0.585,4.E-02));
#562 = DIRECTION('',(0.,0.,1.));
#563 = DIRECTION('',(1.,0.,-0.));
#564 = ADVANCED_FACE('',(#565),#584,.T.);
#565 = FACE_BOUND('',#566,.T.);
#566 = EDGE_LOOP('',(#567,#575,#582,#583));
#567 = ORIENTED_EDGE('',*,*,#568,.T.);
#568 = EDGE_CURVE('',#482,#569,#571,.T.);
#569 = VERTEX_POINT('',#570);
#570 = CARTESIAN_POINT('',(0.6,0.585,8.E-02));
#571 = LINE('',#572,#573);
#572 = CARTESIAN_POINT('',(-0.6,0.585,8.E-02));
#573 = VECTOR('',#574,1.);
#574 = DIRECTION('',(1.,0.,0.));
#575 = ORIENTED_EDGE('',*,*,#576,.T.);
#576 = EDGE_CURVE('',#569,#547,#577,.T.);
#577 = CIRCLE('',#578,4.E-02);
#578 = AXIS2_PLACEMENT_3D('',#579,#580,#581);
#579 = CARTESIAN_POINT('',(0.6,0.545,8.E-02));
#580 = DIRECTION('',(-1.,0.,0.));
#581 = DIRECTION('',(0.,0.,1.));
#582 = ORIENTED_EDGE('',*,*,#554,.F.);
#583 = ORIENTED_EDGE('',*,*,#489,.F.);
#584 = CYLINDRICAL_SURFACE('',#585,4.E-02);
#585 = AXIS2_PLACEMENT_3D('',#586,#587,#588);
#586 = CARTESIAN_POINT('',(-0.6,0.545,8.E-02));
#587 = DIRECTION('',(1.,0.,0.));
#588 = DIRECTION('',(-0.,1.,0.));
#589 = ADVANCED_FACE('',(#590),#608,.T.);
#590 = FACE_BOUND('',#591,.T.);
#591 = EDGE_LOOP('',(#592,#600,#601,#602));
#592 = ORIENTED_EDGE('',*,*,#593,.F.);
#593 = EDGE_CURVE('',#569,#594,#596,.T.);
#594 = VERTEX_POINT('',#595);
#595 = CARTESIAN_POINT('',(0.6,0.585,1.17));
#596 = LINE('',#597,#598);
#597 = CARTESIAN_POINT('',(0.6,0.585,4.E-02));
#598 = VECTOR('',#599,1.);
#599 = DIRECTION('',(0.,0.,1.));
#600 = ORIENTED_EDGE('',*,*,#568,.F.);
#601 = ORIENTED_EDGE('',*,*,#481,.T.);
#602 = ORIENTED_EDGE('',*,*,#603,.T.);
#603 = EDGE_CURVE('',#473,#594,#604,.T.);
#604 = LINE('',#605,#606);
#605 = CARTESIAN_POINT('',(-0.6,0.585,1.17));
#606 = VECTOR('',#607,1.);
#607 = DIRECTION('',(1.,0.,0.));
#608 = PLANE('',#609);
#609 = AXIS2_PLACEMENT_3D('',#610,#611,#612);
#610 = CARTESIAN_POINT('',(-0.6,0.585,4.E-02));
#611 = DIRECTION('',(0.,1.,0.));
#612 = DIRECTION('',(0.,-0.,1.));
#613 = ADVANCED_FACE('',(#614),#633,.T.);
#614 = FACE_BOUND('',#615,.T.);
#615 = EDGE_LOOP('',(#616,#617,#625,#632));
#616 = ORIENTED_EDGE('',*,*,#472,.T.);
#617 = ORIENTED_EDGE('',*,*,#618,.T.);
#618 = EDGE_CURVE('',#465,#619,#621,.T.);
#619 = VERTEX_POINT('',#620);
#620 = CARTESIAN_POINT('',(0.6,0.545,1.21));
#621 = LINE('',#622,#623);
#622 = CARTESIAN_POINT('',(-0.6,0.545,1.21));
#623 = VECTOR('',#624,1.);
#624 = DIRECTION('',(1.,0.,0.));
#625 = ORIENTED_EDGE('',*,*,#626,.F.);
#626 = EDGE_CURVE('',#594,#619,#627,.T.);
#627 = CIRCLE('',#628,4.E-02);
#628 = AXIS2_PLACEMENT_3D('',#629,#630,#631);
#629 = CARTESIAN_POINT('',(0.6,0.545,1.17));
#630 = DIRECTION('',(1.,0.,-0.));
#631 = DIRECTION('',(0.,0.,1.));
#632 = ORIENTED_EDGE('',*,*,#603,.F.);
#633 = CYLINDRICAL_SURFACE('',#634,4.E-02);
#634 = AXIS2_PLACEMENT_3D('',#635,#636,#637);
#635 = CARTESIAN_POINT('',(-0.6,0.545,1.17));
#636 = DIRECTION('',(1.,0.,0.));
#637 = DIRECTION('',(-0.,1.,0.));
#638 = ADVANCED_FACE('',(#639),#657,.T.);
#639 = FACE_BOUND('',#640,.T.);
#640 = EDGE_LOOP('',(#641,#642,#650,#656));
#641 = ORIENTED_EDGE('',*,*,#464,.F.);
#642 = ORIENTED_EDGE('',*,*,#643,.T.);
#643 = EDGE_CURVE('',#456,#644,#646,.T.);
#644 = VERTEX_POINT('',#645);
#645 = CARTESIAN_POINT('',(0.6,-0.545,1.21));
#646 = LINE('',#647,#648);
#647 = CARTESIAN_POINT('',(-0.6,-0.545,1.21));
#648 = VECTOR('',#649,1.);
#649 = DIRECTION('',(1.,0.,0.));
#650 = ORIENTED_EDGE('',*,*,#651,.T.);
#651 = EDGE_CURVE('',#644,#619,#652,.T.);
#652 = LINE('',#653,#654);
#653 = CARTESIAN_POINT('',(0.6,-0.585,1.21));
#654 = VECTOR('',#655,1.);
#655 = DIRECTION('',(0.,1.,0.));
#656 = ORIENTED_EDGE('',*,*,#618,.F.);
#657 = PLANE('',#658);
#658 = AXIS2_PLACEMENT_3D('',#659,#660,#661);
#659 = CARTESIAN_POINT('',(-0.6,-0.585,1.21));
#660 = DIRECTION('',(0.,0.,1.));
#661 = DIRECTION('',(1.,0.,-0.));
#662 = ADVANCED_FACE('',(#663),#682,.T.);
#663 = FACE_BOUND('',#664,.T.);
#664 = EDGE_LOOP('',(#665,#673,#680,#681));
#665 = ORIENTED_EDGE('',*,*,#666,.T.);
#666 = EDGE_CURVE('',#448,#667,#669,.T.);
#667 = VERTEX_POINT('',#668);
#668 = CARTESIAN_POINT('',(0.6,-0.585,1.17));
#669 = LINE('',#670,#671);
#670 = CARTESIAN_POINT('',(-0.6,-0.585,1.17));
#671 = VECTOR('',#672,1.);
#672 = DIRECTION('',(1.,0.,0.));
#673 = ORIENTED_EDGE('',*,*,#674,.T.);
#674 = EDGE_CURVE('',#667,#644,#675,.T.);
#675 = CIRCLE('',#676,4.E-02);
#676 = AXIS2_PLACEMENT_3D('',#677,#678,#679);
#677 = CARTESIAN_POINT('',(0.6,-0.545,1.17));
#678 = DIRECTION('',(-1.,0.,0.));
#679 = DIRECTION('',(0.,0.,1.));
#680 = ORIENTED_EDGE('',*,*,#643,.F.);
#681 = ORIENTED_EDGE('',*,*,#455,.F.);
#682 = CYLINDRICAL_SURFACE('',#683,4.E-02);
#683 = AXIS2_PLACEMENT_3D('',#684,#685,#686);
#684 = CARTESIAN_POINT('',(-0.6,-0.545,1.17));
#685 = DIRECTION('',(1.,0.,0.));
#686 = DIRECTION('',(0.,-1.,0.));
#687 = ADVANCED_FACE('',(#688),#699,.F.);
#688 = FACE_BOUND('',#689,.F.);
#689 = EDGE_LOOP('',(#690,#696,#697,#698));
#690 = ORIENTED_EDGE('',*,*,#691,.F.);
#691 = EDGE_CURVE('',#522,#667,#692,.T.);
#692 = LINE('',#693,#694);
#693 = CARTESIAN_POINT('',(0.6,-0.585,4.E-02));
#694 = VECTOR('',#695,1.);
#695 = DIRECTION('',(0.,0.,1.));
#696 = ORIENTED_EDGE('',*,*,#530,.F.);
#697 = ORIENTED_EDGE('',*,*,#447,.T.);
#698 = ORIENTED_EDGE('',*,*,#666,.T.);
#699 = PLANE('',#700);
#700 = AXIS2_PLACEMENT_3D('',#701,#702,#703);
#701 = CARTESIAN_POINT('',(-0.6,-0.585,4.E-02));
#702 = DIRECTION('',(0.,1.,0.));
#703 = DIRECTION('',(0.,-0.,1.));
#704 = ADVANCED_FACE('',(#705,#775),#785,.F.);
#705 = FACE_BOUND('',#706,.F.);
#706 = EDGE_LOOP('',(#707,#717,#726,#734,#743,#751,#760,#768));
#707 = ORIENTED_EDGE('',*,*,#708,.F.);
#708 = EDGE_CURVE('',#709,#711,#713,.T.);
#709 = VERTEX_POINT('',#710);
#710 = CARTESIAN_POINT('',(0.6,-0.625,4.E-02));
#711 = VERTEX_POINT('',#712);
#712 = CARTESIAN_POINT('',(0.6,-0.625,1.21));
#713 = LINE('',#714,#715);
#714 = CARTESIAN_POINT('',(0.6,-0.625,0.));
#715 = VECTOR('',#716,1.);
#716 = DIRECTION('',(0.,0.,1.));
#717 = ORIENTED_EDGE('',*,*,#718,.T.);
#718 = EDGE_CURVE('',#709,#719,#721,.T.);
#719 = VERTEX_POINT('',#720);
#720 = CARTESIAN_POINT('',(0.6,-0.585,0.));
#721 = CIRCLE('',#722,4.E-02);
#722 = AXIS2_PLACEMENT_3D('',#723,#724,#725);
#723 = CARTESIAN_POINT('',(0.6,-0.585,4.E-02));
#724 = DIRECTION('',(1.,0.,-0.));
#725 = DIRECTION('',(0.,0.,1.));
#726 = ORIENTED_EDGE('',*,*,#727,.T.);
#727 = EDGE_CURVE('',#719,#728,#730,.T.);
#728 = VERTEX_POINT('',#729);
#729 = CARTESIAN_POINT('',(0.6,0.585,0.));
#730 = LINE('',#731,#732);
#731 = CARTESIAN_POINT('',(0.6,-0.625,0.));
#732 = VECTOR('',#733,1.);
#733 = DIRECTION('',(0.,1.,0.));
#734 = ORIENTED_EDGE('',*,*,#735,.F.);
#735 = EDGE_CURVE('',#736,#728,#738,.T.);
#736 = VERTEX_POINT('',#737);
#737 = CARTESIAN_POINT('',(0.6,0.625,4.E-02));
#738 = CIRCLE('',#739,4.E-02);
#739 = AXIS2_PLACEMENT_3D('',#740,#741,#742);
#740 = CARTESIAN_POINT('',(0.6,0.585,4.E-02));
#741 = DIRECTION('',(-1.,0.,0.));
#742 = DIRECTION('',(0.,0.,1.));
#743 = ORIENTED_EDGE('',*,*,#744,.T.);
#744 = EDGE_CURVE('',#736,#745,#747,.T.);
#745 = VERTEX_POINT('',#746);
#746 = CARTESIAN_POINT('',(0.6,0.625,1.21));
#747 = LINE('',#748,#749);
#748 = CARTESIAN_POINT('',(0.6,0.625,0.));
#749 = VECTOR('',#750,1.);
#750 = DIRECTION('',(0.,0.,1.));
#751 = ORIENTED_EDGE('',*,*,#752,.T.);
#752 = EDGE_CURVE('',#745,#753,#755,.T.);
#753 = VERTEX_POINT('',#754);
#754 = CARTESIAN_POINT('',(0.6,0.585,1.25));
#755 = CIRCLE('',#756,4.E-02);
#756 = AXIS2_PLACEMENT_3D('',#757,#758,#759);
#757 = CARTESIAN_POINT('',(0.6,0.585,1.21));
#758 = DIRECTION('',(1.,0.,-0.));
#759 = DIRECTION('',(0.,0.,1.));
#760 = ORIENTED_EDGE('',*,*,#761,.F.);
#761 = EDGE_CURVE('',#762,#753,#764,.T.);
#762 = VERTEX_POINT('',#763);
#763 = CARTESIAN_POINT('',(0.6,-0.585,1.25));
#764 = LINE('',#765,#766);
#765 = CARTESIAN_POINT('',(0.6,-0.625,1.25));
#766 = VECTOR('',#767,1.);
#767 = DIRECTION('',(0.,1.,0.));
#768 = ORIENTED_EDGE('',*,*,#769,.F.);
#769 = EDGE_CURVE('',#711,#762,#770,.T.);
#770 = CIRCLE('',#771,4.E-02);
#771 = AXIS2_PLACEMENT_3D('',#772,#773,#774);
#772 = CARTESIAN_POINT('',(0.6,-0.585,1.21));
#773 = DIRECTION('',(-1.,0.,0.));
#774 = DIRECTION('',(0.,0.,1.));
#775 = FACE_BOUND('',#776,.F.);
#776 = EDGE_LOOP('',(#777,#778,#779,#780,#781,#782,#783,#784));
#777 = ORIENTED_EDGE('',*,*,#521,.F.);
#778 = ORIENTED_EDGE('',*,*,#691,.T.);
#779 = ORIENTED_EDGE('',*,*,#674,.T.);
#780 = ORIENTED_EDGE('',*,*,#651,.T.);
#781 = ORIENTED_EDGE('',*,*,#626,.F.);
#782 = ORIENTED_EDGE('',*,*,#593,.F.);
#783 = ORIENTED_EDGE('',*,*,#576,.T.);
#784 = ORIENTED_EDGE('',*,*,#546,.F.);
#785 = PLANE('',#786);
#786 = AXIS2_PLACEMENT_3D('',#787,#788,#789);
#787 = CARTESIAN_POINT('',(0.6,-0.625,0.));
#788 = DIRECTION('',(1.,0.,0.));
#789 = DIRECTION('',(0.,0.,1.));
#790 = ADVANCED_FACE('',(#791),#816,.F.);
#791 = FACE_BOUND('',#792,.F.);
#792 = EDGE_LOOP('',(#793,#803,#809,#810));
#793 = ORIENTED_EDGE('',*,*,#794,.F.);
#794 = EDGE_CURVE('',#795,#797,#799,.T.);
#795 = VERTEX_POINT('',#796);
#796 = CARTESIAN_POINT('',(1.,-0.625,4.E-02));
#797 = VERTEX_POINT('',#798);
#798 = CARTESIAN_POINT('',(1.,-0.625,1.21));
#799 = LINE('',#800,#801);
#800 = CARTESIAN_POINT('',(1.,-0.625,0.));
#801 = VECTOR('',#802,1.);
#802 = DIRECTION('',(0.,0.,1.));
#803 = ORIENTED_EDGE('',*,*,#804,.F.);
#804 = EDGE_CURVE('',#709,#795,#805,.T.);
#805 = LINE('',#806,#807);
#806 = CARTESIAN_POINT('',(0.6,-0.625,4.E-02));
#807 = VECTOR('',#808,1.);
#808 = DIRECTION('',(1.,0.,0.));
#809 = ORIENTED_EDGE('',*,*,#708,.T.);
#810 = ORIENTED_EDGE('',*,*,#811,.T.);
#811 = EDGE_CURVE('',#711,#797,#812,.T.);
#812 = LINE('',#813,#814);
#813 = CARTESIAN_POINT('',(0.6,-0.625,1.21));
#814 = VECTOR('',#815,1.);
#815 = DIRECTION('',(1.,0.,0.));
#816 = PLANE('',#817);
#817 = AXIS2_PLACEMENT_3D('',#818,#819,#820);
#818 = CARTESIAN_POINT('',(0.6,-0.625,0.));
#819 = DIRECTION('',(0.,1.,0.));
#820 = DIRECTION('',(0.,-0.,1.));
#821 = ADVANCED_FACE('',(#822),#841,.T.);
#822 = FACE_BOUND('',#823,.T.);
#823 = EDGE_LOOP('',(#824,#825,#833,#840));
#824 = ORIENTED_EDGE('',*,*,#718,.T.);
#825 = ORIENTED_EDGE('',*,*,#826,.T.);
#826 = EDGE_CURVE('',#719,#827,#829,.T.);
#827 = VERTEX_POINT('',#828);
#828 = CARTESIAN_POINT('',(1.,-0.585,0.));
#829 = LINE('',#830,#831);
#830 = CARTESIAN_POINT('',(0.6,-0.585,0.));
#831 = VECTOR('',#832,1.);
#832 = DIRECTION('',(1.,0.,0.));
#833 = ORIENTED_EDGE('',*,*,#834,.F.);
#834 = EDGE_CURVE('',#795,#827,#835,.T.);
#835 = CIRCLE('',#836,4.E-02);
#836 = AXIS2_PLACEMENT_3D('',#837,#838,#839);
#837 = CARTESIAN_POINT('',(1.,-0.585,4.E-02));
#838 = DIRECTION('',(1.,0.,-0.));
#839 = DIRECTION('',(0.,0.,1.));
#840 = ORIENTED_EDGE('',*,*,#804,.F.);
#841 = CYLINDRICAL_SURFACE('',#842,4.E-02);
#842 = AXIS2_PLACEMENT_3D('',#843,#844,#845);
#843 = CARTESIAN_POINT('',(0.6,-0.585,4.E-02));
#844 = DIRECTION('',(1.,0.,0.));
#845 = DIRECTION('',(0.,-1.,0.));
#846 = ADVANCED_FACE('',(#847),#866,.T.);
#847 = FACE_BOUND('',#848,.T.);
#848 = EDGE_LOOP('',(#849,#850,#859,#865));
#849 = ORIENTED_EDGE('',*,*,#811,.T.);
#850 = ORIENTED_EDGE('',*,*,#851,.T.);
#851 = EDGE_CURVE('',#797,#852,#854,.T.);
#852 = VERTEX_POINT('',#853);
#853 = CARTESIAN_POINT('',(1.,-0.585,1.25));
#854 = CIRCLE('',#855,4.E-02);
#855 = AXIS2_PLACEMENT_3D('',#856,#857,#858);
#856 = CARTESIAN_POINT('',(1.,-0.585,1.21));
#857 = DIRECTION('',(-1.,0.,0.));
#858 = DIRECTION('',(0.,0.,1.));
#859 = ORIENTED_EDGE('',*,*,#860,.F.);
#860 = EDGE_CURVE('',#762,#852,#861,.T.);
#861 = LINE('',#862,#863);
#862 = CARTESIAN_POINT('',(0.6,-0.585,1.25));
#863 = VECTOR('',#864,1.);
#864 = DIRECTION('',(1.,0.,0.));
#865 = ORIENTED_EDGE('',*,*,#769,.F.);
#866 = CYLINDRICAL_SURFACE('',#867,4.E-02);
#867 = AXIS2_PLACEMENT_3D('',#868,#869,#870);
#868 = CARTESIAN_POINT('',(0.6,-0.585,1.21));
#869 = DIRECTION('',(1.,0.,0.));
#870 = DIRECTION('',(0.,-1.,0.));
#871 = ADVANCED_FACE('',(#872),#890,.F.);
#872 = FACE_BOUND('',#873,.F.);
#873 = EDGE_LOOP('',(#874,#875,#876,#884));
#874 = ORIENTED_EDGE('',*,*,#727,.F.);
#875 = ORIENTED_EDGE('',*,*,#826,.T.);
#876 = ORIENTED_EDGE('',*,*,#877,.T.);
#877 = EDGE_CURVE('',#827,#878,#880,.T.);
#878 = VERTEX_POINT('',#879);
#879 = CARTESIAN_POINT('',(1.,0.585,0.));
#880 = LINE('',#881,#882);
#881 = CARTESIAN_POINT('',(1.,-0.625,0.));
#882 = VECTOR('',#883,1.);
#883 = DIRECTION('',(0.,1.,0.));
#884 = ORIENTED_EDGE('',*,*,#885,.F.);
#885 = EDGE_CURVE('',#728,#878,#886,.T.);
#886 = LINE('',#887,#888);
#887 = CARTESIAN_POINT('',(0.6,0.585,0.));
#888 = VECTOR('',#889,1.);
#889 = DIRECTION('',(1.,0.,0.));
#890 = PLANE('',#891);
#891 = AXIS2_PLACEMENT_3D('',#892,#893,#894);
#892 = CARTESIAN_POINT('',(0.6,-0.625,0.));
#893 = DIRECTION('',(0.,0.,1.));
#894 = DIRECTION('',(1.,0.,-0.));
#895 = ADVANCED_FACE('',(#896),#914,.T.);
#896 = FACE_BOUND('',#897,.T.);
#897 = EDGE_LOOP('',(#898,#899,#900,#908));
#898 = ORIENTED_EDGE('',*,*,#761,.F.);
#899 = ORIENTED_EDGE('',*,*,#860,.T.);
#900 = ORIENTED_EDGE('',*,*,#901,.T.);
#901 = EDGE_CURVE('',#852,#902,#904,.T.);
#902 = VERTEX_POINT('',#903);
#903 = CARTESIAN_POINT('',(1.,0.585,1.25));
#904 = LINE('',#905,#906);
#905 = CARTESIAN_POINT('',(1.,-0.625,1.25));
#906 = VECTOR('',#907,1.);
#907 = DIRECTION('',(0.,1.,0.));
#908 = ORIENTED_EDGE('',*,*,#909,.F.);
#909 = EDGE_CURVE('',#753,#902,#910,.T.);
#910 = LINE('',#911,#912);
#911 = CARTESIAN_POINT('',(0.6,0.585,1.25));
#912 = VECTOR('',#913,1.);
#913 = DIRECTION('',(1.,0.,0.));
#914 = PLANE('',#915);
#915 = AXIS2_PLACEMENT_3D('',#916,#917,#918);
#916 = CARTESIAN_POINT('',(0.6,-0.625,1.25));
#917 = DIRECTION('',(0.,0.,1.));
#918 = DIRECTION('',(1.,0.,-0.));
#919 = ADVANCED_FACE('',(#920),#939,.T.);
#920 = FACE_BOUND('',#921,.T.);
#921 = EDGE_LOOP('',(#922,#930,#937,#938));
#922 = ORIENTED_EDGE('',*,*,#923,.T.);
#923 = EDGE_CURVE('',#736,#924,#926,.T.);
#924 = VERTEX_POINT('',#925);
#925 = CARTESIAN_POINT('',(1.,0.625,4.E-02));
#926 = LINE('',#927,#928);
#927 = CARTESIAN_POINT('',(0.6,0.625,4.E-02));
#928 = VECTOR('',#929,1.);
#929 = DIRECTION('',(1.,0.,0.));
#930 = ORIENTED_EDGE('',*,*,#931,.T.);
#931 = EDGE_CURVE('',#924,#878,#932,.T.);
#932 = CIRCLE('',#933,4.E-02);
#933 = AXIS2_PLACEMENT_3D('',#934,#935,#936);
#934 = CARTESIAN_POINT('',(1.,0.585,4.E-02));
#935 = DIRECTION('',(-1.,0.,0.));
#936 = DIRECTION('',(0.,0.,1.));
#937 = ORIENTED_EDGE('',*,*,#885,.F.);
#938 = ORIENTED_EDGE('',*,*,#735,.F.);
#939 = CYLINDRICAL_SURFACE('',#940,4.E-02);
#940 = AXIS2_PLACEMENT_3D('',#941,#942,#943);
#941 = CARTESIAN_POINT('',(0.6,0.585,4.E-02));
#942 = DIRECTION('',(1.,0.,0.));
#943 = DIRECTION('',(-0.,1.,0.));
#944 = ADVANCED_FACE('',(#945),#964,.T.);
#945 = FACE_BOUND('',#946,.T.);
#946 = EDGE_LOOP('',(#947,#948,#949,#958));
#947 = ORIENTED_EDGE('',*,*,#752,.T.);
#948 = ORIENTED_EDGE('',*,*,#909,.T.);
#949 = ORIENTED_EDGE('',*,*,#950,.F.);
#950 = EDGE_CURVE('',#951,#902,#953,.T.);
#951 = VERTEX_POINT('',#952);
#952 = CARTESIAN_POINT('',(1.,0.625,1.21));
#953 = CIRCLE('',#954,4.E-02);
#954 = AXIS2_PLACEMENT_3D('',#955,#956,#957);
#955 = CARTESIAN_POINT('',(1.,0.585,1.21));
#956 = DIRECTION('',(1.,0.,-0.));
#957 = DIRECTION('',(0.,0.,1.));
#958 = ORIENTED_EDGE('',*,*,#959,.F.);
#959 = EDGE_CURVE('',#745,#951,#960,.T.);
#960 = LINE('',#961,#962);
#961 = CARTESIAN_POINT('',(0.6,0.625,1.21));
#962 = VECTOR('',#963,1.);
#963 = DIRECTION('',(1.,0.,0.));
#964 = CYLINDRICAL_SURFACE('',#965,4.E-02);
#965 = AXIS2_PLACEMENT_3D('',#966,#967,#968);
#966 = CARTESIAN_POINT('',(0.6,0.585,1.21));
#967 = DIRECTION('',(1.,0.,0.));
#968 = DIRECTION('',(-0.,1.,0.));
#969 = ADVANCED_FACE('',(#970),#981,.T.);
#970 = FACE_BOUND('',#971,.T.);
#971 = EDGE_LOOP('',(#972,#978,#979,#980));
#972 = ORIENTED_EDGE('',*,*,#973,.F.);
#973 = EDGE_CURVE('',#924,#951,#974,.T.);
#974 = LINE('',#975,#976);
#975 = CARTESIAN_POINT('',(1.,0.625,0.));
#976 = VECTOR('',#977,1.);
#977 = DIRECTION('',(0.,0.,1.));
#978 = ORIENTED_EDGE('',*,*,#923,.F.);
#979 = ORIENTED_EDGE('',*,*,#744,.T.);
#980 = ORIENTED_EDGE('',*,*,#959,.T.);
#981 = PLANE('',#982);
#982 = AXIS2_PLACEMENT_3D('',#983,#984,#985);
#983 = CARTESIAN_POINT('',(0.6,0.625,0.));
#984 = DIRECTION('',(0.,1.,0.));
#985 = DIRECTION('',(0.,-0.,1.));
#986 = ADVANCED_FACE('',(#987),#997,.T.);
#987 = FACE_BOUND('',#988,.T.);
#988 = EDGE_LOOP('',(#989,#990,#991,#992,#993,#994,#995,#996));
#989 = ORIENTED_EDGE('',*,*,#794,.F.);
#990 = ORIENTED_EDGE('',*,*,#834,.T.);
#991 = ORIENTED_EDGE('',*,*,#877,.T.);
#992 = ORIENTED_EDGE('',*,*,#931,.F.);
#993 = ORIENTED_EDGE('',*,*,#973,.T.);
#994 = ORIENTED_EDGE('',*,*,#950,.T.);
#995 = ORIENTED_EDGE('',*,*,#901,.F.);
#996 = ORIENTED_EDGE('',*,*,#851,.F.);
#997 = PLANE('',#998);
#998 = AXIS2_PLACEMENT_3D('',#999,#1000,#1001);
#999 = CARTESIAN_POINT('',(1.,-0.625,0.));
#1000 = DIRECTION('',(1.,0.,0.));
#1001 = DIRECTION('',(0.,0.,1.));
#1002 = ( GEOMETRIC_REPRESENTATION_CONTEXT(3) 
GLOBAL_UNCERTAINTY_ASSIGNED_CONTEXT((#1006)) 
GLOBAL_UNIT_ASSIGNED_CONTEXT((#1003,#1004,#1005)) REPRESENTATION_CONTEXT
('Context #1','3D Context with UNIT and UNCERTAINTY') );
#1003 = ( LENGTH_UNIT() NAMED_UNIT(*) SI_UNIT(.MILLI.,.METRE.) );
#1004 = ( NAMED_UNIT(*) PLANE_ANGLE_UNIT() SI_UNIT($,.RADIAN.) );
#1005 = ( NAMED_UNIT(*) SI_UNIT($,.STERADIAN.) SOLID_ANGLE_UNIT() );
#1006 = UNCERTAINTY_MEASURE_WITH_UNIT(LENGTH_MEASURE(1.E-07),#1003,
  'distance_accuracy_value','confusion accuracy');
#1007 = CONTEXT_DEPENDENT_SHAPE_REPRESENTATION(#1008,#1010);
#1008 = ( REPRESENTATION_RELATIONSHIP('','',#147,#124) 
REPRESENTATION_RELATIONSHIP_WITH_TRANSFORMATION(#1009) 
SHAPE_REPRESENTATION_RELATIONSHIP() );
#1009 = ITEM_DEFINED_TRANSFORMATION('','',#11,#125);
#1010 = PRODUCT_DEFINITION_SHAPE('Placement','Placement of an item',
  #1011);
#1011 = NEXT_ASSEMBLY_USAGE_OCCURRENCE('1','=>[0:1:1:3]','',#119,#142,$
  );
#1012 = PRODUCT_RELATED_PRODUCT_CATEGORY('part',$,(#144));
#1013 = SHAPE_DEFINITION_REPRESENTATION(#1014,#1020);
#1014 = PRODUCT_DEFINITION_SHAPE('','',#1015);
#1015 = PRODUCT_DEFINITION('design','',#1016,#1019);
#1016 = PRODUCT_DEFINITION_FORMATION('','',#1017);
#1017 = PRODUCT('SOT-23','SOT-23','',(#1018));
#1018 = PRODUCT_CONTEXT('',#2,'mechanical');
#1019 = PRODUCT_DEFINITION_CONTEXT('part definition',#2,'design');
#1020 = SHAPE_REPRESENTATION('',(#11,#1021),#1025);
#1021 = AXIS2_PLACEMENT_3D('',#1022,#1023,#1024);
#1022 = CARTESIAN_POINT('',(0.,0.,0.));
#1023 = DIRECTION('',(0.,0.,1.));
#1024 = DIRECTION('',(1.,0.,-0.));
#1025 = ( GEOMETRIC_REPRESENTATION_CONTEXT(3) 
GLOBAL_UNCERTAINTY_ASSIGNED_CONTEXT((#1029)) 
GLOBAL_UNIT_ASSIGNED_CONTEXT((#1026,#1027,#1028)) REPRESENTATION_CONTEXT
('Context #1','3D Context with UNIT and UNCERTAINTY') );
#1026 = ( LENGTH_UNIT() NAMED_UNIT(*) SI_UNIT(.MILLI.,.METRE.) );
#1027 = ( NAMED_UNIT(*) PLANE_ANGLE_UNIT() SI_UNIT($,.RADIAN.) );
#1028 = ( NAMED_UNIT(*) SI_UNIT($,.STERADIAN.) SOLID_ANGLE_UNIT() );
#1029 = UNCERTAINTY_MEASURE_WITH_UNIT(LENGTH_MEASURE(1.E-07),#1026,
  'distance_accuracy_value','confusion accuracy');
#1030 = CONTEXT_DEPENDENT_SHAPE_REPRESENTATION(#1031,#1033);
#1031 = ( REPRESENTATION_RELATIONSHIP('','',#1020,#10) 
REPRESENTATION_RELATIONSHIP_WITH_TRANSFORMATION(#1032) 
SHAPE_REPRESENTATION_RELATIONSHIP() );
#1032 = ITEM_DEFINED_TRANSFORMATION('','',#11,#19);
#1033 = PRODUCT_DEFINITION_SHAPE('Placement','Placement of an item',
  #1034);
#1034 = NEXT_ASSEMBLY_USAGE_OCCURRENCE('4','Q1','',#5,#1015,$);
#1035 = PRODUCT_RELATED_PRODUCT_CATEGORY('part',$,(#1017));
#1036 = SHAPE_DEFINITION_REPRESENTATION(#1037,#1043);
#1037 = PRODUCT_DEFINITION_SHAPE('','',#1038);
#1038 = PRODUCT_DEFINITION('design','',#1039,#1042);
#1039 = PRODUCT_DEFINITION_FORMATION('','',#1040);
#1040 = PRODUCT('SOT-23','SOT-23','',(#1041));
#1041 = PRODUCT_CONTEXT('',#2,'mechanical');
#1042 = PRODUCT_DEFINITION_CONTEXT('part definition',#2,'design');
#1043 = ADVANCED_BREP_SHAPE_REPRESENTATION('',(#11,#1044),#3026);
#1044 = MANIFOLD_SOLID_BREP('',#1045);
#1045 = CLOSED_SHELL('',(#1046,#1084,#1147,#1170,#1199,#1222,#1277,#1316
    ,#1339,#1362,#1379,#1402,#1490,#1506,#1536,#1569,#1600,#1633,#1650,
    #1667,#1700,#1730,#1753,#1776,#1793,#1822,#1876,#1899,#1922,#1945,
    #1984,#2006,#2050,#2125,#2149,#2217,#2234,#2309,#2333,#2401,#2476,
    #2500,#2568,#2585,#2602,#2648,#2664,#2680,#2697,#2709,#2726,#2743,
    #2760,#2777,#2794,#2811,#2823,#2840,#2857,#2874,#2891,#2908,#2920,
    #2937,#2954,#2971,#2988,#3005,#3017));
#1046 = ADVANCED_FACE('',(#1047),#1079,.F.);
#1047 = FACE_BOUND('',#1048,.F.);
#1048 = EDGE_LOOP('',(#1049,#1059,#1066,#1074));
#1049 = ORIENTED_EDGE('',*,*,#1050,.T.);
#1050 = EDGE_CURVE('',#1051,#1053,#1055,.T.);
#1051 = VERTEX_POINT('',#1052);
#1052 = CARTESIAN_POINT('',(-0.571621551758,1.433243103516,0.1));
#1053 = VERTEX_POINT('',#1054);
#1054 = CARTESIAN_POINT('',(0.571621551758,1.433243103516,0.1));
#1055 = LINE('',#1056,#1057);
#1056 = CARTESIAN_POINT('',(-0.571621551758,1.433243103516,0.1));
#1057 = VECTOR('',#1058,1.);
#1058 = DIRECTION('',(1.,1.110223024625E-16,0.));
#1059 = ORIENTED_EDGE('',*,*,#1060,.T.);
#1060 = EDGE_CURVE('',#1053,#1061,#1063,.T.);
#1061 = VERTEX_POINT('',#1062);
#1062 = CARTESIAN_POINT('',(0.605,1.5,0.575));
#1063 = B_SPLINE_CURVE_WITH_KNOTS('',1,(#1064,#1065),.UNSPECIFIED.,.F.,
  .F.,(2,2),(0.,1.),.PIECEWISE_BEZIER_KNOTS.);
#1064 = CARTESIAN_POINT('',(0.571621551758,1.433243103516,0.1));
#1065 = CARTESIAN_POINT('',(0.605,1.5,0.575));
#1066 = ORIENTED_EDGE('',*,*,#1067,.F.);
#1067 = EDGE_CURVE('',#1068,#1061,#1070,.T.);
#1068 = VERTEX_POINT('',#1069);
#1069 = CARTESIAN_POINT('',(-0.605,1.5,0.575));
#1070 = LINE('',#1071,#1072);
#1071 = CARTESIAN_POINT('',(-0.605,1.5,0.575));
#1072 = VECTOR('',#1073,1.);
#1073 = DIRECTION('',(1.,1.110223024625E-16,0.));
#1074 = ORIENTED_EDGE('',*,*,#1075,.F.);
#1075 = EDGE_CURVE('',#1051,#1068,#1076,.T.);
#1076 = B_SPLINE_CURVE_WITH_KNOTS('',1,(#1077,#1078),.UNSPECIFIED.,.F.,
  .F.,(2,2),(0.,1.),.PIECEWISE_BEZIER_KNOTS.);
#1077 = CARTESIAN_POINT('',(-0.571621551758,1.433243103516,0.1));
#1078 = CARTESIAN_POINT('',(-0.605,1.5,0.575));
#1079 = B_SPLINE_SURFACE_WITH_KNOTS('',1,1,(
    (#1080,#1081)
    ,(#1082,#1083
    )),.UNSPECIFIED.,.F.,.F.,.F.,(2,2),(2,2),(0.,1.21),(0.,1.),
  .PIECEWISE_BEZIER_KNOTS.);
#1080 = CARTESIAN_POINT('',(-0.571621551758,1.433243103516,0.1));
#1081 = CARTESIAN_POINT('',(-0.605,1.5,0.575));
#1082 = CARTESIAN_POINT('',(0.571621551758,1.433243103516,0.1));
#1083 = CARTESIAN_POINT('',(0.605,1.5,0.575));
#1084 = ADVANCED_FACE('',(#1085),#1142,.T.);
#1085 = FACE_BOUND('',#1086,.T.);
#1086 = EDGE_LOOP('',(#1087,#1088,#1096,#1104,#1112,#1120,#1128,#1136));
#1087 = ORIENTED_EDGE('',*,*,#1050,.T.);
#1088 = ORIENTED_EDGE('',*,*,#1089,.T.);
#1089 = EDGE_CURVE('',#1053,#1090,#1092,.T.);
#1090 = VERTEX_POINT('',#1091);
#1091 = CARTESIAN_POINT('',(0.633243103516,1.371621551758,0.1));
#1092 = LINE('',#1093,#1094);
#1093 = CARTESIAN_POINT('',(0.571621551758,1.433243103516,0.1));
#1094 = VECTOR('',#1095,1.);
#1095 = DIRECTION('',(0.707106781187,-0.707106781187,0.));
#1096 = ORIENTED_EDGE('',*,*,#1097,.T.);
#1097 = EDGE_CURVE('',#1090,#1098,#1100,.T.);
#1098 = VERTEX_POINT('',#1099);
#1099 = CARTESIAN_POINT('',(0.633243103516,-1.371621551758,0.1));
#1100 = LINE('',#1101,#1102);
#1101 = CARTESIAN_POINT('',(0.633243103516,1.371621551758,0.1));
#1102 = VECTOR('',#1103,1.);
#1103 = DIRECTION('',(1.110223024625E-16,-1.,0.));
#1104 = ORIENTED_EDGE('',*,*,#1105,.T.);
#1105 = EDGE_CURVE('',#1098,#1106,#1108,.T.);
#1106 = VERTEX_POINT('',#1107);
#1107 = CARTESIAN_POINT('',(0.571621551758,-1.433243103516,0.1));
#1108 = LINE('',#1109,#1110);
#1109 = CARTESIAN_POINT('',(0.633243103516,-1.371621551758,0.1));
#1110 = VECTOR('',#1111,1.);
#1111 = DIRECTION('',(-0.707106781187,-0.707106781187,0.));
#1112 = ORIENTED_EDGE('',*,*,#1113,.T.);
#1113 = EDGE_CURVE('',#1106,#1114,#1116,.T.);
#1114 = VERTEX_POINT('',#1115);
#1115 = CARTESIAN_POINT('',(-0.571621551758,-1.433243103516,0.1));
#1116 = LINE('',#1117,#1118);
#1117 = CARTESIAN_POINT('',(0.571621551758,-1.433243103516,0.1));
#1118 = VECTOR('',#1119,1.);
#1119 = DIRECTION('',(-1.,-1.110223024625E-16,0.));
#1120 = ORIENTED_EDGE('',*,*,#1121,.T.);
#1121 = EDGE_CURVE('',#1114,#1122,#1124,.T.);
#1122 = VERTEX_POINT('',#1123);
#1123 = CARTESIAN_POINT('',(-0.633243103516,-1.371621551758,0.1));
#1124 = LINE('',#1125,#1126);
#1125 = CARTESIAN_POINT('',(-0.571621551758,-1.433243103516,0.1));
#1126 = VECTOR('',#1127,1.);
#1127 = DIRECTION('',(-0.707106781187,0.707106781187,0.));
#1128 = ORIENTED_EDGE('',*,*,#1129,.T.);
#1129 = EDGE_CURVE('',#1122,#1130,#1132,.T.);
#1130 = VERTEX_POINT('',#1131);
#1131 = CARTESIAN_POINT('',(-0.633243103516,1.371621551758,0.1));
#1132 = LINE('',#1133,#1134);
#1133 = CARTESIAN_POINT('',(-0.633243103516,-1.371621551758,0.1));
#1134 = VECTOR('',#1135,1.);
#1135 = DIRECTION('',(-1.110223024625E-16,1.,0.));
#1136 = ORIENTED_EDGE('',*,*,#1137,.T.);
#1137 = EDGE_CURVE('',#1130,#1051,#1138,.T.);
#1138 = LINE('',#1139,#1140);
#1139 = CARTESIAN_POINT('',(-0.633243103516,1.371621551758,0.1));
#1140 = VECTOR('',#1141,1.);
#1141 = DIRECTION('',(0.707106781187,0.707106781187,0.));
#1142 = PLANE('',#1143);
#1143 = AXIS2_PLACEMENT_3D('',#1144,#1145,#1146);
#1144 = CARTESIAN_POINT('',(-0.571621551758,1.433243103516,0.1));
#1145 = DIRECTION('',(0.,0.,-1.));
#1146 = DIRECTION('',(0.370454302632,-0.928850692879,0.));
#1147 = ADVANCED_FACE('',(#1148),#1165,.F.);
#1148 = FACE_BOUND('',#1149,.F.);
#1149 = EDGE_LOOP('',(#1150,#1151,#1158,#1164));
#1150 = ORIENTED_EDGE('',*,*,#1089,.T.);
#1151 = ORIENTED_EDGE('',*,*,#1152,.T.);
#1152 = EDGE_CURVE('',#1090,#1153,#1155,.T.);
#1153 = VERTEX_POINT('',#1154);
#1154 = CARTESIAN_POINT('',(0.7,1.405,0.575));
#1155 = B_SPLINE_CURVE_WITH_KNOTS('',1,(#1156,#1157),.UNSPECIFIED.,.F.,
  .F.,(2,2),(0.,1.),.PIECEWISE_BEZIER_KNOTS.);
#1156 = CARTESIAN_POINT('',(0.633243103516,1.371621551758,0.1));
#1157 = CARTESIAN_POINT('',(0.7,1.405,0.575));
#1158 = ORIENTED_EDGE('',*,*,#1159,.F.);
#1159 = EDGE_CURVE('',#1061,#1153,#1160,.T.);
#1160 = LINE('',#1161,#1162);
#1161 = CARTESIAN_POINT('',(0.605,1.5,0.575));
#1162 = VECTOR('',#1163,1.);
#1163 = DIRECTION('',(0.707106781187,-0.707106781187,0.));
#1164 = ORIENTED_EDGE('',*,*,#1060,.F.);
#1165 = B_SPLINE_SURFACE_WITH_KNOTS('',1,1,(
    (#1166,#1167)
    ,(#1168,#1169
    )),.UNSPECIFIED.,.F.,.F.,.F.,(2,2),(2,2),(0.,0.134350288425),(0.,1.)
  ,.PIECEWISE_BEZIER_KNOTS.);
#1166 = CARTESIAN_POINT('',(0.571621551758,1.433243103516,0.1));
#1167 = CARTESIAN_POINT('',(0.605,1.5,0.575));
#1168 = CARTESIAN_POINT('',(0.633243103516,1.371621551758,0.1));
#1169 = CARTESIAN_POINT('',(0.7,1.405,0.575));
#1170 = ADVANCED_FACE('',(#1171),#1194,.F.);
#1171 = FACE_BOUND('',#1172,.F.);
#1172 = EDGE_LOOP('',(#1173,#1174,#1181,#1189));
#1173 = ORIENTED_EDGE('',*,*,#1067,.T.);
#1174 = ORIENTED_EDGE('',*,*,#1175,.T.);
#1175 = EDGE_CURVE('',#1061,#1176,#1178,.T.);
#1176 = VERTEX_POINT('',#1177);
#1177 = CARTESIAN_POINT('',(0.605,1.5,0.725));
#1178 = B_SPLINE_CURVE_WITH_KNOTS('',1,(#1179,#1180),.UNSPECIFIED.,.F.,
  .F.,(2,2),(0.,1.),.PIECEWISE_BEZIER_KNOTS.);
#1179 = CARTESIAN_POINT('',(0.605,1.5,0.575));
#1180 = CARTESIAN_POINT('',(0.605,1.5,0.725));
#1181 = ORIENTED_EDGE('',*,*,#1182,.F.);
#1182 = EDGE_CURVE('',#1183,#1176,#1185,.T.);
#1183 = VERTEX_POINT('',#1184);
#1184 = CARTESIAN_POINT('',(-0.605,1.5,0.725));
#1185 = LINE('',#1186,#1187);
#1186 = CARTESIAN_POINT('',(-0.605,1.5,0.725));
#1187 = VECTOR('',#1188,1.);
#1188 = DIRECTION('',(1.,1.110223024625E-16,0.));
#1189 = ORIENTED_EDGE('',*,*,#1190,.F.);
#1190 = EDGE_CURVE('',#1068,#1183,#1191,.T.);
#1191 = B_SPLINE_CURVE_WITH_KNOTS('',1,(#1192,#1193),.UNSPECIFIED.,.F.,
  .F.,(2,2),(0.,1.),.PIECEWISE_BEZIER_KNOTS.);
#1192 = CARTESIAN_POINT('',(-0.605,1.5,0.575));
#1193 = CARTESIAN_POINT('',(-0.605,1.5,0.725));
#1194 = PLANE('',#1195);
#1195 = AXIS2_PLACEMENT_3D('',#1196,#1197,#1198);
#1196 = CARTESIAN_POINT('',(-0.605,1.5,0.725));
#1197 = DIRECTION('',(1.110223024625E-16,-1.,0.));
#1198 = DIRECTION('',(1.,1.110223024625E-16,0.));
#1199 = ADVANCED_FACE('',(#1200),#1217,.F.);
#1200 = FACE_BOUND('',#1201,.F.);
#1201 = EDGE_LOOP('',(#1202,#1203,#1204,#1212));
#1202 = ORIENTED_EDGE('',*,*,#1137,.T.);
#1203 = ORIENTED_EDGE('',*,*,#1075,.T.);
#1204 = ORIENTED_EDGE('',*,*,#1205,.F.);
#1205 = EDGE_CURVE('',#1206,#1068,#1208,.T.);
#1206 = VERTEX_POINT('',#1207);
#1207 = CARTESIAN_POINT('',(-0.7,1.405,0.575));
#1208 = LINE('',#1209,#1210);
#1209 = CARTESIAN_POINT('',(-0.7,1.405,0.575));
#1210 = VECTOR('',#1211,1.);
#1211 = DIRECTION('',(0.707106781187,0.707106781187,0.));
#1212 = ORIENTED_EDGE('',*,*,#1213,.F.);
#1213 = EDGE_CURVE('',#1130,#1206,#1214,.T.);
#1214 = B_SPLINE_CURVE_WITH_KNOTS('',1,(#1215,#1216),.UNSPECIFIED.,.F.,
  .F.,(2,2),(0.,1.),.PIECEWISE_BEZIER_KNOTS.);
#1215 = CARTESIAN_POINT('',(-0.633243103516,1.371621551758,0.1));
#1216 = CARTESIAN_POINT('',(-0.7,1.405,0.575));
#1217 = B_SPLINE_SURFACE_WITH_KNOTS('',1,1,(
    (#1218,#1219)
    ,(#1220,#1221
    )),.UNSPECIFIED.,.F.,.F.,.F.,(2,2),(2,2),(0.,0.134350288425),(0.,1.)
  ,.PIECEWISE_BEZIER_KNOTS.);
#1218 = CARTESIAN_POINT('',(-0.633243103516,1.371621551758,0.1));
#1219 = CARTESIAN_POINT('',(-0.7,1.405,0.575));
#1220 = CARTESIAN_POINT('',(-0.571621551758,1.433243103516,0.1));
#1221 = CARTESIAN_POINT('',(-0.605,1.5,0.575));
#1222 = ADVANCED_FACE('',(#1223),#1272,.F.);
#1223 = FACE_BOUND('',#1224,.F.);
#1224 = EDGE_LOOP('',(#1225,#1226,#1227,#1235,#1243,#1251,#1259,#1267));
#1225 = ORIENTED_EDGE('',*,*,#1129,.T.);
#1226 = ORIENTED_EDGE('',*,*,#1213,.T.);
#1227 = ORIENTED_EDGE('',*,*,#1228,.F.);
#1228 = EDGE_CURVE('',#1229,#1206,#1231,.T.);
#1229 = VERTEX_POINT('',#1230);
#1230 = CARTESIAN_POINT('',(-0.7,1.15,0.575));
#1231 = LINE('',#1232,#1233);
#1232 = CARTESIAN_POINT('',(-0.7,-1.405,0.575));
#1233 = VECTOR('',#1234,1.);
#1234 = DIRECTION('',(-1.110223024625E-16,1.,0.));
#1235 = ORIENTED_EDGE('',*,*,#1236,.F.);
#1236 = EDGE_CURVE('',#1237,#1229,#1239,.T.);
#1237 = VERTEX_POINT('',#1238);
#1238 = CARTESIAN_POINT('',(-0.7,0.75,0.575));
#1239 = LINE('',#1240,#1241);
#1240 = CARTESIAN_POINT('',(-0.7,0.75,0.575));
#1241 = VECTOR('',#1242,1.);
#1242 = DIRECTION('',(1.144237745222E-17,1.,0.));
#1243 = ORIENTED_EDGE('',*,*,#1244,.F.);
#1244 = EDGE_CURVE('',#1245,#1237,#1247,.T.);
#1245 = VERTEX_POINT('',#1246);
#1246 = CARTESIAN_POINT('',(-0.7,-0.75,0.575));
#1247 = LINE('',#1248,#1249);
#1248 = CARTESIAN_POINT('',(-0.7,-1.405,0.575));
#1249 = VECTOR('',#1250,1.);
#1250 = DIRECTION('',(-1.110223024625E-16,1.,0.));
#1251 = ORIENTED_EDGE('',*,*,#1252,.F.);
#1252 = EDGE_CURVE('',#1253,#1245,#1255,.T.);
#1253 = VERTEX_POINT('',#1254);
#1254 = CARTESIAN_POINT('',(-0.7,-1.15,0.575));
#1255 = LINE('',#1256,#1257);
#1256 = CARTESIAN_POINT('',(-0.7,-1.15,0.575));
#1257 = VECTOR('',#1258,1.);
#1258 = DIRECTION('',(1.144237745222E-17,1.,0.));
#1259 = ORIENTED_EDGE('',*,*,#1260,.F.);
#1260 = EDGE_CURVE('',#1261,#1253,#1263,.T.);
#1261 = VERTEX_POINT('',#1262);
#1262 = CARTESIAN_POINT('',(-0.7,-1.405,0.575));
#1263 = LINE('',#1264,#1265);
#1264 = CARTESIAN_POINT('',(-0.7,-1.405,0.575));
#1265 = VECTOR('',#1266,1.);
#1266 = DIRECTION('',(-1.110223024625E-16,1.,0.));
#1267 = ORIENTED_EDGE('',*,*,#1268,.F.);
#1268 = EDGE_CURVE('',#1122,#1261,#1269,.T.);
#1269 = B_SPLINE_CURVE_WITH_KNOTS('',1,(#1270,#1271),.UNSPECIFIED.,.F.,
  .F.,(2,2),(0.,1.),.PIECEWISE_BEZIER_KNOTS.);
#1270 = CARTESIAN_POINT('',(-0.633243103516,-1.371621551758,0.1));
#1271 = CARTESIAN_POINT('',(-0.7,-1.405,0.575));
#1272 = B_SPLINE_SURFACE_WITH_KNOTS('',1,1,(
    (#1273,#1274)
    ,(#1275,#1276
    )),.UNSPECIFIED.,.F.,.F.,.F.,(2,2),(2,2),(0.,2.81),(0.,1.),
  .PIECEWISE_BEZIER_KNOTS.);
#1273 = CARTESIAN_POINT('',(-0.633243103516,-1.371621551758,0.1));
#1274 = CARTESIAN_POINT('',(-0.7,-1.405,0.575));
#1275 = CARTESIAN_POINT('',(-0.633243103516,1.371621551758,0.1));
#1276 = CARTESIAN_POINT('',(-0.7,1.405,0.575));
#1277 = ADVANCED_FACE('',(#1278),#1311,.F.);
#1278 = FACE_BOUND('',#1279,.F.);
#1279 = EDGE_LOOP('',(#1280,#1281,#1288,#1296,#1304,#1310));
#1280 = ORIENTED_EDGE('',*,*,#1097,.T.);
#1281 = ORIENTED_EDGE('',*,*,#1282,.T.);
#1282 = EDGE_CURVE('',#1098,#1283,#1285,.T.);
#1283 = VERTEX_POINT('',#1284);
#1284 = CARTESIAN_POINT('',(0.7,-1.405,0.575));
#1285 = B_SPLINE_CURVE_WITH_KNOTS('',1,(#1286,#1287),.UNSPECIFIED.,.F.,
  .F.,(2,2),(0.,1.),.PIECEWISE_BEZIER_KNOTS.);
#1286 = CARTESIAN_POINT('',(0.633243103516,-1.371621551758,0.1));
#1287 = CARTESIAN_POINT('',(0.7,-1.405,0.575));
#1288 = ORIENTED_EDGE('',*,*,#1289,.F.);
#1289 = EDGE_CURVE('',#1290,#1283,#1292,.T.);
#1290 = VERTEX_POINT('',#1291);
#1291 = CARTESIAN_POINT('',(0.7,-0.2,0.575));
#1292 = LINE('',#1293,#1294);
#1293 = CARTESIAN_POINT('',(0.7,1.405,0.575));
#1294 = VECTOR('',#1295,1.);
#1295 = DIRECTION('',(1.110223024625E-16,-1.,0.));
#1296 = ORIENTED_EDGE('',*,*,#1297,.F.);
#1297 = EDGE_CURVE('',#1298,#1290,#1300,.T.);
#1298 = VERTEX_POINT('',#1299);
#1299 = CARTESIAN_POINT('',(0.7,0.2,0.575));
#1300 = LINE('',#1301,#1302);
#1301 = CARTESIAN_POINT('',(0.7,0.2,0.575));
#1302 = VECTOR('',#1303,1.);
#1303 = DIRECTION('',(1.110223024625E-16,-1.,0.));
#1304 = ORIENTED_EDGE('',*,*,#1305,.F.);
#1305 = EDGE_CURVE('',#1153,#1298,#1306,.T.);
#1306 = LINE('',#1307,#1308);
#1307 = CARTESIAN_POINT('',(0.7,1.405,0.575));
#1308 = VECTOR('',#1309,1.);
#1309 = DIRECTION('',(1.110223024625E-16,-1.,0.));
#1310 = ORIENTED_EDGE('',*,*,#1152,.F.);
#1311 = B_SPLINE_SURFACE_WITH_KNOTS('',1,1,(
    (#1312,#1313)
    ,(#1314,#1315
    )),.UNSPECIFIED.,.F.,.F.,.F.,(2,2),(2,2),(0.,2.81),(0.,1.),
  .PIECEWISE_BEZIER_KNOTS.);
#1312 = CARTESIAN_POINT('',(0.633243103516,1.371621551758,0.1));
#1313 = CARTESIAN_POINT('',(0.7,1.405,0.575));
#1314 = CARTESIAN_POINT('',(0.633243103516,-1.371621551758,0.1));
#1315 = CARTESIAN_POINT('',(0.7,-1.405,0.575));
#1316 = ADVANCED_FACE('',(#1317),#1334,.F.);
#1317 = FACE_BOUND('',#1318,.F.);
#1318 = EDGE_LOOP('',(#1319,#1320,#1321,#1329));
#1319 = ORIENTED_EDGE('',*,*,#1121,.T.);
#1320 = ORIENTED_EDGE('',*,*,#1268,.T.);
#1321 = ORIENTED_EDGE('',*,*,#1322,.F.);
#1322 = EDGE_CURVE('',#1323,#1261,#1325,.T.);
#1323 = VERTEX_POINT('',#1324);
#1324 = CARTESIAN_POINT('',(-0.605,-1.5,0.575));
#1325 = LINE('',#1326,#1327);
#1326 = CARTESIAN_POINT('',(-0.605,-1.5,0.575));
#1327 = VECTOR('',#1328,1.);
#1328 = DIRECTION('',(-0.707106781187,0.707106781187,0.));
#1329 = ORIENTED_EDGE('',*,*,#1330,.F.);
#1330 = EDGE_CURVE('',#1114,#1323,#1331,.T.);
#1331 = B_SPLINE_CURVE_WITH_KNOTS('',1,(#1332,#1333),.UNSPECIFIED.,.F.,
  .F.,(2,2),(0.,1.),.PIECEWISE_BEZIER_KNOTS.);
#1332 = CARTESIAN_POINT('',(-0.571621551758,-1.433243103516,0.1));
#1333 = CARTESIAN_POINT('',(-0.605,-1.5,0.575));
#1334 = B_SPLINE_SURFACE_WITH_KNOTS('',1,1,(
    (#1335,#1336)
    ,(#1337,#1338
    )),.UNSPECIFIED.,.F.,.F.,.F.,(2,2),(2,2),(0.,0.134350288425),(0.,1.)
  ,.PIECEWISE_BEZIER_KNOTS.);
#1335 = CARTESIAN_POINT('',(-0.571621551758,-1.433243103516,0.1));
#1336 = CARTESIAN_POINT('',(-0.605,-1.5,0.575));
#1337 = CARTESIAN_POINT('',(-0.633243103516,-1.371621551758,0.1));
#1338 = CARTESIAN_POINT('',(-0.7,-1.405,0.575));
#1339 = ADVANCED_FACE('',(#1340),#1357,.F.);
#1340 = FACE_BOUND('',#1341,.F.);
#1341 = EDGE_LOOP('',(#1342,#1343,#1350,#1356));
#1342 = ORIENTED_EDGE('',*,*,#1105,.T.);
#1343 = ORIENTED_EDGE('',*,*,#1344,.T.);
#1344 = EDGE_CURVE('',#1106,#1345,#1347,.T.);
#1345 = VERTEX_POINT('',#1346);
#1346 = CARTESIAN_POINT('',(0.605,-1.5,0.575));
#1347 = B_SPLINE_CURVE_WITH_KNOTS('',1,(#1348,#1349),.UNSPECIFIED.,.F.,
  .F.,(2,2),(0.,1.),.PIECEWISE_BEZIER_KNOTS.);
#1348 = CARTESIAN_POINT('',(0.571621551758,-1.433243103516,0.1));
#1349 = CARTESIAN_POINT('',(0.605,-1.5,0.575));
#1350 = ORIENTED_EDGE('',*,*,#1351,.F.);
#1351 = EDGE_CURVE('',#1283,#1345,#1352,.T.);
#1352 = LINE('',#1353,#1354);
#1353 = CARTESIAN_POINT('',(0.7,-1.405,0.575));
#1354 = VECTOR('',#1355,1.);
#1355 = DIRECTION('',(-0.707106781187,-0.707106781187,0.));
#1356 = ORIENTED_EDGE('',*,*,#1282,.F.);
#1357 = B_SPLINE_SURFACE_WITH_KNOTS('',1,1,(
    (#1358,#1359)
    ,(#1360,#1361
    )),.UNSPECIFIED.,.F.,.F.,.F.,(2,2),(2,2),(0.,0.134350288425),(0.,1.)
  ,.PIECEWISE_BEZIER_KNOTS.);
#1358 = CARTESIAN_POINT('',(0.633243103516,-1.371621551758,0.1));
#1359 = CARTESIAN_POINT('',(0.7,-1.405,0.575));
#1360 = CARTESIAN_POINT('',(0.571621551758,-1.433243103516,0.1));
#1361 = CARTESIAN_POINT('',(0.605,-1.5,0.575));
#1362 = ADVANCED_FACE('',(#1363),#1374,.F.);
#1363 = FACE_BOUND('',#1364,.F.);
#1364 = EDGE_LOOP('',(#1365,#1366,#1367,#1373));
#1365 = ORIENTED_EDGE('',*,*,#1113,.T.);
#1366 = ORIENTED_EDGE('',*,*,#1330,.T.);
#1367 = ORIENTED_EDGE('',*,*,#1368,.F.);
#1368 = EDGE_CURVE('',#1345,#1323,#1369,.T.);
#1369 = LINE('',#1370,#1371);
#1370 = CARTESIAN_POINT('',(0.605,-1.5,0.575));
#1371 = VECTOR('',#1372,1.);
#1372 = DIRECTION('',(-1.,-1.110223024625E-16,0.));
#1373 = ORIENTED_EDGE('',*,*,#1344,.F.);
#1374 = B_SPLINE_SURFACE_WITH_KNOTS('',1,1,(
    (#1375,#1376)
    ,(#1377,#1378
    )),.UNSPECIFIED.,.F.,.F.,.F.,(2,2),(2,2),(0.,1.21),(0.,1.),
  .PIECEWISE_BEZIER_KNOTS.);
#1375 = CARTESIAN_POINT('',(0.571621551758,-1.433243103516,0.1));
#1376 = CARTESIAN_POINT('',(0.605,-1.5,0.575));
#1377 = CARTESIAN_POINT('',(-0.571621551758,-1.433243103516,0.1));
#1378 = CARTESIAN_POINT('',(-0.605,-1.5,0.575));
#1379 = ADVANCED_FACE('',(#1380),#1397,.F.);
#1380 = FACE_BOUND('',#1381,.F.);
#1381 = EDGE_LOOP('',(#1382,#1383,#1390,#1396));
#1382 = ORIENTED_EDGE('',*,*,#1159,.T.);
#1383 = ORIENTED_EDGE('',*,*,#1384,.T.);
#1384 = EDGE_CURVE('',#1153,#1385,#1387,.T.);
#1385 = VERTEX_POINT('',#1386);
#1386 = CARTESIAN_POINT('',(0.7,1.405,0.725));
#1387 = B_SPLINE_CURVE_WITH_KNOTS('',1,(#1388,#1389),.UNSPECIFIED.,.F.,
  .F.,(2,2),(0.,1.),.PIECEWISE_BEZIER_KNOTS.);
#1388 = CARTESIAN_POINT('',(0.7,1.405,0.575));
#1389 = CARTESIAN_POINT('',(0.7,1.405,0.725));
#1390 = ORIENTED_EDGE('',*,*,#1391,.F.);
#1391 = EDGE_CURVE('',#1176,#1385,#1392,.T.);
#1392 = LINE('',#1393,#1394);
#1393 = CARTESIAN_POINT('',(0.605,1.5,0.725));
#1394 = VECTOR('',#1395,1.);
#1395 = DIRECTION('',(0.707106781187,-0.707106781187,0.));
#1396 = ORIENTED_EDGE('',*,*,#1175,.F.);
#1397 = PLANE('',#1398);
#1398 = AXIS2_PLACEMENT_3D('',#1399,#1400,#1401);
#1399 = CARTESIAN_POINT('',(0.605,1.5,0.725));
#1400 = DIRECTION('',(-0.707106781187,-0.707106781187,0.));
#1401 = DIRECTION('',(0.707106781187,-0.707106781187,0.));
#1402 = ADVANCED_FACE('',(#1403),#1485,.F.);
#1403 = FACE_BOUND('',#1404,.F.);
#1404 = EDGE_LOOP('',(#1405,#1413,#1414,#1415,#1423,#1431,#1439,#1447,
    #1455,#1463,#1471,#1479));
#1405 = ORIENTED_EDGE('',*,*,#1406,.T.);
#1406 = EDGE_CURVE('',#1407,#1183,#1409,.T.);
#1407 = VERTEX_POINT('',#1408);
#1408 = CARTESIAN_POINT('',(-0.7,1.405,0.725));
#1409 = LINE('',#1410,#1411);
#1410 = CARTESIAN_POINT('',(-0.7,1.405,0.725));
#1411 = VECTOR('',#1412,1.);
#1412 = DIRECTION('',(0.707106781187,0.707106781187,0.));
#1413 = ORIENTED_EDGE('',*,*,#1182,.T.);
#1414 = ORIENTED_EDGE('',*,*,#1391,.T.);
#1415 = ORIENTED_EDGE('',*,*,#1416,.T.);
#1416 = EDGE_CURVE('',#1385,#1417,#1419,.T.);
#1417 = VERTEX_POINT('',#1418);
#1418 = CARTESIAN_POINT('',(0.7,0.2,0.725));
#1419 = LINE('',#1420,#1421);
#1420 = CARTESIAN_POINT('',(0.7,1.405,0.725));
#1421 = VECTOR('',#1422,1.);
#1422 = DIRECTION('',(1.110223024625E-16,-1.,0.));
#1423 = ORIENTED_EDGE('',*,*,#1424,.T.);
#1424 = EDGE_CURVE('',#1417,#1425,#1427,.T.);
#1425 = VERTEX_POINT('',#1426);
#1426 = CARTESIAN_POINT('',(0.675,0.2,0.725));
#1427 = LINE('',#1428,#1429);
#1428 = CARTESIAN_POINT('',(0.7,0.2,0.725));
#1429 = VECTOR('',#1430,1.);
#1430 = DIRECTION('',(-1.,-1.110223024625E-16,0.));
#1431 = ORIENTED_EDGE('',*,*,#1432,.F.);
#1432 = EDGE_CURVE('',#1433,#1425,#1435,.T.);
#1433 = VERTEX_POINT('',#1434);
#1434 = CARTESIAN_POINT('',(0.675,1.3925,0.725));
#1435 = LINE('',#1436,#1437);
#1436 = CARTESIAN_POINT('',(0.675,1.3925,0.725));
#1437 = VECTOR('',#1438,1.);
#1438 = DIRECTION('',(1.110223024625E-16,-1.,0.));
#1439 = ORIENTED_EDGE('',*,*,#1440,.F.);
#1440 = EDGE_CURVE('',#1441,#1433,#1443,.T.);
#1441 = VERTEX_POINT('',#1442);
#1442 = CARTESIAN_POINT('',(0.5925,1.475,0.725));
#1443 = LINE('',#1444,#1445);
#1444 = CARTESIAN_POINT('',(0.5925,1.475,0.725));
#1445 = VECTOR('',#1446,1.);
#1446 = DIRECTION('',(0.707106781187,-0.707106781187,0.));
#1447 = ORIENTED_EDGE('',*,*,#1448,.F.);
#1448 = EDGE_CURVE('',#1449,#1441,#1451,.T.);
#1449 = VERTEX_POINT('',#1450);
#1450 = CARTESIAN_POINT('',(-0.5925,1.475,0.725));
#1451 = LINE('',#1452,#1453);
#1452 = CARTESIAN_POINT('',(-0.5925,1.475,0.725));
#1453 = VECTOR('',#1454,1.);
#1454 = DIRECTION('',(1.,1.110223024625E-16,0.));
#1455 = ORIENTED_EDGE('',*,*,#1456,.F.);
#1456 = EDGE_CURVE('',#1457,#1449,#1459,.T.);
#1457 = VERTEX_POINT('',#1458);
#1458 = CARTESIAN_POINT('',(-0.675,1.3925,0.725));
#1459 = LINE('',#1460,#1461);
#1460 = CARTESIAN_POINT('',(-0.675,1.3925,0.725));
#1461 = VECTOR('',#1462,1.);
#1462 = DIRECTION('',(0.707106781187,0.707106781187,0.));
#1463 = ORIENTED_EDGE('',*,*,#1464,.F.);
#1464 = EDGE_CURVE('',#1465,#1457,#1467,.T.);
#1465 = VERTEX_POINT('',#1466);
#1466 = CARTESIAN_POINT('',(-0.675,1.15,0.725));
#1467 = LINE('',#1468,#1469);
#1468 = CARTESIAN_POINT('',(-0.675,-1.3925,0.725));
#1469 = VECTOR('',#1470,1.);
#1470 = DIRECTION('',(-1.110223024625E-16,1.,0.));
#1471 = ORIENTED_EDGE('',*,*,#1472,.F.);
#1472 = EDGE_CURVE('',#1473,#1465,#1475,.T.);
#1473 = VERTEX_POINT('',#1474);
#1474 = CARTESIAN_POINT('',(-0.7,1.15,0.725));
#1475 = LINE('',#1476,#1477);
#1476 = CARTESIAN_POINT('',(-0.7,1.15,0.725));
#1477 = VECTOR('',#1478,1.);
#1478 = DIRECTION('',(1.,-1.144237745222E-17,0.));
#1479 = ORIENTED_EDGE('',*,*,#1480,.T.);
#1480 = EDGE_CURVE('',#1473,#1407,#1481,.T.);
#1481 = LINE('',#1482,#1483);
#1482 = CARTESIAN_POINT('',(-0.7,-1.405,0.725));
#1483 = VECTOR('',#1484,1.);
#1484 = DIRECTION('',(-1.110223024625E-16,1.,0.));
#1485 = PLANE('',#1486);
#1486 = AXIS2_PLACEMENT_3D('',#1487,#1488,#1489);
#1487 = CARTESIAN_POINT('',(-1.486299604971E-16,1.4875,0.725));
#1488 = DIRECTION('',(1.022886882533E-31,-6.310887241768E-27,-1.));
#1489 = DIRECTION('',(1.,1.217738924546E-16,1.022886882525E-31));
#1490 = ADVANCED_FACE('',(#1491),#1501,.F.);
#1491 = FACE_BOUND('',#1492,.F.);
#1492 = EDGE_LOOP('',(#1493,#1494,#1495,#1496));
#1493 = ORIENTED_EDGE('',*,*,#1205,.T.);
#1494 = ORIENTED_EDGE('',*,*,#1190,.T.);
#1495 = ORIENTED_EDGE('',*,*,#1406,.F.);
#1496 = ORIENTED_EDGE('',*,*,#1497,.F.);
#1497 = EDGE_CURVE('',#1206,#1407,#1498,.T.);
#1498 = B_SPLINE_CURVE_WITH_KNOTS('',1,(#1499,#1500),.UNSPECIFIED.,.F.,
  .F.,(2,2),(0.,1.),.PIECEWISE_BEZIER_KNOTS.);
#1499 = CARTESIAN_POINT('',(-0.7,1.405,0.575));
#1500 = CARTESIAN_POINT('',(-0.7,1.405,0.725));
#1501 = PLANE('',#1502);
#1502 = AXIS2_PLACEMENT_3D('',#1503,#1504,#1505);
#1503 = CARTESIAN_POINT('',(-0.7,1.405,0.725));
#1504 = DIRECTION('',(0.707106781187,-0.707106781187,0.));
#1505 = DIRECTION('',(0.707106781187,0.707106781187,0.));
#1506 = ADVANCED_FACE('',(#1507),#1531,.F.);
#1507 = FACE_BOUND('',#1508,.F.);
#1508 = EDGE_LOOP('',(#1509,#1516,#1517,#1525));
#1509 = ORIENTED_EDGE('',*,*,#1510,.F.);
#1510 = EDGE_CURVE('',#1261,#1511,#1513,.T.);
#1511 = VERTEX_POINT('',#1512);
#1512 = CARTESIAN_POINT('',(-0.7,-1.405,0.725));
#1513 = B_SPLINE_CURVE_WITH_KNOTS('',1,(#1514,#1515),.UNSPECIFIED.,.F.,
  .F.,(2,2),(0.,1.),.PIECEWISE_BEZIER_KNOTS.);
#1514 = CARTESIAN_POINT('',(-0.7,-1.405,0.575));
#1515 = CARTESIAN_POINT('',(-0.7,-1.405,0.725));
#1516 = ORIENTED_EDGE('',*,*,#1260,.T.);
#1517 = ORIENTED_EDGE('',*,*,#1518,.T.);
#1518 = EDGE_CURVE('',#1253,#1519,#1521,.T.);
#1519 = VERTEX_POINT('',#1520);
#1520 = CARTESIAN_POINT('',(-0.7,-1.15,0.725));
#1521 = LINE('',#1522,#1523);
#1522 = CARTESIAN_POINT('',(-0.7,-1.15,0.529763586955));
#1523 = VECTOR('',#1524,1.);
#1524 = DIRECTION('',(0.,0.,1.));
#1525 = ORIENTED_EDGE('',*,*,#1526,.F.);
#1526 = EDGE_CURVE('',#1511,#1519,#1527,.T.);
#1527 = LINE('',#1528,#1529);
#1528 = CARTESIAN_POINT('',(-0.7,-1.405,0.725));
#1529 = VECTOR('',#1530,1.);
#1530 = DIRECTION('',(-1.110223024625E-16,1.,0.));
#1531 = PLANE('',#1532);
#1532 = AXIS2_PLACEMENT_3D('',#1533,#1534,#1535);
#1533 = CARTESIAN_POINT('',(-0.7,-1.405,0.725));
#1534 = DIRECTION('',(1.,1.110223024625E-16,0.));
#1535 = DIRECTION('',(-1.110223024625E-16,1.,0.));
#1536 = ADVANCED_FACE('',(#1537),#1564,.F.);
#1537 = FACE_BOUND('',#1538,.F.);
#1538 = EDGE_LOOP('',(#1539,#1540,#1549,#1557));
#1539 = ORIENTED_EDGE('',*,*,#1252,.T.);
#1540 = ORIENTED_EDGE('',*,*,#1541,.T.);
#1541 = EDGE_CURVE('',#1245,#1542,#1544,.T.);
#1542 = VERTEX_POINT('',#1543);
#1543 = CARTESIAN_POINT('',(-0.798480775301,-0.75,0.492364817767));
#1544 = CIRCLE('',#1545,0.1);
#1545 = AXIS2_PLACEMENT_3D('',#1546,#1547,#1548);
#1546 = CARTESIAN_POINT('',(-0.7,-0.75,0.475));
#1547 = DIRECTION('',(-1.144237745222E-17,-1.,-5.473822126269E-48));
#1548 = DIRECTION('',(2.22044604925E-15,-2.540718180781E-32,1.));
#1549 = ORIENTED_EDGE('',*,*,#1550,.F.);
#1550 = EDGE_CURVE('',#1551,#1542,#1553,.T.);
#1551 = VERTEX_POINT('',#1552);
#1552 = CARTESIAN_POINT('',(-0.798480775301,-1.15,0.492364817767));
#1553 = LINE('',#1554,#1555);
#1554 = CARTESIAN_POINT('',(-0.798480775301,-1.15,0.492364817767));
#1555 = VECTOR('',#1556,1.);
#1556 = DIRECTION('',(1.144237745222E-17,1.,0.));
#1557 = ORIENTED_EDGE('',*,*,#1558,.F.);
#1558 = EDGE_CURVE('',#1253,#1551,#1559,.T.);
#1559 = CIRCLE('',#1560,0.1);
#1560 = AXIS2_PLACEMENT_3D('',#1561,#1562,#1563);
#1561 = CARTESIAN_POINT('',(-0.7,-1.15,0.475));
#1562 = DIRECTION('',(-1.144237745222E-17,-1.,-5.473822126269E-48));
#1563 = DIRECTION('',(2.22044604925E-15,-2.540718180781E-32,1.));
#1564 = CYLINDRICAL_SURFACE('',#1565,0.1);
#1565 = AXIS2_PLACEMENT_3D('',#1566,#1567,#1568);
#1566 = CARTESIAN_POINT('',(-0.7,-1.15,0.475));
#1567 = DIRECTION('',(-1.144237745222E-17,-1.,0.));
#1568 = DIRECTION('',(2.22044604925E-15,-2.540718180781E-32,1.));
#1569 = ADVANCED_FACE('',(#1570),#1595,.F.);
#1570 = FACE_BOUND('',#1571,.F.);
#1571 = EDGE_LOOP('',(#1572,#1580,#1581,#1589));
#1572 = ORIENTED_EDGE('',*,*,#1573,.F.);
#1573 = EDGE_CURVE('',#1245,#1574,#1576,.T.);
#1574 = VERTEX_POINT('',#1575);
#1575 = CARTESIAN_POINT('',(-0.7,-0.75,0.725));
#1576 = LINE('',#1577,#1578);
#1577 = CARTESIAN_POINT('',(-0.7,-0.75,0.529763586955));
#1578 = VECTOR('',#1579,1.);
#1579 = DIRECTION('',(0.,0.,1.));
#1580 = ORIENTED_EDGE('',*,*,#1244,.T.);
#1581 = ORIENTED_EDGE('',*,*,#1582,.T.);
#1582 = EDGE_CURVE('',#1237,#1583,#1585,.T.);
#1583 = VERTEX_POINT('',#1584);
#1584 = CARTESIAN_POINT('',(-0.7,0.75,0.725));
#1585 = LINE('',#1586,#1587);
#1586 = CARTESIAN_POINT('',(-0.7,0.75,0.529763586955));
#1587 = VECTOR('',#1588,1.);
#1588 = DIRECTION('',(0.,0.,1.));
#1589 = ORIENTED_EDGE('',*,*,#1590,.F.);
#1590 = EDGE_CURVE('',#1574,#1583,#1591,.T.);
#1591 = LINE('',#1592,#1593);
#1592 = CARTESIAN_POINT('',(-0.7,-1.405,0.725));
#1593 = VECTOR('',#1594,1.);
#1594 = DIRECTION('',(-1.110223024625E-16,1.,0.));
#1595 = PLANE('',#1596);
#1596 = AXIS2_PLACEMENT_3D('',#1597,#1598,#1599);
#1597 = CARTESIAN_POINT('',(-0.7,-1.405,0.725));
#1598 = DIRECTION('',(1.,1.110223024625E-16,0.));
#1599 = DIRECTION('',(-1.110223024625E-16,1.,0.));
#1600 = ADVANCED_FACE('',(#1601),#1628,.F.);
#1601 = FACE_BOUND('',#1602,.F.);
#1602 = EDGE_LOOP('',(#1603,#1604,#1613,#1621));
#1603 = ORIENTED_EDGE('',*,*,#1236,.T.);
#1604 = ORIENTED_EDGE('',*,*,#1605,.T.);
#1605 = EDGE_CURVE('',#1229,#1606,#1608,.T.);
#1606 = VERTEX_POINT('',#1607);
#1607 = CARTESIAN_POINT('',(-0.798480775301,1.15,0.492364817767));
#1608 = CIRCLE('',#1609,0.1);
#1609 = AXIS2_PLACEMENT_3D('',#1610,#1611,#1612);
#1610 = CARTESIAN_POINT('',(-0.7,1.15,0.475));
#1611 = DIRECTION('',(-1.144237745222E-17,-1.,-5.473822126269E-48));
#1612 = DIRECTION('',(2.22044604925E-15,-2.540718180781E-32,1.));
#1613 = ORIENTED_EDGE('',*,*,#1614,.F.);
#1614 = EDGE_CURVE('',#1615,#1606,#1617,.T.);
#1615 = VERTEX_POINT('',#1616);
#1616 = CARTESIAN_POINT('',(-0.798480775301,0.75,0.492364817767));
#1617 = LINE('',#1618,#1619);
#1618 = CARTESIAN_POINT('',(-0.798480775301,0.75,0.492364817767));
#1619 = VECTOR('',#1620,1.);
#1620 = DIRECTION('',(1.144237745222E-17,1.,0.));
#1621 = ORIENTED_EDGE('',*,*,#1622,.F.);
#1622 = EDGE_CURVE('',#1237,#1615,#1623,.T.);
#1623 = CIRCLE('',#1624,0.1);
#1624 = AXIS2_PLACEMENT_3D('',#1625,#1626,#1627);
#1625 = CARTESIAN_POINT('',(-0.7,0.75,0.475));
#1626 = DIRECTION('',(-1.144237745222E-17,-1.,-5.473822126269E-48));
#1627 = DIRECTION('',(2.22044604925E-15,-2.540718180781E-32,1.));
#1628 = CYLINDRICAL_SURFACE('',#1629,0.1);
#1629 = AXIS2_PLACEMENT_3D('',#1630,#1631,#1632);
#1630 = CARTESIAN_POINT('',(-0.7,0.75,0.475));
#1631 = DIRECTION('',(-1.144237745222E-17,-1.,0.));
#1632 = DIRECTION('',(2.22044604925E-15,-2.540718180781E-32,1.));
#1633 = ADVANCED_FACE('',(#1634),#1645,.F.);
#1634 = FACE_BOUND('',#1635,.F.);
#1635 = EDGE_LOOP('',(#1636,#1642,#1643,#1644));
#1636 = ORIENTED_EDGE('',*,*,#1637,.F.);
#1637 = EDGE_CURVE('',#1229,#1473,#1638,.T.);
#1638 = LINE('',#1639,#1640);
#1639 = CARTESIAN_POINT('',(-0.7,1.15,0.529763586955));
#1640 = VECTOR('',#1641,1.);
#1641 = DIRECTION('',(0.,0.,1.));
#1642 = ORIENTED_EDGE('',*,*,#1228,.T.);
#1643 = ORIENTED_EDGE('',*,*,#1497,.T.);
#1644 = ORIENTED_EDGE('',*,*,#1480,.F.);
#1645 = PLANE('',#1646);
#1646 = AXIS2_PLACEMENT_3D('',#1647,#1648,#1649);
#1647 = CARTESIAN_POINT('',(-0.7,-1.405,0.725));
#1648 = DIRECTION('',(1.,1.110223024625E-16,0.));
#1649 = DIRECTION('',(-1.110223024625E-16,1.,0.));
#1650 = ADVANCED_FACE('',(#1651),#1662,.F.);
#1651 = FACE_BOUND('',#1652,.F.);
#1652 = EDGE_LOOP('',(#1653,#1654,#1655,#1661));
#1653 = ORIENTED_EDGE('',*,*,#1384,.F.);
#1654 = ORIENTED_EDGE('',*,*,#1305,.T.);
#1655 = ORIENTED_EDGE('',*,*,#1656,.T.);
#1656 = EDGE_CURVE('',#1298,#1417,#1657,.T.);
#1657 = LINE('',#1658,#1659);
#1658 = CARTESIAN_POINT('',(0.7,0.2,0.529763586955));
#1659 = VECTOR('',#1660,1.);
#1660 = DIRECTION('',(0.,0.,1.));
#1661 = ORIENTED_EDGE('',*,*,#1416,.F.);
#1662 = PLANE('',#1663);
#1663 = AXIS2_PLACEMENT_3D('',#1664,#1665,#1666);
#1664 = CARTESIAN_POINT('',(0.7,1.405,0.725));
#1665 = DIRECTION('',(-1.,-1.110223024625E-16,0.));
#1666 = DIRECTION('',(1.110223024625E-16,-1.,0.));
#1667 = ADVANCED_FACE('',(#1668),#1695,.F.);
#1668 = FACE_BOUND('',#1669,.F.);
#1669 = EDGE_LOOP('',(#1670,#1671,#1680,#1688));
#1670 = ORIENTED_EDGE('',*,*,#1297,.T.);
#1671 = ORIENTED_EDGE('',*,*,#1672,.T.);
#1672 = EDGE_CURVE('',#1290,#1673,#1675,.T.);
#1673 = VERTEX_POINT('',#1674);
#1674 = CARTESIAN_POINT('',(0.798480775301,-0.2,0.492364817767));
#1675 = CIRCLE('',#1676,0.1);
#1676 = AXIS2_PLACEMENT_3D('',#1677,#1678,#1679);
#1677 = CARTESIAN_POINT('',(0.7,-0.2,0.475));
#1678 = DIRECTION('',(-1.110223024625E-16,1.,0.));
#1679 = DIRECTION('',(-2.22044604925E-15,-2.465190328815E-31,1.));
#1680 = ORIENTED_EDGE('',*,*,#1681,.F.);
#1681 = EDGE_CURVE('',#1682,#1673,#1684,.T.);
#1682 = VERTEX_POINT('',#1683);
#1683 = CARTESIAN_POINT('',(0.798480775301,0.2,0.492364817767));
#1684 = LINE('',#1685,#1686);
#1685 = CARTESIAN_POINT('',(0.798480775301,0.2,0.492364817767));
#1686 = VECTOR('',#1687,1.);
#1687 = DIRECTION('',(1.110223024625E-16,-1.,0.));
#1688 = ORIENTED_EDGE('',*,*,#1689,.F.);
#1689 = EDGE_CURVE('',#1298,#1682,#1690,.T.);
#1690 = CIRCLE('',#1691,0.1);
#1691 = AXIS2_PLACEMENT_3D('',#1692,#1693,#1694);
#1692 = CARTESIAN_POINT('',(0.7,0.2,0.475));
#1693 = DIRECTION('',(-1.110223024625E-16,1.,0.));
#1694 = DIRECTION('',(-2.22044604925E-15,-2.465190328815E-31,1.));
#1695 = CYLINDRICAL_SURFACE('',#1696,0.1);
#1696 = AXIS2_PLACEMENT_3D('',#1697,#1698,#1699);
#1697 = CARTESIAN_POINT('',(0.7,0.2,0.475));
#1698 = DIRECTION('',(-1.110223024625E-16,1.,0.));
#1699 = DIRECTION('',(-2.22044604925E-15,-2.465190328815E-31,1.));
#1700 = ADVANCED_FACE('',(#1701),#1725,.F.);
#1701 = FACE_BOUND('',#1702,.F.);
#1702 = EDGE_LOOP('',(#1703,#1711,#1712,#1719));
#1703 = ORIENTED_EDGE('',*,*,#1704,.F.);
#1704 = EDGE_CURVE('',#1290,#1705,#1707,.T.);
#1705 = VERTEX_POINT('',#1706);
#1706 = CARTESIAN_POINT('',(0.7,-0.2,0.725));
#1707 = LINE('',#1708,#1709);
#1708 = CARTESIAN_POINT('',(0.7,-0.2,0.529763586955));
#1709 = VECTOR('',#1710,1.);
#1710 = DIRECTION('',(0.,0.,1.));
#1711 = ORIENTED_EDGE('',*,*,#1289,.T.);
#1712 = ORIENTED_EDGE('',*,*,#1713,.T.);
#1713 = EDGE_CURVE('',#1283,#1714,#1716,.T.);
#1714 = VERTEX_POINT('',#1715);
#1715 = CARTESIAN_POINT('',(0.7,-1.405,0.725));
#1716 = B_SPLINE_CURVE_WITH_KNOTS('',1,(#1717,#1718),.UNSPECIFIED.,.F.,
  .F.,(2,2),(0.,1.),.PIECEWISE_BEZIER_KNOTS.);
#1717 = CARTESIAN_POINT('',(0.7,-1.405,0.575));
#1718 = CARTESIAN_POINT('',(0.7,-1.405,0.725));
#1719 = ORIENTED_EDGE('',*,*,#1720,.F.);
#1720 = EDGE_CURVE('',#1705,#1714,#1721,.T.);
#1721 = LINE('',#1722,#1723);
#1722 = CARTESIAN_POINT('',(0.7,1.405,0.725));
#1723 = VECTOR('',#1724,1.);
#1724 = DIRECTION('',(1.110223024625E-16,-1.,0.));
#1725 = PLANE('',#1726);
#1726 = AXIS2_PLACEMENT_3D('',#1727,#1728,#1729);
#1727 = CARTESIAN_POINT('',(0.7,1.405,0.725));
#1728 = DIRECTION('',(-1.,-1.110223024625E-16,0.));
#1729 = DIRECTION('',(1.110223024625E-16,-1.,0.));
#1730 = ADVANCED_FACE('',(#1731),#1748,.F.);
#1731 = FACE_BOUND('',#1732,.F.);
#1732 = EDGE_LOOP('',(#1733,#1734,#1735,#1743));
#1733 = ORIENTED_EDGE('',*,*,#1322,.T.);
#1734 = ORIENTED_EDGE('',*,*,#1510,.T.);
#1735 = ORIENTED_EDGE('',*,*,#1736,.F.);
#1736 = EDGE_CURVE('',#1737,#1511,#1739,.T.);
#1737 = VERTEX_POINT('',#1738);
#1738 = CARTESIAN_POINT('',(-0.605,-1.5,0.725));
#1739 = LINE('',#1740,#1741);
#1740 = CARTESIAN_POINT('',(-0.605,-1.5,0.725));
#1741 = VECTOR('',#1742,1.);
#1742 = DIRECTION('',(-0.707106781187,0.707106781187,0.));
#1743 = ORIENTED_EDGE('',*,*,#1744,.F.);
#1744 = EDGE_CURVE('',#1323,#1737,#1745,.T.);
#1745 = B_SPLINE_CURVE_WITH_KNOTS('',1,(#1746,#1747),.UNSPECIFIED.,.F.,
  .F.,(2,2),(0.,1.),.PIECEWISE_BEZIER_KNOTS.);
#1746 = CARTESIAN_POINT('',(-0.605,-1.5,0.575));
#1747 = CARTESIAN_POINT('',(-0.605,-1.5,0.725));
#1748 = PLANE('',#1749);
#1749 = AXIS2_PLACEMENT_3D('',#1750,#1751,#1752);
#1750 = CARTESIAN_POINT('',(-0.605,-1.5,0.725));
#1751 = DIRECTION('',(0.707106781187,0.707106781187,0.));
#1752 = DIRECTION('',(-0.707106781187,0.707106781187,0.));
#1753 = ADVANCED_FACE('',(#1754),#1771,.F.);
#1754 = FACE_BOUND('',#1755,.F.);
#1755 = EDGE_LOOP('',(#1756,#1757,#1764,#1770));
#1756 = ORIENTED_EDGE('',*,*,#1351,.T.);
#1757 = ORIENTED_EDGE('',*,*,#1758,.T.);
#1758 = EDGE_CURVE('',#1345,#1759,#1761,.T.);
#1759 = VERTEX_POINT('',#1760);
#1760 = CARTESIAN_POINT('',(0.605,-1.5,0.725));
#1761 = B_SPLINE_CURVE_WITH_KNOTS('',1,(#1762,#1763),.UNSPECIFIED.,.F.,
  .F.,(2,2),(0.,1.),.PIECEWISE_BEZIER_KNOTS.);
#1762 = CARTESIAN_POINT('',(0.605,-1.5,0.575));
#1763 = CARTESIAN_POINT('',(0.605,-1.5,0.725));
#1764 = ORIENTED_EDGE('',*,*,#1765,.F.);
#1765 = EDGE_CURVE('',#1714,#1759,#1766,.T.);
#1766 = LINE('',#1767,#1768);
#1767 = CARTESIAN_POINT('',(0.7,-1.405,0.725));
#1768 = VECTOR('',#1769,1.);
#1769 = DIRECTION('',(-0.707106781187,-0.707106781187,0.));
#1770 = ORIENTED_EDGE('',*,*,#1713,.F.);
#1771 = PLANE('',#1772);
#1772 = AXIS2_PLACEMENT_3D('',#1773,#1774,#1775);
#1773 = CARTESIAN_POINT('',(0.7,-1.405,0.725));
#1774 = DIRECTION('',(-0.707106781187,0.707106781187,0.));
#1775 = DIRECTION('',(-0.707106781187,-0.707106781187,0.));
#1776 = ADVANCED_FACE('',(#1777),#1788,.F.);
#1777 = FACE_BOUND('',#1778,.F.);
#1778 = EDGE_LOOP('',(#1779,#1780,#1781,#1787));
#1779 = ORIENTED_EDGE('',*,*,#1368,.T.);
#1780 = ORIENTED_EDGE('',*,*,#1744,.T.);
#1781 = ORIENTED_EDGE('',*,*,#1782,.F.);
#1782 = EDGE_CURVE('',#1759,#1737,#1783,.T.);
#1783 = LINE('',#1784,#1785);
#1784 = CARTESIAN_POINT('',(0.605,-1.5,0.725));
#1785 = VECTOR('',#1786,1.);
#1786 = DIRECTION('',(-1.,-1.110223024625E-16,0.));
#1787 = ORIENTED_EDGE('',*,*,#1758,.F.);
#1788 = PLANE('',#1789);
#1789 = AXIS2_PLACEMENT_3D('',#1790,#1791,#1792);
#1790 = CARTESIAN_POINT('',(0.605,-1.5,0.725));
#1791 = DIRECTION('',(-1.110223024625E-16,1.,0.));
#1792 = DIRECTION('',(-1.,-1.110223024625E-16,0.));
#1793 = ADVANCED_FACE('',(#1794),#1817,.F.);
#1794 = FACE_BOUND('',#1795,.F.);
#1795 = EDGE_LOOP('',(#1796,#1804,#1810,#1811));
#1796 = ORIENTED_EDGE('',*,*,#1797,.F.);
#1797 = EDGE_CURVE('',#1583,#1798,#1800,.T.);
#1798 = VERTEX_POINT('',#1799);
#1799 = CARTESIAN_POINT('',(-0.675,0.75,0.725));
#1800 = LINE('',#1801,#1802);
#1801 = CARTESIAN_POINT('',(-0.7,0.75,0.725));
#1802 = VECTOR('',#1803,1.);
#1803 = DIRECTION('',(1.,-1.144237745222E-17,0.));
#1804 = ORIENTED_EDGE('',*,*,#1805,.T.);
#1805 = EDGE_CURVE('',#1583,#1473,#1806,.T.);
#1806 = LINE('',#1807,#1808);
#1807 = CARTESIAN_POINT('',(-0.7,0.75,0.725));
#1808 = VECTOR('',#1809,1.);
#1809 = DIRECTION('',(1.144237745222E-17,1.,0.));
#1810 = ORIENTED_EDGE('',*,*,#1472,.T.);
#1811 = ORIENTED_EDGE('',*,*,#1812,.F.);
#1812 = EDGE_CURVE('',#1798,#1465,#1813,.T.);
#1813 = LINE('',#1814,#1815);
#1814 = CARTESIAN_POINT('',(-0.675,-1.3925,0.725));
#1815 = VECTOR('',#1816,1.);
#1816 = DIRECTION('',(-1.110223024625E-16,1.,0.));
#1817 = PLANE('',#1818);
#1818 = AXIS2_PLACEMENT_3D('',#1819,#1820,#1821);
#1819 = CARTESIAN_POINT('',(-0.7,0.75,0.725));
#1820 = DIRECTION('',(0.,0.,-1.));
#1821 = DIRECTION('',(1.,-1.144237745222E-17,0.));
#1822 = ADVANCED_FACE('',(#1823),#1871,.F.);
#1823 = FACE_BOUND('',#1824,.F.);
#1824 = EDGE_LOOP('',(#1825,#1835,#1843,#1849,#1850,#1851,#1858,#1866));
#1825 = ORIENTED_EDGE('',*,*,#1826,.T.);
#1826 = EDGE_CURVE('',#1827,#1829,#1831,.T.);
#1827 = VERTEX_POINT('',#1828);
#1828 = CARTESIAN_POINT('',(-0.675,-1.3925,0.725));
#1829 = VERTEX_POINT('',#1830);
#1830 = CARTESIAN_POINT('',(-0.675,-1.15,0.725));
#1831 = LINE('',#1832,#1833);
#1832 = CARTESIAN_POINT('',(-0.675,-1.3925,0.725));
#1833 = VECTOR('',#1834,1.);
#1834 = DIRECTION('',(-1.110223024625E-16,1.,0.));
#1835 = ORIENTED_EDGE('',*,*,#1836,.T.);
#1836 = EDGE_CURVE('',#1829,#1837,#1839,.T.);
#1837 = VERTEX_POINT('',#1838);
#1838 = CARTESIAN_POINT('',(-0.675,-0.75,0.725));
#1839 = LINE('',#1840,#1841);
#1840 = CARTESIAN_POINT('',(-0.675,-1.3925,0.725));
#1841 = VECTOR('',#1842,1.);
#1842 = DIRECTION('',(-1.110223024625E-16,1.,0.));
#1843 = ORIENTED_EDGE('',*,*,#1844,.T.);
#1844 = EDGE_CURVE('',#1837,#1798,#1845,.T.);
#1845 = LINE('',#1846,#1847);
#1846 = CARTESIAN_POINT('',(-0.675,-1.3925,0.725));
#1847 = VECTOR('',#1848,1.);
#1848 = DIRECTION('',(-1.110223024625E-16,1.,0.));
#1849 = ORIENTED_EDGE('',*,*,#1812,.T.);
#1850 = ORIENTED_EDGE('',*,*,#1464,.T.);
#1851 = ORIENTED_EDGE('',*,*,#1852,.T.);
#1852 = EDGE_CURVE('',#1457,#1853,#1855,.T.);
#1853 = VERTEX_POINT('',#1854);
#1854 = CARTESIAN_POINT('',(-0.608243103516,1.359121551758,1.2));
#1855 = B_SPLINE_CURVE_WITH_KNOTS('',1,(#1856,#1857),.UNSPECIFIED.,.F.,
  .F.,(2,2),(0.,1.),.PIECEWISE_BEZIER_KNOTS.);
#1856 = CARTESIAN_POINT('',(-0.675,1.3925,0.725));
#1857 = CARTESIAN_POINT('',(-0.608243103516,1.359121551758,1.2));
#1858 = ORIENTED_EDGE('',*,*,#1859,.F.);
#1859 = EDGE_CURVE('',#1860,#1853,#1862,.T.);
#1860 = VERTEX_POINT('',#1861);
#1861 = CARTESIAN_POINT('',(-0.608243103516,-1.359121551758,1.2));
#1862 = LINE('',#1863,#1864);
#1863 = CARTESIAN_POINT('',(-0.608243103516,-1.359121551758,1.2));
#1864 = VECTOR('',#1865,1.);
#1865 = DIRECTION('',(-1.110223024625E-16,1.,0.));
#1866 = ORIENTED_EDGE('',*,*,#1867,.F.);
#1867 = EDGE_CURVE('',#1827,#1860,#1868,.T.);
#1868 = B_SPLINE_CURVE_WITH_KNOTS('',1,(#1869,#1870),.UNSPECIFIED.,.F.,
  .F.,(2,2),(0.,1.),.PIECEWISE_BEZIER_KNOTS.);
#1869 = CARTESIAN_POINT('',(-0.675,-1.3925,0.725));
#1870 = CARTESIAN_POINT('',(-0.608243103516,-1.359121551758,1.2));
#1871 = B_SPLINE_SURFACE_WITH_KNOTS('',1,1,(
    (#1872,#1873)
    ,(#1874,#1875
    )),.UNSPECIFIED.,.F.,.F.,.F.,(2,2),(2,2),(0.,2.785),(0.,1.),
  .PIECEWISE_BEZIER_KNOTS.);
#1872 = CARTESIAN_POINT('',(-0.675,-1.3925,0.725));
#1873 = CARTESIAN_POINT('',(-0.608243103516,-1.359121551758,1.2));
#1874 = CARTESIAN_POINT('',(-0.675,1.3925,0.725));
#1875 = CARTESIAN_POINT('',(-0.608243103516,1.359121551758,1.2));
#1876 = ADVANCED_FACE('',(#1877),#1894,.F.);
#1877 = FACE_BOUND('',#1878,.F.);
#1878 = EDGE_LOOP('',(#1879,#1880,#1887,#1893));
#1879 = ORIENTED_EDGE('',*,*,#1456,.T.);
#1880 = ORIENTED_EDGE('',*,*,#1881,.T.);
#1881 = EDGE_CURVE('',#1449,#1882,#1884,.T.);
#1882 = VERTEX_POINT('',#1883);
#1883 = CARTESIAN_POINT('',(-0.559121551758,1.408243103516,1.2));
#1884 = B_SPLINE_CURVE_WITH_KNOTS('',1,(#1885,#1886),.UNSPECIFIED.,.F.,
  .F.,(2,2),(0.,1.),.PIECEWISE_BEZIER_KNOTS.);
#1885 = CARTESIAN_POINT('',(-0.5925,1.475,0.725));
#1886 = CARTESIAN_POINT('',(-0.559121551758,1.408243103516,1.2));
#1887 = ORIENTED_EDGE('',*,*,#1888,.F.);
#1888 = EDGE_CURVE('',#1853,#1882,#1889,.T.);
#1889 = LINE('',#1890,#1891);
#1890 = CARTESIAN_POINT('',(-0.608243103516,1.359121551758,1.2));
#1891 = VECTOR('',#1892,1.);
#1892 = DIRECTION('',(0.707106781187,0.707106781187,0.));
#1893 = ORIENTED_EDGE('',*,*,#1852,.F.);
#1894 = B_SPLINE_SURFACE_WITH_KNOTS('',1,1,(
    (#1895,#1896)
    ,(#1897,#1898
    )),.UNSPECIFIED.,.F.,.F.,.F.,(2,2),(2,2),(0.,0.116672618896),(0.,1.)
  ,.PIECEWISE_BEZIER_KNOTS.);
#1895 = CARTESIAN_POINT('',(-0.675,1.3925,0.725));
#1896 = CARTESIAN_POINT('',(-0.608243103516,1.359121551758,1.2));
#1897 = CARTESIAN_POINT('',(-0.5925,1.475,0.725));
#1898 = CARTESIAN_POINT('',(-0.559121551758,1.408243103516,1.2));
#1899 = ADVANCED_FACE('',(#1900),#1917,.F.);
#1900 = FACE_BOUND('',#1901,.F.);
#1901 = EDGE_LOOP('',(#1902,#1903,#1910,#1916));
#1902 = ORIENTED_EDGE('',*,*,#1448,.T.);
#1903 = ORIENTED_EDGE('',*,*,#1904,.T.);
#1904 = EDGE_CURVE('',#1441,#1905,#1907,.T.);
#1905 = VERTEX_POINT('',#1906);
#1906 = CARTESIAN_POINT('',(0.559121551758,1.408243103516,1.2));
#1907 = B_SPLINE_CURVE_WITH_KNOTS('',1,(#1908,#1909),.UNSPECIFIED.,.F.,
  .F.,(2,2),(0.,1.),.PIECEWISE_BEZIER_KNOTS.);
#1908 = CARTESIAN_POINT('',(0.5925,1.475,0.725));
#1909 = CARTESIAN_POINT('',(0.559121551758,1.408243103516,1.2));
#1910 = ORIENTED_EDGE('',*,*,#1911,.F.);
#1911 = EDGE_CURVE('',#1882,#1905,#1912,.T.);
#1912 = LINE('',#1913,#1914);
#1913 = CARTESIAN_POINT('',(-0.559121551758,1.408243103516,1.2));
#1914 = VECTOR('',#1915,1.);
#1915 = DIRECTION('',(1.,1.110223024625E-16,0.));
#1916 = ORIENTED_EDGE('',*,*,#1881,.F.);
#1917 = B_SPLINE_SURFACE_WITH_KNOTS('',1,1,(
    (#1918,#1919)
    ,(#1920,#1921
    )),.UNSPECIFIED.,.F.,.F.,.F.,(2,2),(2,2),(0.,1.185),(0.,1.),
  .PIECEWISE_BEZIER_KNOTS.);
#1918 = CARTESIAN_POINT('',(-0.5925,1.475,0.725));
#1919 = CARTESIAN_POINT('',(-0.559121551758,1.408243103516,1.2));
#1920 = CARTESIAN_POINT('',(0.5925,1.475,0.725));
#1921 = CARTESIAN_POINT('',(0.559121551758,1.408243103516,1.2));
#1922 = ADVANCED_FACE('',(#1923),#1940,.F.);
#1923 = FACE_BOUND('',#1924,.F.);
#1924 = EDGE_LOOP('',(#1925,#1926,#1933,#1939));
#1925 = ORIENTED_EDGE('',*,*,#1440,.T.);
#1926 = ORIENTED_EDGE('',*,*,#1927,.T.);
#1927 = EDGE_CURVE('',#1433,#1928,#1930,.T.);
#1928 = VERTEX_POINT('',#1929);
#1929 = CARTESIAN_POINT('',(0.608243103516,1.359121551758,1.2));
#1930 = B_SPLINE_CURVE_WITH_KNOTS('',1,(#1931,#1932),.UNSPECIFIED.,.F.,
  .F.,(2,2),(0.,1.),.PIECEWISE_BEZIER_KNOTS.);
#1931 = CARTESIAN_POINT('',(0.675,1.3925,0.725));
#1932 = CARTESIAN_POINT('',(0.608243103516,1.359121551758,1.2));
#1933 = ORIENTED_EDGE('',*,*,#1934,.F.);
#1934 = EDGE_CURVE('',#1905,#1928,#1935,.T.);
#1935 = LINE('',#1936,#1937);
#1936 = CARTESIAN_POINT('',(0.559121551758,1.408243103516,1.2));
#1937 = VECTOR('',#1938,1.);
#1938 = DIRECTION('',(0.707106781187,-0.707106781187,0.));
#1939 = ORIENTED_EDGE('',*,*,#1904,.F.);
#1940 = B_SPLINE_SURFACE_WITH_KNOTS('',1,1,(
    (#1941,#1942)
    ,(#1943,#1944
    )),.UNSPECIFIED.,.F.,.F.,.F.,(2,2),(2,2),(0.,0.116672618896),(0.,1.)
  ,.PIECEWISE_BEZIER_KNOTS.);
#1941 = CARTESIAN_POINT('',(0.5925,1.475,0.725));
#1942 = CARTESIAN_POINT('',(0.559121551758,1.408243103516,1.2));
#1943 = CARTESIAN_POINT('',(0.675,1.3925,0.725));
#1944 = CARTESIAN_POINT('',(0.608243103516,1.359121551758,1.2));
#1945 = ADVANCED_FACE('',(#1946),#1979,.F.);
#1946 = FACE_BOUND('',#1947,.F.);
#1947 = EDGE_LOOP('',(#1948,#1949,#1957,#1965,#1972,#1978));
#1948 = ORIENTED_EDGE('',*,*,#1432,.T.);
#1949 = ORIENTED_EDGE('',*,*,#1950,.T.);
#1950 = EDGE_CURVE('',#1425,#1951,#1953,.T.);
#1951 = VERTEX_POINT('',#1952);
#1952 = CARTESIAN_POINT('',(0.675,-0.2,0.725));
#1953 = LINE('',#1954,#1955);
#1954 = CARTESIAN_POINT('',(0.675,1.3925,0.725));
#1955 = VECTOR('',#1956,1.);
#1956 = DIRECTION('',(1.110223024625E-16,-1.,0.));
#1957 = ORIENTED_EDGE('',*,*,#1958,.T.);
#1958 = EDGE_CURVE('',#1951,#1959,#1961,.T.);
#1959 = VERTEX_POINT('',#1960);
#1960 = CARTESIAN_POINT('',(0.675,-1.3925,0.725));
#1961 = LINE('',#1962,#1963);
#1962 = CARTESIAN_POINT('',(0.675,1.3925,0.725));
#1963 = VECTOR('',#1964,1.);
#1964 = DIRECTION('',(1.110223024625E-16,-1.,0.));
#1965 = ORIENTED_EDGE('',*,*,#1966,.T.);
#1966 = EDGE_CURVE('',#1959,#1967,#1969,.T.);
#1967 = VERTEX_POINT('',#1968);
#1968 = CARTESIAN_POINT('',(0.608243103516,-1.359121551758,1.2));
#1969 = B_SPLINE_CURVE_WITH_KNOTS('',1,(#1970,#1971),.UNSPECIFIED.,.F.,
  .F.,(2,2),(0.,1.),.PIECEWISE_BEZIER_KNOTS.);
#1970 = CARTESIAN_POINT('',(0.675,-1.3925,0.725));
#1971 = CARTESIAN_POINT('',(0.608243103516,-1.359121551758,1.2));
#1972 = ORIENTED_EDGE('',*,*,#1973,.F.);
#1973 = EDGE_CURVE('',#1928,#1967,#1974,.T.);
#1974 = LINE('',#1975,#1976);
#1975 = CARTESIAN_POINT('',(0.608243103516,1.359121551758,1.2));
#1976 = VECTOR('',#1977,1.);
#1977 = DIRECTION('',(1.110223024625E-16,-1.,0.));
#1978 = ORIENTED_EDGE('',*,*,#1927,.F.);
#1979 = B_SPLINE_SURFACE_WITH_KNOTS('',1,1,(
    (#1980,#1981)
    ,(#1982,#1983
    )),.UNSPECIFIED.,.F.,.F.,.F.,(2,2),(2,2),(0.,2.785),(0.,1.),
  .PIECEWISE_BEZIER_KNOTS.);
#1980 = CARTESIAN_POINT('',(0.675,1.3925,0.725));
#1981 = CARTESIAN_POINT('',(0.608243103516,1.359121551758,1.2));
#1982 = CARTESIAN_POINT('',(0.675,-1.3925,0.725));
#1983 = CARTESIAN_POINT('',(0.608243103516,-1.359121551758,1.2));
#1984 = ADVANCED_FACE('',(#1985),#2001,.F.);
#1985 = FACE_BOUND('',#1986,.F.);
#1986 = EDGE_LOOP('',(#1987,#1988,#1994,#2000));
#1987 = ORIENTED_EDGE('',*,*,#1424,.F.);
#1988 = ORIENTED_EDGE('',*,*,#1989,.T.);
#1989 = EDGE_CURVE('',#1417,#1705,#1990,.T.);
#1990 = LINE('',#1991,#1992);
#1991 = CARTESIAN_POINT('',(0.7,0.2,0.725));
#1992 = VECTOR('',#1993,1.);
#1993 = DIRECTION('',(1.110223024625E-16,-1.,0.));
#1994 = ORIENTED_EDGE('',*,*,#1995,.T.);
#1995 = EDGE_CURVE('',#1705,#1951,#1996,.T.);
#1996 = LINE('',#1997,#1998);
#1997 = CARTESIAN_POINT('',(0.7,-0.2,0.725));
#1998 = VECTOR('',#1999,1.);
#1999 = DIRECTION('',(-1.,-1.110223024625E-16,0.));
#2000 = ORIENTED_EDGE('',*,*,#1950,.F.);
#2001 = PLANE('',#2002);
#2002 = AXIS2_PLACEMENT_3D('',#2003,#2004,#2005);
#2003 = CARTESIAN_POINT('',(0.7,0.2,0.725));
#2004 = DIRECTION('',(0.,0.,-1.));
#2005 = DIRECTION('',(-1.,-1.110223024625E-16,-0.));
#2006 = ADVANCED_FACE('',(#2007),#2045,.F.);
#2007 = FACE_BOUND('',#2008,.F.);
#2008 = EDGE_LOOP('',(#2009,#2010,#2011,#2012,#2013,#2014,#2015,#2021,
    #2022,#2030,#2038,#2044));
#2009 = ORIENTED_EDGE('',*,*,#1995,.F.);
#2010 = ORIENTED_EDGE('',*,*,#1720,.T.);
#2011 = ORIENTED_EDGE('',*,*,#1765,.T.);
#2012 = ORIENTED_EDGE('',*,*,#1782,.T.);
#2013 = ORIENTED_EDGE('',*,*,#1736,.T.);
#2014 = ORIENTED_EDGE('',*,*,#1526,.T.);
#2015 = ORIENTED_EDGE('',*,*,#2016,.T.);
#2016 = EDGE_CURVE('',#1519,#1829,#2017,.T.);
#2017 = LINE('',#2018,#2019);
#2018 = CARTESIAN_POINT('',(-0.7,-1.15,0.725));
#2019 = VECTOR('',#2020,1.);
#2020 = DIRECTION('',(1.,-1.144237745222E-17,0.));
#2021 = ORIENTED_EDGE('',*,*,#1826,.F.);
#2022 = ORIENTED_EDGE('',*,*,#2023,.F.);
#2023 = EDGE_CURVE('',#2024,#1827,#2026,.T.);
#2024 = VERTEX_POINT('',#2025);
#2025 = CARTESIAN_POINT('',(-0.5925,-1.475,0.725));
#2026 = LINE('',#2027,#2028);
#2027 = CARTESIAN_POINT('',(-0.5925,-1.475,0.725));
#2028 = VECTOR('',#2029,1.);
#2029 = DIRECTION('',(-0.707106781187,0.707106781187,0.));
#2030 = ORIENTED_EDGE('',*,*,#2031,.F.);
#2031 = EDGE_CURVE('',#2032,#2024,#2034,.T.);
#2032 = VERTEX_POINT('',#2033);
#2033 = CARTESIAN_POINT('',(0.5925,-1.475,0.725));
#2034 = LINE('',#2035,#2036);
#2035 = CARTESIAN_POINT('',(0.5925,-1.475,0.725));
#2036 = VECTOR('',#2037,1.);
#2037 = DIRECTION('',(-1.,-1.110223024625E-16,0.));
#2038 = ORIENTED_EDGE('',*,*,#2039,.F.);
#2039 = EDGE_CURVE('',#1959,#2032,#2040,.T.);
#2040 = LINE('',#2041,#2042);
#2041 = CARTESIAN_POINT('',(0.675,-1.3925,0.725));
#2042 = VECTOR('',#2043,1.);
#2043 = DIRECTION('',(-0.707106781187,-0.707106781187,0.));
#2044 = ORIENTED_EDGE('',*,*,#1958,.F.);
#2045 = PLANE('',#2046);
#2046 = AXIS2_PLACEMENT_3D('',#2047,#2048,#2049);
#2047 = CARTESIAN_POINT('',(-1.486299604971E-16,1.4875,0.725));
#2048 = DIRECTION('',(1.022886882533E-31,-6.310887241768E-27,-1.));
#2049 = DIRECTION('',(1.,1.217738924546E-16,1.022886882525E-31));
#2050 = ADVANCED_FACE('',(#2051),#2120,.F.);
#2051 = FACE_BOUND('',#2052,.F.);
#2052 = EDGE_LOOP('',(#2053,#2054,#2055,#2063,#2072,#2080,#2088,#2096,
    #2105,#2113));
#2053 = ORIENTED_EDGE('',*,*,#1518,.F.);
#2054 = ORIENTED_EDGE('',*,*,#1558,.T.);
#2055 = ORIENTED_EDGE('',*,*,#2056,.T.);
#2056 = EDGE_CURVE('',#1551,#2057,#2059,.T.);
#2057 = VERTEX_POINT('',#2058);
#2058 = CARTESIAN_POINT('',(-0.843471632406,-1.15,0.206587955583));
#2059 = LINE('',#2060,#2061);
#2060 = CARTESIAN_POINT('',(-0.798480775301,-1.15,0.492364817767));
#2061 = VECTOR('',#2062,1.);
#2062 = DIRECTION('',(-0.155518033909,1.779496044609E-18,-0.987833053268
    ));
#2063 = ORIENTED_EDGE('',*,*,#2064,.T.);
#2064 = EDGE_CURVE('',#2057,#2065,#2067,.T.);
#2065 = VERTEX_POINT('',#2066);
#2066 = CARTESIAN_POINT('',(-1.089673570659,-1.15,5.551115123126E-17));
#2067 = CIRCLE('',#2068,0.25);
#2068 = AXIS2_PLACEMENT_3D('',#2069,#2070,#2071);
#2069 = CARTESIAN_POINT('',(-1.089673570659,-1.15,0.25));
#2070 = DIRECTION('',(1.144237745222E-17,1.,3.851859888774E-34));
#2071 = DIRECTION('',(0.984807753012,-1.126854202784E-17,-0.173648177667
    ));
#2072 = ORIENTED_EDGE('',*,*,#2073,.T.);
#2073 = EDGE_CURVE('',#2065,#2074,#2076,.T.);
#2074 = VERTEX_POINT('',#2075);
#2075 = CARTESIAN_POINT('',(-1.25,-1.15,5.551115123126E-17));
#2076 = LINE('',#2077,#2078);
#2077 = CARTESIAN_POINT('',(-1.089673570659,-1.15,5.551115123126E-17));
#2078 = VECTOR('',#2079,1.);
#2079 = DIRECTION('',(-1.,1.144237745222E-17,0.));
#2080 = ORIENTED_EDGE('',*,*,#2081,.T.);
#2081 = EDGE_CURVE('',#2074,#2082,#2084,.T.);
#2082 = VERTEX_POINT('',#2083);
#2083 = CARTESIAN_POINT('',(-1.25,-1.15,0.15));
#2084 = LINE('',#2085,#2086);
#2085 = CARTESIAN_POINT('',(-1.25,-1.15,5.551115123126E-17));
#2086 = VECTOR('',#2087,1.);
#2087 = DIRECTION('',(0.,0.,1.));
#2088 = ORIENTED_EDGE('',*,*,#2089,.T.);
#2089 = EDGE_CURVE('',#2082,#2090,#2092,.T.);
#2090 = VERTEX_POINT('',#2091);
#2091 = CARTESIAN_POINT('',(-1.089673570659,-1.15,0.15));
#2092 = LINE('',#2093,#2094);
#2093 = CARTESIAN_POINT('',(-1.25,-1.15,0.15));
#2094 = VECTOR('',#2095,1.);
#2095 = DIRECTION('',(1.,-1.144237745222E-17,0.));
#2096 = ORIENTED_EDGE('',*,*,#2097,.T.);
#2097 = EDGE_CURVE('',#2090,#2098,#2100,.T.);
#2098 = VERTEX_POINT('',#2099);
#2099 = CARTESIAN_POINT('',(-0.991192795358,-1.15,0.232635182233));
#2100 = CIRCLE('',#2101,0.1);
#2101 = AXIS2_PLACEMENT_3D('',#2102,#2103,#2104);
#2102 = CARTESIAN_POINT('',(-1.089673570659,-1.15,0.25));
#2103 = DIRECTION('',(-1.144237745222E-17,-1.,1.094764425254E-47));
#2104 = DIRECTION('',(-2.22044604925E-15,2.540718180781E-32,-1.));
#2105 = ORIENTED_EDGE('',*,*,#2106,.T.);
#2106 = EDGE_CURVE('',#2098,#2107,#2109,.T.);
#2107 = VERTEX_POINT('',#2108);
#2108 = CARTESIAN_POINT('',(-0.946201938253,-1.15,0.518412044417));
#2109 = LINE('',#2110,#2111);
#2110 = CARTESIAN_POINT('',(-0.991192795358,-1.15,0.232635182233));
#2111 = VECTOR('',#2112,1.);
#2112 = DIRECTION('',(0.155518033909,-1.779496044609E-18,0.987833053268)
  );
#2113 = ORIENTED_EDGE('',*,*,#2114,.T.);
#2114 = EDGE_CURVE('',#2107,#1519,#2115,.T.);
#2115 = CIRCLE('',#2116,0.25);
#2116 = AXIS2_PLACEMENT_3D('',#2117,#2118,#2119);
#2117 = CARTESIAN_POINT('',(-0.7,-1.15,0.475));
#2118 = DIRECTION('',(1.144237745222E-17,1.,0.));
#2119 = DIRECTION('',(-0.984807753012,1.126854202784E-17,0.173648177667)
  );
#2120 = PLANE('',#2121);
#2121 = AXIS2_PLACEMENT_3D('',#2122,#2123,#2124);
#2122 = CARTESIAN_POINT('',(-0.931323080229,-1.15,0.33452717391));
#2123 = DIRECTION('',(1.144237745222E-17,1.,0.));
#2124 = DIRECTION('',(0.,-0.,1.));
#2125 = ADVANCED_FACE('',(#2126),#2144,.F.);
#2126 = FACE_BOUND('',#2127,.F.);
#2127 = EDGE_LOOP('',(#2128,#2129,#2137,#2143));
#2128 = ORIENTED_EDGE('',*,*,#1550,.T.);
#2129 = ORIENTED_EDGE('',*,*,#2130,.T.);
#2130 = EDGE_CURVE('',#1542,#2131,#2133,.T.);
#2131 = VERTEX_POINT('',#2132);
#2132 = CARTESIAN_POINT('',(-0.843471632406,-0.75,0.206587955583));
#2133 = LINE('',#2134,#2135);
#2134 = CARTESIAN_POINT('',(-0.798480775301,-0.75,0.492364817767));
#2135 = VECTOR('',#2136,1.);
#2136 = DIRECTION('',(-0.155518033909,1.779496044609E-18,-0.987833053268
    ));
#2137 = ORIENTED_EDGE('',*,*,#2138,.F.);
#2138 = EDGE_CURVE('',#2057,#2131,#2139,.T.);
#2139 = LINE('',#2140,#2141);
#2140 = CARTESIAN_POINT('',(-0.843471632406,-1.15,0.206587955583));
#2141 = VECTOR('',#2142,1.);
#2142 = DIRECTION('',(1.144237745222E-17,1.,0.));
#2143 = ORIENTED_EDGE('',*,*,#2056,.F.);
#2144 = PLANE('',#2145);
#2145 = AXIS2_PLACEMENT_3D('',#2146,#2147,#2148);
#2146 = CARTESIAN_POINT('',(-0.798480775301,-1.15,0.492364817767));
#2147 = DIRECTION('',(-0.987833053268,1.130315865527E-17,0.155518033909)
  );
#2148 = DIRECTION('',(-0.155518033909,1.779496044609E-18,-0.987833053268
    ));
#2149 = ADVANCED_FACE('',(#2150),#2212,.T.);
#2150 = FACE_BOUND('',#2151,.T.);
#2151 = EDGE_LOOP('',(#2152,#2153,#2154,#2155,#2164,#2172,#2180,#2188,
    #2197,#2205));
#2152 = ORIENTED_EDGE('',*,*,#1573,.F.);
#2153 = ORIENTED_EDGE('',*,*,#1541,.T.);
#2154 = ORIENTED_EDGE('',*,*,#2130,.T.);
#2155 = ORIENTED_EDGE('',*,*,#2156,.T.);
#2156 = EDGE_CURVE('',#2131,#2157,#2159,.T.);
#2157 = VERTEX_POINT('',#2158);
#2158 = CARTESIAN_POINT('',(-1.089673570659,-0.75,5.551115123126E-17));
#2159 = CIRCLE('',#2160,0.25);
#2160 = AXIS2_PLACEMENT_3D('',#2161,#2162,#2163);
#2161 = CARTESIAN_POINT('',(-1.089673570659,-0.75,0.25));
#2162 = DIRECTION('',(1.144237745222E-17,1.,3.851859888774E-34));
#2163 = DIRECTION('',(0.984807753012,-1.126854202784E-17,-0.173648177667
    ));
#2164 = ORIENTED_EDGE('',*,*,#2165,.T.);
#2165 = EDGE_CURVE('',#2157,#2166,#2168,.T.);
#2166 = VERTEX_POINT('',#2167);
#2167 = CARTESIAN_POINT('',(-1.25,-0.75,5.551115123126E-17));
#2168 = LINE('',#2169,#2170);
#2169 = CARTESIAN_POINT('',(-1.089673570659,-0.75,5.551115123126E-17));
#2170 = VECTOR('',#2171,1.);
#2171 = DIRECTION('',(-1.,1.144237745222E-17,0.));
#2172 = ORIENTED_EDGE('',*,*,#2173,.T.);
#2173 = EDGE_CURVE('',#2166,#2174,#2176,.T.);
#2174 = VERTEX_POINT('',#2175);
#2175 = CARTESIAN_POINT('',(-1.25,-0.75,0.15));
#2176 = LINE('',#2177,#2178);
#2177 = CARTESIAN_POINT('',(-1.25,-0.75,5.551115123126E-17));
#2178 = VECTOR('',#2179,1.);
#2179 = DIRECTION('',(0.,0.,1.));
#2180 = ORIENTED_EDGE('',*,*,#2181,.T.);
#2181 = EDGE_CURVE('',#2174,#2182,#2184,.T.);
#2182 = VERTEX_POINT('',#2183);
#2183 = CARTESIAN_POINT('',(-1.089673570659,-0.75,0.15));
#2184 = LINE('',#2185,#2186);
#2185 = CARTESIAN_POINT('',(-1.25,-0.75,0.15));
#2186 = VECTOR('',#2187,1.);
#2187 = DIRECTION('',(1.,-1.144237745222E-17,0.));
#2188 = ORIENTED_EDGE('',*,*,#2189,.T.);
#2189 = EDGE_CURVE('',#2182,#2190,#2192,.T.);
#2190 = VERTEX_POINT('',#2191);
#2191 = CARTESIAN_POINT('',(-0.991192795358,-0.75,0.232635182233));
#2192 = CIRCLE('',#2193,0.1);
#2193 = AXIS2_PLACEMENT_3D('',#2194,#2195,#2196);
#2194 = CARTESIAN_POINT('',(-1.089673570659,-0.75,0.25));
#2195 = DIRECTION('',(-1.144237745222E-17,-1.,1.094764425254E-47));
#2196 = DIRECTION('',(-2.22044604925E-15,2.540718180781E-32,-1.));
#2197 = ORIENTED_EDGE('',*,*,#2198,.T.);
#2198 = EDGE_CURVE('',#2190,#2199,#2201,.T.);
#2199 = VERTEX_POINT('',#2200);
#2200 = CARTESIAN_POINT('',(-0.946201938253,-0.75,0.518412044417));
#2201 = LINE('',#2202,#2203);
#2202 = CARTESIAN_POINT('',(-0.991192795358,-0.75,0.232635182233));
#2203 = VECTOR('',#2204,1.);
#2204 = DIRECTION('',(0.155518033909,-1.779496044609E-18,0.987833053268)
  );
#2205 = ORIENTED_EDGE('',*,*,#2206,.T.);
#2206 = EDGE_CURVE('',#2199,#1574,#2207,.T.);
#2207 = CIRCLE('',#2208,0.25);
#2208 = AXIS2_PLACEMENT_3D('',#2209,#2210,#2211);
#2209 = CARTESIAN_POINT('',(-0.7,-0.75,0.475));
#2210 = DIRECTION('',(1.144237745222E-17,1.,0.));
#2211 = DIRECTION('',(-0.984807753012,1.126854202784E-17,0.173648177667)
  );
#2212 = PLANE('',#2213);
#2213 = AXIS2_PLACEMENT_3D('',#2214,#2215,#2216);
#2214 = CARTESIAN_POINT('',(-0.931323080229,-0.75,0.33452717391));
#2215 = DIRECTION('',(1.144237745222E-17,1.,0.));
#2216 = DIRECTION('',(0.,-0.,1.));
#2217 = ADVANCED_FACE('',(#2218),#2229,.F.);
#2218 = FACE_BOUND('',#2219,.F.);
#2219 = EDGE_LOOP('',(#2220,#2221,#2222,#2223));
#2220 = ORIENTED_EDGE('',*,*,#1590,.T.);
#2221 = ORIENTED_EDGE('',*,*,#1797,.T.);
#2222 = ORIENTED_EDGE('',*,*,#1844,.F.);
#2223 = ORIENTED_EDGE('',*,*,#2224,.F.);
#2224 = EDGE_CURVE('',#1574,#1837,#2225,.T.);
#2225 = LINE('',#2226,#2227);
#2226 = CARTESIAN_POINT('',(-0.7,-0.75,0.725));
#2227 = VECTOR('',#2228,1.);
#2228 = DIRECTION('',(1.,-1.144237745222E-17,0.));
#2229 = PLANE('',#2230);
#2230 = AXIS2_PLACEMENT_3D('',#2231,#2232,#2233);
#2231 = CARTESIAN_POINT('',(-1.486299604971E-16,1.4875,0.725));
#2232 = DIRECTION('',(1.022886882533E-31,-6.310887241768E-27,-1.));
#2233 = DIRECTION('',(1.,1.217738924546E-16,1.022886882525E-31));
#2234 = ADVANCED_FACE('',(#2235),#2304,.F.);
#2235 = FACE_BOUND('',#2236,.F.);
#2236 = EDGE_LOOP('',(#2237,#2238,#2239,#2247,#2256,#2264,#2272,#2280,
    #2289,#2297));
#2237 = ORIENTED_EDGE('',*,*,#1582,.F.);
#2238 = ORIENTED_EDGE('',*,*,#1622,.T.);
#2239 = ORIENTED_EDGE('',*,*,#2240,.T.);
#2240 = EDGE_CURVE('',#1615,#2241,#2243,.T.);
#2241 = VERTEX_POINT('',#2242);
#2242 = CARTESIAN_POINT('',(-0.843471632406,0.75,0.206587955583));
#2243 = LINE('',#2244,#2245);
#2244 = CARTESIAN_POINT('',(-0.798480775301,0.75,0.492364817767));
#2245 = VECTOR('',#2246,1.);
#2246 = DIRECTION('',(-0.155518033909,1.779496044609E-18,-0.987833053268
    ));
#2247 = ORIENTED_EDGE('',*,*,#2248,.T.);
#2248 = EDGE_CURVE('',#2241,#2249,#2251,.T.);
#2249 = VERTEX_POINT('',#2250);
#2250 = CARTESIAN_POINT('',(-1.089673570659,0.75,5.551115123126E-17));
#2251 = CIRCLE('',#2252,0.25);
#2252 = AXIS2_PLACEMENT_3D('',#2253,#2254,#2255);
#2253 = CARTESIAN_POINT('',(-1.089673570659,0.75,0.25));
#2254 = DIRECTION('',(1.144237745222E-17,1.,3.851859888774E-34));
#2255 = DIRECTION('',(0.984807753012,-1.126854202784E-17,-0.173648177667
    ));
#2256 = ORIENTED_EDGE('',*,*,#2257,.T.);
#2257 = EDGE_CURVE('',#2249,#2258,#2260,.T.);
#2258 = VERTEX_POINT('',#2259);
#2259 = CARTESIAN_POINT('',(-1.25,0.75,5.551115123126E-17));
#2260 = LINE('',#2261,#2262);
#2261 = CARTESIAN_POINT('',(-1.089673570659,0.75,5.551115123126E-17));
#2262 = VECTOR('',#2263,1.);
#2263 = DIRECTION('',(-1.,1.144237745222E-17,0.));
#2264 = ORIENTED_EDGE('',*,*,#2265,.T.);
#2265 = EDGE_CURVE('',#2258,#2266,#2268,.T.);
#2266 = VERTEX_POINT('',#2267);
#2267 = CARTESIAN_POINT('',(-1.25,0.75,0.15));
#2268 = LINE('',#2269,#2270);
#2269 = CARTESIAN_POINT('',(-1.25,0.75,5.551115123126E-17));
#2270 = VECTOR('',#2271,1.);
#2271 = DIRECTION('',(0.,0.,1.));
#2272 = ORIENTED_EDGE('',*,*,#2273,.T.);
#2273 = EDGE_CURVE('',#2266,#2274,#2276,.T.);
#2274 = VERTEX_POINT('',#2275);
#2275 = CARTESIAN_POINT('',(-1.089673570659,0.75,0.15));
#2276 = LINE('',#2277,#2278);
#2277 = CARTESIAN_POINT('',(-1.25,0.75,0.15));
#2278 = VECTOR('',#2279,1.);
#2279 = DIRECTION('',(1.,-1.144237745222E-17,0.));
#2280 = ORIENTED_EDGE('',*,*,#2281,.T.);
#2281 = EDGE_CURVE('',#2274,#2282,#2284,.T.);
#2282 = VERTEX_POINT('',#2283);
#2283 = CARTESIAN_POINT('',(-0.991192795358,0.75,0.232635182233));
#2284 = CIRCLE('',#2285,0.1);
#2285 = AXIS2_PLACEMENT_3D('',#2286,#2287,#2288);
#2286 = CARTESIAN_POINT('',(-1.089673570659,0.75,0.25));
#2287 = DIRECTION('',(-1.144237745222E-17,-1.,1.094764425254E-47));
#2288 = DIRECTION('',(-2.22044604925E-15,2.540718180781E-32,-1.));
#2289 = ORIENTED_EDGE('',*,*,#2290,.T.);
#2290 = EDGE_CURVE('',#2282,#2291,#2293,.T.);
#2291 = VERTEX_POINT('',#2292);
#2292 = CARTESIAN_POINT('',(-0.946201938253,0.75,0.518412044417));
#2293 = LINE('',#2294,#2295);
#2294 = CARTESIAN_POINT('',(-0.991192795358,0.75,0.232635182233));
#2295 = VECTOR('',#2296,1.);
#2296 = DIRECTION('',(0.155518033909,-1.779496044609E-18,0.987833053268)
  );
#2297 = ORIENTED_EDGE('',*,*,#2298,.T.);
#2298 = EDGE_CURVE('',#2291,#1583,#2299,.T.);
#2299 = CIRCLE('',#2300,0.25);
#2300 = AXIS2_PLACEMENT_3D('',#2301,#2302,#2303);
#2301 = CARTESIAN_POINT('',(-0.7,0.75,0.475));
#2302 = DIRECTION('',(1.144237745222E-17,1.,0.));
#2303 = DIRECTION('',(-0.984807753012,1.126854202784E-17,0.173648177667)
  );
#2304 = PLANE('',#2305);
#2305 = AXIS2_PLACEMENT_3D('',#2306,#2307,#2308);
#2306 = CARTESIAN_POINT('',(-0.931323080229,0.75,0.33452717391));
#2307 = DIRECTION('',(1.144237745222E-17,1.,0.));
#2308 = DIRECTION('',(0.,-0.,1.));
#2309 = ADVANCED_FACE('',(#2310),#2328,.F.);
#2310 = FACE_BOUND('',#2311,.F.);
#2311 = EDGE_LOOP('',(#2312,#2313,#2321,#2327));
#2312 = ORIENTED_EDGE('',*,*,#1614,.T.);
#2313 = ORIENTED_EDGE('',*,*,#2314,.T.);
#2314 = EDGE_CURVE('',#1606,#2315,#2317,.T.);
#2315 = VERTEX_POINT('',#2316);
#2316 = CARTESIAN_POINT('',(-0.843471632406,1.15,0.206587955583));
#2317 = LINE('',#2318,#2319);
#2318 = CARTESIAN_POINT('',(-0.798480775301,1.15,0.492364817767));
#2319 = VECTOR('',#2320,1.);
#2320 = DIRECTION('',(-0.155518033909,1.779496044609E-18,-0.987833053268
    ));
#2321 = ORIENTED_EDGE('',*,*,#2322,.F.);
#2322 = EDGE_CURVE('',#2241,#2315,#2323,.T.);
#2323 = LINE('',#2324,#2325);
#2324 = CARTESIAN_POINT('',(-0.843471632406,0.75,0.206587955583));
#2325 = VECTOR('',#2326,1.);
#2326 = DIRECTION('',(1.144237745222E-17,1.,0.));
#2327 = ORIENTED_EDGE('',*,*,#2240,.F.);
#2328 = PLANE('',#2329);
#2329 = AXIS2_PLACEMENT_3D('',#2330,#2331,#2332);
#2330 = CARTESIAN_POINT('',(-0.798480775301,0.75,0.492364817767));
#2331 = DIRECTION('',(-0.987833053268,1.130315865527E-17,0.155518033909)
  );
#2332 = DIRECTION('',(-0.155518033909,1.779496044609E-18,-0.987833053268
    ));
#2333 = ADVANCED_FACE('',(#2334),#2396,.T.);
#2334 = FACE_BOUND('',#2335,.T.);
#2335 = EDGE_LOOP('',(#2336,#2337,#2338,#2339,#2348,#2356,#2364,#2372,
    #2381,#2389));
#2336 = ORIENTED_EDGE('',*,*,#1637,.F.);
#2337 = ORIENTED_EDGE('',*,*,#1605,.T.);
#2338 = ORIENTED_EDGE('',*,*,#2314,.T.);
#2339 = ORIENTED_EDGE('',*,*,#2340,.T.);
#2340 = EDGE_CURVE('',#2315,#2341,#2343,.T.);
#2341 = VERTEX_POINT('',#2342);
#2342 = CARTESIAN_POINT('',(-1.089673570659,1.15,5.551115123126E-17));
#2343 = CIRCLE('',#2344,0.25);
#2344 = AXIS2_PLACEMENT_3D('',#2345,#2346,#2347);
#2345 = CARTESIAN_POINT('',(-1.089673570659,1.15,0.25));
#2346 = DIRECTION('',(1.144237745222E-17,1.,3.851859888774E-34));
#2347 = DIRECTION('',(0.984807753012,-1.126854202784E-17,-0.173648177667
    ));
#2348 = ORIENTED_EDGE('',*,*,#2349,.T.);
#2349 = EDGE_CURVE('',#2341,#2350,#2352,.T.);
#2350 = VERTEX_POINT('',#2351);
#2351 = CARTESIAN_POINT('',(-1.25,1.15,5.551115123126E-17));
#2352 = LINE('',#2353,#2354);
#2353 = CARTESIAN_POINT('',(-1.089673570659,1.15,5.551115123126E-17));
#2354 = VECTOR('',#2355,1.);
#2355 = DIRECTION('',(-1.,1.144237745222E-17,0.));
#2356 = ORIENTED_EDGE('',*,*,#2357,.T.);
#2357 = EDGE_CURVE('',#2350,#2358,#2360,.T.);
#2358 = VERTEX_POINT('',#2359);
#2359 = CARTESIAN_POINT('',(-1.25,1.15,0.15));
#2360 = LINE('',#2361,#2362);
#2361 = CARTESIAN_POINT('',(-1.25,1.15,5.551115123126E-17));
#2362 = VECTOR('',#2363,1.);
#2363 = DIRECTION('',(0.,0.,1.));
#2364 = ORIENTED_EDGE('',*,*,#2365,.T.);
#2365 = EDGE_CURVE('',#2358,#2366,#2368,.T.);
#2366 = VERTEX_POINT('',#2367);
#2367 = CARTESIAN_POINT('',(-1.089673570659,1.15,0.15));
#2368 = LINE('',#2369,#2370);
#2369 = CARTESIAN_POINT('',(-1.25,1.15,0.15));
#2370 = VECTOR('',#2371,1.);
#2371 = DIRECTION('',(1.,-1.144237745222E-17,0.));
#2372 = ORIENTED_EDGE('',*,*,#2373,.T.);
#2373 = EDGE_CURVE('',#2366,#2374,#2376,.T.);
#2374 = VERTEX_POINT('',#2375);
#2375 = CARTESIAN_POINT('',(-0.991192795358,1.15,0.232635182233));
#2376 = CIRCLE('',#2377,0.1);
#2377 = AXIS2_PLACEMENT_3D('',#2378,#2379,#2380);
#2378 = CARTESIAN_POINT('',(-1.089673570659,1.15,0.25));
#2379 = DIRECTION('',(-1.144237745222E-17,-1.,1.094764425254E-47));
#2380 = DIRECTION('',(-2.22044604925E-15,2.540718180781E-32,-1.));
#2381 = ORIENTED_EDGE('',*,*,#2382,.T.);
#2382 = EDGE_CURVE('',#2374,#2383,#2385,.T.);
#2383 = VERTEX_POINT('',#2384);
#2384 = CARTESIAN_POINT('',(-0.946201938253,1.15,0.518412044417));
#2385 = LINE('',#2386,#2387);
#2386 = CARTESIAN_POINT('',(-0.991192795358,1.15,0.232635182233));
#2387 = VECTOR('',#2388,1.);
#2388 = DIRECTION('',(0.155518033909,-1.779496044609E-18,0.987833053268)
  );
#2389 = ORIENTED_EDGE('',*,*,#2390,.T.);
#2390 = EDGE_CURVE('',#2383,#1473,#2391,.T.);
#2391 = CIRCLE('',#2392,0.25);
#2392 = AXIS2_PLACEMENT_3D('',#2393,#2394,#2395);
#2393 = CARTESIAN_POINT('',(-0.7,1.15,0.475));
#2394 = DIRECTION('',(1.144237745222E-17,1.,0.));
#2395 = DIRECTION('',(-0.984807753012,1.126854202784E-17,0.173648177667)
  );
#2396 = PLANE('',#2397);
#2397 = AXIS2_PLACEMENT_3D('',#2398,#2399,#2400);
#2398 = CARTESIAN_POINT('',(-0.931323080229,1.15,0.33452717391));
#2399 = DIRECTION('',(1.144237745222E-17,1.,0.));
#2400 = DIRECTION('',(0.,-0.,1.));
#2401 = ADVANCED_FACE('',(#2402),#2471,.F.);
#2402 = FACE_BOUND('',#2403,.F.);
#2403 = EDGE_LOOP('',(#2404,#2405,#2406,#2414,#2423,#2431,#2439,#2447,
    #2456,#2464));
#2404 = ORIENTED_EDGE('',*,*,#1656,.F.);
#2405 = ORIENTED_EDGE('',*,*,#1689,.T.);
#2406 = ORIENTED_EDGE('',*,*,#2407,.T.);
#2407 = EDGE_CURVE('',#1682,#2408,#2410,.T.);
#2408 = VERTEX_POINT('',#2409);
#2409 = CARTESIAN_POINT('',(0.843471632406,0.2,0.206587955583));
#2410 = LINE('',#2411,#2412);
#2411 = CARTESIAN_POINT('',(0.798480775301,0.2,0.492364817767));
#2412 = VECTOR('',#2413,1.);
#2413 = DIRECTION('',(0.155518033909,1.726597019897E-17,-0.987833053268)
  );
#2414 = ORIENTED_EDGE('',*,*,#2415,.T.);
#2415 = EDGE_CURVE('',#2408,#2416,#2418,.T.);
#2416 = VERTEX_POINT('',#2417);
#2417 = CARTESIAN_POINT('',(1.089673570659,0.2,5.551115123126E-17));
#2418 = CIRCLE('',#2419,0.25);
#2419 = AXIS2_PLACEMENT_3D('',#2420,#2421,#2422);
#2420 = CARTESIAN_POINT('',(1.089673570659,0.2,0.25));
#2421 = DIRECTION('',(1.110223024625E-16,-1.,0.));
#2422 = DIRECTION('',(-0.984807753012,-1.093356242223E-16,
    -0.173648177667));
#2423 = ORIENTED_EDGE('',*,*,#2424,.T.);
#2424 = EDGE_CURVE('',#2416,#2425,#2427,.T.);
#2425 = VERTEX_POINT('',#2426);
#2426 = CARTESIAN_POINT('',(1.25,0.2,5.551115123126E-17));
#2427 = LINE('',#2428,#2429);
#2428 = CARTESIAN_POINT('',(1.089673570659,0.2,5.551115123126E-17));
#2429 = VECTOR('',#2430,1.);
#2430 = DIRECTION('',(1.,1.110223024625E-16,0.));
#2431 = ORIENTED_EDGE('',*,*,#2432,.T.);
#2432 = EDGE_CURVE('',#2425,#2433,#2435,.T.);
#2433 = VERTEX_POINT('',#2434);
#2434 = CARTESIAN_POINT('',(1.25,0.2,0.15));
#2435 = LINE('',#2436,#2437);
#2436 = CARTESIAN_POINT('',(1.25,0.2,5.551115123126E-17));
#2437 = VECTOR('',#2438,1.);
#2438 = DIRECTION('',(0.,0.,1.));
#2439 = ORIENTED_EDGE('',*,*,#2440,.T.);
#2440 = EDGE_CURVE('',#2433,#2441,#2443,.T.);
#2441 = VERTEX_POINT('',#2442);
#2442 = CARTESIAN_POINT('',(1.089673570659,0.2,0.15));
#2443 = LINE('',#2444,#2445);
#2444 = CARTESIAN_POINT('',(1.25,0.2,0.15));
#2445 = VECTOR('',#2446,1.);
#2446 = DIRECTION('',(-1.,-1.110223024625E-16,0.));
#2447 = ORIENTED_EDGE('',*,*,#2448,.T.);
#2448 = EDGE_CURVE('',#2441,#2449,#2451,.T.);
#2449 = VERTEX_POINT('',#2450);
#2450 = CARTESIAN_POINT('',(0.991192795358,0.2,0.232635182233));
#2451 = CIRCLE('',#2452,0.1);
#2452 = AXIS2_PLACEMENT_3D('',#2453,#2454,#2455);
#2453 = CARTESIAN_POINT('',(1.089673570659,0.2,0.25));
#2454 = DIRECTION('',(-1.110223024625E-16,1.,0.));
#2455 = DIRECTION('',(2.22044604925E-15,2.465190328815E-31,-1.));
#2456 = ORIENTED_EDGE('',*,*,#2457,.T.);
#2457 = EDGE_CURVE('',#2449,#2458,#2460,.T.);
#2458 = VERTEX_POINT('',#2459);
#2459 = CARTESIAN_POINT('',(0.946201938253,0.2,0.518412044417));
#2460 = LINE('',#2461,#2462);
#2461 = CARTESIAN_POINT('',(0.991192795358,0.2,0.232635182233));
#2462 = VECTOR('',#2463,1.);
#2463 = DIRECTION('',(-0.155518033909,-1.726597019897E-17,0.987833053268
    ));
#2464 = ORIENTED_EDGE('',*,*,#2465,.T.);
#2465 = EDGE_CURVE('',#2458,#1417,#2466,.T.);
#2466 = CIRCLE('',#2467,0.25);
#2467 = AXIS2_PLACEMENT_3D('',#2468,#2469,#2470);
#2468 = CARTESIAN_POINT('',(0.7,0.2,0.475));
#2469 = DIRECTION('',(1.110223024625E-16,-1.,0.));
#2470 = DIRECTION('',(0.984807753012,1.093356242223E-16,0.173648177667)
  );
#2471 = PLANE('',#2472);
#2472 = AXIS2_PLACEMENT_3D('',#2473,#2474,#2475);
#2473 = CARTESIAN_POINT('',(0.931323080229,0.2,0.33452717391));
#2474 = DIRECTION('',(1.110223024625E-16,-1.,0.));
#2475 = DIRECTION('',(0.,0.,1.));
#2476 = ADVANCED_FACE('',(#2477),#2495,.F.);
#2477 = FACE_BOUND('',#2478,.F.);
#2478 = EDGE_LOOP('',(#2479,#2480,#2488,#2494));
#2479 = ORIENTED_EDGE('',*,*,#1681,.T.);
#2480 = ORIENTED_EDGE('',*,*,#2481,.T.);
#2481 = EDGE_CURVE('',#1673,#2482,#2484,.T.);
#2482 = VERTEX_POINT('',#2483);
#2483 = CARTESIAN_POINT('',(0.843471632406,-0.2,0.206587955583));
#2484 = LINE('',#2485,#2486);
#2485 = CARTESIAN_POINT('',(0.798480775301,-0.2,0.492364817767));
#2486 = VECTOR('',#2487,1.);
#2487 = DIRECTION('',(0.155518033909,1.726597019897E-17,-0.987833053268)
  );
#2488 = ORIENTED_EDGE('',*,*,#2489,.F.);
#2489 = EDGE_CURVE('',#2408,#2482,#2490,.T.);
#2490 = LINE('',#2491,#2492);
#2491 = CARTESIAN_POINT('',(0.843471632406,0.2,0.206587955583));
#2492 = VECTOR('',#2493,1.);
#2493 = DIRECTION('',(1.110223024625E-16,-1.,0.));
#2494 = ORIENTED_EDGE('',*,*,#2407,.F.);
#2495 = PLANE('',#2496);
#2496 = AXIS2_PLACEMENT_3D('',#2497,#2498,#2499);
#2497 = CARTESIAN_POINT('',(0.798480775301,0.2,0.492364817767));
#2498 = DIRECTION('',(0.987833053268,1.096715000224E-16,0.155518033909)
  );
#2499 = DIRECTION('',(0.155518033909,1.726597019897E-17,-0.987833053268)
  );
#2500 = ADVANCED_FACE('',(#2501),#2563,.T.);
#2501 = FACE_BOUND('',#2502,.T.);
#2502 = EDGE_LOOP('',(#2503,#2504,#2505,#2506,#2515,#2523,#2531,#2539,
    #2548,#2556));
#2503 = ORIENTED_EDGE('',*,*,#1704,.F.);
#2504 = ORIENTED_EDGE('',*,*,#1672,.T.);
#2505 = ORIENTED_EDGE('',*,*,#2481,.T.);
#2506 = ORIENTED_EDGE('',*,*,#2507,.T.);
#2507 = EDGE_CURVE('',#2482,#2508,#2510,.T.);
#2508 = VERTEX_POINT('',#2509);
#2509 = CARTESIAN_POINT('',(1.089673570659,-0.2,5.551115123126E-17));
#2510 = CIRCLE('',#2511,0.25);
#2511 = AXIS2_PLACEMENT_3D('',#2512,#2513,#2514);
#2512 = CARTESIAN_POINT('',(1.089673570659,-0.2,0.25));
#2513 = DIRECTION('',(1.110223024625E-16,-1.,0.));
#2514 = DIRECTION('',(-0.984807753012,-1.093356242223E-16,
    -0.173648177667));
#2515 = ORIENTED_EDGE('',*,*,#2516,.T.);
#2516 = EDGE_CURVE('',#2508,#2517,#2519,.T.);
#2517 = VERTEX_POINT('',#2518);
#2518 = CARTESIAN_POINT('',(1.25,-0.2,5.551115123126E-17));
#2519 = LINE('',#2520,#2521);
#2520 = CARTESIAN_POINT('',(1.089673570659,-0.2,5.551115123126E-17));
#2521 = VECTOR('',#2522,1.);
#2522 = DIRECTION('',(1.,1.110223024625E-16,0.));
#2523 = ORIENTED_EDGE('',*,*,#2524,.T.);
#2524 = EDGE_CURVE('',#2517,#2525,#2527,.T.);
#2525 = VERTEX_POINT('',#2526);
#2526 = CARTESIAN_POINT('',(1.25,-0.2,0.15));
#2527 = LINE('',#2528,#2529);
#2528 = CARTESIAN_POINT('',(1.25,-0.2,5.551115123126E-17));
#2529 = VECTOR('',#2530,1.);
#2530 = DIRECTION('',(0.,0.,1.));
#2531 = ORIENTED_EDGE('',*,*,#2532,.T.);
#2532 = EDGE_CURVE('',#2525,#2533,#2535,.T.);
#2533 = VERTEX_POINT('',#2534);
#2534 = CARTESIAN_POINT('',(1.089673570659,-0.2,0.15));
#2535 = LINE('',#2536,#2537);
#2536 = CARTESIAN_POINT('',(1.25,-0.2,0.15));
#2537 = VECTOR('',#2538,1.);
#2538 = DIRECTION('',(-1.,-1.110223024625E-16,0.));
#2539 = ORIENTED_EDGE('',*,*,#2540,.T.);
#2540 = EDGE_CURVE('',#2533,#2541,#2543,.T.);
#2541 = VERTEX_POINT('',#2542);
#2542 = CARTESIAN_POINT('',(0.991192795358,-0.2,0.232635182233));
#2543 = CIRCLE('',#2544,0.1);
#2544 = AXIS2_PLACEMENT_3D('',#2545,#2546,#2547);
#2545 = CARTESIAN_POINT('',(1.089673570659,-0.2,0.25));
#2546 = DIRECTION('',(-1.110223024625E-16,1.,0.));
#2547 = DIRECTION('',(2.22044604925E-15,2.465190328815E-31,-1.));
#2548 = ORIENTED_EDGE('',*,*,#2549,.T.);
#2549 = EDGE_CURVE('',#2541,#2550,#2552,.T.);
#2550 = VERTEX_POINT('',#2551);
#2551 = CARTESIAN_POINT('',(0.946201938253,-0.2,0.518412044417));
#2552 = LINE('',#2553,#2554);
#2553 = CARTESIAN_POINT('',(0.991192795358,-0.2,0.232635182233));
#2554 = VECTOR('',#2555,1.);
#2555 = DIRECTION('',(-0.155518033909,-1.726597019897E-17,0.987833053268
    ));
#2556 = ORIENTED_EDGE('',*,*,#2557,.T.);
#2557 = EDGE_CURVE('',#2550,#1705,#2558,.T.);
#2558 = CIRCLE('',#2559,0.25);
#2559 = AXIS2_PLACEMENT_3D('',#2560,#2561,#2562);
#2560 = CARTESIAN_POINT('',(0.7,-0.2,0.475));
#2561 = DIRECTION('',(1.110223024625E-16,-1.,0.));
#2562 = DIRECTION('',(0.984807753012,1.093356242223E-16,0.173648177667)
  );
#2563 = PLANE('',#2564);
#2564 = AXIS2_PLACEMENT_3D('',#2565,#2566,#2567);
#2565 = CARTESIAN_POINT('',(0.931323080229,-0.2,0.33452717391));
#2566 = DIRECTION('',(1.110223024625E-16,-1.,0.));
#2567 = DIRECTION('',(0.,0.,1.));
#2568 = ADVANCED_FACE('',(#2569),#2580,.T.);
#2569 = FACE_BOUND('',#2570,.T.);
#2570 = EDGE_LOOP('',(#2571,#2572,#2573,#2574));
#2571 = ORIENTED_EDGE('',*,*,#2298,.T.);
#2572 = ORIENTED_EDGE('',*,*,#1805,.T.);
#2573 = ORIENTED_EDGE('',*,*,#2390,.F.);
#2574 = ORIENTED_EDGE('',*,*,#2575,.F.);
#2575 = EDGE_CURVE('',#2291,#2383,#2576,.T.);
#2576 = LINE('',#2577,#2578);
#2577 = CARTESIAN_POINT('',(-0.946201938253,0.75,0.518412044417));
#2578 = VECTOR('',#2579,1.);
#2579 = DIRECTION('',(1.144237745222E-17,1.,0.));
#2580 = CYLINDRICAL_SURFACE('',#2581,0.25);
#2581 = AXIS2_PLACEMENT_3D('',#2582,#2583,#2584);
#2582 = CARTESIAN_POINT('',(-0.7,0.75,0.475));
#2583 = DIRECTION('',(-1.144237745222E-17,-1.,0.));
#2584 = DIRECTION('',(-0.984807753012,1.126854202784E-17,0.173648177667)
  );
#2585 = ADVANCED_FACE('',(#2586),#2597,.F.);
#2586 = FACE_BOUND('',#2587,.F.);
#2587 = EDGE_LOOP('',(#2588,#2589,#2595,#2596));
#2588 = ORIENTED_EDGE('',*,*,#2016,.F.);
#2589 = ORIENTED_EDGE('',*,*,#2590,.T.);
#2590 = EDGE_CURVE('',#1519,#1574,#2591,.T.);
#2591 = LINE('',#2592,#2593);
#2592 = CARTESIAN_POINT('',(-0.7,-1.15,0.725));
#2593 = VECTOR('',#2594,1.);
#2594 = DIRECTION('',(1.144237745222E-17,1.,0.));
#2595 = ORIENTED_EDGE('',*,*,#2224,.T.);
#2596 = ORIENTED_EDGE('',*,*,#1836,.F.);
#2597 = PLANE('',#2598);
#2598 = AXIS2_PLACEMENT_3D('',#2599,#2600,#2601);
#2599 = CARTESIAN_POINT('',(-0.7,-1.15,0.725));
#2600 = DIRECTION('',(0.,0.,-1.));
#2601 = DIRECTION('',(1.,-1.144237745222E-17,0.));
#2602 = ADVANCED_FACE('',(#2603,#2632),#2643,.T.);
#2603 = FACE_BOUND('',#2604,.T.);
#2604 = EDGE_LOOP('',(#2605,#2606,#2607,#2608,#2616,#2624,#2630,#2631));
#2605 = ORIENTED_EDGE('',*,*,#1911,.F.);
#2606 = ORIENTED_EDGE('',*,*,#1888,.F.);
#2607 = ORIENTED_EDGE('',*,*,#1859,.F.);
#2608 = ORIENTED_EDGE('',*,*,#2609,.F.);
#2609 = EDGE_CURVE('',#2610,#1860,#2612,.T.);
#2610 = VERTEX_POINT('',#2611);
#2611 = CARTESIAN_POINT('',(-0.559121551758,-1.408243103516,1.2));
#2612 = LINE('',#2613,#2614);
#2613 = CARTESIAN_POINT('',(-0.559121551758,-1.408243103516,1.2));
#2614 = VECTOR('',#2615,1.);
#2615 = DIRECTION('',(-0.707106781187,0.707106781187,0.));
#2616 = ORIENTED_EDGE('',*,*,#2617,.F.);
#2617 = EDGE_CURVE('',#2618,#2610,#2620,.T.);
#2618 = VERTEX_POINT('',#2619);
#2619 = CARTESIAN_POINT('',(0.559121551758,-1.408243103516,1.2));
#2620 = LINE('',#2621,#2622);
#2621 = CARTESIAN_POINT('',(0.559121551758,-1.408243103516,1.2));
#2622 = VECTOR('',#2623,1.);
#2623 = DIRECTION('',(-1.,-1.110223024625E-16,0.));
#2624 = ORIENTED_EDGE('',*,*,#2625,.F.);
#2625 = EDGE_CURVE('',#1967,#2618,#2626,.T.);
#2626 = LINE('',#2627,#2628);
#2627 = CARTESIAN_POINT('',(0.608243103516,-1.359121551758,1.2));
#2628 = VECTOR('',#2629,1.);
#2629 = DIRECTION('',(-0.707106781187,-0.707106781187,0.));
#2630 = ORIENTED_EDGE('',*,*,#1973,.F.);
#2631 = ORIENTED_EDGE('',*,*,#1934,.F.);
#2632 = FACE_BOUND('',#2633,.T.);
#2633 = EDGE_LOOP('',(#2634));
#2634 = ORIENTED_EDGE('',*,*,#2635,.T.);
#2635 = EDGE_CURVE('',#2636,#2636,#2638,.T.);
#2636 = VERTEX_POINT('',#2637);
#2637 = CARTESIAN_POINT('',(-0.428243103516,1.178243103516,1.2));
#2638 = CIRCLE('',#2639,5.E-02);
#2639 = AXIS2_PLACEMENT_3D('',#2640,#2641,#2642);
#2640 = CARTESIAN_POINT('',(-0.428243103516,1.228243103516,1.2));
#2641 = DIRECTION('',(0.,-0.,-1.));
#2642 = DIRECTION('',(1.110223024625E-16,-1.,0.));
#2643 = PLANE('',#2644);
#2644 = AXIS2_PLACEMENT_3D('',#2645,#2646,#2647);
#2645 = CARTESIAN_POINT('',(-0.559121551758,1.408243103516,1.2));
#2646 = DIRECTION('',(0.,0.,1.));
#2647 = DIRECTION('',(0.369013679242,-0.929423963825,0.));
#2648 = ADVANCED_FACE('',(#2649),#2659,.F.);
#2649 = FACE_BOUND('',#2650,.F.);
#2650 = EDGE_LOOP('',(#2651,#2652,#2653,#2654));
#2651 = ORIENTED_EDGE('',*,*,#2023,.T.);
#2652 = ORIENTED_EDGE('',*,*,#1867,.T.);
#2653 = ORIENTED_EDGE('',*,*,#2609,.F.);
#2654 = ORIENTED_EDGE('',*,*,#2655,.F.);
#2655 = EDGE_CURVE('',#2024,#2610,#2656,.T.);
#2656 = B_SPLINE_CURVE_WITH_KNOTS('',1,(#2657,#2658),.UNSPECIFIED.,.F.,
  .F.,(2,2),(0.,1.),.PIECEWISE_BEZIER_KNOTS.);
#2657 = CARTESIAN_POINT('',(-0.5925,-1.475,0.725));
#2658 = CARTESIAN_POINT('',(-0.559121551758,-1.408243103516,1.2));
#2659 = B_SPLINE_SURFACE_WITH_KNOTS('',1,1,(
    (#2660,#2661)
    ,(#2662,#2663
    )),.UNSPECIFIED.,.F.,.F.,.F.,(2,2),(2,2),(0.,0.116672618896),(0.,1.)
  ,.PIECEWISE_BEZIER_KNOTS.);
#2660 = CARTESIAN_POINT('',(-0.5925,-1.475,0.725));
#2661 = CARTESIAN_POINT('',(-0.559121551758,-1.408243103516,1.2));
#2662 = CARTESIAN_POINT('',(-0.675,-1.3925,0.725));
#2663 = CARTESIAN_POINT('',(-0.608243103516,-1.359121551758,1.2));
#2664 = ADVANCED_FACE('',(#2665),#2675,.F.);
#2665 = FACE_BOUND('',#2666,.F.);
#2666 = EDGE_LOOP('',(#2667,#2668,#2673,#2674));
#2667 = ORIENTED_EDGE('',*,*,#2039,.T.);
#2668 = ORIENTED_EDGE('',*,*,#2669,.T.);
#2669 = EDGE_CURVE('',#2032,#2618,#2670,.T.);
#2670 = B_SPLINE_CURVE_WITH_KNOTS('',1,(#2671,#2672),.UNSPECIFIED.,.F.,
  .F.,(2,2),(0.,1.),.PIECEWISE_BEZIER_KNOTS.);
#2671 = CARTESIAN_POINT('',(0.5925,-1.475,0.725));
#2672 = CARTESIAN_POINT('',(0.559121551758,-1.408243103516,1.2));
#2673 = ORIENTED_EDGE('',*,*,#2625,.F.);
#2674 = ORIENTED_EDGE('',*,*,#1966,.F.);
#2675 = B_SPLINE_SURFACE_WITH_KNOTS('',1,1,(
    (#2676,#2677)
    ,(#2678,#2679
    )),.UNSPECIFIED.,.F.,.F.,.F.,(2,2),(2,2),(0.,0.116672618896),(0.,1.)
  ,.PIECEWISE_BEZIER_KNOTS.);
#2676 = CARTESIAN_POINT('',(0.675,-1.3925,0.725));
#2677 = CARTESIAN_POINT('',(0.608243103516,-1.359121551758,1.2));
#2678 = CARTESIAN_POINT('',(0.5925,-1.475,0.725));
#2679 = CARTESIAN_POINT('',(0.559121551758,-1.408243103516,1.2));
#2680 = ADVANCED_FACE('',(#2681),#2692,.T.);
#2681 = FACE_BOUND('',#2682,.T.);
#2682 = EDGE_LOOP('',(#2683,#2684,#2685,#2686));
#2683 = ORIENTED_EDGE('',*,*,#2465,.T.);
#2684 = ORIENTED_EDGE('',*,*,#1989,.T.);
#2685 = ORIENTED_EDGE('',*,*,#2557,.F.);
#2686 = ORIENTED_EDGE('',*,*,#2687,.F.);
#2687 = EDGE_CURVE('',#2458,#2550,#2688,.T.);
#2688 = LINE('',#2689,#2690);
#2689 = CARTESIAN_POINT('',(0.946201938253,0.2,0.518412044417));
#2690 = VECTOR('',#2691,1.);
#2691 = DIRECTION('',(1.110223024625E-16,-1.,0.));
#2692 = CYLINDRICAL_SURFACE('',#2693,0.25);
#2693 = AXIS2_PLACEMENT_3D('',#2694,#2695,#2696);
#2694 = CARTESIAN_POINT('',(0.7,0.2,0.475));
#2695 = DIRECTION('',(-1.110223024625E-16,1.,0.));
#2696 = DIRECTION('',(0.984807753012,1.093356242223E-16,0.173648177667)
  );
#2697 = ADVANCED_FACE('',(#2698),#2704,.F.);
#2698 = FACE_BOUND('',#2699,.F.);
#2699 = EDGE_LOOP('',(#2700,#2701,#2702,#2703));
#2700 = ORIENTED_EDGE('',*,*,#2031,.T.);
#2701 = ORIENTED_EDGE('',*,*,#2655,.T.);
#2702 = ORIENTED_EDGE('',*,*,#2617,.F.);
#2703 = ORIENTED_EDGE('',*,*,#2669,.F.);
#2704 = B_SPLINE_SURFACE_WITH_KNOTS('',1,1,(
    (#2705,#2706)
    ,(#2707,#2708
    )),.UNSPECIFIED.,.F.,.F.,.F.,(2,2),(2,2),(0.,1.185),(0.,1.),
  .PIECEWISE_BEZIER_KNOTS.);
#2705 = CARTESIAN_POINT('',(0.5925,-1.475,0.725));
#2706 = CARTESIAN_POINT('',(0.559121551758,-1.408243103516,1.2));
#2707 = CARTESIAN_POINT('',(-0.5925,-1.475,0.725));
#2708 = CARTESIAN_POINT('',(-0.559121551758,-1.408243103516,1.2));
#2709 = ADVANCED_FACE('',(#2710),#2721,.T.);
#2710 = FACE_BOUND('',#2711,.T.);
#2711 = EDGE_LOOP('',(#2712,#2713,#2714,#2715));
#2712 = ORIENTED_EDGE('',*,*,#2114,.T.);
#2713 = ORIENTED_EDGE('',*,*,#2590,.T.);
#2714 = ORIENTED_EDGE('',*,*,#2206,.F.);
#2715 = ORIENTED_EDGE('',*,*,#2716,.F.);
#2716 = EDGE_CURVE('',#2107,#2199,#2717,.T.);
#2717 = LINE('',#2718,#2719);
#2718 = CARTESIAN_POINT('',(-0.946201938253,-1.15,0.518412044417));
#2719 = VECTOR('',#2720,1.);
#2720 = DIRECTION('',(1.144237745222E-17,1.,0.));
#2721 = CYLINDRICAL_SURFACE('',#2722,0.25);
#2722 = AXIS2_PLACEMENT_3D('',#2723,#2724,#2725);
#2723 = CARTESIAN_POINT('',(-0.7,-1.15,0.475));
#2724 = DIRECTION('',(-1.144237745222E-17,-1.,0.));
#2725 = DIRECTION('',(-0.984807753012,1.126854202784E-17,0.173648177667)
  );
#2726 = ADVANCED_FACE('',(#2727),#2738,.F.);
#2727 = FACE_BOUND('',#2728,.F.);
#2728 = EDGE_LOOP('',(#2729,#2735,#2736,#2737));
#2729 = ORIENTED_EDGE('',*,*,#2730,.T.);
#2730 = EDGE_CURVE('',#2098,#2190,#2731,.T.);
#2731 = LINE('',#2732,#2733);
#2732 = CARTESIAN_POINT('',(-0.991192795358,-1.15,0.232635182233));
#2733 = VECTOR('',#2734,1.);
#2734 = DIRECTION('',(1.144237745222E-17,1.,0.));
#2735 = ORIENTED_EDGE('',*,*,#2198,.T.);
#2736 = ORIENTED_EDGE('',*,*,#2716,.F.);
#2737 = ORIENTED_EDGE('',*,*,#2106,.F.);
#2738 = PLANE('',#2739);
#2739 = AXIS2_PLACEMENT_3D('',#2740,#2741,#2742);
#2740 = CARTESIAN_POINT('',(-0.991192795358,-1.15,0.232635182233));
#2741 = DIRECTION('',(0.987833053268,-1.130315865527E-17,-0.155518033909
    ));
#2742 = DIRECTION('',(0.155518033909,-1.779496044609E-18,0.987833053268)
  );
#2743 = ADVANCED_FACE('',(#2744),#2755,.F.);
#2744 = FACE_BOUND('',#2745,.F.);
#2745 = EDGE_LOOP('',(#2746,#2752,#2753,#2754));
#2746 = ORIENTED_EDGE('',*,*,#2747,.T.);
#2747 = EDGE_CURVE('',#2090,#2182,#2748,.T.);
#2748 = LINE('',#2749,#2750);
#2749 = CARTESIAN_POINT('',(-1.089673570659,-1.15,0.15));
#2750 = VECTOR('',#2751,1.);
#2751 = DIRECTION('',(1.144237745222E-17,1.,0.));
#2752 = ORIENTED_EDGE('',*,*,#2189,.T.);
#2753 = ORIENTED_EDGE('',*,*,#2730,.F.);
#2754 = ORIENTED_EDGE('',*,*,#2097,.F.);
#2755 = CYLINDRICAL_SURFACE('',#2756,0.1);
#2756 = AXIS2_PLACEMENT_3D('',#2757,#2758,#2759);
#2757 = CARTESIAN_POINT('',(-1.089673570659,-1.15,0.25));
#2758 = DIRECTION('',(-1.144237745222E-17,-1.,0.));
#2759 = DIRECTION('',(-2.22044604925E-15,2.540718180781E-32,-1.));
#2760 = ADVANCED_FACE('',(#2761),#2772,.F.);
#2761 = FACE_BOUND('',#2762,.F.);
#2762 = EDGE_LOOP('',(#2763,#2769,#2770,#2771));
#2763 = ORIENTED_EDGE('',*,*,#2764,.T.);
#2764 = EDGE_CURVE('',#2082,#2174,#2765,.T.);
#2765 = LINE('',#2766,#2767);
#2766 = CARTESIAN_POINT('',(-1.25,-1.15,0.15));
#2767 = VECTOR('',#2768,1.);
#2768 = DIRECTION('',(1.144237745222E-17,1.,0.));
#2769 = ORIENTED_EDGE('',*,*,#2181,.T.);
#2770 = ORIENTED_EDGE('',*,*,#2747,.F.);
#2771 = ORIENTED_EDGE('',*,*,#2089,.F.);
#2772 = PLANE('',#2773);
#2773 = AXIS2_PLACEMENT_3D('',#2774,#2775,#2776);
#2774 = CARTESIAN_POINT('',(-1.25,-1.15,0.15));
#2775 = DIRECTION('',(0.,0.,-1.));
#2776 = DIRECTION('',(1.,-1.144237745222E-17,0.));
#2777 = ADVANCED_FACE('',(#2778),#2789,.F.);
#2778 = FACE_BOUND('',#2779,.F.);
#2779 = EDGE_LOOP('',(#2780,#2786,#2787,#2788));
#2780 = ORIENTED_EDGE('',*,*,#2781,.T.);
#2781 = EDGE_CURVE('',#2074,#2166,#2782,.T.);
#2782 = LINE('',#2783,#2784);
#2783 = CARTESIAN_POINT('',(-1.25,-1.15,5.551115123126E-17));
#2784 = VECTOR('',#2785,1.);
#2785 = DIRECTION('',(1.144237745222E-17,1.,0.));
#2786 = ORIENTED_EDGE('',*,*,#2173,.T.);
#2787 = ORIENTED_EDGE('',*,*,#2764,.F.);
#2788 = ORIENTED_EDGE('',*,*,#2081,.F.);
#2789 = PLANE('',#2790);
#2790 = AXIS2_PLACEMENT_3D('',#2791,#2792,#2793);
#2791 = CARTESIAN_POINT('',(-1.25,-1.15,5.551115123126E-17));
#2792 = DIRECTION('',(1.,-1.144237745222E-17,0.));
#2793 = DIRECTION('',(0.,0.,1.));
#2794 = ADVANCED_FACE('',(#2795),#2806,.F.);
#2795 = FACE_BOUND('',#2796,.F.);
#2796 = EDGE_LOOP('',(#2797,#2803,#2804,#2805));
#2797 = ORIENTED_EDGE('',*,*,#2798,.T.);
#2798 = EDGE_CURVE('',#2065,#2157,#2799,.T.);
#2799 = LINE('',#2800,#2801);
#2800 = CARTESIAN_POINT('',(-1.089673570659,-1.15,5.551115123126E-17));
#2801 = VECTOR('',#2802,1.);
#2802 = DIRECTION('',(1.144237745222E-17,1.,0.));
#2803 = ORIENTED_EDGE('',*,*,#2165,.T.);
#2804 = ORIENTED_EDGE('',*,*,#2781,.F.);
#2805 = ORIENTED_EDGE('',*,*,#2073,.F.);
#2806 = PLANE('',#2807);
#2807 = AXIS2_PLACEMENT_3D('',#2808,#2809,#2810);
#2808 = CARTESIAN_POINT('',(-1.089673570659,-1.15,5.551115123126E-17));
#2809 = DIRECTION('',(0.,0.,1.));
#2810 = DIRECTION('',(-1.,1.144237745222E-17,0.));
#2811 = ADVANCED_FACE('',(#2812),#2818,.T.);
#2812 = FACE_BOUND('',#2813,.T.);
#2813 = EDGE_LOOP('',(#2814,#2815,#2816,#2817));
#2814 = ORIENTED_EDGE('',*,*,#2064,.T.);
#2815 = ORIENTED_EDGE('',*,*,#2798,.T.);
#2816 = ORIENTED_EDGE('',*,*,#2156,.F.);
#2817 = ORIENTED_EDGE('',*,*,#2138,.F.);
#2818 = CYLINDRICAL_SURFACE('',#2819,0.25);
#2819 = AXIS2_PLACEMENT_3D('',#2820,#2821,#2822);
#2820 = CARTESIAN_POINT('',(-1.089673570659,-1.15,0.25));
#2821 = DIRECTION('',(-1.144237745222E-17,-1.,0.));
#2822 = DIRECTION('',(0.984807753012,-1.126854202784E-17,-0.173648177667
    ));
#2823 = ADVANCED_FACE('',(#2824),#2835,.F.);
#2824 = FACE_BOUND('',#2825,.F.);
#2825 = EDGE_LOOP('',(#2826,#2832,#2833,#2834));
#2826 = ORIENTED_EDGE('',*,*,#2827,.T.);
#2827 = EDGE_CURVE('',#2282,#2374,#2828,.T.);
#2828 = LINE('',#2829,#2830);
#2829 = CARTESIAN_POINT('',(-0.991192795358,0.75,0.232635182233));
#2830 = VECTOR('',#2831,1.);
#2831 = DIRECTION('',(1.144237745222E-17,1.,0.));
#2832 = ORIENTED_EDGE('',*,*,#2382,.T.);
#2833 = ORIENTED_EDGE('',*,*,#2575,.F.);
#2834 = ORIENTED_EDGE('',*,*,#2290,.F.);
#2835 = PLANE('',#2836);
#2836 = AXIS2_PLACEMENT_3D('',#2837,#2838,#2839);
#2837 = CARTESIAN_POINT('',(-0.991192795358,0.75,0.232635182233));
#2838 = DIRECTION('',(0.987833053268,-1.130315865527E-17,-0.155518033909
    ));
#2839 = DIRECTION('',(0.155518033909,-1.779496044609E-18,0.987833053268)
  );
#2840 = ADVANCED_FACE('',(#2841),#2852,.F.);
#2841 = FACE_BOUND('',#2842,.F.);
#2842 = EDGE_LOOP('',(#2843,#2849,#2850,#2851));
#2843 = ORIENTED_EDGE('',*,*,#2844,.T.);
#2844 = EDGE_CURVE('',#2274,#2366,#2845,.T.);
#2845 = LINE('',#2846,#2847);
#2846 = CARTESIAN_POINT('',(-1.089673570659,0.75,0.15));
#2847 = VECTOR('',#2848,1.);
#2848 = DIRECTION('',(1.144237745222E-17,1.,0.));
#2849 = ORIENTED_EDGE('',*,*,#2373,.T.);
#2850 = ORIENTED_EDGE('',*,*,#2827,.F.);
#2851 = ORIENTED_EDGE('',*,*,#2281,.F.);
#2852 = CYLINDRICAL_SURFACE('',#2853,0.1);
#2853 = AXIS2_PLACEMENT_3D('',#2854,#2855,#2856);
#2854 = CARTESIAN_POINT('',(-1.089673570659,0.75,0.25));
#2855 = DIRECTION('',(-1.144237745222E-17,-1.,0.));
#2856 = DIRECTION('',(-2.22044604925E-15,2.540718180781E-32,-1.));
#2857 = ADVANCED_FACE('',(#2858),#2869,.F.);
#2858 = FACE_BOUND('',#2859,.F.);
#2859 = EDGE_LOOP('',(#2860,#2866,#2867,#2868));
#2860 = ORIENTED_EDGE('',*,*,#2861,.T.);
#2861 = EDGE_CURVE('',#2266,#2358,#2862,.T.);
#2862 = LINE('',#2863,#2864);
#2863 = CARTESIAN_POINT('',(-1.25,0.75,0.15));
#2864 = VECTOR('',#2865,1.);
#2865 = DIRECTION('',(1.144237745222E-17,1.,0.));
#2866 = ORIENTED_EDGE('',*,*,#2365,.T.);
#2867 = ORIENTED_EDGE('',*,*,#2844,.F.);
#2868 = ORIENTED_EDGE('',*,*,#2273,.F.);
#2869 = PLANE('',#2870);
#2870 = AXIS2_PLACEMENT_3D('',#2871,#2872,#2873);
#2871 = CARTESIAN_POINT('',(-1.25,0.75,0.15));
#2872 = DIRECTION('',(0.,0.,-1.));
#2873 = DIRECTION('',(1.,-1.144237745222E-17,0.));
#2874 = ADVANCED_FACE('',(#2875),#2886,.F.);
#2875 = FACE_BOUND('',#2876,.F.);
#2876 = EDGE_LOOP('',(#2877,#2883,#2884,#2885));
#2877 = ORIENTED_EDGE('',*,*,#2878,.T.);
#2878 = EDGE_CURVE('',#2258,#2350,#2879,.T.);
#2879 = LINE('',#2880,#2881);
#2880 = CARTESIAN_POINT('',(-1.25,0.75,5.551115123126E-17));
#2881 = VECTOR('',#2882,1.);
#2882 = DIRECTION('',(1.144237745222E-17,1.,0.));
#2883 = ORIENTED_EDGE('',*,*,#2357,.T.);
#2884 = ORIENTED_EDGE('',*,*,#2861,.F.);
#2885 = ORIENTED_EDGE('',*,*,#2265,.F.);
#2886 = PLANE('',#2887);
#2887 = AXIS2_PLACEMENT_3D('',#2888,#2889,#2890);
#2888 = CARTESIAN_POINT('',(-1.25,0.75,5.551115123126E-17));
#2889 = DIRECTION('',(1.,-1.144237745222E-17,0.));
#2890 = DIRECTION('',(0.,0.,1.));
#2891 = ADVANCED_FACE('',(#2892),#2903,.F.);
#2892 = FACE_BOUND('',#2893,.F.);
#2893 = EDGE_LOOP('',(#2894,#2900,#2901,#2902));
#2894 = ORIENTED_EDGE('',*,*,#2895,.T.);
#2895 = EDGE_CURVE('',#2249,#2341,#2896,.T.);
#2896 = LINE('',#2897,#2898);
#2897 = CARTESIAN_POINT('',(-1.089673570659,0.75,5.551115123126E-17));
#2898 = VECTOR('',#2899,1.);
#2899 = DIRECTION('',(1.144237745222E-17,1.,0.));
#2900 = ORIENTED_EDGE('',*,*,#2349,.T.);
#2901 = ORIENTED_EDGE('',*,*,#2878,.F.);
#2902 = ORIENTED_EDGE('',*,*,#2257,.F.);
#2903 = PLANE('',#2904);
#2904 = AXIS2_PLACEMENT_3D('',#2905,#2906,#2907);
#2905 = CARTESIAN_POINT('',(-1.089673570659,0.75,5.551115123126E-17));
#2906 = DIRECTION('',(0.,0.,1.));
#2907 = DIRECTION('',(-1.,1.144237745222E-17,0.));
#2908 = ADVANCED_FACE('',(#2909),#2915,.T.);
#2909 = FACE_BOUND('',#2910,.T.);
#2910 = EDGE_LOOP('',(#2911,#2912,#2913,#2914));
#2911 = ORIENTED_EDGE('',*,*,#2248,.T.);
#2912 = ORIENTED_EDGE('',*,*,#2895,.T.);
#2913 = ORIENTED_EDGE('',*,*,#2340,.F.);
#2914 = ORIENTED_EDGE('',*,*,#2322,.F.);
#2915 = CYLINDRICAL_SURFACE('',#2916,0.25);
#2916 = AXIS2_PLACEMENT_3D('',#2917,#2918,#2919);
#2917 = CARTESIAN_POINT('',(-1.089673570659,0.75,0.25));
#2918 = DIRECTION('',(-1.144237745222E-17,-1.,0.));
#2919 = DIRECTION('',(0.984807753012,-1.126854202784E-17,-0.173648177667
    ));
#2920 = ADVANCED_FACE('',(#2921),#2932,.F.);
#2921 = FACE_BOUND('',#2922,.F.);
#2922 = EDGE_LOOP('',(#2923,#2929,#2930,#2931));
#2923 = ORIENTED_EDGE('',*,*,#2924,.T.);
#2924 = EDGE_CURVE('',#2449,#2541,#2925,.T.);
#2925 = LINE('',#2926,#2927);
#2926 = CARTESIAN_POINT('',(0.991192795358,0.2,0.232635182233));
#2927 = VECTOR('',#2928,1.);
#2928 = DIRECTION('',(1.110223024625E-16,-1.,0.));
#2929 = ORIENTED_EDGE('',*,*,#2549,.T.);
#2930 = ORIENTED_EDGE('',*,*,#2687,.F.);
#2931 = ORIENTED_EDGE('',*,*,#2457,.F.);
#2932 = PLANE('',#2933);
#2933 = AXIS2_PLACEMENT_3D('',#2934,#2935,#2936);
#2934 = CARTESIAN_POINT('',(0.991192795358,0.2,0.232635182233));
#2935 = DIRECTION('',(-0.987833053268,-1.096715000224E-16,
    -0.155518033909));
#2936 = DIRECTION('',(-0.155518033909,-1.726597019897E-17,0.987833053268
    ));
#2937 = ADVANCED_FACE('',(#2938),#2949,.F.);
#2938 = FACE_BOUND('',#2939,.F.);
#2939 = EDGE_LOOP('',(#2940,#2946,#2947,#2948));
#2940 = ORIENTED_EDGE('',*,*,#2941,.T.);
#2941 = EDGE_CURVE('',#2441,#2533,#2942,.T.);
#2942 = LINE('',#2943,#2944);
#2943 = CARTESIAN_POINT('',(1.089673570659,0.2,0.15));
#2944 = VECTOR('',#2945,1.);
#2945 = DIRECTION('',(1.110223024625E-16,-1.,0.));
#2946 = ORIENTED_EDGE('',*,*,#2540,.T.);
#2947 = ORIENTED_EDGE('',*,*,#2924,.F.);
#2948 = ORIENTED_EDGE('',*,*,#2448,.F.);
#2949 = CYLINDRICAL_SURFACE('',#2950,0.1);
#2950 = AXIS2_PLACEMENT_3D('',#2951,#2952,#2953);
#2951 = CARTESIAN_POINT('',(1.089673570659,0.2,0.25));
#2952 = DIRECTION('',(-1.110223024625E-16,1.,0.));
#2953 = DIRECTION('',(2.22044604925E-15,2.465190328815E-31,-1.));
#2954 = ADVANCED_FACE('',(#2955),#2966,.F.);
#2955 = FACE_BOUND('',#2956,.F.);
#2956 = EDGE_LOOP('',(#2957,#2963,#2964,#2965));
#2957 = ORIENTED_EDGE('',*,*,#2958,.T.);
#2958 = EDGE_CURVE('',#2433,#2525,#2959,.T.);
#2959 = LINE('',#2960,#2961);
#2960 = CARTESIAN_POINT('',(1.25,0.2,0.15));
#2961 = VECTOR('',#2962,1.);
#2962 = DIRECTION('',(1.110223024625E-16,-1.,0.));
#2963 = ORIENTED_EDGE('',*,*,#2532,.T.);
#2964 = ORIENTED_EDGE('',*,*,#2941,.F.);
#2965 = ORIENTED_EDGE('',*,*,#2440,.F.);
#2966 = PLANE('',#2967);
#2967 = AXIS2_PLACEMENT_3D('',#2968,#2969,#2970);
#2968 = CARTESIAN_POINT('',(1.25,0.2,0.15));
#2969 = DIRECTION('',(0.,0.,-1.));
#2970 = DIRECTION('',(-1.,-1.110223024625E-16,-0.));
#2971 = ADVANCED_FACE('',(#2972),#2983,.F.);
#2972 = FACE_BOUND('',#2973,.F.);
#2973 = EDGE_LOOP('',(#2974,#2980,#2981,#2982));
#2974 = ORIENTED_EDGE('',*,*,#2975,.T.);
#2975 = EDGE_CURVE('',#2425,#2517,#2976,.T.);
#2976 = LINE('',#2977,#2978);
#2977 = CARTESIAN_POINT('',(1.25,0.2,5.551115123126E-17));
#2978 = VECTOR('',#2979,1.);
#2979 = DIRECTION('',(1.110223024625E-16,-1.,0.));
#2980 = ORIENTED_EDGE('',*,*,#2524,.T.);
#2981 = ORIENTED_EDGE('',*,*,#2958,.F.);
#2982 = ORIENTED_EDGE('',*,*,#2432,.F.);
#2983 = PLANE('',#2984);
#2984 = AXIS2_PLACEMENT_3D('',#2985,#2986,#2987);
#2985 = CARTESIAN_POINT('',(1.25,0.2,5.551115123126E-17));
#2986 = DIRECTION('',(-1.,-1.110223024625E-16,0.));
#2987 = DIRECTION('',(0.,0.,1.));
#2988 = ADVANCED_FACE('',(#2989),#3000,.F.);
#2989 = FACE_BOUND('',#2990,.F.);
#2990 = EDGE_LOOP('',(#2991,#2997,#2998,#2999));
#2991 = ORIENTED_EDGE('',*,*,#2992,.T.);
#2992 = EDGE_CURVE('',#2416,#2508,#2993,.T.);
#2993 = LINE('',#2994,#2995);
#2994 = CARTESIAN_POINT('',(1.089673570659,0.2,5.551115123126E-17));
#2995 = VECTOR('',#2996,1.);
#2996 = DIRECTION('',(1.110223024625E-16,-1.,0.));
#2997 = ORIENTED_EDGE('',*,*,#2516,.T.);
#2998 = ORIENTED_EDGE('',*,*,#2975,.F.);
#2999 = ORIENTED_EDGE('',*,*,#2424,.F.);
#3000 = PLANE('',#3001);
#3001 = AXIS2_PLACEMENT_3D('',#3002,#3003,#3004);
#3002 = CARTESIAN_POINT('',(1.089673570659,0.2,5.551115123126E-17));
#3003 = DIRECTION('',(0.,0.,1.));
#3004 = DIRECTION('',(1.,1.110223024625E-16,-0.));
#3005 = ADVANCED_FACE('',(#3006),#3012,.T.);
#3006 = FACE_BOUND('',#3007,.T.);
#3007 = EDGE_LOOP('',(#3008,#3009,#3010,#3011));
#3008 = ORIENTED_EDGE('',*,*,#2415,.T.);
#3009 = ORIENTED_EDGE('',*,*,#2992,.T.);
#3010 = ORIENTED_EDGE('',*,*,#2507,.F.);
#3011 = ORIENTED_EDGE('',*,*,#2489,.F.);
#3012 = CYLINDRICAL_SURFACE('',#3013,0.25);
#3013 = AXIS2_PLACEMENT_3D('',#3014,#3015,#3016);
#3014 = CARTESIAN_POINT('',(1.089673570659,0.2,0.25));
#3015 = DIRECTION('',(-1.110223024625E-16,1.,0.));
#3016 = DIRECTION('',(-0.984807753012,-1.093356242223E-16,
    -0.173648177667));
#3017 = ADVANCED_FACE('',(#3018),#3021,.F.);
#3018 = FACE_BOUND('',#3019,.T.);
#3019 = EDGE_LOOP('',(#3020));
#3020 = ORIENTED_EDGE('',*,*,#2635,.F.);
#3021 = PLANE('',#3022);
#3022 = AXIS2_PLACEMENT_3D('',#3023,#3024,#3025);
#3023 = CARTESIAN_POINT('',(-0.428243103516,1.228243103516,1.2));
#3024 = DIRECTION('',(0.,0.,-1.));
#3025 = DIRECTION('',(1.110223024625E-16,-1.,0.));
#3026 = ( GEOMETRIC_REPRESENTATION_CONTEXT(3) 
GLOBAL_UNCERTAINTY_ASSIGNED_CONTEXT((#3030)) 
GLOBAL_UNIT_ASSIGNED_CONTEXT((#3027,#3028,#3029)) REPRESENTATION_CONTEXT
('Context #1','3D Context with UNIT and UNCERTAINTY') );
#3027 = ( LENGTH_UNIT() NAMED_UNIT(*) SI_UNIT(.MILLI.,.METRE.) );
#3028 = ( NAMED_UNIT(*) PLANE_ANGLE_UNIT() SI_UNIT($,.RADIAN.) );
#3029 = ( NAMED_UNIT(*) SI_UNIT($,.STERADIAN.) SOLID_ANGLE_UNIT() );
#3030 = UNCERTAINTY_MEASURE_WITH_UNIT(LENGTH_MEASURE(1.E-07),#3027,
  'distance_accuracy_value','confusion accuracy');
#3031 = CONTEXT_DEPENDENT_SHAPE_REPRESENTATION(#3032,#3034);
#3032 = ( REPRESENTATION_RELATIONSHIP('','',#1043,#1020) 
REPRESENTATION_RELATIONSHIP_WITH_TRANSFORMATION(#3033) 
SHAPE_REPRESENTATION_RELATIONSHIP() );
#3033 = ITEM_DEFINED_TRANSFORMATION('','',#11,#1021);
#3034 = PRODUCT_DEFINITION_SHAPE('Placement','Placement of an item',
  #3035);
#3035 = NEXT_ASSEMBLY_USAGE_OCCURRENCE('3','=>[0:1:1:5]','',#1015,#1038,
  $);
#3036 = PRODUCT_RELATED_PRODUCT_CATEGORY('part',$,(#1040));
#3037 = SHAPE_DEFINITION_REPRESENTATION(#3038,#3044);
#3038 = PRODUCT_DEFINITION_SHAPE('','',#3039);
#3039 = PRODUCT_DEFINITION('design','',#3040,#3043);
#3040 = PRODUCT_DEFINITION_FORMATION('','',#3041);
#3041 = PRODUCT('L_0603_1608Metric','L_0603_1608Metric','',(#3042));
#3042 = PRODUCT_CONTEXT('',#2,'mechanical');
#3043 = PRODUCT_DEFINITION_CONTEXT('part definition',#2,'design');
#3044 = SHAPE_REPRESENTATION('',(#11,#3045),#3049);
#3045 = AXIS2_PLACEMENT_3D('',#3046,#3047,#3048);
#3046 = CARTESIAN_POINT('',(0.,0.,0.));
#3047 = DIRECTION('',(0.,0.,1.));
#3048 = DIRECTION('',(1.,0.,-0.));
#3049 = ( GEOMETRIC_REPRESENTATION_CONTEXT(3) 
GLOBAL_UNCERTAINTY_ASSIGNED_CONTEXT((#3053)) 
GLOBAL_UNIT_ASSIGNED_CONTEXT((#3050,#3051,#3052)) REPRESENTATION_CONTEXT
('Context #1','3D Context with UNIT and UNCERTAINTY') );
#3050 = ( LENGTH_UNIT() NAMED_UNIT(*) SI_UNIT(.MILLI.,.METRE.) );
#3051 = ( NAMED_UNIT(*) PLANE_ANGLE_UNIT() SI_UNIT($,.RADIAN.) );
#3052 = ( NAMED_UNIT(*) SI_UNIT($,.STERADIAN.) SOLID_ANGLE_UNIT() );
#3053 = UNCERTAINTY_MEASURE_WITH_UNIT(LENGTH_MEASURE(1.E-07),#3050,
  'distance_accuracy_value','confusion accuracy');
#3054 = CONTEXT_DEPENDENT_SHAPE_REPRESENTATION(#3055,#3057);
#3055 = ( REPRESENTATION_RELATIONSHIP('','',#3044,#10) 
REPRESENTATION_RELATIONSHIP_WITH_TRANSFORMATION(#3056) 
SHAPE_REPRESENTATION_RELATIONSHIP() );
#3056 = ITEM_DEFINED_TRANSFORMATION('','',#11,#23);
#3057 = PRODUCT_DEFINITION_SHAPE('Placement','Placement of an item',
  #3058);
#3058 = NEXT_ASSEMBLY_USAGE_OCCURRENCE('6','L2','',#5,#3039,$);
#3059 = PRODUCT_RELATED_PRODUCT_CATEGORY('part',$,(#3041));
#3060 = SHAPE_DEFINITION_REPRESENTATION(#3061,#3067);
#3061 = PRODUCT_DEFINITION_SHAPE('','',#3062);
#3062 = PRODUCT_DEFINITION('design','',#3063,#3066);
#3063 = PRODUCT_DEFINITION_FORMATION('','',#3064);
#3064 = PRODUCT('L_0603_1608Metric','L_0603_1608Metric','',(#3065));
#3065 = PRODUCT_CONTEXT('',#2,'mechanical');
#3066 = PRODUCT_DEFINITION_CONTEXT('part definition',#2,'design');
#3067 = ADVANCED_BREP_SHAPE_REPRESENTATION('',(#11,#3068),#3922);
#3068 = MANIFOLD_SOLID_BREP('',#3069);
#3069 = CLOSED_SHELL('',(#3070,#3146,#3177,#3202,#3227,#3251,#3275,#3300
    ,#3325,#3342,#3428,#3460,#3484,#3509,#3533,#3558,#3582,#3607,#3624,
    #3710,#3741,#3766,#3791,#3815,#3839,#3864,#3889,#3906));
#3070 = ADVANCED_FACE('',(#3071),#3141,.F.);
#3071 = FACE_BOUND('',#3072,.F.);
#3072 = EDGE_LOOP('',(#3073,#3083,#3092,#3100,#3109,#3117,#3126,#3134));
#3073 = ORIENTED_EDGE('',*,*,#3074,.F.);
#3074 = EDGE_CURVE('',#3075,#3077,#3079,.T.);
#3075 = VERTEX_POINT('',#3076);
#3076 = CARTESIAN_POINT('',(-0.8,-0.4,3.E-02));
#3077 = VERTEX_POINT('',#3078);
#3078 = CARTESIAN_POINT('',(-0.8,-0.4,0.77));
#3079 = LINE('',#3080,#3081);
#3080 = CARTESIAN_POINT('',(-0.8,-0.4,0.));
#3081 = VECTOR('',#3082,1.);
#3082 = DIRECTION('',(0.,0.,1.));
#3083 = ORIENTED_EDGE('',*,*,#3084,.T.);
#3084 = EDGE_CURVE('',#3075,#3085,#3087,.T.);
#3085 = VERTEX_POINT('',#3086);
#3086 = CARTESIAN_POINT('',(-0.8,-0.37,0.));
#3087 = CIRCLE('',#3088,3.E-02);
#3088 = AXIS2_PLACEMENT_3D('',#3089,#3090,#3091);
#3089 = CARTESIAN_POINT('',(-0.8,-0.37,3.E-02));
#3090 = DIRECTION('',(1.,0.,-0.));
#3091 = DIRECTION('',(0.,0.,1.));
#3092 = ORIENTED_EDGE('',*,*,#3093,.T.);
#3093 = EDGE_CURVE('',#3085,#3094,#3096,.T.);
#3094 = VERTEX_POINT('',#3095);
#3095 = CARTESIAN_POINT('',(-0.8,0.37,0.));
#3096 = LINE('',#3097,#3098);
#3097 = CARTESIAN_POINT('',(-0.8,-0.4,0.));
#3098 = VECTOR('',#3099,1.);
#3099 = DIRECTION('',(0.,1.,0.));
#3100 = ORIENTED_EDGE('',*,*,#3101,.F.);
#3101 = EDGE_CURVE('',#3102,#3094,#3104,.T.);
#3102 = VERTEX_POINT('',#3103);
#3103 = CARTESIAN_POINT('',(-0.8,0.4,3.E-02));
#3104 = CIRCLE('',#3105,3.E-02);
#3105 = AXIS2_PLACEMENT_3D('',#3106,#3107,#3108);
#3106 = CARTESIAN_POINT('',(-0.8,0.37,3.E-02));
#3107 = DIRECTION('',(-1.,0.,0.));
#3108 = DIRECTION('',(0.,0.,1.));
#3109 = ORIENTED_EDGE('',*,*,#3110,.T.);
#3110 = EDGE_CURVE('',#3102,#3111,#3113,.T.);
#3111 = VERTEX_POINT('',#3112);
#3112 = CARTESIAN_POINT('',(-0.8,0.4,0.77));
#3113 = LINE('',#3114,#3115);
#3114 = CARTESIAN_POINT('',(-0.8,0.4,0.));
#3115 = VECTOR('',#3116,1.);
#3116 = DIRECTION('',(0.,0.,1.));
#3117 = ORIENTED_EDGE('',*,*,#3118,.T.);
#3118 = EDGE_CURVE('',#3111,#3119,#3121,.T.);
#3119 = VERTEX_POINT('',#3120);
#3120 = CARTESIAN_POINT('',(-0.8,0.37,0.8));
#3121 = CIRCLE('',#3122,3.E-02);
#3122 = AXIS2_PLACEMENT_3D('',#3123,#3124,#3125);
#3123 = CARTESIAN_POINT('',(-0.8,0.37,0.77));
#3124 = DIRECTION('',(1.,0.,-0.));
#3125 = DIRECTION('',(0.,0.,1.));
#3126 = ORIENTED_EDGE('',*,*,#3127,.F.);
#3127 = EDGE_CURVE('',#3128,#3119,#3130,.T.);
#3128 = VERTEX_POINT('',#3129);
#3129 = CARTESIAN_POINT('',(-0.8,-0.37,0.8));
#3130 = LINE('',#3131,#3132);
#3131 = CARTESIAN_POINT('',(-0.8,-0.4,0.8));
#3132 = VECTOR('',#3133,1.);
#3133 = DIRECTION('',(0.,1.,0.));
#3134 = ORIENTED_EDGE('',*,*,#3135,.F.);
#3135 = EDGE_CURVE('',#3077,#3128,#3136,.T.);
#3136 = CIRCLE('',#3137,3.E-02);
#3137 = AXIS2_PLACEMENT_3D('',#3138,#3139,#3140);
#3138 = CARTESIAN_POINT('',(-0.8,-0.37,0.77));
#3139 = DIRECTION('',(-1.,0.,0.));
#3140 = DIRECTION('',(0.,0.,1.));
#3141 = PLANE('',#3142);
#3142 = AXIS2_PLACEMENT_3D('',#3143,#3144,#3145);
#3143 = CARTESIAN_POINT('',(-0.8,-0.4,0.));
#3144 = DIRECTION('',(1.,0.,0.));
#3145 = DIRECTION('',(0.,0.,1.));
#3146 = ADVANCED_FACE('',(#3147),#3172,.F.);
#3147 = FACE_BOUND('',#3148,.F.);
#3148 = EDGE_LOOP('',(#3149,#3159,#3165,#3166));
#3149 = ORIENTED_EDGE('',*,*,#3150,.F.);
#3150 = EDGE_CURVE('',#3151,#3153,#3155,.T.);
#3151 = VERTEX_POINT('',#3152);
#3152 = CARTESIAN_POINT('',(-0.5,-0.4,3.E-02));
#3153 = VERTEX_POINT('',#3154);
#3154 = CARTESIAN_POINT('',(-0.5,-0.4,0.77));
#3155 = LINE('',#3156,#3157);
#3156 = CARTESIAN_POINT('',(-0.5,-0.4,0.));
#3157 = VECTOR('',#3158,1.);
#3158 = DIRECTION('',(0.,0.,1.));
#3159 = ORIENTED_EDGE('',*,*,#3160,.F.);
#3160 = EDGE_CURVE('',#3075,#3151,#3161,.T.);
#3161 = LINE('',#3162,#3163);
#3162 = CARTESIAN_POINT('',(-0.8,-0.4,3.E-02));
#3163 = VECTOR('',#3164,1.);
#3164 = DIRECTION('',(1.,0.,0.));
#3165 = ORIENTED_EDGE('',*,*,#3074,.T.);
#3166 = ORIENTED_EDGE('',*,*,#3167,.T.);
#3167 = EDGE_CURVE('',#3077,#3153,#3168,.T.);
#3168 = LINE('',#3169,#3170);
#3169 = CARTESIAN_POINT('',(-0.8,-0.4,0.77));
#3170 = VECTOR('',#3171,1.);
#3171 = DIRECTION('',(1.,0.,0.));
#3172 = PLANE('',#3173);
#3173 = AXIS2_PLACEMENT_3D('',#3174,#3175,#3176);
#3174 = CARTESIAN_POINT('',(-0.8,-0.4,0.));
#3175 = DIRECTION('',(0.,1.,0.));
#3176 = DIRECTION('',(0.,-0.,1.));
#3177 = ADVANCED_FACE('',(#3178),#3197,.T.);
#3178 = FACE_BOUND('',#3179,.T.);
#3179 = EDGE_LOOP('',(#3180,#3181,#3189,#3196));
#3180 = ORIENTED_EDGE('',*,*,#3084,.T.);
#3181 = ORIENTED_EDGE('',*,*,#3182,.T.);
#3182 = EDGE_CURVE('',#3085,#3183,#3185,.T.);
#3183 = VERTEX_POINT('',#3184);
#3184 = CARTESIAN_POINT('',(-0.5,-0.37,0.));
#3185 = LINE('',#3186,#3187);
#3186 = CARTESIAN_POINT('',(-0.8,-0.37,0.));
#3187 = VECTOR('',#3188,1.);
#3188 = DIRECTION('',(1.,0.,0.));
#3189 = ORIENTED_EDGE('',*,*,#3190,.F.);
#3190 = EDGE_CURVE('',#3151,#3183,#3191,.T.);
#3191 = CIRCLE('',#3192,3.E-02);
#3192 = AXIS2_PLACEMENT_3D('',#3193,#3194,#3195);
#3193 = CARTESIAN_POINT('',(-0.5,-0.37,3.E-02));
#3194 = DIRECTION('',(1.,0.,-0.));
#3195 = DIRECTION('',(0.,0.,1.));
#3196 = ORIENTED_EDGE('',*,*,#3160,.F.);
#3197 = CYLINDRICAL_SURFACE('',#3198,3.E-02);
#3198 = AXIS2_PLACEMENT_3D('',#3199,#3200,#3201);
#3199 = CARTESIAN_POINT('',(-0.8,-0.37,3.E-02));
#3200 = DIRECTION('',(1.,0.,0.));
#3201 = DIRECTION('',(0.,-1.,0.));
#3202 = ADVANCED_FACE('',(#3203),#3222,.T.);
#3203 = FACE_BOUND('',#3204,.T.);
#3204 = EDGE_LOOP('',(#3205,#3206,#3215,#3221));
#3205 = ORIENTED_EDGE('',*,*,#3167,.T.);
#3206 = ORIENTED_EDGE('',*,*,#3207,.T.);
#3207 = EDGE_CURVE('',#3153,#3208,#3210,.T.);
#3208 = VERTEX_POINT('',#3209);
#3209 = CARTESIAN_POINT('',(-0.5,-0.37,0.8));
#3210 = CIRCLE('',#3211,3.E-02);
#3211 = AXIS2_PLACEMENT_3D('',#3212,#3213,#3214);
#3212 = CARTESIAN_POINT('',(-0.5,-0.37,0.77));
#3213 = DIRECTION('',(-1.,0.,0.));
#3214 = DIRECTION('',(0.,0.,1.));
#3215 = ORIENTED_EDGE('',*,*,#3216,.F.);
#3216 = EDGE_CURVE('',#3128,#3208,#3217,.T.);
#3217 = LINE('',#3218,#3219);
#3218 = CARTESIAN_POINT('',(-0.8,-0.37,0.8));
#3219 = VECTOR('',#3220,1.);
#3220 = DIRECTION('',(1.,0.,0.));
#3221 = ORIENTED_EDGE('',*,*,#3135,.F.);
#3222 = CYLINDRICAL_SURFACE('',#3223,3.E-02);
#3223 = AXIS2_PLACEMENT_3D('',#3224,#3225,#3226);
#3224 = CARTESIAN_POINT('',(-0.8,-0.37,0.77));
#3225 = DIRECTION('',(1.,0.,0.));
#3226 = DIRECTION('',(0.,-1.,0.));
#3227 = ADVANCED_FACE('',(#3228),#3246,.F.);
#3228 = FACE_BOUND('',#3229,.F.);
#3229 = EDGE_LOOP('',(#3230,#3231,#3232,#3240));
#3230 = ORIENTED_EDGE('',*,*,#3093,.F.);
#3231 = ORIENTED_EDGE('',*,*,#3182,.T.);
#3232 = ORIENTED_EDGE('',*,*,#3233,.T.);
#3233 = EDGE_CURVE('',#3183,#3234,#3236,.T.);
#3234 = VERTEX_POINT('',#3235);
#3235 = CARTESIAN_POINT('',(-0.5,0.37,0.));
#3236 = LINE('',#3237,#3238);
#3237 = CARTESIAN_POINT('',(-0.5,-0.4,0.));
#3238 = VECTOR('',#3239,1.);
#3239 = DIRECTION('',(0.,1.,0.));
#3240 = ORIENTED_EDGE('',*,*,#3241,.F.);
#3241 = EDGE_CURVE('',#3094,#3234,#3242,.T.);
#3242 = LINE('',#3243,#3244);
#3243 = CARTESIAN_POINT('',(-0.8,0.37,0.));
#3244 = VECTOR('',#3245,1.);
#3245 = DIRECTION('',(1.,0.,0.));
#3246 = PLANE('',#3247);
#3247 = AXIS2_PLACEMENT_3D('',#3248,#3249,#3250);
#3248 = CARTESIAN_POINT('',(-0.8,-0.4,0.));
#3249 = DIRECTION('',(0.,0.,1.));
#3250 = DIRECTION('',(1.,0.,-0.));
#3251 = ADVANCED_FACE('',(#3252),#3270,.T.);
#3252 = FACE_BOUND('',#3253,.T.);
#3253 = EDGE_LOOP('',(#3254,#3255,#3256,#3264));
#3254 = ORIENTED_EDGE('',*,*,#3127,.F.);
#3255 = ORIENTED_EDGE('',*,*,#3216,.T.);
#3256 = ORIENTED_EDGE('',*,*,#3257,.T.);
#3257 = EDGE_CURVE('',#3208,#3258,#3260,.T.);
#3258 = VERTEX_POINT('',#3259);
#3259 = CARTESIAN_POINT('',(-0.5,0.37,0.8));
#3260 = LINE('',#3261,#3262);
#3261 = CARTESIAN_POINT('',(-0.5,-0.4,0.8));
#3262 = VECTOR('',#3263,1.);
#3263 = DIRECTION('',(0.,1.,0.));
#3264 = ORIENTED_EDGE('',*,*,#3265,.F.);
#3265 = EDGE_CURVE('',#3119,#3258,#3266,.T.);
#3266 = LINE('',#3267,#3268);
#3267 = CARTESIAN_POINT('',(-0.8,0.37,0.8));
#3268 = VECTOR('',#3269,1.);
#3269 = DIRECTION('',(1.,0.,0.));
#3270 = PLANE('',#3271);
#3271 = AXIS2_PLACEMENT_3D('',#3272,#3273,#3274);
#3272 = CARTESIAN_POINT('',(-0.8,-0.4,0.8));
#3273 = DIRECTION('',(0.,0.,1.));
#3274 = DIRECTION('',(1.,0.,-0.));
#3275 = ADVANCED_FACE('',(#3276),#3295,.T.);
#3276 = FACE_BOUND('',#3277,.T.);
#3277 = EDGE_LOOP('',(#3278,#3286,#3293,#3294));
#3278 = ORIENTED_EDGE('',*,*,#3279,.T.);
#3279 = EDGE_CURVE('',#3102,#3280,#3282,.T.);
#3280 = VERTEX_POINT('',#3281);
#3281 = CARTESIAN_POINT('',(-0.5,0.4,3.E-02));
#3282 = LINE('',#3283,#3284);
#3283 = CARTESIAN_POINT('',(-0.8,0.4,3.E-02));
#3284 = VECTOR('',#3285,1.);
#3285 = DIRECTION('',(1.,0.,0.));
#3286 = ORIENTED_EDGE('',*,*,#3287,.T.);
#3287 = EDGE_CURVE('',#3280,#3234,#3288,.T.);
#3288 = CIRCLE('',#3289,3.E-02);
#3289 = AXIS2_PLACEMENT_3D('',#3290,#3291,#3292);
#3290 = CARTESIAN_POINT('',(-0.5,0.37,3.E-02));
#3291 = DIRECTION('',(-1.,0.,0.));
#3292 = DIRECTION('',(0.,0.,1.));
#3293 = ORIENTED_EDGE('',*,*,#3241,.F.);
#3294 = ORIENTED_EDGE('',*,*,#3101,.F.);
#3295 = CYLINDRICAL_SURFACE('',#3296,3.E-02);
#3296 = AXIS2_PLACEMENT_3D('',#3297,#3298,#3299);
#3297 = CARTESIAN_POINT('',(-0.8,0.37,3.E-02));
#3298 = DIRECTION('',(1.,0.,0.));
#3299 = DIRECTION('',(-0.,1.,0.));
#3300 = ADVANCED_FACE('',(#3301),#3320,.T.);
#3301 = FACE_BOUND('',#3302,.T.);
#3302 = EDGE_LOOP('',(#3303,#3304,#3305,#3314));
#3303 = ORIENTED_EDGE('',*,*,#3118,.T.);
#3304 = ORIENTED_EDGE('',*,*,#3265,.T.);
#3305 = ORIENTED_EDGE('',*,*,#3306,.F.);
#3306 = EDGE_CURVE('',#3307,#3258,#3309,.T.);
#3307 = VERTEX_POINT('',#3308);
#3308 = CARTESIAN_POINT('',(-0.5,0.4,0.77));
#3309 = CIRCLE('',#3310,3.E-02);
#3310 = AXIS2_PLACEMENT_3D('',#3311,#3312,#3313);
#3311 = CARTESIAN_POINT('',(-0.5,0.37,0.77));
#3312 = DIRECTION('',(1.,0.,-0.));
#3313 = DIRECTION('',(0.,0.,1.));
#3314 = ORIENTED_EDGE('',*,*,#3315,.F.);
#3315 = EDGE_CURVE('',#3111,#3307,#3316,.T.);
#3316 = LINE('',#3317,#3318);
#3317 = CARTESIAN_POINT('',(-0.8,0.4,0.77));
#3318 = VECTOR('',#3319,1.);
#3319 = DIRECTION('',(1.,0.,0.));
#3320 = CYLINDRICAL_SURFACE('',#3321,3.E-02);
#3321 = AXIS2_PLACEMENT_3D('',#3322,#3323,#3324);
#3322 = CARTESIAN_POINT('',(-0.8,0.37,0.77));
#3323 = DIRECTION('',(1.,0.,0.));
#3324 = DIRECTION('',(-0.,1.,0.));
#3325 = ADVANCED_FACE('',(#3326),#3337,.T.);
#3326 = FACE_BOUND('',#3327,.T.);
#3327 = EDGE_LOOP('',(#3328,#3334,#3335,#3336));
#3328 = ORIENTED_EDGE('',*,*,#3329,.F.);
#3329 = EDGE_CURVE('',#3280,#3307,#3330,.T.);
#3330 = LINE('',#3331,#3332);
#3331 = CARTESIAN_POINT('',(-0.5,0.4,0.));
#3332 = VECTOR('',#3333,1.);
#3333 = DIRECTION('',(0.,0.,1.));
#3334 = ORIENTED_EDGE('',*,*,#3279,.F.);
#3335 = ORIENTED_EDGE('',*,*,#3110,.T.);
#3336 = ORIENTED_EDGE('',*,*,#3315,.T.);
#3337 = PLANE('',#3338);
#3338 = AXIS2_PLACEMENT_3D('',#3339,#3340,#3341);
#3339 = CARTESIAN_POINT('',(-0.8,0.4,0.));
#3340 = DIRECTION('',(0.,1.,0.));
#3341 = DIRECTION('',(0.,-0.,1.));
#3342 = ADVANCED_FACE('',(#3343,#3353),#3423,.T.);
#3343 = FACE_BOUND('',#3344,.T.);
#3344 = EDGE_LOOP('',(#3345,#3346,#3347,#3348,#3349,#3350,#3351,#3352));
#3345 = ORIENTED_EDGE('',*,*,#3150,.F.);
#3346 = ORIENTED_EDGE('',*,*,#3190,.T.);
#3347 = ORIENTED_EDGE('',*,*,#3233,.T.);
#3348 = ORIENTED_EDGE('',*,*,#3287,.F.);
#3349 = ORIENTED_EDGE('',*,*,#3329,.T.);
#3350 = ORIENTED_EDGE('',*,*,#3306,.T.);
#3351 = ORIENTED_EDGE('',*,*,#3257,.F.);
#3352 = ORIENTED_EDGE('',*,*,#3207,.F.);
#3353 = FACE_BOUND('',#3354,.T.);
#3354 = EDGE_LOOP('',(#3355,#3366,#3374,#3383,#3391,#3400,#3408,#3417));
#3355 = ORIENTED_EDGE('',*,*,#3356,.F.);
#3356 = EDGE_CURVE('',#3357,#3359,#3361,.T.);
#3357 = VERTEX_POINT('',#3358);
#3358 = CARTESIAN_POINT('',(-0.5,-0.37,6.E-02));
#3359 = VERTEX_POINT('',#3360);
#3360 = CARTESIAN_POINT('',(-0.5,-0.34,3.E-02));
#3361 = CIRCLE('',#3362,3.E-02);
#3362 = AXIS2_PLACEMENT_3D('',#3363,#3364,#3365);
#3363 = CARTESIAN_POINT('',(-0.5,-0.34,6.E-02));
#3364 = DIRECTION('',(1.,0.,-0.));
#3365 = DIRECTION('',(0.,0.,1.));
#3366 = ORIENTED_EDGE('',*,*,#3367,.T.);
#3367 = EDGE_CURVE('',#3357,#3368,#3370,.T.);
#3368 = VERTEX_POINT('',#3369);
#3369 = CARTESIAN_POINT('',(-0.5,-0.37,0.74));
#3370 = LINE('',#3371,#3372);
#3371 = CARTESIAN_POINT('',(-0.5,-0.37,3.E-02));
#3372 = VECTOR('',#3373,1.);
#3373 = DIRECTION('',(0.,0.,1.));
#3374 = ORIENTED_EDGE('',*,*,#3375,.T.);
#3375 = EDGE_CURVE('',#3368,#3376,#3378,.T.);
#3376 = VERTEX_POINT('',#3377);
#3377 = CARTESIAN_POINT('',(-0.5,-0.34,0.77));
#3378 = CIRCLE('',#3379,3.E-02);
#3379 = AXIS2_PLACEMENT_3D('',#3380,#3381,#3382);
#3380 = CARTESIAN_POINT('',(-0.5,-0.34,0.74));
#3381 = DIRECTION('',(-1.,0.,0.));
#3382 = DIRECTION('',(0.,0.,1.));
#3383 = ORIENTED_EDGE('',*,*,#3384,.T.);
#3384 = EDGE_CURVE('',#3376,#3385,#3387,.T.);
#3385 = VERTEX_POINT('',#3386);
#3386 = CARTESIAN_POINT('',(-0.5,0.34,0.77));
#3387 = LINE('',#3388,#3389);
#3388 = CARTESIAN_POINT('',(-0.5,-0.37,0.77));
#3389 = VECTOR('',#3390,1.);
#3390 = DIRECTION('',(0.,1.,0.));
#3391 = ORIENTED_EDGE('',*,*,#3392,.F.);
#3392 = EDGE_CURVE('',#3393,#3385,#3395,.T.);
#3393 = VERTEX_POINT('',#3394);
#3394 = CARTESIAN_POINT('',(-0.5,0.37,0.74));
#3395 = CIRCLE('',#3396,3.E-02);
#3396 = AXIS2_PLACEMENT_3D('',#3397,#3398,#3399);
#3397 = CARTESIAN_POINT('',(-0.5,0.34,0.74));
#3398 = DIRECTION('',(1.,0.,-0.));
#3399 = DIRECTION('',(0.,0.,1.));
#3400 = ORIENTED_EDGE('',*,*,#3401,.F.);
#3401 = EDGE_CURVE('',#3402,#3393,#3404,.T.);
#3402 = VERTEX_POINT('',#3403);
#3403 = CARTESIAN_POINT('',(-0.5,0.37,6.E-02));
#3404 = LINE('',#3405,#3406);
#3405 = CARTESIAN_POINT('',(-0.5,0.37,3.E-02));
#3406 = VECTOR('',#3407,1.);
#3407 = DIRECTION('',(0.,0.,1.));
#3408 = ORIENTED_EDGE('',*,*,#3409,.T.);
#3409 = EDGE_CURVE('',#3402,#3410,#3412,.T.);
#3410 = VERTEX_POINT('',#3411);
#3411 = CARTESIAN_POINT('',(-0.5,0.34,3.E-02));
#3412 = CIRCLE('',#3413,3.E-02);
#3413 = AXIS2_PLACEMENT_3D('',#3414,#3415,#3416);
#3414 = CARTESIAN_POINT('',(-0.5,0.34,6.E-02));
#3415 = DIRECTION('',(-1.,0.,0.));
#3416 = DIRECTION('',(0.,0.,1.));
#3417 = ORIENTED_EDGE('',*,*,#3418,.F.);
#3418 = EDGE_CURVE('',#3359,#3410,#3419,.T.);
#3419 = LINE('',#3420,#3421);
#3420 = CARTESIAN_POINT('',(-0.5,-0.37,3.E-02));
#3421 = VECTOR('',#3422,1.);
#3422 = DIRECTION('',(0.,1.,0.));
#3423 = PLANE('',#3424);
#3424 = AXIS2_PLACEMENT_3D('',#3425,#3426,#3427);
#3425 = CARTESIAN_POINT('',(-0.5,-0.4,0.));
#3426 = DIRECTION('',(1.,0.,0.));
#3427 = DIRECTION('',(0.,0.,1.));
#3428 = ADVANCED_FACE('',(#3429),#3455,.T.);
#3429 = FACE_BOUND('',#3430,.T.);
#3430 = EDGE_LOOP('',(#3431,#3432,#3440,#3449));
#3431 = ORIENTED_EDGE('',*,*,#3356,.T.);
#3432 = ORIENTED_EDGE('',*,*,#3433,.T.);
#3433 = EDGE_CURVE('',#3359,#3434,#3436,.T.);
#3434 = VERTEX_POINT('',#3435);
#3435 = CARTESIAN_POINT('',(0.5,-0.34,3.E-02));
#3436 = LINE('',#3437,#3438);
#3437 = CARTESIAN_POINT('',(-0.5,-0.34,3.E-02));
#3438 = VECTOR('',#3439,1.);
#3439 = DIRECTION('',(1.,0.,0.));
#3440 = ORIENTED_EDGE('',*,*,#3441,.F.);
#3441 = EDGE_CURVE('',#3442,#3434,#3444,.T.);
#3442 = VERTEX_POINT('',#3443);
#3443 = CARTESIAN_POINT('',(0.5,-0.37,6.E-02));
#3444 = CIRCLE('',#3445,3.E-02);
#3445 = AXIS2_PLACEMENT_3D('',#3446,#3447,#3448);
#3446 = CARTESIAN_POINT('',(0.5,-0.34,6.E-02));
#3447 = DIRECTION('',(1.,0.,-0.));
#3448 = DIRECTION('',(0.,0.,1.));
#3449 = ORIENTED_EDGE('',*,*,#3450,.F.);
#3450 = EDGE_CURVE('',#3357,#3442,#3451,.T.);
#3451 = LINE('',#3452,#3453);
#3452 = CARTESIAN_POINT('',(-0.5,-0.37,6.E-02));
#3453 = VECTOR('',#3454,1.);
#3454 = DIRECTION('',(1.,0.,0.));
#3455 = CYLINDRICAL_SURFACE('',#3456,3.E-02);
#3456 = AXIS2_PLACEMENT_3D('',#3457,#3458,#3459);
#3457 = CARTESIAN_POINT('',(-0.5,-0.34,6.E-02));
#3458 = DIRECTION('',(1.,0.,0.));
#3459 = DIRECTION('',(0.,-1.,0.));
#3460 = ADVANCED_FACE('',(#3461),#3479,.F.);
#3461 = FACE_BOUND('',#3462,.F.);
#3462 = EDGE_LOOP('',(#3463,#3464,#3465,#3473));
#3463 = ORIENTED_EDGE('',*,*,#3418,.F.);
#3464 = ORIENTED_EDGE('',*,*,#3433,.T.);
#3465 = ORIENTED_EDGE('',*,*,#3466,.T.);
#3466 = EDGE_CURVE('',#3434,#3467,#3469,.T.);
#3467 = VERTEX_POINT('',#3468);
#3468 = CARTESIAN_POINT('',(0.5,0.34,3.E-02));
#3469 = LINE('',#3470,#3471);
#3470 = CARTESIAN_POINT('',(0.5,-0.37,3.E-02));
#3471 = VECTOR('',#3472,1.);
#3472 = DIRECTION('',(0.,1.,0.));
#3473 = ORIENTED_EDGE('',*,*,#3474,.F.);
#3474 = EDGE_CURVE('',#3410,#3467,#3475,.T.);
#3475 = LINE('',#3476,#3477);
#3476 = CARTESIAN_POINT('',(-0.5,0.34,3.E-02));
#3477 = VECTOR('',#3478,1.);
#3478 = DIRECTION('',(1.,0.,0.));
#3479 = PLANE('',#3480);
#3480 = AXIS2_PLACEMENT_3D('',#3481,#3482,#3483);
#3481 = CARTESIAN_POINT('',(-0.5,-0.37,3.E-02));
#3482 = DIRECTION('',(0.,0.,1.));
#3483 = DIRECTION('',(1.,0.,-0.));
#3484 = ADVANCED_FACE('',(#3485),#3504,.T.);
#3485 = FACE_BOUND('',#3486,.T.);
#3486 = EDGE_LOOP('',(#3487,#3495,#3502,#3503));
#3487 = ORIENTED_EDGE('',*,*,#3488,.T.);
#3488 = EDGE_CURVE('',#3402,#3489,#3491,.T.);
#3489 = VERTEX_POINT('',#3490);
#3490 = CARTESIAN_POINT('',(0.5,0.37,6.E-02));
#3491 = LINE('',#3492,#3493);
#3492 = CARTESIAN_POINT('',(-0.5,0.37,6.E-02));
#3493 = VECTOR('',#3494,1.);
#3494 = DIRECTION('',(1.,0.,0.));
#3495 = ORIENTED_EDGE('',*,*,#3496,.T.);
#3496 = EDGE_CURVE('',#3489,#3467,#3497,.T.);
#3497 = CIRCLE('',#3498,3.E-02);
#3498 = AXIS2_PLACEMENT_3D('',#3499,#3500,#3501);
#3499 = CARTESIAN_POINT('',(0.5,0.34,6.E-02));
#3500 = DIRECTION('',(-1.,0.,0.));
#3501 = DIRECTION('',(0.,0.,1.));
#3502 = ORIENTED_EDGE('',*,*,#3474,.F.);
#3503 = ORIENTED_EDGE('',*,*,#3409,.F.);
#3504 = CYLINDRICAL_SURFACE('',#3505,3.E-02);
#3505 = AXIS2_PLACEMENT_3D('',#3506,#3507,#3508);
#3506 = CARTESIAN_POINT('',(-0.5,0.34,6.E-02));
#3507 = DIRECTION('',(1.,0.,0.));
#3508 = DIRECTION('',(-0.,1.,0.));
#3509 = ADVANCED_FACE('',(#3510),#3528,.T.);
#3510 = FACE_BOUND('',#3511,.T.);
#3511 = EDGE_LOOP('',(#3512,#3520,#3521,#3522));
#3512 = ORIENTED_EDGE('',*,*,#3513,.F.);
#3513 = EDGE_CURVE('',#3489,#3514,#3516,.T.);
#3514 = VERTEX_POINT('',#3515);
#3515 = CARTESIAN_POINT('',(0.5,0.37,0.74));
#3516 = LINE('',#3517,#3518);
#3517 = CARTESIAN_POINT('',(0.5,0.37,3.E-02));
#3518 = VECTOR('',#3519,1.);
#3519 = DIRECTION('',(0.,0.,1.));
#3520 = ORIENTED_EDGE('',*,*,#3488,.F.);
#3521 = ORIENTED_EDGE('',*,*,#3401,.T.);
#3522 = ORIENTED_EDGE('',*,*,#3523,.T.);
#3523 = EDGE_CURVE('',#3393,#3514,#3524,.T.);
#3524 = LINE('',#3525,#3526);
#3525 = CARTESIAN_POINT('',(-0.5,0.37,0.74));
#3526 = VECTOR('',#3527,1.);
#3527 = DIRECTION('',(1.,0.,0.));
#3528 = PLANE('',#3529);
#3529 = AXIS2_PLACEMENT_3D('',#3530,#3531,#3532);
#3530 = CARTESIAN_POINT('',(-0.5,0.37,3.E-02));
#3531 = DIRECTION('',(0.,1.,0.));
#3532 = DIRECTION('',(0.,-0.,1.));
#3533 = ADVANCED_FACE('',(#3534),#3553,.T.);
#3534 = FACE_BOUND('',#3535,.T.);
#3535 = EDGE_LOOP('',(#3536,#3537,#3545,#3552));
#3536 = ORIENTED_EDGE('',*,*,#3392,.T.);
#3537 = ORIENTED_EDGE('',*,*,#3538,.T.);
#3538 = EDGE_CURVE('',#3385,#3539,#3541,.T.);
#3539 = VERTEX_POINT('',#3540);
#3540 = CARTESIAN_POINT('',(0.5,0.34,0.77));
#3541 = LINE('',#3542,#3543);
#3542 = CARTESIAN_POINT('',(-0.5,0.34,0.77));
#3543 = VECTOR('',#3544,1.);
#3544 = DIRECTION('',(1.,0.,0.));
#3545 = ORIENTED_EDGE('',*,*,#3546,.F.);
#3546 = EDGE_CURVE('',#3514,#3539,#3547,.T.);
#3547 = CIRCLE('',#3548,3.E-02);
#3548 = AXIS2_PLACEMENT_3D('',#3549,#3550,#3551);
#3549 = CARTESIAN_POINT('',(0.5,0.34,0.74));
#3550 = DIRECTION('',(1.,0.,-0.));
#3551 = DIRECTION('',(0.,0.,1.));
#3552 = ORIENTED_EDGE('',*,*,#3523,.F.);
#3553 = CYLINDRICAL_SURFACE('',#3554,3.E-02);
#3554 = AXIS2_PLACEMENT_3D('',#3555,#3556,#3557);
#3555 = CARTESIAN_POINT('',(-0.5,0.34,0.74));
#3556 = DIRECTION('',(1.,0.,0.));
#3557 = DIRECTION('',(-0.,1.,0.));
#3558 = ADVANCED_FACE('',(#3559),#3577,.T.);
#3559 = FACE_BOUND('',#3560,.T.);
#3560 = EDGE_LOOP('',(#3561,#3562,#3570,#3576));
#3561 = ORIENTED_EDGE('',*,*,#3384,.F.);
#3562 = ORIENTED_EDGE('',*,*,#3563,.T.);
#3563 = EDGE_CURVE('',#3376,#3564,#3566,.T.);
#3564 = VERTEX_POINT('',#3565);
#3565 = CARTESIAN_POINT('',(0.5,-0.34,0.77));
#3566 = LINE('',#3567,#3568);
#3567 = CARTESIAN_POINT('',(-0.5,-0.34,0.77));
#3568 = VECTOR('',#3569,1.);
#3569 = DIRECTION('',(1.,0.,0.));
#3570 = ORIENTED_EDGE('',*,*,#3571,.T.);
#3571 = EDGE_CURVE('',#3564,#3539,#3572,.T.);
#3572 = LINE('',#3573,#3574);
#3573 = CARTESIAN_POINT('',(0.5,-0.37,0.77));
#3574 = VECTOR('',#3575,1.);
#3575 = DIRECTION('',(0.,1.,0.));
#3576 = ORIENTED_EDGE('',*,*,#3538,.F.);
#3577 = PLANE('',#3578);
#3578 = AXIS2_PLACEMENT_3D('',#3579,#3580,#3581);
#3579 = CARTESIAN_POINT('',(-0.5,-0.37,0.77));
#3580 = DIRECTION('',(0.,0.,1.));
#3581 = DIRECTION('',(1.,0.,-0.));
#3582 = ADVANCED_FACE('',(#3583),#3602,.T.);
#3583 = FACE_BOUND('',#3584,.T.);
#3584 = EDGE_LOOP('',(#3585,#3593,#3600,#3601));
#3585 = ORIENTED_EDGE('',*,*,#3586,.T.);
#3586 = EDGE_CURVE('',#3368,#3587,#3589,.T.);
#3587 = VERTEX_POINT('',#3588);
#3588 = CARTESIAN_POINT('',(0.5,-0.37,0.74));
#3589 = LINE('',#3590,#3591);
#3590 = CARTESIAN_POINT('',(-0.5,-0.37,0.74));
#3591 = VECTOR('',#3592,1.);
#3592 = DIRECTION('',(1.,0.,0.));
#3593 = ORIENTED_EDGE('',*,*,#3594,.T.);
#3594 = EDGE_CURVE('',#3587,#3564,#3595,.T.);
#3595 = CIRCLE('',#3596,3.E-02);
#3596 = AXIS2_PLACEMENT_3D('',#3597,#3598,#3599);
#3597 = CARTESIAN_POINT('',(0.5,-0.34,0.74));
#3598 = DIRECTION('',(-1.,0.,0.));
#3599 = DIRECTION('',(0.,0.,1.));
#3600 = ORIENTED_EDGE('',*,*,#3563,.F.);
#3601 = ORIENTED_EDGE('',*,*,#3375,.F.);
#3602 = CYLINDRICAL_SURFACE('',#3603,3.E-02);
#3603 = AXIS2_PLACEMENT_3D('',#3604,#3605,#3606);
#3604 = CARTESIAN_POINT('',(-0.5,-0.34,0.74));
#3605 = DIRECTION('',(1.,0.,0.));
#3606 = DIRECTION('',(0.,-1.,0.));
#3607 = ADVANCED_FACE('',(#3608),#3619,.F.);
#3608 = FACE_BOUND('',#3609,.F.);
#3609 = EDGE_LOOP('',(#3610,#3616,#3617,#3618));
#3610 = ORIENTED_EDGE('',*,*,#3611,.F.);
#3611 = EDGE_CURVE('',#3442,#3587,#3612,.T.);
#3612 = LINE('',#3613,#3614);
#3613 = CARTESIAN_POINT('',(0.5,-0.37,3.E-02));
#3614 = VECTOR('',#3615,1.);
#3615 = DIRECTION('',(0.,0.,1.));
#3616 = ORIENTED_EDGE('',*,*,#3450,.F.);
#3617 = ORIENTED_EDGE('',*,*,#3367,.T.);
#3618 = ORIENTED_EDGE('',*,*,#3586,.T.);
#3619 = PLANE('',#3620);
#3620 = AXIS2_PLACEMENT_3D('',#3621,#3622,#3623);
#3621 = CARTESIAN_POINT('',(-0.5,-0.37,3.E-02));
#3622 = DIRECTION('',(0.,1.,0.));
#3623 = DIRECTION('',(0.,-0.,1.));
#3624 = ADVANCED_FACE('',(#3625,#3695),#3705,.F.);
#3625 = FACE_BOUND('',#3626,.F.);
#3626 = EDGE_LOOP('',(#3627,#3637,#3646,#3654,#3663,#3671,#3680,#3688));
#3627 = ORIENTED_EDGE('',*,*,#3628,.F.);
#3628 = EDGE_CURVE('',#3629,#3631,#3633,.T.);
#3629 = VERTEX_POINT('',#3630);
#3630 = CARTESIAN_POINT('',(0.5,-0.4,3.E-02));
#3631 = VERTEX_POINT('',#3632);
#3632 = CARTESIAN_POINT('',(0.5,-0.4,0.77));
#3633 = LINE('',#3634,#3635);
#3634 = CARTESIAN_POINT('',(0.5,-0.4,0.));
#3635 = VECTOR('',#3636,1.);
#3636 = DIRECTION('',(0.,0.,1.));
#3637 = ORIENTED_EDGE('',*,*,#3638,.T.);
#3638 = EDGE_CURVE('',#3629,#3639,#3641,.T.);
#3639 = VERTEX_POINT('',#3640);
#3640 = CARTESIAN_POINT('',(0.5,-0.37,0.));
#3641 = CIRCLE('',#3642,3.E-02);
#3642 = AXIS2_PLACEMENT_3D('',#3643,#3644,#3645);
#3643 = CARTESIAN_POINT('',(0.5,-0.37,3.E-02));
#3644 = DIRECTION('',(1.,0.,-0.));
#3645 = DIRECTION('',(0.,0.,1.));
#3646 = ORIENTED_EDGE('',*,*,#3647,.T.);
#3647 = EDGE_CURVE('',#3639,#3648,#3650,.T.);
#3648 = VERTEX_POINT('',#3649);
#3649 = CARTESIAN_POINT('',(0.5,0.37,0.));
#3650 = LINE('',#3651,#3652);
#3651 = CARTESIAN_POINT('',(0.5,-0.4,0.));
#3652 = VECTOR('',#3653,1.);
#3653 = DIRECTION('',(0.,1.,0.));
#3654 = ORIENTED_EDGE('',*,*,#3655,.F.);
#3655 = EDGE_CURVE('',#3656,#3648,#3658,.T.);
#3656 = VERTEX_POINT('',#3657);
#3657 = CARTESIAN_POINT('',(0.5,0.4,3.E-02));
#3658 = CIRCLE('',#3659,3.E-02);
#3659 = AXIS2_PLACEMENT_3D('',#3660,#3661,#3662);
#3660 = CARTESIAN_POINT('',(0.5,0.37,3.E-02));
#3661 = DIRECTION('',(-1.,0.,0.));
#3662 = DIRECTION('',(0.,0.,1.));
#3663 = ORIENTED_EDGE('',*,*,#3664,.T.);
#3664 = EDGE_CURVE('',#3656,#3665,#3667,.T.);
#3665 = VERTEX_POINT('',#3666);
#3666 = CARTESIAN_POINT('',(0.5,0.4,0.77));
#3667 = LINE('',#3668,#3669);
#3668 = CARTESIAN_POINT('',(0.5,0.4,0.));
#3669 = VECTOR('',#3670,1.);
#3670 = DIRECTION('',(0.,0.,1.));
#3671 = ORIENTED_EDGE('',*,*,#3672,.T.);
#3672 = EDGE_CURVE('',#3665,#3673,#3675,.T.);
#3673 = VERTEX_POINT('',#3674);
#3674 = CARTESIAN_POINT('',(0.5,0.37,0.8));
#3675 = CIRCLE('',#3676,3.E-02);
#3676 = AXIS2_PLACEMENT_3D('',#3677,#3678,#3679);
#3677 = CARTESIAN_POINT('',(0.5,0.37,0.77));
#3678 = DIRECTION('',(1.,0.,-0.));
#3679 = DIRECTION('',(0.,0.,1.));
#3680 = ORIENTED_EDGE('',*,*,#3681,.F.);
#3681 = EDGE_CURVE('',#3682,#3673,#3684,.T.);
#3682 = VERTEX_POINT('',#3683);
#3683 = CARTESIAN_POINT('',(0.5,-0.37,0.8));
#3684 = LINE('',#3685,#3686);
#3685 = CARTESIAN_POINT('',(0.5,-0.4,0.8));
#3686 = VECTOR('',#3687,1.);
#3687 = DIRECTION('',(0.,1.,0.));
#3688 = ORIENTED_EDGE('',*,*,#3689,.F.);
#3689 = EDGE_CURVE('',#3631,#3682,#3690,.T.);
#3690 = CIRCLE('',#3691,3.E-02);
#3691 = AXIS2_PLACEMENT_3D('',#3692,#3693,#3694);
#3692 = CARTESIAN_POINT('',(0.5,-0.37,0.77));
#3693 = DIRECTION('',(-1.,0.,0.));
#3694 = DIRECTION('',(0.,0.,1.));
#3695 = FACE_BOUND('',#3696,.F.);
#3696 = EDGE_LOOP('',(#3697,#3698,#3699,#3700,#3701,#3702,#3703,#3704));
#3697 = ORIENTED_EDGE('',*,*,#3441,.F.);
#3698 = ORIENTED_EDGE('',*,*,#3611,.T.);
#3699 = ORIENTED_EDGE('',*,*,#3594,.T.);
#3700 = ORIENTED_EDGE('',*,*,#3571,.T.);
#3701 = ORIENTED_EDGE('',*,*,#3546,.F.);
#3702 = ORIENTED_EDGE('',*,*,#3513,.F.);
#3703 = ORIENTED_EDGE('',*,*,#3496,.T.);
#3704 = ORIENTED_EDGE('',*,*,#3466,.F.);
#3705 = PLANE('',#3706);
#3706 = AXIS2_PLACEMENT_3D('',#3707,#3708,#3709);
#3707 = CARTESIAN_POINT('',(0.5,-0.4,0.));
#3708 = DIRECTION('',(1.,0.,0.));
#3709 = DIRECTION('',(0.,0.,1.));
#3710 = ADVANCED_FACE('',(#3711),#3736,.F.);
#3711 = FACE_BOUND('',#3712,.F.);
#3712 = EDGE_LOOP('',(#3713,#3723,#3729,#3730));
#3713 = ORIENTED_EDGE('',*,*,#3714,.F.);
#3714 = EDGE_CURVE('',#3715,#3717,#3719,.T.);
#3715 = VERTEX_POINT('',#3716);
#3716 = CARTESIAN_POINT('',(0.8,-0.4,3.E-02));
#3717 = VERTEX_POINT('',#3718);
#3718 = CARTESIAN_POINT('',(0.8,-0.4,0.77));
#3719 = LINE('',#3720,#3721);
#3720 = CARTESIAN_POINT('',(0.8,-0.4,0.));
#3721 = VECTOR('',#3722,1.);
#3722 = DIRECTION('',(0.,0.,1.));
#3723 = ORIENTED_EDGE('',*,*,#3724,.F.);
#3724 = EDGE_CURVE('',#3629,#3715,#3725,.T.);
#3725 = LINE('',#3726,#3727);
#3726 = CARTESIAN_POINT('',(0.5,-0.4,3.E-02));
#3727 = VECTOR('',#3728,1.);
#3728 = DIRECTION('',(1.,0.,0.));
#3729 = ORIENTED_EDGE('',*,*,#3628,.T.);
#3730 = ORIENTED_EDGE('',*,*,#3731,.T.);
#3731 = EDGE_CURVE('',#3631,#3717,#3732,.T.);
#3732 = LINE('',#3733,#3734);
#3733 = CARTESIAN_POINT('',(0.5,-0.4,0.77));
#3734 = VECTOR('',#3735,1.);
#3735 = DIRECTION('',(1.,0.,0.));
#3736 = PLANE('',#3737);
#3737 = AXIS2_PLACEMENT_3D('',#3738,#3739,#3740);
#3738 = CARTESIAN_POINT('',(0.5,-0.4,0.));
#3739 = DIRECTION('',(0.,1.,0.));
#3740 = DIRECTION('',(0.,-0.,1.));
#3741 = ADVANCED_FACE('',(#3742),#3761,.T.);
#3742 = FACE_BOUND('',#3743,.T.);
#3743 = EDGE_LOOP('',(#3744,#3745,#3753,#3760));
#3744 = ORIENTED_EDGE('',*,*,#3638,.T.);
#3745 = ORIENTED_EDGE('',*,*,#3746,.T.);
#3746 = EDGE_CURVE('',#3639,#3747,#3749,.T.);
#3747 = VERTEX_POINT('',#3748);
#3748 = CARTESIAN_POINT('',(0.8,-0.37,0.));
#3749 = LINE('',#3750,#3751);
#3750 = CARTESIAN_POINT('',(0.5,-0.37,0.));
#3751 = VECTOR('',#3752,1.);
#3752 = DIRECTION('',(1.,0.,0.));
#3753 = ORIENTED_EDGE('',*,*,#3754,.F.);
#3754 = EDGE_CURVE('',#3715,#3747,#3755,.T.);
#3755 = CIRCLE('',#3756,3.E-02);
#3756 = AXIS2_PLACEMENT_3D('',#3757,#3758,#3759);
#3757 = CARTESIAN_POINT('',(0.8,-0.37,3.E-02));
#3758 = DIRECTION('',(1.,0.,-0.));
#3759 = DIRECTION('',(0.,0.,1.));
#3760 = ORIENTED_EDGE('',*,*,#3724,.F.);
#3761 = CYLINDRICAL_SURFACE('',#3762,3.E-02);
#3762 = AXIS2_PLACEMENT_3D('',#3763,#3764,#3765);
#3763 = CARTESIAN_POINT('',(0.5,-0.37,3.E-02));
#3764 = DIRECTION('',(1.,0.,0.));
#3765 = DIRECTION('',(0.,-1.,0.));
#3766 = ADVANCED_FACE('',(#3767),#3786,.T.);
#3767 = FACE_BOUND('',#3768,.T.);
#3768 = EDGE_LOOP('',(#3769,#3770,#3779,#3785));
#3769 = ORIENTED_EDGE('',*,*,#3731,.T.);
#3770 = ORIENTED_EDGE('',*,*,#3771,.T.);
#3771 = EDGE_CURVE('',#3717,#3772,#3774,.T.);
#3772 = VERTEX_POINT('',#3773);
#3773 = CARTESIAN_POINT('',(0.8,-0.37,0.8));
#3774 = CIRCLE('',#3775,3.E-02);
#3775 = AXIS2_PLACEMENT_3D('',#3776,#3777,#3778);
#3776 = CARTESIAN_POINT('',(0.8,-0.37,0.77));
#3777 = DIRECTION('',(-1.,0.,0.));
#3778 = DIRECTION('',(0.,0.,1.));
#3779 = ORIENTED_EDGE('',*,*,#3780,.F.);
#3780 = EDGE_CURVE('',#3682,#3772,#3781,.T.);
#3781 = LINE('',#3782,#3783);
#3782 = CARTESIAN_POINT('',(0.5,-0.37,0.8));
#3783 = VECTOR('',#3784,1.);
#3784 = DIRECTION('',(1.,0.,0.));
#3785 = ORIENTED_EDGE('',*,*,#3689,.F.);
#3786 = CYLINDRICAL_SURFACE('',#3787,3.E-02);
#3787 = AXIS2_PLACEMENT_3D('',#3788,#3789,#3790);
#3788 = CARTESIAN_POINT('',(0.5,-0.37,0.77));
#3789 = DIRECTION('',(1.,0.,0.));
#3790 = DIRECTION('',(0.,-1.,0.));
#3791 = ADVANCED_FACE('',(#3792),#3810,.F.);
#3792 = FACE_BOUND('',#3793,.F.);
#3793 = EDGE_LOOP('',(#3794,#3795,#3796,#3804));
#3794 = ORIENTED_EDGE('',*,*,#3647,.F.);
#3795 = ORIENTED_EDGE('',*,*,#3746,.T.);
#3796 = ORIENTED_EDGE('',*,*,#3797,.T.);
#3797 = EDGE_CURVE('',#3747,#3798,#3800,.T.);
#3798 = VERTEX_POINT('',#3799);
#3799 = CARTESIAN_POINT('',(0.8,0.37,0.));
#3800 = LINE('',#3801,#3802);
#3801 = CARTESIAN_POINT('',(0.8,-0.4,0.));
#3802 = VECTOR('',#3803,1.);
#3803 = DIRECTION('',(0.,1.,0.));
#3804 = ORIENTED_EDGE('',*,*,#3805,.F.);
#3805 = EDGE_CURVE('',#3648,#3798,#3806,.T.);
#3806 = LINE('',#3807,#3808);
#3807 = CARTESIAN_POINT('',(0.5,0.37,0.));
#3808 = VECTOR('',#3809,1.);
#3809 = DIRECTION('',(1.,0.,0.));
#3810 = PLANE('',#3811);
#3811 = AXIS2_PLACEMENT_3D('',#3812,#3813,#3814);
#3812 = CARTESIAN_POINT('',(0.5,-0.4,0.));
#3813 = DIRECTION('',(0.,0.,1.));
#3814 = DIRECTION('',(1.,0.,-0.));
#3815 = ADVANCED_FACE('',(#3816),#3834,.T.);
#3816 = FACE_BOUND('',#3817,.T.);
#3817 = EDGE_LOOP('',(#3818,#3819,#3820,#3828));
#3818 = ORIENTED_EDGE('',*,*,#3681,.F.);
#3819 = ORIENTED_EDGE('',*,*,#3780,.T.);
#3820 = ORIENTED_EDGE('',*,*,#3821,.T.);
#3821 = EDGE_CURVE('',#3772,#3822,#3824,.T.);
#3822 = VERTEX_POINT('',#3823);
#3823 = CARTESIAN_POINT('',(0.8,0.37,0.8));
#3824 = LINE('',#3825,#3826);
#3825 = CARTESIAN_POINT('',(0.8,-0.4,0.8));
#3826 = VECTOR('',#3827,1.);
#3827 = DIRECTION('',(0.,1.,0.));
#3828 = ORIENTED_EDGE('',*,*,#3829,.F.);
#3829 = EDGE_CURVE('',#3673,#3822,#3830,.T.);
#3830 = LINE('',#3831,#3832);
#3831 = CARTESIAN_POINT('',(0.5,0.37,0.8));
#3832 = VECTOR('',#3833,1.);
#3833 = DIRECTION('',(1.,0.,0.));
#3834 = PLANE('',#3835);
#3835 = AXIS2_PLACEMENT_3D('',#3836,#3837,#3838);
#3836 = CARTESIAN_POINT('',(0.5,-0.4,0.8));
#3837 = DIRECTION('',(0.,0.,1.));
#3838 = DIRECTION('',(1.,0.,-0.));
#3839 = ADVANCED_FACE('',(#3840),#3859,.T.);
#3840 = FACE_BOUND('',#3841,.T.);
#3841 = EDGE_LOOP('',(#3842,#3850,#3857,#3858));
#3842 = ORIENTED_EDGE('',*,*,#3843,.T.);
#3843 = EDGE_CURVE('',#3656,#3844,#3846,.T.);
#3844 = VERTEX_POINT('',#3845);
#3845 = CARTESIAN_POINT('',(0.8,0.4,3.E-02));
#3846 = LINE('',#3847,#3848);
#3847 = CARTESIAN_POINT('',(0.5,0.4,3.E-02));
#3848 = VECTOR('',#3849,1.);
#3849 = DIRECTION('',(1.,0.,0.));
#3850 = ORIENTED_EDGE('',*,*,#3851,.T.);
#3851 = EDGE_CURVE('',#3844,#3798,#3852,.T.);
#3852 = CIRCLE('',#3853,3.E-02);
#3853 = AXIS2_PLACEMENT_3D('',#3854,#3855,#3856);
#3854 = CARTESIAN_POINT('',(0.8,0.37,3.E-02));
#3855 = DIRECTION('',(-1.,0.,0.));
#3856 = DIRECTION('',(0.,0.,1.));
#3857 = ORIENTED_EDGE('',*,*,#3805,.F.);
#3858 = ORIENTED_EDGE('',*,*,#3655,.F.);
#3859 = CYLINDRICAL_SURFACE('',#3860,3.E-02);
#3860 = AXIS2_PLACEMENT_3D('',#3861,#3862,#3863);
#3861 = CARTESIAN_POINT('',(0.5,0.37,3.E-02));
#3862 = DIRECTION('',(1.,0.,0.));
#3863 = DIRECTION('',(-0.,1.,0.));
#3864 = ADVANCED_FACE('',(#3865),#3884,.T.);
#3865 = FACE_BOUND('',#3866,.T.);
#3866 = EDGE_LOOP('',(#3867,#3868,#3869,#3878));
#3867 = ORIENTED_EDGE('',*,*,#3672,.T.);
#3868 = ORIENTED_EDGE('',*,*,#3829,.T.);
#3869 = ORIENTED_EDGE('',*,*,#3870,.F.);
#3870 = EDGE_CURVE('',#3871,#3822,#3873,.T.);
#3871 = VERTEX_POINT('',#3872);
#3872 = CARTESIAN_POINT('',(0.8,0.4,0.77));
#3873 = CIRCLE('',#3874,3.E-02);
#3874 = AXIS2_PLACEMENT_3D('',#3875,#3876,#3877);
#3875 = CARTESIAN_POINT('',(0.8,0.37,0.77));
#3876 = DIRECTION('',(1.,0.,-0.));
#3877 = DIRECTION('',(0.,0.,1.));
#3878 = ORIENTED_EDGE('',*,*,#3879,.F.);
#3879 = EDGE_CURVE('',#3665,#3871,#3880,.T.);
#3880 = LINE('',#3881,#3882);
#3881 = CARTESIAN_POINT('',(0.5,0.4,0.77));
#3882 = VECTOR('',#3883,1.);
#3883 = DIRECTION('',(1.,0.,0.));
#3884 = CYLINDRICAL_SURFACE('',#3885,3.E-02);
#3885 = AXIS2_PLACEMENT_3D('',#3886,#3887,#3888);
#3886 = CARTESIAN_POINT('',(0.5,0.37,0.77));
#3887 = DIRECTION('',(1.,0.,0.));
#3888 = DIRECTION('',(-0.,1.,0.));
#3889 = ADVANCED_FACE('',(#3890),#3901,.T.);
#3890 = FACE_BOUND('',#3891,.T.);
#3891 = EDGE_LOOP('',(#3892,#3898,#3899,#3900));
#3892 = ORIENTED_EDGE('',*,*,#3893,.F.);
#3893 = EDGE_CURVE('',#3844,#3871,#3894,.T.);
#3894 = LINE('',#3895,#3896);
#3895 = CARTESIAN_POINT('',(0.8,0.4,0.));
#3896 = VECTOR('',#3897,1.);
#3897 = DIRECTION('',(0.,0.,1.));
#3898 = ORIENTED_EDGE('',*,*,#3843,.F.);
#3899 = ORIENTED_EDGE('',*,*,#3664,.T.);
#3900 = ORIENTED_EDGE('',*,*,#3879,.T.);
#3901 = PLANE('',#3902);
#3902 = AXIS2_PLACEMENT_3D('',#3903,#3904,#3905);
#3903 = CARTESIAN_POINT('',(0.5,0.4,0.));
#3904 = DIRECTION('',(0.,1.,0.));
#3905 = DIRECTION('',(0.,-0.,1.));
#3906 = ADVANCED_FACE('',(#3907),#3917,.T.);
#3907 = FACE_BOUND('',#3908,.T.);
#3908 = EDGE_LOOP('',(#3909,#3910,#3911,#3912,#3913,#3914,#3915,#3916));
#3909 = ORIENTED_EDGE('',*,*,#3714,.F.);
#3910 = ORIENTED_EDGE('',*,*,#3754,.T.);
#3911 = ORIENTED_EDGE('',*,*,#3797,.T.);
#3912 = ORIENTED_EDGE('',*,*,#3851,.F.);
#3913 = ORIENTED_EDGE('',*,*,#3893,.T.);
#3914 = ORIENTED_EDGE('',*,*,#3870,.T.);
#3915 = ORIENTED_EDGE('',*,*,#3821,.F.);
#3916 = ORIENTED_EDGE('',*,*,#3771,.F.);
#3917 = PLANE('',#3918);
#3918 = AXIS2_PLACEMENT_3D('',#3919,#3920,#3921);
#3919 = CARTESIAN_POINT('',(0.8,-0.4,0.));
#3920 = DIRECTION('',(1.,0.,0.));
#3921 = DIRECTION('',(0.,0.,1.));
#3922 = ( GEOMETRIC_REPRESENTATION_CONTEXT(3) 
GLOBAL_UNCERTAINTY_ASSIGNED_CONTEXT((#3926)) 
GLOBAL_UNIT_ASSIGNED_CONTEXT((#3923,#3924,#3925)) REPRESENTATION_CONTEXT
('Context #1','3D Context with UNIT and UNCERTAINTY') );
#3923 = ( LENGTH_UNIT() NAMED_UNIT(*) SI_UNIT(.MILLI.,.METRE.) );
#3924 = ( NAMED_UNIT(*) PLANE_ANGLE_UNIT() SI_UNIT($,.RADIAN.) );
#3925 = ( NAMED_UNIT(*) SI_UNIT($,.STERADIAN.) SOLID_ANGLE_UNIT() );
#3926 = UNCERTAINTY_MEASURE_WITH_UNIT(LENGTH_MEASURE(1.E-07),#3923,
  'distance_accuracy_value','confusion accuracy');
#3927 = CONTEXT_DEPENDENT_SHAPE_REPRESENTATION(#3928,#3930);
#3928 = ( REPRESENTATION_RELATIONSHIP('','',#3067,#3044) 
REPRESENTATION_RELATIONSHIP_WITH_TRANSFORMATION(#3929) 
SHAPE_REPRESENTATION_RELATIONSHIP() );
#3929 = ITEM_DEFINED_TRANSFORMATION('','',#11,#3045);
#3930 = PRODUCT_DEFINITION_SHAPE('Placement','Placement of an item',
  #3931);
#3931 = NEXT_ASSEMBLY_USAGE_OCCURRENCE('5','=>[0:1:1:7]','',#3039,#3062,
  $);
#3932 = PRODUCT_RELATED_PRODUCT_CATEGORY('part',$,(#3064));
#3933 = CONTEXT_DEPENDENT_SHAPE_REPRESENTATION(#3934,#3936);
#3934 = ( REPRESENTATION_RELATIONSHIP('','',#124,#10) 
REPRESENTATION_RELATIONSHIP_WITH_TRANSFORMATION(#3935) 
SHAPE_REPRESENTATION_RELATIONSHIP() );
#3935 = ITEM_DEFINED_TRANSFORMATION('','',#11,#27);
#3936 = PRODUCT_DEFINITION_SHAPE('Placement','Placement of an item',
  #3937);
#3937 = NEXT_ASSEMBLY_USAGE_OCCURRENCE('7','C6','',#5,#119,$);
#3938 = SHAPE_DEFINITION_REPRESENTATION(#3939,#3945);
#3939 = PRODUCT_DEFINITION_SHAPE('','',#3940);
#3940 = PRODUCT_DEFINITION('design','',#3941,#3944);
#3941 = PRODUCT_DEFINITION_FORMATION('','',#3942);
#3942 = PRODUCT('R_0603_1608Metric','R_0603_1608Metric','',(#3943));
#3943 = PRODUCT_CONTEXT('',#2,'mechanical');
#3944 = PRODUCT_DEFINITION_CONTEXT('part definition',#2,'design');
#3945 = SHAPE_REPRESENTATION('',(#11,#3946),#3950);
#3946 = AXIS2_PLACEMENT_3D('',#3947,#3948,#3949);
#3947 = CARTESIAN_POINT('',(0.,0.,0.));
#3948 = DIRECTION('',(0.,0.,1.));
#3949 = DIRECTION('',(1.,0.,-0.));
#3950 = ( GEOMETRIC_REPRESENTATION_CONTEXT(3) 
GLOBAL_UNCERTAINTY_ASSIGNED_CONTEXT((#3954)) 
GLOBAL_UNIT_ASSIGNED_CONTEXT((#3951,#3952,#3953)) REPRESENTATION_CONTEXT
('Context #1','3D Context with UNIT and UNCERTAINTY') );
#3951 = ( LENGTH_UNIT() NAMED_UNIT(*) SI_UNIT(.MILLI.,.METRE.) );
#3952 = ( NAMED_UNIT(*) PLANE_ANGLE_UNIT() SI_UNIT($,.RADIAN.) );
#3953 = ( NAMED_UNIT(*) SI_UNIT($,.STERADIAN.) SOLID_ANGLE_UNIT() );
#3954 = UNCERTAINTY_MEASURE_WITH_UNIT(LENGTH_MEASURE(1.E-07),#3951,
  'distance_accuracy_value','confusion accuracy');
#3955 = CONTEXT_DEPENDENT_SHAPE_REPRESENTATION(#3956,#3958);
#3956 = ( REPRESENTATION_RELATIONSHIP('','',#3945,#10) 
REPRESENTATION_RELATIONSHIP_WITH_TRANSFORMATION(#3957) 
SHAPE_REPRESENTATION_RELATIONSHIP() );
#3957 = ITEM_DEFINED_TRANSFORMATION('','',#11,#31);
#3958 = PRODUCT_DEFINITION_SHAPE('Placement','Placement of an item',
  #3959);
#3959 = NEXT_ASSEMBLY_USAGE_OCCURRENCE('9','R3','',#5,#3940,$);
#3960 = PRODUCT_RELATED_PRODUCT_CATEGORY('part',$,(#3942));
#3961 = SHAPE_DEFINITION_REPRESENTATION(#3962,#3968);
#3962 = PRODUCT_DEFINITION_SHAPE('','',#3963);
#3963 = PRODUCT_DEFINITION('design','',#3964,#3967);
#3964 = PRODUCT_DEFINITION_FORMATION('','',#3965);
#3965 = PRODUCT('R_0603_1608Metric','R_0603_1608Metric','',(#3966));
#3966 = PRODUCT_CONTEXT('',#2,'mechanical');
#3967 = PRODUCT_DEFINITION_CONTEXT('part definition',#2,'design');
#3968 = ADVANCED_BREP_SHAPE_REPRESENTATION('',(#11,#3969),#4759);
#3969 = MANIFOLD_SOLID_BREP('',#3970);
#3970 = CLOSED_SHELL('',(#3971,#4011,#4094,#4119,#4144,#4211,#4228,#4245
    ,#4294,#4311,#4328,#4377,#4394,#4463,#4494,#4518,#4587,#4611,#4628,
    #4645,#4662,#4679,#4696,#4713,#4730,#4747));
#3971 = ADVANCED_FACE('',(#3972),#4006,.F.);
#3972 = FACE_BOUND('',#3973,.F.);
#3973 = EDGE_LOOP('',(#3974,#3984,#3992,#4000));
#3974 = ORIENTED_EDGE('',*,*,#3975,.F.);
#3975 = EDGE_CURVE('',#3976,#3978,#3980,.T.);
#3976 = VERTEX_POINT('',#3977);
#3977 = CARTESIAN_POINT('',(-0.8,-0.4,4.5E-02));
#3978 = VERTEX_POINT('',#3979);
#3979 = CARTESIAN_POINT('',(-0.8,-0.4,0.405));
#3980 = LINE('',#3981,#3982);
#3981 = CARTESIAN_POINT('',(-0.8,-0.4,0.));
#3982 = VECTOR('',#3983,1.);
#3983 = DIRECTION('',(0.,0.,1.));
#3984 = ORIENTED_EDGE('',*,*,#3985,.T.);
#3985 = EDGE_CURVE('',#3976,#3986,#3988,.T.);
#3986 = VERTEX_POINT('',#3987);
#3987 = CARTESIAN_POINT('',(-0.8,0.4,4.5E-02));
#3988 = LINE('',#3989,#3990);
#3989 = CARTESIAN_POINT('',(-0.8,-0.4,4.5E-02));
#3990 = VECTOR('',#3991,1.);
#3991 = DIRECTION('',(0.,1.,0.));
#3992 = ORIENTED_EDGE('',*,*,#3993,.T.);
#3993 = EDGE_CURVE('',#3986,#3994,#3996,.T.);
#3994 = VERTEX_POINT('',#3995);
#3995 = CARTESIAN_POINT('',(-0.8,0.4,0.405));
#3996 = LINE('',#3997,#3998);
#3997 = CARTESIAN_POINT('',(-0.8,0.4,0.));
#3998 = VECTOR('',#3999,1.);
#3999 = DIRECTION('',(0.,0.,1.));
#4000 = ORIENTED_EDGE('',*,*,#4001,.F.);
#4001 = EDGE_CURVE('',#3978,#3994,#4002,.T.);
#4002 = LINE('',#4003,#4004);
#4003 = CARTESIAN_POINT('',(-0.8,-0.4,0.405));
#4004 = VECTOR('',#4005,1.);
#4005 = DIRECTION('',(0.,1.,0.));
#4006 = PLANE('',#4007);
#4007 = AXIS2_PLACEMENT_3D('',#4008,#4009,#4010);
#4008 = CARTESIAN_POINT('',(-0.8,-0.4,0.));
#4009 = DIRECTION('',(1.,0.,0.));
#4010 = DIRECTION('',(0.,0.,1.));
#4011 = ADVANCED_FACE('',(#4012),#4089,.F.);
#4012 = FACE_BOUND('',#4013,.F.);
#4013 = EDGE_LOOP('',(#4014,#4024,#4031,#4032,#4041,#4049,#4058,#4066,
    #4074,#4082));
#4014 = ORIENTED_EDGE('',*,*,#4015,.F.);
#4015 = EDGE_CURVE('',#4016,#4018,#4020,.T.);
#4016 = VERTEX_POINT('',#4017);
#4017 = CARTESIAN_POINT('',(-0.755,-0.4,-2.775557561563E-17));
#4018 = VERTEX_POINT('',#4019);
#4019 = CARTESIAN_POINT('',(-0.545,-0.4,-2.775557561563E-17));
#4020 = LINE('',#4021,#4022);
#4021 = CARTESIAN_POINT('',(-0.8,-0.4,0.));
#4022 = VECTOR('',#4023,1.);
#4023 = DIRECTION('',(1.,0.,0.));
#4024 = ORIENTED_EDGE('',*,*,#4025,.F.);
#4025 = EDGE_CURVE('',#3976,#4016,#4026,.T.);
#4026 = CIRCLE('',#4027,4.5E-02);
#4027 = AXIS2_PLACEMENT_3D('',#4028,#4029,#4030);
#4028 = CARTESIAN_POINT('',(-0.755,-0.4,4.5E-02));
#4029 = DIRECTION('',(0.,-1.,0.));
#4030 = DIRECTION('',(0.,0.,1.));
#4031 = ORIENTED_EDGE('',*,*,#3975,.T.);
#4032 = ORIENTED_EDGE('',*,*,#4033,.T.);
#4033 = EDGE_CURVE('',#3978,#4034,#4036,.T.);
#4034 = VERTEX_POINT('',#4035);
#4035 = CARTESIAN_POINT('',(-0.755,-0.4,0.45));
#4036 = CIRCLE('',#4037,4.5E-02);
#4037 = AXIS2_PLACEMENT_3D('',#4038,#4039,#4040);
#4038 = CARTESIAN_POINT('',(-0.755,-0.4,0.405));
#4039 = DIRECTION('',(0.,1.,0.));
#4040 = DIRECTION('',(0.,-0.,1.));
#4041 = ORIENTED_EDGE('',*,*,#4042,.T.);
#4042 = EDGE_CURVE('',#4034,#4043,#4045,.T.);
#4043 = VERTEX_POINT('',#4044);
#4044 = CARTESIAN_POINT('',(-0.545,-0.4,0.45));
#4045 = LINE('',#4046,#4047);
#4046 = CARTESIAN_POINT('',(-0.8,-0.4,0.45));
#4047 = VECTOR('',#4048,1.);
#4048 = DIRECTION('',(1.,0.,0.));
#4049 = ORIENTED_EDGE('',*,*,#4050,.F.);
#4050 = EDGE_CURVE('',#4051,#4043,#4053,.T.);
#4051 = VERTEX_POINT('',#4052);
#4052 = CARTESIAN_POINT('',(-0.5,-0.4,0.405));
#4053 = CIRCLE('',#4054,4.5E-02);
#4054 = AXIS2_PLACEMENT_3D('',#4055,#4056,#4057);
#4055 = CARTESIAN_POINT('',(-0.545,-0.4,0.405));
#4056 = DIRECTION('',(0.,-1.,0.));
#4057 = DIRECTION('',(0.,0.,1.));
#4058 = ORIENTED_EDGE('',*,*,#4059,.F.);
#4059 = EDGE_CURVE('',#4060,#4051,#4062,.T.);
#4060 = VERTEX_POINT('',#4061);
#4061 = CARTESIAN_POINT('',(-0.755,-0.4,0.405));
#4062 = LINE('',#4063,#4064);
#4063 = CARTESIAN_POINT('',(-0.755,-0.4,0.405));
#4064 = VECTOR('',#4065,1.);
#4065 = DIRECTION('',(1.,0.,0.));
#4066 = ORIENTED_EDGE('',*,*,#4067,.F.);
#4067 = EDGE_CURVE('',#4068,#4060,#4070,.T.);
#4068 = VERTEX_POINT('',#4069);
#4069 = CARTESIAN_POINT('',(-0.755,-0.4,4.5E-02));
#4070 = LINE('',#4071,#4072);
#4071 = CARTESIAN_POINT('',(-0.755,-0.4,4.5E-02));
#4072 = VECTOR('',#4073,1.);
#4073 = DIRECTION('',(0.,0.,1.));
#4074 = ORIENTED_EDGE('',*,*,#4075,.T.);
#4075 = EDGE_CURVE('',#4068,#4076,#4078,.T.);
#4076 = VERTEX_POINT('',#4077);
#4077 = CARTESIAN_POINT('',(-0.5,-0.4,4.5E-02));
#4078 = LINE('',#4079,#4080);
#4079 = CARTESIAN_POINT('',(-0.755,-0.4,4.5E-02));
#4080 = VECTOR('',#4081,1.);
#4081 = DIRECTION('',(1.,0.,0.));
#4082 = ORIENTED_EDGE('',*,*,#4083,.T.);
#4083 = EDGE_CURVE('',#4076,#4018,#4084,.T.);
#4084 = CIRCLE('',#4085,4.5E-02);
#4085 = AXIS2_PLACEMENT_3D('',#4086,#4087,#4088);
#4086 = CARTESIAN_POINT('',(-0.545,-0.4,4.5E-02));
#4087 = DIRECTION('',(0.,1.,0.));
#4088 = DIRECTION('',(0.,-0.,1.));
#4089 = PLANE('',#4090);
#4090 = AXIS2_PLACEMENT_3D('',#4091,#4092,#4093);
#4091 = CARTESIAN_POINT('',(-0.8,-0.4,0.));
#4092 = DIRECTION('',(0.,1.,0.));
#4093 = DIRECTION('',(0.,-0.,1.));
#4094 = ADVANCED_FACE('',(#4095),#4114,.T.);
#4095 = FACE_BOUND('',#4096,.T.);
#4096 = EDGE_LOOP('',(#4097,#4098,#4107,#4113));
#4097 = ORIENTED_EDGE('',*,*,#3985,.T.);
#4098 = ORIENTED_EDGE('',*,*,#4099,.T.);
#4099 = EDGE_CURVE('',#3986,#4100,#4102,.T.);
#4100 = VERTEX_POINT('',#4101);
#4101 = CARTESIAN_POINT('',(-0.755,0.4,-2.775557561563E-17));
#4102 = CIRCLE('',#4103,4.5E-02);
#4103 = AXIS2_PLACEMENT_3D('',#4104,#4105,#4106);
#4104 = CARTESIAN_POINT('',(-0.755,0.4,4.5E-02));
#4105 = DIRECTION('',(0.,-1.,0.));
#4106 = DIRECTION('',(0.,0.,1.));
#4107 = ORIENTED_EDGE('',*,*,#4108,.F.);
#4108 = EDGE_CURVE('',#4016,#4100,#4109,.T.);
#4109 = LINE('',#4110,#4111);
#4110 = CARTESIAN_POINT('',(-0.755,-0.4,-2.775557561563E-17));
#4111 = VECTOR('',#4112,1.);
#4112 = DIRECTION('',(0.,1.,0.));
#4113 = ORIENTED_EDGE('',*,*,#4025,.F.);
#4114 = CYLINDRICAL_SURFACE('',#4115,4.5E-02);
#4115 = AXIS2_PLACEMENT_3D('',#4116,#4117,#4118);
#4116 = CARTESIAN_POINT('',(-0.755,-0.4,4.5E-02));
#4117 = DIRECTION('',(0.,1.,0.));
#4118 = DIRECTION('',(-1.,0.,0.));
#4119 = ADVANCED_FACE('',(#4120),#4139,.T.);
#4120 = FACE_BOUND('',#4121,.T.);
#4121 = EDGE_LOOP('',(#4122,#4123,#4131,#4138));
#4122 = ORIENTED_EDGE('',*,*,#4033,.T.);
#4123 = ORIENTED_EDGE('',*,*,#4124,.T.);
#4124 = EDGE_CURVE('',#4034,#4125,#4127,.T.);
#4125 = VERTEX_POINT('',#4126);
#4126 = CARTESIAN_POINT('',(-0.755,0.4,0.45));
#4127 = LINE('',#4128,#4129);
#4128 = CARTESIAN_POINT('',(-0.755,-0.4,0.45));
#4129 = VECTOR('',#4130,1.);
#4130 = DIRECTION('',(0.,1.,0.));
#4131 = ORIENTED_EDGE('',*,*,#4132,.F.);
#4132 = EDGE_CURVE('',#3994,#4125,#4133,.T.);
#4133 = CIRCLE('',#4134,4.5E-02);
#4134 = AXIS2_PLACEMENT_3D('',#4135,#4136,#4137);
#4135 = CARTESIAN_POINT('',(-0.755,0.4,0.405));
#4136 = DIRECTION('',(0.,1.,0.));
#4137 = DIRECTION('',(0.,-0.,1.));
#4138 = ORIENTED_EDGE('',*,*,#4001,.F.);
#4139 = CYLINDRICAL_SURFACE('',#4140,4.5E-02);
#4140 = AXIS2_PLACEMENT_3D('',#4141,#4142,#4143);
#4141 = CARTESIAN_POINT('',(-0.755,-0.4,0.405));
#4142 = DIRECTION('',(0.,1.,0.));
#4143 = DIRECTION('',(-1.,0.,0.));
#4144 = ADVANCED_FACE('',(#4145),#4206,.T.);
#4145 = FACE_BOUND('',#4146,.T.);
#4146 = EDGE_LOOP('',(#4147,#4155,#4156,#4157,#4158,#4166,#4175,#4183,
    #4191,#4199));
#4147 = ORIENTED_EDGE('',*,*,#4148,.F.);
#4148 = EDGE_CURVE('',#4100,#4149,#4151,.T.);
#4149 = VERTEX_POINT('',#4150);
#4150 = CARTESIAN_POINT('',(-0.545,0.4,-2.775557561563E-17));
#4151 = LINE('',#4152,#4153);
#4152 = CARTESIAN_POINT('',(-0.8,0.4,0.));
#4153 = VECTOR('',#4154,1.);
#4154 = DIRECTION('',(1.,0.,0.));
#4155 = ORIENTED_EDGE('',*,*,#4099,.F.);
#4156 = ORIENTED_EDGE('',*,*,#3993,.T.);
#4157 = ORIENTED_EDGE('',*,*,#4132,.T.);
#4158 = ORIENTED_EDGE('',*,*,#4159,.T.);
#4159 = EDGE_CURVE('',#4125,#4160,#4162,.T.);
#4160 = VERTEX_POINT('',#4161);
#4161 = CARTESIAN_POINT('',(-0.545,0.4,0.45));
#4162 = LINE('',#4163,#4164);
#4163 = CARTESIAN_POINT('',(-0.8,0.4,0.45));
#4164 = VECTOR('',#4165,1.);
#4165 = DIRECTION('',(1.,0.,0.));
#4166 = ORIENTED_EDGE('',*,*,#4167,.F.);
#4167 = EDGE_CURVE('',#4168,#4160,#4170,.T.);
#4168 = VERTEX_POINT('',#4169);
#4169 = CARTESIAN_POINT('',(-0.5,0.4,0.405));
#4170 = CIRCLE('',#4171,4.5E-02);
#4171 = AXIS2_PLACEMENT_3D('',#4172,#4173,#4174);
#4172 = CARTESIAN_POINT('',(-0.545,0.4,0.405));
#4173 = DIRECTION('',(0.,-1.,0.));
#4174 = DIRECTION('',(0.,0.,1.));
#4175 = ORIENTED_EDGE('',*,*,#4176,.F.);
#4176 = EDGE_CURVE('',#4177,#4168,#4179,.T.);
#4177 = VERTEX_POINT('',#4178);
#4178 = CARTESIAN_POINT('',(-0.755,0.4,0.405));
#4179 = LINE('',#4180,#4181);
#4180 = CARTESIAN_POINT('',(-0.755,0.4,0.405));
#4181 = VECTOR('',#4182,1.);
#4182 = DIRECTION('',(1.,0.,0.));
#4183 = ORIENTED_EDGE('',*,*,#4184,.F.);
#4184 = EDGE_CURVE('',#4185,#4177,#4187,.T.);
#4185 = VERTEX_POINT('',#4186);
#4186 = CARTESIAN_POINT('',(-0.755,0.4,4.5E-02));
#4187 = LINE('',#4188,#4189);
#4188 = CARTESIAN_POINT('',(-0.755,0.4,4.5E-02));
#4189 = VECTOR('',#4190,1.);
#4190 = DIRECTION('',(0.,0.,1.));
#4191 = ORIENTED_EDGE('',*,*,#4192,.T.);
#4192 = EDGE_CURVE('',#4185,#4193,#4195,.T.);
#4193 = VERTEX_POINT('',#4194);
#4194 = CARTESIAN_POINT('',(-0.5,0.4,4.5E-02));
#4195 = LINE('',#4196,#4197);
#4196 = CARTESIAN_POINT('',(-0.755,0.4,4.5E-02));
#4197 = VECTOR('',#4198,1.);
#4198 = DIRECTION('',(1.,0.,0.));
#4199 = ORIENTED_EDGE('',*,*,#4200,.T.);
#4200 = EDGE_CURVE('',#4193,#4149,#4201,.T.);
#4201 = CIRCLE('',#4202,4.5E-02);
#4202 = AXIS2_PLACEMENT_3D('',#4203,#4204,#4205);
#4203 = CARTESIAN_POINT('',(-0.545,0.4,4.5E-02));
#4204 = DIRECTION('',(0.,1.,0.));
#4205 = DIRECTION('',(0.,-0.,1.));
#4206 = PLANE('',#4207);
#4207 = AXIS2_PLACEMENT_3D('',#4208,#4209,#4210);
#4208 = CARTESIAN_POINT('',(-0.8,0.4,0.));
#4209 = DIRECTION('',(0.,1.,0.));
#4210 = DIRECTION('',(0.,-0.,1.));
#4211 = ADVANCED_FACE('',(#4212),#4223,.F.);
#4212 = FACE_BOUND('',#4213,.F.);
#4213 = EDGE_LOOP('',(#4214,#4215,#4216,#4217));
#4214 = ORIENTED_EDGE('',*,*,#4148,.F.);
#4215 = ORIENTED_EDGE('',*,*,#4108,.F.);
#4216 = ORIENTED_EDGE('',*,*,#4015,.T.);
#4217 = ORIENTED_EDGE('',*,*,#4218,.T.);
#4218 = EDGE_CURVE('',#4018,#4149,#4219,.T.);
#4219 = LINE('',#4220,#4221);
#4220 = CARTESIAN_POINT('',(-0.545,-0.4,-2.775557561563E-17));
#4221 = VECTOR('',#4222,1.);
#4222 = DIRECTION('',(0.,1.,0.));
#4223 = PLANE('',#4224);
#4224 = AXIS2_PLACEMENT_3D('',#4225,#4226,#4227);
#4225 = CARTESIAN_POINT('',(-0.8,-0.4,0.));
#4226 = DIRECTION('',(0.,0.,1.));
#4227 = DIRECTION('',(1.,0.,-0.));
#4228 = ADVANCED_FACE('',(#4229),#4240,.T.);
#4229 = FACE_BOUND('',#4230,.T.);
#4230 = EDGE_LOOP('',(#4231,#4232,#4233,#4234));
#4231 = ORIENTED_EDGE('',*,*,#4083,.T.);
#4232 = ORIENTED_EDGE('',*,*,#4218,.T.);
#4233 = ORIENTED_EDGE('',*,*,#4200,.F.);
#4234 = ORIENTED_EDGE('',*,*,#4235,.F.);
#4235 = EDGE_CURVE('',#4076,#4193,#4236,.T.);
#4236 = LINE('',#4237,#4238);
#4237 = CARTESIAN_POINT('',(-0.5,-0.4,4.5E-02));
#4238 = VECTOR('',#4239,1.);
#4239 = DIRECTION('',(0.,1.,0.));
#4240 = CYLINDRICAL_SURFACE('',#4241,4.5E-02);
#4241 = AXIS2_PLACEMENT_3D('',#4242,#4243,#4244);
#4242 = CARTESIAN_POINT('',(-0.545,-0.4,4.5E-02));
#4243 = DIRECTION('',(0.,1.,0.));
#4244 = DIRECTION('',(1.,0.,0.));
#4245 = ADVANCED_FACE('',(#4246),#4289,.F.);
#4246 = FACE_BOUND('',#4247,.F.);
#4247 = EDGE_LOOP('',(#4248,#4249,#4250,#4251,#4259,#4267,#4275,#4283));
#4248 = ORIENTED_EDGE('',*,*,#4075,.F.);
#4249 = ORIENTED_EDGE('',*,*,#4067,.T.);
#4250 = ORIENTED_EDGE('',*,*,#4059,.T.);
#4251 = ORIENTED_EDGE('',*,*,#4252,.T.);
#4252 = EDGE_CURVE('',#4051,#4253,#4255,.T.);
#4253 = VERTEX_POINT('',#4254);
#4254 = CARTESIAN_POINT('',(0.5,-0.4,0.405));
#4255 = LINE('',#4256,#4257);
#4256 = CARTESIAN_POINT('',(-0.5,-0.4,0.405));
#4257 = VECTOR('',#4258,1.);
#4258 = DIRECTION('',(1.,0.,0.));
#4259 = ORIENTED_EDGE('',*,*,#4260,.T.);
#4260 = EDGE_CURVE('',#4253,#4261,#4263,.T.);
#4261 = VERTEX_POINT('',#4262);
#4262 = CARTESIAN_POINT('',(0.755,-0.4,0.405));
#4263 = LINE('',#4264,#4265);
#4264 = CARTESIAN_POINT('',(-0.755,-0.4,0.405));
#4265 = VECTOR('',#4266,1.);
#4266 = DIRECTION('',(1.,0.,0.));
#4267 = ORIENTED_EDGE('',*,*,#4268,.F.);
#4268 = EDGE_CURVE('',#4269,#4261,#4271,.T.);
#4269 = VERTEX_POINT('',#4270);
#4270 = CARTESIAN_POINT('',(0.755,-0.4,4.5E-02));
#4271 = LINE('',#4272,#4273);
#4272 = CARTESIAN_POINT('',(0.755,-0.4,4.5E-02));
#4273 = VECTOR('',#4274,1.);
#4274 = DIRECTION('',(0.,0.,1.));
#4275 = ORIENTED_EDGE('',*,*,#4276,.F.);
#4276 = EDGE_CURVE('',#4277,#4269,#4279,.T.);
#4277 = VERTEX_POINT('',#4278);
#4278 = CARTESIAN_POINT('',(0.5,-0.4,4.5E-02));
#4279 = LINE('',#4280,#4281);
#4280 = CARTESIAN_POINT('',(-0.755,-0.4,4.5E-02));
#4281 = VECTOR('',#4282,1.);
#4282 = DIRECTION('',(1.,0.,0.));
#4283 = ORIENTED_EDGE('',*,*,#4284,.F.);
#4284 = EDGE_CURVE('',#4076,#4277,#4285,.T.);
#4285 = LINE('',#4286,#4287);
#4286 = CARTESIAN_POINT('',(-0.755,-0.4,4.5E-02));
#4287 = VECTOR('',#4288,1.);
#4288 = DIRECTION('',(1.,0.,0.));
#4289 = PLANE('',#4290);
#4290 = AXIS2_PLACEMENT_3D('',#4291,#4292,#4293);
#4291 = CARTESIAN_POINT('',(-0.755,-0.4,4.5E-02));
#4292 = DIRECTION('',(0.,1.,0.));
#4293 = DIRECTION('',(0.,-0.,1.));
#4294 = ADVANCED_FACE('',(#4295),#4306,.T.);
#4295 = FACE_BOUND('',#4296,.T.);
#4296 = EDGE_LOOP('',(#4297,#4298,#4299,#4300));
#4297 = ORIENTED_EDGE('',*,*,#4159,.F.);
#4298 = ORIENTED_EDGE('',*,*,#4124,.F.);
#4299 = ORIENTED_EDGE('',*,*,#4042,.T.);
#4300 = ORIENTED_EDGE('',*,*,#4301,.T.);
#4301 = EDGE_CURVE('',#4043,#4160,#4302,.T.);
#4302 = LINE('',#4303,#4304);
#4303 = CARTESIAN_POINT('',(-0.545,-0.4,0.45));
#4304 = VECTOR('',#4305,1.);
#4305 = DIRECTION('',(0.,1.,0.));
#4306 = PLANE('',#4307);
#4307 = AXIS2_PLACEMENT_3D('',#4308,#4309,#4310);
#4308 = CARTESIAN_POINT('',(-0.8,-0.4,0.45));
#4309 = DIRECTION('',(0.,0.,1.));
#4310 = DIRECTION('',(1.,0.,-0.));
#4311 = ADVANCED_FACE('',(#4312),#4323,.T.);
#4312 = FACE_BOUND('',#4313,.T.);
#4313 = EDGE_LOOP('',(#4314,#4320,#4321,#4322));
#4314 = ORIENTED_EDGE('',*,*,#4315,.T.);
#4315 = EDGE_CURVE('',#4051,#4168,#4316,.T.);
#4316 = LINE('',#4317,#4318);
#4317 = CARTESIAN_POINT('',(-0.5,-0.4,0.405));
#4318 = VECTOR('',#4319,1.);
#4319 = DIRECTION('',(0.,1.,0.));
#4320 = ORIENTED_EDGE('',*,*,#4167,.T.);
#4321 = ORIENTED_EDGE('',*,*,#4301,.F.);
#4322 = ORIENTED_EDGE('',*,*,#4050,.F.);
#4323 = CYLINDRICAL_SURFACE('',#4324,4.5E-02);
#4324 = AXIS2_PLACEMENT_3D('',#4325,#4326,#4327);
#4325 = CARTESIAN_POINT('',(-0.545,-0.4,0.405));
#4326 = DIRECTION('',(0.,1.,0.));
#4327 = DIRECTION('',(1.,0.,0.));
#4328 = ADVANCED_FACE('',(#4329),#4372,.T.);
#4329 = FACE_BOUND('',#4330,.T.);
#4330 = EDGE_LOOP('',(#4331,#4332,#4333,#4334,#4342,#4350,#4358,#4366));
#4331 = ORIENTED_EDGE('',*,*,#4192,.F.);
#4332 = ORIENTED_EDGE('',*,*,#4184,.T.);
#4333 = ORIENTED_EDGE('',*,*,#4176,.T.);
#4334 = ORIENTED_EDGE('',*,*,#4335,.T.);
#4335 = EDGE_CURVE('',#4168,#4336,#4338,.T.);
#4336 = VERTEX_POINT('',#4337);
#4337 = CARTESIAN_POINT('',(0.5,0.4,0.405));
#4338 = LINE('',#4339,#4340);
#4339 = CARTESIAN_POINT('',(-0.5,0.4,0.405));
#4340 = VECTOR('',#4341,1.);
#4341 = DIRECTION('',(1.,0.,0.));
#4342 = ORIENTED_EDGE('',*,*,#4343,.T.);
#4343 = EDGE_CURVE('',#4336,#4344,#4346,.T.);
#4344 = VERTEX_POINT('',#4345);
#4345 = CARTESIAN_POINT('',(0.755,0.4,0.405));
#4346 = LINE('',#4347,#4348);
#4347 = CARTESIAN_POINT('',(-0.755,0.4,0.405));
#4348 = VECTOR('',#4349,1.);
#4349 = DIRECTION('',(1.,0.,0.));
#4350 = ORIENTED_EDGE('',*,*,#4351,.F.);
#4351 = EDGE_CURVE('',#4352,#4344,#4354,.T.);
#4352 = VERTEX_POINT('',#4353);
#4353 = CARTESIAN_POINT('',(0.755,0.4,4.5E-02));
#4354 = LINE('',#4355,#4356);
#4355 = CARTESIAN_POINT('',(0.755,0.4,4.5E-02));
#4356 = VECTOR('',#4357,1.);
#4357 = DIRECTION('',(0.,0.,1.));
#4358 = ORIENTED_EDGE('',*,*,#4359,.F.);
#4359 = EDGE_CURVE('',#4360,#4352,#4362,.T.);
#4360 = VERTEX_POINT('',#4361);
#4361 = CARTESIAN_POINT('',(0.5,0.4,4.5E-02));
#4362 = LINE('',#4363,#4364);
#4363 = CARTESIAN_POINT('',(-0.755,0.4,4.5E-02));
#4364 = VECTOR('',#4365,1.);
#4365 = DIRECTION('',(1.,0.,0.));
#4366 = ORIENTED_EDGE('',*,*,#4367,.F.);
#4367 = EDGE_CURVE('',#4193,#4360,#4368,.T.);
#4368 = LINE('',#4369,#4370);
#4369 = CARTESIAN_POINT('',(-0.755,0.4,4.5E-02));
#4370 = VECTOR('',#4371,1.);
#4371 = DIRECTION('',(1.,0.,0.));
#4372 = PLANE('',#4373);
#4373 = AXIS2_PLACEMENT_3D('',#4374,#4375,#4376);
#4374 = CARTESIAN_POINT('',(-0.755,0.4,4.5E-02));
#4375 = DIRECTION('',(0.,1.,0.));
#4376 = DIRECTION('',(0.,-0.,1.));
#4377 = ADVANCED_FACE('',(#4378),#4389,.F.);
#4378 = FACE_BOUND('',#4379,.F.);
#4379 = EDGE_LOOP('',(#4380,#4381,#4382,#4388));
#4380 = ORIENTED_EDGE('',*,*,#4235,.F.);
#4381 = ORIENTED_EDGE('',*,*,#4284,.T.);
#4382 = ORIENTED_EDGE('',*,*,#4383,.T.);
#4383 = EDGE_CURVE('',#4277,#4360,#4384,.T.);
#4384 = LINE('',#4385,#4386);
#4385 = CARTESIAN_POINT('',(0.5,-0.4,4.5E-02));
#4386 = VECTOR('',#4387,1.);
#4387 = DIRECTION('',(0.,1.,0.));
#4388 = ORIENTED_EDGE('',*,*,#4367,.F.);
#4389 = PLANE('',#4390);
#4390 = AXIS2_PLACEMENT_3D('',#4391,#4392,#4393);
#4391 = CARTESIAN_POINT('',(-0.755,-0.4,4.5E-02));
#4392 = DIRECTION('',(0.,0.,1.));
#4393 = DIRECTION('',(1.,0.,-0.));
#4394 = ADVANCED_FACE('',(#4395),#4458,.F.);
#4395 = FACE_BOUND('',#4396,.F.);
#4396 = EDGE_LOOP('',(#4397,#4407,#4414,#4415,#4416,#4417,#4426,#4434,
    #4443,#4451));
#4397 = ORIENTED_EDGE('',*,*,#4398,.F.);
#4398 = EDGE_CURVE('',#4399,#4401,#4403,.T.);
#4399 = VERTEX_POINT('',#4400);
#4400 = CARTESIAN_POINT('',(0.545,-0.4,-2.775557561563E-17));
#4401 = VERTEX_POINT('',#4402);
#4402 = CARTESIAN_POINT('',(0.755,-0.4,-2.775557561563E-17));
#4403 = LINE('',#4404,#4405);
#4404 = CARTESIAN_POINT('',(0.5,-0.4,0.));
#4405 = VECTOR('',#4406,1.);
#4406 = DIRECTION('',(1.,0.,0.));
#4407 = ORIENTED_EDGE('',*,*,#4408,.F.);
#4408 = EDGE_CURVE('',#4277,#4399,#4409,.T.);
#4409 = CIRCLE('',#4410,4.5E-02);
#4410 = AXIS2_PLACEMENT_3D('',#4411,#4412,#4413);
#4411 = CARTESIAN_POINT('',(0.545,-0.4,4.5E-02));
#4412 = DIRECTION('',(0.,-1.,0.));
#4413 = DIRECTION('',(0.,0.,1.));
#4414 = ORIENTED_EDGE('',*,*,#4276,.T.);
#4415 = ORIENTED_EDGE('',*,*,#4268,.T.);
#4416 = ORIENTED_EDGE('',*,*,#4260,.F.);
#4417 = ORIENTED_EDGE('',*,*,#4418,.T.);
#4418 = EDGE_CURVE('',#4253,#4419,#4421,.T.);
#4419 = VERTEX_POINT('',#4420);
#4420 = CARTESIAN_POINT('',(0.545,-0.4,0.45));
#4421 = CIRCLE('',#4422,4.5E-02);
#4422 = AXIS2_PLACEMENT_3D('',#4423,#4424,#4425);
#4423 = CARTESIAN_POINT('',(0.545,-0.4,0.405));
#4424 = DIRECTION('',(0.,1.,0.));
#4425 = DIRECTION('',(0.,-0.,1.));
#4426 = ORIENTED_EDGE('',*,*,#4427,.T.);
#4427 = EDGE_CURVE('',#4419,#4428,#4430,.T.);
#4428 = VERTEX_POINT('',#4429);
#4429 = CARTESIAN_POINT('',(0.755,-0.4,0.45));
#4430 = LINE('',#4431,#4432);
#4431 = CARTESIAN_POINT('',(0.5,-0.4,0.45));
#4432 = VECTOR('',#4433,1.);
#4433 = DIRECTION('',(1.,0.,0.));
#4434 = ORIENTED_EDGE('',*,*,#4435,.F.);
#4435 = EDGE_CURVE('',#4436,#4428,#4438,.T.);
#4436 = VERTEX_POINT('',#4437);
#4437 = CARTESIAN_POINT('',(0.8,-0.4,0.405));
#4438 = CIRCLE('',#4439,4.5E-02);
#4439 = AXIS2_PLACEMENT_3D('',#4440,#4441,#4442);
#4440 = CARTESIAN_POINT('',(0.755,-0.4,0.405));
#4441 = DIRECTION('',(0.,-1.,0.));
#4442 = DIRECTION('',(0.,0.,1.));
#4443 = ORIENTED_EDGE('',*,*,#4444,.F.);
#4444 = EDGE_CURVE('',#4445,#4436,#4447,.T.);
#4445 = VERTEX_POINT('',#4446);
#4446 = CARTESIAN_POINT('',(0.8,-0.4,4.5E-02));
#4447 = LINE('',#4448,#4449);
#4448 = CARTESIAN_POINT('',(0.8,-0.4,0.));
#4449 = VECTOR('',#4450,1.);
#4450 = DIRECTION('',(0.,0.,1.));
#4451 = ORIENTED_EDGE('',*,*,#4452,.T.);
#4452 = EDGE_CURVE('',#4445,#4401,#4453,.T.);
#4453 = CIRCLE('',#4454,4.5E-02);
#4454 = AXIS2_PLACEMENT_3D('',#4455,#4456,#4457);
#4455 = CARTESIAN_POINT('',(0.755,-0.4,4.5E-02));
#4456 = DIRECTION('',(0.,1.,0.));
#4457 = DIRECTION('',(0.,-0.,1.));
#4458 = PLANE('',#4459);
#4459 = AXIS2_PLACEMENT_3D('',#4460,#4461,#4462);
#4460 = CARTESIAN_POINT('',(0.5,-0.4,0.));
#4461 = DIRECTION('',(0.,1.,0.));
#4462 = DIRECTION('',(0.,-0.,1.));
#4463 = ADVANCED_FACE('',(#4464),#4489,.F.);
#4464 = FACE_BOUND('',#4465,.F.);
#4465 = EDGE_LOOP('',(#4466,#4467,#4475,#4483));
#4466 = ORIENTED_EDGE('',*,*,#4252,.F.);
#4467 = ORIENTED_EDGE('',*,*,#4468,.T.);
#4468 = EDGE_CURVE('',#4051,#4469,#4471,.T.);
#4469 = VERTEX_POINT('',#4470);
#4470 = CARTESIAN_POINT('',(-0.5,-0.4,0.45));
#4471 = LINE('',#4472,#4473);
#4472 = CARTESIAN_POINT('',(-0.5,-0.4,0.405));
#4473 = VECTOR('',#4474,1.);
#4474 = DIRECTION('',(0.,0.,1.));
#4475 = ORIENTED_EDGE('',*,*,#4476,.T.);
#4476 = EDGE_CURVE('',#4469,#4477,#4479,.T.);
#4477 = VERTEX_POINT('',#4478);
#4478 = CARTESIAN_POINT('',(0.5,-0.4,0.45));
#4479 = LINE('',#4480,#4481);
#4480 = CARTESIAN_POINT('',(-0.5,-0.4,0.45));
#4481 = VECTOR('',#4482,1.);
#4482 = DIRECTION('',(1.,0.,0.));
#4483 = ORIENTED_EDGE('',*,*,#4484,.F.);
#4484 = EDGE_CURVE('',#4253,#4477,#4485,.T.);
#4485 = LINE('',#4486,#4487);
#4486 = CARTESIAN_POINT('',(0.5,-0.4,0.405));
#4487 = VECTOR('',#4488,1.);
#4488 = DIRECTION('',(0.,0.,1.));
#4489 = PLANE('',#4490);
#4490 = AXIS2_PLACEMENT_3D('',#4491,#4492,#4493);
#4491 = CARTESIAN_POINT('',(-0.5,-0.4,0.405));
#4492 = DIRECTION('',(0.,1.,0.));
#4493 = DIRECTION('',(0.,-0.,1.));
#4494 = ADVANCED_FACE('',(#4495),#4513,.F.);
#4495 = FACE_BOUND('',#4496,.F.);
#4496 = EDGE_LOOP('',(#4497,#4498,#4499,#4507));
#4497 = ORIENTED_EDGE('',*,*,#4468,.F.);
#4498 = ORIENTED_EDGE('',*,*,#4315,.T.);
#4499 = ORIENTED_EDGE('',*,*,#4500,.T.);
#4500 = EDGE_CURVE('',#4168,#4501,#4503,.T.);
#4501 = VERTEX_POINT('',#4502);
#4502 = CARTESIAN_POINT('',(-0.5,0.4,0.45));
#4503 = LINE('',#4504,#4505);
#4504 = CARTESIAN_POINT('',(-0.5,0.4,0.405));
#4505 = VECTOR('',#4506,1.);
#4506 = DIRECTION('',(0.,0.,1.));
#4507 = ORIENTED_EDGE('',*,*,#4508,.F.);
#4508 = EDGE_CURVE('',#4469,#4501,#4509,.T.);
#4509 = LINE('',#4510,#4511);
#4510 = CARTESIAN_POINT('',(-0.5,-0.4,0.45));
#4511 = VECTOR('',#4512,1.);
#4512 = DIRECTION('',(0.,1.,0.));
#4513 = PLANE('',#4514);
#4514 = AXIS2_PLACEMENT_3D('',#4515,#4516,#4517);
#4515 = CARTESIAN_POINT('',(-0.5,-0.4,0.405));
#4516 = DIRECTION('',(1.,0.,0.));
#4517 = DIRECTION('',(0.,0.,1.));
#4518 = ADVANCED_FACE('',(#4519),#4582,.T.);
#4519 = FACE_BOUND('',#4520,.T.);
#4520 = EDGE_LOOP('',(#4521,#4531,#4538,#4539,#4540,#4541,#4550,#4558,
    #4567,#4575));
#4521 = ORIENTED_EDGE('',*,*,#4522,.F.);
#4522 = EDGE_CURVE('',#4523,#4525,#4527,.T.);
#4523 = VERTEX_POINT('',#4524);
#4524 = CARTESIAN_POINT('',(0.545,0.4,-2.775557561563E-17));
#4525 = VERTEX_POINT('',#4526);
#4526 = CARTESIAN_POINT('',(0.755,0.4,-2.775557561563E-17));
#4527 = LINE('',#4528,#4529);
#4528 = CARTESIAN_POINT('',(0.5,0.4,0.));
#4529 = VECTOR('',#4530,1.);
#4530 = DIRECTION('',(1.,0.,0.));
#4531 = ORIENTED_EDGE('',*,*,#4532,.F.);
#4532 = EDGE_CURVE('',#4360,#4523,#4533,.T.);
#4533 = CIRCLE('',#4534,4.5E-02);
#4534 = AXIS2_PLACEMENT_3D('',#4535,#4536,#4537);
#4535 = CARTESIAN_POINT('',(0.545,0.4,4.5E-02));
#4536 = DIRECTION('',(0.,-1.,0.));
#4537 = DIRECTION('',(0.,0.,1.));
#4538 = ORIENTED_EDGE('',*,*,#4359,.T.);
#4539 = ORIENTED_EDGE('',*,*,#4351,.T.);
#4540 = ORIENTED_EDGE('',*,*,#4343,.F.);
#4541 = ORIENTED_EDGE('',*,*,#4542,.T.);
#4542 = EDGE_CURVE('',#4336,#4543,#4545,.T.);
#4543 = VERTEX_POINT('',#4544);
#4544 = CARTESIAN_POINT('',(0.545,0.4,0.45));
#4545 = CIRCLE('',#4546,4.5E-02);
#4546 = AXIS2_PLACEMENT_3D('',#4547,#4548,#4549);
#4547 = CARTESIAN_POINT('',(0.545,0.4,0.405));
#4548 = DIRECTION('',(0.,1.,0.));
#4549 = DIRECTION('',(0.,-0.,1.));
#4550 = ORIENTED_EDGE('',*,*,#4551,.T.);
#4551 = EDGE_CURVE('',#4543,#4552,#4554,.T.);
#4552 = VERTEX_POINT('',#4553);
#4553 = CARTESIAN_POINT('',(0.755,0.4,0.45));
#4554 = LINE('',#4555,#4556);
#4555 = CARTESIAN_POINT('',(0.5,0.4,0.45));
#4556 = VECTOR('',#4557,1.);
#4557 = DIRECTION('',(1.,0.,0.));
#4558 = ORIENTED_EDGE('',*,*,#4559,.F.);
#4559 = EDGE_CURVE('',#4560,#4552,#4562,.T.);
#4560 = VERTEX_POINT('',#4561);
#4561 = CARTESIAN_POINT('',(0.8,0.4,0.405));
#4562 = CIRCLE('',#4563,4.5E-02);
#4563 = AXIS2_PLACEMENT_3D('',#4564,#4565,#4566);
#4564 = CARTESIAN_POINT('',(0.755,0.4,0.405));
#4565 = DIRECTION('',(0.,-1.,0.));
#4566 = DIRECTION('',(0.,0.,1.));
#4567 = ORIENTED_EDGE('',*,*,#4568,.F.);
#4568 = EDGE_CURVE('',#4569,#4560,#4571,.T.);
#4569 = VERTEX_POINT('',#4570);
#4570 = CARTESIAN_POINT('',(0.8,0.4,4.5E-02));
#4571 = LINE('',#4572,#4573);
#4572 = CARTESIAN_POINT('',(0.8,0.4,0.));
#4573 = VECTOR('',#4574,1.);
#4574 = DIRECTION('',(0.,0.,1.));
#4575 = ORIENTED_EDGE('',*,*,#4576,.T.);
#4576 = EDGE_CURVE('',#4569,#4525,#4577,.T.);
#4577 = CIRCLE('',#4578,4.5E-02);
#4578 = AXIS2_PLACEMENT_3D('',#4579,#4580,#4581);
#4579 = CARTESIAN_POINT('',(0.755,0.4,4.5E-02));
#4580 = DIRECTION('',(0.,1.,0.));
#4581 = DIRECTION('',(0.,-0.,1.));
#4582 = PLANE('',#4583);
#4583 = AXIS2_PLACEMENT_3D('',#4584,#4585,#4586);
#4584 = CARTESIAN_POINT('',(0.5,0.4,0.));
#4585 = DIRECTION('',(0.,1.,0.));
#4586 = DIRECTION('',(0.,-0.,1.));
#4587 = ADVANCED_FACE('',(#4588),#4606,.T.);
#4588 = FACE_BOUND('',#4589,.T.);
#4589 = EDGE_LOOP('',(#4590,#4591,#4592,#4600));
#4590 = ORIENTED_EDGE('',*,*,#4335,.F.);
#4591 = ORIENTED_EDGE('',*,*,#4500,.T.);
#4592 = ORIENTED_EDGE('',*,*,#4593,.T.);
#4593 = EDGE_CURVE('',#4501,#4594,#4596,.T.);
#4594 = VERTEX_POINT('',#4595);
#4595 = CARTESIAN_POINT('',(0.5,0.4,0.45));
#4596 = LINE('',#4597,#4598);
#4597 = CARTESIAN_POINT('',(-0.5,0.4,0.45));
#4598 = VECTOR('',#4599,1.);
#4599 = DIRECTION('',(1.,0.,0.));
#4600 = ORIENTED_EDGE('',*,*,#4601,.F.);
#4601 = EDGE_CURVE('',#4336,#4594,#4602,.T.);
#4602 = LINE('',#4603,#4604);
#4603 = CARTESIAN_POINT('',(0.5,0.4,0.405));
#4604 = VECTOR('',#4605,1.);
#4605 = DIRECTION('',(0.,0.,1.));
#4606 = PLANE('',#4607);
#4607 = AXIS2_PLACEMENT_3D('',#4608,#4609,#4610);
#4608 = CARTESIAN_POINT('',(-0.5,0.4,0.405));
#4609 = DIRECTION('',(0.,1.,0.));
#4610 = DIRECTION('',(0.,-0.,1.));
#4611 = ADVANCED_FACE('',(#4612),#4623,.T.);
#4612 = FACE_BOUND('',#4613,.T.);
#4613 = EDGE_LOOP('',(#4614,#4615,#4616,#4622));
#4614 = ORIENTED_EDGE('',*,*,#4383,.T.);
#4615 = ORIENTED_EDGE('',*,*,#4532,.T.);
#4616 = ORIENTED_EDGE('',*,*,#4617,.F.);
#4617 = EDGE_CURVE('',#4399,#4523,#4618,.T.);
#4618 = LINE('',#4619,#4620);
#4619 = CARTESIAN_POINT('',(0.545,-0.4,-2.775557561563E-17));
#4620 = VECTOR('',#4621,1.);
#4621 = DIRECTION('',(0.,1.,0.));
#4622 = ORIENTED_EDGE('',*,*,#4408,.F.);
#4623 = CYLINDRICAL_SURFACE('',#4624,4.5E-02);
#4624 = AXIS2_PLACEMENT_3D('',#4625,#4626,#4627);
#4625 = CARTESIAN_POINT('',(0.545,-0.4,4.5E-02));
#4626 = DIRECTION('',(0.,1.,0.));
#4627 = DIRECTION('',(-1.,0.,0.));
#4628 = ADVANCED_FACE('',(#4629),#4640,.F.);
#4629 = FACE_BOUND('',#4630,.F.);
#4630 = EDGE_LOOP('',(#4631,#4632,#4633,#4634));
#4631 = ORIENTED_EDGE('',*,*,#4522,.F.);
#4632 = ORIENTED_EDGE('',*,*,#4617,.F.);
#4633 = ORIENTED_EDGE('',*,*,#4398,.T.);
#4634 = ORIENTED_EDGE('',*,*,#4635,.T.);
#4635 = EDGE_CURVE('',#4401,#4525,#4636,.T.);
#4636 = LINE('',#4637,#4638);
#4637 = CARTESIAN_POINT('',(0.755,-0.4,-2.775557561563E-17));
#4638 = VECTOR('',#4639,1.);
#4639 = DIRECTION('',(0.,1.,0.));
#4640 = PLANE('',#4641);
#4641 = AXIS2_PLACEMENT_3D('',#4642,#4643,#4644);
#4642 = CARTESIAN_POINT('',(0.5,-0.4,0.));
#4643 = DIRECTION('',(0.,0.,1.));
#4644 = DIRECTION('',(1.,0.,-0.));
#4645 = ADVANCED_FACE('',(#4646),#4657,.T.);
#4646 = FACE_BOUND('',#4647,.T.);
#4647 = EDGE_LOOP('',(#4648,#4649,#4650,#4651));
#4648 = ORIENTED_EDGE('',*,*,#4452,.T.);
#4649 = ORIENTED_EDGE('',*,*,#4635,.T.);
#4650 = ORIENTED_EDGE('',*,*,#4576,.F.);
#4651 = ORIENTED_EDGE('',*,*,#4652,.F.);
#4652 = EDGE_CURVE('',#4445,#4569,#4653,.T.);
#4653 = LINE('',#4654,#4655);
#4654 = CARTESIAN_POINT('',(0.8,-0.4,4.5E-02));
#4655 = VECTOR('',#4656,1.);
#4656 = DIRECTION('',(0.,1.,0.));
#4657 = CYLINDRICAL_SURFACE('',#4658,4.5E-02);
#4658 = AXIS2_PLACEMENT_3D('',#4659,#4660,#4661);
#4659 = CARTESIAN_POINT('',(0.755,-0.4,4.5E-02));
#4660 = DIRECTION('',(0.,1.,0.));
#4661 = DIRECTION('',(1.,0.,0.));
#4662 = ADVANCED_FACE('',(#4663),#4674,.T.);
#4663 = FACE_BOUND('',#4664,.T.);
#4664 = EDGE_LOOP('',(#4665,#4666,#4667,#4668));
#4665 = ORIENTED_EDGE('',*,*,#4444,.F.);
#4666 = ORIENTED_EDGE('',*,*,#4652,.T.);
#4667 = ORIENTED_EDGE('',*,*,#4568,.T.);
#4668 = ORIENTED_EDGE('',*,*,#4669,.F.);
#4669 = EDGE_CURVE('',#4436,#4560,#4670,.T.);
#4670 = LINE('',#4671,#4672);
#4671 = CARTESIAN_POINT('',(0.8,-0.4,0.405));
#4672 = VECTOR('',#4673,1.);
#4673 = DIRECTION('',(0.,1.,0.));
#4674 = PLANE('',#4675);
#4675 = AXIS2_PLACEMENT_3D('',#4676,#4677,#4678);
#4676 = CARTESIAN_POINT('',(0.8,-0.4,0.));
#4677 = DIRECTION('',(1.,0.,0.));
#4678 = DIRECTION('',(0.,0.,1.));
#4679 = ADVANCED_FACE('',(#4680),#4691,.T.);
#4680 = FACE_BOUND('',#4681,.T.);
#4681 = EDGE_LOOP('',(#4682,#4683,#4684,#4690));
#4682 = ORIENTED_EDGE('',*,*,#4669,.T.);
#4683 = ORIENTED_EDGE('',*,*,#4559,.T.);
#4684 = ORIENTED_EDGE('',*,*,#4685,.F.);
#4685 = EDGE_CURVE('',#4428,#4552,#4686,.T.);
#4686 = LINE('',#4687,#4688);
#4687 = CARTESIAN_POINT('',(0.755,-0.4,0.45));
#4688 = VECTOR('',#4689,1.);
#4689 = DIRECTION('',(0.,1.,0.));
#4690 = ORIENTED_EDGE('',*,*,#4435,.F.);
#4691 = CYLINDRICAL_SURFACE('',#4692,4.5E-02);
#4692 = AXIS2_PLACEMENT_3D('',#4693,#4694,#4695);
#4693 = CARTESIAN_POINT('',(0.755,-0.4,0.405));
#4694 = DIRECTION('',(0.,1.,0.));
#4695 = DIRECTION('',(1.,0.,0.));
#4696 = ADVANCED_FACE('',(#4697),#4708,.T.);
#4697 = FACE_BOUND('',#4698,.T.);
#4698 = EDGE_LOOP('',(#4699,#4700,#4706,#4707));
#4699 = ORIENTED_EDGE('',*,*,#4551,.F.);
#4700 = ORIENTED_EDGE('',*,*,#4701,.F.);
#4701 = EDGE_CURVE('',#4419,#4543,#4702,.T.);
#4702 = LINE('',#4703,#4704);
#4703 = CARTESIAN_POINT('',(0.545,-0.4,0.45));
#4704 = VECTOR('',#4705,1.);
#4705 = DIRECTION('',(0.,1.,0.));
#4706 = ORIENTED_EDGE('',*,*,#4427,.T.);
#4707 = ORIENTED_EDGE('',*,*,#4685,.T.);
#4708 = PLANE('',#4709);
#4709 = AXIS2_PLACEMENT_3D('',#4710,#4711,#4712);
#4710 = CARTESIAN_POINT('',(0.5,-0.4,0.45));
#4711 = DIRECTION('',(0.,0.,1.));
#4712 = DIRECTION('',(1.,0.,-0.));
#4713 = ADVANCED_FACE('',(#4714),#4725,.T.);
#4714 = FACE_BOUND('',#4715,.T.);
#4715 = EDGE_LOOP('',(#4716,#4717,#4718,#4719));
#4716 = ORIENTED_EDGE('',*,*,#4418,.T.);
#4717 = ORIENTED_EDGE('',*,*,#4701,.T.);
#4718 = ORIENTED_EDGE('',*,*,#4542,.F.);
#4719 = ORIENTED_EDGE('',*,*,#4720,.F.);
#4720 = EDGE_CURVE('',#4253,#4336,#4721,.T.);
#4721 = LINE('',#4722,#4723);
#4722 = CARTESIAN_POINT('',(0.5,-0.4,0.405));
#4723 = VECTOR('',#4724,1.);
#4724 = DIRECTION('',(0.,1.,0.));
#4725 = CYLINDRICAL_SURFACE('',#4726,4.5E-02);
#4726 = AXIS2_PLACEMENT_3D('',#4727,#4728,#4729);
#4727 = CARTESIAN_POINT('',(0.545,-0.4,0.405));
#4728 = DIRECTION('',(0.,1.,0.));
#4729 = DIRECTION('',(-1.,0.,0.));
#4730 = ADVANCED_FACE('',(#4731),#4742,.T.);
#4731 = FACE_BOUND('',#4732,.T.);
#4732 = EDGE_LOOP('',(#4733,#4734,#4735,#4736));
#4733 = ORIENTED_EDGE('',*,*,#4484,.F.);
#4734 = ORIENTED_EDGE('',*,*,#4720,.T.);
#4735 = ORIENTED_EDGE('',*,*,#4601,.T.);
#4736 = ORIENTED_EDGE('',*,*,#4737,.F.);
#4737 = EDGE_CURVE('',#4477,#4594,#4738,.T.);
#4738 = LINE('',#4739,#4740);
#4739 = CARTESIAN_POINT('',(0.5,-0.4,0.45));
#4740 = VECTOR('',#4741,1.);
#4741 = DIRECTION('',(0.,1.,0.));
#4742 = PLANE('',#4743);
#4743 = AXIS2_PLACEMENT_3D('',#4744,#4745,#4746);
#4744 = CARTESIAN_POINT('',(0.5,-0.4,0.405));
#4745 = DIRECTION('',(1.,0.,0.));
#4746 = DIRECTION('',(0.,0.,1.));
#4747 = ADVANCED_FACE('',(#4748),#4754,.T.);
#4748 = FACE_BOUND('',#4749,.T.);
#4749 = EDGE_LOOP('',(#4750,#4751,#4752,#4753));
#4750 = ORIENTED_EDGE('',*,*,#4508,.F.);
#4751 = ORIENTED_EDGE('',*,*,#4476,.T.);
#4752 = ORIENTED_EDGE('',*,*,#4737,.T.);
#4753 = ORIENTED_EDGE('',*,*,#4593,.F.);
#4754 = PLANE('',#4755);
#4755 = AXIS2_PLACEMENT_3D('',#4756,#4757,#4758);
#4756 = CARTESIAN_POINT('',(-0.5,-0.4,0.45));
#4757 = DIRECTION('',(0.,0.,1.));
#4758 = DIRECTION('',(1.,0.,-0.));
#4759 = ( GEOMETRIC_REPRESENTATION_CONTEXT(3) 
GLOBAL_UNCERTAINTY_ASSIGNED_CONTEXT((#4763)) 
GLOBAL_UNIT_ASSIGNED_CONTEXT((#4760,#4761,#4762)) REPRESENTATION_CONTEXT
('Context #1','3D Context with UNIT and UNCERTAINTY') );
#4760 = ( LENGTH_UNIT() NAMED_UNIT(*) SI_UNIT(.MILLI.,.METRE.) );
#4761 = ( NAMED_UNIT(*) PLANE_ANGLE_UNIT() SI_UNIT($,.RADIAN.) );
#4762 = ( NAMED_UNIT(*) SI_UNIT($,.STERADIAN.) SOLID_ANGLE_UNIT() );
#4763 = UNCERTAINTY_MEASURE_WITH_UNIT(LENGTH_MEASURE(1.E-07),#4760,
  'distance_accuracy_value','confusion accuracy');
#4764 = CONTEXT_DEPENDENT_SHAPE_REPRESENTATION(#4765,#4767);
#4765 = ( REPRESENTATION_RELATIONSHIP('','',#3968,#3945) 
REPRESENTATION_RELATIONSHIP_WITH_TRANSFORMATION(#4766) 
SHAPE_REPRESENTATION_RELATIONSHIP() );
#4766 = ITEM_DEFINED_TRANSFORMATION('','',#11,#3946);
#4767 = PRODUCT_DEFINITION_SHAPE('Placement','Placement of an item',
  #4768);
#4768 = NEXT_ASSEMBLY_USAGE_OCCURRENCE('8','=>[0:1:1:9]','',#3940,#3963,
  $);
#4769 = PRODUCT_RELATED_PRODUCT_CATEGORY('part',$,(#3965));
#4770 = CONTEXT_DEPENDENT_SHAPE_REPRESENTATION(#4771,#4773);
#4771 = ( REPRESENTATION_RELATIONSHIP('','',#124,#10) 
REPRESENTATION_RELATIONSHIP_WITH_TRANSFORMATION(#4772) 
SHAPE_REPRESENTATION_RELATIONSHIP() );
#4772 = ITEM_DEFINED_TRANSFORMATION('','',#11,#35);
#4773 = PRODUCT_DEFINITION_SHAPE('Placement','Placement of an item',
  #4774);
#4774 = NEXT_ASSEMBLY_USAGE_OCCURRENCE('10','C3','',#5,#119,$);
#4775 = CONTEXT_DEPENDENT_SHAPE_REPRESENTATION(#4776,#4778);
#4776 = ( REPRESENTATION_RELATIONSHIP('','',#124,#10) 
REPRESENTATION_RELATIONSHIP_WITH_TRANSFORMATION(#4777) 
SHAPE_REPRESENTATION_RELATIONSHIP() );
#4777 = ITEM_DEFINED_TRANSFORMATION('','',#11,#39);
#4778 = PRODUCT_DEFINITION_SHAPE('Placement','Placement of an item',
  #4779);
#4779 = NEXT_ASSEMBLY_USAGE_OCCURRENCE('11','C11','',#5,#119,$);
#4780 = CONTEXT_DEPENDENT_SHAPE_REPRESENTATION(#4781,#4783);
#4781 = ( REPRESENTATION_RELATIONSHIP('','',#3044,#10) 
REPRESENTATION_RELATIONSHIP_WITH_TRANSFORMATION(#4782) 
SHAPE_REPRESENTATION_RELATIONSHIP() );
#4782 = ITEM_DEFINED_TRANSFORMATION('','',#11,#43);
#4783 = PRODUCT_DEFINITION_SHAPE('Placement','Placement of an item',
  #4784);
#4784 = NEXT_ASSEMBLY_USAGE_OCCURRENCE('12','L4','',#5,#3039,$);
#4785 = CONTEXT_DEPENDENT_SHAPE_REPRESENTATION(#4786,#4788);
#4786 = ( REPRESENTATION_RELATIONSHIP('','',#124,#10) 
REPRESENTATION_RELATIONSHIP_WITH_TRANSFORMATION(#4787) 
SHAPE_REPRESENTATION_RELATIONSHIP() );
#4787 = ITEM_DEFINED_TRANSFORMATION('','',#11,#47);
#4788 = PRODUCT_DEFINITION_SHAPE('Placement','Placement of an item',
  #4789);
#4789 = NEXT_ASSEMBLY_USAGE_OCCURRENCE('13','C7','',#5,#119,$);
#4790 = CONTEXT_DEPENDENT_SHAPE_REPRESENTATION(#4791,#4793);
#4791 = ( REPRESENTATION_RELATIONSHIP('','',#124,#10) 
REPRESENTATION_RELATIONSHIP_WITH_TRANSFORMATION(#4792) 
SHAPE_REPRESENTATION_RELATIONSHIP() );
#4792 = ITEM_DEFINED_TRANSFORMATION('','',#11,#51);
#4793 = PRODUCT_DEFINITION_SHAPE('Placement','Placement of an item',
  #4794);
#4794 = NEXT_ASSEMBLY_USAGE_OCCURRENCE('14','C12','',#5,#119,$);
#4795 = SHAPE_DEFINITION_REPRESENTATION(#4796,#4802);
#4796 = PRODUCT_DEFINITION_SHAPE('','',#4797);
#4797 = PRODUCT_DEFINITION('design','',#4798,#4801);
#4798 = PRODUCT_DEFINITION_FORMATION('','',#4799);
#4799 = PRODUCT('C_0603_1608Metric','C_0603_1608Metric','',(#4800));
#4800 = PRODUCT_CONTEXT('',#2,'mechanical');
#4801 = PRODUCT_DEFINITION_CONTEXT('part definition',#2,'design');
#4802 = SHAPE_REPRESENTATION('',(#11,#4803),#4807);
#4803 = AXIS2_PLACEMENT_3D('',#4804,#4805,#4806);
#4804 = CARTESIAN_POINT('',(0.,0.,0.));
#4805 = DIRECTION('',(0.,0.,1.));
#4806 = DIRECTION('',(1.,0.,-0.));
#4807 = ( GEOMETRIC_REPRESENTATION_CONTEXT(3) 
GLOBAL_UNCERTAINTY_ASSIGNED_CONTEXT((#4811)) 
GLOBAL_UNIT_ASSIGNED_CONTEXT((#4808,#4809,#4810)) REPRESENTATION_CONTEXT
('Context #1','3D Context with UNIT and UNCERTAINTY') );
#4808 = ( LENGTH_UNIT() NAMED_UNIT(*) SI_UNIT(.MILLI.,.METRE.) );
#4809 = ( NAMED_UNIT(*) PLANE_ANGLE_UNIT() SI_UNIT($,.RADIAN.) );
#4810 = ( NAMED_UNIT(*) SI_UNIT($,.STERADIAN.) SOLID_ANGLE_UNIT() );
#4811 = UNCERTAINTY_MEASURE_WITH_UNIT(LENGTH_MEASURE(1.E-07),#4808,
  'distance_accuracy_value','confusion accuracy');
#4812 = CONTEXT_DEPENDENT_SHAPE_REPRESENTATION(#4813,#4815);
#4813 = ( REPRESENTATION_RELATIONSHIP('','',#4802,#10) 
REPRESENTATION_RELATIONSHIP_WITH_TRANSFORMATION(#4814) 
SHAPE_REPRESENTATION_RELATIONSHIP() );
#4814 = ITEM_DEFINED_TRANSFORMATION('','',#11,#55);
#4815 = PRODUCT_DEFINITION_SHAPE('Placement','Placement of an item',
  #4816);
#4816 = NEXT_ASSEMBLY_USAGE_OCCURRENCE('16','C2','',#5,#4797,$);
#4817 = PRODUCT_RELATED_PRODUCT_CATEGORY('part',$,(#4799));
#4818 = SHAPE_DEFINITION_REPRESENTATION(#4819,#4825);
#4819 = PRODUCT_DEFINITION_SHAPE('','',#4820);
#4820 = PRODUCT_DEFINITION('design','',#4821,#4824);
#4821 = PRODUCT_DEFINITION_FORMATION('','',#4822);
#4822 = PRODUCT('C_0603_1608Metric','C_0603_1608Metric','',(#4823));
#4823 = PRODUCT_CONTEXT('',#2,'mechanical');
#4824 = PRODUCT_DEFINITION_CONTEXT('part definition',#2,'design');
#4825 = ADVANCED_BREP_SHAPE_REPRESENTATION('',(#11,#4826),#5680);
#4826 = MANIFOLD_SOLID_BREP('',#4827);
#4827 = CLOSED_SHELL('',(#4828,#4904,#4935,#4960,#4985,#5009,#5033,#5058
    ,#5083,#5100,#5186,#5218,#5242,#5267,#5291,#5316,#5340,#5365,#5382,
    #5468,#5499,#5524,#5549,#5573,#5597,#5622,#5647,#5664));
#4828 = ADVANCED_FACE('',(#4829),#4899,.F.);
#4829 = FACE_BOUND('',#4830,.F.);
#4830 = EDGE_LOOP('',(#4831,#4841,#4850,#4858,#4867,#4875,#4884,#4892));
#4831 = ORIENTED_EDGE('',*,*,#4832,.F.);
#4832 = EDGE_CURVE('',#4833,#4835,#4837,.T.);
#4833 = VERTEX_POINT('',#4834);
#4834 = CARTESIAN_POINT('',(-0.8,-0.4,3.E-02));
#4835 = VERTEX_POINT('',#4836);
#4836 = CARTESIAN_POINT('',(-0.8,-0.4,0.77));
#4837 = LINE('',#4838,#4839);
#4838 = CARTESIAN_POINT('',(-0.8,-0.4,0.));
#4839 = VECTOR('',#4840,1.);
#4840 = DIRECTION('',(0.,0.,1.));
#4841 = ORIENTED_EDGE('',*,*,#4842,.T.);
#4842 = EDGE_CURVE('',#4833,#4843,#4845,.T.);
#4843 = VERTEX_POINT('',#4844);
#4844 = CARTESIAN_POINT('',(-0.8,-0.37,0.));
#4845 = CIRCLE('',#4846,3.E-02);
#4846 = AXIS2_PLACEMENT_3D('',#4847,#4848,#4849);
#4847 = CARTESIAN_POINT('',(-0.8,-0.37,3.E-02));
#4848 = DIRECTION('',(1.,0.,-0.));
#4849 = DIRECTION('',(0.,0.,1.));
#4850 = ORIENTED_EDGE('',*,*,#4851,.T.);
#4851 = EDGE_CURVE('',#4843,#4852,#4854,.T.);
#4852 = VERTEX_POINT('',#4853);
#4853 = CARTESIAN_POINT('',(-0.8,0.37,0.));
#4854 = LINE('',#4855,#4856);
#4855 = CARTESIAN_POINT('',(-0.8,-0.4,0.));
#4856 = VECTOR('',#4857,1.);
#4857 = DIRECTION('',(0.,1.,0.));
#4858 = ORIENTED_EDGE('',*,*,#4859,.F.);
#4859 = EDGE_CURVE('',#4860,#4852,#4862,.T.);
#4860 = VERTEX_POINT('',#4861);
#4861 = CARTESIAN_POINT('',(-0.8,0.4,3.E-02));
#4862 = CIRCLE('',#4863,3.E-02);
#4863 = AXIS2_PLACEMENT_3D('',#4864,#4865,#4866);
#4864 = CARTESIAN_POINT('',(-0.8,0.37,3.E-02));
#4865 = DIRECTION('',(-1.,0.,0.));
#4866 = DIRECTION('',(0.,0.,1.));
#4867 = ORIENTED_EDGE('',*,*,#4868,.T.);
#4868 = EDGE_CURVE('',#4860,#4869,#4871,.T.);
#4869 = VERTEX_POINT('',#4870);
#4870 = CARTESIAN_POINT('',(-0.8,0.4,0.77));
#4871 = LINE('',#4872,#4873);
#4872 = CARTESIAN_POINT('',(-0.8,0.4,0.));
#4873 = VECTOR('',#4874,1.);
#4874 = DIRECTION('',(0.,0.,1.));
#4875 = ORIENTED_EDGE('',*,*,#4876,.T.);
#4876 = EDGE_CURVE('',#4869,#4877,#4879,.T.);
#4877 = VERTEX_POINT('',#4878);
#4878 = CARTESIAN_POINT('',(-0.8,0.37,0.8));
#4879 = CIRCLE('',#4880,3.E-02);
#4880 = AXIS2_PLACEMENT_3D('',#4881,#4882,#4883);
#4881 = CARTESIAN_POINT('',(-0.8,0.37,0.77));
#4882 = DIRECTION('',(1.,0.,-0.));
#4883 = DIRECTION('',(0.,0.,1.));
#4884 = ORIENTED_EDGE('',*,*,#4885,.F.);
#4885 = EDGE_CURVE('',#4886,#4877,#4888,.T.);
#4886 = VERTEX_POINT('',#4887);
#4887 = CARTESIAN_POINT('',(-0.8,-0.37,0.8));
#4888 = LINE('',#4889,#4890);
#4889 = CARTESIAN_POINT('',(-0.8,-0.4,0.8));
#4890 = VECTOR('',#4891,1.);
#4891 = DIRECTION('',(0.,1.,0.));
#4892 = ORIENTED_EDGE('',*,*,#4893,.F.);
#4893 = EDGE_CURVE('',#4835,#4886,#4894,.T.);
#4894 = CIRCLE('',#4895,3.E-02);
#4895 = AXIS2_PLACEMENT_3D('',#4896,#4897,#4898);
#4896 = CARTESIAN_POINT('',(-0.8,-0.37,0.77));
#4897 = DIRECTION('',(-1.,0.,0.));
#4898 = DIRECTION('',(0.,0.,1.));
#4899 = PLANE('',#4900);
#4900 = AXIS2_PLACEMENT_3D('',#4901,#4902,#4903);
#4901 = CARTESIAN_POINT('',(-0.8,-0.4,0.));
#4902 = DIRECTION('',(1.,0.,0.));
#4903 = DIRECTION('',(0.,0.,1.));
#4904 = ADVANCED_FACE('',(#4905),#4930,.F.);
#4905 = FACE_BOUND('',#4906,.F.);
#4906 = EDGE_LOOP('',(#4907,#4917,#4923,#4924));
#4907 = ORIENTED_EDGE('',*,*,#4908,.F.);
#4908 = EDGE_CURVE('',#4909,#4911,#4913,.T.);
#4909 = VERTEX_POINT('',#4910);
#4910 = CARTESIAN_POINT('',(-0.5,-0.4,3.E-02));
#4911 = VERTEX_POINT('',#4912);
#4912 = CARTESIAN_POINT('',(-0.5,-0.4,0.77));
#4913 = LINE('',#4914,#4915);
#4914 = CARTESIAN_POINT('',(-0.5,-0.4,0.));
#4915 = VECTOR('',#4916,1.);
#4916 = DIRECTION('',(0.,0.,1.));
#4917 = ORIENTED_EDGE('',*,*,#4918,.F.);
#4918 = EDGE_CURVE('',#4833,#4909,#4919,.T.);
#4919 = LINE('',#4920,#4921);
#4920 = CARTESIAN_POINT('',(-0.8,-0.4,3.E-02));
#4921 = VECTOR('',#4922,1.);
#4922 = DIRECTION('',(1.,0.,0.));
#4923 = ORIENTED_EDGE('',*,*,#4832,.T.);
#4924 = ORIENTED_EDGE('',*,*,#4925,.T.);
#4925 = EDGE_CURVE('',#4835,#4911,#4926,.T.);
#4926 = LINE('',#4927,#4928);
#4927 = CARTESIAN_POINT('',(-0.8,-0.4,0.77));
#4928 = VECTOR('',#4929,1.);
#4929 = DIRECTION('',(1.,0.,0.));
#4930 = PLANE('',#4931);
#4931 = AXIS2_PLACEMENT_3D('',#4932,#4933,#4934);
#4932 = CARTESIAN_POINT('',(-0.8,-0.4,0.));
#4933 = DIRECTION('',(0.,1.,0.));
#4934 = DIRECTION('',(0.,-0.,1.));
#4935 = ADVANCED_FACE('',(#4936),#4955,.T.);
#4936 = FACE_BOUND('',#4937,.T.);
#4937 = EDGE_LOOP('',(#4938,#4939,#4947,#4954));
#4938 = ORIENTED_EDGE('',*,*,#4842,.T.);
#4939 = ORIENTED_EDGE('',*,*,#4940,.T.);
#4940 = EDGE_CURVE('',#4843,#4941,#4943,.T.);
#4941 = VERTEX_POINT('',#4942);
#4942 = CARTESIAN_POINT('',(-0.5,-0.37,0.));
#4943 = LINE('',#4944,#4945);
#4944 = CARTESIAN_POINT('',(-0.8,-0.37,0.));
#4945 = VECTOR('',#4946,1.);
#4946 = DIRECTION('',(1.,0.,0.));
#4947 = ORIENTED_EDGE('',*,*,#4948,.F.);
#4948 = EDGE_CURVE('',#4909,#4941,#4949,.T.);
#4949 = CIRCLE('',#4950,3.E-02);
#4950 = AXIS2_PLACEMENT_3D('',#4951,#4952,#4953);
#4951 = CARTESIAN_POINT('',(-0.5,-0.37,3.E-02));
#4952 = DIRECTION('',(1.,0.,-0.));
#4953 = DIRECTION('',(0.,0.,1.));
#4954 = ORIENTED_EDGE('',*,*,#4918,.F.);
#4955 = CYLINDRICAL_SURFACE('',#4956,3.E-02);
#4956 = AXIS2_PLACEMENT_3D('',#4957,#4958,#4959);
#4957 = CARTESIAN_POINT('',(-0.8,-0.37,3.E-02));
#4958 = DIRECTION('',(1.,0.,0.));
#4959 = DIRECTION('',(0.,-1.,0.));
#4960 = ADVANCED_FACE('',(#4961),#4980,.T.);
#4961 = FACE_BOUND('',#4962,.T.);
#4962 = EDGE_LOOP('',(#4963,#4964,#4973,#4979));
#4963 = ORIENTED_EDGE('',*,*,#4925,.T.);
#4964 = ORIENTED_EDGE('',*,*,#4965,.T.);
#4965 = EDGE_CURVE('',#4911,#4966,#4968,.T.);
#4966 = VERTEX_POINT('',#4967);
#4967 = CARTESIAN_POINT('',(-0.5,-0.37,0.8));
#4968 = CIRCLE('',#4969,3.E-02);
#4969 = AXIS2_PLACEMENT_3D('',#4970,#4971,#4972);
#4970 = CARTESIAN_POINT('',(-0.5,-0.37,0.77));
#4971 = DIRECTION('',(-1.,0.,0.));
#4972 = DIRECTION('',(0.,0.,1.));
#4973 = ORIENTED_EDGE('',*,*,#4974,.F.);
#4974 = EDGE_CURVE('',#4886,#4966,#4975,.T.);
#4975 = LINE('',#4976,#4977);
#4976 = CARTESIAN_POINT('',(-0.8,-0.37,0.8));
#4977 = VECTOR('',#4978,1.);
#4978 = DIRECTION('',(1.,0.,0.));
#4979 = ORIENTED_EDGE('',*,*,#4893,.F.);
#4980 = CYLINDRICAL_SURFACE('',#4981,3.E-02);
#4981 = AXIS2_PLACEMENT_3D('',#4982,#4983,#4984);
#4982 = CARTESIAN_POINT('',(-0.8,-0.37,0.77));
#4983 = DIRECTION('',(1.,0.,0.));
#4984 = DIRECTION('',(0.,-1.,0.));
#4985 = ADVANCED_FACE('',(#4986),#5004,.F.);
#4986 = FACE_BOUND('',#4987,.F.);
#4987 = EDGE_LOOP('',(#4988,#4989,#4990,#4998));
#4988 = ORIENTED_EDGE('',*,*,#4851,.F.);
#4989 = ORIENTED_EDGE('',*,*,#4940,.T.);
#4990 = ORIENTED_EDGE('',*,*,#4991,.T.);
#4991 = EDGE_CURVE('',#4941,#4992,#4994,.T.);
#4992 = VERTEX_POINT('',#4993);
#4993 = CARTESIAN_POINT('',(-0.5,0.37,0.));
#4994 = LINE('',#4995,#4996);
#4995 = CARTESIAN_POINT('',(-0.5,-0.4,0.));
#4996 = VECTOR('',#4997,1.);
#4997 = DIRECTION('',(0.,1.,0.));
#4998 = ORIENTED_EDGE('',*,*,#4999,.F.);
#4999 = EDGE_CURVE('',#4852,#4992,#5000,.T.);
#5000 = LINE('',#5001,#5002);
#5001 = CARTESIAN_POINT('',(-0.8,0.37,0.));
#5002 = VECTOR('',#5003,1.);
#5003 = DIRECTION('',(1.,0.,0.));
#5004 = PLANE('',#5005);
#5005 = AXIS2_PLACEMENT_3D('',#5006,#5007,#5008);
#5006 = CARTESIAN_POINT('',(-0.8,-0.4,0.));
#5007 = DIRECTION('',(0.,0.,1.));
#5008 = DIRECTION('',(1.,0.,-0.));
#5009 = ADVANCED_FACE('',(#5010),#5028,.T.);
#5010 = FACE_BOUND('',#5011,.T.);
#5011 = EDGE_LOOP('',(#5012,#5013,#5014,#5022));
#5012 = ORIENTED_EDGE('',*,*,#4885,.F.);
#5013 = ORIENTED_EDGE('',*,*,#4974,.T.);
#5014 = ORIENTED_EDGE('',*,*,#5015,.T.);
#5015 = EDGE_CURVE('',#4966,#5016,#5018,.T.);
#5016 = VERTEX_POINT('',#5017);
#5017 = CARTESIAN_POINT('',(-0.5,0.37,0.8));
#5018 = LINE('',#5019,#5020);
#5019 = CARTESIAN_POINT('',(-0.5,-0.4,0.8));
#5020 = VECTOR('',#5021,1.);
#5021 = DIRECTION('',(0.,1.,0.));
#5022 = ORIENTED_EDGE('',*,*,#5023,.F.);
#5023 = EDGE_CURVE('',#4877,#5016,#5024,.T.);
#5024 = LINE('',#5025,#5026);
#5025 = CARTESIAN_POINT('',(-0.8,0.37,0.8));
#5026 = VECTOR('',#5027,1.);
#5027 = DIRECTION('',(1.,0.,0.));
#5028 = PLANE('',#5029);
#5029 = AXIS2_PLACEMENT_3D('',#5030,#5031,#5032);
#5030 = CARTESIAN_POINT('',(-0.8,-0.4,0.8));
#5031 = DIRECTION('',(0.,0.,1.));
#5032 = DIRECTION('',(1.,0.,-0.));
#5033 = ADVANCED_FACE('',(#5034),#5053,.T.);
#5034 = FACE_BOUND('',#5035,.T.);
#5035 = EDGE_LOOP('',(#5036,#5044,#5051,#5052));
#5036 = ORIENTED_EDGE('',*,*,#5037,.T.);
#5037 = EDGE_CURVE('',#4860,#5038,#5040,.T.);
#5038 = VERTEX_POINT('',#5039);
#5039 = CARTESIAN_POINT('',(-0.5,0.4,3.E-02));
#5040 = LINE('',#5041,#5042);
#5041 = CARTESIAN_POINT('',(-0.8,0.4,3.E-02));
#5042 = VECTOR('',#5043,1.);
#5043 = DIRECTION('',(1.,0.,0.));
#5044 = ORIENTED_EDGE('',*,*,#5045,.T.);
#5045 = EDGE_CURVE('',#5038,#4992,#5046,.T.);
#5046 = CIRCLE('',#5047,3.E-02);
#5047 = AXIS2_PLACEMENT_3D('',#5048,#5049,#5050);
#5048 = CARTESIAN_POINT('',(-0.5,0.37,3.E-02));
#5049 = DIRECTION('',(-1.,0.,0.));
#5050 = DIRECTION('',(0.,0.,1.));
#5051 = ORIENTED_EDGE('',*,*,#4999,.F.);
#5052 = ORIENTED_EDGE('',*,*,#4859,.F.);
#5053 = CYLINDRICAL_SURFACE('',#5054,3.E-02);
#5054 = AXIS2_PLACEMENT_3D('',#5055,#5056,#5057);
#5055 = CARTESIAN_POINT('',(-0.8,0.37,3.E-02));
#5056 = DIRECTION('',(1.,0.,0.));
#5057 = DIRECTION('',(-0.,1.,0.));
#5058 = ADVANCED_FACE('',(#5059),#5078,.T.);
#5059 = FACE_BOUND('',#5060,.T.);
#5060 = EDGE_LOOP('',(#5061,#5062,#5063,#5072));
#5061 = ORIENTED_EDGE('',*,*,#4876,.T.);
#5062 = ORIENTED_EDGE('',*,*,#5023,.T.);
#5063 = ORIENTED_EDGE('',*,*,#5064,.F.);
#5064 = EDGE_CURVE('',#5065,#5016,#5067,.T.);
#5065 = VERTEX_POINT('',#5066);
#5066 = CARTESIAN_POINT('',(-0.5,0.4,0.77));
#5067 = CIRCLE('',#5068,3.E-02);
#5068 = AXIS2_PLACEMENT_3D('',#5069,#5070,#5071);
#5069 = CARTESIAN_POINT('',(-0.5,0.37,0.77));
#5070 = DIRECTION('',(1.,0.,-0.));
#5071 = DIRECTION('',(0.,0.,1.));
#5072 = ORIENTED_EDGE('',*,*,#5073,.F.);
#5073 = EDGE_CURVE('',#4869,#5065,#5074,.T.);
#5074 = LINE('',#5075,#5076);
#5075 = CARTESIAN_POINT('',(-0.8,0.4,0.77));
#5076 = VECTOR('',#5077,1.);
#5077 = DIRECTION('',(1.,0.,0.));
#5078 = CYLINDRICAL_SURFACE('',#5079,3.E-02);
#5079 = AXIS2_PLACEMENT_3D('',#5080,#5081,#5082);
#5080 = CARTESIAN_POINT('',(-0.8,0.37,0.77));
#5081 = DIRECTION('',(1.,0.,0.));
#5082 = DIRECTION('',(-0.,1.,0.));
#5083 = ADVANCED_FACE('',(#5084),#5095,.T.);
#5084 = FACE_BOUND('',#5085,.T.);
#5085 = EDGE_LOOP('',(#5086,#5092,#5093,#5094));
#5086 = ORIENTED_EDGE('',*,*,#5087,.F.);
#5087 = EDGE_CURVE('',#5038,#5065,#5088,.T.);
#5088 = LINE('',#5089,#5090);
#5089 = CARTESIAN_POINT('',(-0.5,0.4,0.));
#5090 = VECTOR('',#5091,1.);
#5091 = DIRECTION('',(0.,0.,1.));
#5092 = ORIENTED_EDGE('',*,*,#5037,.F.);
#5093 = ORIENTED_EDGE('',*,*,#4868,.T.);
#5094 = ORIENTED_EDGE('',*,*,#5073,.T.);
#5095 = PLANE('',#5096);
#5096 = AXIS2_PLACEMENT_3D('',#5097,#5098,#5099);
#5097 = CARTESIAN_POINT('',(-0.8,0.4,0.));
#5098 = DIRECTION('',(0.,1.,0.));
#5099 = DIRECTION('',(0.,-0.,1.));
#5100 = ADVANCED_FACE('',(#5101,#5111),#5181,.T.);
#5101 = FACE_BOUND('',#5102,.T.);
#5102 = EDGE_LOOP('',(#5103,#5104,#5105,#5106,#5107,#5108,#5109,#5110));
#5103 = ORIENTED_EDGE('',*,*,#4908,.F.);
#5104 = ORIENTED_EDGE('',*,*,#4948,.T.);
#5105 = ORIENTED_EDGE('',*,*,#4991,.T.);
#5106 = ORIENTED_EDGE('',*,*,#5045,.F.);
#5107 = ORIENTED_EDGE('',*,*,#5087,.T.);
#5108 = ORIENTED_EDGE('',*,*,#5064,.T.);
#5109 = ORIENTED_EDGE('',*,*,#5015,.F.);
#5110 = ORIENTED_EDGE('',*,*,#4965,.F.);
#5111 = FACE_BOUND('',#5112,.T.);
#5112 = EDGE_LOOP('',(#5113,#5124,#5132,#5141,#5149,#5158,#5166,#5175));
#5113 = ORIENTED_EDGE('',*,*,#5114,.F.);
#5114 = EDGE_CURVE('',#5115,#5117,#5119,.T.);
#5115 = VERTEX_POINT('',#5116);
#5116 = CARTESIAN_POINT('',(-0.5,-0.37,6.E-02));
#5117 = VERTEX_POINT('',#5118);
#5118 = CARTESIAN_POINT('',(-0.5,-0.34,3.E-02));
#5119 = CIRCLE('',#5120,3.E-02);
#5120 = AXIS2_PLACEMENT_3D('',#5121,#5122,#5123);
#5121 = CARTESIAN_POINT('',(-0.5,-0.34,6.E-02));
#5122 = DIRECTION('',(1.,0.,-0.));
#5123 = DIRECTION('',(0.,0.,1.));
#5124 = ORIENTED_EDGE('',*,*,#5125,.T.);
#5125 = EDGE_CURVE('',#5115,#5126,#5128,.T.);
#5126 = VERTEX_POINT('',#5127);
#5127 = CARTESIAN_POINT('',(-0.5,-0.37,0.74));
#5128 = LINE('',#5129,#5130);
#5129 = CARTESIAN_POINT('',(-0.5,-0.37,3.E-02));
#5130 = VECTOR('',#5131,1.);
#5131 = DIRECTION('',(0.,0.,1.));
#5132 = ORIENTED_EDGE('',*,*,#5133,.T.);
#5133 = EDGE_CURVE('',#5126,#5134,#5136,.T.);
#5134 = VERTEX_POINT('',#5135);
#5135 = CARTESIAN_POINT('',(-0.5,-0.34,0.77));
#5136 = CIRCLE('',#5137,3.E-02);
#5137 = AXIS2_PLACEMENT_3D('',#5138,#5139,#5140);
#5138 = CARTESIAN_POINT('',(-0.5,-0.34,0.74));
#5139 = DIRECTION('',(-1.,0.,0.));
#5140 = DIRECTION('',(0.,0.,1.));
#5141 = ORIENTED_EDGE('',*,*,#5142,.T.);
#5142 = EDGE_CURVE('',#5134,#5143,#5145,.T.);
#5143 = VERTEX_POINT('',#5144);
#5144 = CARTESIAN_POINT('',(-0.5,0.34,0.77));
#5145 = LINE('',#5146,#5147);
#5146 = CARTESIAN_POINT('',(-0.5,-0.37,0.77));
#5147 = VECTOR('',#5148,1.);
#5148 = DIRECTION('',(0.,1.,0.));
#5149 = ORIENTED_EDGE('',*,*,#5150,.F.);
#5150 = EDGE_CURVE('',#5151,#5143,#5153,.T.);
#5151 = VERTEX_POINT('',#5152);
#5152 = CARTESIAN_POINT('',(-0.5,0.37,0.74));
#5153 = CIRCLE('',#5154,3.E-02);
#5154 = AXIS2_PLACEMENT_3D('',#5155,#5156,#5157);
#5155 = CARTESIAN_POINT('',(-0.5,0.34,0.74));
#5156 = DIRECTION('',(1.,0.,-0.));
#5157 = DIRECTION('',(0.,0.,1.));
#5158 = ORIENTED_EDGE('',*,*,#5159,.F.);
#5159 = EDGE_CURVE('',#5160,#5151,#5162,.T.);
#5160 = VERTEX_POINT('',#5161);
#5161 = CARTESIAN_POINT('',(-0.5,0.37,6.E-02));
#5162 = LINE('',#5163,#5164);
#5163 = CARTESIAN_POINT('',(-0.5,0.37,3.E-02));
#5164 = VECTOR('',#5165,1.);
#5165 = DIRECTION('',(0.,0.,1.));
#5166 = ORIENTED_EDGE('',*,*,#5167,.T.);
#5167 = EDGE_CURVE('',#5160,#5168,#5170,.T.);
#5168 = VERTEX_POINT('',#5169);
#5169 = CARTESIAN_POINT('',(-0.5,0.34,3.E-02));
#5170 = CIRCLE('',#5171,3.E-02);
#5171 = AXIS2_PLACEMENT_3D('',#5172,#5173,#5174);
#5172 = CARTESIAN_POINT('',(-0.5,0.34,6.E-02));
#5173 = DIRECTION('',(-1.,0.,0.));
#5174 = DIRECTION('',(0.,0.,1.));
#5175 = ORIENTED_EDGE('',*,*,#5176,.F.);
#5176 = EDGE_CURVE('',#5117,#5168,#5177,.T.);
#5177 = LINE('',#5178,#5179);
#5178 = CARTESIAN_POINT('',(-0.5,-0.37,3.E-02));
#5179 = VECTOR('',#5180,1.);
#5180 = DIRECTION('',(0.,1.,0.));
#5181 = PLANE('',#5182);
#5182 = AXIS2_PLACEMENT_3D('',#5183,#5184,#5185);
#5183 = CARTESIAN_POINT('',(-0.5,-0.4,0.));
#5184 = DIRECTION('',(1.,0.,0.));
#5185 = DIRECTION('',(0.,0.,1.));
#5186 = ADVANCED_FACE('',(#5187),#5213,.T.);
#5187 = FACE_BOUND('',#5188,.T.);
#5188 = EDGE_LOOP('',(#5189,#5190,#5198,#5207));
#5189 = ORIENTED_EDGE('',*,*,#5114,.T.);
#5190 = ORIENTED_EDGE('',*,*,#5191,.T.);
#5191 = EDGE_CURVE('',#5117,#5192,#5194,.T.);
#5192 = VERTEX_POINT('',#5193);
#5193 = CARTESIAN_POINT('',(0.5,-0.34,3.E-02));
#5194 = LINE('',#5195,#5196);
#5195 = CARTESIAN_POINT('',(-0.5,-0.34,3.E-02));
#5196 = VECTOR('',#5197,1.);
#5197 = DIRECTION('',(1.,0.,0.));
#5198 = ORIENTED_EDGE('',*,*,#5199,.F.);
#5199 = EDGE_CURVE('',#5200,#5192,#5202,.T.);
#5200 = VERTEX_POINT('',#5201);
#5201 = CARTESIAN_POINT('',(0.5,-0.37,6.E-02));
#5202 = CIRCLE('',#5203,3.E-02);
#5203 = AXIS2_PLACEMENT_3D('',#5204,#5205,#5206);
#5204 = CARTESIAN_POINT('',(0.5,-0.34,6.E-02));
#5205 = DIRECTION('',(1.,0.,-0.));
#5206 = DIRECTION('',(0.,0.,1.));
#5207 = ORIENTED_EDGE('',*,*,#5208,.F.);
#5208 = EDGE_CURVE('',#5115,#5200,#5209,.T.);
#5209 = LINE('',#5210,#5211);
#5210 = CARTESIAN_POINT('',(-0.5,-0.37,6.E-02));
#5211 = VECTOR('',#5212,1.);
#5212 = DIRECTION('',(1.,0.,0.));
#5213 = CYLINDRICAL_SURFACE('',#5214,3.E-02);
#5214 = AXIS2_PLACEMENT_3D('',#5215,#5216,#5217);
#5215 = CARTESIAN_POINT('',(-0.5,-0.34,6.E-02));
#5216 = DIRECTION('',(1.,0.,0.));
#5217 = DIRECTION('',(0.,-1.,0.));
#5218 = ADVANCED_FACE('',(#5219),#5237,.F.);
#5219 = FACE_BOUND('',#5220,.F.);
#5220 = EDGE_LOOP('',(#5221,#5222,#5223,#5231));
#5221 = ORIENTED_EDGE('',*,*,#5176,.F.);
#5222 = ORIENTED_EDGE('',*,*,#5191,.T.);
#5223 = ORIENTED_EDGE('',*,*,#5224,.T.);
#5224 = EDGE_CURVE('',#5192,#5225,#5227,.T.);
#5225 = VERTEX_POINT('',#5226);
#5226 = CARTESIAN_POINT('',(0.5,0.34,3.E-02));
#5227 = LINE('',#5228,#5229);
#5228 = CARTESIAN_POINT('',(0.5,-0.37,3.E-02));
#5229 = VECTOR('',#5230,1.);
#5230 = DIRECTION('',(0.,1.,0.));
#5231 = ORIENTED_EDGE('',*,*,#5232,.F.);
#5232 = EDGE_CURVE('',#5168,#5225,#5233,.T.);
#5233 = LINE('',#5234,#5235);
#5234 = CARTESIAN_POINT('',(-0.5,0.34,3.E-02));
#5235 = VECTOR('',#5236,1.);
#5236 = DIRECTION('',(1.,0.,0.));
#5237 = PLANE('',#5238);
#5238 = AXIS2_PLACEMENT_3D('',#5239,#5240,#5241);
#5239 = CARTESIAN_POINT('',(-0.5,-0.37,3.E-02));
#5240 = DIRECTION('',(0.,0.,1.));
#5241 = DIRECTION('',(1.,0.,-0.));
#5242 = ADVANCED_FACE('',(#5243),#5262,.T.);
#5243 = FACE_BOUND('',#5244,.T.);
#5244 = EDGE_LOOP('',(#5245,#5253,#5260,#5261));
#5245 = ORIENTED_EDGE('',*,*,#5246,.T.);
#5246 = EDGE_CURVE('',#5160,#5247,#5249,.T.);
#5247 = VERTEX_POINT('',#5248);
#5248 = CARTESIAN_POINT('',(0.5,0.37,6.E-02));
#5249 = LINE('',#5250,#5251);
#5250 = CARTESIAN_POINT('',(-0.5,0.37,6.E-02));
#5251 = VECTOR('',#5252,1.);
#5252 = DIRECTION('',(1.,0.,0.));
#5253 = ORIENTED_EDGE('',*,*,#5254,.T.);
#5254 = EDGE_CURVE('',#5247,#5225,#5255,.T.);
#5255 = CIRCLE('',#5256,3.E-02);
#5256 = AXIS2_PLACEMENT_3D('',#5257,#5258,#5259);
#5257 = CARTESIAN_POINT('',(0.5,0.34,6.E-02));
#5258 = DIRECTION('',(-1.,0.,0.));
#5259 = DIRECTION('',(0.,0.,1.));
#5260 = ORIENTED_EDGE('',*,*,#5232,.F.);
#5261 = ORIENTED_EDGE('',*,*,#5167,.F.);
#5262 = CYLINDRICAL_SURFACE('',#5263,3.E-02);
#5263 = AXIS2_PLACEMENT_3D('',#5264,#5265,#5266);
#5264 = CARTESIAN_POINT('',(-0.5,0.34,6.E-02));
#5265 = DIRECTION('',(1.,0.,0.));
#5266 = DIRECTION('',(-0.,1.,0.));
#5267 = ADVANCED_FACE('',(#5268),#5286,.T.);
#5268 = FACE_BOUND('',#5269,.T.);
#5269 = EDGE_LOOP('',(#5270,#5278,#5279,#5280));
#5270 = ORIENTED_EDGE('',*,*,#5271,.F.);
#5271 = EDGE_CURVE('',#5247,#5272,#5274,.T.);
#5272 = VERTEX_POINT('',#5273);
#5273 = CARTESIAN_POINT('',(0.5,0.37,0.74));
#5274 = LINE('',#5275,#5276);
#5275 = CARTESIAN_POINT('',(0.5,0.37,3.E-02));
#5276 = VECTOR('',#5277,1.);
#5277 = DIRECTION('',(0.,0.,1.));
#5278 = ORIENTED_EDGE('',*,*,#5246,.F.);
#5279 = ORIENTED_EDGE('',*,*,#5159,.T.);
#5280 = ORIENTED_EDGE('',*,*,#5281,.T.);
#5281 = EDGE_CURVE('',#5151,#5272,#5282,.T.);
#5282 = LINE('',#5283,#5284);
#5283 = CARTESIAN_POINT('',(-0.5,0.37,0.74));
#5284 = VECTOR('',#5285,1.);
#5285 = DIRECTION('',(1.,0.,0.));
#5286 = PLANE('',#5287);
#5287 = AXIS2_PLACEMENT_3D('',#5288,#5289,#5290);
#5288 = CARTESIAN_POINT('',(-0.5,0.37,3.E-02));
#5289 = DIRECTION('',(0.,1.,0.));
#5290 = DIRECTION('',(0.,-0.,1.));
#5291 = ADVANCED_FACE('',(#5292),#5311,.T.);
#5292 = FACE_BOUND('',#5293,.T.);
#5293 = EDGE_LOOP('',(#5294,#5295,#5303,#5310));
#5294 = ORIENTED_EDGE('',*,*,#5150,.T.);
#5295 = ORIENTED_EDGE('',*,*,#5296,.T.);
#5296 = EDGE_CURVE('',#5143,#5297,#5299,.T.);
#5297 = VERTEX_POINT('',#5298);
#5298 = CARTESIAN_POINT('',(0.5,0.34,0.77));
#5299 = LINE('',#5300,#5301);
#5300 = CARTESIAN_POINT('',(-0.5,0.34,0.77));
#5301 = VECTOR('',#5302,1.);
#5302 = DIRECTION('',(1.,0.,0.));
#5303 = ORIENTED_EDGE('',*,*,#5304,.F.);
#5304 = EDGE_CURVE('',#5272,#5297,#5305,.T.);
#5305 = CIRCLE('',#5306,3.E-02);
#5306 = AXIS2_PLACEMENT_3D('',#5307,#5308,#5309);
#5307 = CARTESIAN_POINT('',(0.5,0.34,0.74));
#5308 = DIRECTION('',(1.,0.,-0.));
#5309 = DIRECTION('',(0.,0.,1.));
#5310 = ORIENTED_EDGE('',*,*,#5281,.F.);
#5311 = CYLINDRICAL_SURFACE('',#5312,3.E-02);
#5312 = AXIS2_PLACEMENT_3D('',#5313,#5314,#5315);
#5313 = CARTESIAN_POINT('',(-0.5,0.34,0.74));
#5314 = DIRECTION('',(1.,0.,0.));
#5315 = DIRECTION('',(-0.,1.,0.));
#5316 = ADVANCED_FACE('',(#5317),#5335,.T.);
#5317 = FACE_BOUND('',#5318,.T.);
#5318 = EDGE_LOOP('',(#5319,#5320,#5328,#5334));
#5319 = ORIENTED_EDGE('',*,*,#5142,.F.);
#5320 = ORIENTED_EDGE('',*,*,#5321,.T.);
#5321 = EDGE_CURVE('',#5134,#5322,#5324,.T.);
#5322 = VERTEX_POINT('',#5323);
#5323 = CARTESIAN_POINT('',(0.5,-0.34,0.77));
#5324 = LINE('',#5325,#5326);
#5325 = CARTESIAN_POINT('',(-0.5,-0.34,0.77));
#5326 = VECTOR('',#5327,1.);
#5327 = DIRECTION('',(1.,0.,0.));
#5328 = ORIENTED_EDGE('',*,*,#5329,.T.);
#5329 = EDGE_CURVE('',#5322,#5297,#5330,.T.);
#5330 = LINE('',#5331,#5332);
#5331 = CARTESIAN_POINT('',(0.5,-0.37,0.77));
#5332 = VECTOR('',#5333,1.);
#5333 = DIRECTION('',(0.,1.,0.));
#5334 = ORIENTED_EDGE('',*,*,#5296,.F.);
#5335 = PLANE('',#5336);
#5336 = AXIS2_PLACEMENT_3D('',#5337,#5338,#5339);
#5337 = CARTESIAN_POINT('',(-0.5,-0.37,0.77));
#5338 = DIRECTION('',(0.,0.,1.));
#5339 = DIRECTION('',(1.,0.,-0.));
#5340 = ADVANCED_FACE('',(#5341),#5360,.T.);
#5341 = FACE_BOUND('',#5342,.T.);
#5342 = EDGE_LOOP('',(#5343,#5351,#5358,#5359));
#5343 = ORIENTED_EDGE('',*,*,#5344,.T.);
#5344 = EDGE_CURVE('',#5126,#5345,#5347,.T.);
#5345 = VERTEX_POINT('',#5346);
#5346 = CARTESIAN_POINT('',(0.5,-0.37,0.74));
#5347 = LINE('',#5348,#5349);
#5348 = CARTESIAN_POINT('',(-0.5,-0.37,0.74));
#5349 = VECTOR('',#5350,1.);
#5350 = DIRECTION('',(1.,0.,0.));
#5351 = ORIENTED_EDGE('',*,*,#5352,.T.);
#5352 = EDGE_CURVE('',#5345,#5322,#5353,.T.);
#5353 = CIRCLE('',#5354,3.E-02);
#5354 = AXIS2_PLACEMENT_3D('',#5355,#5356,#5357);
#5355 = CARTESIAN_POINT('',(0.5,-0.34,0.74));
#5356 = DIRECTION('',(-1.,0.,0.));
#5357 = DIRECTION('',(0.,0.,1.));
#5358 = ORIENTED_EDGE('',*,*,#5321,.F.);
#5359 = ORIENTED_EDGE('',*,*,#5133,.F.);
#5360 = CYLINDRICAL_SURFACE('',#5361,3.E-02);
#5361 = AXIS2_PLACEMENT_3D('',#5362,#5363,#5364);
#5362 = CARTESIAN_POINT('',(-0.5,-0.34,0.74));
#5363 = DIRECTION('',(1.,0.,0.));
#5364 = DIRECTION('',(0.,-1.,0.));
#5365 = ADVANCED_FACE('',(#5366),#5377,.F.);
#5366 = FACE_BOUND('',#5367,.F.);
#5367 = EDGE_LOOP('',(#5368,#5374,#5375,#5376));
#5368 = ORIENTED_EDGE('',*,*,#5369,.F.);
#5369 = EDGE_CURVE('',#5200,#5345,#5370,.T.);
#5370 = LINE('',#5371,#5372);
#5371 = CARTESIAN_POINT('',(0.5,-0.37,3.E-02));
#5372 = VECTOR('',#5373,1.);
#5373 = DIRECTION('',(0.,0.,1.));
#5374 = ORIENTED_EDGE('',*,*,#5208,.F.);
#5375 = ORIENTED_EDGE('',*,*,#5125,.T.);
#5376 = ORIENTED_EDGE('',*,*,#5344,.T.);
#5377 = PLANE('',#5378);
#5378 = AXIS2_PLACEMENT_3D('',#5379,#5380,#5381);
#5379 = CARTESIAN_POINT('',(-0.5,-0.37,3.E-02));
#5380 = DIRECTION('',(0.,1.,0.));
#5381 = DIRECTION('',(0.,-0.,1.));
#5382 = ADVANCED_FACE('',(#5383,#5453),#5463,.F.);
#5383 = FACE_BOUND('',#5384,.F.);
#5384 = EDGE_LOOP('',(#5385,#5395,#5404,#5412,#5421,#5429,#5438,#5446));
#5385 = ORIENTED_EDGE('',*,*,#5386,.F.);
#5386 = EDGE_CURVE('',#5387,#5389,#5391,.T.);
#5387 = VERTEX_POINT('',#5388);
#5388 = CARTESIAN_POINT('',(0.5,-0.4,3.E-02));
#5389 = VERTEX_POINT('',#5390);
#5390 = CARTESIAN_POINT('',(0.5,-0.4,0.77));
#5391 = LINE('',#5392,#5393);
#5392 = CARTESIAN_POINT('',(0.5,-0.4,0.));
#5393 = VECTOR('',#5394,1.);
#5394 = DIRECTION('',(0.,0.,1.));
#5395 = ORIENTED_EDGE('',*,*,#5396,.T.);
#5396 = EDGE_CURVE('',#5387,#5397,#5399,.T.);
#5397 = VERTEX_POINT('',#5398);
#5398 = CARTESIAN_POINT('',(0.5,-0.37,0.));
#5399 = CIRCLE('',#5400,3.E-02);
#5400 = AXIS2_PLACEMENT_3D('',#5401,#5402,#5403);
#5401 = CARTESIAN_POINT('',(0.5,-0.37,3.E-02));
#5402 = DIRECTION('',(1.,0.,-0.));
#5403 = DIRECTION('',(0.,0.,1.));
#5404 = ORIENTED_EDGE('',*,*,#5405,.T.);
#5405 = EDGE_CURVE('',#5397,#5406,#5408,.T.);
#5406 = VERTEX_POINT('',#5407);
#5407 = CARTESIAN_POINT('',(0.5,0.37,0.));
#5408 = LINE('',#5409,#5410);
#5409 = CARTESIAN_POINT('',(0.5,-0.4,0.));
#5410 = VECTOR('',#5411,1.);
#5411 = DIRECTION('',(0.,1.,0.));
#5412 = ORIENTED_EDGE('',*,*,#5413,.F.);
#5413 = EDGE_CURVE('',#5414,#5406,#5416,.T.);
#5414 = VERTEX_POINT('',#5415);
#5415 = CARTESIAN_POINT('',(0.5,0.4,3.E-02));
#5416 = CIRCLE('',#5417,3.E-02);
#5417 = AXIS2_PLACEMENT_3D('',#5418,#5419,#5420);
#5418 = CARTESIAN_POINT('',(0.5,0.37,3.E-02));
#5419 = DIRECTION('',(-1.,0.,0.));
#5420 = DIRECTION('',(0.,0.,1.));
#5421 = ORIENTED_EDGE('',*,*,#5422,.T.);
#5422 = EDGE_CURVE('',#5414,#5423,#5425,.T.);
#5423 = VERTEX_POINT('',#5424);
#5424 = CARTESIAN_POINT('',(0.5,0.4,0.77));
#5425 = LINE('',#5426,#5427);
#5426 = CARTESIAN_POINT('',(0.5,0.4,0.));
#5427 = VECTOR('',#5428,1.);
#5428 = DIRECTION('',(0.,0.,1.));
#5429 = ORIENTED_EDGE('',*,*,#5430,.T.);
#5430 = EDGE_CURVE('',#5423,#5431,#5433,.T.);
#5431 = VERTEX_POINT('',#5432);
#5432 = CARTESIAN_POINT('',(0.5,0.37,0.8));
#5433 = CIRCLE('',#5434,3.E-02);
#5434 = AXIS2_PLACEMENT_3D('',#5435,#5436,#5437);
#5435 = CARTESIAN_POINT('',(0.5,0.37,0.77));
#5436 = DIRECTION('',(1.,0.,-0.));
#5437 = DIRECTION('',(0.,0.,1.));
#5438 = ORIENTED_EDGE('',*,*,#5439,.F.);
#5439 = EDGE_CURVE('',#5440,#5431,#5442,.T.);
#5440 = VERTEX_POINT('',#5441);
#5441 = CARTESIAN_POINT('',(0.5,-0.37,0.8));
#5442 = LINE('',#5443,#5444);
#5443 = CARTESIAN_POINT('',(0.5,-0.4,0.8));
#5444 = VECTOR('',#5445,1.);
#5445 = DIRECTION('',(0.,1.,0.));
#5446 = ORIENTED_EDGE('',*,*,#5447,.F.);
#5447 = EDGE_CURVE('',#5389,#5440,#5448,.T.);
#5448 = CIRCLE('',#5449,3.E-02);
#5449 = AXIS2_PLACEMENT_3D('',#5450,#5451,#5452);
#5450 = CARTESIAN_POINT('',(0.5,-0.37,0.77));
#5451 = DIRECTION('',(-1.,0.,0.));
#5452 = DIRECTION('',(0.,0.,1.));
#5453 = FACE_BOUND('',#5454,.F.);
#5454 = EDGE_LOOP('',(#5455,#5456,#5457,#5458,#5459,#5460,#5461,#5462));
#5455 = ORIENTED_EDGE('',*,*,#5199,.F.);
#5456 = ORIENTED_EDGE('',*,*,#5369,.T.);
#5457 = ORIENTED_EDGE('',*,*,#5352,.T.);
#5458 = ORIENTED_EDGE('',*,*,#5329,.T.);
#5459 = ORIENTED_EDGE('',*,*,#5304,.F.);
#5460 = ORIENTED_EDGE('',*,*,#5271,.F.);
#5461 = ORIENTED_EDGE('',*,*,#5254,.T.);
#5462 = ORIENTED_EDGE('',*,*,#5224,.F.);
#5463 = PLANE('',#5464);
#5464 = AXIS2_PLACEMENT_3D('',#5465,#5466,#5467);
#5465 = CARTESIAN_POINT('',(0.5,-0.4,0.));
#5466 = DIRECTION('',(1.,0.,0.));
#5467 = DIRECTION('',(0.,0.,1.));
#5468 = ADVANCED_FACE('',(#5469),#5494,.F.);
#5469 = FACE_BOUND('',#5470,.F.);
#5470 = EDGE_LOOP('',(#5471,#5481,#5487,#5488));
#5471 = ORIENTED_EDGE('',*,*,#5472,.F.);
#5472 = EDGE_CURVE('',#5473,#5475,#5477,.T.);
#5473 = VERTEX_POINT('',#5474);
#5474 = CARTESIAN_POINT('',(0.8,-0.4,3.E-02));
#5475 = VERTEX_POINT('',#5476);
#5476 = CARTESIAN_POINT('',(0.8,-0.4,0.77));
#5477 = LINE('',#5478,#5479);
#5478 = CARTESIAN_POINT('',(0.8,-0.4,0.));
#5479 = VECTOR('',#5480,1.);
#5480 = DIRECTION('',(0.,0.,1.));
#5481 = ORIENTED_EDGE('',*,*,#5482,.F.);
#5482 = EDGE_CURVE('',#5387,#5473,#5483,.T.);
#5483 = LINE('',#5484,#5485);
#5484 = CARTESIAN_POINT('',(0.5,-0.4,3.E-02));
#5485 = VECTOR('',#5486,1.);
#5486 = DIRECTION('',(1.,0.,0.));
#5487 = ORIENTED_EDGE('',*,*,#5386,.T.);
#5488 = ORIENTED_EDGE('',*,*,#5489,.T.);
#5489 = EDGE_CURVE('',#5389,#5475,#5490,.T.);
#5490 = LINE('',#5491,#5492);
#5491 = CARTESIAN_POINT('',(0.5,-0.4,0.77));
#5492 = VECTOR('',#5493,1.);
#5493 = DIRECTION('',(1.,0.,0.));
#5494 = PLANE('',#5495);
#5495 = AXIS2_PLACEMENT_3D('',#5496,#5497,#5498);
#5496 = CARTESIAN_POINT('',(0.5,-0.4,0.));
#5497 = DIRECTION('',(0.,1.,0.));
#5498 = DIRECTION('',(0.,-0.,1.));
#5499 = ADVANCED_FACE('',(#5500),#5519,.T.);
#5500 = FACE_BOUND('',#5501,.T.);
#5501 = EDGE_LOOP('',(#5502,#5503,#5511,#5518));
#5502 = ORIENTED_EDGE('',*,*,#5396,.T.);
#5503 = ORIENTED_EDGE('',*,*,#5504,.T.);
#5504 = EDGE_CURVE('',#5397,#5505,#5507,.T.);
#5505 = VERTEX_POINT('',#5506);
#5506 = CARTESIAN_POINT('',(0.8,-0.37,0.));
#5507 = LINE('',#5508,#5509);
#5508 = CARTESIAN_POINT('',(0.5,-0.37,0.));
#5509 = VECTOR('',#5510,1.);
#5510 = DIRECTION('',(1.,0.,0.));
#5511 = ORIENTED_EDGE('',*,*,#5512,.F.);
#5512 = EDGE_CURVE('',#5473,#5505,#5513,.T.);
#5513 = CIRCLE('',#5514,3.E-02);
#5514 = AXIS2_PLACEMENT_3D('',#5515,#5516,#5517);
#5515 = CARTESIAN_POINT('',(0.8,-0.37,3.E-02));
#5516 = DIRECTION('',(1.,0.,-0.));
#5517 = DIRECTION('',(0.,0.,1.));
#5518 = ORIENTED_EDGE('',*,*,#5482,.F.);
#5519 = CYLINDRICAL_SURFACE('',#5520,3.E-02);
#5520 = AXIS2_PLACEMENT_3D('',#5521,#5522,#5523);
#5521 = CARTESIAN_POINT('',(0.5,-0.37,3.E-02));
#5522 = DIRECTION('',(1.,0.,0.));
#5523 = DIRECTION('',(0.,-1.,0.));
#5524 = ADVANCED_FACE('',(#5525),#5544,.T.);
#5525 = FACE_BOUND('',#5526,.T.);
#5526 = EDGE_LOOP('',(#5527,#5528,#5537,#5543));
#5527 = ORIENTED_EDGE('',*,*,#5489,.T.);
#5528 = ORIENTED_EDGE('',*,*,#5529,.T.);
#5529 = EDGE_CURVE('',#5475,#5530,#5532,.T.);
#5530 = VERTEX_POINT('',#5531);
#5531 = CARTESIAN_POINT('',(0.8,-0.37,0.8));
#5532 = CIRCLE('',#5533,3.E-02);
#5533 = AXIS2_PLACEMENT_3D('',#5534,#5535,#5536);
#5534 = CARTESIAN_POINT('',(0.8,-0.37,0.77));
#5535 = DIRECTION('',(-1.,0.,0.));
#5536 = DIRECTION('',(0.,0.,1.));
#5537 = ORIENTED_EDGE('',*,*,#5538,.F.);
#5538 = EDGE_CURVE('',#5440,#5530,#5539,.T.);
#5539 = LINE('',#5540,#5541);
#5540 = CARTESIAN_POINT('',(0.5,-0.37,0.8));
#5541 = VECTOR('',#5542,1.);
#5542 = DIRECTION('',(1.,0.,0.));
#5543 = ORIENTED_EDGE('',*,*,#5447,.F.);
#5544 = CYLINDRICAL_SURFACE('',#5545,3.E-02);
#5545 = AXIS2_PLACEMENT_3D('',#5546,#5547,#5548);
#5546 = CARTESIAN_POINT('',(0.5,-0.37,0.77));
#5547 = DIRECTION('',(1.,0.,0.));
#5548 = DIRECTION('',(0.,-1.,0.));
#5549 = ADVANCED_FACE('',(#5550),#5568,.F.);
#5550 = FACE_BOUND('',#5551,.F.);
#5551 = EDGE_LOOP('',(#5552,#5553,#5554,#5562));
#5552 = ORIENTED_EDGE('',*,*,#5405,.F.);
#5553 = ORIENTED_EDGE('',*,*,#5504,.T.);
#5554 = ORIENTED_EDGE('',*,*,#5555,.T.);
#5555 = EDGE_CURVE('',#5505,#5556,#5558,.T.);
#5556 = VERTEX_POINT('',#5557);
#5557 = CARTESIAN_POINT('',(0.8,0.37,0.));
#5558 = LINE('',#5559,#5560);
#5559 = CARTESIAN_POINT('',(0.8,-0.4,0.));
#5560 = VECTOR('',#5561,1.);
#5561 = DIRECTION('',(0.,1.,0.));
#5562 = ORIENTED_EDGE('',*,*,#5563,.F.);
#5563 = EDGE_CURVE('',#5406,#5556,#5564,.T.);
#5564 = LINE('',#5565,#5566);
#5565 = CARTESIAN_POINT('',(0.5,0.37,0.));
#5566 = VECTOR('',#5567,1.);
#5567 = DIRECTION('',(1.,0.,0.));
#5568 = PLANE('',#5569);
#5569 = AXIS2_PLACEMENT_3D('',#5570,#5571,#5572);
#5570 = CARTESIAN_POINT('',(0.5,-0.4,0.));
#5571 = DIRECTION('',(0.,0.,1.));
#5572 = DIRECTION('',(1.,0.,-0.));
#5573 = ADVANCED_FACE('',(#5574),#5592,.T.);
#5574 = FACE_BOUND('',#5575,.T.);
#5575 = EDGE_LOOP('',(#5576,#5577,#5578,#5586));
#5576 = ORIENTED_EDGE('',*,*,#5439,.F.);
#5577 = ORIENTED_EDGE('',*,*,#5538,.T.);
#5578 = ORIENTED_EDGE('',*,*,#5579,.T.);
#5579 = EDGE_CURVE('',#5530,#5580,#5582,.T.);
#5580 = VERTEX_POINT('',#5581);
#5581 = CARTESIAN_POINT('',(0.8,0.37,0.8));
#5582 = LINE('',#5583,#5584);
#5583 = CARTESIAN_POINT('',(0.8,-0.4,0.8));
#5584 = VECTOR('',#5585,1.);
#5585 = DIRECTION('',(0.,1.,0.));
#5586 = ORIENTED_EDGE('',*,*,#5587,.F.);
#5587 = EDGE_CURVE('',#5431,#5580,#5588,.T.);
#5588 = LINE('',#5589,#5590);
#5589 = CARTESIAN_POINT('',(0.5,0.37,0.8));
#5590 = VECTOR('',#5591,1.);
#5591 = DIRECTION('',(1.,0.,0.));
#5592 = PLANE('',#5593);
#5593 = AXIS2_PLACEMENT_3D('',#5594,#5595,#5596);
#5594 = CARTESIAN_POINT('',(0.5,-0.4,0.8));
#5595 = DIRECTION('',(0.,0.,1.));
#5596 = DIRECTION('',(1.,0.,-0.));
#5597 = ADVANCED_FACE('',(#5598),#5617,.T.);
#5598 = FACE_BOUND('',#5599,.T.);
#5599 = EDGE_LOOP('',(#5600,#5608,#5615,#5616));
#5600 = ORIENTED_EDGE('',*,*,#5601,.T.);
#5601 = EDGE_CURVE('',#5414,#5602,#5604,.T.);
#5602 = VERTEX_POINT('',#5603);
#5603 = CARTESIAN_POINT('',(0.8,0.4,3.E-02));
#5604 = LINE('',#5605,#5606);
#5605 = CARTESIAN_POINT('',(0.5,0.4,3.E-02));
#5606 = VECTOR('',#5607,1.);
#5607 = DIRECTION('',(1.,0.,0.));
#5608 = ORIENTED_EDGE('',*,*,#5609,.T.);
#5609 = EDGE_CURVE('',#5602,#5556,#5610,.T.);
#5610 = CIRCLE('',#5611,3.E-02);
#5611 = AXIS2_PLACEMENT_3D('',#5612,#5613,#5614);
#5612 = CARTESIAN_POINT('',(0.8,0.37,3.E-02));
#5613 = DIRECTION('',(-1.,0.,0.));
#5614 = DIRECTION('',(0.,0.,1.));
#5615 = ORIENTED_EDGE('',*,*,#5563,.F.);
#5616 = ORIENTED_EDGE('',*,*,#5413,.F.);
#5617 = CYLINDRICAL_SURFACE('',#5618,3.E-02);
#5618 = AXIS2_PLACEMENT_3D('',#5619,#5620,#5621);
#5619 = CARTESIAN_POINT('',(0.5,0.37,3.E-02));
#5620 = DIRECTION('',(1.,0.,0.));
#5621 = DIRECTION('',(-0.,1.,0.));
#5622 = ADVANCED_FACE('',(#5623),#5642,.T.);
#5623 = FACE_BOUND('',#5624,.T.);
#5624 = EDGE_LOOP('',(#5625,#5626,#5627,#5636));
#5625 = ORIENTED_EDGE('',*,*,#5430,.T.);
#5626 = ORIENTED_EDGE('',*,*,#5587,.T.);
#5627 = ORIENTED_EDGE('',*,*,#5628,.F.);
#5628 = EDGE_CURVE('',#5629,#5580,#5631,.T.);
#5629 = VERTEX_POINT('',#5630);
#5630 = CARTESIAN_POINT('',(0.8,0.4,0.77));
#5631 = CIRCLE('',#5632,3.E-02);
#5632 = AXIS2_PLACEMENT_3D('',#5633,#5634,#5635);
#5633 = CARTESIAN_POINT('',(0.8,0.37,0.77));
#5634 = DIRECTION('',(1.,0.,-0.));
#5635 = DIRECTION('',(0.,0.,1.));
#5636 = ORIENTED_EDGE('',*,*,#5637,.F.);
#5637 = EDGE_CURVE('',#5423,#5629,#5638,.T.);
#5638 = LINE('',#5639,#5640);
#5639 = CARTESIAN_POINT('',(0.5,0.4,0.77));
#5640 = VECTOR('',#5641,1.);
#5641 = DIRECTION('',(1.,0.,0.));
#5642 = CYLINDRICAL_SURFACE('',#5643,3.E-02);
#5643 = AXIS2_PLACEMENT_3D('',#5644,#5645,#5646);
#5644 = CARTESIAN_POINT('',(0.5,0.37,0.77));
#5645 = DIRECTION('',(1.,0.,0.));
#5646 = DIRECTION('',(-0.,1.,0.));
#5647 = ADVANCED_FACE('',(#5648),#5659,.T.);
#5648 = FACE_BOUND('',#5649,.T.);
#5649 = EDGE_LOOP('',(#5650,#5656,#5657,#5658));
#5650 = ORIENTED_EDGE('',*,*,#5651,.F.);
#5651 = EDGE_CURVE('',#5602,#5629,#5652,.T.);
#5652 = LINE('',#5653,#5654);
#5653 = CARTESIAN_POINT('',(0.8,0.4,0.));
#5654 = VECTOR('',#5655,1.);
#5655 = DIRECTION('',(0.,0.,1.));
#5656 = ORIENTED_EDGE('',*,*,#5601,.F.);
#5657 = ORIENTED_EDGE('',*,*,#5422,.T.);
#5658 = ORIENTED_EDGE('',*,*,#5637,.T.);
#5659 = PLANE('',#5660);
#5660 = AXIS2_PLACEMENT_3D('',#5661,#5662,#5663);
#5661 = CARTESIAN_POINT('',(0.5,0.4,0.));
#5662 = DIRECTION('',(0.,1.,0.));
#5663 = DIRECTION('',(0.,-0.,1.));
#5664 = ADVANCED_FACE('',(#5665),#5675,.T.);
#5665 = FACE_BOUND('',#5666,.T.);
#5666 = EDGE_LOOP('',(#5667,#5668,#5669,#5670,#5671,#5672,#5673,#5674));
#5667 = ORIENTED_EDGE('',*,*,#5472,.F.);
#5668 = ORIENTED_EDGE('',*,*,#5512,.T.);
#5669 = ORIENTED_EDGE('',*,*,#5555,.T.);
#5670 = ORIENTED_EDGE('',*,*,#5609,.F.);
#5671 = ORIENTED_EDGE('',*,*,#5651,.T.);
#5672 = ORIENTED_EDGE('',*,*,#5628,.T.);
#5673 = ORIENTED_EDGE('',*,*,#5579,.F.);
#5674 = ORIENTED_EDGE('',*,*,#5529,.F.);
#5675 = PLANE('',#5676);
#5676 = AXIS2_PLACEMENT_3D('',#5677,#5678,#5679);
#5677 = CARTESIAN_POINT('',(0.8,-0.4,0.));
#5678 = DIRECTION('',(1.,0.,0.));
#5679 = DIRECTION('',(0.,0.,1.));
#5680 = ( GEOMETRIC_REPRESENTATION_CONTEXT(3) 
GLOBAL_UNCERTAINTY_ASSIGNED_CONTEXT((#5684)) 
GLOBAL_UNIT_ASSIGNED_CONTEXT((#5681,#5682,#5683)) REPRESENTATION_CONTEXT
('Context #1','3D Context with UNIT and UNCERTAINTY') );
#5681 = ( LENGTH_UNIT() NAMED_UNIT(*) SI_UNIT(.MILLI.,.METRE.) );
#5682 = ( NAMED_UNIT(*) PLANE_ANGLE_UNIT() SI_UNIT($,.RADIAN.) );
#5683 = ( NAMED_UNIT(*) SI_UNIT($,.STERADIAN.) SOLID_ANGLE_UNIT() );
#5684 = UNCERTAINTY_MEASURE_WITH_UNIT(LENGTH_MEASURE(1.E-07),#5681,
  'distance_accuracy_value','confusion accuracy');
#5685 = CONTEXT_DEPENDENT_SHAPE_REPRESENTATION(#5686,#5688);
#5686 = ( REPRESENTATION_RELATIONSHIP('','',#4825,#4802) 
REPRESENTATION_RELATIONSHIP_WITH_TRANSFORMATION(#5687) 
SHAPE_REPRESENTATION_RELATIONSHIP() );
#5687 = ITEM_DEFINED_TRANSFORMATION('','',#11,#4803);
#5688 = PRODUCT_DEFINITION_SHAPE('Placement','Placement of an item',
  #5689);
#5689 = NEXT_ASSEMBLY_USAGE_OCCURRENCE('15','=>[0:1:1:11]','',#4797,
  #4820,$);
#5690 = PRODUCT_RELATED_PRODUCT_CATEGORY('part',$,(#4822));
#5691 = CONTEXT_DEPENDENT_SHAPE_REPRESENTATION(#5692,#5694);
#5692 = ( REPRESENTATION_RELATIONSHIP('','',#3945,#10) 
REPRESENTATION_RELATIONSHIP_WITH_TRANSFORMATION(#5693) 
SHAPE_REPRESENTATION_RELATIONSHIP() );
#5693 = ITEM_DEFINED_TRANSFORMATION('','',#11,#59);
#5694 = PRODUCT_DEFINITION_SHAPE('Placement','Placement of an item',
  #5695);
#5695 = NEXT_ASSEMBLY_USAGE_OCCURRENCE('17','R2','',#5,#3940,$);
#5696 = SHAPE_DEFINITION_REPRESENTATION(#5697,#5703);
#5697 = PRODUCT_DEFINITION_SHAPE('','',#5698);
#5698 = PRODUCT_DEFINITION('design','',#5699,#5702);
#5699 = PRODUCT_DEFINITION_FORMATION('','',#5700);
#5700 = PRODUCT('LED_0805_2012Metric','LED_0805_2012Metric','',(#5701));
#5701 = PRODUCT_CONTEXT('',#2,'mechanical');
#5702 = PRODUCT_DEFINITION_CONTEXT('part definition',#2,'design');
#5703 = SHAPE_REPRESENTATION('',(#11,#5704),#5708);
#5704 = AXIS2_PLACEMENT_3D('',#5705,#5706,#5707);
#5705 = CARTESIAN_POINT('',(0.,0.,0.));
#5706 = DIRECTION('',(0.,0.,1.));
#5707 = DIRECTION('',(1.,0.,-0.));
#5708 = ( GEOMETRIC_REPRESENTATION_CONTEXT(3) 
GLOBAL_UNCERTAINTY_ASSIGNED_CONTEXT((#5712)) 
GLOBAL_UNIT_ASSIGNED_CONTEXT((#5709,#5710,#5711)) REPRESENTATION_CONTEXT
('Context #1','3D Context with UNIT and UNCERTAINTY') );
#5709 = ( LENGTH_UNIT() NAMED_UNIT(*) SI_UNIT(.MILLI.,.METRE.) );
#5710 = ( NAMED_UNIT(*) PLANE_ANGLE_UNIT() SI_UNIT($,.RADIAN.) );
#5711 = ( NAMED_UNIT(*) SI_UNIT($,.STERADIAN.) SOLID_ANGLE_UNIT() );
#5712 = UNCERTAINTY_MEASURE_WITH_UNIT(LENGTH_MEASURE(1.E-07),#5709,
  'distance_accuracy_value','confusion accuracy');
#5713 = CONTEXT_DEPENDENT_SHAPE_REPRESENTATION(#5714,#5716);
#5714 = ( REPRESENTATION_RELATIONSHIP('','',#5703,#10) 
REPRESENTATION_RELATIONSHIP_WITH_TRANSFORMATION(#5715) 
SHAPE_REPRESENTATION_RELATIONSHIP() );
#5715 = ITEM_DEFINED_TRANSFORMATION('','',#11,#63);
#5716 = PRODUCT_DEFINITION_SHAPE('Placement','Placement of an item',
  #5717);
#5717 = NEXT_ASSEMBLY_USAGE_OCCURRENCE('19','D3','',#5,#5698,$);
#5718 = PRODUCT_RELATED_PRODUCT_CATEGORY('part',$,(#5700));
#5719 = SHAPE_DEFINITION_REPRESENTATION(#5720,#5726);
#5720 = PRODUCT_DEFINITION_SHAPE('','',#5721);
#5721 = PRODUCT_DEFINITION('design','',#5722,#5725);
#5722 = PRODUCT_DEFINITION_FORMATION('','',#5723);
#5723 = PRODUCT('LED_0805_2012Metric','LED_0805_2012Metric','',(#5724));
#5724 = PRODUCT_CONTEXT('',#2,'mechanical');
#5725 = PRODUCT_DEFINITION_CONTEXT('part definition',#2,'design');
#5726 = ADVANCED_BREP_SHAPE_REPRESENTATION('',(#11,#5727),#7250);
#5727 = MANIFOLD_SOLID_BREP('',#5728);
#5728 = CLOSED_SHELL('',(#5729,#5769,#5816,#5895,#5919,#5959,#5990,#6007
    ,#6040,#6064,#6131,#6252,#6319,#6343,#6374,#6407,#6463,#6487,#6511,
    #6535,#6568,#6580,#6643,#6668,#6685,#6709,#6727,#6745,#6763,#6780,
    #6797,#6828,#6853,#6878,#6902,#6919,#6950,#6974,#6991,#7019,#7044,
    #7068,#7093,#7140,#7157,#7169,#7191,#7203,#7221,#7239));
#5729 = ADVANCED_FACE('',(#5730),#5764,.F.);
#5730 = FACE_BOUND('',#5731,.F.);
#5731 = EDGE_LOOP('',(#5732,#5742,#5750,#5758));
#5732 = ORIENTED_EDGE('',*,*,#5733,.T.);
#5733 = EDGE_CURVE('',#5734,#5736,#5738,.T.);
#5734 = VERTEX_POINT('',#5735);
#5735 = CARTESIAN_POINT('',(-0.65,-0.625,0.465));
#5736 = VERTEX_POINT('',#5737);
#5737 = CARTESIAN_POINT('',(-0.585,-0.625,1.1));
#5738 = LINE('',#5739,#5740);
#5739 = CARTESIAN_POINT('',(-0.65,-0.625,0.465));
#5740 = VECTOR('',#5741,1.);
#5741 = DIRECTION('',(0.101830105936,0.,0.994801804142));
#5742 = ORIENTED_EDGE('',*,*,#5743,.T.);
#5743 = EDGE_CURVE('',#5736,#5744,#5746,.T.);
#5744 = VERTEX_POINT('',#5745);
#5745 = CARTESIAN_POINT('',(0.585,-0.625,1.1));
#5746 = LINE('',#5747,#5748);
#5747 = CARTESIAN_POINT('',(-0.585,-0.625,1.1));
#5748 = VECTOR('',#5749,1.);
#5749 = DIRECTION('',(1.,0.,0.));
#5750 = ORIENTED_EDGE('',*,*,#5751,.T.);
#5751 = EDGE_CURVE('',#5744,#5752,#5754,.T.);
#5752 = VERTEX_POINT('',#5753);
#5753 = CARTESIAN_POINT('',(0.65,-0.625,0.465));
#5754 = LINE('',#5755,#5756);
#5755 = CARTESIAN_POINT('',(0.585,-0.625,1.1));
#5756 = VECTOR('',#5757,1.);
#5757 = DIRECTION('',(0.101830105936,0.,-0.994801804142));
#5758 = ORIENTED_EDGE('',*,*,#5759,.T.);
#5759 = EDGE_CURVE('',#5752,#5734,#5760,.T.);
#5760 = LINE('',#5761,#5762);
#5761 = CARTESIAN_POINT('',(0.65,-0.625,0.465));
#5762 = VECTOR('',#5763,1.);
#5763 = DIRECTION('',(-1.,0.,-4.270088556251E-17));
#5764 = PLANE('',#5765);
#5765 = AXIS2_PLACEMENT_3D('',#5766,#5767,#5768);
#5766 = CARTESIAN_POINT('',(1.481626402817E-17,-0.625,0.771483451357));
#5767 = DIRECTION('',(-5.57234551408E-33,1.,3.18580557984E-32));
#5768 = DIRECTION('',(0.,-3.18580557984E-32,1.));
#5769 = ADVANCED_FACE('',(#5770),#5811,.T.);
#5770 = FACE_BOUND('',#5771,.T.);
#5771 = EDGE_LOOP('',(#5772,#5782,#5790,#5796,#5797,#5805));
#5772 = ORIENTED_EDGE('',*,*,#5773,.T.);
#5773 = EDGE_CURVE('',#5774,#5776,#5778,.T.);
#5774 = VERTEX_POINT('',#5775);
#5775 = CARTESIAN_POINT('',(-0.65,0.625,0.465));
#5776 = VERTEX_POINT('',#5777);
#5777 = CARTESIAN_POINT('',(-0.65,0.46875,0.465));
#5778 = LINE('',#5779,#5780);
#5779 = CARTESIAN_POINT('',(-0.65,0.625,0.465));
#5780 = VECTOR('',#5781,1.);
#5781 = DIRECTION('',(0.,-1.,0.));
#5782 = ORIENTED_EDGE('',*,*,#5783,.F.);
#5783 = EDGE_CURVE('',#5784,#5776,#5786,.T.);
#5784 = VERTEX_POINT('',#5785);
#5785 = CARTESIAN_POINT('',(-0.65,-0.46875,0.465));
#5786 = LINE('',#5787,#5788);
#5787 = CARTESIAN_POINT('',(-0.65,-0.625,0.465));
#5788 = VECTOR('',#5789,1.);
#5789 = DIRECTION('',(0.,1.,0.));
#5790 = ORIENTED_EDGE('',*,*,#5791,.T.);
#5791 = EDGE_CURVE('',#5784,#5734,#5792,.T.);
#5792 = LINE('',#5793,#5794);
#5793 = CARTESIAN_POINT('',(-0.65,0.625,0.465));
#5794 = VECTOR('',#5795,1.);
#5795 = DIRECTION('',(0.,-1.,0.));
#5796 = ORIENTED_EDGE('',*,*,#5733,.T.);
#5797 = ORIENTED_EDGE('',*,*,#5798,.F.);
#5798 = EDGE_CURVE('',#5799,#5736,#5801,.T.);
#5799 = VERTEX_POINT('',#5800);
#5800 = CARTESIAN_POINT('',(-0.585,0.625,1.1));
#5801 = LINE('',#5802,#5803);
#5802 = CARTESIAN_POINT('',(-0.585,0.625,1.1));
#5803 = VECTOR('',#5804,1.);
#5804 = DIRECTION('',(0.,-1.,0.));
#5805 = ORIENTED_EDGE('',*,*,#5806,.F.);
#5806 = EDGE_CURVE('',#5774,#5799,#5807,.T.);
#5807 = LINE('',#5808,#5809);
#5808 = CARTESIAN_POINT('',(-0.65,0.625,0.465));
#5809 = VECTOR('',#5810,1.);
#5810 = DIRECTION('',(0.101830105936,0.,0.994801804142));
#5811 = PLANE('',#5812);
#5812 = AXIS2_PLACEMENT_3D('',#5813,#5814,#5815);
#5813 = CARTESIAN_POINT('',(-0.65,0.625,0.465));
#5814 = DIRECTION('',(-0.994801804142,0.,0.101830105936));
#5815 = DIRECTION('',(0.101830105936,0.,0.994801804142));
#5816 = ADVANCED_FACE('',(#5817),#5890,.F.);
#5817 = FACE_BOUND('',#5818,.F.);
#5818 = EDGE_LOOP('',(#5819,#5829,#5837,#5845,#5851,#5852,#5860,#5868,
    #5876,#5884));
#5819 = ORIENTED_EDGE('',*,*,#5820,.F.);
#5820 = EDGE_CURVE('',#5821,#5823,#5825,.T.);
#5821 = VERTEX_POINT('',#5822);
#5822 = CARTESIAN_POINT('',(-0.965,-0.625,3.5E-02));
#5823 = VERTEX_POINT('',#5824);
#5824 = CARTESIAN_POINT('',(-0.9125,-0.625,3.5E-02));
#5825 = LINE('',#5826,#5827);
#5826 = CARTESIAN_POINT('',(-0.965,-0.625,3.5E-02));
#5827 = VECTOR('',#5828,1.);
#5828 = DIRECTION('',(1.,0.,0.));
#5829 = ORIENTED_EDGE('',*,*,#5830,.T.);
#5830 = EDGE_CURVE('',#5821,#5831,#5833,.T.);
#5831 = VERTEX_POINT('',#5832);
#5832 = CARTESIAN_POINT('',(-0.965,-0.625,0.465));
#5833 = LINE('',#5834,#5835);
#5834 = CARTESIAN_POINT('',(-0.965,-0.625,3.5E-02));
#5835 = VECTOR('',#5836,1.);
#5836 = DIRECTION('',(0.,0.,1.));
#5837 = ORIENTED_EDGE('',*,*,#5838,.T.);
#5838 = EDGE_CURVE('',#5831,#5839,#5841,.T.);
#5839 = VERTEX_POINT('',#5840);
#5840 = CARTESIAN_POINT('',(-0.9125,-0.625,0.465));
#5841 = LINE('',#5842,#5843);
#5842 = CARTESIAN_POINT('',(-0.965,-0.625,0.465));
#5843 = VECTOR('',#5844,1.);
#5844 = DIRECTION('',(1.,0.,0.));
#5845 = ORIENTED_EDGE('',*,*,#5846,.T.);
#5846 = EDGE_CURVE('',#5839,#5734,#5847,.T.);
#5847 = LINE('',#5848,#5849);
#5848 = CARTESIAN_POINT('',(-0.965,-0.625,0.465));
#5849 = VECTOR('',#5850,1.);
#5850 = DIRECTION('',(1.,0.,0.));
#5851 = ORIENTED_EDGE('',*,*,#5759,.F.);
#5852 = ORIENTED_EDGE('',*,*,#5853,.T.);
#5853 = EDGE_CURVE('',#5752,#5854,#5856,.T.);
#5854 = VERTEX_POINT('',#5855);
#5855 = CARTESIAN_POINT('',(0.9125,-0.625,0.465));
#5856 = LINE('',#5857,#5858);
#5857 = CARTESIAN_POINT('',(-0.965,-0.625,0.465));
#5858 = VECTOR('',#5859,1.);
#5859 = DIRECTION('',(1.,0.,0.));
#5860 = ORIENTED_EDGE('',*,*,#5861,.T.);
#5861 = EDGE_CURVE('',#5854,#5862,#5864,.T.);
#5862 = VERTEX_POINT('',#5863);
#5863 = CARTESIAN_POINT('',(0.965,-0.625,0.465));
#5864 = LINE('',#5865,#5866);
#5865 = CARTESIAN_POINT('',(-0.965,-0.625,0.465));
#5866 = VECTOR('',#5867,1.);
#5867 = DIRECTION('',(1.,0.,0.));
#5868 = ORIENTED_EDGE('',*,*,#5869,.F.);
#5869 = EDGE_CURVE('',#5870,#5862,#5872,.T.);
#5870 = VERTEX_POINT('',#5871);
#5871 = CARTESIAN_POINT('',(0.965,-0.625,3.5E-02));
#5872 = LINE('',#5873,#5874);
#5873 = CARTESIAN_POINT('',(0.965,-0.625,3.5E-02));
#5874 = VECTOR('',#5875,1.);
#5875 = DIRECTION('',(0.,0.,1.));
#5876 = ORIENTED_EDGE('',*,*,#5877,.F.);
#5877 = EDGE_CURVE('',#5878,#5870,#5880,.T.);
#5878 = VERTEX_POINT('',#5879);
#5879 = CARTESIAN_POINT('',(0.9125,-0.625,3.5E-02));
#5880 = LINE('',#5881,#5882);
#5881 = CARTESIAN_POINT('',(-0.965,-0.625,3.5E-02));
#5882 = VECTOR('',#5883,1.);
#5883 = DIRECTION('',(1.,0.,0.));
#5884 = ORIENTED_EDGE('',*,*,#5885,.F.);
#5885 = EDGE_CURVE('',#5823,#5878,#5886,.T.);
#5886 = LINE('',#5887,#5888);
#5887 = CARTESIAN_POINT('',(-0.965,-0.625,3.5E-02));
#5888 = VECTOR('',#5889,1.);
#5889 = DIRECTION('',(1.,0.,0.));
#5890 = PLANE('',#5891);
#5891 = AXIS2_PLACEMENT_3D('',#5892,#5893,#5894);
#5892 = CARTESIAN_POINT('',(-0.965,-0.625,3.5E-02));
#5893 = DIRECTION('',(0.,1.,0.));
#5894 = DIRECTION('',(0.,-0.,1.));
#5895 = ADVANCED_FACE('',(#5896),#5914,.T.);
#5896 = FACE_BOUND('',#5897,.T.);
#5897 = EDGE_LOOP('',(#5898,#5899,#5900,#5908));
#5898 = ORIENTED_EDGE('',*,*,#5798,.T.);
#5899 = ORIENTED_EDGE('',*,*,#5743,.T.);
#5900 = ORIENTED_EDGE('',*,*,#5901,.F.);
#5901 = EDGE_CURVE('',#5902,#5744,#5904,.T.);
#5902 = VERTEX_POINT('',#5903);
#5903 = CARTESIAN_POINT('',(0.585,0.625,1.1));
#5904 = LINE('',#5905,#5906);
#5905 = CARTESIAN_POINT('',(0.585,0.625,1.1));
#5906 = VECTOR('',#5907,1.);
#5907 = DIRECTION('',(0.,-1.,0.));
#5908 = ORIENTED_EDGE('',*,*,#5909,.F.);
#5909 = EDGE_CURVE('',#5799,#5902,#5910,.T.);
#5910 = LINE('',#5911,#5912);
#5911 = CARTESIAN_POINT('',(-0.585,0.625,1.1));
#5912 = VECTOR('',#5913,1.);
#5913 = DIRECTION('',(1.,0.,0.));
#5914 = PLANE('',#5915);
#5915 = AXIS2_PLACEMENT_3D('',#5916,#5917,#5918);
#5916 = CARTESIAN_POINT('',(-0.585,0.625,1.1));
#5917 = DIRECTION('',(0.,0.,1.));
#5918 = DIRECTION('',(1.,0.,-0.));
#5919 = ADVANCED_FACE('',(#5920),#5954,.T.);
#5920 = FACE_BOUND('',#5921,.T.);
#5921 = EDGE_LOOP('',(#5922,#5923,#5924,#5932,#5940,#5948));
#5922 = ORIENTED_EDGE('',*,*,#5901,.T.);
#5923 = ORIENTED_EDGE('',*,*,#5751,.T.);
#5924 = ORIENTED_EDGE('',*,*,#5925,.F.);
#5925 = EDGE_CURVE('',#5926,#5752,#5928,.T.);
#5926 = VERTEX_POINT('',#5927);
#5927 = CARTESIAN_POINT('',(0.65,-0.46875,0.465));
#5928 = LINE('',#5929,#5930);
#5929 = CARTESIAN_POINT('',(0.65,0.625,0.465));
#5930 = VECTOR('',#5931,1.);
#5931 = DIRECTION('',(0.,-1.,0.));
#5932 = ORIENTED_EDGE('',*,*,#5933,.F.);
#5933 = EDGE_CURVE('',#5934,#5926,#5936,.T.);
#5934 = VERTEX_POINT('',#5935);
#5935 = CARTESIAN_POINT('',(0.65,0.46875,0.465));
#5936 = LINE('',#5937,#5938);
#5937 = CARTESIAN_POINT('',(0.65,0.625,0.465));
#5938 = VECTOR('',#5939,1.);
#5939 = DIRECTION('',(0.,-1.,0.));
#5940 = ORIENTED_EDGE('',*,*,#5941,.F.);
#5941 = EDGE_CURVE('',#5942,#5934,#5944,.T.);
#5942 = VERTEX_POINT('',#5943);
#5943 = CARTESIAN_POINT('',(0.65,0.625,0.465));
#5944 = LINE('',#5945,#5946);
#5945 = CARTESIAN_POINT('',(0.65,0.625,0.465));
#5946 = VECTOR('',#5947,1.);
#5947 = DIRECTION('',(0.,-1.,0.));
#5948 = ORIENTED_EDGE('',*,*,#5949,.F.);
#5949 = EDGE_CURVE('',#5902,#5942,#5950,.T.);
#5950 = LINE('',#5951,#5952);
#5951 = CARTESIAN_POINT('',(0.585,0.625,1.1));
#5952 = VECTOR('',#5953,1.);
#5953 = DIRECTION('',(0.101830105936,0.,-0.994801804142));
#5954 = PLANE('',#5955);
#5955 = AXIS2_PLACEMENT_3D('',#5956,#5957,#5958);
#5956 = CARTESIAN_POINT('',(0.585,0.625,1.1));
#5957 = DIRECTION('',(0.994801804142,0.,0.101830105936));
#5958 = DIRECTION('',(0.101830105936,0.,-0.994801804142));
#5959 = ADVANCED_FACE('',(#5960),#5985,.T.);
#5960 = FACE_BOUND('',#5961,.T.);
#5961 = EDGE_LOOP('',(#5962,#5970,#5978,#5984));
#5962 = ORIENTED_EDGE('',*,*,#5963,.F.);
#5963 = EDGE_CURVE('',#5964,#5774,#5966,.T.);
#5964 = VERTEX_POINT('',#5965);
#5965 = CARTESIAN_POINT('',(-0.9125,0.625,0.465));
#5966 = LINE('',#5967,#5968);
#5967 = CARTESIAN_POINT('',(-0.965,0.625,0.465));
#5968 = VECTOR('',#5969,1.);
#5969 = DIRECTION('',(1.,0.,0.));
#5970 = ORIENTED_EDGE('',*,*,#5971,.F.);
#5971 = EDGE_CURVE('',#5972,#5964,#5974,.T.);
#5972 = VERTEX_POINT('',#5973);
#5973 = CARTESIAN_POINT('',(-0.9125,0.46875,0.465));
#5974 = LINE('',#5975,#5976);
#5975 = CARTESIAN_POINT('',(-0.9125,7.8125E-02,0.465));
#5976 = VECTOR('',#5977,1.);
#5977 = DIRECTION('',(0.,1.,0.));
#5978 = ORIENTED_EDGE('',*,*,#5979,.F.);
#5979 = EDGE_CURVE('',#5776,#5972,#5980,.T.);
#5980 = LINE('',#5981,#5982);
#5981 = CARTESIAN_POINT('',(-0.93875,0.46875,0.465));
#5982 = VECTOR('',#5983,1.);
#5983 = DIRECTION('',(-1.,0.,0.));
#5984 = ORIENTED_EDGE('',*,*,#5773,.F.);
#5985 = PLANE('',#5986);
#5986 = AXIS2_PLACEMENT_3D('',#5987,#5988,#5989);
#5987 = CARTESIAN_POINT('',(-0.965,-0.625,0.465));
#5988 = DIRECTION('',(0.,0.,1.));
#5989 = DIRECTION('',(1.,0.,-0.));
#5990 = ADVANCED_FACE('',(#5991),#6002,.T.);
#5991 = FACE_BOUND('',#5992,.T.);
#5992 = EDGE_LOOP('',(#5993,#5994,#5995,#5996));
#5993 = ORIENTED_EDGE('',*,*,#5806,.T.);
#5994 = ORIENTED_EDGE('',*,*,#5909,.T.);
#5995 = ORIENTED_EDGE('',*,*,#5949,.T.);
#5996 = ORIENTED_EDGE('',*,*,#5997,.T.);
#5997 = EDGE_CURVE('',#5942,#5774,#5998,.T.);
#5998 = LINE('',#5999,#6000);
#5999 = CARTESIAN_POINT('',(0.65,0.625,0.465));
#6000 = VECTOR('',#6001,1.);
#6001 = DIRECTION('',(-1.,0.,-4.270088556251E-17));
#6002 = PLANE('',#6003);
#6003 = AXIS2_PLACEMENT_3D('',#6004,#6005,#6006);
#6004 = CARTESIAN_POINT('',(1.481626402817E-17,0.625,0.771483451357));
#6005 = DIRECTION('',(-5.57234551408E-33,1.,3.18580557984E-32));
#6006 = DIRECTION('',(0.,-3.18580557984E-32,1.));
#6007 = ADVANCED_FACE('',(#6008),#6035,.T.);
#6008 = FACE_BOUND('',#6009,.T.);
#6009 = EDGE_LOOP('',(#6010,#6019,#6027,#6034));
#6010 = ORIENTED_EDGE('',*,*,#6011,.F.);
#6011 = EDGE_CURVE('',#6012,#5776,#6014,.T.);
#6012 = VERTEX_POINT('',#6013);
#6013 = CARTESIAN_POINT('',(-0.685,0.46875,0.5));
#6014 = CIRCLE('',#6015,3.5E-02);
#6015 = AXIS2_PLACEMENT_3D('',#6016,#6017,#6018);
#6016 = CARTESIAN_POINT('',(-0.685,0.46875,0.465));
#6017 = DIRECTION('',(-0.,1.,0.));
#6018 = DIRECTION('',(1.,0.,0.));
#6019 = ORIENTED_EDGE('',*,*,#6020,.F.);
#6020 = EDGE_CURVE('',#6021,#6012,#6023,.T.);
#6021 = VERTEX_POINT('',#6022);
#6022 = CARTESIAN_POINT('',(-0.685,-0.46875,0.5));
#6023 = LINE('',#6024,#6025);
#6024 = CARTESIAN_POINT('',(-0.685,-0.625,0.5));
#6025 = VECTOR('',#6026,1.);
#6026 = DIRECTION('',(0.,1.,0.));
#6027 = ORIENTED_EDGE('',*,*,#6028,.T.);
#6028 = EDGE_CURVE('',#6021,#5784,#6029,.T.);
#6029 = CIRCLE('',#6030,3.5E-02);
#6030 = AXIS2_PLACEMENT_3D('',#6031,#6032,#6033);
#6031 = CARTESIAN_POINT('',(-0.685,-0.46875,0.465));
#6032 = DIRECTION('',(-0.,1.,0.));
#6033 = DIRECTION('',(1.,0.,0.));
#6034 = ORIENTED_EDGE('',*,*,#5783,.T.);
#6035 = CYLINDRICAL_SURFACE('',#6036,3.5E-02);
#6036 = AXIS2_PLACEMENT_3D('',#6037,#6038,#6039);
#6037 = CARTESIAN_POINT('',(-0.685,-0.625,0.465));
#6038 = DIRECTION('',(0.,1.,0.));
#6039 = DIRECTION('',(1.,0.,0.));
#6040 = ADVANCED_FACE('',(#6041),#6059,.T.);
#6041 = FACE_BOUND('',#6042,.T.);
#6042 = EDGE_LOOP('',(#6043,#6051,#6052,#6053));
#6043 = ORIENTED_EDGE('',*,*,#6044,.F.);
#6044 = EDGE_CURVE('',#5839,#6045,#6047,.T.);
#6045 = VERTEX_POINT('',#6046);
#6046 = CARTESIAN_POINT('',(-0.9125,-0.46875,0.465));
#6047 = LINE('',#6048,#6049);
#6048 = CARTESIAN_POINT('',(-0.9125,-0.546875,0.465));
#6049 = VECTOR('',#6050,1.);
#6050 = DIRECTION('',(0.,1.,0.));
#6051 = ORIENTED_EDGE('',*,*,#5846,.T.);
#6052 = ORIENTED_EDGE('',*,*,#5791,.F.);
#6053 = ORIENTED_EDGE('',*,*,#6054,.F.);
#6054 = EDGE_CURVE('',#6045,#5784,#6055,.T.);
#6055 = LINE('',#6056,#6057);
#6056 = CARTESIAN_POINT('',(-2.625E-02,-0.46875,0.465));
#6057 = VECTOR('',#6058,1.);
#6058 = DIRECTION('',(1.,0.,0.));
#6059 = PLANE('',#6060);
#6060 = AXIS2_PLACEMENT_3D('',#6061,#6062,#6063);
#6061 = CARTESIAN_POINT('',(-0.965,-0.625,0.465));
#6062 = DIRECTION('',(0.,0.,1.));
#6063 = DIRECTION('',(1.,0.,-0.));
#6064 = ADVANCED_FACE('',(#6065),#6126,.F.);
#6065 = FACE_BOUND('',#6066,.F.);
#6066 = EDGE_LOOP('',(#6067,#6077,#6086,#6094,#6103,#6111,#6117,#6118,
    #6119,#6120));
#6067 = ORIENTED_EDGE('',*,*,#6068,.F.);
#6068 = EDGE_CURVE('',#6069,#6071,#6073,.T.);
#6069 = VERTEX_POINT('',#6070);
#6070 = CARTESIAN_POINT('',(-0.965,-0.625,-6.938893903907E-18));
#6071 = VERTEX_POINT('',#6072);
#6072 = CARTESIAN_POINT('',(-0.9125,-0.625,0.));
#6073 = LINE('',#6074,#6075);
#6074 = CARTESIAN_POINT('',(-1.,-0.625,0.));
#6075 = VECTOR('',#6076,1.);
#6076 = DIRECTION('',(1.,0.,0.));
#6077 = ORIENTED_EDGE('',*,*,#6078,.F.);
#6078 = EDGE_CURVE('',#6079,#6069,#6081,.T.);
#6079 = VERTEX_POINT('',#6080);
#6080 = CARTESIAN_POINT('',(-1.,-0.625,3.5E-02));
#6081 = CIRCLE('',#6082,3.5E-02);
#6082 = AXIS2_PLACEMENT_3D('',#6083,#6084,#6085);
#6083 = CARTESIAN_POINT('',(-0.965,-0.625,3.5E-02));
#6084 = DIRECTION('',(0.,-1.,0.));
#6085 = DIRECTION('',(0.,0.,1.));
#6086 = ORIENTED_EDGE('',*,*,#6087,.T.);
#6087 = EDGE_CURVE('',#6079,#6088,#6090,.T.);
#6088 = VERTEX_POINT('',#6089);
#6089 = CARTESIAN_POINT('',(-1.,-0.625,0.465));
#6090 = LINE('',#6091,#6092);
#6091 = CARTESIAN_POINT('',(-1.,-0.625,0.));
#6092 = VECTOR('',#6093,1.);
#6093 = DIRECTION('',(0.,0.,1.));
#6094 = ORIENTED_EDGE('',*,*,#6095,.T.);
#6095 = EDGE_CURVE('',#6088,#6096,#6098,.T.);
#6096 = VERTEX_POINT('',#6097);
#6097 = CARTESIAN_POINT('',(-0.965,-0.625,0.5));
#6098 = CIRCLE('',#6099,3.5E-02);
#6099 = AXIS2_PLACEMENT_3D('',#6100,#6101,#6102);
#6100 = CARTESIAN_POINT('',(-0.965,-0.625,0.465));
#6101 = DIRECTION('',(0.,1.,0.));
#6102 = DIRECTION('',(0.,-0.,1.));
#6103 = ORIENTED_EDGE('',*,*,#6104,.T.);
#6104 = EDGE_CURVE('',#6096,#6105,#6107,.T.);
#6105 = VERTEX_POINT('',#6106);
#6106 = CARTESIAN_POINT('',(-0.9125,-0.625,0.5));
#6107 = LINE('',#6108,#6109);
#6108 = CARTESIAN_POINT('',(-1.,-0.625,0.5));
#6109 = VECTOR('',#6110,1.);
#6110 = DIRECTION('',(1.,0.,0.));
#6111 = ORIENTED_EDGE('',*,*,#6112,.F.);
#6112 = EDGE_CURVE('',#5839,#6105,#6113,.T.);
#6113 = LINE('',#6114,#6115);
#6114 = CARTESIAN_POINT('',(-0.9125,-0.625,0.375));
#6115 = VECTOR('',#6116,1.);
#6116 = DIRECTION('',(0.,0.,1.));
#6117 = ORIENTED_EDGE('',*,*,#5838,.F.);
#6118 = ORIENTED_EDGE('',*,*,#5830,.F.);
#6119 = ORIENTED_EDGE('',*,*,#5820,.T.);
#6120 = ORIENTED_EDGE('',*,*,#6121,.F.);
#6121 = EDGE_CURVE('',#6071,#5823,#6122,.T.);
#6122 = LINE('',#6123,#6124);
#6123 = CARTESIAN_POINT('',(-0.9125,-0.625,0.375));
#6124 = VECTOR('',#6125,1.);
#6125 = DIRECTION('',(0.,0.,1.));
#6126 = PLANE('',#6127);
#6127 = AXIS2_PLACEMENT_3D('',#6128,#6129,#6130);
#6128 = CARTESIAN_POINT('',(-1.,-0.625,0.));
#6129 = DIRECTION('',(0.,1.,0.));
#6130 = DIRECTION('',(0.,-0.,1.));
#6131 = ADVANCED_FACE('',(#6132,#6221),#6247,.F.);
#6132 = FACE_BOUND('',#6133,.F.);
#6133 = EDGE_LOOP('',(#6134,#6142,#6143,#6151,#6159,#6167,#6175,#6183,
    #6191,#6199,#6207,#6215));
#6134 = ORIENTED_EDGE('',*,*,#6135,.F.);
#6135 = EDGE_CURVE('',#5823,#6136,#6138,.T.);
#6136 = VERTEX_POINT('',#6137);
#6137 = CARTESIAN_POINT('',(-0.9125,-0.46875,3.5E-02));
#6138 = LINE('',#6139,#6140);
#6139 = CARTESIAN_POINT('',(-0.9125,-0.546875,3.5E-02));
#6140 = VECTOR('',#6141,1.);
#6141 = DIRECTION('',(0.,1.,0.));
#6142 = ORIENTED_EDGE('',*,*,#5885,.T.);
#6143 = ORIENTED_EDGE('',*,*,#6144,.F.);
#6144 = EDGE_CURVE('',#6145,#5878,#6147,.T.);
#6145 = VERTEX_POINT('',#6146);
#6146 = CARTESIAN_POINT('',(0.9125,-0.46875,3.5E-02));
#6147 = LINE('',#6148,#6149);
#6148 = CARTESIAN_POINT('',(0.9125,-0.703125,3.5E-02));
#6149 = VECTOR('',#6150,1.);
#6150 = DIRECTION('',(0.,-1.,0.));
#6151 = ORIENTED_EDGE('',*,*,#6152,.F.);
#6152 = EDGE_CURVE('',#6153,#6145,#6155,.T.);
#6153 = VERTEX_POINT('',#6154);
#6154 = CARTESIAN_POINT('',(0.65,-0.46875,3.5E-02));
#6155 = LINE('',#6156,#6157);
#6156 = CARTESIAN_POINT('',(-2.625E-02,-0.46875,3.5E-02));
#6157 = VECTOR('',#6158,1.);
#6158 = DIRECTION('',(1.,0.,0.));
#6159 = ORIENTED_EDGE('',*,*,#6160,.T.);
#6160 = EDGE_CURVE('',#6153,#6161,#6163,.T.);
#6161 = VERTEX_POINT('',#6162);
#6162 = CARTESIAN_POINT('',(0.65,0.46875,3.5E-02));
#6163 = LINE('',#6164,#6165);
#6164 = CARTESIAN_POINT('',(0.65,-0.625,3.5E-02));
#6165 = VECTOR('',#6166,1.);
#6166 = DIRECTION('',(0.,1.,0.));
#6167 = ORIENTED_EDGE('',*,*,#6168,.F.);
#6168 = EDGE_CURVE('',#6169,#6161,#6171,.T.);
#6169 = VERTEX_POINT('',#6170);
#6170 = CARTESIAN_POINT('',(0.9125,0.46875,3.5E-02));
#6171 = LINE('',#6172,#6173);
#6172 = CARTESIAN_POINT('',(-0.93875,0.46875,3.5E-02));
#6173 = VECTOR('',#6174,1.);
#6174 = DIRECTION('',(-1.,0.,0.));
#6175 = ORIENTED_EDGE('',*,*,#6176,.F.);
#6176 = EDGE_CURVE('',#6177,#6169,#6179,.T.);
#6177 = VERTEX_POINT('',#6178);
#6178 = CARTESIAN_POINT('',(0.9125,0.625,3.5E-02));
#6179 = LINE('',#6180,#6181);
#6180 = CARTESIAN_POINT('',(0.9125,-7.8125E-02,3.5E-02));
#6181 = VECTOR('',#6182,1.);
#6182 = DIRECTION('',(0.,-1.,0.));
#6183 = ORIENTED_EDGE('',*,*,#6184,.F.);
#6184 = EDGE_CURVE('',#6185,#6177,#6187,.T.);
#6185 = VERTEX_POINT('',#6186);
#6186 = CARTESIAN_POINT('',(-0.9125,0.625,3.5E-02));
#6187 = LINE('',#6188,#6189);
#6188 = CARTESIAN_POINT('',(-0.965,0.625,3.5E-02));
#6189 = VECTOR('',#6190,1.);
#6190 = DIRECTION('',(1.,0.,0.));
#6191 = ORIENTED_EDGE('',*,*,#6192,.F.);
#6192 = EDGE_CURVE('',#6193,#6185,#6195,.T.);
#6193 = VERTEX_POINT('',#6194);
#6194 = CARTESIAN_POINT('',(-0.9125,0.46875,3.5E-02));
#6195 = LINE('',#6196,#6197);
#6196 = CARTESIAN_POINT('',(-0.9125,7.8125E-02,3.5E-02));
#6197 = VECTOR('',#6198,1.);
#6198 = DIRECTION('',(0.,1.,0.));
#6199 = ORIENTED_EDGE('',*,*,#6200,.F.);
#6200 = EDGE_CURVE('',#6201,#6193,#6203,.T.);
#6201 = VERTEX_POINT('',#6202);
#6202 = CARTESIAN_POINT('',(-0.65,0.46875,3.5E-02));
#6203 = LINE('',#6204,#6205);
#6204 = CARTESIAN_POINT('',(-0.93875,0.46875,3.5E-02));
#6205 = VECTOR('',#6206,1.);
#6206 = DIRECTION('',(-1.,0.,0.));
#6207 = ORIENTED_EDGE('',*,*,#6208,.F.);
#6208 = EDGE_CURVE('',#6209,#6201,#6211,.T.);
#6209 = VERTEX_POINT('',#6210);
#6210 = CARTESIAN_POINT('',(-0.65,-0.46875,3.5E-02));
#6211 = LINE('',#6212,#6213);
#6212 = CARTESIAN_POINT('',(-0.65,-0.625,3.5E-02));
#6213 = VECTOR('',#6214,1.);
#6214 = DIRECTION('',(0.,1.,0.));
#6215 = ORIENTED_EDGE('',*,*,#6216,.F.);
#6216 = EDGE_CURVE('',#6136,#6209,#6217,.T.);
#6217 = LINE('',#6218,#6219);
#6218 = CARTESIAN_POINT('',(-2.625E-02,-0.46875,3.5E-02));
#6219 = VECTOR('',#6220,1.);
#6220 = DIRECTION('',(1.,0.,0.));
#6221 = FACE_BOUND('',#6222,.F.);
#6222 = EDGE_LOOP('',(#6223,#6233,#6241));
#6223 = ORIENTED_EDGE('',*,*,#6224,.T.);
#6224 = EDGE_CURVE('',#6225,#6227,#6229,.T.);
#6225 = VERTEX_POINT('',#6226);
#6226 = CARTESIAN_POINT('',(0.433012701892,0.5,3.5E-02));
#6227 = VERTEX_POINT('',#6228);
#6228 = CARTESIAN_POINT('',(0.433012701892,-0.5,3.5E-02));
#6229 = LINE('',#6230,#6231);
#6230 = CARTESIAN_POINT('',(0.433012701892,0.5,3.5E-02));
#6231 = VECTOR('',#6232,1.);
#6232 = DIRECTION('',(0.,-1.,0.));
#6233 = ORIENTED_EDGE('',*,*,#6234,.T.);
#6234 = EDGE_CURVE('',#6227,#6235,#6237,.T.);
#6235 = VERTEX_POINT('',#6236);
#6236 = CARTESIAN_POINT('',(-0.433012701892,0.,3.5E-02));
#6237 = LINE('',#6238,#6239);
#6238 = CARTESIAN_POINT('',(0.433012701892,-0.5,3.5E-02));
#6239 = VECTOR('',#6240,1.);
#6240 = DIRECTION('',(-0.866025403784,0.5,0.));
#6241 = ORIENTED_EDGE('',*,*,#6242,.T.);
#6242 = EDGE_CURVE('',#6235,#6225,#6243,.T.);
#6243 = LINE('',#6244,#6245);
#6244 = CARTESIAN_POINT('',(-0.433012701892,0.,3.5E-02));
#6245 = VECTOR('',#6246,1.);
#6246 = DIRECTION('',(0.866025403784,0.5,0.));
#6247 = PLANE('',#6248);
#6248 = AXIS2_PLACEMENT_3D('',#6249,#6250,#6251);
#6249 = CARTESIAN_POINT('',(-0.965,-0.625,3.5E-02));
#6250 = DIRECTION('',(0.,0.,1.));
#6251 = DIRECTION('',(1.,0.,-0.));
#6252 = ADVANCED_FACE('',(#6253),#6314,.F.);
#6253 = FACE_BOUND('',#6254,.F.);
#6254 = EDGE_LOOP('',(#6255,#6265,#6271,#6272,#6273,#6274,#6282,#6290,
    #6299,#6307));
#6255 = ORIENTED_EDGE('',*,*,#6256,.F.);
#6256 = EDGE_CURVE('',#6257,#6259,#6261,.T.);
#6257 = VERTEX_POINT('',#6258);
#6258 = CARTESIAN_POINT('',(0.9125,-0.625,0.));
#6259 = VERTEX_POINT('',#6260);
#6260 = CARTESIAN_POINT('',(0.965,-0.625,-6.938893903907E-18));
#6261 = LINE('',#6262,#6263);
#6262 = CARTESIAN_POINT('',(0.65,-0.625,0.));
#6263 = VECTOR('',#6264,1.);
#6264 = DIRECTION('',(1.,0.,0.));
#6265 = ORIENTED_EDGE('',*,*,#6266,.F.);
#6266 = EDGE_CURVE('',#5878,#6257,#6267,.T.);
#6267 = LINE('',#6268,#6269);
#6268 = CARTESIAN_POINT('',(0.9125,-0.625,0.375));
#6269 = VECTOR('',#6270,1.);
#6270 = DIRECTION('',(0.,0.,-1.));
#6271 = ORIENTED_EDGE('',*,*,#5877,.T.);
#6272 = ORIENTED_EDGE('',*,*,#5869,.T.);
#6273 = ORIENTED_EDGE('',*,*,#5861,.F.);
#6274 = ORIENTED_EDGE('',*,*,#6275,.F.);
#6275 = EDGE_CURVE('',#6276,#5854,#6278,.T.);
#6276 = VERTEX_POINT('',#6277);
#6277 = CARTESIAN_POINT('',(0.9125,-0.625,0.5));
#6278 = LINE('',#6279,#6280);
#6279 = CARTESIAN_POINT('',(0.9125,-0.625,0.375));
#6280 = VECTOR('',#6281,1.);
#6281 = DIRECTION('',(0.,0.,-1.));
#6282 = ORIENTED_EDGE('',*,*,#6283,.T.);
#6283 = EDGE_CURVE('',#6276,#6284,#6286,.T.);
#6284 = VERTEX_POINT('',#6285);
#6285 = CARTESIAN_POINT('',(0.965,-0.625,0.5));
#6286 = LINE('',#6287,#6288);
#6287 = CARTESIAN_POINT('',(0.65,-0.625,0.5));
#6288 = VECTOR('',#6289,1.);
#6289 = DIRECTION('',(1.,0.,0.));
#6290 = ORIENTED_EDGE('',*,*,#6291,.F.);
#6291 = EDGE_CURVE('',#6292,#6284,#6294,.T.);
#6292 = VERTEX_POINT('',#6293);
#6293 = CARTESIAN_POINT('',(1.,-0.625,0.465));
#6294 = CIRCLE('',#6295,3.5E-02);
#6295 = AXIS2_PLACEMENT_3D('',#6296,#6297,#6298);
#6296 = CARTESIAN_POINT('',(0.965,-0.625,0.465));
#6297 = DIRECTION('',(0.,-1.,0.));
#6298 = DIRECTION('',(0.,0.,1.));
#6299 = ORIENTED_EDGE('',*,*,#6300,.F.);
#6300 = EDGE_CURVE('',#6301,#6292,#6303,.T.);
#6301 = VERTEX_POINT('',#6302);
#6302 = CARTESIAN_POINT('',(1.,-0.625,3.5E-02));
#6303 = LINE('',#6304,#6305);
#6304 = CARTESIAN_POINT('',(1.,-0.625,0.));
#6305 = VECTOR('',#6306,1.);
#6306 = DIRECTION('',(0.,0.,1.));
#6307 = ORIENTED_EDGE('',*,*,#6308,.T.);
#6308 = EDGE_CURVE('',#6301,#6259,#6309,.T.);
#6309 = CIRCLE('',#6310,3.5E-02);
#6310 = AXIS2_PLACEMENT_3D('',#6311,#6312,#6313);
#6311 = CARTESIAN_POINT('',(0.965,-0.625,3.5E-02));
#6312 = DIRECTION('',(0.,1.,0.));
#6313 = DIRECTION('',(0.,-0.,1.));
#6314 = PLANE('',#6315);
#6315 = AXIS2_PLACEMENT_3D('',#6316,#6317,#6318);
#6316 = CARTESIAN_POINT('',(0.65,-0.625,0.));
#6317 = DIRECTION('',(0.,1.,0.));
#6318 = DIRECTION('',(0.,-0.,1.));
#6319 = ADVANCED_FACE('',(#6320),#6338,.T.);
#6320 = FACE_BOUND('',#6321,.T.);
#6321 = EDGE_LOOP('',(#6322,#6330,#6331,#6332));
#6322 = ORIENTED_EDGE('',*,*,#6323,.F.);
#6323 = EDGE_CURVE('',#5926,#6324,#6326,.T.);
#6324 = VERTEX_POINT('',#6325);
#6325 = CARTESIAN_POINT('',(0.9125,-0.46875,0.465));
#6326 = LINE('',#6327,#6328);
#6327 = CARTESIAN_POINT('',(-2.625E-02,-0.46875,0.465));
#6328 = VECTOR('',#6329,1.);
#6329 = DIRECTION('',(1.,0.,0.));
#6330 = ORIENTED_EDGE('',*,*,#5925,.T.);
#6331 = ORIENTED_EDGE('',*,*,#5853,.T.);
#6332 = ORIENTED_EDGE('',*,*,#6333,.F.);
#6333 = EDGE_CURVE('',#6324,#5854,#6334,.T.);
#6334 = LINE('',#6335,#6336);
#6335 = CARTESIAN_POINT('',(0.9125,-0.703125,0.465));
#6336 = VECTOR('',#6337,1.);
#6337 = DIRECTION('',(0.,-1.,0.));
#6338 = PLANE('',#6339);
#6339 = AXIS2_PLACEMENT_3D('',#6340,#6341,#6342);
#6340 = CARTESIAN_POINT('',(-0.965,-0.625,0.465));
#6341 = DIRECTION('',(0.,0.,1.));
#6342 = DIRECTION('',(1.,0.,-0.));
#6343 = ADVANCED_FACE('',(#6344),#6369,.T.);
#6344 = FACE_BOUND('',#6345,.T.);
#6345 = EDGE_LOOP('',(#6346,#6354,#6355,#6363));
#6346 = ORIENTED_EDGE('',*,*,#6347,.F.);
#6347 = EDGE_CURVE('',#5942,#6348,#6350,.T.);
#6348 = VERTEX_POINT('',#6349);
#6349 = CARTESIAN_POINT('',(0.9125,0.625,0.465));
#6350 = LINE('',#6351,#6352);
#6351 = CARTESIAN_POINT('',(-0.965,0.625,0.465));
#6352 = VECTOR('',#6353,1.);
#6353 = DIRECTION('',(1.,0.,0.));
#6354 = ORIENTED_EDGE('',*,*,#5941,.T.);
#6355 = ORIENTED_EDGE('',*,*,#6356,.F.);
#6356 = EDGE_CURVE('',#6357,#5934,#6359,.T.);
#6357 = VERTEX_POINT('',#6358);
#6358 = CARTESIAN_POINT('',(0.9125,0.46875,0.465));
#6359 = LINE('',#6360,#6361);
#6360 = CARTESIAN_POINT('',(-0.93875,0.46875,0.465));
#6361 = VECTOR('',#6362,1.);
#6362 = DIRECTION('',(-1.,0.,0.));
#6363 = ORIENTED_EDGE('',*,*,#6364,.F.);
#6364 = EDGE_CURVE('',#6348,#6357,#6365,.T.);
#6365 = LINE('',#6366,#6367);
#6366 = CARTESIAN_POINT('',(0.9125,-7.8125E-02,0.465));
#6367 = VECTOR('',#6368,1.);
#6368 = DIRECTION('',(0.,-1.,0.));
#6369 = PLANE('',#6370);
#6370 = AXIS2_PLACEMENT_3D('',#6371,#6372,#6373);
#6371 = CARTESIAN_POINT('',(-0.965,-0.625,0.465));
#6372 = DIRECTION('',(0.,0.,1.));
#6373 = DIRECTION('',(1.,0.,-0.));
#6374 = ADVANCED_FACE('',(#6375),#6402,.T.);
#6375 = FACE_BOUND('',#6376,.T.);
#6376 = EDGE_LOOP('',(#6377,#6378,#6387,#6395));
#6377 = ORIENTED_EDGE('',*,*,#5933,.T.);
#6378 = ORIENTED_EDGE('',*,*,#6379,.T.);
#6379 = EDGE_CURVE('',#5926,#6380,#6382,.T.);
#6380 = VERTEX_POINT('',#6381);
#6381 = CARTESIAN_POINT('',(0.685,-0.46875,0.5));
#6382 = CIRCLE('',#6383,3.5E-02);
#6383 = AXIS2_PLACEMENT_3D('',#6384,#6385,#6386);
#6384 = CARTESIAN_POINT('',(0.685,-0.46875,0.465));
#6385 = DIRECTION('',(0.,1.,-0.));
#6386 = DIRECTION('',(-1.,0.,0.));
#6387 = ORIENTED_EDGE('',*,*,#6388,.T.);
#6388 = EDGE_CURVE('',#6380,#6389,#6391,.T.);
#6389 = VERTEX_POINT('',#6390);
#6390 = CARTESIAN_POINT('',(0.685,0.46875,0.5));
#6391 = LINE('',#6392,#6393);
#6392 = CARTESIAN_POINT('',(0.685,-0.625,0.5));
#6393 = VECTOR('',#6394,1.);
#6394 = DIRECTION('',(0.,1.,0.));
#6395 = ORIENTED_EDGE('',*,*,#6396,.F.);
#6396 = EDGE_CURVE('',#5934,#6389,#6397,.T.);
#6397 = CIRCLE('',#6398,3.5E-02);
#6398 = AXIS2_PLACEMENT_3D('',#6399,#6400,#6401);
#6399 = CARTESIAN_POINT('',(0.685,0.46875,0.465));
#6400 = DIRECTION('',(0.,1.,-0.));
#6401 = DIRECTION('',(-1.,0.,0.));
#6402 = CYLINDRICAL_SURFACE('',#6403,3.5E-02);
#6403 = AXIS2_PLACEMENT_3D('',#6404,#6405,#6406);
#6404 = CARTESIAN_POINT('',(0.685,-0.625,0.465));
#6405 = DIRECTION('',(0.,1.,0.));
#6406 = DIRECTION('',(-1.,0.,0.));
#6407 = ADVANCED_FACE('',(#6408),#6458,.T.);
#6408 = FACE_BOUND('',#6409,.T.);
#6409 = EDGE_LOOP('',(#6410,#6418,#6426,#6432,#6433,#6434,#6435,#6443,
    #6451,#6457));
#6410 = ORIENTED_EDGE('',*,*,#6411,.F.);
#6411 = EDGE_CURVE('',#6412,#6185,#6414,.T.);
#6412 = VERTEX_POINT('',#6413);
#6413 = CARTESIAN_POINT('',(-0.965,0.625,3.5E-02));
#6414 = LINE('',#6415,#6416);
#6415 = CARTESIAN_POINT('',(-0.965,0.625,3.5E-02));
#6416 = VECTOR('',#6417,1.);
#6417 = DIRECTION('',(1.,0.,0.));
#6418 = ORIENTED_EDGE('',*,*,#6419,.T.);
#6419 = EDGE_CURVE('',#6412,#6420,#6422,.T.);
#6420 = VERTEX_POINT('',#6421);
#6421 = CARTESIAN_POINT('',(-0.965,0.625,0.465));
#6422 = LINE('',#6423,#6424);
#6423 = CARTESIAN_POINT('',(-0.965,0.625,3.5E-02));
#6424 = VECTOR('',#6425,1.);
#6425 = DIRECTION('',(0.,0.,1.));
#6426 = ORIENTED_EDGE('',*,*,#6427,.T.);
#6427 = EDGE_CURVE('',#6420,#5964,#6428,.T.);
#6428 = LINE('',#6429,#6430);
#6429 = CARTESIAN_POINT('',(-0.965,0.625,0.465));
#6430 = VECTOR('',#6431,1.);
#6431 = DIRECTION('',(1.,0.,0.));
#6432 = ORIENTED_EDGE('',*,*,#5963,.T.);
#6433 = ORIENTED_EDGE('',*,*,#5997,.F.);
#6434 = ORIENTED_EDGE('',*,*,#6347,.T.);
#6435 = ORIENTED_EDGE('',*,*,#6436,.T.);
#6436 = EDGE_CURVE('',#6348,#6437,#6439,.T.);
#6437 = VERTEX_POINT('',#6438);
#6438 = CARTESIAN_POINT('',(0.965,0.625,0.465));
#6439 = LINE('',#6440,#6441);
#6440 = CARTESIAN_POINT('',(-0.965,0.625,0.465));
#6441 = VECTOR('',#6442,1.);
#6442 = DIRECTION('',(1.,0.,0.));
#6443 = ORIENTED_EDGE('',*,*,#6444,.F.);
#6444 = EDGE_CURVE('',#6445,#6437,#6447,.T.);
#6445 = VERTEX_POINT('',#6446);
#6446 = CARTESIAN_POINT('',(0.965,0.625,3.5E-02));
#6447 = LINE('',#6448,#6449);
#6448 = CARTESIAN_POINT('',(0.965,0.625,3.5E-02));
#6449 = VECTOR('',#6450,1.);
#6450 = DIRECTION('',(0.,0.,1.));
#6451 = ORIENTED_EDGE('',*,*,#6452,.F.);
#6452 = EDGE_CURVE('',#6177,#6445,#6453,.T.);
#6453 = LINE('',#6454,#6455);
#6454 = CARTESIAN_POINT('',(-0.965,0.625,3.5E-02));
#6455 = VECTOR('',#6456,1.);
#6456 = DIRECTION('',(1.,0.,0.));
#6457 = ORIENTED_EDGE('',*,*,#6184,.F.);
#6458 = PLANE('',#6459);
#6459 = AXIS2_PLACEMENT_3D('',#6460,#6461,#6462);
#6460 = CARTESIAN_POINT('',(-0.965,0.625,3.5E-02));
#6461 = DIRECTION('',(0.,1.,0.));
#6462 = DIRECTION('',(0.,-0.,1.));
#6463 = ADVANCED_FACE('',(#6464),#6482,.F.);
#6464 = FACE_BOUND('',#6465,.F.);
#6465 = EDGE_LOOP('',(#6466,#6474,#6480,#6481));
#6466 = ORIENTED_EDGE('',*,*,#6467,.F.);
#6467 = EDGE_CURVE('',#6468,#6012,#6470,.T.);
#6468 = VERTEX_POINT('',#6469);
#6469 = CARTESIAN_POINT('',(-0.9125,0.46875,0.5));
#6470 = LINE('',#6471,#6472);
#6471 = CARTESIAN_POINT('',(-0.95625,0.46875,0.5));
#6472 = VECTOR('',#6473,1.);
#6473 = DIRECTION('',(1.,0.,0.));
#6474 = ORIENTED_EDGE('',*,*,#6475,.T.);
#6475 = EDGE_CURVE('',#6468,#5972,#6476,.T.);
#6476 = LINE('',#6477,#6478);
#6477 = CARTESIAN_POINT('',(-0.9125,0.46875,0.75));
#6478 = VECTOR('',#6479,1.);
#6479 = DIRECTION('',(-0.,-0.,-1.));
#6480 = ORIENTED_EDGE('',*,*,#5979,.F.);
#6481 = ORIENTED_EDGE('',*,*,#6011,.F.);
#6482 = PLANE('',#6483);
#6483 = AXIS2_PLACEMENT_3D('',#6484,#6485,#6486);
#6484 = CARTESIAN_POINT('',(-0.9125,0.46875,0.75));
#6485 = DIRECTION('',(0.,-1.,0.));
#6486 = DIRECTION('',(1.,0.,0.));
#6487 = ADVANCED_FACE('',(#6488),#6506,.F.);
#6488 = FACE_BOUND('',#6489,.F.);
#6489 = EDGE_LOOP('',(#6490,#6491,#6499,#6505));
#6490 = ORIENTED_EDGE('',*,*,#6475,.F.);
#6491 = ORIENTED_EDGE('',*,*,#6492,.F.);
#6492 = EDGE_CURVE('',#6493,#6468,#6495,.T.);
#6493 = VERTEX_POINT('',#6494);
#6494 = CARTESIAN_POINT('',(-0.9125,0.625,0.5));
#6495 = LINE('',#6496,#6497);
#6496 = CARTESIAN_POINT('',(-0.9125,7.8125E-02,0.5));
#6497 = VECTOR('',#6498,1.);
#6498 = DIRECTION('',(0.,-1.,0.));
#6499 = ORIENTED_EDGE('',*,*,#6500,.F.);
#6500 = EDGE_CURVE('',#5964,#6493,#6501,.T.);
#6501 = LINE('',#6502,#6503);
#6502 = CARTESIAN_POINT('',(-0.9125,0.625,0.375));
#6503 = VECTOR('',#6504,1.);
#6504 = DIRECTION('',(0.,0.,1.));
#6505 = ORIENTED_EDGE('',*,*,#5971,.F.);
#6506 = PLANE('',#6507);
#6507 = AXIS2_PLACEMENT_3D('',#6508,#6509,#6510);
#6508 = CARTESIAN_POINT('',(-0.9125,0.78125,0.75));
#6509 = DIRECTION('',(-1.,0.,0.));
#6510 = DIRECTION('',(0.,-1.,0.));
#6511 = ADVANCED_FACE('',(#6512),#6530,.F.);
#6512 = FACE_BOUND('',#6513,.F.);
#6513 = EDGE_LOOP('',(#6514,#6522,#6528,#6529));
#6514 = ORIENTED_EDGE('',*,*,#6515,.F.);
#6515 = EDGE_CURVE('',#6516,#6045,#6518,.T.);
#6516 = VERTEX_POINT('',#6517);
#6517 = CARTESIAN_POINT('',(-0.9125,-0.46875,0.5));
#6518 = LINE('',#6519,#6520);
#6519 = CARTESIAN_POINT('',(-0.9125,-0.46875,0.75));
#6520 = VECTOR('',#6521,1.);
#6521 = DIRECTION('',(-0.,-0.,-1.));
#6522 = ORIENTED_EDGE('',*,*,#6523,.F.);
#6523 = EDGE_CURVE('',#6021,#6516,#6524,.T.);
#6524 = LINE('',#6525,#6526);
#6525 = CARTESIAN_POINT('',(-4.375E-02,-0.46875,0.5));
#6526 = VECTOR('',#6527,1.);
#6527 = DIRECTION('',(-1.,0.,0.));
#6528 = ORIENTED_EDGE('',*,*,#6028,.T.);
#6529 = ORIENTED_EDGE('',*,*,#6054,.F.);
#6530 = PLANE('',#6531);
#6531 = AXIS2_PLACEMENT_3D('',#6532,#6533,#6534);
#6532 = CARTESIAN_POINT('',(0.9125,-0.46875,0.75));
#6533 = DIRECTION('',(0.,1.,0.));
#6534 = DIRECTION('',(-1.,0.,0.));
#6535 = ADVANCED_FACE('',(#6536),#6563,.T.);
#6536 = FACE_BOUND('',#6537,.T.);
#6537 = EDGE_LOOP('',(#6538,#6546,#6552,#6553,#6559,#6560,#6561,#6562));
#6538 = ORIENTED_EDGE('',*,*,#6539,.F.);
#6539 = EDGE_CURVE('',#6540,#6493,#6542,.T.);
#6540 = VERTEX_POINT('',#6541);
#6541 = CARTESIAN_POINT('',(-0.965,0.625,0.5));
#6542 = LINE('',#6543,#6544);
#6543 = CARTESIAN_POINT('',(-1.,0.625,0.5));
#6544 = VECTOR('',#6545,1.);
#6545 = DIRECTION('',(1.,0.,0.));
#6546 = ORIENTED_EDGE('',*,*,#6547,.F.);
#6547 = EDGE_CURVE('',#6096,#6540,#6548,.T.);
#6548 = LINE('',#6549,#6550);
#6549 = CARTESIAN_POINT('',(-0.965,-0.625,0.5));
#6550 = VECTOR('',#6551,1.);
#6551 = DIRECTION('',(0.,1.,0.));
#6552 = ORIENTED_EDGE('',*,*,#6104,.T.);
#6553 = ORIENTED_EDGE('',*,*,#6554,.F.);
#6554 = EDGE_CURVE('',#6516,#6105,#6555,.T.);
#6555 = LINE('',#6556,#6557);
#6556 = CARTESIAN_POINT('',(-0.9125,-0.546875,0.5));
#6557 = VECTOR('',#6558,1.);
#6558 = DIRECTION('',(0.,-1.,0.));
#6559 = ORIENTED_EDGE('',*,*,#6523,.F.);
#6560 = ORIENTED_EDGE('',*,*,#6020,.T.);
#6561 = ORIENTED_EDGE('',*,*,#6467,.F.);
#6562 = ORIENTED_EDGE('',*,*,#6492,.F.);
#6563 = PLANE('',#6564);
#6564 = AXIS2_PLACEMENT_3D('',#6565,#6566,#6567);
#6565 = CARTESIAN_POINT('',(-1.,-0.625,0.5));
#6566 = DIRECTION('',(0.,0.,1.));
#6567 = DIRECTION('',(1.,0.,-0.));
#6568 = ADVANCED_FACE('',(#6569),#6575,.F.);
#6569 = FACE_BOUND('',#6570,.F.);
#6570 = EDGE_LOOP('',(#6571,#6572,#6573,#6574));
#6571 = ORIENTED_EDGE('',*,*,#6554,.F.);
#6572 = ORIENTED_EDGE('',*,*,#6515,.T.);
#6573 = ORIENTED_EDGE('',*,*,#6044,.F.);
#6574 = ORIENTED_EDGE('',*,*,#6112,.T.);
#6575 = PLANE('',#6576);
#6576 = AXIS2_PLACEMENT_3D('',#6577,#6578,#6579);
#6577 = CARTESIAN_POINT('',(-0.9125,-0.46875,0.75));
#6578 = DIRECTION('',(-1.,0.,0.));
#6579 = DIRECTION('',(0.,-1.,0.));
#6580 = ADVANCED_FACE('',(#6581),#6638,.F.);
#6581 = FACE_BOUND('',#6582,.F.);
#6582 = EDGE_LOOP('',(#6583,#6593,#6599,#6600,#6608,#6616,#6624,#6632));
#6583 = ORIENTED_EDGE('',*,*,#6584,.F.);
#6584 = EDGE_CURVE('',#6585,#6587,#6589,.T.);
#6585 = VERTEX_POINT('',#6586);
#6586 = CARTESIAN_POINT('',(-0.965,0.625,-6.938893903907E-18));
#6587 = VERTEX_POINT('',#6588);
#6588 = CARTESIAN_POINT('',(-0.9125,0.625,0.));
#6589 = LINE('',#6590,#6591);
#6590 = CARTESIAN_POINT('',(-1.,0.625,0.));
#6591 = VECTOR('',#6592,1.);
#6592 = DIRECTION('',(1.,0.,0.));
#6593 = ORIENTED_EDGE('',*,*,#6594,.F.);
#6594 = EDGE_CURVE('',#6069,#6585,#6595,.T.);
#6595 = LINE('',#6596,#6597);
#6596 = CARTESIAN_POINT('',(-0.965,-0.625,-6.938893903907E-18));
#6597 = VECTOR('',#6598,1.);
#6598 = DIRECTION('',(0.,1.,0.));
#6599 = ORIENTED_EDGE('',*,*,#6068,.T.);
#6600 = ORIENTED_EDGE('',*,*,#6601,.F.);
#6601 = EDGE_CURVE('',#6602,#6071,#6604,.T.);
#6602 = VERTEX_POINT('',#6603);
#6603 = CARTESIAN_POINT('',(-0.9125,-0.46875,0.));
#6604 = LINE('',#6605,#6606);
#6605 = CARTESIAN_POINT('',(-0.9125,-0.546875,0.));
#6606 = VECTOR('',#6607,1.);
#6607 = DIRECTION('',(0.,-1.,0.));
#6608 = ORIENTED_EDGE('',*,*,#6609,.F.);
#6609 = EDGE_CURVE('',#6610,#6602,#6612,.T.);
#6610 = VERTEX_POINT('',#6611);
#6611 = CARTESIAN_POINT('',(-0.685,-0.46875,-6.938893903907E-18));
#6612 = LINE('',#6613,#6614);
#6613 = CARTESIAN_POINT('',(-4.375E-02,-0.46875,0.));
#6614 = VECTOR('',#6615,1.);
#6615 = DIRECTION('',(-1.,0.,0.));
#6616 = ORIENTED_EDGE('',*,*,#6617,.T.);
#6617 = EDGE_CURVE('',#6610,#6618,#6620,.T.);
#6618 = VERTEX_POINT('',#6619);
#6619 = CARTESIAN_POINT('',(-0.685,0.46875,-6.938893903907E-18));
#6620 = LINE('',#6621,#6622);
#6621 = CARTESIAN_POINT('',(-0.685,-0.625,-6.938893903907E-18));
#6622 = VECTOR('',#6623,1.);
#6623 = DIRECTION('',(0.,1.,0.));
#6624 = ORIENTED_EDGE('',*,*,#6625,.F.);
#6625 = EDGE_CURVE('',#6626,#6618,#6628,.T.);
#6626 = VERTEX_POINT('',#6627);
#6627 = CARTESIAN_POINT('',(-0.9125,0.46875,0.));
#6628 = LINE('',#6629,#6630);
#6629 = CARTESIAN_POINT('',(-0.95625,0.46875,0.));
#6630 = VECTOR('',#6631,1.);
#6631 = DIRECTION('',(1.,0.,0.));
#6632 = ORIENTED_EDGE('',*,*,#6633,.F.);
#6633 = EDGE_CURVE('',#6587,#6626,#6634,.T.);
#6634 = LINE('',#6635,#6636);
#6635 = CARTESIAN_POINT('',(-0.9125,7.8125E-02,0.));
#6636 = VECTOR('',#6637,1.);
#6637 = DIRECTION('',(0.,-1.,0.));
#6638 = PLANE('',#6639);
#6639 = AXIS2_PLACEMENT_3D('',#6640,#6641,#6642);
#6640 = CARTESIAN_POINT('',(-1.,-0.625,0.));
#6641 = DIRECTION('',(0.,0.,1.));
#6642 = DIRECTION('',(1.,0.,-0.));
#6643 = ADVANCED_FACE('',(#6644),#6663,.T.);
#6644 = FACE_BOUND('',#6645,.T.);
#6645 = EDGE_LOOP('',(#6646,#6654,#6661,#6662));
#6646 = ORIENTED_EDGE('',*,*,#6647,.T.);
#6647 = EDGE_CURVE('',#6079,#6648,#6650,.T.);
#6648 = VERTEX_POINT('',#6649);
#6649 = CARTESIAN_POINT('',(-1.,0.625,3.5E-02));
#6650 = LINE('',#6651,#6652);
#6651 = CARTESIAN_POINT('',(-1.,-0.625,3.5E-02));
#6652 = VECTOR('',#6653,1.);
#6653 = DIRECTION('',(0.,1.,0.));
#6654 = ORIENTED_EDGE('',*,*,#6655,.T.);
#6655 = EDGE_CURVE('',#6648,#6585,#6656,.T.);
#6656 = CIRCLE('',#6657,3.5E-02);
#6657 = AXIS2_PLACEMENT_3D('',#6658,#6659,#6660);
#6658 = CARTESIAN_POINT('',(-0.965,0.625,3.5E-02));
#6659 = DIRECTION('',(0.,-1.,0.));
#6660 = DIRECTION('',(0.,0.,1.));
#6661 = ORIENTED_EDGE('',*,*,#6594,.F.);
#6662 = ORIENTED_EDGE('',*,*,#6078,.F.);
#6663 = CYLINDRICAL_SURFACE('',#6664,3.5E-02);
#6664 = AXIS2_PLACEMENT_3D('',#6665,#6666,#6667);
#6665 = CARTESIAN_POINT('',(-0.965,-0.625,3.5E-02));
#6666 = DIRECTION('',(0.,1.,0.));
#6667 = DIRECTION('',(-1.,0.,0.));
#6668 = ADVANCED_FACE('',(#6669),#6680,.F.);
#6669 = FACE_BOUND('',#6670,.F.);
#6670 = EDGE_LOOP('',(#6671,#6672,#6678,#6679));
#6671 = ORIENTED_EDGE('',*,*,#6135,.T.);
#6672 = ORIENTED_EDGE('',*,*,#6673,.T.);
#6673 = EDGE_CURVE('',#6136,#6602,#6674,.T.);
#6674 = LINE('',#6675,#6676);
#6675 = CARTESIAN_POINT('',(-0.9125,-0.46875,0.75));
#6676 = VECTOR('',#6677,1.);
#6677 = DIRECTION('',(-0.,-0.,-1.));
#6678 = ORIENTED_EDGE('',*,*,#6601,.T.);
#6679 = ORIENTED_EDGE('',*,*,#6121,.T.);
#6680 = PLANE('',#6681);
#6681 = AXIS2_PLACEMENT_3D('',#6682,#6683,#6684);
#6682 = CARTESIAN_POINT('',(-0.9125,-0.46875,0.75));
#6683 = DIRECTION('',(-1.,0.,0.));
#6684 = DIRECTION('',(0.,-1.,0.));
#6685 = ADVANCED_FACE('',(#6686),#6704,.F.);
#6686 = FACE_BOUND('',#6687,.F.);
#6687 = EDGE_LOOP('',(#6688,#6689,#6690,#6698));
#6688 = ORIENTED_EDGE('',*,*,#6087,.F.);
#6689 = ORIENTED_EDGE('',*,*,#6647,.T.);
#6690 = ORIENTED_EDGE('',*,*,#6691,.T.);
#6691 = EDGE_CURVE('',#6648,#6692,#6694,.T.);
#6692 = VERTEX_POINT('',#6693);
#6693 = CARTESIAN_POINT('',(-1.,0.625,0.465));
#6694 = LINE('',#6695,#6696);
#6695 = CARTESIAN_POINT('',(-1.,0.625,0.));
#6696 = VECTOR('',#6697,1.);
#6697 = DIRECTION('',(0.,0.,1.));
#6698 = ORIENTED_EDGE('',*,*,#6699,.F.);
#6699 = EDGE_CURVE('',#6088,#6692,#6700,.T.);
#6700 = LINE('',#6701,#6702);
#6701 = CARTESIAN_POINT('',(-1.,-0.625,0.465));
#6702 = VECTOR('',#6703,1.);
#6703 = DIRECTION('',(0.,1.,0.));
#6704 = PLANE('',#6705);
#6705 = AXIS2_PLACEMENT_3D('',#6706,#6707,#6708);
#6706 = CARTESIAN_POINT('',(-1.,-0.625,0.));
#6707 = DIRECTION('',(1.,0.,0.));
#6708 = DIRECTION('',(0.,0.,1.));
#6709 = ADVANCED_FACE('',(#6710),#6722,.T.);
#6710 = FACE_BOUND('',#6711,.T.);
#6711 = EDGE_LOOP('',(#6712,#6713,#6714,#6721));
#6712 = ORIENTED_EDGE('',*,*,#6095,.T.);
#6713 = ORIENTED_EDGE('',*,*,#6547,.T.);
#6714 = ORIENTED_EDGE('',*,*,#6715,.F.);
#6715 = EDGE_CURVE('',#6692,#6540,#6716,.T.);
#6716 = CIRCLE('',#6717,3.5E-02);
#6717 = AXIS2_PLACEMENT_3D('',#6718,#6719,#6720);
#6718 = CARTESIAN_POINT('',(-0.965,0.625,0.465));
#6719 = DIRECTION('',(0.,1.,0.));
#6720 = DIRECTION('',(0.,-0.,1.));
#6721 = ORIENTED_EDGE('',*,*,#6699,.F.);
#6722 = CYLINDRICAL_SURFACE('',#6723,3.5E-02);
#6723 = AXIS2_PLACEMENT_3D('',#6724,#6725,#6726);
#6724 = CARTESIAN_POINT('',(-0.965,-0.625,0.465));
#6725 = DIRECTION('',(0.,1.,0.));
#6726 = DIRECTION('',(-1.,0.,0.));
#6727 = ADVANCED_FACE('',(#6728),#6740,.F.);
#6728 = FACE_BOUND('',#6729,.F.);
#6729 = EDGE_LOOP('',(#6730,#6731,#6732,#6739));
#6730 = ORIENTED_EDGE('',*,*,#6673,.F.);
#6731 = ORIENTED_EDGE('',*,*,#6216,.T.);
#6732 = ORIENTED_EDGE('',*,*,#6733,.T.);
#6733 = EDGE_CURVE('',#6209,#6610,#6734,.T.);
#6734 = CIRCLE('',#6735,3.5E-02);
#6735 = AXIS2_PLACEMENT_3D('',#6736,#6737,#6738);
#6736 = CARTESIAN_POINT('',(-0.685,-0.46875,3.5E-02));
#6737 = DIRECTION('',(-0.,1.,0.));
#6738 = DIRECTION('',(1.,0.,0.));
#6739 = ORIENTED_EDGE('',*,*,#6609,.T.);
#6740 = PLANE('',#6741);
#6741 = AXIS2_PLACEMENT_3D('',#6742,#6743,#6744);
#6742 = CARTESIAN_POINT('',(0.9125,-0.46875,0.75));
#6743 = DIRECTION('',(0.,1.,0.));
#6744 = DIRECTION('',(-1.,0.,0.));
#6745 = ADVANCED_FACE('',(#6746),#6758,.T.);
#6746 = FACE_BOUND('',#6747,.T.);
#6747 = EDGE_LOOP('',(#6748,#6749,#6750,#6751));
#6748 = ORIENTED_EDGE('',*,*,#6208,.F.);
#6749 = ORIENTED_EDGE('',*,*,#6733,.T.);
#6750 = ORIENTED_EDGE('',*,*,#6617,.T.);
#6751 = ORIENTED_EDGE('',*,*,#6752,.F.);
#6752 = EDGE_CURVE('',#6201,#6618,#6753,.T.);
#6753 = CIRCLE('',#6754,3.5E-02);
#6754 = AXIS2_PLACEMENT_3D('',#6755,#6756,#6757);
#6755 = CARTESIAN_POINT('',(-0.685,0.46875,3.5E-02));
#6756 = DIRECTION('',(-0.,1.,0.));
#6757 = DIRECTION('',(1.,0.,0.));
#6758 = CYLINDRICAL_SURFACE('',#6759,3.5E-02);
#6759 = AXIS2_PLACEMENT_3D('',#6760,#6761,#6762);
#6760 = CARTESIAN_POINT('',(-0.685,-0.625,3.5E-02));
#6761 = DIRECTION('',(0.,1.,0.));
#6762 = DIRECTION('',(1.,0.,0.));
#6763 = ADVANCED_FACE('',(#6764),#6775,.F.);
#6764 = FACE_BOUND('',#6765,.F.);
#6765 = EDGE_LOOP('',(#6766,#6767,#6773,#6774));
#6766 = ORIENTED_EDGE('',*,*,#6200,.T.);
#6767 = ORIENTED_EDGE('',*,*,#6768,.T.);
#6768 = EDGE_CURVE('',#6193,#6626,#6769,.T.);
#6769 = LINE('',#6770,#6771);
#6770 = CARTESIAN_POINT('',(-0.9125,0.46875,0.75));
#6771 = VECTOR('',#6772,1.);
#6772 = DIRECTION('',(-0.,-0.,-1.));
#6773 = ORIENTED_EDGE('',*,*,#6625,.T.);
#6774 = ORIENTED_EDGE('',*,*,#6752,.F.);
#6775 = PLANE('',#6776);
#6776 = AXIS2_PLACEMENT_3D('',#6777,#6778,#6779);
#6777 = CARTESIAN_POINT('',(-0.9125,0.46875,0.75));
#6778 = DIRECTION('',(0.,-1.,0.));
#6779 = DIRECTION('',(1.,0.,0.));
#6780 = ADVANCED_FACE('',(#6781),#6792,.F.);
#6781 = FACE_BOUND('',#6782,.F.);
#6782 = EDGE_LOOP('',(#6783,#6784,#6785,#6791));
#6783 = ORIENTED_EDGE('',*,*,#6768,.F.);
#6784 = ORIENTED_EDGE('',*,*,#6192,.T.);
#6785 = ORIENTED_EDGE('',*,*,#6786,.F.);
#6786 = EDGE_CURVE('',#6587,#6185,#6787,.T.);
#6787 = LINE('',#6788,#6789);
#6788 = CARTESIAN_POINT('',(-0.9125,0.625,0.375));
#6789 = VECTOR('',#6790,1.);
#6790 = DIRECTION('',(0.,0.,1.));
#6791 = ORIENTED_EDGE('',*,*,#6633,.T.);
#6792 = PLANE('',#6793);
#6793 = AXIS2_PLACEMENT_3D('',#6794,#6795,#6796);
#6794 = CARTESIAN_POINT('',(-0.9125,0.78125,0.75));
#6795 = DIRECTION('',(-1.,0.,0.));
#6796 = DIRECTION('',(0.,-1.,0.));
#6797 = ADVANCED_FACE('',(#6798),#6823,.F.);
#6798 = FACE_BOUND('',#6799,.F.);
#6799 = EDGE_LOOP('',(#6800,#6801,#6809,#6817));
#6800 = ORIENTED_EDGE('',*,*,#6176,.T.);
#6801 = ORIENTED_EDGE('',*,*,#6802,.T.);
#6802 = EDGE_CURVE('',#6169,#6803,#6805,.T.);
#6803 = VERTEX_POINT('',#6804);
#6804 = CARTESIAN_POINT('',(0.9125,0.46875,0.));
#6805 = LINE('',#6806,#6807);
#6806 = CARTESIAN_POINT('',(0.9125,0.46875,0.75));
#6807 = VECTOR('',#6808,1.);
#6808 = DIRECTION('',(-0.,-0.,-1.));
#6809 = ORIENTED_EDGE('',*,*,#6810,.T.);
#6810 = EDGE_CURVE('',#6803,#6811,#6813,.T.);
#6811 = VERTEX_POINT('',#6812);
#6812 = CARTESIAN_POINT('',(0.9125,0.625,0.));
#6813 = LINE('',#6814,#6815);
#6814 = CARTESIAN_POINT('',(0.9125,-7.8125E-02,0.));
#6815 = VECTOR('',#6816,1.);
#6816 = DIRECTION('',(0.,1.,0.));
#6817 = ORIENTED_EDGE('',*,*,#6818,.F.);
#6818 = EDGE_CURVE('',#6177,#6811,#6819,.T.);
#6819 = LINE('',#6820,#6821);
#6820 = CARTESIAN_POINT('',(0.9125,0.625,0.375));
#6821 = VECTOR('',#6822,1.);
#6822 = DIRECTION('',(0.,0.,-1.));
#6823 = PLANE('',#6824);
#6824 = AXIS2_PLACEMENT_3D('',#6825,#6826,#6827);
#6825 = CARTESIAN_POINT('',(0.9125,0.46875,0.75));
#6826 = DIRECTION('',(1.,0.,0.));
#6827 = DIRECTION('',(-0.,1.,0.));
#6828 = ADVANCED_FACE('',(#6829),#6848,.F.);
#6829 = FACE_BOUND('',#6830,.F.);
#6830 = EDGE_LOOP('',(#6831,#6832,#6833,#6842));
#6831 = ORIENTED_EDGE('',*,*,#6802,.F.);
#6832 = ORIENTED_EDGE('',*,*,#6168,.T.);
#6833 = ORIENTED_EDGE('',*,*,#6834,.F.);
#6834 = EDGE_CURVE('',#6835,#6161,#6837,.T.);
#6835 = VERTEX_POINT('',#6836);
#6836 = CARTESIAN_POINT('',(0.685,0.46875,-6.938893903907E-18));
#6837 = CIRCLE('',#6838,3.5E-02);
#6838 = AXIS2_PLACEMENT_3D('',#6839,#6840,#6841);
#6839 = CARTESIAN_POINT('',(0.685,0.46875,3.5E-02));
#6840 = DIRECTION('',(0.,1.,-0.));
#6841 = DIRECTION('',(-1.,0.,0.));
#6842 = ORIENTED_EDGE('',*,*,#6843,.T.);
#6843 = EDGE_CURVE('',#6835,#6803,#6844,.T.);
#6844 = LINE('',#6845,#6846);
#6845 = CARTESIAN_POINT('',(-0.13125,0.46875,0.));
#6846 = VECTOR('',#6847,1.);
#6847 = DIRECTION('',(1.,0.,0.));
#6848 = PLANE('',#6849);
#6849 = AXIS2_PLACEMENT_3D('',#6850,#6851,#6852);
#6850 = CARTESIAN_POINT('',(-0.9125,0.46875,0.75));
#6851 = DIRECTION('',(0.,-1.,0.));
#6852 = DIRECTION('',(1.,0.,0.));
#6853 = ADVANCED_FACE('',(#6854),#6873,.T.);
#6854 = FACE_BOUND('',#6855,.T.);
#6855 = EDGE_LOOP('',(#6856,#6857,#6865,#6872));
#6856 = ORIENTED_EDGE('',*,*,#6834,.F.);
#6857 = ORIENTED_EDGE('',*,*,#6858,.F.);
#6858 = EDGE_CURVE('',#6859,#6835,#6861,.T.);
#6859 = VERTEX_POINT('',#6860);
#6860 = CARTESIAN_POINT('',(0.685,-0.46875,-6.938893903907E-18));
#6861 = LINE('',#6862,#6863);
#6862 = CARTESIAN_POINT('',(0.685,-0.625,-6.938893903907E-18));
#6863 = VECTOR('',#6864,1.);
#6864 = DIRECTION('',(0.,1.,0.));
#6865 = ORIENTED_EDGE('',*,*,#6866,.T.);
#6866 = EDGE_CURVE('',#6859,#6153,#6867,.T.);
#6867 = CIRCLE('',#6868,3.5E-02);
#6868 = AXIS2_PLACEMENT_3D('',#6869,#6870,#6871);
#6869 = CARTESIAN_POINT('',(0.685,-0.46875,3.5E-02));
#6870 = DIRECTION('',(0.,1.,-0.));
#6871 = DIRECTION('',(-1.,0.,0.));
#6872 = ORIENTED_EDGE('',*,*,#6160,.T.);
#6873 = CYLINDRICAL_SURFACE('',#6874,3.5E-02);
#6874 = AXIS2_PLACEMENT_3D('',#6875,#6876,#6877);
#6875 = CARTESIAN_POINT('',(0.685,-0.625,3.5E-02));
#6876 = DIRECTION('',(0.,1.,0.));
#6877 = DIRECTION('',(-1.,0.,0.));
#6878 = ADVANCED_FACE('',(#6879),#6897,.F.);
#6879 = FACE_BOUND('',#6880,.F.);
#6880 = EDGE_LOOP('',(#6881,#6882,#6890,#6896));
#6881 = ORIENTED_EDGE('',*,*,#6152,.T.);
#6882 = ORIENTED_EDGE('',*,*,#6883,.T.);
#6883 = EDGE_CURVE('',#6145,#6884,#6886,.T.);
#6884 = VERTEX_POINT('',#6885);
#6885 = CARTESIAN_POINT('',(0.9125,-0.46875,0.));
#6886 = LINE('',#6887,#6888);
#6887 = CARTESIAN_POINT('',(0.9125,-0.46875,0.75));
#6888 = VECTOR('',#6889,1.);
#6889 = DIRECTION('',(-0.,-0.,-1.));
#6890 = ORIENTED_EDGE('',*,*,#6891,.T.);
#6891 = EDGE_CURVE('',#6884,#6859,#6892,.T.);
#6892 = LINE('',#6893,#6894);
#6893 = CARTESIAN_POINT('',(0.78125,-0.46875,0.));
#6894 = VECTOR('',#6895,1.);
#6895 = DIRECTION('',(-1.,0.,0.));
#6896 = ORIENTED_EDGE('',*,*,#6866,.T.);
#6897 = PLANE('',#6898);
#6898 = AXIS2_PLACEMENT_3D('',#6899,#6900,#6901);
#6899 = CARTESIAN_POINT('',(0.9125,-0.46875,0.75));
#6900 = DIRECTION('',(0.,1.,0.));
#6901 = DIRECTION('',(-1.,0.,0.));
#6902 = ADVANCED_FACE('',(#6903),#6914,.F.);
#6903 = FACE_BOUND('',#6904,.F.);
#6904 = EDGE_LOOP('',(#6905,#6906,#6907,#6908));
#6905 = ORIENTED_EDGE('',*,*,#6883,.F.);
#6906 = ORIENTED_EDGE('',*,*,#6144,.T.);
#6907 = ORIENTED_EDGE('',*,*,#6266,.T.);
#6908 = ORIENTED_EDGE('',*,*,#6909,.T.);
#6909 = EDGE_CURVE('',#6257,#6884,#6910,.T.);
#6910 = LINE('',#6911,#6912);
#6911 = CARTESIAN_POINT('',(0.9125,-0.703125,0.));
#6912 = VECTOR('',#6913,1.);
#6913 = DIRECTION('',(0.,1.,0.));
#6914 = PLANE('',#6915);
#6915 = AXIS2_PLACEMENT_3D('',#6916,#6917,#6918);
#6916 = CARTESIAN_POINT('',(0.9125,-0.78125,0.75));
#6917 = DIRECTION('',(1.,0.,0.));
#6918 = DIRECTION('',(-0.,1.,0.));
#6919 = ADVANCED_FACE('',(#6920),#6945,.T.);
#6920 = FACE_BOUND('',#6921,.T.);
#6921 = EDGE_LOOP('',(#6922,#6930,#6931,#6939));
#6922 = ORIENTED_EDGE('',*,*,#6923,.T.);
#6923 = EDGE_CURVE('',#6924,#6225,#6926,.T.);
#6924 = VERTEX_POINT('',#6925);
#6925 = CARTESIAN_POINT('',(0.433012701892,0.5,1.75E-02));
#6926 = LINE('',#6927,#6928);
#6927 = CARTESIAN_POINT('',(0.433012701892,0.5,1.75E-02));
#6928 = VECTOR('',#6929,1.);
#6929 = DIRECTION('',(0.,0.,1.));
#6930 = ORIENTED_EDGE('',*,*,#6224,.T.);
#6931 = ORIENTED_EDGE('',*,*,#6932,.F.);
#6932 = EDGE_CURVE('',#6933,#6227,#6935,.T.);
#6933 = VERTEX_POINT('',#6934);
#6934 = CARTESIAN_POINT('',(0.433012701892,-0.5,1.75E-02));
#6935 = LINE('',#6936,#6937);
#6936 = CARTESIAN_POINT('',(0.433012701892,-0.5,1.75E-02));
#6937 = VECTOR('',#6938,1.);
#6938 = DIRECTION('',(0.,0.,1.));
#6939 = ORIENTED_EDGE('',*,*,#6940,.F.);
#6940 = EDGE_CURVE('',#6924,#6933,#6941,.T.);
#6941 = LINE('',#6942,#6943);
#6942 = CARTESIAN_POINT('',(0.433012701892,0.5,1.75E-02));
#6943 = VECTOR('',#6944,1.);
#6944 = DIRECTION('',(0.,-1.,0.));
#6945 = PLANE('',#6946);
#6946 = AXIS2_PLACEMENT_3D('',#6947,#6948,#6949);
#6947 = CARTESIAN_POINT('',(0.433012701892,0.5,1.75E-02));
#6948 = DIRECTION('',(1.,0.,0.));
#6949 = DIRECTION('',(0.,-1.,0.));
#6950 = ADVANCED_FACE('',(#6951),#6969,.T.);
#6951 = FACE_BOUND('',#6952,.T.);
#6952 = EDGE_LOOP('',(#6953,#6961,#6962,#6963));
#6953 = ORIENTED_EDGE('',*,*,#6954,.T.);
#6954 = EDGE_CURVE('',#6955,#6235,#6957,.T.);
#6955 = VERTEX_POINT('',#6956);
#6956 = CARTESIAN_POINT('',(-0.433012701892,0.,1.75E-02));
#6957 = LINE('',#6958,#6959);
#6958 = CARTESIAN_POINT('',(-0.433012701892,0.,1.75E-02));
#6959 = VECTOR('',#6960,1.);
#6960 = DIRECTION('',(0.,0.,1.));
#6961 = ORIENTED_EDGE('',*,*,#6242,.T.);
#6962 = ORIENTED_EDGE('',*,*,#6923,.F.);
#6963 = ORIENTED_EDGE('',*,*,#6964,.F.);
#6964 = EDGE_CURVE('',#6955,#6924,#6965,.T.);
#6965 = LINE('',#6966,#6967);
#6966 = CARTESIAN_POINT('',(-0.433012701892,0.,1.75E-02));
#6967 = VECTOR('',#6968,1.);
#6968 = DIRECTION('',(0.866025403784,0.5,0.));
#6969 = PLANE('',#6970);
#6970 = AXIS2_PLACEMENT_3D('',#6971,#6972,#6973);
#6971 = CARTESIAN_POINT('',(-0.433012701892,0.,1.75E-02));
#6972 = DIRECTION('',(-0.5,0.866025403784,0.));
#6973 = DIRECTION('',(0.866025403784,0.5,0.));
#6974 = ADVANCED_FACE('',(#6975),#6986,.T.);
#6975 = FACE_BOUND('',#6976,.T.);
#6976 = EDGE_LOOP('',(#6977,#6978,#6979,#6980));
#6977 = ORIENTED_EDGE('',*,*,#6932,.T.);
#6978 = ORIENTED_EDGE('',*,*,#6234,.T.);
#6979 = ORIENTED_EDGE('',*,*,#6954,.F.);
#6980 = ORIENTED_EDGE('',*,*,#6981,.F.);
#6981 = EDGE_CURVE('',#6933,#6955,#6982,.T.);
#6982 = LINE('',#6983,#6984);
#6983 = CARTESIAN_POINT('',(0.433012701892,-0.5,1.75E-02));
#6984 = VECTOR('',#6985,1.);
#6985 = DIRECTION('',(-0.866025403784,0.5,0.));
#6986 = PLANE('',#6987);
#6987 = AXIS2_PLACEMENT_3D('',#6988,#6989,#6990);
#6988 = CARTESIAN_POINT('',(0.433012701892,-0.5,1.75E-02));
#6989 = DIRECTION('',(-0.5,-0.866025403784,0.));
#6990 = DIRECTION('',(-0.866025403784,0.5,0.));
#6991 = ADVANCED_FACE('',(#6992),#7014,.F.);
#6992 = FACE_BOUND('',#6993,.F.);
#6993 = EDGE_LOOP('',(#6994,#7002,#7003,#7004,#7005,#7006,#7007,#7008));
#6994 = ORIENTED_EDGE('',*,*,#6995,.F.);
#6995 = EDGE_CURVE('',#6811,#6996,#6998,.T.);
#6996 = VERTEX_POINT('',#6997);
#6997 = CARTESIAN_POINT('',(0.965,0.625,-6.938893903907E-18));
#6998 = LINE('',#6999,#7000);
#6999 = CARTESIAN_POINT('',(0.65,0.625,0.));
#7000 = VECTOR('',#7001,1.);
#7001 = DIRECTION('',(1.,0.,0.));
#7002 = ORIENTED_EDGE('',*,*,#6810,.F.);
#7003 = ORIENTED_EDGE('',*,*,#6843,.F.);
#7004 = ORIENTED_EDGE('',*,*,#6858,.F.);
#7005 = ORIENTED_EDGE('',*,*,#6891,.F.);
#7006 = ORIENTED_EDGE('',*,*,#6909,.F.);
#7007 = ORIENTED_EDGE('',*,*,#6256,.T.);
#7008 = ORIENTED_EDGE('',*,*,#7009,.T.);
#7009 = EDGE_CURVE('',#6259,#6996,#7010,.T.);
#7010 = LINE('',#7011,#7012);
#7011 = CARTESIAN_POINT('',(0.965,-0.625,-6.938893903907E-18));
#7012 = VECTOR('',#7013,1.);
#7013 = DIRECTION('',(0.,1.,0.));
#7014 = PLANE('',#7015);
#7015 = AXIS2_PLACEMENT_3D('',#7016,#7017,#7018);
#7016 = CARTESIAN_POINT('',(0.65,-0.625,0.));
#7017 = DIRECTION('',(0.,0.,1.));
#7018 = DIRECTION('',(1.,0.,-0.));
#7019 = ADVANCED_FACE('',(#7020),#7039,.T.);
#7020 = FACE_BOUND('',#7021,.T.);
#7021 = EDGE_LOOP('',(#7022,#7023,#7024,#7033));
#7022 = ORIENTED_EDGE('',*,*,#6308,.T.);
#7023 = ORIENTED_EDGE('',*,*,#7009,.T.);
#7024 = ORIENTED_EDGE('',*,*,#7025,.F.);
#7025 = EDGE_CURVE('',#7026,#6996,#7028,.T.);
#7026 = VERTEX_POINT('',#7027);
#7027 = CARTESIAN_POINT('',(1.,0.625,3.5E-02));
#7028 = CIRCLE('',#7029,3.5E-02);
#7029 = AXIS2_PLACEMENT_3D('',#7030,#7031,#7032);
#7030 = CARTESIAN_POINT('',(0.965,0.625,3.5E-02));
#7031 = DIRECTION('',(0.,1.,0.));
#7032 = DIRECTION('',(0.,-0.,1.));
#7033 = ORIENTED_EDGE('',*,*,#7034,.F.);
#7034 = EDGE_CURVE('',#6301,#7026,#7035,.T.);
#7035 = LINE('',#7036,#7037);
#7036 = CARTESIAN_POINT('',(1.,-0.625,3.5E-02));
#7037 = VECTOR('',#7038,1.);
#7038 = DIRECTION('',(0.,1.,0.));
#7039 = CYLINDRICAL_SURFACE('',#7040,3.5E-02);
#7040 = AXIS2_PLACEMENT_3D('',#7041,#7042,#7043);
#7041 = CARTESIAN_POINT('',(0.965,-0.625,3.5E-02));
#7042 = DIRECTION('',(0.,1.,0.));
#7043 = DIRECTION('',(1.,0.,0.));
#7044 = ADVANCED_FACE('',(#7045),#7063,.T.);
#7045 = FACE_BOUND('',#7046,.T.);
#7046 = EDGE_LOOP('',(#7047,#7048,#7049,#7057));
#7047 = ORIENTED_EDGE('',*,*,#6300,.F.);
#7048 = ORIENTED_EDGE('',*,*,#7034,.T.);
#7049 = ORIENTED_EDGE('',*,*,#7050,.T.);
#7050 = EDGE_CURVE('',#7026,#7051,#7053,.T.);
#7051 = VERTEX_POINT('',#7052);
#7052 = CARTESIAN_POINT('',(1.,0.625,0.465));
#7053 = LINE('',#7054,#7055);
#7054 = CARTESIAN_POINT('',(1.,0.625,0.));
#7055 = VECTOR('',#7056,1.);
#7056 = DIRECTION('',(0.,0.,1.));
#7057 = ORIENTED_EDGE('',*,*,#7058,.F.);
#7058 = EDGE_CURVE('',#6292,#7051,#7059,.T.);
#7059 = LINE('',#7060,#7061);
#7060 = CARTESIAN_POINT('',(1.,-0.625,0.465));
#7061 = VECTOR('',#7062,1.);
#7062 = DIRECTION('',(0.,1.,0.));
#7063 = PLANE('',#7064);
#7064 = AXIS2_PLACEMENT_3D('',#7065,#7066,#7067);
#7065 = CARTESIAN_POINT('',(1.,-0.625,0.));
#7066 = DIRECTION('',(1.,0.,0.));
#7067 = DIRECTION('',(0.,0.,1.));
#7068 = ADVANCED_FACE('',(#7069),#7088,.T.);
#7069 = FACE_BOUND('',#7070,.T.);
#7070 = EDGE_LOOP('',(#7071,#7072,#7081,#7087));
#7071 = ORIENTED_EDGE('',*,*,#7058,.T.);
#7072 = ORIENTED_EDGE('',*,*,#7073,.T.);
#7073 = EDGE_CURVE('',#7051,#7074,#7076,.T.);
#7074 = VERTEX_POINT('',#7075);
#7075 = CARTESIAN_POINT('',(0.965,0.625,0.5));
#7076 = CIRCLE('',#7077,3.5E-02);
#7077 = AXIS2_PLACEMENT_3D('',#7078,#7079,#7080);
#7078 = CARTESIAN_POINT('',(0.965,0.625,0.465));
#7079 = DIRECTION('',(0.,-1.,0.));
#7080 = DIRECTION('',(0.,0.,1.));
#7081 = ORIENTED_EDGE('',*,*,#7082,.F.);
#7082 = EDGE_CURVE('',#6284,#7074,#7083,.T.);
#7083 = LINE('',#7084,#7085);
#7084 = CARTESIAN_POINT('',(0.965,-0.625,0.5));
#7085 = VECTOR('',#7086,1.);
#7086 = DIRECTION('',(0.,1.,0.));
#7087 = ORIENTED_EDGE('',*,*,#6291,.F.);
#7088 = CYLINDRICAL_SURFACE('',#7089,3.5E-02);
#7089 = AXIS2_PLACEMENT_3D('',#7090,#7091,#7092);
#7090 = CARTESIAN_POINT('',(0.965,-0.625,0.465));
#7091 = DIRECTION('',(0.,1.,0.));
#7092 = DIRECTION('',(1.,0.,0.));
#7093 = ADVANCED_FACE('',(#7094),#7135,.T.);
#7094 = FACE_BOUND('',#7095,.T.);
#7095 = EDGE_LOOP('',(#7096,#7104,#7112,#7118,#7119,#7127,#7133,#7134));
#7096 = ORIENTED_EDGE('',*,*,#7097,.F.);
#7097 = EDGE_CURVE('',#7098,#7074,#7100,.T.);
#7098 = VERTEX_POINT('',#7099);
#7099 = CARTESIAN_POINT('',(0.9125,0.625,0.5));
#7100 = LINE('',#7101,#7102);
#7101 = CARTESIAN_POINT('',(0.65,0.625,0.5));
#7102 = VECTOR('',#7103,1.);
#7103 = DIRECTION('',(1.,0.,0.));
#7104 = ORIENTED_EDGE('',*,*,#7105,.F.);
#7105 = EDGE_CURVE('',#7106,#7098,#7108,.T.);
#7106 = VERTEX_POINT('',#7107);
#7107 = CARTESIAN_POINT('',(0.9125,0.46875,0.5));
#7108 = LINE('',#7109,#7110);
#7109 = CARTESIAN_POINT('',(0.9125,-7.8125E-02,0.5));
#7110 = VECTOR('',#7111,1.);
#7111 = DIRECTION('',(0.,1.,0.));
#7112 = ORIENTED_EDGE('',*,*,#7113,.F.);
#7113 = EDGE_CURVE('',#6389,#7106,#7114,.T.);
#7114 = LINE('',#7115,#7116);
#7115 = CARTESIAN_POINT('',(-0.13125,0.46875,0.5));
#7116 = VECTOR('',#7117,1.);
#7117 = DIRECTION('',(1.,0.,0.));
#7118 = ORIENTED_EDGE('',*,*,#6388,.F.);
#7119 = ORIENTED_EDGE('',*,*,#7120,.F.);
#7120 = EDGE_CURVE('',#7121,#6380,#7123,.T.);
#7121 = VERTEX_POINT('',#7122);
#7122 = CARTESIAN_POINT('',(0.9125,-0.46875,0.5));
#7123 = LINE('',#7124,#7125);
#7124 = CARTESIAN_POINT('',(0.78125,-0.46875,0.5));
#7125 = VECTOR('',#7126,1.);
#7126 = DIRECTION('',(-1.,0.,0.));
#7127 = ORIENTED_EDGE('',*,*,#7128,.F.);
#7128 = EDGE_CURVE('',#6276,#7121,#7129,.T.);
#7129 = LINE('',#7130,#7131);
#7130 = CARTESIAN_POINT('',(0.9125,-0.703125,0.5));
#7131 = VECTOR('',#7132,1.);
#7132 = DIRECTION('',(0.,1.,0.));
#7133 = ORIENTED_EDGE('',*,*,#6283,.T.);
#7134 = ORIENTED_EDGE('',*,*,#7082,.T.);
#7135 = PLANE('',#7136);
#7136 = AXIS2_PLACEMENT_3D('',#7137,#7138,#7139);
#7137 = CARTESIAN_POINT('',(0.65,-0.625,0.5));
#7138 = DIRECTION('',(0.,0.,1.));
#7139 = DIRECTION('',(1.,0.,-0.));
#7140 = ADVANCED_FACE('',(#7141),#7152,.F.);
#7141 = FACE_BOUND('',#7142,.F.);
#7142 = EDGE_LOOP('',(#7143,#7149,#7150,#7151));
#7143 = ORIENTED_EDGE('',*,*,#7144,.F.);
#7144 = EDGE_CURVE('',#7121,#6324,#7145,.T.);
#7145 = LINE('',#7146,#7147);
#7146 = CARTESIAN_POINT('',(0.9125,-0.46875,0.75));
#7147 = VECTOR('',#7148,1.);
#7148 = DIRECTION('',(-0.,-0.,-1.));
#7149 = ORIENTED_EDGE('',*,*,#7128,.F.);
#7150 = ORIENTED_EDGE('',*,*,#6275,.T.);
#7151 = ORIENTED_EDGE('',*,*,#6333,.F.);
#7152 = PLANE('',#7153);
#7153 = AXIS2_PLACEMENT_3D('',#7154,#7155,#7156);
#7154 = CARTESIAN_POINT('',(0.9125,-0.78125,0.75));
#7155 = DIRECTION('',(1.,0.,0.));
#7156 = DIRECTION('',(-0.,1.,0.));
#7157 = ADVANCED_FACE('',(#7158),#7164,.F.);
#7158 = FACE_BOUND('',#7159,.F.);
#7159 = EDGE_LOOP('',(#7160,#7161,#7162,#7163));
#7160 = ORIENTED_EDGE('',*,*,#7120,.F.);
#7161 = ORIENTED_EDGE('',*,*,#7144,.T.);
#7162 = ORIENTED_EDGE('',*,*,#6323,.F.);
#7163 = ORIENTED_EDGE('',*,*,#6379,.T.);
#7164 = PLANE('',#7165);
#7165 = AXIS2_PLACEMENT_3D('',#7166,#7167,#7168);
#7166 = CARTESIAN_POINT('',(0.9125,-0.46875,0.75));
#7167 = DIRECTION('',(0.,1.,0.));
#7168 = DIRECTION('',(-1.,0.,0.));
#7169 = ADVANCED_FACE('',(#7170),#7186,.F.);
#7170 = FACE_BOUND('',#7171,.F.);
#7171 = EDGE_LOOP('',(#7172,#7173,#7179,#7180));
#7172 = ORIENTED_EDGE('',*,*,#7105,.F.);
#7173 = ORIENTED_EDGE('',*,*,#7174,.T.);
#7174 = EDGE_CURVE('',#7106,#6357,#7175,.T.);
#7175 = LINE('',#7176,#7177);
#7176 = CARTESIAN_POINT('',(0.9125,0.46875,0.75));
#7177 = VECTOR('',#7178,1.);
#7178 = DIRECTION('',(-0.,-0.,-1.));
#7179 = ORIENTED_EDGE('',*,*,#6364,.F.);
#7180 = ORIENTED_EDGE('',*,*,#7181,.F.);
#7181 = EDGE_CURVE('',#7098,#6348,#7182,.T.);
#7182 = LINE('',#7183,#7184);
#7183 = CARTESIAN_POINT('',(0.9125,0.625,0.375));
#7184 = VECTOR('',#7185,1.);
#7185 = DIRECTION('',(0.,0.,-1.));
#7186 = PLANE('',#7187);
#7187 = AXIS2_PLACEMENT_3D('',#7188,#7189,#7190);
#7188 = CARTESIAN_POINT('',(0.9125,0.46875,0.75));
#7189 = DIRECTION('',(1.,0.,0.));
#7190 = DIRECTION('',(-0.,1.,0.));
#7191 = ADVANCED_FACE('',(#7192),#7198,.F.);
#7192 = FACE_BOUND('',#7193,.F.);
#7193 = EDGE_LOOP('',(#7194,#7195,#7196,#7197));
#7194 = ORIENTED_EDGE('',*,*,#7174,.F.);
#7195 = ORIENTED_EDGE('',*,*,#7113,.F.);
#7196 = ORIENTED_EDGE('',*,*,#6396,.F.);
#7197 = ORIENTED_EDGE('',*,*,#6356,.F.);
#7198 = PLANE('',#7199);
#7199 = AXIS2_PLACEMENT_3D('',#7200,#7201,#7202);
#7200 = CARTESIAN_POINT('',(-0.9125,0.46875,0.75));
#7201 = DIRECTION('',(0.,-1.,0.));
#7202 = DIRECTION('',(1.,0.,0.));
#7203 = ADVANCED_FACE('',(#7204),#7216,.T.);
#7204 = FACE_BOUND('',#7205,.T.);
#7205 = EDGE_LOOP('',(#7206,#7207,#7208,#7209,#7210,#7211,#7212,#7213,
    #7214,#7215));
#7206 = ORIENTED_EDGE('',*,*,#6584,.F.);
#7207 = ORIENTED_EDGE('',*,*,#6655,.F.);
#7208 = ORIENTED_EDGE('',*,*,#6691,.T.);
#7209 = ORIENTED_EDGE('',*,*,#6715,.T.);
#7210 = ORIENTED_EDGE('',*,*,#6539,.T.);
#7211 = ORIENTED_EDGE('',*,*,#6500,.F.);
#7212 = ORIENTED_EDGE('',*,*,#6427,.F.);
#7213 = ORIENTED_EDGE('',*,*,#6419,.F.);
#7214 = ORIENTED_EDGE('',*,*,#6411,.T.);
#7215 = ORIENTED_EDGE('',*,*,#6786,.F.);
#7216 = PLANE('',#7217);
#7217 = AXIS2_PLACEMENT_3D('',#7218,#7219,#7220);
#7218 = CARTESIAN_POINT('',(-1.,0.625,0.));
#7219 = DIRECTION('',(0.,1.,0.));
#7220 = DIRECTION('',(0.,-0.,1.));
#7221 = ADVANCED_FACE('',(#7222),#7234,.T.);
#7222 = FACE_BOUND('',#7223,.T.);
#7223 = EDGE_LOOP('',(#7224,#7225,#7226,#7227,#7228,#7229,#7230,#7231,
    #7232,#7233));
#7224 = ORIENTED_EDGE('',*,*,#6995,.F.);
#7225 = ORIENTED_EDGE('',*,*,#6818,.F.);
#7226 = ORIENTED_EDGE('',*,*,#6452,.T.);
#7227 = ORIENTED_EDGE('',*,*,#6444,.T.);
#7228 = ORIENTED_EDGE('',*,*,#6436,.F.);
#7229 = ORIENTED_EDGE('',*,*,#7181,.F.);
#7230 = ORIENTED_EDGE('',*,*,#7097,.T.);
#7231 = ORIENTED_EDGE('',*,*,#7073,.F.);
#7232 = ORIENTED_EDGE('',*,*,#7050,.F.);
#7233 = ORIENTED_EDGE('',*,*,#7025,.T.);
#7234 = PLANE('',#7235);
#7235 = AXIS2_PLACEMENT_3D('',#7236,#7237,#7238);
#7236 = CARTESIAN_POINT('',(0.65,0.625,0.));
#7237 = DIRECTION('',(0.,1.,0.));
#7238 = DIRECTION('',(0.,-0.,1.));
#7239 = ADVANCED_FACE('',(#7240),#7245,.T.);
#7240 = FACE_BOUND('',#7241,.T.);
#7241 = EDGE_LOOP('',(#7242,#7243,#7244));
#7242 = ORIENTED_EDGE('',*,*,#6964,.T.);
#7243 = ORIENTED_EDGE('',*,*,#6940,.T.);
#7244 = ORIENTED_EDGE('',*,*,#6981,.T.);
#7245 = PLANE('',#7246);
#7246 = AXIS2_PLACEMENT_3D('',#7247,#7248,#7249);
#7247 = CARTESIAN_POINT('',(0.144337567297,9.251858538543E-18,1.75E-02)
  );
#7248 = DIRECTION('',(-0.,-0.,-1.));
#7249 = DIRECTION('',(-1.,0.,0.));
#7250 = ( GEOMETRIC_REPRESENTATION_CONTEXT(3) 
GLOBAL_UNCERTAINTY_ASSIGNED_CONTEXT((#7254)) 
GLOBAL_UNIT_ASSIGNED_CONTEXT((#7251,#7252,#7253)) REPRESENTATION_CONTEXT
('Context #1','3D Context with UNIT and UNCERTAINTY') );
#7251 = ( LENGTH_UNIT() NAMED_UNIT(*) SI_UNIT(.MILLI.,.METRE.) );
#7252 = ( NAMED_UNIT(*) PLANE_ANGLE_UNIT() SI_UNIT($,.RADIAN.) );
#7253 = ( NAMED_UNIT(*) SI_UNIT($,.STERADIAN.) SOLID_ANGLE_UNIT() );
#7254 = UNCERTAINTY_MEASURE_WITH_UNIT(LENGTH_MEASURE(1.E-07),#7251,
  'distance_accuracy_value','confusion accuracy');
#7255 = CONTEXT_DEPENDENT_SHAPE_REPRESENTATION(#7256,#7258);
#7256 = ( REPRESENTATION_RELATIONSHIP('','',#5726,#5703) 
REPRESENTATION_RELATIONSHIP_WITH_TRANSFORMATION(#7257) 
SHAPE_REPRESENTATION_RELATIONSHIP() );
#7257 = ITEM_DEFINED_TRANSFORMATION('','',#11,#5704);
#7258 = PRODUCT_DEFINITION_SHAPE('Placement','Placement of an item',
  #7259);
#7259 = NEXT_ASSEMBLY_USAGE_OCCURRENCE('18','=>[0:1:1:13]','',#5698,
  #5721,$);
#7260 = PRODUCT_RELATED_PRODUCT_CATEGORY('part',$,(#5723));
#7261 = CONTEXT_DEPENDENT_SHAPE_REPRESENTATION(#7262,#7264);
#7262 = ( REPRESENTATION_RELATIONSHIP('','',#124,#10) 
REPRESENTATION_RELATIONSHIP_WITH_TRANSFORMATION(#7263) 
SHAPE_REPRESENTATION_RELATIONSHIP() );
#7263 = ITEM_DEFINED_TRANSFORMATION('','',#11,#67);
#7264 = PRODUCT_DEFINITION_SHAPE('Placement','Placement of an item',
  #7265);
#7265 = NEXT_ASSEMBLY_USAGE_OCCURRENCE('20','C5','',#5,#119,$);
#7266 = CONTEXT_DEPENDENT_SHAPE_REPRESENTATION(#7267,#7269);
#7267 = ( REPRESENTATION_RELATIONSHIP('','',#124,#10) 
REPRESENTATION_RELATIONSHIP_WITH_TRANSFORMATION(#7268) 
SHAPE_REPRESENTATION_RELATIONSHIP() );
#7268 = ITEM_DEFINED_TRANSFORMATION('','',#11,#71);
#7269 = PRODUCT_DEFINITION_SHAPE('Placement','Placement of an item',
  #7270);
#7270 = NEXT_ASSEMBLY_USAGE_OCCURRENCE('21','C9','',#5,#119,$);
#7271 = CONTEXT_DEPENDENT_SHAPE_REPRESENTATION(#7272,#7274);
#7272 = ( REPRESENTATION_RELATIONSHIP('','',#124,#10) 
REPRESENTATION_RELATIONSHIP_WITH_TRANSFORMATION(#7273) 
SHAPE_REPRESENTATION_RELATIONSHIP() );
#7273 = ITEM_DEFINED_TRANSFORMATION('','',#11,#75);
#7274 = PRODUCT_DEFINITION_SHAPE('Placement','Placement of an item',
  #7275);
#7275 = NEXT_ASSEMBLY_USAGE_OCCURRENCE('22','C10','',#5,#119,$);
#7276 = CONTEXT_DEPENDENT_SHAPE_REPRESENTATION(#7277,#7279);
#7277 = ( REPRESENTATION_RELATIONSHIP('','',#3945,#10) 
REPRESENTATION_RELATIONSHIP_WITH_TRANSFORMATION(#7278) 
SHAPE_REPRESENTATION_RELATIONSHIP() );
#7278 = ITEM_DEFINED_TRANSFORMATION('','',#11,#79);
#7279 = PRODUCT_DEFINITION_SHAPE('Placement','Placement of an item',
  #7280);
#7280 = NEXT_ASSEMBLY_USAGE_OCCURRENCE('23','R1','',#5,#3940,$);
#7281 = CONTEXT_DEPENDENT_SHAPE_REPRESENTATION(#7282,#7284);
#7282 = ( REPRESENTATION_RELATIONSHIP('','',#3945,#10) 
REPRESENTATION_RELATIONSHIP_WITH_TRANSFORMATION(#7283) 
SHAPE_REPRESENTATION_RELATIONSHIP() );
#7283 = ITEM_DEFINED_TRANSFORMATION('','',#11,#83);
#7284 = PRODUCT_DEFINITION_SHAPE('Placement','Placement of an item',
  #7285);
#7285 = NEXT_ASSEMBLY_USAGE_OCCURRENCE('24','R4','',#5,#3940,$);
#7286 = SHAPE_DEFINITION_REPRESENTATION(#7287,#7293);
#7287 = PRODUCT_DEFINITION_SHAPE('','',#7288);
#7288 = PRODUCT_DEFINITION('design','',#7289,#7292);
#7289 = PRODUCT_DEFINITION_FORMATION('','',#7290);
#7290 = PRODUCT('D_SOD-123','D_SOD-123','',(#7291));
#7291 = PRODUCT_CONTEXT('',#2,'mechanical');
#7292 = PRODUCT_DEFINITION_CONTEXT('part definition',#2,'design');
#7293 = SHAPE_REPRESENTATION('',(#11,#7294),#7298);
#7294 = AXIS2_PLACEMENT_3D('',#7295,#7296,#7297);
#7295 = CARTESIAN_POINT('',(0.,0.,0.));
#7296 = DIRECTION('',(0.,0.,1.));
#7297 = DIRECTION('',(1.,0.,-0.));
#7298 = ( GEOMETRIC_REPRESENTATION_CONTEXT(3) 
GLOBAL_UNCERTAINTY_ASSIGNED_CONTEXT((#7302)) 
GLOBAL_UNIT_ASSIGNED_CONTEXT((#7299,#7300,#7301)) REPRESENTATION_CONTEXT
('Context #1','3D Context with UNIT and UNCERTAINTY') );
#7299 = ( LENGTH_UNIT() NAMED_UNIT(*) SI_UNIT(.MILLI.,.METRE.) );
#7300 = ( NAMED_UNIT(*) PLANE_ANGLE_UNIT() SI_UNIT($,.RADIAN.) );
#7301 = ( NAMED_UNIT(*) SI_UNIT($,.STERADIAN.) SOLID_ANGLE_UNIT() );
#7302 = UNCERTAINTY_MEASURE_WITH_UNIT(LENGTH_MEASURE(1.E-07),#7299,
  'distance_accuracy_value','confusion accuracy');
#7303 = CONTEXT_DEPENDENT_SHAPE_REPRESENTATION(#7304,#7306);
#7304 = ( REPRESENTATION_RELATIONSHIP('','',#7293,#10) 
REPRESENTATION_RELATIONSHIP_WITH_TRANSFORMATION(#7305) 
SHAPE_REPRESENTATION_RELATIONSHIP() );
#7305 = ITEM_DEFINED_TRANSFORMATION('','',#11,#87);
#7306 = PRODUCT_DEFINITION_SHAPE('Placement','Placement of an item',
  #7307);
#7307 = NEXT_ASSEMBLY_USAGE_OCCURRENCE('26','D2','',#5,#7288,$);
#7308 = PRODUCT_RELATED_PRODUCT_CATEGORY('part',$,(#7290));
#7309 = SHAPE_DEFINITION_REPRESENTATION(#7310,#7316);
#7310 = PRODUCT_DEFINITION_SHAPE('','',#7311);
#7311 = PRODUCT_DEFINITION('design','',#7312,#7315);
#7312 = PRODUCT_DEFINITION_FORMATION('','',#7313);
#7313 = PRODUCT('D_SOD-123','D_SOD-123','',(#7314));
#7314 = PRODUCT_CONTEXT('',#2,'mechanical');
#7315 = PRODUCT_DEFINITION_CONTEXT('part definition',#2,'design');
#7316 = ADVANCED_BREP_SHAPE_REPRESENTATION('',(#11,#7317),#9005);
#7317 = MANIFOLD_SOLID_BREP('',#7318);
#7318 = CLOSED_SHELL('',(#7319,#7373,#7436,#7459,#7489,#7522,#7552,#7575
    ,#7598,#7621,#7644,#7667,#7700,#7723,#7746,#7834,#7909,#7933,#8001,
    #8089,#8105,#8121,#8137,#8153,#8170,#8203,#8220,#8242,#8273,#8296,
    #8319,#8342,#8372,#8389,#8406,#8423,#8440,#8457,#8474,#8491,#8503,
    #8526,#8549,#8566,#8641,#8665,#8733,#8750,#8800,#8817,#8834,#8851,
    #8868,#8885,#8897,#8928,#8952,#8976,#8993));
#7319 = ADVANCED_FACE('',(#7320),#7368,.F.);
#7320 = FACE_BOUND('',#7321,.F.);
#7321 = EDGE_LOOP('',(#7322,#7332,#7339,#7347,#7355,#7363));
#7322 = ORIENTED_EDGE('',*,*,#7323,.T.);
#7323 = EDGE_CURVE('',#7324,#7326,#7328,.T.);
#7324 = VERTEX_POINT('',#7325);
#7325 = CARTESIAN_POINT('',(-1.308243103516,-0.671621551758,0.1));
#7326 = VERTEX_POINT('',#7327);
#7327 = CARTESIAN_POINT('',(-1.308243103516,0.671621551758,0.1));
#7328 = LINE('',#7329,#7330);
#7329 = CARTESIAN_POINT('',(-1.308243103516,-0.671621551758,0.1));
#7330 = VECTOR('',#7331,1.);
#7331 = DIRECTION('',(0.,1.,0.));
#7332 = ORIENTED_EDGE('',*,*,#7333,.T.);
#7333 = EDGE_CURVE('',#7326,#7334,#7336,.T.);
#7334 = VERTEX_POINT('',#7335);
#7335 = CARTESIAN_POINT('',(-1.375,0.705,0.575));
#7336 = B_SPLINE_CURVE_WITH_KNOTS('',1,(#7337,#7338),.UNSPECIFIED.,.F.,
  .F.,(2,2),(0.,1.),.PIECEWISE_BEZIER_KNOTS.);
#7337 = CARTESIAN_POINT('',(-1.308243103516,0.671621551758,0.1));
#7338 = CARTESIAN_POINT('',(-1.375,0.705,0.575));
#7339 = ORIENTED_EDGE('',*,*,#7340,.F.);
#7340 = EDGE_CURVE('',#7341,#7334,#7343,.T.);
#7341 = VERTEX_POINT('',#7342);
#7342 = CARTESIAN_POINT('',(-1.375,0.325,0.575));
#7343 = LINE('',#7344,#7345);
#7344 = CARTESIAN_POINT('',(-1.375,-0.705,0.575));
#7345 = VECTOR('',#7346,1.);
#7346 = DIRECTION('',(0.,1.,0.));
#7347 = ORIENTED_EDGE('',*,*,#7348,.F.);
#7348 = EDGE_CURVE('',#7349,#7341,#7351,.T.);
#7349 = VERTEX_POINT('',#7350);
#7350 = CARTESIAN_POINT('',(-1.375,-0.325,0.575));
#7351 = LINE('',#7352,#7353);
#7352 = CARTESIAN_POINT('',(-1.375,-0.325,0.575));
#7353 = VECTOR('',#7354,1.);
#7354 = DIRECTION('',(1.110223024625E-16,1.,0.));
#7355 = ORIENTED_EDGE('',*,*,#7356,.F.);
#7356 = EDGE_CURVE('',#7357,#7349,#7359,.T.);
#7357 = VERTEX_POINT('',#7358);
#7358 = CARTESIAN_POINT('',(-1.375,-0.705,0.575));
#7359 = LINE('',#7360,#7361);
#7360 = CARTESIAN_POINT('',(-1.375,-0.705,0.575));
#7361 = VECTOR('',#7362,1.);
#7362 = DIRECTION('',(0.,1.,0.));
#7363 = ORIENTED_EDGE('',*,*,#7364,.F.);
#7364 = EDGE_CURVE('',#7324,#7357,#7365,.T.);
#7365 = B_SPLINE_CURVE_WITH_KNOTS('',1,(#7366,#7367),.UNSPECIFIED.,.F.,
  .F.,(2,2),(0.,1.),.PIECEWISE_BEZIER_KNOTS.);
#7366 = CARTESIAN_POINT('',(-1.308243103516,-0.671621551758,0.1));
#7367 = CARTESIAN_POINT('',(-1.375,-0.705,0.575));
#7368 = B_SPLINE_SURFACE_WITH_KNOTS('',1,1,(
    (#7369,#7370)
    ,(#7371,#7372
    )),.UNSPECIFIED.,.F.,.F.,.F.,(2,2),(2,2),(0.,1.41),(0.,1.),
  .PIECEWISE_BEZIER_KNOTS.);
#7369 = CARTESIAN_POINT('',(-1.308243103516,-0.671621551758,0.1));
#7370 = CARTESIAN_POINT('',(-1.375,-0.705,0.575));
#7371 = CARTESIAN_POINT('',(-1.308243103516,0.671621551758,0.1));
#7372 = CARTESIAN_POINT('',(-1.375,0.705,0.575));
#7373 = ADVANCED_FACE('',(#7374),#7431,.F.);
#7374 = FACE_BOUND('',#7375,.T.);
#7375 = EDGE_LOOP('',(#7376,#7377,#7385,#7393,#7401,#7409,#7417,#7425));
#7376 = ORIENTED_EDGE('',*,*,#7323,.T.);
#7377 = ORIENTED_EDGE('',*,*,#7378,.T.);
#7378 = EDGE_CURVE('',#7326,#7379,#7381,.T.);
#7379 = VERTEX_POINT('',#7380);
#7380 = CARTESIAN_POINT('',(-1.246621551758,0.733243103516,0.1));
#7381 = LINE('',#7382,#7383);
#7382 = CARTESIAN_POINT('',(-1.308243103516,0.671621551758,0.1));
#7383 = VECTOR('',#7384,1.);
#7384 = DIRECTION('',(0.707106781187,0.707106781187,0.));
#7385 = ORIENTED_EDGE('',*,*,#7386,.T.);
#7386 = EDGE_CURVE('',#7379,#7387,#7389,.T.);
#7387 = VERTEX_POINT('',#7388);
#7388 = CARTESIAN_POINT('',(1.246621551758,0.733243103516,0.1));
#7389 = LINE('',#7390,#7391);
#7390 = CARTESIAN_POINT('',(-1.246621551758,0.733243103516,0.1));
#7391 = VECTOR('',#7392,1.);
#7392 = DIRECTION('',(1.,0.,0.));
#7393 = ORIENTED_EDGE('',*,*,#7394,.T.);
#7394 = EDGE_CURVE('',#7387,#7395,#7397,.T.);
#7395 = VERTEX_POINT('',#7396);
#7396 = CARTESIAN_POINT('',(1.308243103516,0.671621551758,0.1));
#7397 = LINE('',#7398,#7399);
#7398 = CARTESIAN_POINT('',(1.246621551758,0.733243103516,0.1));
#7399 = VECTOR('',#7400,1.);
#7400 = DIRECTION('',(0.707106781187,-0.707106781187,0.));
#7401 = ORIENTED_EDGE('',*,*,#7402,.T.);
#7402 = EDGE_CURVE('',#7395,#7403,#7405,.T.);
#7403 = VERTEX_POINT('',#7404);
#7404 = CARTESIAN_POINT('',(1.308243103516,-0.671621551758,0.1));
#7405 = LINE('',#7406,#7407);
#7406 = CARTESIAN_POINT('',(1.308243103516,0.671621551758,0.1));
#7407 = VECTOR('',#7408,1.);
#7408 = DIRECTION('',(0.,-1.,0.));
#7409 = ORIENTED_EDGE('',*,*,#7410,.T.);
#7410 = EDGE_CURVE('',#7403,#7411,#7413,.T.);
#7411 = VERTEX_POINT('',#7412);
#7412 = CARTESIAN_POINT('',(1.246621551758,-0.733243103516,0.1));
#7413 = LINE('',#7414,#7415);
#7414 = CARTESIAN_POINT('',(1.308243103516,-0.671621551758,0.1));
#7415 = VECTOR('',#7416,1.);
#7416 = DIRECTION('',(-0.707106781187,-0.707106781187,0.));
#7417 = ORIENTED_EDGE('',*,*,#7418,.T.);
#7418 = EDGE_CURVE('',#7411,#7419,#7421,.T.);
#7419 = VERTEX_POINT('',#7420);
#7420 = CARTESIAN_POINT('',(-1.246621551758,-0.733243103516,0.1));
#7421 = LINE('',#7422,#7423);
#7422 = CARTESIAN_POINT('',(1.246621551758,-0.733243103516,0.1));
#7423 = VECTOR('',#7424,1.);
#7424 = DIRECTION('',(-1.,0.,0.));
#7425 = ORIENTED_EDGE('',*,*,#7426,.T.);
#7426 = EDGE_CURVE('',#7419,#7324,#7427,.T.);
#7427 = LINE('',#7428,#7429);
#7428 = CARTESIAN_POINT('',(-1.246621551758,-0.733243103516,0.1));
#7429 = VECTOR('',#7430,1.);
#7430 = DIRECTION('',(-0.707106781187,0.707106781187,0.));
#7431 = PLANE('',#7432);
#7432 = AXIS2_PLACEMENT_3D('',#7433,#7434,#7435);
#7433 = CARTESIAN_POINT('',(-1.308243103516,-0.671621551758,0.1));
#7434 = DIRECTION('',(0.,0.,1.));
#7435 = DIRECTION('',(0.889616464678,0.456708381546,-0.));
#7436 = ADVANCED_FACE('',(#7437),#7454,.F.);
#7437 = FACE_BOUND('',#7438,.F.);
#7438 = EDGE_LOOP('',(#7439,#7440,#7447,#7453));
#7439 = ORIENTED_EDGE('',*,*,#7378,.T.);
#7440 = ORIENTED_EDGE('',*,*,#7441,.T.);
#7441 = EDGE_CURVE('',#7379,#7442,#7444,.T.);
#7442 = VERTEX_POINT('',#7443);
#7443 = CARTESIAN_POINT('',(-1.28,0.8,0.575));
#7444 = B_SPLINE_CURVE_WITH_KNOTS('',1,(#7445,#7446),.UNSPECIFIED.,.F.,
  .F.,(2,2),(0.,1.),.PIECEWISE_BEZIER_KNOTS.);
#7445 = CARTESIAN_POINT('',(-1.246621551758,0.733243103516,0.1));
#7446 = CARTESIAN_POINT('',(-1.28,0.8,0.575));
#7447 = ORIENTED_EDGE('',*,*,#7448,.F.);
#7448 = EDGE_CURVE('',#7334,#7442,#7449,.T.);
#7449 = LINE('',#7450,#7451);
#7450 = CARTESIAN_POINT('',(-1.375,0.705,0.575));
#7451 = VECTOR('',#7452,1.);
#7452 = DIRECTION('',(0.707106781187,0.707106781187,0.));
#7453 = ORIENTED_EDGE('',*,*,#7333,.F.);
#7454 = B_SPLINE_SURFACE_WITH_KNOTS('',1,1,(
    (#7455,#7456)
    ,(#7457,#7458
    )),.UNSPECIFIED.,.F.,.F.,.F.,(2,2),(2,2),(0.,0.134350288425),(0.,1.)
  ,.PIECEWISE_BEZIER_KNOTS.);
#7455 = CARTESIAN_POINT('',(-1.308243103516,0.671621551758,0.1));
#7456 = CARTESIAN_POINT('',(-1.375,0.705,0.575));
#7457 = CARTESIAN_POINT('',(-1.246621551758,0.733243103516,0.1));
#7458 = CARTESIAN_POINT('',(-1.28,0.8,0.575));
#7459 = ADVANCED_FACE('',(#7460),#7484,.F.);
#7460 = FACE_BOUND('',#7461,.F.);
#7461 = EDGE_LOOP('',(#7462,#7469,#7470,#7478));
#7462 = ORIENTED_EDGE('',*,*,#7463,.F.);
#7463 = EDGE_CURVE('',#7357,#7464,#7466,.T.);
#7464 = VERTEX_POINT('',#7465);
#7465 = CARTESIAN_POINT('',(-1.375,-0.705,0.775));
#7466 = B_SPLINE_CURVE_WITH_KNOTS('',1,(#7467,#7468),.UNSPECIFIED.,.F.,
  .F.,(2,2),(0.,1.),.PIECEWISE_BEZIER_KNOTS.);
#7467 = CARTESIAN_POINT('',(-1.375,-0.705,0.575));
#7468 = CARTESIAN_POINT('',(-1.375,-0.705,0.775));
#7469 = ORIENTED_EDGE('',*,*,#7356,.T.);
#7470 = ORIENTED_EDGE('',*,*,#7471,.T.);
#7471 = EDGE_CURVE('',#7349,#7472,#7474,.T.);
#7472 = VERTEX_POINT('',#7473);
#7473 = CARTESIAN_POINT('',(-1.375,-0.325,0.775));
#7474 = LINE('',#7475,#7476);
#7475 = CARTESIAN_POINT('',(-1.375,-0.325,0.579830288983));
#7476 = VECTOR('',#7477,1.);
#7477 = DIRECTION('',(0.,0.,1.));
#7478 = ORIENTED_EDGE('',*,*,#7479,.F.);
#7479 = EDGE_CURVE('',#7464,#7472,#7480,.T.);
#7480 = LINE('',#7481,#7482);
#7481 = CARTESIAN_POINT('',(-1.375,-0.705,0.775));
#7482 = VECTOR('',#7483,1.);
#7483 = DIRECTION('',(0.,1.,0.));
#7484 = PLANE('',#7485);
#7485 = AXIS2_PLACEMENT_3D('',#7486,#7487,#7488);
#7486 = CARTESIAN_POINT('',(-1.375,-0.705,0.775));
#7487 = DIRECTION('',(1.,0.,0.));
#7488 = DIRECTION('',(-0.,1.,0.));
#7489 = ADVANCED_FACE('',(#7490),#7517,.F.);
#7490 = FACE_BOUND('',#7491,.F.);
#7491 = EDGE_LOOP('',(#7492,#7493,#7502,#7510));
#7492 = ORIENTED_EDGE('',*,*,#7348,.T.);
#7493 = ORIENTED_EDGE('',*,*,#7494,.T.);
#7494 = EDGE_CURVE('',#7341,#7495,#7497,.T.);
#7495 = VERTEX_POINT('',#7496);
#7496 = CARTESIAN_POINT('',(-1.493176930361,0.325,0.47583778132));
#7497 = CIRCLE('',#7498,0.12);
#7498 = AXIS2_PLACEMENT_3D('',#7499,#7500,#7501);
#7499 = CARTESIAN_POINT('',(-1.375,0.325,0.455));
#7500 = DIRECTION('',(-1.110223024625E-16,-1.,0.));
#7501 = DIRECTION('',(9.251858538543E-16,-1.027162637006E-31,1.));
#7502 = ORIENTED_EDGE('',*,*,#7503,.F.);
#7503 = EDGE_CURVE('',#7504,#7495,#7506,.T.);
#7504 = VERTEX_POINT('',#7505);
#7505 = CARTESIAN_POINT('',(-1.493176930361,-0.325,0.47583778132));
#7506 = LINE('',#7507,#7508);
#7507 = CARTESIAN_POINT('',(-1.493176930361,-0.325,0.47583778132));
#7508 = VECTOR('',#7509,1.);
#7509 = DIRECTION('',(1.110223024625E-16,1.,0.));
#7510 = ORIENTED_EDGE('',*,*,#7511,.F.);
#7511 = EDGE_CURVE('',#7349,#7504,#7512,.T.);
#7512 = CIRCLE('',#7513,0.12);
#7513 = AXIS2_PLACEMENT_3D('',#7514,#7515,#7516);
#7514 = CARTESIAN_POINT('',(-1.375,-0.325,0.455));
#7515 = DIRECTION('',(-1.110223024625E-16,-1.,0.));
#7516 = DIRECTION('',(9.251858538543E-16,-1.027162637006E-31,1.));
#7517 = CYLINDRICAL_SURFACE('',#7518,0.12);
#7518 = AXIS2_PLACEMENT_3D('',#7519,#7520,#7521);
#7519 = CARTESIAN_POINT('',(-1.375,-0.325,0.455));
#7520 = DIRECTION('',(-1.110223024625E-16,-1.,0.));
#7521 = DIRECTION('',(9.251858538543E-16,-1.027162637006E-31,1.));
#7522 = ADVANCED_FACE('',(#7523),#7547,.F.);
#7523 = FACE_BOUND('',#7524,.F.);
#7524 = EDGE_LOOP('',(#7525,#7533,#7534,#7541));
#7525 = ORIENTED_EDGE('',*,*,#7526,.F.);
#7526 = EDGE_CURVE('',#7341,#7527,#7529,.T.);
#7527 = VERTEX_POINT('',#7528);
#7528 = CARTESIAN_POINT('',(-1.375,0.325,0.775));
#7529 = LINE('',#7530,#7531);
#7530 = CARTESIAN_POINT('',(-1.375,0.325,0.579830288983));
#7531 = VECTOR('',#7532,1.);
#7532 = DIRECTION('',(0.,0.,1.));
#7533 = ORIENTED_EDGE('',*,*,#7340,.T.);
#7534 = ORIENTED_EDGE('',*,*,#7535,.T.);
#7535 = EDGE_CURVE('',#7334,#7536,#7538,.T.);
#7536 = VERTEX_POINT('',#7537);
#7537 = CARTESIAN_POINT('',(-1.375,0.705,0.775));
#7538 = B_SPLINE_CURVE_WITH_KNOTS('',1,(#7539,#7540),.UNSPECIFIED.,.F.,
  .F.,(2,2),(0.,1.),.PIECEWISE_BEZIER_KNOTS.);
#7539 = CARTESIAN_POINT('',(-1.375,0.705,0.575));
#7540 = CARTESIAN_POINT('',(-1.375,0.705,0.775));
#7541 = ORIENTED_EDGE('',*,*,#7542,.F.);
#7542 = EDGE_CURVE('',#7527,#7536,#7543,.T.);
#7543 = LINE('',#7544,#7545);
#7544 = CARTESIAN_POINT('',(-1.375,-0.705,0.775));
#7545 = VECTOR('',#7546,1.);
#7546 = DIRECTION('',(0.,1.,0.));
#7547 = PLANE('',#7548);
#7548 = AXIS2_PLACEMENT_3D('',#7549,#7550,#7551);
#7549 = CARTESIAN_POINT('',(-1.375,-0.705,0.775));
#7550 = DIRECTION('',(1.,0.,0.));
#7551 = DIRECTION('',(-0.,1.,0.));
#7552 = ADVANCED_FACE('',(#7553),#7570,.F.);
#7553 = FACE_BOUND('',#7554,.F.);
#7554 = EDGE_LOOP('',(#7555,#7556,#7557,#7565));
#7555 = ORIENTED_EDGE('',*,*,#7426,.T.);
#7556 = ORIENTED_EDGE('',*,*,#7364,.T.);
#7557 = ORIENTED_EDGE('',*,*,#7558,.F.);
#7558 = EDGE_CURVE('',#7559,#7357,#7561,.T.);
#7559 = VERTEX_POINT('',#7560);
#7560 = CARTESIAN_POINT('',(-1.28,-0.8,0.575));
#7561 = LINE('',#7562,#7563);
#7562 = CARTESIAN_POINT('',(-1.28,-0.8,0.575));
#7563 = VECTOR('',#7564,1.);
#7564 = DIRECTION('',(-0.707106781187,0.707106781187,0.));
#7565 = ORIENTED_EDGE('',*,*,#7566,.F.);
#7566 = EDGE_CURVE('',#7419,#7559,#7567,.T.);
#7567 = B_SPLINE_CURVE_WITH_KNOTS('',1,(#7568,#7569),.UNSPECIFIED.,.F.,
  .F.,(2,2),(0.,1.),.PIECEWISE_BEZIER_KNOTS.);
#7568 = CARTESIAN_POINT('',(-1.246621551758,-0.733243103516,0.1));
#7569 = CARTESIAN_POINT('',(-1.28,-0.8,0.575));
#7570 = B_SPLINE_SURFACE_WITH_KNOTS('',1,1,(
    (#7571,#7572)
    ,(#7573,#7574
    )),.UNSPECIFIED.,.F.,.F.,.F.,(2,2),(2,2),(0.,0.134350288425),(0.,1.)
  ,.PIECEWISE_BEZIER_KNOTS.);
#7571 = CARTESIAN_POINT('',(-1.246621551758,-0.733243103516,0.1));
#7572 = CARTESIAN_POINT('',(-1.28,-0.8,0.575));
#7573 = CARTESIAN_POINT('',(-1.308243103516,-0.671621551758,0.1));
#7574 = CARTESIAN_POINT('',(-1.375,-0.705,0.575));
#7575 = ADVANCED_FACE('',(#7576),#7593,.F.);
#7576 = FACE_BOUND('',#7577,.F.);
#7577 = EDGE_LOOP('',(#7578,#7579,#7580,#7588));
#7578 = ORIENTED_EDGE('',*,*,#7418,.T.);
#7579 = ORIENTED_EDGE('',*,*,#7566,.T.);
#7580 = ORIENTED_EDGE('',*,*,#7581,.F.);
#7581 = EDGE_CURVE('',#7582,#7559,#7584,.T.);
#7582 = VERTEX_POINT('',#7583);
#7583 = CARTESIAN_POINT('',(1.28,-0.8,0.575));
#7584 = LINE('',#7585,#7586);
#7585 = CARTESIAN_POINT('',(1.28,-0.8,0.575));
#7586 = VECTOR('',#7587,1.);
#7587 = DIRECTION('',(-1.,0.,0.));
#7588 = ORIENTED_EDGE('',*,*,#7589,.F.);
#7589 = EDGE_CURVE('',#7411,#7582,#7590,.T.);
#7590 = B_SPLINE_CURVE_WITH_KNOTS('',1,(#7591,#7592),.UNSPECIFIED.,.F.,
  .F.,(2,2),(0.,1.),.PIECEWISE_BEZIER_KNOTS.);
#7591 = CARTESIAN_POINT('',(1.246621551758,-0.733243103516,0.1));
#7592 = CARTESIAN_POINT('',(1.28,-0.8,0.575));
#7593 = B_SPLINE_SURFACE_WITH_KNOTS('',1,1,(
    (#7594,#7595)
    ,(#7596,#7597
    )),.UNSPECIFIED.,.F.,.F.,.F.,(2,2),(2,2),(0.,2.56),(0.,1.),
  .PIECEWISE_BEZIER_KNOTS.);
#7594 = CARTESIAN_POINT('',(1.246621551758,-0.733243103516,0.1));
#7595 = CARTESIAN_POINT('',(1.28,-0.8,0.575));
#7596 = CARTESIAN_POINT('',(-1.246621551758,-0.733243103516,0.1));
#7597 = CARTESIAN_POINT('',(-1.28,-0.8,0.575));
#7598 = ADVANCED_FACE('',(#7599),#7616,.F.);
#7599 = FACE_BOUND('',#7600,.F.);
#7600 = EDGE_LOOP('',(#7601,#7602,#7609,#7615));
#7601 = ORIENTED_EDGE('',*,*,#7386,.T.);
#7602 = ORIENTED_EDGE('',*,*,#7603,.T.);
#7603 = EDGE_CURVE('',#7387,#7604,#7606,.T.);
#7604 = VERTEX_POINT('',#7605);
#7605 = CARTESIAN_POINT('',(1.28,0.8,0.575));
#7606 = B_SPLINE_CURVE_WITH_KNOTS('',1,(#7607,#7608),.UNSPECIFIED.,.F.,
  .F.,(2,2),(0.,1.),.PIECEWISE_BEZIER_KNOTS.);
#7607 = CARTESIAN_POINT('',(1.246621551758,0.733243103516,0.1));
#7608 = CARTESIAN_POINT('',(1.28,0.8,0.575));
#7609 = ORIENTED_EDGE('',*,*,#7610,.F.);
#7610 = EDGE_CURVE('',#7442,#7604,#7611,.T.);
#7611 = LINE('',#7612,#7613);
#7612 = CARTESIAN_POINT('',(-1.28,0.8,0.575));
#7613 = VECTOR('',#7614,1.);
#7614 = DIRECTION('',(1.,0.,0.));
#7615 = ORIENTED_EDGE('',*,*,#7441,.F.);
#7616 = B_SPLINE_SURFACE_WITH_KNOTS('',1,1,(
    (#7617,#7618)
    ,(#7619,#7620
    )),.UNSPECIFIED.,.F.,.F.,.F.,(2,2),(2,2),(0.,2.56),(0.,1.),
  .PIECEWISE_BEZIER_KNOTS.);
#7617 = CARTESIAN_POINT('',(-1.246621551758,0.733243103516,0.1));
#7618 = CARTESIAN_POINT('',(-1.28,0.8,0.575));
#7619 = CARTESIAN_POINT('',(1.246621551758,0.733243103516,0.1));
#7620 = CARTESIAN_POINT('',(1.28,0.8,0.575));
#7621 = ADVANCED_FACE('',(#7622),#7639,.F.);
#7622 = FACE_BOUND('',#7623,.F.);
#7623 = EDGE_LOOP('',(#7624,#7625,#7626,#7634));
#7624 = ORIENTED_EDGE('',*,*,#7410,.T.);
#7625 = ORIENTED_EDGE('',*,*,#7589,.T.);
#7626 = ORIENTED_EDGE('',*,*,#7627,.F.);
#7627 = EDGE_CURVE('',#7628,#7582,#7630,.T.);
#7628 = VERTEX_POINT('',#7629);
#7629 = CARTESIAN_POINT('',(1.375,-0.705,0.575));
#7630 = LINE('',#7631,#7632);
#7631 = CARTESIAN_POINT('',(1.375,-0.705,0.575));
#7632 = VECTOR('',#7633,1.);
#7633 = DIRECTION('',(-0.707106781187,-0.707106781187,0.));
#7634 = ORIENTED_EDGE('',*,*,#7635,.F.);
#7635 = EDGE_CURVE('',#7403,#7628,#7636,.T.);
#7636 = B_SPLINE_CURVE_WITH_KNOTS('',1,(#7637,#7638),.UNSPECIFIED.,.F.,
  .F.,(2,2),(0.,1.),.PIECEWISE_BEZIER_KNOTS.);
#7637 = CARTESIAN_POINT('',(1.308243103516,-0.671621551758,0.1));
#7638 = CARTESIAN_POINT('',(1.375,-0.705,0.575));
#7639 = B_SPLINE_SURFACE_WITH_KNOTS('',1,1,(
    (#7640,#7641)
    ,(#7642,#7643
    )),.UNSPECIFIED.,.F.,.F.,.F.,(2,2),(2,2),(0.,0.134350288425),(0.,1.)
  ,.PIECEWISE_BEZIER_KNOTS.);
#7640 = CARTESIAN_POINT('',(1.308243103516,-0.671621551758,0.1));
#7641 = CARTESIAN_POINT('',(1.375,-0.705,0.575));
#7642 = CARTESIAN_POINT('',(1.246621551758,-0.733243103516,0.1));
#7643 = CARTESIAN_POINT('',(1.28,-0.8,0.575));
#7644 = ADVANCED_FACE('',(#7645),#7662,.F.);
#7645 = FACE_BOUND('',#7646,.F.);
#7646 = EDGE_LOOP('',(#7647,#7648,#7655,#7661));
#7647 = ORIENTED_EDGE('',*,*,#7394,.T.);
#7648 = ORIENTED_EDGE('',*,*,#7649,.T.);
#7649 = EDGE_CURVE('',#7395,#7650,#7652,.T.);
#7650 = VERTEX_POINT('',#7651);
#7651 = CARTESIAN_POINT('',(1.375,0.705,0.575));
#7652 = B_SPLINE_CURVE_WITH_KNOTS('',1,(#7653,#7654),.UNSPECIFIED.,.F.,
  .F.,(2,2),(0.,1.),.PIECEWISE_BEZIER_KNOTS.);
#7653 = CARTESIAN_POINT('',(1.308243103516,0.671621551758,0.1));
#7654 = CARTESIAN_POINT('',(1.375,0.705,0.575));
#7655 = ORIENTED_EDGE('',*,*,#7656,.F.);
#7656 = EDGE_CURVE('',#7604,#7650,#7657,.T.);
#7657 = LINE('',#7658,#7659);
#7658 = CARTESIAN_POINT('',(1.28,0.8,0.575));
#7659 = VECTOR('',#7660,1.);
#7660 = DIRECTION('',(0.707106781187,-0.707106781187,0.));
#7661 = ORIENTED_EDGE('',*,*,#7603,.F.);
#7662 = B_SPLINE_SURFACE_WITH_KNOTS('',1,1,(
    (#7663,#7664)
    ,(#7665,#7666
    )),.UNSPECIFIED.,.F.,.F.,.F.,(2,2),(2,2),(0.,0.134350288425),(0.,1.)
  ,.PIECEWISE_BEZIER_KNOTS.);
#7663 = CARTESIAN_POINT('',(1.246621551758,0.733243103516,0.1));
#7664 = CARTESIAN_POINT('',(1.28,0.8,0.575));
#7665 = CARTESIAN_POINT('',(1.308243103516,0.671621551758,0.1));
#7666 = CARTESIAN_POINT('',(1.375,0.705,0.575));
#7667 = ADVANCED_FACE('',(#7668),#7695,.F.);
#7668 = FACE_BOUND('',#7669,.F.);
#7669 = EDGE_LOOP('',(#7670,#7671,#7672,#7680,#7688,#7694));
#7670 = ORIENTED_EDGE('',*,*,#7402,.T.);
#7671 = ORIENTED_EDGE('',*,*,#7635,.T.);
#7672 = ORIENTED_EDGE('',*,*,#7673,.F.);
#7673 = EDGE_CURVE('',#7674,#7628,#7676,.T.);
#7674 = VERTEX_POINT('',#7675);
#7675 = CARTESIAN_POINT('',(1.375,-0.325,0.575));
#7676 = LINE('',#7677,#7678);
#7677 = CARTESIAN_POINT('',(1.375,0.705,0.575));
#7678 = VECTOR('',#7679,1.);
#7679 = DIRECTION('',(0.,-1.,0.));
#7680 = ORIENTED_EDGE('',*,*,#7681,.F.);
#7681 = EDGE_CURVE('',#7682,#7674,#7684,.T.);
#7682 = VERTEX_POINT('',#7683);
#7683 = CARTESIAN_POINT('',(1.375,0.325,0.575));
#7684 = LINE('',#7685,#7686);
#7685 = CARTESIAN_POINT('',(1.375,0.325,0.575));
#7686 = VECTOR('',#7687,1.);
#7687 = DIRECTION('',(-2.22044604925E-16,-1.,0.));
#7688 = ORIENTED_EDGE('',*,*,#7689,.F.);
#7689 = EDGE_CURVE('',#7650,#7682,#7690,.T.);
#7690 = LINE('',#7691,#7692);
#7691 = CARTESIAN_POINT('',(1.375,0.705,0.575));
#7692 = VECTOR('',#7693,1.);
#7693 = DIRECTION('',(0.,-1.,0.));
#7694 = ORIENTED_EDGE('',*,*,#7649,.F.);
#7695 = B_SPLINE_SURFACE_WITH_KNOTS('',1,1,(
    (#7696,#7697)
    ,(#7698,#7699
    )),.UNSPECIFIED.,.F.,.F.,.F.,(2,2),(2,2),(0.,1.41),(0.,1.),
  .PIECEWISE_BEZIER_KNOTS.);
#7696 = CARTESIAN_POINT('',(1.308243103516,0.671621551758,0.1));
#7697 = CARTESIAN_POINT('',(1.375,0.705,0.575));
#7698 = CARTESIAN_POINT('',(1.308243103516,-0.671621551758,0.1));
#7699 = CARTESIAN_POINT('',(1.375,-0.705,0.575));
#7700 = ADVANCED_FACE('',(#7701),#7718,.F.);
#7701 = FACE_BOUND('',#7702,.F.);
#7702 = EDGE_LOOP('',(#7703,#7704,#7711,#7717));
#7703 = ORIENTED_EDGE('',*,*,#7448,.T.);
#7704 = ORIENTED_EDGE('',*,*,#7705,.T.);
#7705 = EDGE_CURVE('',#7442,#7706,#7708,.T.);
#7706 = VERTEX_POINT('',#7707);
#7707 = CARTESIAN_POINT('',(-1.28,0.8,0.775));
#7708 = B_SPLINE_CURVE_WITH_KNOTS('',1,(#7709,#7710),.UNSPECIFIED.,.F.,
  .F.,(2,2),(0.,1.),.PIECEWISE_BEZIER_KNOTS.);
#7709 = CARTESIAN_POINT('',(-1.28,0.8,0.575));
#7710 = CARTESIAN_POINT('',(-1.28,0.8,0.775));
#7711 = ORIENTED_EDGE('',*,*,#7712,.F.);
#7712 = EDGE_CURVE('',#7536,#7706,#7713,.T.);
#7713 = LINE('',#7714,#7715);
#7714 = CARTESIAN_POINT('',(-1.375,0.705,0.775));
#7715 = VECTOR('',#7716,1.);
#7716 = DIRECTION('',(0.707106781187,0.707106781187,0.));
#7717 = ORIENTED_EDGE('',*,*,#7535,.F.);
#7718 = PLANE('',#7719);
#7719 = AXIS2_PLACEMENT_3D('',#7720,#7721,#7722);
#7720 = CARTESIAN_POINT('',(-1.375,0.705,0.775));
#7721 = DIRECTION('',(0.707106781187,-0.707106781187,0.));
#7722 = DIRECTION('',(0.707106781187,0.707106781187,0.));
#7723 = ADVANCED_FACE('',(#7724),#7741,.F.);
#7724 = FACE_BOUND('',#7725,.F.);
#7725 = EDGE_LOOP('',(#7726,#7727,#7728,#7736));
#7726 = ORIENTED_EDGE('',*,*,#7558,.T.);
#7727 = ORIENTED_EDGE('',*,*,#7463,.T.);
#7728 = ORIENTED_EDGE('',*,*,#7729,.F.);
#7729 = EDGE_CURVE('',#7730,#7464,#7732,.T.);
#7730 = VERTEX_POINT('',#7731);
#7731 = CARTESIAN_POINT('',(-1.28,-0.8,0.775));
#7732 = LINE('',#7733,#7734);
#7733 = CARTESIAN_POINT('',(-1.28,-0.8,0.775));
#7734 = VECTOR('',#7735,1.);
#7735 = DIRECTION('',(-0.707106781187,0.707106781187,0.));
#7736 = ORIENTED_EDGE('',*,*,#7737,.F.);
#7737 = EDGE_CURVE('',#7559,#7730,#7738,.T.);
#7738 = B_SPLINE_CURVE_WITH_KNOTS('',1,(#7739,#7740),.UNSPECIFIED.,.F.,
  .F.,(2,2),(0.,1.),.PIECEWISE_BEZIER_KNOTS.);
#7739 = CARTESIAN_POINT('',(-1.28,-0.8,0.575));
#7740 = CARTESIAN_POINT('',(-1.28,-0.8,0.775));
#7741 = PLANE('',#7742);
#7742 = AXIS2_PLACEMENT_3D('',#7743,#7744,#7745);
#7743 = CARTESIAN_POINT('',(-1.28,-0.8,0.775));
#7744 = DIRECTION('',(0.707106781187,0.707106781187,0.));
#7745 = DIRECTION('',(-0.707106781187,0.707106781187,0.));
#7746 = ADVANCED_FACE('',(#7747),#7829,.F.);
#7747 = FACE_BOUND('',#7748,.F.);
#7748 = EDGE_LOOP('',(#7749,#7750,#7751,#7759,#7767,#7775,#7783,#7791,
    #7799,#7807,#7815,#7823));
#7749 = ORIENTED_EDGE('',*,*,#7729,.T.);
#7750 = ORIENTED_EDGE('',*,*,#7479,.T.);
#7751 = ORIENTED_EDGE('',*,*,#7752,.T.);
#7752 = EDGE_CURVE('',#7472,#7753,#7755,.T.);
#7753 = VERTEX_POINT('',#7754);
#7754 = CARTESIAN_POINT('',(-1.35,-0.325,0.775));
#7755 = LINE('',#7756,#7757);
#7756 = CARTESIAN_POINT('',(-1.375,-0.325,0.775));
#7757 = VECTOR('',#7758,1.);
#7758 = DIRECTION('',(1.,-1.110223024625E-16,0.));
#7759 = ORIENTED_EDGE('',*,*,#7760,.F.);
#7760 = EDGE_CURVE('',#7761,#7753,#7763,.T.);
#7761 = VERTEX_POINT('',#7762);
#7762 = CARTESIAN_POINT('',(-1.35,-0.6925,0.775));
#7763 = LINE('',#7764,#7765);
#7764 = CARTESIAN_POINT('',(-1.35,-0.6925,0.775));
#7765 = VECTOR('',#7766,1.);
#7766 = DIRECTION('',(0.,1.,0.));
#7767 = ORIENTED_EDGE('',*,*,#7768,.F.);
#7768 = EDGE_CURVE('',#7769,#7761,#7771,.T.);
#7769 = VERTEX_POINT('',#7770);
#7770 = CARTESIAN_POINT('',(-1.2675,-0.775,0.775));
#7771 = LINE('',#7772,#7773);
#7772 = CARTESIAN_POINT('',(-1.2675,-0.775,0.775));
#7773 = VECTOR('',#7774,1.);
#7774 = DIRECTION('',(-0.707106781187,0.707106781187,0.));
#7775 = ORIENTED_EDGE('',*,*,#7776,.F.);
#7776 = EDGE_CURVE('',#7777,#7769,#7779,.T.);
#7777 = VERTEX_POINT('',#7778);
#7778 = CARTESIAN_POINT('',(1.2675,-0.775,0.775));
#7779 = LINE('',#7780,#7781);
#7780 = CARTESIAN_POINT('',(1.2675,-0.775,0.775));
#7781 = VECTOR('',#7782,1.);
#7782 = DIRECTION('',(-1.,0.,0.));
#7783 = ORIENTED_EDGE('',*,*,#7784,.F.);
#7784 = EDGE_CURVE('',#7785,#7777,#7787,.T.);
#7785 = VERTEX_POINT('',#7786);
#7786 = CARTESIAN_POINT('',(1.35,-0.6925,0.775));
#7787 = LINE('',#7788,#7789);
#7788 = CARTESIAN_POINT('',(1.35,-0.6925,0.775));
#7789 = VECTOR('',#7790,1.);
#7790 = DIRECTION('',(-0.707106781187,-0.707106781187,0.));
#7791 = ORIENTED_EDGE('',*,*,#7792,.F.);
#7792 = EDGE_CURVE('',#7793,#7785,#7795,.T.);
#7793 = VERTEX_POINT('',#7794);
#7794 = CARTESIAN_POINT('',(1.35,-0.325,0.775));
#7795 = LINE('',#7796,#7797);
#7796 = CARTESIAN_POINT('',(1.35,0.6925,0.775));
#7797 = VECTOR('',#7798,1.);
#7798 = DIRECTION('',(0.,-1.,0.));
#7799 = ORIENTED_EDGE('',*,*,#7800,.F.);
#7800 = EDGE_CURVE('',#7801,#7793,#7803,.T.);
#7801 = VERTEX_POINT('',#7802);
#7802 = CARTESIAN_POINT('',(1.375,-0.325,0.775));
#7803 = LINE('',#7804,#7805);
#7804 = CARTESIAN_POINT('',(1.375,-0.325,0.775));
#7805 = VECTOR('',#7806,1.);
#7806 = DIRECTION('',(-1.,2.22044604925E-16,0.));
#7807 = ORIENTED_EDGE('',*,*,#7808,.T.);
#7808 = EDGE_CURVE('',#7801,#7809,#7811,.T.);
#7809 = VERTEX_POINT('',#7810);
#7810 = CARTESIAN_POINT('',(1.375,-0.705,0.775));
#7811 = LINE('',#7812,#7813);
#7812 = CARTESIAN_POINT('',(1.375,0.705,0.775));
#7813 = VECTOR('',#7814,1.);
#7814 = DIRECTION('',(0.,-1.,0.));
#7815 = ORIENTED_EDGE('',*,*,#7816,.T.);
#7816 = EDGE_CURVE('',#7809,#7817,#7819,.T.);
#7817 = VERTEX_POINT('',#7818);
#7818 = CARTESIAN_POINT('',(1.28,-0.8,0.775));
#7819 = LINE('',#7820,#7821);
#7820 = CARTESIAN_POINT('',(1.375,-0.705,0.775));
#7821 = VECTOR('',#7822,1.);
#7822 = DIRECTION('',(-0.707106781187,-0.707106781187,0.));
#7823 = ORIENTED_EDGE('',*,*,#7824,.T.);
#7824 = EDGE_CURVE('',#7817,#7730,#7825,.T.);
#7825 = LINE('',#7826,#7827);
#7826 = CARTESIAN_POINT('',(1.28,-0.8,0.775));
#7827 = VECTOR('',#7828,1.);
#7828 = DIRECTION('',(-1.,0.,0.));
#7829 = PLANE('',#7830);
#7830 = AXIS2_PLACEMENT_3D('',#7831,#7832,#7833);
#7831 = CARTESIAN_POINT('',(-1.3625,-4.954714324773E-17,0.775));
#7832 = DIRECTION('',(-7.340317518656E-17,9.85275154485E-18,-1.));
#7833 = DIRECTION('',(7.342878714278E-20,1.,9.85275154485E-18));
#7834 = ADVANCED_FACE('',(#7835),#7904,.F.);
#7835 = FACE_BOUND('',#7836,.F.);
#7836 = EDGE_LOOP('',(#7837,#7838,#7839,#7847,#7856,#7864,#7872,#7880,
    #7889,#7897));
#7837 = ORIENTED_EDGE('',*,*,#7471,.F.);
#7838 = ORIENTED_EDGE('',*,*,#7511,.T.);
#7839 = ORIENTED_EDGE('',*,*,#7840,.T.);
#7840 = EDGE_CURVE('',#7504,#7841,#7843,.T.);
#7841 = VERTEX_POINT('',#7842);
#7842 = CARTESIAN_POINT('',(-1.523665661432,-0.325,0.264432583147));
#7843 = LINE('',#7844,#7845);
#7844 = CARTESIAN_POINT('',(-1.493176930361,-0.325,0.47583778132));
#7845 = VECTOR('',#7846,1.);
#7846 = DIRECTION('',(-0.142742572604,1.584760906992E-17,-0.989759848633
    ));
#7847 = ORIENTED_EDGE('',*,*,#7848,.T.);
#7848 = EDGE_CURVE('',#7841,#7849,#7851,.T.);
#7849 = VERTEX_POINT('',#7850);
#7850 = CARTESIAN_POINT('',(-1.838804142396,-0.325,-5.551115123126E-17)
  );
#7851 = CIRCLE('',#7852,0.32);
#7852 = AXIS2_PLACEMENT_3D('',#7853,#7854,#7855);
#7853 = CARTESIAN_POINT('',(-1.838804142396,-0.325,0.32));
#7854 = DIRECTION('',(1.110223024625E-16,1.,0.));
#7855 = DIRECTION('',(0.984807753012,-1.093356242223E-16,-0.173648177667
    ));
#7856 = ORIENTED_EDGE('',*,*,#7857,.T.);
#7857 = EDGE_CURVE('',#7849,#7858,#7860,.T.);
#7858 = VERTEX_POINT('',#7859);
#7859 = CARTESIAN_POINT('',(-1.9,-0.325,-5.551115123126E-17));
#7860 = LINE('',#7861,#7862);
#7861 = CARTESIAN_POINT('',(-1.838804142396,-0.325,-5.551115123126E-17)
  );
#7862 = VECTOR('',#7863,1.);
#7863 = DIRECTION('',(-1.,1.110223024625E-16,0.));
#7864 = ORIENTED_EDGE('',*,*,#7865,.T.);
#7865 = EDGE_CURVE('',#7858,#7866,#7868,.T.);
#7866 = VERTEX_POINT('',#7867);
#7867 = CARTESIAN_POINT('',(-1.9,-0.325,0.2));
#7868 = LINE('',#7869,#7870);
#7869 = CARTESIAN_POINT('',(-1.9,-0.325,-5.551115123126E-17));
#7870 = VECTOR('',#7871,1.);
#7871 = DIRECTION('',(0.,0.,1.));
#7872 = ORIENTED_EDGE('',*,*,#7873,.T.);
#7873 = EDGE_CURVE('',#7866,#7874,#7876,.T.);
#7874 = VERTEX_POINT('',#7875);
#7875 = CARTESIAN_POINT('',(-1.838804142396,-0.325,0.2));
#7876 = LINE('',#7877,#7878);
#7877 = CARTESIAN_POINT('',(-1.9,-0.325,0.2));
#7878 = VECTOR('',#7879,1.);
#7879 = DIRECTION('',(1.,-1.110223024625E-16,0.));
#7880 = ORIENTED_EDGE('',*,*,#7881,.T.);
#7881 = EDGE_CURVE('',#7874,#7882,#7884,.T.);
#7882 = VERTEX_POINT('',#7883);
#7883 = CARTESIAN_POINT('',(-1.720627212034,-0.325,0.29916221868));
#7884 = CIRCLE('',#7885,0.12);
#7885 = AXIS2_PLACEMENT_3D('',#7886,#7887,#7888);
#7886 = CARTESIAN_POINT('',(-1.838804142396,-0.325,0.32));
#7887 = DIRECTION('',(-1.110223024625E-16,-1.,0.));
#7888 = DIRECTION('',(1.850371707709E-15,-2.054325274013E-31,-1.));
#7889 = ORIENTED_EDGE('',*,*,#7890,.T.);
#7890 = EDGE_CURVE('',#7882,#7891,#7893,.T.);
#7891 = VERTEX_POINT('',#7892);
#7892 = CARTESIAN_POINT('',(-1.690138480964,-0.325,0.510567416853));
#7893 = LINE('',#7894,#7895);
#7894 = CARTESIAN_POINT('',(-1.720627212034,-0.325,0.29916221868));
#7895 = VECTOR('',#7896,1.);
#7896 = DIRECTION('',(0.142742572604,-1.584760906992E-17,0.989759848633)
  );
#7897 = ORIENTED_EDGE('',*,*,#7898,.T.);
#7898 = EDGE_CURVE('',#7891,#7472,#7899,.T.);
#7899 = CIRCLE('',#7900,0.32);
#7900 = AXIS2_PLACEMENT_3D('',#7901,#7902,#7903);
#7901 = CARTESIAN_POINT('',(-1.375,-0.325,0.455));
#7902 = DIRECTION('',(1.110223024625E-16,1.,0.));
#7903 = DIRECTION('',(-0.984807753012,1.093356242223E-16,0.173648177667)
  );
#7904 = PLANE('',#7905);
#7905 = AXIS2_PLACEMENT_3D('',#7906,#7907,#7908);
#7906 = CARTESIAN_POINT('',(-1.610729118287,-0.325,0.384660577966));
#7907 = DIRECTION('',(1.110223024625E-16,1.,0.));
#7908 = DIRECTION('',(0.,-0.,1.));
#7909 = ADVANCED_FACE('',(#7910),#7928,.F.);
#7910 = FACE_BOUND('',#7911,.F.);
#7911 = EDGE_LOOP('',(#7912,#7913,#7921,#7927));
#7912 = ORIENTED_EDGE('',*,*,#7503,.T.);
#7913 = ORIENTED_EDGE('',*,*,#7914,.T.);
#7914 = EDGE_CURVE('',#7495,#7915,#7917,.T.);
#7915 = VERTEX_POINT('',#7916);
#7916 = CARTESIAN_POINT('',(-1.523665661432,0.325,0.264432583147));
#7917 = LINE('',#7918,#7919);
#7918 = CARTESIAN_POINT('',(-1.493176930361,0.325,0.47583778132));
#7919 = VECTOR('',#7920,1.);
#7920 = DIRECTION('',(-0.142742572604,1.584760906992E-17,-0.989759848633
    ));
#7921 = ORIENTED_EDGE('',*,*,#7922,.F.);
#7922 = EDGE_CURVE('',#7841,#7915,#7923,.T.);
#7923 = LINE('',#7924,#7925);
#7924 = CARTESIAN_POINT('',(-1.523665661432,-0.325,0.264432583147));
#7925 = VECTOR('',#7926,1.);
#7926 = DIRECTION('',(1.110223024625E-16,1.,0.));
#7927 = ORIENTED_EDGE('',*,*,#7840,.F.);
#7928 = PLANE('',#7929);
#7929 = AXIS2_PLACEMENT_3D('',#7930,#7931,#7932);
#7930 = CARTESIAN_POINT('',(-1.493176930361,-0.325,0.47583778132));
#7931 = DIRECTION('',(-0.989759848633,1.098854172802E-16,0.142742572604)
  );
#7932 = DIRECTION('',(-0.142742572604,1.584760906992E-17,-0.989759848633
    ));
#7933 = ADVANCED_FACE('',(#7934),#7996,.T.);
#7934 = FACE_BOUND('',#7935,.T.);
#7935 = EDGE_LOOP('',(#7936,#7937,#7938,#7939,#7948,#7956,#7964,#7972,
    #7981,#7989));
#7936 = ORIENTED_EDGE('',*,*,#7526,.F.);
#7937 = ORIENTED_EDGE('',*,*,#7494,.T.);
#7938 = ORIENTED_EDGE('',*,*,#7914,.T.);
#7939 = ORIENTED_EDGE('',*,*,#7940,.T.);
#7940 = EDGE_CURVE('',#7915,#7941,#7943,.T.);
#7941 = VERTEX_POINT('',#7942);
#7942 = CARTESIAN_POINT('',(-1.838804142396,0.325,-5.551115123126E-17));
#7943 = CIRCLE('',#7944,0.32);
#7944 = AXIS2_PLACEMENT_3D('',#7945,#7946,#7947);
#7945 = CARTESIAN_POINT('',(-1.838804142396,0.325,0.32));
#7946 = DIRECTION('',(1.110223024625E-16,1.,0.));
#7947 = DIRECTION('',(0.984807753012,-1.093356242223E-16,-0.173648177667
    ));
#7948 = ORIENTED_EDGE('',*,*,#7949,.T.);
#7949 = EDGE_CURVE('',#7941,#7950,#7952,.T.);
#7950 = VERTEX_POINT('',#7951);
#7951 = CARTESIAN_POINT('',(-1.9,0.325,-5.551115123126E-17));
#7952 = LINE('',#7953,#7954);
#7953 = CARTESIAN_POINT('',(-1.838804142396,0.325,-5.551115123126E-17));
#7954 = VECTOR('',#7955,1.);
#7955 = DIRECTION('',(-1.,1.110223024625E-16,0.));
#7956 = ORIENTED_EDGE('',*,*,#7957,.T.);
#7957 = EDGE_CURVE('',#7950,#7958,#7960,.T.);
#7958 = VERTEX_POINT('',#7959);
#7959 = CARTESIAN_POINT('',(-1.9,0.325,0.2));
#7960 = LINE('',#7961,#7962);
#7961 = CARTESIAN_POINT('',(-1.9,0.325,-5.551115123126E-17));
#7962 = VECTOR('',#7963,1.);
#7963 = DIRECTION('',(0.,0.,1.));
#7964 = ORIENTED_EDGE('',*,*,#7965,.T.);
#7965 = EDGE_CURVE('',#7958,#7966,#7968,.T.);
#7966 = VERTEX_POINT('',#7967);
#7967 = CARTESIAN_POINT('',(-1.838804142396,0.325,0.2));
#7968 = LINE('',#7969,#7970);
#7969 = CARTESIAN_POINT('',(-1.9,0.325,0.2));
#7970 = VECTOR('',#7971,1.);
#7971 = DIRECTION('',(1.,-1.110223024625E-16,0.));
#7972 = ORIENTED_EDGE('',*,*,#7973,.T.);
#7973 = EDGE_CURVE('',#7966,#7974,#7976,.T.);
#7974 = VERTEX_POINT('',#7975);
#7975 = CARTESIAN_POINT('',(-1.720627212034,0.325,0.29916221868));
#7976 = CIRCLE('',#7977,0.12);
#7977 = AXIS2_PLACEMENT_3D('',#7978,#7979,#7980);
#7978 = CARTESIAN_POINT('',(-1.838804142396,0.325,0.32));
#7979 = DIRECTION('',(-1.110223024625E-16,-1.,0.));
#7980 = DIRECTION('',(1.850371707709E-15,-2.054325274013E-31,-1.));
#7981 = ORIENTED_EDGE('',*,*,#7982,.T.);
#7982 = EDGE_CURVE('',#7974,#7983,#7985,.T.);
#7983 = VERTEX_POINT('',#7984);
#7984 = CARTESIAN_POINT('',(-1.690138480964,0.325,0.510567416853));
#7985 = LINE('',#7986,#7987);
#7986 = CARTESIAN_POINT('',(-1.720627212034,0.325,0.29916221868));
#7987 = VECTOR('',#7988,1.);
#7988 = DIRECTION('',(0.142742572604,-1.584760906992E-17,0.989759848633)
  );
#7989 = ORIENTED_EDGE('',*,*,#7990,.T.);
#7990 = EDGE_CURVE('',#7983,#7527,#7991,.T.);
#7991 = CIRCLE('',#7992,0.32);
#7992 = AXIS2_PLACEMENT_3D('',#7993,#7994,#7995);
#7993 = CARTESIAN_POINT('',(-1.375,0.325,0.455));
#7994 = DIRECTION('',(1.110223024625E-16,1.,0.));
#7995 = DIRECTION('',(-0.984807753012,1.093356242223E-16,0.173648177667)
  );
#7996 = PLANE('',#7997);
#7997 = AXIS2_PLACEMENT_3D('',#7998,#7999,#8000);
#7998 = CARTESIAN_POINT('',(-1.610729118287,0.325,0.384660577966));
#7999 = DIRECTION('',(1.110223024625E-16,1.,0.));
#8000 = DIRECTION('',(0.,-0.,1.));
#8001 = ADVANCED_FACE('',(#8002),#8084,.F.);
#8002 = FACE_BOUND('',#8003,.F.);
#8003 = EDGE_LOOP('',(#8004,#8012,#8013,#8014,#8022,#8030,#8038,#8046,
    #8054,#8062,#8070,#8078));
#8004 = ORIENTED_EDGE('',*,*,#8005,.F.);
#8005 = EDGE_CURVE('',#7527,#8006,#8008,.T.);
#8006 = VERTEX_POINT('',#8007);
#8007 = CARTESIAN_POINT('',(-1.35,0.325,0.775));
#8008 = LINE('',#8009,#8010);
#8009 = CARTESIAN_POINT('',(-1.375,0.325,0.775));
#8010 = VECTOR('',#8011,1.);
#8011 = DIRECTION('',(1.,-1.110223024625E-16,0.));
#8012 = ORIENTED_EDGE('',*,*,#7542,.T.);
#8013 = ORIENTED_EDGE('',*,*,#7712,.T.);
#8014 = ORIENTED_EDGE('',*,*,#8015,.T.);
#8015 = EDGE_CURVE('',#7706,#8016,#8018,.T.);
#8016 = VERTEX_POINT('',#8017);
#8017 = CARTESIAN_POINT('',(1.28,0.8,0.775));
#8018 = LINE('',#8019,#8020);
#8019 = CARTESIAN_POINT('',(-1.28,0.8,0.775));
#8020 = VECTOR('',#8021,1.);
#8021 = DIRECTION('',(1.,0.,0.));
#8022 = ORIENTED_EDGE('',*,*,#8023,.T.);
#8023 = EDGE_CURVE('',#8016,#8024,#8026,.T.);
#8024 = VERTEX_POINT('',#8025);
#8025 = CARTESIAN_POINT('',(1.375,0.705,0.775));
#8026 = LINE('',#8027,#8028);
#8027 = CARTESIAN_POINT('',(1.28,0.8,0.775));
#8028 = VECTOR('',#8029,1.);
#8029 = DIRECTION('',(0.707106781187,-0.707106781187,0.));
#8030 = ORIENTED_EDGE('',*,*,#8031,.T.);
#8031 = EDGE_CURVE('',#8024,#8032,#8034,.T.);
#8032 = VERTEX_POINT('',#8033);
#8033 = CARTESIAN_POINT('',(1.375,0.325,0.775));
#8034 = LINE('',#8035,#8036);
#8035 = CARTESIAN_POINT('',(1.375,0.705,0.775));
#8036 = VECTOR('',#8037,1.);
#8037 = DIRECTION('',(0.,-1.,0.));
#8038 = ORIENTED_EDGE('',*,*,#8039,.T.);
#8039 = EDGE_CURVE('',#8032,#8040,#8042,.T.);
#8040 = VERTEX_POINT('',#8041);
#8041 = CARTESIAN_POINT('',(1.35,0.325,0.775));
#8042 = LINE('',#8043,#8044);
#8043 = CARTESIAN_POINT('',(1.375,0.325,0.775));
#8044 = VECTOR('',#8045,1.);
#8045 = DIRECTION('',(-1.,2.22044604925E-16,0.));
#8046 = ORIENTED_EDGE('',*,*,#8047,.F.);
#8047 = EDGE_CURVE('',#8048,#8040,#8050,.T.);
#8048 = VERTEX_POINT('',#8049);
#8049 = CARTESIAN_POINT('',(1.35,0.6925,0.775));
#8050 = LINE('',#8051,#8052);
#8051 = CARTESIAN_POINT('',(1.35,0.6925,0.775));
#8052 = VECTOR('',#8053,1.);
#8053 = DIRECTION('',(0.,-1.,0.));
#8054 = ORIENTED_EDGE('',*,*,#8055,.F.);
#8055 = EDGE_CURVE('',#8056,#8048,#8058,.T.);
#8056 = VERTEX_POINT('',#8057);
#8057 = CARTESIAN_POINT('',(1.2675,0.775,0.775));
#8058 = LINE('',#8059,#8060);
#8059 = CARTESIAN_POINT('',(1.2675,0.775,0.775));
#8060 = VECTOR('',#8061,1.);
#8061 = DIRECTION('',(0.707106781187,-0.707106781187,0.));
#8062 = ORIENTED_EDGE('',*,*,#8063,.F.);
#8063 = EDGE_CURVE('',#8064,#8056,#8066,.T.);
#8064 = VERTEX_POINT('',#8065);
#8065 = CARTESIAN_POINT('',(-1.2675,0.775,0.775));
#8066 = LINE('',#8067,#8068);
#8067 = CARTESIAN_POINT('',(-1.2675,0.775,0.775));
#8068 = VECTOR('',#8069,1.);
#8069 = DIRECTION('',(1.,0.,0.));
#8070 = ORIENTED_EDGE('',*,*,#8071,.F.);
#8071 = EDGE_CURVE('',#8072,#8064,#8074,.T.);
#8072 = VERTEX_POINT('',#8073);
#8073 = CARTESIAN_POINT('',(-1.35,0.6925,0.775));
#8074 = LINE('',#8075,#8076);
#8075 = CARTESIAN_POINT('',(-1.35,0.6925,0.775));
#8076 = VECTOR('',#8077,1.);
#8077 = DIRECTION('',(0.707106781187,0.707106781187,0.));
#8078 = ORIENTED_EDGE('',*,*,#8079,.F.);
#8079 = EDGE_CURVE('',#8006,#8072,#8080,.T.);
#8080 = LINE('',#8081,#8082);
#8081 = CARTESIAN_POINT('',(-1.35,-0.6925,0.775));
#8082 = VECTOR('',#8083,1.);
#8083 = DIRECTION('',(0.,1.,0.));
#8084 = PLANE('',#8085);
#8085 = AXIS2_PLACEMENT_3D('',#8086,#8087,#8088);
#8086 = CARTESIAN_POINT('',(-1.3625,-4.954714324773E-17,0.775));
#8087 = DIRECTION('',(-7.340317518656E-17,9.85275154485E-18,-1.));
#8088 = DIRECTION('',(7.342878714278E-20,1.,9.85275154485E-18));
#8089 = ADVANCED_FACE('',(#8090),#8100,.F.);
#8090 = FACE_BOUND('',#8091,.F.);
#8091 = EDGE_LOOP('',(#8092,#8093,#8094,#8095));
#8092 = ORIENTED_EDGE('',*,*,#7581,.T.);
#8093 = ORIENTED_EDGE('',*,*,#7737,.T.);
#8094 = ORIENTED_EDGE('',*,*,#7824,.F.);
#8095 = ORIENTED_EDGE('',*,*,#8096,.F.);
#8096 = EDGE_CURVE('',#7582,#7817,#8097,.T.);
#8097 = B_SPLINE_CURVE_WITH_KNOTS('',1,(#8098,#8099),.UNSPECIFIED.,.F.,
  .F.,(2,2),(0.,1.),.PIECEWISE_BEZIER_KNOTS.);
#8098 = CARTESIAN_POINT('',(1.28,-0.8,0.575));
#8099 = CARTESIAN_POINT('',(1.28,-0.8,0.775));
#8100 = PLANE('',#8101);
#8101 = AXIS2_PLACEMENT_3D('',#8102,#8103,#8104);
#8102 = CARTESIAN_POINT('',(1.28,-0.8,0.775));
#8103 = DIRECTION('',(0.,1.,0.));
#8104 = DIRECTION('',(-1.,0.,0.));
#8105 = ADVANCED_FACE('',(#8106),#8116,.F.);
#8106 = FACE_BOUND('',#8107,.F.);
#8107 = EDGE_LOOP('',(#8108,#8109,#8114,#8115));
#8108 = ORIENTED_EDGE('',*,*,#7610,.T.);
#8109 = ORIENTED_EDGE('',*,*,#8110,.T.);
#8110 = EDGE_CURVE('',#7604,#8016,#8111,.T.);
#8111 = B_SPLINE_CURVE_WITH_KNOTS('',1,(#8112,#8113),.UNSPECIFIED.,.F.,
  .F.,(2,2),(0.,1.),.PIECEWISE_BEZIER_KNOTS.);
#8112 = CARTESIAN_POINT('',(1.28,0.8,0.575));
#8113 = CARTESIAN_POINT('',(1.28,0.8,0.775));
#8114 = ORIENTED_EDGE('',*,*,#8015,.F.);
#8115 = ORIENTED_EDGE('',*,*,#7705,.F.);
#8116 = PLANE('',#8117);
#8117 = AXIS2_PLACEMENT_3D('',#8118,#8119,#8120);
#8118 = CARTESIAN_POINT('',(-1.28,0.8,0.775));
#8119 = DIRECTION('',(0.,-1.,0.));
#8120 = DIRECTION('',(1.,0.,0.));
#8121 = ADVANCED_FACE('',(#8122),#8132,.F.);
#8122 = FACE_BOUND('',#8123,.F.);
#8123 = EDGE_LOOP('',(#8124,#8125,#8126,#8127));
#8124 = ORIENTED_EDGE('',*,*,#7627,.T.);
#8125 = ORIENTED_EDGE('',*,*,#8096,.T.);
#8126 = ORIENTED_EDGE('',*,*,#7816,.F.);
#8127 = ORIENTED_EDGE('',*,*,#8128,.F.);
#8128 = EDGE_CURVE('',#7628,#7809,#8129,.T.);
#8129 = B_SPLINE_CURVE_WITH_KNOTS('',1,(#8130,#8131),.UNSPECIFIED.,.F.,
  .F.,(2,2),(0.,1.),.PIECEWISE_BEZIER_KNOTS.);
#8130 = CARTESIAN_POINT('',(1.375,-0.705,0.575));
#8131 = CARTESIAN_POINT('',(1.375,-0.705,0.775));
#8132 = PLANE('',#8133);
#8133 = AXIS2_PLACEMENT_3D('',#8134,#8135,#8136);
#8134 = CARTESIAN_POINT('',(1.375,-0.705,0.775));
#8135 = DIRECTION('',(-0.707106781187,0.707106781187,0.));
#8136 = DIRECTION('',(-0.707106781187,-0.707106781187,0.));
#8137 = ADVANCED_FACE('',(#8138),#8148,.F.);
#8138 = FACE_BOUND('',#8139,.F.);
#8139 = EDGE_LOOP('',(#8140,#8141,#8146,#8147));
#8140 = ORIENTED_EDGE('',*,*,#7656,.T.);
#8141 = ORIENTED_EDGE('',*,*,#8142,.T.);
#8142 = EDGE_CURVE('',#7650,#8024,#8143,.T.);
#8143 = B_SPLINE_CURVE_WITH_KNOTS('',1,(#8144,#8145),.UNSPECIFIED.,.F.,
  .F.,(2,2),(0.,1.),.PIECEWISE_BEZIER_KNOTS.);
#8144 = CARTESIAN_POINT('',(1.375,0.705,0.575));
#8145 = CARTESIAN_POINT('',(1.375,0.705,0.775));
#8146 = ORIENTED_EDGE('',*,*,#8023,.F.);
#8147 = ORIENTED_EDGE('',*,*,#8110,.F.);
#8148 = PLANE('',#8149);
#8149 = AXIS2_PLACEMENT_3D('',#8150,#8151,#8152);
#8150 = CARTESIAN_POINT('',(1.28,0.8,0.775));
#8151 = DIRECTION('',(-0.707106781187,-0.707106781187,0.));
#8152 = DIRECTION('',(0.707106781187,-0.707106781187,0.));
#8153 = ADVANCED_FACE('',(#8154),#8165,.F.);
#8154 = FACE_BOUND('',#8155,.F.);
#8155 = EDGE_LOOP('',(#8156,#8157,#8158,#8164));
#8156 = ORIENTED_EDGE('',*,*,#8142,.F.);
#8157 = ORIENTED_EDGE('',*,*,#7689,.T.);
#8158 = ORIENTED_EDGE('',*,*,#8159,.T.);
#8159 = EDGE_CURVE('',#7682,#8032,#8160,.T.);
#8160 = LINE('',#8161,#8162);
#8161 = CARTESIAN_POINT('',(1.375,0.325,0.579830288983));
#8162 = VECTOR('',#8163,1.);
#8163 = DIRECTION('',(0.,0.,1.));
#8164 = ORIENTED_EDGE('',*,*,#8031,.F.);
#8165 = PLANE('',#8166);
#8166 = AXIS2_PLACEMENT_3D('',#8167,#8168,#8169);
#8167 = CARTESIAN_POINT('',(1.375,0.705,0.775));
#8168 = DIRECTION('',(-1.,0.,0.));
#8169 = DIRECTION('',(0.,-1.,0.));
#8170 = ADVANCED_FACE('',(#8171),#8198,.F.);
#8171 = FACE_BOUND('',#8172,.F.);
#8172 = EDGE_LOOP('',(#8173,#8174,#8183,#8191));
#8173 = ORIENTED_EDGE('',*,*,#7681,.T.);
#8174 = ORIENTED_EDGE('',*,*,#8175,.T.);
#8175 = EDGE_CURVE('',#7674,#8176,#8178,.T.);
#8176 = VERTEX_POINT('',#8177);
#8177 = CARTESIAN_POINT('',(1.493176930361,-0.325,0.47583778132));
#8178 = CIRCLE('',#8179,0.12);
#8179 = AXIS2_PLACEMENT_3D('',#8180,#8181,#8182);
#8180 = CARTESIAN_POINT('',(1.375,-0.325,0.455));
#8181 = DIRECTION('',(2.22044604925E-16,1.,0.));
#8182 = DIRECTION('',(-9.251858538543E-16,2.054325274013E-31,1.));
#8183 = ORIENTED_EDGE('',*,*,#8184,.F.);
#8184 = EDGE_CURVE('',#8185,#8176,#8187,.T.);
#8185 = VERTEX_POINT('',#8186);
#8186 = CARTESIAN_POINT('',(1.493176930361,0.325,0.47583778132));
#8187 = LINE('',#8188,#8189);
#8188 = CARTESIAN_POINT('',(1.493176930361,0.325,0.47583778132));
#8189 = VECTOR('',#8190,1.);
#8190 = DIRECTION('',(-2.22044604925E-16,-1.,0.));
#8191 = ORIENTED_EDGE('',*,*,#8192,.F.);
#8192 = EDGE_CURVE('',#7682,#8185,#8193,.T.);
#8193 = CIRCLE('',#8194,0.12);
#8194 = AXIS2_PLACEMENT_3D('',#8195,#8196,#8197);
#8195 = CARTESIAN_POINT('',(1.375,0.325,0.455));
#8196 = DIRECTION('',(2.22044604925E-16,1.,0.));
#8197 = DIRECTION('',(-9.251858538543E-16,2.054325274013E-31,1.));
#8198 = CYLINDRICAL_SURFACE('',#8199,0.12);
#8199 = AXIS2_PLACEMENT_3D('',#8200,#8201,#8202);
#8200 = CARTESIAN_POINT('',(1.375,0.325,0.455));
#8201 = DIRECTION('',(2.22044604925E-16,1.,0.));
#8202 = DIRECTION('',(-9.251858538543E-16,2.054325274013E-31,1.));
#8203 = ADVANCED_FACE('',(#8204),#8215,.F.);
#8204 = FACE_BOUND('',#8205,.F.);
#8205 = EDGE_LOOP('',(#8206,#8212,#8213,#8214));
#8206 = ORIENTED_EDGE('',*,*,#8207,.F.);
#8207 = EDGE_CURVE('',#7674,#7801,#8208,.T.);
#8208 = LINE('',#8209,#8210);
#8209 = CARTESIAN_POINT('',(1.375,-0.325,0.579830288983));
#8210 = VECTOR('',#8211,1.);
#8211 = DIRECTION('',(0.,0.,1.));
#8212 = ORIENTED_EDGE('',*,*,#7673,.T.);
#8213 = ORIENTED_EDGE('',*,*,#8128,.T.);
#8214 = ORIENTED_EDGE('',*,*,#7808,.F.);
#8215 = PLANE('',#8216);
#8216 = AXIS2_PLACEMENT_3D('',#8217,#8218,#8219);
#8217 = CARTESIAN_POINT('',(1.375,0.705,0.775));
#8218 = DIRECTION('',(-1.,0.,0.));
#8219 = DIRECTION('',(0.,-1.,0.));
#8220 = ADVANCED_FACE('',(#8221),#8237,.F.);
#8221 = FACE_BOUND('',#8222,.F.);
#8222 = EDGE_LOOP('',(#8223,#8224,#8230,#8231));
#8223 = ORIENTED_EDGE('',*,*,#8039,.F.);
#8224 = ORIENTED_EDGE('',*,*,#8225,.T.);
#8225 = EDGE_CURVE('',#8032,#7801,#8226,.T.);
#8226 = LINE('',#8227,#8228);
#8227 = CARTESIAN_POINT('',(1.375,0.325,0.775));
#8228 = VECTOR('',#8229,1.);
#8229 = DIRECTION('',(-2.22044604925E-16,-1.,0.));
#8230 = ORIENTED_EDGE('',*,*,#7800,.T.);
#8231 = ORIENTED_EDGE('',*,*,#8232,.F.);
#8232 = EDGE_CURVE('',#8040,#7793,#8233,.T.);
#8233 = LINE('',#8234,#8235);
#8234 = CARTESIAN_POINT('',(1.35,0.6925,0.775));
#8235 = VECTOR('',#8236,1.);
#8236 = DIRECTION('',(0.,-1.,0.));
#8237 = PLANE('',#8238);
#8238 = AXIS2_PLACEMENT_3D('',#8239,#8240,#8241);
#8239 = CARTESIAN_POINT('',(1.375,0.325,0.775));
#8240 = DIRECTION('',(0.,0.,-1.));
#8241 = DIRECTION('',(-1.,2.22044604925E-16,0.));
#8242 = ADVANCED_FACE('',(#8243),#8268,.F.);
#8243 = FACE_BOUND('',#8244,.F.);
#8244 = EDGE_LOOP('',(#8245,#8246,#8247,#8248,#8255,#8263));
#8245 = ORIENTED_EDGE('',*,*,#8047,.T.);
#8246 = ORIENTED_EDGE('',*,*,#8232,.T.);
#8247 = ORIENTED_EDGE('',*,*,#7792,.T.);
#8248 = ORIENTED_EDGE('',*,*,#8249,.T.);
#8249 = EDGE_CURVE('',#7785,#8250,#8252,.T.);
#8250 = VERTEX_POINT('',#8251);
#8251 = CARTESIAN_POINT('',(1.283243103516,-0.659121551758,1.25));
#8252 = B_SPLINE_CURVE_WITH_KNOTS('',1,(#8253,#8254),.UNSPECIFIED.,.F.,
  .F.,(2,2),(0.,1.),.PIECEWISE_BEZIER_KNOTS.);
#8253 = CARTESIAN_POINT('',(1.35,-0.6925,0.775));
#8254 = CARTESIAN_POINT('',(1.283243103516,-0.659121551758,1.25));
#8255 = ORIENTED_EDGE('',*,*,#8256,.F.);
#8256 = EDGE_CURVE('',#8257,#8250,#8259,.T.);
#8257 = VERTEX_POINT('',#8258);
#8258 = CARTESIAN_POINT('',(1.283243103516,0.659121551758,1.25));
#8259 = LINE('',#8260,#8261);
#8260 = CARTESIAN_POINT('',(1.283243103516,0.659121551758,1.25));
#8261 = VECTOR('',#8262,1.);
#8262 = DIRECTION('',(0.,-1.,0.));
#8263 = ORIENTED_EDGE('',*,*,#8264,.F.);
#8264 = EDGE_CURVE('',#8048,#8257,#8265,.T.);
#8265 = B_SPLINE_CURVE_WITH_KNOTS('',1,(#8266,#8267),.UNSPECIFIED.,.F.,
  .F.,(2,2),(0.,1.),.PIECEWISE_BEZIER_KNOTS.);
#8266 = CARTESIAN_POINT('',(1.35,0.6925,0.775));
#8267 = CARTESIAN_POINT('',(1.283243103516,0.659121551758,1.25));
#8268 = B_SPLINE_SURFACE_WITH_KNOTS('',1,1,(
    (#8269,#8270)
    ,(#8271,#8272
    )),.UNSPECIFIED.,.F.,.F.,.F.,(2,2),(2,2),(0.,1.385),(0.,1.),
  .PIECEWISE_BEZIER_KNOTS.);
#8269 = CARTESIAN_POINT('',(1.35,0.6925,0.775));
#8270 = CARTESIAN_POINT('',(1.283243103516,0.659121551758,1.25));
#8271 = CARTESIAN_POINT('',(1.35,-0.6925,0.775));
#8272 = CARTESIAN_POINT('',(1.283243103516,-0.659121551758,1.25));
#8273 = ADVANCED_FACE('',(#8274),#8291,.F.);
#8274 = FACE_BOUND('',#8275,.F.);
#8275 = EDGE_LOOP('',(#8276,#8277,#8284,#8290));
#8276 = ORIENTED_EDGE('',*,*,#7784,.T.);
#8277 = ORIENTED_EDGE('',*,*,#8278,.T.);
#8278 = EDGE_CURVE('',#7777,#8279,#8281,.T.);
#8279 = VERTEX_POINT('',#8280);
#8280 = CARTESIAN_POINT('',(1.234121551758,-0.708243103516,1.25));
#8281 = B_SPLINE_CURVE_WITH_KNOTS('',1,(#8282,#8283),.UNSPECIFIED.,.F.,
  .F.,(2,2),(0.,1.),.PIECEWISE_BEZIER_KNOTS.);
#8282 = CARTESIAN_POINT('',(1.2675,-0.775,0.775));
#8283 = CARTESIAN_POINT('',(1.234121551758,-0.708243103516,1.25));
#8284 = ORIENTED_EDGE('',*,*,#8285,.F.);
#8285 = EDGE_CURVE('',#8250,#8279,#8286,.T.);
#8286 = LINE('',#8287,#8288);
#8287 = CARTESIAN_POINT('',(1.283243103516,-0.659121551758,1.25));
#8288 = VECTOR('',#8289,1.);
#8289 = DIRECTION('',(-0.707106781187,-0.707106781187,0.));
#8290 = ORIENTED_EDGE('',*,*,#8249,.F.);
#8291 = B_SPLINE_SURFACE_WITH_KNOTS('',1,1,(
    (#8292,#8293)
    ,(#8294,#8295
    )),.UNSPECIFIED.,.F.,.F.,.F.,(2,2),(2,2),(0.,0.116672618896),(0.,1.)
  ,.PIECEWISE_BEZIER_KNOTS.);
#8292 = CARTESIAN_POINT('',(1.35,-0.6925,0.775));
#8293 = CARTESIAN_POINT('',(1.283243103516,-0.659121551758,1.25));
#8294 = CARTESIAN_POINT('',(1.2675,-0.775,0.775));
#8295 = CARTESIAN_POINT('',(1.234121551758,-0.708243103516,1.25));
#8296 = ADVANCED_FACE('',(#8297),#8314,.F.);
#8297 = FACE_BOUND('',#8298,.F.);
#8298 = EDGE_LOOP('',(#8299,#8300,#8307,#8313));
#8299 = ORIENTED_EDGE('',*,*,#7776,.T.);
#8300 = ORIENTED_EDGE('',*,*,#8301,.T.);
#8301 = EDGE_CURVE('',#7769,#8302,#8304,.T.);
#8302 = VERTEX_POINT('',#8303);
#8303 = CARTESIAN_POINT('',(-1.234121551758,-0.708243103516,1.25));
#8304 = B_SPLINE_CURVE_WITH_KNOTS('',1,(#8305,#8306),.UNSPECIFIED.,.F.,
  .F.,(2,2),(0.,1.),.PIECEWISE_BEZIER_KNOTS.);
#8305 = CARTESIAN_POINT('',(-1.2675,-0.775,0.775));
#8306 = CARTESIAN_POINT('',(-1.234121551758,-0.708243103516,1.25));
#8307 = ORIENTED_EDGE('',*,*,#8308,.F.);
#8308 = EDGE_CURVE('',#8279,#8302,#8309,.T.);
#8309 = LINE('',#8310,#8311);
#8310 = CARTESIAN_POINT('',(1.234121551758,-0.708243103516,1.25));
#8311 = VECTOR('',#8312,1.);
#8312 = DIRECTION('',(-1.,0.,0.));
#8313 = ORIENTED_EDGE('',*,*,#8278,.F.);
#8314 = B_SPLINE_SURFACE_WITH_KNOTS('',1,1,(
    (#8315,#8316)
    ,(#8317,#8318
    )),.UNSPECIFIED.,.F.,.F.,.F.,(2,2),(2,2),(0.,2.535),(0.,1.),
  .PIECEWISE_BEZIER_KNOTS.);
#8315 = CARTESIAN_POINT('',(1.2675,-0.775,0.775));
#8316 = CARTESIAN_POINT('',(1.234121551758,-0.708243103516,1.25));
#8317 = CARTESIAN_POINT('',(-1.2675,-0.775,0.775));
#8318 = CARTESIAN_POINT('',(-1.234121551758,-0.708243103516,1.25));
#8319 = ADVANCED_FACE('',(#8320),#8337,.F.);
#8320 = FACE_BOUND('',#8321,.F.);
#8321 = EDGE_LOOP('',(#8322,#8323,#8330,#8336));
#8322 = ORIENTED_EDGE('',*,*,#7768,.T.);
#8323 = ORIENTED_EDGE('',*,*,#8324,.T.);
#8324 = EDGE_CURVE('',#7761,#8325,#8327,.T.);
#8325 = VERTEX_POINT('',#8326);
#8326 = CARTESIAN_POINT('',(-1.283243103516,-0.659121551758,1.25));
#8327 = B_SPLINE_CURVE_WITH_KNOTS('',1,(#8328,#8329),.UNSPECIFIED.,.F.,
  .F.,(2,2),(0.,1.),.PIECEWISE_BEZIER_KNOTS.);
#8328 = CARTESIAN_POINT('',(-1.35,-0.6925,0.775));
#8329 = CARTESIAN_POINT('',(-1.283243103516,-0.659121551758,1.25));
#8330 = ORIENTED_EDGE('',*,*,#8331,.F.);
#8331 = EDGE_CURVE('',#8302,#8325,#8332,.T.);
#8332 = LINE('',#8333,#8334);
#8333 = CARTESIAN_POINT('',(-1.234121551758,-0.708243103516,1.25));
#8334 = VECTOR('',#8335,1.);
#8335 = DIRECTION('',(-0.707106781187,0.707106781187,0.));
#8336 = ORIENTED_EDGE('',*,*,#8301,.F.);
#8337 = B_SPLINE_SURFACE_WITH_KNOTS('',1,1,(
    (#8338,#8339)
    ,(#8340,#8341
    )),.UNSPECIFIED.,.F.,.F.,.F.,(2,2),(2,2),(0.,0.116672618896),(0.,1.)
  ,.PIECEWISE_BEZIER_KNOTS.);
#8338 = CARTESIAN_POINT('',(-1.2675,-0.775,0.775));
#8339 = CARTESIAN_POINT('',(-1.234121551758,-0.708243103516,1.25));
#8340 = CARTESIAN_POINT('',(-1.35,-0.6925,0.775));
#8341 = CARTESIAN_POINT('',(-1.283243103516,-0.659121551758,1.25));
#8342 = ADVANCED_FACE('',(#8343),#8367,.F.);
#8343 = FACE_BOUND('',#8344,.F.);
#8344 = EDGE_LOOP('',(#8345,#8346,#8352,#8353,#8360,#8366));
#8345 = ORIENTED_EDGE('',*,*,#7760,.T.);
#8346 = ORIENTED_EDGE('',*,*,#8347,.T.);
#8347 = EDGE_CURVE('',#7753,#8006,#8348,.T.);
#8348 = LINE('',#8349,#8350);
#8349 = CARTESIAN_POINT('',(-1.35,-0.6925,0.775));
#8350 = VECTOR('',#8351,1.);
#8351 = DIRECTION('',(0.,1.,0.));
#8352 = ORIENTED_EDGE('',*,*,#8079,.T.);
#8353 = ORIENTED_EDGE('',*,*,#8354,.T.);
#8354 = EDGE_CURVE('',#8072,#8355,#8357,.T.);
#8355 = VERTEX_POINT('',#8356);
#8356 = CARTESIAN_POINT('',(-1.283243103516,0.659121551758,1.25));
#8357 = B_SPLINE_CURVE_WITH_KNOTS('',1,(#8358,#8359),.UNSPECIFIED.,.F.,
  .F.,(2,2),(0.,1.),.PIECEWISE_BEZIER_KNOTS.);
#8358 = CARTESIAN_POINT('',(-1.35,0.6925,0.775));
#8359 = CARTESIAN_POINT('',(-1.283243103516,0.659121551758,1.25));
#8360 = ORIENTED_EDGE('',*,*,#8361,.F.);
#8361 = EDGE_CURVE('',#8325,#8355,#8362,.T.);
#8362 = LINE('',#8363,#8364);
#8363 = CARTESIAN_POINT('',(-1.283243103516,-0.659121551758,1.25));
#8364 = VECTOR('',#8365,1.);
#8365 = DIRECTION('',(0.,1.,0.));
#8366 = ORIENTED_EDGE('',*,*,#8324,.F.);
#8367 = B_SPLINE_SURFACE_WITH_KNOTS('',1,1,(
    (#8368,#8369)
    ,(#8370,#8371
    )),.UNSPECIFIED.,.F.,.F.,.F.,(2,2),(2,2),(0.,1.385),(0.,1.),
  .PIECEWISE_BEZIER_KNOTS.);
#8368 = CARTESIAN_POINT('',(-1.35,-0.6925,0.775));
#8369 = CARTESIAN_POINT('',(-1.283243103516,-0.659121551758,1.25));
#8370 = CARTESIAN_POINT('',(-1.35,0.6925,0.775));
#8371 = CARTESIAN_POINT('',(-1.283243103516,0.659121551758,1.25));
#8372 = ADVANCED_FACE('',(#8373),#8384,.F.);
#8373 = FACE_BOUND('',#8374,.F.);
#8374 = EDGE_LOOP('',(#8375,#8376,#8382,#8383));
#8375 = ORIENTED_EDGE('',*,*,#7752,.F.);
#8376 = ORIENTED_EDGE('',*,*,#8377,.T.);
#8377 = EDGE_CURVE('',#7472,#7527,#8378,.T.);
#8378 = LINE('',#8379,#8380);
#8379 = CARTESIAN_POINT('',(-1.375,-0.325,0.775));
#8380 = VECTOR('',#8381,1.);
#8381 = DIRECTION('',(1.110223024625E-16,1.,0.));
#8382 = ORIENTED_EDGE('',*,*,#8005,.T.);
#8383 = ORIENTED_EDGE('',*,*,#8347,.F.);
#8384 = PLANE('',#8385);
#8385 = AXIS2_PLACEMENT_3D('',#8386,#8387,#8388);
#8386 = CARTESIAN_POINT('',(-1.375,-0.325,0.775));
#8387 = DIRECTION('',(0.,0.,-1.));
#8388 = DIRECTION('',(1.,-1.110223024625E-16,0.));
#8389 = ADVANCED_FACE('',(#8390),#8401,.T.);
#8390 = FACE_BOUND('',#8391,.T.);
#8391 = EDGE_LOOP('',(#8392,#8393,#8394,#8395));
#8392 = ORIENTED_EDGE('',*,*,#7898,.T.);
#8393 = ORIENTED_EDGE('',*,*,#8377,.T.);
#8394 = ORIENTED_EDGE('',*,*,#7990,.F.);
#8395 = ORIENTED_EDGE('',*,*,#8396,.F.);
#8396 = EDGE_CURVE('',#7891,#7983,#8397,.T.);
#8397 = LINE('',#8398,#8399);
#8398 = CARTESIAN_POINT('',(-1.690138480964,-0.325,0.510567416853));
#8399 = VECTOR('',#8400,1.);
#8400 = DIRECTION('',(1.110223024625E-16,1.,0.));
#8401 = CYLINDRICAL_SURFACE('',#8402,0.32);
#8402 = AXIS2_PLACEMENT_3D('',#8403,#8404,#8405);
#8403 = CARTESIAN_POINT('',(-1.375,-0.325,0.455));
#8404 = DIRECTION('',(-1.110223024625E-16,-1.,-0.));
#8405 = DIRECTION('',(-0.984807753012,1.093356242223E-16,0.173648177667)
  );
#8406 = ADVANCED_FACE('',(#8407),#8418,.F.);
#8407 = FACE_BOUND('',#8408,.F.);
#8408 = EDGE_LOOP('',(#8409,#8415,#8416,#8417));
#8409 = ORIENTED_EDGE('',*,*,#8410,.T.);
#8410 = EDGE_CURVE('',#7882,#7974,#8411,.T.);
#8411 = LINE('',#8412,#8413);
#8412 = CARTESIAN_POINT('',(-1.720627212034,-0.325,0.29916221868));
#8413 = VECTOR('',#8414,1.);
#8414 = DIRECTION('',(1.110223024625E-16,1.,0.));
#8415 = ORIENTED_EDGE('',*,*,#7982,.T.);
#8416 = ORIENTED_EDGE('',*,*,#8396,.F.);
#8417 = ORIENTED_EDGE('',*,*,#7890,.F.);
#8418 = PLANE('',#8419);
#8419 = AXIS2_PLACEMENT_3D('',#8420,#8421,#8422);
#8420 = CARTESIAN_POINT('',(-1.720627212034,-0.325,0.29916221868));
#8421 = DIRECTION('',(0.989759848633,-1.098854172802E-16,-0.142742572604
    ));
#8422 = DIRECTION('',(0.142742572604,-1.584760906992E-17,0.989759848633)
  );
#8423 = ADVANCED_FACE('',(#8424),#8435,.F.);
#8424 = FACE_BOUND('',#8425,.F.);
#8425 = EDGE_LOOP('',(#8426,#8432,#8433,#8434));
#8426 = ORIENTED_EDGE('',*,*,#8427,.T.);
#8427 = EDGE_CURVE('',#7874,#7966,#8428,.T.);
#8428 = LINE('',#8429,#8430);
#8429 = CARTESIAN_POINT('',(-1.838804142396,-0.325,0.2));
#8430 = VECTOR('',#8431,1.);
#8431 = DIRECTION('',(1.110223024625E-16,1.,0.));
#8432 = ORIENTED_EDGE('',*,*,#7973,.T.);
#8433 = ORIENTED_EDGE('',*,*,#8410,.F.);
#8434 = ORIENTED_EDGE('',*,*,#7881,.F.);
#8435 = CYLINDRICAL_SURFACE('',#8436,0.12);
#8436 = AXIS2_PLACEMENT_3D('',#8437,#8438,#8439);
#8437 = CARTESIAN_POINT('',(-1.838804142396,-0.325,0.32));
#8438 = DIRECTION('',(-1.110223024625E-16,-1.,0.));
#8439 = DIRECTION('',(1.850371707709E-15,-2.054325274013E-31,-1.));
#8440 = ADVANCED_FACE('',(#8441),#8452,.F.);
#8441 = FACE_BOUND('',#8442,.F.);
#8442 = EDGE_LOOP('',(#8443,#8449,#8450,#8451));
#8443 = ORIENTED_EDGE('',*,*,#8444,.T.);
#8444 = EDGE_CURVE('',#7866,#7958,#8445,.T.);
#8445 = LINE('',#8446,#8447);
#8446 = CARTESIAN_POINT('',(-1.9,-0.325,0.2));
#8447 = VECTOR('',#8448,1.);
#8448 = DIRECTION('',(1.110223024625E-16,1.,0.));
#8449 = ORIENTED_EDGE('',*,*,#7965,.T.);
#8450 = ORIENTED_EDGE('',*,*,#8427,.F.);
#8451 = ORIENTED_EDGE('',*,*,#7873,.F.);
#8452 = PLANE('',#8453);
#8453 = AXIS2_PLACEMENT_3D('',#8454,#8455,#8456);
#8454 = CARTESIAN_POINT('',(-1.9,-0.325,0.2));
#8455 = DIRECTION('',(0.,0.,-1.));
#8456 = DIRECTION('',(1.,-1.110223024625E-16,0.));
#8457 = ADVANCED_FACE('',(#8458),#8469,.F.);
#8458 = FACE_BOUND('',#8459,.F.);
#8459 = EDGE_LOOP('',(#8460,#8466,#8467,#8468));
#8460 = ORIENTED_EDGE('',*,*,#8461,.T.);
#8461 = EDGE_CURVE('',#7858,#7950,#8462,.T.);
#8462 = LINE('',#8463,#8464);
#8463 = CARTESIAN_POINT('',(-1.9,-0.325,-5.551115123126E-17));
#8464 = VECTOR('',#8465,1.);
#8465 = DIRECTION('',(1.110223024625E-16,1.,0.));
#8466 = ORIENTED_EDGE('',*,*,#7957,.T.);
#8467 = ORIENTED_EDGE('',*,*,#8444,.F.);
#8468 = ORIENTED_EDGE('',*,*,#7865,.F.);
#8469 = PLANE('',#8470);
#8470 = AXIS2_PLACEMENT_3D('',#8471,#8472,#8473);
#8471 = CARTESIAN_POINT('',(-1.9,-0.325,-5.551115123126E-17));
#8472 = DIRECTION('',(1.,-1.110223024625E-16,0.));
#8473 = DIRECTION('',(0.,0.,1.));
#8474 = ADVANCED_FACE('',(#8475),#8486,.F.);
#8475 = FACE_BOUND('',#8476,.F.);
#8476 = EDGE_LOOP('',(#8477,#8483,#8484,#8485));
#8477 = ORIENTED_EDGE('',*,*,#8478,.T.);
#8478 = EDGE_CURVE('',#7849,#7941,#8479,.T.);
#8479 = LINE('',#8480,#8481);
#8480 = CARTESIAN_POINT('',(-1.838804142396,-0.325,-5.551115123126E-17)
  );
#8481 = VECTOR('',#8482,1.);
#8482 = DIRECTION('',(1.110223024625E-16,1.,0.));
#8483 = ORIENTED_EDGE('',*,*,#7949,.T.);
#8484 = ORIENTED_EDGE('',*,*,#8461,.F.);
#8485 = ORIENTED_EDGE('',*,*,#7857,.F.);
#8486 = PLANE('',#8487);
#8487 = AXIS2_PLACEMENT_3D('',#8488,#8489,#8490);
#8488 = CARTESIAN_POINT('',(-1.838804142396,-0.325,-5.551115123126E-17)
  );
#8489 = DIRECTION('',(0.,0.,1.));
#8490 = DIRECTION('',(-1.,1.110223024625E-16,0.));
#8491 = ADVANCED_FACE('',(#8492),#8498,.T.);
#8492 = FACE_BOUND('',#8493,.T.);
#8493 = EDGE_LOOP('',(#8494,#8495,#8496,#8497));
#8494 = ORIENTED_EDGE('',*,*,#7848,.T.);
#8495 = ORIENTED_EDGE('',*,*,#8478,.T.);
#8496 = ORIENTED_EDGE('',*,*,#7940,.F.);
#8497 = ORIENTED_EDGE('',*,*,#7922,.F.);
#8498 = CYLINDRICAL_SURFACE('',#8499,0.32);
#8499 = AXIS2_PLACEMENT_3D('',#8500,#8501,#8502);
#8500 = CARTESIAN_POINT('',(-1.838804142396,-0.325,0.32));
#8501 = DIRECTION('',(-1.110223024625E-16,-1.,-0.));
#8502 = DIRECTION('',(0.984807753012,-1.093356242223E-16,-0.173648177667
    ));
#8503 = ADVANCED_FACE('',(#8504),#8521,.F.);
#8504 = FACE_BOUND('',#8505,.F.);
#8505 = EDGE_LOOP('',(#8506,#8507,#8514,#8520));
#8506 = ORIENTED_EDGE('',*,*,#8071,.T.);
#8507 = ORIENTED_EDGE('',*,*,#8508,.T.);
#8508 = EDGE_CURVE('',#8064,#8509,#8511,.T.);
#8509 = VERTEX_POINT('',#8510);
#8510 = CARTESIAN_POINT('',(-1.234121551758,0.708243103516,1.25));
#8511 = B_SPLINE_CURVE_WITH_KNOTS('',1,(#8512,#8513),.UNSPECIFIED.,.F.,
  .F.,(2,2),(0.,1.),.PIECEWISE_BEZIER_KNOTS.);
#8512 = CARTESIAN_POINT('',(-1.2675,0.775,0.775));
#8513 = CARTESIAN_POINT('',(-1.234121551758,0.708243103516,1.25));
#8514 = ORIENTED_EDGE('',*,*,#8515,.F.);
#8515 = EDGE_CURVE('',#8355,#8509,#8516,.T.);
#8516 = LINE('',#8517,#8518);
#8517 = CARTESIAN_POINT('',(-1.283243103516,0.659121551758,1.25));
#8518 = VECTOR('',#8519,1.);
#8519 = DIRECTION('',(0.707106781187,0.707106781187,0.));
#8520 = ORIENTED_EDGE('',*,*,#8354,.F.);
#8521 = B_SPLINE_SURFACE_WITH_KNOTS('',1,1,(
    (#8522,#8523)
    ,(#8524,#8525
    )),.UNSPECIFIED.,.F.,.F.,.F.,(2,2),(2,2),(0.,0.116672618896),(0.,1.)
  ,.PIECEWISE_BEZIER_KNOTS.);
#8522 = CARTESIAN_POINT('',(-1.35,0.6925,0.775));
#8523 = CARTESIAN_POINT('',(-1.283243103516,0.659121551758,1.25));
#8524 = CARTESIAN_POINT('',(-1.2675,0.775,0.775));
#8525 = CARTESIAN_POINT('',(-1.234121551758,0.708243103516,1.25));
#8526 = ADVANCED_FACE('',(#8527),#8544,.F.);
#8527 = FACE_BOUND('',#8528,.F.);
#8528 = EDGE_LOOP('',(#8529,#8530,#8537,#8543));
#8529 = ORIENTED_EDGE('',*,*,#8063,.T.);
#8530 = ORIENTED_EDGE('',*,*,#8531,.T.);
#8531 = EDGE_CURVE('',#8056,#8532,#8534,.T.);
#8532 = VERTEX_POINT('',#8533);
#8533 = CARTESIAN_POINT('',(1.234121551758,0.708243103516,1.25));
#8534 = B_SPLINE_CURVE_WITH_KNOTS('',1,(#8535,#8536),.UNSPECIFIED.,.F.,
  .F.,(2,2),(0.,1.),.PIECEWISE_BEZIER_KNOTS.);
#8535 = CARTESIAN_POINT('',(1.2675,0.775,0.775));
#8536 = CARTESIAN_POINT('',(1.234121551758,0.708243103516,1.25));
#8537 = ORIENTED_EDGE('',*,*,#8538,.F.);
#8538 = EDGE_CURVE('',#8509,#8532,#8539,.T.);
#8539 = LINE('',#8540,#8541);
#8540 = CARTESIAN_POINT('',(-1.234121551758,0.708243103516,1.25));
#8541 = VECTOR('',#8542,1.);
#8542 = DIRECTION('',(1.,0.,0.));
#8543 = ORIENTED_EDGE('',*,*,#8508,.F.);
#8544 = B_SPLINE_SURFACE_WITH_KNOTS('',1,1,(
    (#8545,#8546)
    ,(#8547,#8548
    )),.UNSPECIFIED.,.F.,.F.,.F.,(2,2),(2,2),(0.,2.535),(0.,1.),
  .PIECEWISE_BEZIER_KNOTS.);
#8545 = CARTESIAN_POINT('',(-1.2675,0.775,0.775));
#8546 = CARTESIAN_POINT('',(-1.234121551758,0.708243103516,1.25));
#8547 = CARTESIAN_POINT('',(1.2675,0.775,0.775));
#8548 = CARTESIAN_POINT('',(1.234121551758,0.708243103516,1.25));
#8549 = ADVANCED_FACE('',(#8550),#8561,.F.);
#8550 = FACE_BOUND('',#8551,.F.);
#8551 = EDGE_LOOP('',(#8552,#8553,#8554,#8560));
#8552 = ORIENTED_EDGE('',*,*,#8055,.T.);
#8553 = ORIENTED_EDGE('',*,*,#8264,.T.);
#8554 = ORIENTED_EDGE('',*,*,#8555,.F.);
#8555 = EDGE_CURVE('',#8532,#8257,#8556,.T.);
#8556 = LINE('',#8557,#8558);
#8557 = CARTESIAN_POINT('',(1.234121551758,0.708243103516,1.25));
#8558 = VECTOR('',#8559,1.);
#8559 = DIRECTION('',(0.707106781187,-0.707106781187,0.));
#8560 = ORIENTED_EDGE('',*,*,#8531,.F.);
#8561 = B_SPLINE_SURFACE_WITH_KNOTS('',1,1,(
    (#8562,#8563)
    ,(#8564,#8565
    )),.UNSPECIFIED.,.F.,.F.,.F.,(2,2),(2,2),(0.,0.116672618896),(0.,1.)
  ,.PIECEWISE_BEZIER_KNOTS.);
#8562 = CARTESIAN_POINT('',(1.2675,0.775,0.775));
#8563 = CARTESIAN_POINT('',(1.234121551758,0.708243103516,1.25));
#8564 = CARTESIAN_POINT('',(1.35,0.6925,0.775));
#8565 = CARTESIAN_POINT('',(1.283243103516,0.659121551758,1.25));
#8566 = ADVANCED_FACE('',(#8567),#8636,.F.);
#8567 = FACE_BOUND('',#8568,.F.);
#8568 = EDGE_LOOP('',(#8569,#8570,#8571,#8579,#8588,#8596,#8604,#8612,
    #8621,#8629));
#8569 = ORIENTED_EDGE('',*,*,#8159,.F.);
#8570 = ORIENTED_EDGE('',*,*,#8192,.T.);
#8571 = ORIENTED_EDGE('',*,*,#8572,.T.);
#8572 = EDGE_CURVE('',#8185,#8573,#8575,.T.);
#8573 = VERTEX_POINT('',#8574);
#8574 = CARTESIAN_POINT('',(1.523665661432,0.325,0.264432583147));
#8575 = LINE('',#8576,#8577);
#8576 = CARTESIAN_POINT('',(1.493176930361,0.325,0.47583778132));
#8577 = VECTOR('',#8578,1.);
#8578 = DIRECTION('',(0.142742572604,-3.169521813984E-17,-0.989759848633
    ));
#8579 = ORIENTED_EDGE('',*,*,#8580,.T.);
#8580 = EDGE_CURVE('',#8573,#8581,#8583,.T.);
#8581 = VERTEX_POINT('',#8582);
#8582 = CARTESIAN_POINT('',(1.838804142396,0.325,-5.551115123126E-17));
#8583 = CIRCLE('',#8584,0.32);
#8584 = AXIS2_PLACEMENT_3D('',#8585,#8586,#8587);
#8585 = CARTESIAN_POINT('',(1.838804142396,0.325,0.32));
#8586 = DIRECTION('',(-2.22044604925E-16,-1.,0.));
#8587 = DIRECTION('',(-0.984807753012,2.186712484447E-16,-0.173648177667
    ));
#8588 = ORIENTED_EDGE('',*,*,#8589,.T.);
#8589 = EDGE_CURVE('',#8581,#8590,#8592,.T.);
#8590 = VERTEX_POINT('',#8591);
#8591 = CARTESIAN_POINT('',(1.9,0.325,-5.551115123126E-17));
#8592 = LINE('',#8593,#8594);
#8593 = CARTESIAN_POINT('',(1.838804142396,0.325,-5.551115123126E-17));
#8594 = VECTOR('',#8595,1.);
#8595 = DIRECTION('',(1.,-2.22044604925E-16,0.));
#8596 = ORIENTED_EDGE('',*,*,#8597,.T.);
#8597 = EDGE_CURVE('',#8590,#8598,#8600,.T.);
#8598 = VERTEX_POINT('',#8599);
#8599 = CARTESIAN_POINT('',(1.9,0.325,0.2));
#8600 = LINE('',#8601,#8602);
#8601 = CARTESIAN_POINT('',(1.9,0.325,-5.551115123126E-17));
#8602 = VECTOR('',#8603,1.);
#8603 = DIRECTION('',(0.,0.,1.));
#8604 = ORIENTED_EDGE('',*,*,#8605,.T.);
#8605 = EDGE_CURVE('',#8598,#8606,#8608,.T.);
#8606 = VERTEX_POINT('',#8607);
#8607 = CARTESIAN_POINT('',(1.838804142396,0.325,0.2));
#8608 = LINE('',#8609,#8610);
#8609 = CARTESIAN_POINT('',(1.9,0.325,0.2));
#8610 = VECTOR('',#8611,1.);
#8611 = DIRECTION('',(-1.,2.22044604925E-16,0.));
#8612 = ORIENTED_EDGE('',*,*,#8613,.T.);
#8613 = EDGE_CURVE('',#8606,#8614,#8616,.T.);
#8614 = VERTEX_POINT('',#8615);
#8615 = CARTESIAN_POINT('',(1.720627212034,0.325,0.29916221868));
#8616 = CIRCLE('',#8617,0.12);
#8617 = AXIS2_PLACEMENT_3D('',#8618,#8619,#8620);
#8618 = CARTESIAN_POINT('',(1.838804142396,0.325,0.32));
#8619 = DIRECTION('',(2.22044604925E-16,1.,0.));
#8620 = DIRECTION('',(-1.850371707709E-15,4.108650548026E-31,-1.));
#8621 = ORIENTED_EDGE('',*,*,#8622,.T.);
#8622 = EDGE_CURVE('',#8614,#8623,#8625,.T.);
#8623 = VERTEX_POINT('',#8624);
#8624 = CARTESIAN_POINT('',(1.690138480964,0.325,0.510567416853));
#8625 = LINE('',#8626,#8627);
#8626 = CARTESIAN_POINT('',(1.720627212034,0.325,0.29916221868));
#8627 = VECTOR('',#8628,1.);
#8628 = DIRECTION('',(-0.142742572604,3.169521813984E-17,0.989759848633)
  );
#8629 = ORIENTED_EDGE('',*,*,#8630,.T.);
#8630 = EDGE_CURVE('',#8623,#8032,#8631,.T.);
#8631 = CIRCLE('',#8632,0.32);
#8632 = AXIS2_PLACEMENT_3D('',#8633,#8634,#8635);
#8633 = CARTESIAN_POINT('',(1.375,0.325,0.455));
#8634 = DIRECTION('',(-2.22044604925E-16,-1.,0.));
#8635 = DIRECTION('',(0.984807753012,-2.186712484447E-16,0.173648177667)
  );
#8636 = PLANE('',#8637);
#8637 = AXIS2_PLACEMENT_3D('',#8638,#8639,#8640);
#8638 = CARTESIAN_POINT('',(1.610729118287,0.325,0.384660577966));
#8639 = DIRECTION('',(-2.22044604925E-16,-1.,0.));
#8640 = DIRECTION('',(0.,0.,1.));
#8641 = ADVANCED_FACE('',(#8642),#8660,.F.);
#8642 = FACE_BOUND('',#8643,.F.);
#8643 = EDGE_LOOP('',(#8644,#8645,#8653,#8659));
#8644 = ORIENTED_EDGE('',*,*,#8184,.T.);
#8645 = ORIENTED_EDGE('',*,*,#8646,.T.);
#8646 = EDGE_CURVE('',#8176,#8647,#8649,.T.);
#8647 = VERTEX_POINT('',#8648);
#8648 = CARTESIAN_POINT('',(1.523665661432,-0.325,0.264432583147));
#8649 = LINE('',#8650,#8651);
#8650 = CARTESIAN_POINT('',(1.493176930361,-0.325,0.47583778132));
#8651 = VECTOR('',#8652,1.);
#8652 = DIRECTION('',(0.142742572604,-3.169521813984E-17,-0.989759848633
    ));
#8653 = ORIENTED_EDGE('',*,*,#8654,.F.);
#8654 = EDGE_CURVE('',#8573,#8647,#8655,.T.);
#8655 = LINE('',#8656,#8657);
#8656 = CARTESIAN_POINT('',(1.523665661432,0.325,0.264432583147));
#8657 = VECTOR('',#8658,1.);
#8658 = DIRECTION('',(-2.22044604925E-16,-1.,0.));
#8659 = ORIENTED_EDGE('',*,*,#8572,.F.);
#8660 = PLANE('',#8661);
#8661 = AXIS2_PLACEMENT_3D('',#8662,#8663,#8664);
#8662 = CARTESIAN_POINT('',(1.493176930361,0.325,0.47583778132));
#8663 = DIRECTION('',(0.989759848633,-2.197708345604E-16,0.142742572604)
  );
#8664 = DIRECTION('',(0.142742572604,-3.169521813984E-17,-0.989759848633
    ));
#8665 = ADVANCED_FACE('',(#8666),#8728,.T.);
#8666 = FACE_BOUND('',#8667,.T.);
#8667 = EDGE_LOOP('',(#8668,#8669,#8670,#8671,#8680,#8688,#8696,#8704,
    #8713,#8721));
#8668 = ORIENTED_EDGE('',*,*,#8207,.F.);
#8669 = ORIENTED_EDGE('',*,*,#8175,.T.);
#8670 = ORIENTED_EDGE('',*,*,#8646,.T.);
#8671 = ORIENTED_EDGE('',*,*,#8672,.T.);
#8672 = EDGE_CURVE('',#8647,#8673,#8675,.T.);
#8673 = VERTEX_POINT('',#8674);
#8674 = CARTESIAN_POINT('',(1.838804142396,-0.325,-5.551115123126E-17));
#8675 = CIRCLE('',#8676,0.32);
#8676 = AXIS2_PLACEMENT_3D('',#8677,#8678,#8679);
#8677 = CARTESIAN_POINT('',(1.838804142396,-0.325,0.32));
#8678 = DIRECTION('',(-2.22044604925E-16,-1.,0.));
#8679 = DIRECTION('',(-0.984807753012,2.186712484447E-16,-0.173648177667
    ));
#8680 = ORIENTED_EDGE('',*,*,#8681,.T.);
#8681 = EDGE_CURVE('',#8673,#8682,#8684,.T.);
#8682 = VERTEX_POINT('',#8683);
#8683 = CARTESIAN_POINT('',(1.9,-0.325,-5.551115123126E-17));
#8684 = LINE('',#8685,#8686);
#8685 = CARTESIAN_POINT('',(1.838804142396,-0.325,-5.551115123126E-17));
#8686 = VECTOR('',#8687,1.);
#8687 = DIRECTION('',(1.,-2.22044604925E-16,0.));
#8688 = ORIENTED_EDGE('',*,*,#8689,.T.);
#8689 = EDGE_CURVE('',#8682,#8690,#8692,.T.);
#8690 = VERTEX_POINT('',#8691);
#8691 = CARTESIAN_POINT('',(1.9,-0.325,0.2));
#8692 = LINE('',#8693,#8694);
#8693 = CARTESIAN_POINT('',(1.9,-0.325,-5.551115123126E-17));
#8694 = VECTOR('',#8695,1.);
#8695 = DIRECTION('',(0.,0.,1.));
#8696 = ORIENTED_EDGE('',*,*,#8697,.T.);
#8697 = EDGE_CURVE('',#8690,#8698,#8700,.T.);
#8698 = VERTEX_POINT('',#8699);
#8699 = CARTESIAN_POINT('',(1.838804142396,-0.325,0.2));
#8700 = LINE('',#8701,#8702);
#8701 = CARTESIAN_POINT('',(1.9,-0.325,0.2));
#8702 = VECTOR('',#8703,1.);
#8703 = DIRECTION('',(-1.,2.22044604925E-16,0.));
#8704 = ORIENTED_EDGE('',*,*,#8705,.T.);
#8705 = EDGE_CURVE('',#8698,#8706,#8708,.T.);
#8706 = VERTEX_POINT('',#8707);
#8707 = CARTESIAN_POINT('',(1.720627212034,-0.325,0.29916221868));
#8708 = CIRCLE('',#8709,0.12);
#8709 = AXIS2_PLACEMENT_3D('',#8710,#8711,#8712);
#8710 = CARTESIAN_POINT('',(1.838804142396,-0.325,0.32));
#8711 = DIRECTION('',(2.22044604925E-16,1.,0.));
#8712 = DIRECTION('',(-1.850371707709E-15,4.108650548026E-31,-1.));
#8713 = ORIENTED_EDGE('',*,*,#8714,.T.);
#8714 = EDGE_CURVE('',#8706,#8715,#8717,.T.);
#8715 = VERTEX_POINT('',#8716);
#8716 = CARTESIAN_POINT('',(1.690138480964,-0.325,0.510567416853));
#8717 = LINE('',#8718,#8719);
#8718 = CARTESIAN_POINT('',(1.720627212034,-0.325,0.29916221868));
#8719 = VECTOR('',#8720,1.);
#8720 = DIRECTION('',(-0.142742572604,3.169521813984E-17,0.989759848633)
  );
#8721 = ORIENTED_EDGE('',*,*,#8722,.T.);
#8722 = EDGE_CURVE('',#8715,#7801,#8723,.T.);
#8723 = CIRCLE('',#8724,0.32);
#8724 = AXIS2_PLACEMENT_3D('',#8725,#8726,#8727);
#8725 = CARTESIAN_POINT('',(1.375,-0.325,0.455));
#8726 = DIRECTION('',(-2.22044604925E-16,-1.,0.));
#8727 = DIRECTION('',(0.984807753012,-2.186712484447E-16,0.173648177667)
  );
#8728 = PLANE('',#8729);
#8729 = AXIS2_PLACEMENT_3D('',#8730,#8731,#8732);
#8730 = CARTESIAN_POINT('',(1.610729118287,-0.325,0.384660577966));
#8731 = DIRECTION('',(-2.22044604925E-16,-1.,0.));
#8732 = DIRECTION('',(0.,0.,1.));
#8733 = ADVANCED_FACE('',(#8734),#8745,.T.);
#8734 = FACE_BOUND('',#8735,.T.);
#8735 = EDGE_LOOP('',(#8736,#8737,#8738,#8739));
#8736 = ORIENTED_EDGE('',*,*,#8630,.T.);
#8737 = ORIENTED_EDGE('',*,*,#8225,.T.);
#8738 = ORIENTED_EDGE('',*,*,#8722,.F.);
#8739 = ORIENTED_EDGE('',*,*,#8740,.F.);
#8740 = EDGE_CURVE('',#8623,#8715,#8741,.T.);
#8741 = LINE('',#8742,#8743);
#8742 = CARTESIAN_POINT('',(1.690138480964,0.325,0.510567416853));
#8743 = VECTOR('',#8744,1.);
#8744 = DIRECTION('',(-2.22044604925E-16,-1.,0.));
#8745 = CYLINDRICAL_SURFACE('',#8746,0.32);
#8746 = AXIS2_PLACEMENT_3D('',#8747,#8748,#8749);
#8747 = CARTESIAN_POINT('',(1.375,0.325,0.455));
#8748 = DIRECTION('',(2.22044604925E-16,1.,0.));
#8749 = DIRECTION('',(0.984807753012,-2.186712484447E-16,0.173648177667)
  );
#8750 = ADVANCED_FACE('',(#8751,#8761),#8795,.T.);
#8751 = FACE_BOUND('',#8752,.T.);
#8752 = EDGE_LOOP('',(#8753,#8754,#8755,#8756,#8757,#8758,#8759,#8760));
#8753 = ORIENTED_EDGE('',*,*,#8361,.F.);
#8754 = ORIENTED_EDGE('',*,*,#8331,.F.);
#8755 = ORIENTED_EDGE('',*,*,#8308,.F.);
#8756 = ORIENTED_EDGE('',*,*,#8285,.F.);
#8757 = ORIENTED_EDGE('',*,*,#8256,.F.);
#8758 = ORIENTED_EDGE('',*,*,#8555,.F.);
#8759 = ORIENTED_EDGE('',*,*,#8538,.F.);
#8760 = ORIENTED_EDGE('',*,*,#8515,.F.);
#8761 = FACE_BOUND('',#8762,.T.);
#8762 = EDGE_LOOP('',(#8763,#8773,#8781,#8789));
#8763 = ORIENTED_EDGE('',*,*,#8764,.T.);
#8764 = EDGE_CURVE('',#8765,#8767,#8769,.T.);
#8765 = VERTEX_POINT('',#8766);
#8766 = CARTESIAN_POINT('',(-0.683243103516,-0.608243103516,1.25));
#8767 = VERTEX_POINT('',#8768);
#8768 = CARTESIAN_POINT('',(-1.183243103516,-0.608243103516,1.25));
#8769 = LINE('',#8770,#8771);
#8770 = CARTESIAN_POINT('',(-1.233243103516,-0.608243103516,1.25));
#8771 = VECTOR('',#8772,1.);
#8772 = DIRECTION('',(-1.,0.,0.));
#8773 = ORIENTED_EDGE('',*,*,#8774,.T.);
#8774 = EDGE_CURVE('',#8767,#8775,#8777,.T.);
#8775 = VERTEX_POINT('',#8776);
#8776 = CARTESIAN_POINT('',(-1.183243103516,0.608243103516,1.25));
#8777 = LINE('',#8778,#8779);
#8778 = CARTESIAN_POINT('',(-1.183243103516,-0.633682327637,1.25));
#8779 = VECTOR('',#8780,1.);
#8780 = DIRECTION('',(0.,1.,0.));
#8781 = ORIENTED_EDGE('',*,*,#8782,.F.);
#8782 = EDGE_CURVE('',#8783,#8775,#8785,.T.);
#8783 = VERTEX_POINT('',#8784);
#8784 = CARTESIAN_POINT('',(-0.683243103516,0.608243103516,1.25));
#8785 = LINE('',#8786,#8787);
#8786 = CARTESIAN_POINT('',(-1.233243103516,0.608243103516,1.25));
#8787 = VECTOR('',#8788,1.);
#8788 = DIRECTION('',(-1.,0.,0.));
#8789 = ORIENTED_EDGE('',*,*,#8790,.F.);
#8790 = EDGE_CURVE('',#8765,#8783,#8791,.T.);
#8791 = LINE('',#8792,#8793);
#8792 = CARTESIAN_POINT('',(-0.683243103516,-0.633682327637,1.25));
#8793 = VECTOR('',#8794,1.);
#8794 = DIRECTION('',(0.,1.,0.));
#8795 = PLANE('',#8796);
#8796 = AXIS2_PLACEMENT_3D('',#8797,#8798,#8799);
#8797 = CARTESIAN_POINT('',(-1.283243103516,-0.659121551758,1.25));
#8798 = DIRECTION('',(0.,0.,1.));
#8799 = DIRECTION('',(0.889522261294,0.456891832562,-0.));
#8800 = ADVANCED_FACE('',(#8801),#8812,.F.);
#8801 = FACE_BOUND('',#8802,.F.);
#8802 = EDGE_LOOP('',(#8803,#8809,#8810,#8811));
#8803 = ORIENTED_EDGE('',*,*,#8804,.T.);
#8804 = EDGE_CURVE('',#8614,#8706,#8805,.T.);
#8805 = LINE('',#8806,#8807);
#8806 = CARTESIAN_POINT('',(1.720627212034,0.325,0.29916221868));
#8807 = VECTOR('',#8808,1.);
#8808 = DIRECTION('',(-2.22044604925E-16,-1.,0.));
#8809 = ORIENTED_EDGE('',*,*,#8714,.T.);
#8810 = ORIENTED_EDGE('',*,*,#8740,.F.);
#8811 = ORIENTED_EDGE('',*,*,#8622,.F.);
#8812 = PLANE('',#8813);
#8813 = AXIS2_PLACEMENT_3D('',#8814,#8815,#8816);
#8814 = CARTESIAN_POINT('',(1.720627212034,0.325,0.29916221868));
#8815 = DIRECTION('',(-0.989759848633,2.197708345604E-16,-0.142742572604
    ));
#8816 = DIRECTION('',(-0.142742572604,3.169521813984E-17,0.989759848633)
  );
#8817 = ADVANCED_FACE('',(#8818),#8829,.F.);
#8818 = FACE_BOUND('',#8819,.F.);
#8819 = EDGE_LOOP('',(#8820,#8826,#8827,#8828));
#8820 = ORIENTED_EDGE('',*,*,#8821,.T.);
#8821 = EDGE_CURVE('',#8606,#8698,#8822,.T.);
#8822 = LINE('',#8823,#8824);
#8823 = CARTESIAN_POINT('',(1.838804142396,0.325,0.2));
#8824 = VECTOR('',#8825,1.);
#8825 = DIRECTION('',(-2.22044604925E-16,-1.,0.));
#8826 = ORIENTED_EDGE('',*,*,#8705,.T.);
#8827 = ORIENTED_EDGE('',*,*,#8804,.F.);
#8828 = ORIENTED_EDGE('',*,*,#8613,.F.);
#8829 = CYLINDRICAL_SURFACE('',#8830,0.12);
#8830 = AXIS2_PLACEMENT_3D('',#8831,#8832,#8833);
#8831 = CARTESIAN_POINT('',(1.838804142396,0.325,0.32));
#8832 = DIRECTION('',(2.22044604925E-16,1.,0.));
#8833 = DIRECTION('',(-1.850371707709E-15,4.108650548026E-31,-1.));
#8834 = ADVANCED_FACE('',(#8835),#8846,.F.);
#8835 = FACE_BOUND('',#8836,.F.);
#8836 = EDGE_LOOP('',(#8837,#8843,#8844,#8845));
#8837 = ORIENTED_EDGE('',*,*,#8838,.T.);
#8838 = EDGE_CURVE('',#8598,#8690,#8839,.T.);
#8839 = LINE('',#8840,#8841);
#8840 = CARTESIAN_POINT('',(1.9,0.325,0.2));
#8841 = VECTOR('',#8842,1.);
#8842 = DIRECTION('',(-2.22044604925E-16,-1.,0.));
#8843 = ORIENTED_EDGE('',*,*,#8697,.T.);
#8844 = ORIENTED_EDGE('',*,*,#8821,.F.);
#8845 = ORIENTED_EDGE('',*,*,#8605,.F.);
#8846 = PLANE('',#8847);
#8847 = AXIS2_PLACEMENT_3D('',#8848,#8849,#8850);
#8848 = CARTESIAN_POINT('',(1.9,0.325,0.2));
#8849 = DIRECTION('',(0.,0.,-1.));
#8850 = DIRECTION('',(-1.,2.22044604925E-16,0.));
#8851 = ADVANCED_FACE('',(#8852),#8863,.F.);
#8852 = FACE_BOUND('',#8853,.F.);
#8853 = EDGE_LOOP('',(#8854,#8860,#8861,#8862));
#8854 = ORIENTED_EDGE('',*,*,#8855,.T.);
#8855 = EDGE_CURVE('',#8590,#8682,#8856,.T.);
#8856 = LINE('',#8857,#8858);
#8857 = CARTESIAN_POINT('',(1.9,0.325,-5.551115123126E-17));
#8858 = VECTOR('',#8859,1.);
#8859 = DIRECTION('',(-2.22044604925E-16,-1.,0.));
#8860 = ORIENTED_EDGE('',*,*,#8689,.T.);
#8861 = ORIENTED_EDGE('',*,*,#8838,.F.);
#8862 = ORIENTED_EDGE('',*,*,#8597,.F.);
#8863 = PLANE('',#8864);
#8864 = AXIS2_PLACEMENT_3D('',#8865,#8866,#8867);
#8865 = CARTESIAN_POINT('',(1.9,0.325,-5.551115123126E-17));
#8866 = DIRECTION('',(-1.,2.22044604925E-16,0.));
#8867 = DIRECTION('',(0.,0.,1.));
#8868 = ADVANCED_FACE('',(#8869),#8880,.F.);
#8869 = FACE_BOUND('',#8870,.F.);
#8870 = EDGE_LOOP('',(#8871,#8877,#8878,#8879));
#8871 = ORIENTED_EDGE('',*,*,#8872,.T.);
#8872 = EDGE_CURVE('',#8581,#8673,#8873,.T.);
#8873 = LINE('',#8874,#8875);
#8874 = CARTESIAN_POINT('',(1.838804142396,0.325,-5.551115123126E-17));
#8875 = VECTOR('',#8876,1.);
#8876 = DIRECTION('',(-2.22044604925E-16,-1.,0.));
#8877 = ORIENTED_EDGE('',*,*,#8681,.T.);
#8878 = ORIENTED_EDGE('',*,*,#8855,.F.);
#8879 = ORIENTED_EDGE('',*,*,#8589,.F.);
#8880 = PLANE('',#8881);
#8881 = AXIS2_PLACEMENT_3D('',#8882,#8883,#8884);
#8882 = CARTESIAN_POINT('',(1.838804142396,0.325,-5.551115123126E-17));
#8883 = DIRECTION('',(0.,0.,1.));
#8884 = DIRECTION('',(1.,-2.22044604925E-16,0.));
#8885 = ADVANCED_FACE('',(#8886),#8892,.T.);
#8886 = FACE_BOUND('',#8887,.T.);
#8887 = EDGE_LOOP('',(#8888,#8889,#8890,#8891));
#8888 = ORIENTED_EDGE('',*,*,#8580,.T.);
#8889 = ORIENTED_EDGE('',*,*,#8872,.T.);
#8890 = ORIENTED_EDGE('',*,*,#8672,.F.);
#8891 = ORIENTED_EDGE('',*,*,#8654,.F.);
#8892 = CYLINDRICAL_SURFACE('',#8893,0.32);
#8893 = AXIS2_PLACEMENT_3D('',#8894,#8895,#8896);
#8894 = CARTESIAN_POINT('',(1.838804142396,0.325,0.32));
#8895 = DIRECTION('',(2.22044604925E-16,1.,0.));
#8896 = DIRECTION('',(-0.984807753012,2.186712484447E-16,-0.173648177667
    ));
#8897 = ADVANCED_FACE('',(#8898),#8923,.F.);
#8898 = FACE_BOUND('',#8899,.F.);
#8899 = EDGE_LOOP('',(#8900,#8901,#8909,#8917));
#8900 = ORIENTED_EDGE('',*,*,#8764,.T.);
#8901 = ORIENTED_EDGE('',*,*,#8902,.T.);
#8902 = EDGE_CURVE('',#8767,#8903,#8905,.T.);
#8903 = VERTEX_POINT('',#8904);
#8904 = CARTESIAN_POINT('',(-1.183243103516,-0.608243103516,1.26));
#8905 = LINE('',#8906,#8907);
#8906 = CARTESIAN_POINT('',(-1.183243103516,-0.608243103516,1.24));
#8907 = VECTOR('',#8908,1.);
#8908 = DIRECTION('',(0.,0.,1.));
#8909 = ORIENTED_EDGE('',*,*,#8910,.T.);
#8910 = EDGE_CURVE('',#8903,#8911,#8913,.T.);
#8911 = VERTEX_POINT('',#8912);
#8912 = CARTESIAN_POINT('',(-0.683243103516,-0.608243103516,1.26));
#8913 = LINE('',#8914,#8915);
#8914 = CARTESIAN_POINT('',(-1.183243103516,-0.608243103516,1.26));
#8915 = VECTOR('',#8916,1.);
#8916 = DIRECTION('',(1.,0.,0.));
#8917 = ORIENTED_EDGE('',*,*,#8918,.F.);
#8918 = EDGE_CURVE('',#8765,#8911,#8919,.T.);
#8919 = LINE('',#8920,#8921);
#8920 = CARTESIAN_POINT('',(-0.683243103516,-0.608243103516,1.24));
#8921 = VECTOR('',#8922,1.);
#8922 = DIRECTION('',(0.,0.,1.));
#8923 = PLANE('',#8924);
#8924 = AXIS2_PLACEMENT_3D('',#8925,#8926,#8927);
#8925 = CARTESIAN_POINT('',(-1.183243103516,-0.608243103516,1.24));
#8926 = DIRECTION('',(0.,1.,0.));
#8927 = DIRECTION('',(0.,-0.,1.));
#8928 = ADVANCED_FACE('',(#8929),#8947,.T.);
#8929 = FACE_BOUND('',#8930,.T.);
#8930 = EDGE_LOOP('',(#8931,#8932,#8933,#8941));
#8931 = ORIENTED_EDGE('',*,*,#8918,.F.);
#8932 = ORIENTED_EDGE('',*,*,#8790,.T.);
#8933 = ORIENTED_EDGE('',*,*,#8934,.T.);
#8934 = EDGE_CURVE('',#8783,#8935,#8937,.T.);
#8935 = VERTEX_POINT('',#8936);
#8936 = CARTESIAN_POINT('',(-0.683243103516,0.608243103516,1.26));
#8937 = LINE('',#8938,#8939);
#8938 = CARTESIAN_POINT('',(-0.683243103516,0.608243103516,1.24));
#8939 = VECTOR('',#8940,1.);
#8940 = DIRECTION('',(0.,0.,1.));
#8941 = ORIENTED_EDGE('',*,*,#8942,.F.);
#8942 = EDGE_CURVE('',#8911,#8935,#8943,.T.);
#8943 = LINE('',#8944,#8945);
#8944 = CARTESIAN_POINT('',(-0.683243103516,-0.608243103516,1.26));
#8945 = VECTOR('',#8946,1.);
#8946 = DIRECTION('',(0.,1.,0.));
#8947 = PLANE('',#8948);
#8948 = AXIS2_PLACEMENT_3D('',#8949,#8950,#8951);
#8949 = CARTESIAN_POINT('',(-0.683243103516,-0.608243103516,1.24));
#8950 = DIRECTION('',(1.,0.,0.));
#8951 = DIRECTION('',(0.,0.,1.));
#8952 = ADVANCED_FACE('',(#8953),#8971,.T.);
#8953 = FACE_BOUND('',#8954,.T.);
#8954 = EDGE_LOOP('',(#8955,#8956,#8964,#8970));
#8955 = ORIENTED_EDGE('',*,*,#8782,.T.);
#8956 = ORIENTED_EDGE('',*,*,#8957,.T.);
#8957 = EDGE_CURVE('',#8775,#8958,#8960,.T.);
#8958 = VERTEX_POINT('',#8959);
#8959 = CARTESIAN_POINT('',(-1.183243103516,0.608243103516,1.26));
#8960 = LINE('',#8961,#8962);
#8961 = CARTESIAN_POINT('',(-1.183243103516,0.608243103516,1.24));
#8962 = VECTOR('',#8963,1.);
#8963 = DIRECTION('',(0.,0.,1.));
#8964 = ORIENTED_EDGE('',*,*,#8965,.T.);
#8965 = EDGE_CURVE('',#8958,#8935,#8966,.T.);
#8966 = LINE('',#8967,#8968);
#8967 = CARTESIAN_POINT('',(-1.183243103516,0.608243103516,1.26));
#8968 = VECTOR('',#8969,1.);
#8969 = DIRECTION('',(1.,0.,0.));
#8970 = ORIENTED_EDGE('',*,*,#8934,.F.);
#8971 = PLANE('',#8972);
#8972 = AXIS2_PLACEMENT_3D('',#8973,#8974,#8975);
#8973 = CARTESIAN_POINT('',(-1.183243103516,0.608243103516,1.24));
#8974 = DIRECTION('',(0.,1.,0.));
#8975 = DIRECTION('',(0.,-0.,1.));
#8976 = ADVANCED_FACE('',(#8977),#8988,.F.);
#8977 = FACE_BOUND('',#8978,.F.);
#8978 = EDGE_LOOP('',(#8979,#8980,#8981,#8982));
#8979 = ORIENTED_EDGE('',*,*,#8902,.F.);
#8980 = ORIENTED_EDGE('',*,*,#8774,.T.);
#8981 = ORIENTED_EDGE('',*,*,#8957,.T.);
#8982 = ORIENTED_EDGE('',*,*,#8983,.F.);
#8983 = EDGE_CURVE('',#8903,#8958,#8984,.T.);
#8984 = LINE('',#8985,#8986);
#8985 = CARTESIAN_POINT('',(-1.183243103516,-0.608243103516,1.26));
#8986 = VECTOR('',#8987,1.);
#8987 = DIRECTION('',(0.,1.,0.));
#8988 = PLANE('',#8989);
#8989 = AXIS2_PLACEMENT_3D('',#8990,#8991,#8992);
#8990 = CARTESIAN_POINT('',(-1.183243103516,-0.608243103516,1.24));
#8991 = DIRECTION('',(1.,0.,0.));
#8992 = DIRECTION('',(0.,0.,1.));
#8993 = ADVANCED_FACE('',(#8994),#9000,.T.);
#8994 = FACE_BOUND('',#8995,.T.);
#8995 = EDGE_LOOP('',(#8996,#8997,#8998,#8999));
#8996 = ORIENTED_EDGE('',*,*,#8983,.F.);
#8997 = ORIENTED_EDGE('',*,*,#8910,.T.);
#8998 = ORIENTED_EDGE('',*,*,#8942,.T.);
#8999 = ORIENTED_EDGE('',*,*,#8965,.F.);
#9000 = PLANE('',#9001);
#9001 = AXIS2_PLACEMENT_3D('',#9002,#9003,#9004);
#9002 = CARTESIAN_POINT('',(-1.183243103516,-0.608243103516,1.26));
#9003 = DIRECTION('',(0.,0.,1.));
#9004 = DIRECTION('',(1.,0.,-0.));
#9005 = ( GEOMETRIC_REPRESENTATION_CONTEXT(3) 
GLOBAL_UNCERTAINTY_ASSIGNED_CONTEXT((#9009)) 
GLOBAL_UNIT_ASSIGNED_CONTEXT((#9006,#9007,#9008)) REPRESENTATION_CONTEXT
('Context #1','3D Context with UNIT and UNCERTAINTY') );
#9006 = ( LENGTH_UNIT() NAMED_UNIT(*) SI_UNIT(.MILLI.,.METRE.) );
#9007 = ( NAMED_UNIT(*) PLANE_ANGLE_UNIT() SI_UNIT($,.RADIAN.) );
#9008 = ( NAMED_UNIT(*) SI_UNIT($,.STERADIAN.) SOLID_ANGLE_UNIT() );
#9009 = UNCERTAINTY_MEASURE_WITH_UNIT(LENGTH_MEASURE(1.E-07),#9006,
  'distance_accuracy_value','confusion accuracy');
#9010 = CONTEXT_DEPENDENT_SHAPE_REPRESENTATION(#9011,#9013);
#9011 = ( REPRESENTATION_RELATIONSHIP('','',#7316,#7293) 
REPRESENTATION_RELATIONSHIP_WITH_TRANSFORMATION(#9012) 
SHAPE_REPRESENTATION_RELATIONSHIP() );
#9012 = ITEM_DEFINED_TRANSFORMATION('','',#11,#7294);
#9013 = PRODUCT_DEFINITION_SHAPE('Placement','Placement of an item',
  #9014);
#9014 = NEXT_ASSEMBLY_USAGE_OCCURRENCE('25','=>[0:1:1:15]','',#7288,
  #7311,$);
#9015 = PRODUCT_RELATED_PRODUCT_CATEGORY('part',$,(#7313));
#9016 = CONTEXT_DEPENDENT_SHAPE_REPRESENTATION(#9017,#9019);
#9017 = ( REPRESENTATION_RELATIONSHIP('','',#3044,#10) 
REPRESENTATION_RELATIONSHIP_WITH_TRANSFORMATION(#9018) 
SHAPE_REPRESENTATION_RELATIONSHIP() );
#9018 = ITEM_DEFINED_TRANSFORMATION('','',#11,#91);
#9019 = PRODUCT_DEFINITION_SHAPE('Placement','Placement of an item',
  #9020);
#9020 = NEXT_ASSEMBLY_USAGE_OCCURRENCE('27','L1','',#5,#3039,$);
#9021 = CONTEXT_DEPENDENT_SHAPE_REPRESENTATION(#9022,#9024);
#9022 = ( REPRESENTATION_RELATIONSHIP('','',#3044,#10) 
REPRESENTATION_RELATIONSHIP_WITH_TRANSFORMATION(#9023) 
SHAPE_REPRESENTATION_RELATIONSHIP() );
#9023 = ITEM_DEFINED_TRANSFORMATION('','',#11,#95);
#9024 = PRODUCT_DEFINITION_SHAPE('Placement','Placement of an item',
  #9025);
#9025 = NEXT_ASSEMBLY_USAGE_OCCURRENCE('28','L3','',#5,#3039,$);
#9026 = CONTEXT_DEPENDENT_SHAPE_REPRESENTATION(#9027,#9029);
#9027 = ( REPRESENTATION_RELATIONSHIP('','',#7293,#10) 
REPRESENTATION_RELATIONSHIP_WITH_TRANSFORMATION(#9028) 
SHAPE_REPRESENTATION_RELATIONSHIP() );
#9028 = ITEM_DEFINED_TRANSFORMATION('','',#11,#99);
#9029 = PRODUCT_DEFINITION_SHAPE('Placement','Placement of an item',
  #9030);
#9030 = NEXT_ASSEMBLY_USAGE_OCCURRENCE('29','D1','',#5,#7288,$);
#9031 = CONTEXT_DEPENDENT_SHAPE_REPRESENTATION(#9032,#9034);
#9032 = ( REPRESENTATION_RELATIONSHIP('','',#124,#10) 
REPRESENTATION_RELATIONSHIP_WITH_TRANSFORMATION(#9033) 
SHAPE_REPRESENTATION_RELATIONSHIP() );
#9033 = ITEM_DEFINED_TRANSFORMATION('','',#11,#103);
#9034 = PRODUCT_DEFINITION_SHAPE('Placement','Placement of an item',
  #9035);
#9035 = NEXT_ASSEMBLY_USAGE_OCCURRENCE('30','C1','',#5,#119,$);
#9036 = SHAPE_DEFINITION_REPRESENTATION(#9037,#9043);
#9037 = PRODUCT_DEFINITION_SHAPE('','',#9038);
#9038 = PRODUCT_DEFINITION('design','',#9039,#9042);
#9039 = PRODUCT_DEFINITION_FORMATION('','',#9040);
#9040 = PRODUCT('lna_fm_98mhz_PCB','lna_fm_98mhz_PCB','',(#9041));
#9041 = PRODUCT_CONTEXT('',#2,'mechanical');
#9042 = PRODUCT_DEFINITION_CONTEXT('part definition',#2,'design');
#9043 = ADVANCED_BREP_SHAPE_REPRESENTATION('',(#11,#9044),#9428);
#9044 = MANIFOLD_SOLID_BREP('',#9045);
#9045 = CLOSED_SHELL('',(#9046,#9086,#9117,#9148,#9231,#9314,#9326,#9343
    ,#9360,#9377,#9394,#9411));
#9046 = ADVANCED_FACE('',(#9047),#9081,.T.);
#9047 = FACE_BOUND('',#9048,.T.);
#9048 = EDGE_LOOP('',(#9049,#9059,#9067,#9075));
#9049 = ORIENTED_EDGE('',*,*,#9050,.T.);
#9050 = EDGE_CURVE('',#9051,#9053,#9055,.T.);
#9051 = VERTEX_POINT('',#9052);
#9052 = CARTESIAN_POINT('',(46.,-30.,0.));
#9053 = VERTEX_POINT('',#9054);
#9054 = CARTESIAN_POINT('',(46.,-30.,1.51));
#9055 = LINE('',#9056,#9057);
#9056 = CARTESIAN_POINT('',(46.,-30.,0.));
#9057 = VECTOR('',#9058,1.);
#9058 = DIRECTION('',(0.,0.,1.));
#9059 = ORIENTED_EDGE('',*,*,#9060,.T.);
#9060 = EDGE_CURVE('',#9053,#9061,#9063,.T.);
#9061 = VERTEX_POINT('',#9062);
#9062 = CARTESIAN_POINT('',(0.,-30.,1.51));
#9063 = LINE('',#9064,#9065);
#9064 = CARTESIAN_POINT('',(46.,-30.,1.51));
#9065 = VECTOR('',#9066,1.);
#9066 = DIRECTION('',(-1.,0.,0.));
#9067 = ORIENTED_EDGE('',*,*,#9068,.F.);
#9068 = EDGE_CURVE('',#9069,#9061,#9071,.T.);
#9069 = VERTEX_POINT('',#9070);
#9070 = CARTESIAN_POINT('',(0.,-30.,0.));
#9071 = LINE('',#9072,#9073);
#9072 = CARTESIAN_POINT('',(0.,-30.,0.));
#9073 = VECTOR('',#9074,1.);
#9074 = DIRECTION('',(0.,0.,1.));
#9075 = ORIENTED_EDGE('',*,*,#9076,.F.);
#9076 = EDGE_CURVE('',#9051,#9069,#9077,.T.);
#9077 = LINE('',#9078,#9079);
#9078 = CARTESIAN_POINT('',(46.,-30.,0.));
#9079 = VECTOR('',#9080,1.);
#9080 = DIRECTION('',(-1.,0.,0.));
#9081 = PLANE('',#9082);
#9082 = AXIS2_PLACEMENT_3D('',#9083,#9084,#9085);
#9083 = CARTESIAN_POINT('',(46.,-30.,0.));
#9084 = DIRECTION('',(0.,-1.,0.));
#9085 = DIRECTION('',(-1.,0.,0.));
#9086 = ADVANCED_FACE('',(#9087),#9112,.T.);
#9087 = FACE_BOUND('',#9088,.T.);
#9088 = EDGE_LOOP('',(#9089,#9099,#9105,#9106));
#9089 = ORIENTED_EDGE('',*,*,#9090,.T.);
#9090 = EDGE_CURVE('',#9091,#9093,#9095,.T.);
#9091 = VERTEX_POINT('',#9092);
#9092 = CARTESIAN_POINT('',(46.,-0.,0.));
#9093 = VERTEX_POINT('',#9094);
#9094 = CARTESIAN_POINT('',(46.,0.,1.51));
#9095 = LINE('',#9096,#9097);
#9096 = CARTESIAN_POINT('',(46.,-0.,0.));
#9097 = VECTOR('',#9098,1.);
#9098 = DIRECTION('',(0.,0.,1.));
#9099 = ORIENTED_EDGE('',*,*,#9100,.T.);
#9100 = EDGE_CURVE('',#9093,#9053,#9101,.T.);
#9101 = LINE('',#9102,#9103);
#9102 = CARTESIAN_POINT('',(46.,0.,1.51));
#9103 = VECTOR('',#9104,1.);
#9104 = DIRECTION('',(0.,-1.,0.));
#9105 = ORIENTED_EDGE('',*,*,#9050,.F.);
#9106 = ORIENTED_EDGE('',*,*,#9107,.F.);
#9107 = EDGE_CURVE('',#9091,#9051,#9108,.T.);
#9108 = LINE('',#9109,#9110);
#9109 = CARTESIAN_POINT('',(46.,-0.,0.));
#9110 = VECTOR('',#9111,1.);
#9111 = DIRECTION('',(0.,-1.,0.));
#9112 = PLANE('',#9113);
#9113 = AXIS2_PLACEMENT_3D('',#9114,#9115,#9116);
#9114 = CARTESIAN_POINT('',(46.,-0.,0.));
#9115 = DIRECTION('',(1.,0.,-0.));
#9116 = DIRECTION('',(0.,-1.,0.));
#9117 = ADVANCED_FACE('',(#9118),#9143,.T.);
#9118 = FACE_BOUND('',#9119,.T.);
#9119 = EDGE_LOOP('',(#9120,#9121,#9129,#9137));
#9120 = ORIENTED_EDGE('',*,*,#9068,.T.);
#9121 = ORIENTED_EDGE('',*,*,#9122,.T.);
#9122 = EDGE_CURVE('',#9061,#9123,#9125,.T.);
#9123 = VERTEX_POINT('',#9124);
#9124 = CARTESIAN_POINT('',(0.,0.,1.51));
#9125 = LINE('',#9126,#9127);
#9126 = CARTESIAN_POINT('',(0.,-30.,1.51));
#9127 = VECTOR('',#9128,1.);
#9128 = DIRECTION('',(0.,1.,0.));
#9129 = ORIENTED_EDGE('',*,*,#9130,.F.);
#9130 = EDGE_CURVE('',#9131,#9123,#9133,.T.);
#9131 = VERTEX_POINT('',#9132);
#9132 = CARTESIAN_POINT('',(0.,-0.,0.));
#9133 = LINE('',#9134,#9135);
#9134 = CARTESIAN_POINT('',(0.,-0.,0.));
#9135 = VECTOR('',#9136,1.);
#9136 = DIRECTION('',(0.,0.,1.));
#9137 = ORIENTED_EDGE('',*,*,#9138,.F.);
#9138 = EDGE_CURVE('',#9069,#9131,#9139,.T.);
#9139 = LINE('',#9140,#9141);
#9140 = CARTESIAN_POINT('',(0.,-30.,0.));
#9141 = VECTOR('',#9142,1.);
#9142 = DIRECTION('',(0.,1.,0.));
#9143 = PLANE('',#9144);
#9144 = AXIS2_PLACEMENT_3D('',#9145,#9146,#9147);
#9145 = CARTESIAN_POINT('',(0.,-30.,0.));
#9146 = DIRECTION('',(-1.,0.,0.));
#9147 = DIRECTION('',(0.,1.,0.));
#9148 = ADVANCED_FACE('',(#9149,#9160,#9171,#9182,#9193,#9204,#9215),
  #9226,.F.);
#9149 = FACE_BOUND('',#9150,.F.);
#9150 = EDGE_LOOP('',(#9151,#9152,#9153,#9159));
#9151 = ORIENTED_EDGE('',*,*,#9076,.F.);
#9152 = ORIENTED_EDGE('',*,*,#9107,.F.);
#9153 = ORIENTED_EDGE('',*,*,#9154,.F.);
#9154 = EDGE_CURVE('',#9131,#9091,#9155,.T.);
#9155 = LINE('',#9156,#9157);
#9156 = CARTESIAN_POINT('',(0.,-0.,0.));
#9157 = VECTOR('',#9158,1.);
#9158 = DIRECTION('',(1.,0.,0.));
#9159 = ORIENTED_EDGE('',*,*,#9138,.F.);
#9160 = FACE_BOUND('',#9161,.F.);
#9161 = EDGE_LOOP('',(#9162));
#9162 = ORIENTED_EDGE('',*,*,#9163,.T.);
#9163 = EDGE_CURVE('',#9164,#9164,#9166,.T.);
#9164 = VERTEX_POINT('',#9165);
#9165 = CARTESIAN_POINT('',(3.5,-27.6,0.));
#9166 = CIRCLE('',#9167,1.1);
#9167 = AXIS2_PLACEMENT_3D('',#9168,#9169,#9170);
#9168 = CARTESIAN_POINT('',(3.5,-26.5,0.));
#9169 = DIRECTION('',(-0.,0.,-1.));
#9170 = DIRECTION('',(-0.,-1.,0.));
#9171 = FACE_BOUND('',#9172,.F.);
#9172 = EDGE_LOOP('',(#9173));
#9173 = ORIENTED_EDGE('',*,*,#9174,.T.);
#9174 = EDGE_CURVE('',#9175,#9175,#9177,.T.);
#9175 = VERTEX_POINT('',#9176);
#9176 = CARTESIAN_POINT('',(42.5,-27.6,0.));
#9177 = CIRCLE('',#9178,1.1);
#9178 = AXIS2_PLACEMENT_3D('',#9179,#9180,#9181);
#9179 = CARTESIAN_POINT('',(42.5,-26.5,0.));
#9180 = DIRECTION('',(-0.,0.,-1.));
#9181 = DIRECTION('',(-0.,-1.,0.));
#9182 = FACE_BOUND('',#9183,.F.);
#9183 = EDGE_LOOP('',(#9184));
#9184 = ORIENTED_EDGE('',*,*,#9185,.T.);
#9185 = EDGE_CURVE('',#9186,#9186,#9188,.T.);
#9186 = VERTEX_POINT('',#9187);
#9187 = CARTESIAN_POINT('',(3.5,-4.6,0.));
#9188 = CIRCLE('',#9189,1.1);
#9189 = AXIS2_PLACEMENT_3D('',#9190,#9191,#9192);
#9190 = CARTESIAN_POINT('',(3.5,-3.5,0.));
#9191 = DIRECTION('',(-0.,0.,-1.));
#9192 = DIRECTION('',(-0.,-1.,0.));
#9193 = FACE_BOUND('',#9194,.F.);
#9194 = EDGE_LOOP('',(#9195));
#9195 = ORIENTED_EDGE('',*,*,#9196,.T.);
#9196 = EDGE_CURVE('',#9197,#9197,#9199,.T.);
#9197 = VERTEX_POINT('',#9198);
#9198 = CARTESIAN_POINT('',(19.,-4.,0.));
#9199 = CIRCLE('',#9200,0.5);
#9200 = AXIS2_PLACEMENT_3D('',#9201,#9202,#9203);
#9201 = CARTESIAN_POINT('',(19.,-3.5,0.));
#9202 = DIRECTION('',(-0.,0.,-1.));
#9203 = DIRECTION('',(-0.,-1.,0.));
#9204 = FACE_BOUND('',#9205,.F.);
#9205 = EDGE_LOOP('',(#9206));
#9206 = ORIENTED_EDGE('',*,*,#9207,.T.);
#9207 = EDGE_CURVE('',#9208,#9208,#9210,.T.);
#9208 = VERTEX_POINT('',#9209);
#9209 = CARTESIAN_POINT('',(21.54,-4.,0.));
#9210 = CIRCLE('',#9211,0.5);
#9211 = AXIS2_PLACEMENT_3D('',#9212,#9213,#9214);
#9212 = CARTESIAN_POINT('',(21.54,-3.5,0.));
#9213 = DIRECTION('',(-0.,0.,-1.));
#9214 = DIRECTION('',(-0.,-1.,0.));
#9215 = FACE_BOUND('',#9216,.F.);
#9216 = EDGE_LOOP('',(#9217));
#9217 = ORIENTED_EDGE('',*,*,#9218,.T.);
#9218 = EDGE_CURVE('',#9219,#9219,#9221,.T.);
#9219 = VERTEX_POINT('',#9220);
#9220 = CARTESIAN_POINT('',(42.5,-4.6,0.));
#9221 = CIRCLE('',#9222,1.1);
#9222 = AXIS2_PLACEMENT_3D('',#9223,#9224,#9225);
#9223 = CARTESIAN_POINT('',(42.5,-3.5,0.));
#9224 = DIRECTION('',(-0.,0.,-1.));
#9225 = DIRECTION('',(-0.,-1.,0.));
#9226 = PLANE('',#9227);
#9227 = AXIS2_PLACEMENT_3D('',#9228,#9229,#9230);
#9228 = CARTESIAN_POINT('',(0.,0.,0.));
#9229 = DIRECTION('',(0.,0.,1.));
#9230 = DIRECTION('',(1.,0.,-0.));
#9231 = ADVANCED_FACE('',(#9232,#9243,#9254,#9265,#9276,#9287,#9298),
  #9309,.T.);
#9232 = FACE_BOUND('',#9233,.T.);
#9233 = EDGE_LOOP('',(#9234,#9235,#9236,#9242));
#9234 = ORIENTED_EDGE('',*,*,#9060,.F.);
#9235 = ORIENTED_EDGE('',*,*,#9100,.F.);
#9236 = ORIENTED_EDGE('',*,*,#9237,.F.);
#9237 = EDGE_CURVE('',#9123,#9093,#9238,.T.);
#9238 = LINE('',#9239,#9240);
#9239 = CARTESIAN_POINT('',(0.,0.,1.51));
#9240 = VECTOR('',#9241,1.);
#9241 = DIRECTION('',(1.,0.,0.));
#9242 = ORIENTED_EDGE('',*,*,#9122,.F.);
#9243 = FACE_BOUND('',#9244,.T.);
#9244 = EDGE_LOOP('',(#9245));
#9245 = ORIENTED_EDGE('',*,*,#9246,.T.);
#9246 = EDGE_CURVE('',#9247,#9247,#9249,.T.);
#9247 = VERTEX_POINT('',#9248);
#9248 = CARTESIAN_POINT('',(3.5,-27.6,1.51));
#9249 = CIRCLE('',#9250,1.1);
#9250 = AXIS2_PLACEMENT_3D('',#9251,#9252,#9253);
#9251 = CARTESIAN_POINT('',(3.5,-26.5,1.51));
#9252 = DIRECTION('',(-0.,0.,-1.));
#9253 = DIRECTION('',(-0.,-1.,0.));
#9254 = FACE_BOUND('',#9255,.T.);
#9255 = EDGE_LOOP('',(#9256));
#9256 = ORIENTED_EDGE('',*,*,#9257,.T.);
#9257 = EDGE_CURVE('',#9258,#9258,#9260,.T.);
#9258 = VERTEX_POINT('',#9259);
#9259 = CARTESIAN_POINT('',(42.5,-27.6,1.51));
#9260 = CIRCLE('',#9261,1.1);
#9261 = AXIS2_PLACEMENT_3D('',#9262,#9263,#9264);
#9262 = CARTESIAN_POINT('',(42.5,-26.5,1.51));
#9263 = DIRECTION('',(-0.,0.,-1.));
#9264 = DIRECTION('',(-0.,-1.,0.));
#9265 = FACE_BOUND('',#9266,.T.);
#9266 = EDGE_LOOP('',(#9267));
#9267 = ORIENTED_EDGE('',*,*,#9268,.T.);
#9268 = EDGE_CURVE('',#9269,#9269,#9271,.T.);
#9269 = VERTEX_POINT('',#9270);
#9270 = CARTESIAN_POINT('',(3.5,-4.6,1.51));
#9271 = CIRCLE('',#9272,1.1);
#9272 = AXIS2_PLACEMENT_3D('',#9273,#9274,#9275);
#9273 = CARTESIAN_POINT('',(3.5,-3.5,1.51));
#9274 = DIRECTION('',(-0.,0.,-1.));
#9275 = DIRECTION('',(-0.,-1.,0.));
#9276 = FACE_BOUND('',#9277,.T.);
#9277 = EDGE_LOOP('',(#9278));
#9278 = ORIENTED_EDGE('',*,*,#9279,.T.);
#9279 = EDGE_CURVE('',#9280,#9280,#9282,.T.);
#9280 = VERTEX_POINT('',#9281);
#9281 = CARTESIAN_POINT('',(19.,-4.,1.51));
#9282 = CIRCLE('',#9283,0.5);
#9283 = AXIS2_PLACEMENT_3D('',#9284,#9285,#9286);
#9284 = CARTESIAN_POINT('',(19.,-3.5,1.51));
#9285 = DIRECTION('',(-0.,0.,-1.));
#9286 = DIRECTION('',(-0.,-1.,0.));
#9287 = FACE_BOUND('',#9288,.T.);
#9288 = EDGE_LOOP('',(#9289));
#9289 = ORIENTED_EDGE('',*,*,#9290,.T.);
#9290 = EDGE_CURVE('',#9291,#9291,#9293,.T.);
#9291 = VERTEX_POINT('',#9292);
#9292 = CARTESIAN_POINT('',(21.54,-4.,1.51));
#9293 = CIRCLE('',#9294,0.5);
#9294 = AXIS2_PLACEMENT_3D('',#9295,#9296,#9297);
#9295 = CARTESIAN_POINT('',(21.54,-3.5,1.51));
#9296 = DIRECTION('',(-0.,0.,-1.));
#9297 = DIRECTION('',(-0.,-1.,0.));
#9298 = FACE_BOUND('',#9299,.T.);
#9299 = EDGE_LOOP('',(#9300));
#9300 = ORIENTED_EDGE('',*,*,#9301,.T.);
#9301 = EDGE_CURVE('',#9302,#9302,#9304,.T.);
#9302 = VERTEX_POINT('',#9303);
#9303 = CARTESIAN_POINT('',(42.5,-4.6,1.51));
#9304 = CIRCLE('',#9305,1.1);
#9305 = AXIS2_PLACEMENT_3D('',#9306,#9307,#9308);
#9306 = CARTESIAN_POINT('',(42.5,-3.5,1.51));
#9307 = DIRECTION('',(-0.,0.,-1.));
#9308 = DIRECTION('',(-0.,-1.,0.));
#9309 = PLANE('',#9310);
#9310 = AXIS2_PLACEMENT_3D('',#9311,#9312,#9313);
#9311 = CARTESIAN_POINT('',(0.,0.,1.51));
#9312 = DIRECTION('',(0.,0.,1.));
#9313 = DIRECTION('',(1.,0.,-0.));
#9314 = ADVANCED_FACE('',(#9315),#9321,.T.);
#9315 = FACE_BOUND('',#9316,.T.);
#9316 = EDGE_LOOP('',(#9317,#9318,#9319,#9320));
#9317 = ORIENTED_EDGE('',*,*,#9130,.T.);
#9318 = ORIENTED_EDGE('',*,*,#9237,.T.);
#9319 = ORIENTED_EDGE('',*,*,#9090,.F.);
#9320 = ORIENTED_EDGE('',*,*,#9154,.F.);
#9321 = PLANE('',#9322);
#9322 = AXIS2_PLACEMENT_3D('',#9323,#9324,#9325);
#9323 = CARTESIAN_POINT('',(0.,0.,0.));
#9324 = DIRECTION('',(0.,1.,0.));
#9325 = DIRECTION('',(1.,0.,0.));
#9326 = ADVANCED_FACE('',(#9327),#9338,.F.);
#9327 = FACE_BOUND('',#9328,.T.);
#9328 = EDGE_LOOP('',(#9329,#9330,#9336,#9337));
#9329 = ORIENTED_EDGE('',*,*,#9163,.T.);
#9330 = ORIENTED_EDGE('',*,*,#9331,.T.);
#9331 = EDGE_CURVE('',#9164,#9247,#9332,.T.);
#9332 = LINE('',#9333,#9334);
#9333 = CARTESIAN_POINT('',(3.5,-27.6,-4.6E-02));
#9334 = VECTOR('',#9335,1.);
#9335 = DIRECTION('',(0.,0.,1.));
#9336 = ORIENTED_EDGE('',*,*,#9246,.F.);
#9337 = ORIENTED_EDGE('',*,*,#9331,.F.);
#9338 = CYLINDRICAL_SURFACE('',#9339,1.1);
#9339 = AXIS2_PLACEMENT_3D('',#9340,#9341,#9342);
#9340 = CARTESIAN_POINT('',(3.5,-26.5,-4.6E-02));
#9341 = DIRECTION('',(-0.,-0.,-1.));
#9342 = DIRECTION('',(-0.,-1.,0.));
#9343 = ADVANCED_FACE('',(#9344),#9355,.F.);
#9344 = FACE_BOUND('',#9345,.T.);
#9345 = EDGE_LOOP('',(#9346,#9347,#9353,#9354));
#9346 = ORIENTED_EDGE('',*,*,#9174,.T.);
#9347 = ORIENTED_EDGE('',*,*,#9348,.T.);
#9348 = EDGE_CURVE('',#9175,#9258,#9349,.T.);
#9349 = LINE('',#9350,#9351);
#9350 = CARTESIAN_POINT('',(42.5,-27.6,-4.6E-02));
#9351 = VECTOR('',#9352,1.);
#9352 = DIRECTION('',(0.,0.,1.));
#9353 = ORIENTED_EDGE('',*,*,#9257,.F.);
#9354 = ORIENTED_EDGE('',*,*,#9348,.F.);
#9355 = CYLINDRICAL_SURFACE('',#9356,1.1);
#9356 = AXIS2_PLACEMENT_3D('',#9357,#9358,#9359);
#9357 = CARTESIAN_POINT('',(42.5,-26.5,-4.6E-02));
#9358 = DIRECTION('',(-0.,-0.,-1.));
#9359 = DIRECTION('',(-0.,-1.,0.));
#9360 = ADVANCED_FACE('',(#9361),#9372,.F.);
#9361 = FACE_BOUND('',#9362,.T.);
#9362 = EDGE_LOOP('',(#9363,#9364,#9370,#9371));
#9363 = ORIENTED_EDGE('',*,*,#9185,.T.);
#9364 = ORIENTED_EDGE('',*,*,#9365,.T.);
#9365 = EDGE_CURVE('',#9186,#9269,#9366,.T.);
#9366 = LINE('',#9367,#9368);
#9367 = CARTESIAN_POINT('',(3.5,-4.6,-4.6E-02));
#9368 = VECTOR('',#9369,1.);
#9369 = DIRECTION('',(0.,0.,1.));
#9370 = ORIENTED_EDGE('',*,*,#9268,.F.);
#9371 = ORIENTED_EDGE('',*,*,#9365,.F.);
#9372 = CYLINDRICAL_SURFACE('',#9373,1.1);
#9373 = AXIS2_PLACEMENT_3D('',#9374,#9375,#9376);
#9374 = CARTESIAN_POINT('',(3.5,-3.5,-4.6E-02));
#9375 = DIRECTION('',(-0.,-0.,-1.));
#9376 = DIRECTION('',(-0.,-1.,0.));
#9377 = ADVANCED_FACE('',(#9378),#9389,.F.);
#9378 = FACE_BOUND('',#9379,.T.);
#9379 = EDGE_LOOP('',(#9380,#9381,#9387,#9388));
#9380 = ORIENTED_EDGE('',*,*,#9196,.T.);
#9381 = ORIENTED_EDGE('',*,*,#9382,.T.);
#9382 = EDGE_CURVE('',#9197,#9280,#9383,.T.);
#9383 = LINE('',#9384,#9385);
#9384 = CARTESIAN_POINT('',(19.,-4.,-4.6E-02));
#9385 = VECTOR('',#9386,1.);
#9386 = DIRECTION('',(0.,0.,1.));
#9387 = ORIENTED_EDGE('',*,*,#9279,.F.);
#9388 = ORIENTED_EDGE('',*,*,#9382,.F.);
#9389 = CYLINDRICAL_SURFACE('',#9390,0.5);
#9390 = AXIS2_PLACEMENT_3D('',#9391,#9392,#9393);
#9391 = CARTESIAN_POINT('',(19.,-3.5,-4.6E-02));
#9392 = DIRECTION('',(-0.,-0.,-1.));
#9393 = DIRECTION('',(-0.,-1.,0.));
#9394 = ADVANCED_FACE('',(#9395),#9406,.F.);
#9395 = FACE_BOUND('',#9396,.T.);
#9396 = EDGE_LOOP('',(#9397,#9398,#9404,#9405));
#9397 = ORIENTED_EDGE('',*,*,#9207,.T.);
#9398 = ORIENTED_EDGE('',*,*,#9399,.T.);
#9399 = EDGE_CURVE('',#9208,#9291,#9400,.T.);
#9400 = LINE('',#9401,#9402);
#9401 = CARTESIAN_POINT('',(21.54,-4.,-4.6E-02));
#9402 = VECTOR('',#9403,1.);
#9403 = DIRECTION('',(0.,0.,1.));
#9404 = ORIENTED_EDGE('',*,*,#9290,.F.);
#9405 = ORIENTED_EDGE('',*,*,#9399,.F.);
#9406 = CYLINDRICAL_SURFACE('',#9407,0.5);
#9407 = AXIS2_PLACEMENT_3D('',#9408,#9409,#9410);
#9408 = CARTESIAN_POINT('',(21.54,-3.5,-4.6E-02));
#9409 = DIRECTION('',(-0.,-0.,-1.));
#9410 = DIRECTION('',(-0.,-1.,0.));
#9411 = ADVANCED_FACE('',(#9412),#9423,.F.);
#9412 = FACE_BOUND('',#9413,.T.);
#9413 = EDGE_LOOP('',(#9414,#9415,#9421,#9422));
#9414 = ORIENTED_EDGE('',*,*,#9218,.T.);
#9415 = ORIENTED_EDGE('',*,*,#9416,.T.);
#9416 = EDGE_CURVE('',#9219,#9302,#9417,.T.);
#9417 = LINE('',#9418,#9419);
#9418 = CARTESIAN_POINT('',(42.5,-4.6,-4.6E-02));
#9419 = VECTOR('',#9420,1.);
#9420 = DIRECTION('',(0.,0.,1.));
#9421 = ORIENTED_EDGE('',*,*,#9301,.F.);
#9422 = ORIENTED_EDGE('',*,*,#9416,.F.);
#9423 = CYLINDRICAL_SURFACE('',#9424,1.1);
#9424 = AXIS2_PLACEMENT_3D('',#9425,#9426,#9427);
#9425 = CARTESIAN_POINT('',(42.5,-3.5,-4.6E-02));
#9426 = DIRECTION('',(-0.,-0.,-1.));
#9427 = DIRECTION('',(-0.,-1.,0.));
#9428 = ( GEOMETRIC_REPRESENTATION_CONTEXT(3) 
GLOBAL_UNCERTAINTY_ASSIGNED_CONTEXT((#9432)) 
GLOBAL_UNIT_ASSIGNED_CONTEXT((#9429,#9430,#9431)) REPRESENTATION_CONTEXT
('Context #1','3D Context with UNIT and UNCERTAINTY') );
#9429 = ( LENGTH_UNIT() NAMED_UNIT(*) SI_UNIT(.MILLI.,.METRE.) );
#9430 = ( NAMED_UNIT(*) PLANE_ANGLE_UNIT() SI_UNIT($,.RADIAN.) );
#9431 = ( NAMED_UNIT(*) SI_UNIT($,.STERADIAN.) SOLID_ANGLE_UNIT() );
#9432 = UNCERTAINTY_MEASURE_WITH_UNIT(LENGTH_MEASURE(1.E-07),#9429,
  'distance_accuracy_value','confusion accuracy');
#9433 = CONTEXT_DEPENDENT_SHAPE_REPRESENTATION(#9434,#9436);
#9434 = ( REPRESENTATION_RELATIONSHIP('','',#9043,#10) 
REPRESENTATION_RELATIONSHIP_WITH_TRANSFORMATION(#9435) 
SHAPE_REPRESENTATION_RELATIONSHIP() );
#9435 = ITEM_DEFINED_TRANSFORMATION('','',#11,#107);
#9436 = PRODUCT_DEFINITION_SHAPE('Placement','Placement of an item',
  #9437);
#9437 = NEXT_ASSEMBLY_USAGE_OCCURRENCE('31','=>[0:1:1:16]','',#5,#9038,$
  );
#9438 = PRODUCT_RELATED_PRODUCT_CATEGORY('part',$,(#9040));
#9439 = MECHANICAL_DESIGN_GEOMETRIC_PRESENTATION_REPRESENTATION('',(
    #9440,#9450,#9459,#9468,#9477,#9486,#9495,#9504,#9513,#9522,#9531,
    #9540,#9549,#9558,#9567,#9577,#9586,#9595,#9604,#9613,#9622,#9631,
    #9640,#9649,#9658,#9667,#9676,#9685,#9694,#9703,#9712,#9721,#9730,
    #9739,#9748,#9757,#9766,#9775,#9784,#9793,#9802,#9811,#9820,#9829,
    #9838,#9847,#9856,#9865,#9874,#9883,#9892,#9901,#9910,#9919,#9928,
    #9937,#9946,#9955,#9964,#9973,#9982,#9991,#10000,#10009,#10018,
    #10027,#10036,#10045,#10054),#3026);
#9440 = STYLED_ITEM('color',(#9441),#1046);
#9441 = PRESENTATION_STYLE_ASSIGNMENT((#9442,#9448));
#9442 = SURFACE_STYLE_USAGE(.BOTH.,#9443);
#9443 = SURFACE_SIDE_STYLE('',(#9444));
#9444 = SURFACE_STYLE_FILL_AREA(#9445);
#9445 = FILL_AREA_STYLE('',(#9446));
#9446 = FILL_AREA_STYLE_COLOUR('',#9447);
#9447 = COLOUR_RGB('',0.147999998088,0.145000001626,0.145000001626);
#9448 = CURVE_STYLE('',#9449,POSITIVE_LENGTH_MEASURE(0.1),#9447);
#9449 = DRAUGHTING_PRE_DEFINED_CURVE_FONT('continuous');
#9450 = STYLED_ITEM('color',(#9451),#1084);
#9451 = PRESENTATION_STYLE_ASSIGNMENT((#9452,#9457));
#9452 = SURFACE_STYLE_USAGE(.BOTH.,#9453);
#9453 = SURFACE_SIDE_STYLE('',(#9454));
#9454 = SURFACE_STYLE_FILL_AREA(#9455);
#9455 = FILL_AREA_STYLE('',(#9456));
#9456 = FILL_AREA_STYLE_COLOUR('',#9447);
#9457 = CURVE_STYLE('',#9458,POSITIVE_LENGTH_MEASURE(0.1),#9447);
#9458 = DRAUGHTING_PRE_DEFINED_CURVE_FONT('continuous');
#9459 = STYLED_ITEM('color',(#9460),#1147);
#9460 = PRESENTATION_STYLE_ASSIGNMENT((#9461,#9466));
#9461 = SURFACE_STYLE_USAGE(.BOTH.,#9462);
#9462 = SURFACE_SIDE_STYLE('',(#9463));
#9463 = SURFACE_STYLE_FILL_AREA(#9464);
#9464 = FILL_AREA_STYLE('',(#9465));
#9465 = FILL_AREA_STYLE_COLOUR('',#9447);
#9466 = CURVE_STYLE('',#9467,POSITIVE_LENGTH_MEASURE(0.1),#9447);
#9467 = DRAUGHTING_PRE_DEFINED_CURVE_FONT('continuous');
#9468 = STYLED_ITEM('color',(#9469),#1170);
#9469 = PRESENTATION_STYLE_ASSIGNMENT((#9470,#9475));
#9470 = SURFACE_STYLE_USAGE(.BOTH.,#9471);
#9471 = SURFACE_SIDE_STYLE('',(#9472));
#9472 = SURFACE_STYLE_FILL_AREA(#9473);
#9473 = FILL_AREA_STYLE('',(#9474));
#9474 = FILL_AREA_STYLE_COLOUR('',#9447);
#9475 = CURVE_STYLE('',#9476,POSITIVE_LENGTH_MEASURE(0.1),#9447);
#9476 = DRAUGHTING_PRE_DEFINED_CURVE_FONT('continuous');
#9477 = STYLED_ITEM('color',(#9478),#1199);
#9478 = PRESENTATION_STYLE_ASSIGNMENT((#9479,#9484));
#9479 = SURFACE_STYLE_USAGE(.BOTH.,#9480);
#9480 = SURFACE_SIDE_STYLE('',(#9481));
#9481 = SURFACE_STYLE_FILL_AREA(#9482);
#9482 = FILL_AREA_STYLE('',(#9483));
#9483 = FILL_AREA_STYLE_COLOUR('',#9447);
#9484 = CURVE_STYLE('',#9485,POSITIVE_LENGTH_MEASURE(0.1),#9447);
#9485 = DRAUGHTING_PRE_DEFINED_CURVE_FONT('continuous');
#9486 = STYLED_ITEM('color',(#9487),#1222);
#9487 = PRESENTATION_STYLE_ASSIGNMENT((#9488,#9493));
#9488 = SURFACE_STYLE_USAGE(.BOTH.,#9489);
#9489 = SURFACE_SIDE_STYLE('',(#9490));
#9490 = SURFACE_STYLE_FILL_AREA(#9491);
#9491 = FILL_AREA_STYLE('',(#9492));
#9492 = FILL_AREA_STYLE_COLOUR('',#9447);
#9493 = CURVE_STYLE('',#9494,POSITIVE_LENGTH_MEASURE(0.1),#9447);
#9494 = DRAUGHTING_PRE_DEFINED_CURVE_FONT('continuous');
#9495 = STYLED_ITEM('color',(#9496),#1277);
#9496 = PRESENTATION_STYLE_ASSIGNMENT((#9497,#9502));
#9497 = SURFACE_STYLE_USAGE(.BOTH.,#9498);
#9498 = SURFACE_SIDE_STYLE('',(#9499));
#9499 = SURFACE_STYLE_FILL_AREA(#9500);
#9500 = FILL_AREA_STYLE('',(#9501));
#9501 = FILL_AREA_STYLE_COLOUR('',#9447);
#9502 = CURVE_STYLE('',#9503,POSITIVE_LENGTH_MEASURE(0.1),#9447);
#9503 = DRAUGHTING_PRE_DEFINED_CURVE_FONT('continuous');
#9504 = STYLED_ITEM('color',(#9505),#1316);
#9505 = PRESENTATION_STYLE_ASSIGNMENT((#9506,#9511));
#9506 = SURFACE_STYLE_USAGE(.BOTH.,#9507);
#9507 = SURFACE_SIDE_STYLE('',(#9508));
#9508 = SURFACE_STYLE_FILL_AREA(#9509);
#9509 = FILL_AREA_STYLE('',(#9510));
#9510 = FILL_AREA_STYLE_COLOUR('',#9447);
#9511 = CURVE_STYLE('',#9512,POSITIVE_LENGTH_MEASURE(0.1),#9447);
#9512 = DRAUGHTING_PRE_DEFINED_CURVE_FONT('continuous');
#9513 = STYLED_ITEM('color',(#9514),#1339);
#9514 = PRESENTATION_STYLE_ASSIGNMENT((#9515,#9520));
#9515 = SURFACE_STYLE_USAGE(.BOTH.,#9516);
#9516 = SURFACE_SIDE_STYLE('',(#9517));
#9517 = SURFACE_STYLE_FILL_AREA(#9518);
#9518 = FILL_AREA_STYLE('',(#9519));
#9519 = FILL_AREA_STYLE_COLOUR('',#9447);
#9520 = CURVE_STYLE('',#9521,POSITIVE_LENGTH_MEASURE(0.1),#9447);
#9521 = DRAUGHTING_PRE_DEFINED_CURVE_FONT('continuous');
#9522 = STYLED_ITEM('color',(#9523),#1362);
#9523 = PRESENTATION_STYLE_ASSIGNMENT((#9524,#9529));
#9524 = SURFACE_STYLE_USAGE(.BOTH.,#9525);
#9525 = SURFACE_SIDE_STYLE('',(#9526));
#9526 = SURFACE_STYLE_FILL_AREA(#9527);
#9527 = FILL_AREA_STYLE('',(#9528));
#9528 = FILL_AREA_STYLE_COLOUR('',#9447);
#9529 = CURVE_STYLE('',#9530,POSITIVE_LENGTH_MEASURE(0.1),#9447);
#9530 = DRAUGHTING_PRE_DEFINED_CURVE_FONT('continuous');
#9531 = STYLED_ITEM('color',(#9532),#1379);
#9532 = PRESENTATION_STYLE_ASSIGNMENT((#9533,#9538));
#9533 = SURFACE_STYLE_USAGE(.BOTH.,#9534);
#9534 = SURFACE_SIDE_STYLE('',(#9535));
#9535 = SURFACE_STYLE_FILL_AREA(#9536);
#9536 = FILL_AREA_STYLE('',(#9537));
#9537 = FILL_AREA_STYLE_COLOUR('',#9447);
#9538 = CURVE_STYLE('',#9539,POSITIVE_LENGTH_MEASURE(0.1),#9447);
#9539 = DRAUGHTING_PRE_DEFINED_CURVE_FONT('continuous');
#9540 = STYLED_ITEM('color',(#9541),#1402);
#9541 = PRESENTATION_STYLE_ASSIGNMENT((#9542,#9547));
#9542 = SURFACE_STYLE_USAGE(.BOTH.,#9543);
#9543 = SURFACE_SIDE_STYLE('',(#9544));
#9544 = SURFACE_STYLE_FILL_AREA(#9545);
#9545 = FILL_AREA_STYLE('',(#9546));
#9546 = FILL_AREA_STYLE_COLOUR('',#9447);
#9547 = CURVE_STYLE('',#9548,POSITIVE_LENGTH_MEASURE(0.1),#9447);
#9548 = DRAUGHTING_PRE_DEFINED_CURVE_FONT('continuous');
#9549 = STYLED_ITEM('color',(#9550),#1490);
#9550 = PRESENTATION_STYLE_ASSIGNMENT((#9551,#9556));
#9551 = SURFACE_STYLE_USAGE(.BOTH.,#9552);
#9552 = SURFACE_SIDE_STYLE('',(#9553));
#9553 = SURFACE_STYLE_FILL_AREA(#9554);
#9554 = FILL_AREA_STYLE('',(#9555));
#9555 = FILL_AREA_STYLE_COLOUR('',#9447);
#9556 = CURVE_STYLE('',#9557,POSITIVE_LENGTH_MEASURE(0.1),#9447);
#9557 = DRAUGHTING_PRE_DEFINED_CURVE_FONT('continuous');
#9558 = STYLED_ITEM('color',(#9559),#1506);
#9559 = PRESENTATION_STYLE_ASSIGNMENT((#9560,#9565));
#9560 = SURFACE_STYLE_USAGE(.BOTH.,#9561);
#9561 = SURFACE_SIDE_STYLE('',(#9562));
#9562 = SURFACE_STYLE_FILL_AREA(#9563);
#9563 = FILL_AREA_STYLE('',(#9564));
#9564 = FILL_AREA_STYLE_COLOUR('',#9447);
#9565 = CURVE_STYLE('',#9566,POSITIVE_LENGTH_MEASURE(0.1),#9447);
#9566 = DRAUGHTING_PRE_DEFINED_CURVE_FONT('continuous');
#9567 = STYLED_ITEM('color',(#9568),#1536);
#9568 = PRESENTATION_STYLE_ASSIGNMENT((#9569,#9575));
#9569 = SURFACE_STYLE_USAGE(.BOTH.,#9570);
#9570 = SURFACE_SIDE_STYLE('',(#9571));
#9571 = SURFACE_STYLE_FILL_AREA(#9572);
#9572 = FILL_AREA_STYLE('',(#9573));
#9573 = FILL_AREA_STYLE_COLOUR('',#9574);
#9574 = COLOUR_RGB('',0.823999987314,0.819999987296,0.781000009244);
#9575 = CURVE_STYLE('',#9576,POSITIVE_LENGTH_MEASURE(0.1),#9574);
#9576 = DRAUGHTING_PRE_DEFINED_CURVE_FONT('continuous');
#9577 = STYLED_ITEM('color',(#9578),#1569);
#9578 = PRESENTATION_STYLE_ASSIGNMENT((#9579,#9584));
#9579 = SURFACE_STYLE_USAGE(.BOTH.,#9580);
#9580 = SURFACE_SIDE_STYLE('',(#9581));
#9581 = SURFACE_STYLE_FILL_AREA(#9582);
#9582 = FILL_AREA_STYLE('',(#9583));
#9583 = FILL_AREA_STYLE_COLOUR('',#9447);
#9584 = CURVE_STYLE('',#9585,POSITIVE_LENGTH_MEASURE(0.1),#9447);
#9585 = DRAUGHTING_PRE_DEFINED_CURVE_FONT('continuous');
#9586 = STYLED_ITEM('color',(#9587),#1600);
#9587 = PRESENTATION_STYLE_ASSIGNMENT((#9588,#9593));
#9588 = SURFACE_STYLE_USAGE(.BOTH.,#9589);
#9589 = SURFACE_SIDE_STYLE('',(#9590));
#9590 = SURFACE_STYLE_FILL_AREA(#9591);
#9591 = FILL_AREA_STYLE('',(#9592));
#9592 = FILL_AREA_STYLE_COLOUR('',#9574);
#9593 = CURVE_STYLE('',#9594,POSITIVE_LENGTH_MEASURE(0.1),#9574);
#9594 = DRAUGHTING_PRE_DEFINED_CURVE_FONT('continuous');
#9595 = STYLED_ITEM('color',(#9596),#1633);
#9596 = PRESENTATION_STYLE_ASSIGNMENT((#9597,#9602));
#9597 = SURFACE_STYLE_USAGE(.BOTH.,#9598);
#9598 = SURFACE_SIDE_STYLE('',(#9599));
#9599 = SURFACE_STYLE_FILL_AREA(#9600);
#9600 = FILL_AREA_STYLE('',(#9601));
#9601 = FILL_AREA_STYLE_COLOUR('',#9447);
#9602 = CURVE_STYLE('',#9603,POSITIVE_LENGTH_MEASURE(0.1),#9447);
#9603 = DRAUGHTING_PRE_DEFINED_CURVE_FONT('continuous');
#9604 = STYLED_ITEM('color',(#9605),#1650);
#9605 = PRESENTATION_STYLE_ASSIGNMENT((#9606,#9611));
#9606 = SURFACE_STYLE_USAGE(.BOTH.,#9607);
#9607 = SURFACE_SIDE_STYLE('',(#9608));
#9608 = SURFACE_STYLE_FILL_AREA(#9609);
#9609 = FILL_AREA_STYLE('',(#9610));
#9610 = FILL_AREA_STYLE_COLOUR('',#9447);
#9611 = CURVE_STYLE('',#9612,POSITIVE_LENGTH_MEASURE(0.1),#9447);
#9612 = DRAUGHTING_PRE_DEFINED_CURVE_FONT('continuous');
#9613 = STYLED_ITEM('color',(#9614),#1667);
#9614 = PRESENTATION_STYLE_ASSIGNMENT((#9615,#9620));
#9615 = SURFACE_STYLE_USAGE(.BOTH.,#9616);
#9616 = SURFACE_SIDE_STYLE('',(#9617));
#9617 = SURFACE_STYLE_FILL_AREA(#9618);
#9618 = FILL_AREA_STYLE('',(#9619));
#9619 = FILL_AREA_STYLE_COLOUR('',#9574);
#9620 = CURVE_STYLE('',#9621,POSITIVE_LENGTH_MEASURE(0.1),#9574);
#9621 = DRAUGHTING_PRE_DEFINED_CURVE_FONT('continuous');
#9622 = STYLED_ITEM('color',(#9623),#1700);
#9623 = PRESENTATION_STYLE_ASSIGNMENT((#9624,#9629));
#9624 = SURFACE_STYLE_USAGE(.BOTH.,#9625);
#9625 = SURFACE_SIDE_STYLE('',(#9626));
#9626 = SURFACE_STYLE_FILL_AREA(#9627);
#9627 = FILL_AREA_STYLE('',(#9628));
#9628 = FILL_AREA_STYLE_COLOUR('',#9447);
#9629 = CURVE_STYLE('',#9630,POSITIVE_LENGTH_MEASURE(0.1),#9447);
#9630 = DRAUGHTING_PRE_DEFINED_CURVE_FONT('continuous');
#9631 = STYLED_ITEM('color',(#9632),#1730);
#9632 = PRESENTATION_STYLE_ASSIGNMENT((#9633,#9638));
#9633 = SURFACE_STYLE_USAGE(.BOTH.,#9634);
#9634 = SURFACE_SIDE_STYLE('',(#9635));
#9635 = SURFACE_STYLE_FILL_AREA(#9636);
#9636 = FILL_AREA_STYLE('',(#9637));
#9637 = FILL_AREA_STYLE_COLOUR('',#9447);
#9638 = CURVE_STYLE('',#9639,POSITIVE_LENGTH_MEASURE(0.1),#9447);
#9639 = DRAUGHTING_PRE_DEFINED_CURVE_FONT('continuous');
#9640 = STYLED_ITEM('color',(#9641),#1753);
#9641 = PRESENTATION_STYLE_ASSIGNMENT((#9642,#9647));
#9642 = SURFACE_STYLE_USAGE(.BOTH.,#9643);
#9643 = SURFACE_SIDE_STYLE('',(#9644));
#9644 = SURFACE_STYLE_FILL_AREA(#9645);
#9645 = FILL_AREA_STYLE('',(#9646));
#9646 = FILL_AREA_STYLE_COLOUR('',#9447);
#9647 = CURVE_STYLE('',#9648,POSITIVE_LENGTH_MEASURE(0.1),#9447);
#9648 = DRAUGHTING_PRE_DEFINED_CURVE_FONT('continuous');
#9649 = STYLED_ITEM('color',(#9650),#1776);
#9650 = PRESENTATION_STYLE_ASSIGNMENT((#9651,#9656));
#9651 = SURFACE_STYLE_USAGE(.BOTH.,#9652);
#9652 = SURFACE_SIDE_STYLE('',(#9653));
#9653 = SURFACE_STYLE_FILL_AREA(#9654);
#9654 = FILL_AREA_STYLE('',(#9655));
#9655 = FILL_AREA_STYLE_COLOUR('',#9447);
#9656 = CURVE_STYLE('',#9657,POSITIVE_LENGTH_MEASURE(0.1),#9447);
#9657 = DRAUGHTING_PRE_DEFINED_CURVE_FONT('continuous');
#9658 = STYLED_ITEM('color',(#9659),#1793);
#9659 = PRESENTATION_STYLE_ASSIGNMENT((#9660,#9665));
#9660 = SURFACE_STYLE_USAGE(.BOTH.,#9661);
#9661 = SURFACE_SIDE_STYLE('',(#9662));
#9662 = SURFACE_STYLE_FILL_AREA(#9663);
#9663 = FILL_AREA_STYLE('',(#9664));
#9664 = FILL_AREA_STYLE_COLOUR('',#9574);
#9665 = CURVE_STYLE('',#9666,POSITIVE_LENGTH_MEASURE(0.1),#9574);
#9666 = DRAUGHTING_PRE_DEFINED_CURVE_FONT('continuous');
#9667 = STYLED_ITEM('color',(#9668),#1822);
#9668 = PRESENTATION_STYLE_ASSIGNMENT((#9669,#9674));
#9669 = SURFACE_STYLE_USAGE(.BOTH.,#9670);
#9670 = SURFACE_SIDE_STYLE('',(#9671));
#9671 = SURFACE_STYLE_FILL_AREA(#9672);
#9672 = FILL_AREA_STYLE('',(#9673));
#9673 = FILL_AREA_STYLE_COLOUR('',#9447);
#9674 = CURVE_STYLE('',#9675,POSITIVE_LENGTH_MEASURE(0.1),#9447);
#9675 = DRAUGHTING_PRE_DEFINED_CURVE_FONT('continuous');
#9676 = STYLED_ITEM('color',(#9677),#1876);
#9677 = PRESENTATION_STYLE_ASSIGNMENT((#9678,#9683));
#9678 = SURFACE_STYLE_USAGE(.BOTH.,#9679);
#9679 = SURFACE_SIDE_STYLE('',(#9680));
#9680 = SURFACE_STYLE_FILL_AREA(#9681);
#9681 = FILL_AREA_STYLE('',(#9682));
#9682 = FILL_AREA_STYLE_COLOUR('',#9447);
#9683 = CURVE_STYLE('',#9684,POSITIVE_LENGTH_MEASURE(0.1),#9447);
#9684 = DRAUGHTING_PRE_DEFINED_CURVE_FONT('continuous');
#9685 = STYLED_ITEM('color',(#9686),#1899);
#9686 = PRESENTATION_STYLE_ASSIGNMENT((#9687,#9692));
#9687 = SURFACE_STYLE_USAGE(.BOTH.,#9688);
#9688 = SURFACE_SIDE_STYLE('',(#9689));
#9689 = SURFACE_STYLE_FILL_AREA(#9690);
#9690 = FILL_AREA_STYLE('',(#9691));
#9691 = FILL_AREA_STYLE_COLOUR('',#9447);
#9692 = CURVE_STYLE('',#9693,POSITIVE_LENGTH_MEASURE(0.1),#9447);
#9693 = DRAUGHTING_PRE_DEFINED_CURVE_FONT('continuous');
#9694 = STYLED_ITEM('color',(#9695),#1922);
#9695 = PRESENTATION_STYLE_ASSIGNMENT((#9696,#9701));
#9696 = SURFACE_STYLE_USAGE(.BOTH.,#9697);
#9697 = SURFACE_SIDE_STYLE('',(#9698));
#9698 = SURFACE_STYLE_FILL_AREA(#9699);
#9699 = FILL_AREA_STYLE('',(#9700));
#9700 = FILL_AREA_STYLE_COLOUR('',#9447);
#9701 = CURVE_STYLE('',#9702,POSITIVE_LENGTH_MEASURE(0.1),#9447);
#9702 = DRAUGHTING_PRE_DEFINED_CURVE_FONT('continuous');
#9703 = STYLED_ITEM('color',(#9704),#1945);
#9704 = PRESENTATION_STYLE_ASSIGNMENT((#9705,#9710));
#9705 = SURFACE_STYLE_USAGE(.BOTH.,#9706);
#9706 = SURFACE_SIDE_STYLE('',(#9707));
#9707 = SURFACE_STYLE_FILL_AREA(#9708);
#9708 = FILL_AREA_STYLE('',(#9709));
#9709 = FILL_AREA_STYLE_COLOUR('',#9447);
#9710 = CURVE_STYLE('',#9711,POSITIVE_LENGTH_MEASURE(0.1),#9447);
#9711 = DRAUGHTING_PRE_DEFINED_CURVE_FONT('continuous');
#9712 = STYLED_ITEM('color',(#9713),#1984);
#9713 = PRESENTATION_STYLE_ASSIGNMENT((#9714,#9719));
#9714 = SURFACE_STYLE_USAGE(.BOTH.,#9715);
#9715 = SURFACE_SIDE_STYLE('',(#9716));
#9716 = SURFACE_STYLE_FILL_AREA(#9717);
#9717 = FILL_AREA_STYLE('',(#9718));
#9718 = FILL_AREA_STYLE_COLOUR('',#9574);
#9719 = CURVE_STYLE('',#9720,POSITIVE_LENGTH_MEASURE(0.1),#9574);
#9720 = DRAUGHTING_PRE_DEFINED_CURVE_FONT('continuous');
#9721 = STYLED_ITEM('color',(#9722),#2006);
#9722 = PRESENTATION_STYLE_ASSIGNMENT((#9723,#9728));
#9723 = SURFACE_STYLE_USAGE(.BOTH.,#9724);
#9724 = SURFACE_SIDE_STYLE('',(#9725));
#9725 = SURFACE_STYLE_FILL_AREA(#9726);
#9726 = FILL_AREA_STYLE('',(#9727));
#9727 = FILL_AREA_STYLE_COLOUR('',#9447);
#9728 = CURVE_STYLE('',#9729,POSITIVE_LENGTH_MEASURE(0.1),#9447);
#9729 = DRAUGHTING_PRE_DEFINED_CURVE_FONT('continuous');
#9730 = STYLED_ITEM('color',(#9731),#2050);
#9731 = PRESENTATION_STYLE_ASSIGNMENT((#9732,#9737));
#9732 = SURFACE_STYLE_USAGE(.BOTH.,#9733);
#9733 = SURFACE_SIDE_STYLE('',(#9734));
#9734 = SURFACE_STYLE_FILL_AREA(#9735);
#9735 = FILL_AREA_STYLE('',(#9736));
#9736 = FILL_AREA_STYLE_COLOUR('',#9574);
#9737 = CURVE_STYLE('',#9738,POSITIVE_LENGTH_MEASURE(0.1),#9574);
#9738 = DRAUGHTING_PRE_DEFINED_CURVE_FONT('continuous');
#9739 = STYLED_ITEM('color',(#9740),#2125);
#9740 = PRESENTATION_STYLE_ASSIGNMENT((#9741,#9746));
#9741 = SURFACE_STYLE_USAGE(.BOTH.,#9742);
#9742 = SURFACE_SIDE_STYLE('',(#9743));
#9743 = SURFACE_STYLE_FILL_AREA(#9744);
#9744 = FILL_AREA_STYLE('',(#9745));
#9745 = FILL_AREA_STYLE_COLOUR('',#9574);
#9746 = CURVE_STYLE('',#9747,POSITIVE_LENGTH_MEASURE(0.1),#9574);
#9747 = DRAUGHTING_PRE_DEFINED_CURVE_FONT('continuous');
#9748 = STYLED_ITEM('color',(#9749),#2149);
#9749 = PRESENTATION_STYLE_ASSIGNMENT((#9750,#9755));
#9750 = SURFACE_STYLE_USAGE(.BOTH.,#9751);
#9751 = SURFACE_SIDE_STYLE('',(#9752));
#9752 = SURFACE_STYLE_FILL_AREA(#9753);
#9753 = FILL_AREA_STYLE('',(#9754));
#9754 = FILL_AREA_STYLE_COLOUR('',#9574);
#9755 = CURVE_STYLE('',#9756,POSITIVE_LENGTH_MEASURE(0.1),#9574);
#9756 = DRAUGHTING_PRE_DEFINED_CURVE_FONT('continuous');
#9757 = STYLED_ITEM('color',(#9758),#2217);
#9758 = PRESENTATION_STYLE_ASSIGNMENT((#9759,#9764));
#9759 = SURFACE_STYLE_USAGE(.BOTH.,#9760);
#9760 = SURFACE_SIDE_STYLE('',(#9761));
#9761 = SURFACE_STYLE_FILL_AREA(#9762);
#9762 = FILL_AREA_STYLE('',(#9763));
#9763 = FILL_AREA_STYLE_COLOUR('',#9447);
#9764 = CURVE_STYLE('',#9765,POSITIVE_LENGTH_MEASURE(0.1),#9447);
#9765 = DRAUGHTING_PRE_DEFINED_CURVE_FONT('continuous');
#9766 = STYLED_ITEM('color',(#9767),#2234);
#9767 = PRESENTATION_STYLE_ASSIGNMENT((#9768,#9773));
#9768 = SURFACE_STYLE_USAGE(.BOTH.,#9769);
#9769 = SURFACE_SIDE_STYLE('',(#9770));
#9770 = SURFACE_STYLE_FILL_AREA(#9771);
#9771 = FILL_AREA_STYLE('',(#9772));
#9772 = FILL_AREA_STYLE_COLOUR('',#9574);
#9773 = CURVE_STYLE('',#9774,POSITIVE_LENGTH_MEASURE(0.1),#9574);
#9774 = DRAUGHTING_PRE_DEFINED_CURVE_FONT('continuous');
#9775 = STYLED_ITEM('color',(#9776),#2309);
#9776 = PRESENTATION_STYLE_ASSIGNMENT((#9777,#9782));
#9777 = SURFACE_STYLE_USAGE(.BOTH.,#9778);
#9778 = SURFACE_SIDE_STYLE('',(#9779));
#9779 = SURFACE_STYLE_FILL_AREA(#9780);
#9780 = FILL_AREA_STYLE('',(#9781));
#9781 = FILL_AREA_STYLE_COLOUR('',#9574);
#9782 = CURVE_STYLE('',#9783,POSITIVE_LENGTH_MEASURE(0.1),#9574);
#9783 = DRAUGHTING_PRE_DEFINED_CURVE_FONT('continuous');
#9784 = STYLED_ITEM('color',(#9785),#2333);
#9785 = PRESENTATION_STYLE_ASSIGNMENT((#9786,#9791));
#9786 = SURFACE_STYLE_USAGE(.BOTH.,#9787);
#9787 = SURFACE_SIDE_STYLE('',(#9788));
#9788 = SURFACE_STYLE_FILL_AREA(#9789);
#9789 = FILL_AREA_STYLE('',(#9790));
#9790 = FILL_AREA_STYLE_COLOUR('',#9574);
#9791 = CURVE_STYLE('',#9792,POSITIVE_LENGTH_MEASURE(0.1),#9574);
#9792 = DRAUGHTING_PRE_DEFINED_CURVE_FONT('continuous');
#9793 = STYLED_ITEM('color',(#9794),#2401);
#9794 = PRESENTATION_STYLE_ASSIGNMENT((#9795,#9800));
#9795 = SURFACE_STYLE_USAGE(.BOTH.,#9796);
#9796 = SURFACE_SIDE_STYLE('',(#9797));
#9797 = SURFACE_STYLE_FILL_AREA(#9798);
#9798 = FILL_AREA_STYLE('',(#9799));
#9799 = FILL_AREA_STYLE_COLOUR('',#9574);
#9800 = CURVE_STYLE('',#9801,POSITIVE_LENGTH_MEASURE(0.1),#9574);
#9801 = DRAUGHTING_PRE_DEFINED_CURVE_FONT('continuous');
#9802 = STYLED_ITEM('color',(#9803),#2476);
#9803 = PRESENTATION_STYLE_ASSIGNMENT((#9804,#9809));
#9804 = SURFACE_STYLE_USAGE(.BOTH.,#9805);
#9805 = SURFACE_SIDE_STYLE('',(#9806));
#9806 = SURFACE_STYLE_FILL_AREA(#9807);
#9807 = FILL_AREA_STYLE('',(#9808));
#9808 = FILL_AREA_STYLE_COLOUR('',#9574);
#9809 = CURVE_STYLE('',#9810,POSITIVE_LENGTH_MEASURE(0.1),#9574);
#9810 = DRAUGHTING_PRE_DEFINED_CURVE_FONT('continuous');
#9811 = STYLED_ITEM('color',(#9812),#2500);
#9812 = PRESENTATION_STYLE_ASSIGNMENT((#9813,#9818));
#9813 = SURFACE_STYLE_USAGE(.BOTH.,#9814);
#9814 = SURFACE_SIDE_STYLE('',(#9815));
#9815 = SURFACE_STYLE_FILL_AREA(#9816);
#9816 = FILL_AREA_STYLE('',(#9817));
#9817 = FILL_AREA_STYLE_COLOUR('',#9574);
#9818 = CURVE_STYLE('',#9819,POSITIVE_LENGTH_MEASURE(0.1),#9574);
#9819 = DRAUGHTING_PRE_DEFINED_CURVE_FONT('continuous');
#9820 = STYLED_ITEM('color',(#9821),#2568);
#9821 = PRESENTATION_STYLE_ASSIGNMENT((#9822,#9827));
#9822 = SURFACE_STYLE_USAGE(.BOTH.,#9823);
#9823 = SURFACE_SIDE_STYLE('',(#9824));
#9824 = SURFACE_STYLE_FILL_AREA(#9825);
#9825 = FILL_AREA_STYLE('',(#9826));
#9826 = FILL_AREA_STYLE_COLOUR('',#9574);
#9827 = CURVE_STYLE('',#9828,POSITIVE_LENGTH_MEASURE(0.1),#9574);
#9828 = DRAUGHTING_PRE_DEFINED_CURVE_FONT('continuous');
#9829 = STYLED_ITEM('color',(#9830),#2585);
#9830 = PRESENTATION_STYLE_ASSIGNMENT((#9831,#9836));
#9831 = SURFACE_STYLE_USAGE(.BOTH.,#9832);
#9832 = SURFACE_SIDE_STYLE('',(#9833));
#9833 = SURFACE_STYLE_FILL_AREA(#9834);
#9834 = FILL_AREA_STYLE('',(#9835));
#9835 = FILL_AREA_STYLE_COLOUR('',#9574);
#9836 = CURVE_STYLE('',#9837,POSITIVE_LENGTH_MEASURE(0.1),#9574);
#9837 = DRAUGHTING_PRE_DEFINED_CURVE_FONT('continuous');
#9838 = STYLED_ITEM('color',(#9839),#2602);
#9839 = PRESENTATION_STYLE_ASSIGNMENT((#9840,#9845));
#9840 = SURFACE_STYLE_USAGE(.BOTH.,#9841);
#9841 = SURFACE_SIDE_STYLE('',(#9842));
#9842 = SURFACE_STYLE_FILL_AREA(#9843);
#9843 = FILL_AREA_STYLE('',(#9844));
#9844 = FILL_AREA_STYLE_COLOUR('',#9447);
#9845 = CURVE_STYLE('',#9846,POSITIVE_LENGTH_MEASURE(0.1),#9447);
#9846 = DRAUGHTING_PRE_DEFINED_CURVE_FONT('continuous');
#9847 = STYLED_ITEM('color',(#9848),#2648);
#9848 = PRESENTATION_STYLE_ASSIGNMENT((#9849,#9854));
#9849 = SURFACE_STYLE_USAGE(.BOTH.,#9850);
#9850 = SURFACE_SIDE_STYLE('',(#9851));
#9851 = SURFACE_STYLE_FILL_AREA(#9852);
#9852 = FILL_AREA_STYLE('',(#9853));
#9853 = FILL_AREA_STYLE_COLOUR('',#9447);
#9854 = CURVE_STYLE('',#9855,POSITIVE_LENGTH_MEASURE(0.1),#9447);
#9855 = DRAUGHTING_PRE_DEFINED_CURVE_FONT('continuous');
#9856 = STYLED_ITEM('color',(#9857),#2664);
#9857 = PRESENTATION_STYLE_ASSIGNMENT((#9858,#9863));
#9858 = SURFACE_STYLE_USAGE(.BOTH.,#9859);
#9859 = SURFACE_SIDE_STYLE('',(#9860));
#9860 = SURFACE_STYLE_FILL_AREA(#9861);
#9861 = FILL_AREA_STYLE('',(#9862));
#9862 = FILL_AREA_STYLE_COLOUR('',#9447);
#9863 = CURVE_STYLE('',#9864,POSITIVE_LENGTH_MEASURE(0.1),#9447);
#9864 = DRAUGHTING_PRE_DEFINED_CURVE_FONT('continuous');
#9865 = STYLED_ITEM('color',(#9866),#2680);
#9866 = PRESENTATION_STYLE_ASSIGNMENT((#9867,#9872));
#9867 = SURFACE_STYLE_USAGE(.BOTH.,#9868);
#9868 = SURFACE_SIDE_STYLE('',(#9869));
#9869 = SURFACE_STYLE_FILL_AREA(#9870);
#9870 = FILL_AREA_STYLE('',(#9871));
#9871 = FILL_AREA_STYLE_COLOUR('',#9574);
#9872 = CURVE_STYLE('',#9873,POSITIVE_LENGTH_MEASURE(0.1),#9574);
#9873 = DRAUGHTING_PRE_DEFINED_CURVE_FONT('continuous');
#9874 = STYLED_ITEM('color',(#9875),#2697);
#9875 = PRESENTATION_STYLE_ASSIGNMENT((#9876,#9881));
#9876 = SURFACE_STYLE_USAGE(.BOTH.,#9877);
#9877 = SURFACE_SIDE_STYLE('',(#9878));
#9878 = SURFACE_STYLE_FILL_AREA(#9879);
#9879 = FILL_AREA_STYLE('',(#9880));
#9880 = FILL_AREA_STYLE_COLOUR('',#9447);
#9881 = CURVE_STYLE('',#9882,POSITIVE_LENGTH_MEASURE(0.1),#9447);
#9882 = DRAUGHTING_PRE_DEFINED_CURVE_FONT('continuous');
#9883 = STYLED_ITEM('color',(#9884),#2709);
#9884 = PRESENTATION_STYLE_ASSIGNMENT((#9885,#9890));
#9885 = SURFACE_STYLE_USAGE(.BOTH.,#9886);
#9886 = SURFACE_SIDE_STYLE('',(#9887));
#9887 = SURFACE_STYLE_FILL_AREA(#9888);
#9888 = FILL_AREA_STYLE('',(#9889));
#9889 = FILL_AREA_STYLE_COLOUR('',#9574);
#9890 = CURVE_STYLE('',#9891,POSITIVE_LENGTH_MEASURE(0.1),#9574);
#9891 = DRAUGHTING_PRE_DEFINED_CURVE_FONT('continuous');
#9892 = STYLED_ITEM('color',(#9893),#2726);
#9893 = PRESENTATION_STYLE_ASSIGNMENT((#9894,#9899));
#9894 = SURFACE_STYLE_USAGE(.BOTH.,#9895);
#9895 = SURFACE_SIDE_STYLE('',(#9896));
#9896 = SURFACE_STYLE_FILL_AREA(#9897);
#9897 = FILL_AREA_STYLE('',(#9898));
#9898 = FILL_AREA_STYLE_COLOUR('',#9574);
#9899 = CURVE_STYLE('',#9900,POSITIVE_LENGTH_MEASURE(0.1),#9574);
#9900 = DRAUGHTING_PRE_DEFINED_CURVE_FONT('continuous');
#9901 = STYLED_ITEM('color',(#9902),#2743);
#9902 = PRESENTATION_STYLE_ASSIGNMENT((#9903,#9908));
#9903 = SURFACE_STYLE_USAGE(.BOTH.,#9904);
#9904 = SURFACE_SIDE_STYLE('',(#9905));
#9905 = SURFACE_STYLE_FILL_AREA(#9906);
#9906 = FILL_AREA_STYLE('',(#9907));
#9907 = FILL_AREA_STYLE_COLOUR('',#9574);
#9908 = CURVE_STYLE('',#9909,POSITIVE_LENGTH_MEASURE(0.1),#9574);
#9909 = DRAUGHTING_PRE_DEFINED_CURVE_FONT('continuous');
#9910 = STYLED_ITEM('color',(#9911),#2760);
#9911 = PRESENTATION_STYLE_ASSIGNMENT((#9912,#9917));
#9912 = SURFACE_STYLE_USAGE(.BOTH.,#9913);
#9913 = SURFACE_SIDE_STYLE('',(#9914));
#9914 = SURFACE_STYLE_FILL_AREA(#9915);
#9915 = FILL_AREA_STYLE('',(#9916));
#9916 = FILL_AREA_STYLE_COLOUR('',#9574);
#9917 = CURVE_STYLE('',#9918,POSITIVE_LENGTH_MEASURE(0.1),#9574);
#9918 = DRAUGHTING_PRE_DEFINED_CURVE_FONT('continuous');
#9919 = STYLED_ITEM('color',(#9920),#2777);
#9920 = PRESENTATION_STYLE_ASSIGNMENT((#9921,#9926));
#9921 = SURFACE_STYLE_USAGE(.BOTH.,#9922);
#9922 = SURFACE_SIDE_STYLE('',(#9923));
#9923 = SURFACE_STYLE_FILL_AREA(#9924);
#9924 = FILL_AREA_STYLE('',(#9925));
#9925 = FILL_AREA_STYLE_COLOUR('',#9574);
#9926 = CURVE_STYLE('',#9927,POSITIVE_LENGTH_MEASURE(0.1),#9574);
#9927 = DRAUGHTING_PRE_DEFINED_CURVE_FONT('continuous');
#9928 = STYLED_ITEM('color',(#9929),#2794);
#9929 = PRESENTATION_STYLE_ASSIGNMENT((#9930,#9935));
#9930 = SURFACE_STYLE_USAGE(.BOTH.,#9931);
#9931 = SURFACE_SIDE_STYLE('',(#9932));
#9932 = SURFACE_STYLE_FILL_AREA(#9933);
#9933 = FILL_AREA_STYLE('',(#9934));
#9934 = FILL_AREA_STYLE_COLOUR('',#9574);
#9935 = CURVE_STYLE('',#9936,POSITIVE_LENGTH_MEASURE(0.1),#9574);
#9936 = DRAUGHTING_PRE_DEFINED_CURVE_FONT('continuous');
#9937 = STYLED_ITEM('color',(#9938),#2811);
#9938 = PRESENTATION_STYLE_ASSIGNMENT((#9939,#9944));
#9939 = SURFACE_STYLE_USAGE(.BOTH.,#9940);
#9940 = SURFACE_SIDE_STYLE('',(#9941));
#9941 = SURFACE_STYLE_FILL_AREA(#9942);
#9942 = FILL_AREA_STYLE('',(#9943));
#9943 = FILL_AREA_STYLE_COLOUR('',#9574);
#9944 = CURVE_STYLE('',#9945,POSITIVE_LENGTH_MEASURE(0.1),#9574);
#9945 = DRAUGHTING_PRE_DEFINED_CURVE_FONT('continuous');
#9946 = STYLED_ITEM('color',(#9947),#2823);
#9947 = PRESENTATION_STYLE_ASSIGNMENT((#9948,#9953));
#9948 = SURFACE_STYLE_USAGE(.BOTH.,#9949);
#9949 = SURFACE_SIDE_STYLE('',(#9950));
#9950 = SURFACE_STYLE_FILL_AREA(#9951);
#9951 = FILL_AREA_STYLE('',(#9952));
#9952 = FILL_AREA_STYLE_COLOUR('',#9574);
#9953 = CURVE_STYLE('',#9954,POSITIVE_LENGTH_MEASURE(0.1),#9574);
#9954 = DRAUGHTING_PRE_DEFINED_CURVE_FONT('continuous');
#9955 = STYLED_ITEM('color',(#9956),#2840);
#9956 = PRESENTATION_STYLE_ASSIGNMENT((#9957,#9962));
#9957 = SURFACE_STYLE_USAGE(.BOTH.,#9958);
#9958 = SURFACE_SIDE_STYLE('',(#9959));
#9959 = SURFACE_STYLE_FILL_AREA(#9960);
#9960 = FILL_AREA_STYLE('',(#9961));
#9961 = FILL_AREA_STYLE_COLOUR('',#9574);
#9962 = CURVE_STYLE('',#9963,POSITIVE_LENGTH_MEASURE(0.1),#9574);
#9963 = DRAUGHTING_PRE_DEFINED_CURVE_FONT('continuous');
#9964 = STYLED_ITEM('color',(#9965),#2857);
#9965 = PRESENTATION_STYLE_ASSIGNMENT((#9966,#9971));
#9966 = SURFACE_STYLE_USAGE(.BOTH.,#9967);
#9967 = SURFACE_SIDE_STYLE('',(#9968));
#9968 = SURFACE_STYLE_FILL_AREA(#9969);
#9969 = FILL_AREA_STYLE('',(#9970));
#9970 = FILL_AREA_STYLE_COLOUR('',#9574);
#9971 = CURVE_STYLE('',#9972,POSITIVE_LENGTH_MEASURE(0.1),#9574);
#9972 = DRAUGHTING_PRE_DEFINED_CURVE_FONT('continuous');
#9973 = STYLED_ITEM('color',(#9974),#2874);
#9974 = PRESENTATION_STYLE_ASSIGNMENT((#9975,#9980));
#9975 = SURFACE_STYLE_USAGE(.BOTH.,#9976);
#9976 = SURFACE_SIDE_STYLE('',(#9977));
#9977 = SURFACE_STYLE_FILL_AREA(#9978);
#9978 = FILL_AREA_STYLE('',(#9979));
#9979 = FILL_AREA_STYLE_COLOUR('',#9574);
#9980 = CURVE_STYLE('',#9981,POSITIVE_LENGTH_MEASURE(0.1),#9574);
#9981 = DRAUGHTING_PRE_DEFINED_CURVE_FONT('continuous');
#9982 = STYLED_ITEM('color',(#9983),#2891);
#9983 = PRESENTATION_STYLE_ASSIGNMENT((#9984,#9989));
#9984 = SURFACE_STYLE_USAGE(.BOTH.,#9985);
#9985 = SURFACE_SIDE_STYLE('',(#9986));
#9986 = SURFACE_STYLE_FILL_AREA(#9987);
#9987 = FILL_AREA_STYLE('',(#9988));
#9988 = FILL_AREA_STYLE_COLOUR('',#9574);
#9989 = CURVE_STYLE('',#9990,POSITIVE_LENGTH_MEASURE(0.1),#9574);
#9990 = DRAUGHTING_PRE_DEFINED_CURVE_FONT('continuous');
#9991 = STYLED_ITEM('color',(#9992),#2908);
#9992 = PRESENTATION_STYLE_ASSIGNMENT((#9993,#9998));
#9993 = SURFACE_STYLE_USAGE(.BOTH.,#9994);
#9994 = SURFACE_SIDE_STYLE('',(#9995));
#9995 = SURFACE_STYLE_FILL_AREA(#9996);
#9996 = FILL_AREA_STYLE('',(#9997));
#9997 = FILL_AREA_STYLE_COLOUR('',#9574);
#9998 = CURVE_STYLE('',#9999,POSITIVE_LENGTH_MEASURE(0.1),#9574);
#9999 = DRAUGHTING_PRE_DEFINED_CURVE_FONT('continuous');
#10000 = STYLED_ITEM('color',(#10001),#2920);
#10001 = PRESENTATION_STYLE_ASSIGNMENT((#10002,#10007));
#10002 = SURFACE_STYLE_USAGE(.BOTH.,#10003);
#10003 = SURFACE_SIDE_STYLE('',(#10004));
#10004 = SURFACE_STYLE_FILL_AREA(#10005);
#10005 = FILL_AREA_STYLE('',(#10006));
#10006 = FILL_AREA_STYLE_COLOUR('',#9574);
#10007 = CURVE_STYLE('',#10008,POSITIVE_LENGTH_MEASURE(0.1),#9574);
#10008 = DRAUGHTING_PRE_DEFINED_CURVE_FONT('continuous');
#10009 = STYLED_ITEM('color',(#10010),#2937);
#10010 = PRESENTATION_STYLE_ASSIGNMENT((#10011,#10016));
#10011 = SURFACE_STYLE_USAGE(.BOTH.,#10012);
#10012 = SURFACE_SIDE_STYLE('',(#10013));
#10013 = SURFACE_STYLE_FILL_AREA(#10014);
#10014 = FILL_AREA_STYLE('',(#10015));
#10015 = FILL_AREA_STYLE_COLOUR('',#9574);
#10016 = CURVE_STYLE('',#10017,POSITIVE_LENGTH_MEASURE(0.1),#9574);
#10017 = DRAUGHTING_PRE_DEFINED_CURVE_FONT('continuous');
#10018 = STYLED_ITEM('color',(#10019),#2954);
#10019 = PRESENTATION_STYLE_ASSIGNMENT((#10020,#10025));
#10020 = SURFACE_STYLE_USAGE(.BOTH.,#10021);
#10021 = SURFACE_SIDE_STYLE('',(#10022));
#10022 = SURFACE_STYLE_FILL_AREA(#10023);
#10023 = FILL_AREA_STYLE('',(#10024));
#10024 = FILL_AREA_STYLE_COLOUR('',#9574);
#10025 = CURVE_STYLE('',#10026,POSITIVE_LENGTH_MEASURE(0.1),#9574);
#10026 = DRAUGHTING_PRE_DEFINED_CURVE_FONT('continuous');
#10027 = STYLED_ITEM('color',(#10028),#2971);
#10028 = PRESENTATION_STYLE_ASSIGNMENT((#10029,#10034));
#10029 = SURFACE_STYLE_USAGE(.BOTH.,#10030);
#10030 = SURFACE_SIDE_STYLE('',(#10031));
#10031 = SURFACE_STYLE_FILL_AREA(#10032);
#10032 = FILL_AREA_STYLE('',(#10033));
#10033 = FILL_AREA_STYLE_COLOUR('',#9574);
#10034 = CURVE_STYLE('',#10035,POSITIVE_LENGTH_MEASURE(0.1),#9574);
#10035 = DRAUGHTING_PRE_DEFINED_CURVE_FONT('continuous');
#10036 = STYLED_ITEM('color',(#10037),#2988);
#10037 = PRESENTATION_STYLE_ASSIGNMENT((#10038,#10043));
#10038 = SURFACE_STYLE_USAGE(.BOTH.,#10039);
#10039 = SURFACE_SIDE_STYLE('',(#10040));
#10040 = SURFACE_STYLE_FILL_AREA(#10041);
#10041 = FILL_AREA_STYLE('',(#10042));
#10042 = FILL_AREA_STYLE_COLOUR('',#9574);
#10043 = CURVE_STYLE('',#10044,POSITIVE_LENGTH_MEASURE(0.1),#9574);
#10044 = DRAUGHTING_PRE_DEFINED_CURVE_FONT('continuous');
#10045 = STYLED_ITEM('color',(#10046),#3005);
#10046 = PRESENTATION_STYLE_ASSIGNMENT((#10047,#10052));
#10047 = SURFACE_STYLE_USAGE(.BOTH.,#10048);
#10048 = SURFACE_SIDE_STYLE('',(#10049));
#10049 = SURFACE_STYLE_FILL_AREA(#10050);
#10050 = FILL_AREA_STYLE('',(#10051));
#10051 = FILL_AREA_STYLE_COLOUR('',#9574);
#10052 = CURVE_STYLE('',#10053,POSITIVE_LENGTH_MEASURE(0.1),#9574);
#10053 = DRAUGHTING_PRE_DEFINED_CURVE_FONT('continuous');
#10054 = STYLED_ITEM('color',(#10055),#3017);
#10055 = PRESENTATION_STYLE_ASSIGNMENT((#10056,#10062));
#10056 = SURFACE_STYLE_USAGE(.BOTH.,#10057);
#10057 = SURFACE_SIDE_STYLE('',(#10058));
#10058 = SURFACE_STYLE_FILL_AREA(#10059);
#10059 = FILL_AREA_STYLE('',(#10060));
#10060 = FILL_AREA_STYLE_COLOUR('',#10061);
#10061 = COLOUR_RGB('',0.690999998585,0.664000007176,0.597999987832);
#10062 = CURVE_STYLE('',#10063,POSITIVE_LENGTH_MEASURE(0.1),#10061);
#10063 = DRAUGHTING_PRE_DEFINED_CURVE_FONT('continuous');
#10064 = MECHANICAL_DESIGN_GEOMETRIC_PRESENTATION_REPRESENTATION('',(
    #10065,#10072,#10079,#10086,#10093,#10100,#10107,#10114,#10121,
    #10128,#10135,#10143,#10150,#10157,#10164,#10171,#10178,#10185,
    #10192,#10199,#10206,#10213,#10220,#10227,#10234,#10241,#10248,
    #10255),#1002);
#10065 = STYLED_ITEM('color',(#10066),#150);
#10066 = PRESENTATION_STYLE_ASSIGNMENT((#10067));
#10067 = SURFACE_STYLE_USAGE(.BOTH.,#10068);
#10068 = SURFACE_SIDE_STYLE('',(#10069));
#10069 = SURFACE_STYLE_FILL_AREA(#10070);
#10070 = FILL_AREA_STYLE('',(#10071));
#10071 = FILL_AREA_STYLE_COLOUR('',#9574);
#10072 = STYLED_ITEM('color',(#10073),#226);
#10073 = PRESENTATION_STYLE_ASSIGNMENT((#10074));
#10074 = SURFACE_STYLE_USAGE(.BOTH.,#10075);
#10075 = SURFACE_SIDE_STYLE('',(#10076));
#10076 = SURFACE_STYLE_FILL_AREA(#10077);
#10077 = FILL_AREA_STYLE('',(#10078));
#10078 = FILL_AREA_STYLE_COLOUR('',#9574);
#10079 = STYLED_ITEM('color',(#10080),#257);
#10080 = PRESENTATION_STYLE_ASSIGNMENT((#10081));
#10081 = SURFACE_STYLE_USAGE(.BOTH.,#10082);
#10082 = SURFACE_SIDE_STYLE('',(#10083));
#10083 = SURFACE_STYLE_FILL_AREA(#10084);
#10084 = FILL_AREA_STYLE('',(#10085));
#10085 = FILL_AREA_STYLE_COLOUR('',#9574);
#10086 = STYLED_ITEM('color',(#10087),#282);
#10087 = PRESENTATION_STYLE_ASSIGNMENT((#10088));
#10088 = SURFACE_STYLE_USAGE(.BOTH.,#10089);
#10089 = SURFACE_SIDE_STYLE('',(#10090));
#10090 = SURFACE_STYLE_FILL_AREA(#10091);
#10091 = FILL_AREA_STYLE('',(#10092));
#10092 = FILL_AREA_STYLE_COLOUR('',#9574);
#10093 = STYLED_ITEM('color',(#10094),#307);
#10094 = PRESENTATION_STYLE_ASSIGNMENT((#10095));
#10095 = SURFACE_STYLE_USAGE(.BOTH.,#10096);
#10096 = SURFACE_SIDE_STYLE('',(#10097));
#10097 = SURFACE_STYLE_FILL_AREA(#10098);
#10098 = FILL_AREA_STYLE('',(#10099));
#10099 = FILL_AREA_STYLE_COLOUR('',#9574);
#10100 = STYLED_ITEM('color',(#10101),#331);
#10101 = PRESENTATION_STYLE_ASSIGNMENT((#10102));
#10102 = SURFACE_STYLE_USAGE(.BOTH.,#10103);
#10103 = SURFACE_SIDE_STYLE('',(#10104));
#10104 = SURFACE_STYLE_FILL_AREA(#10105);
#10105 = FILL_AREA_STYLE('',(#10106));
#10106 = FILL_AREA_STYLE_COLOUR('',#9574);
#10107 = STYLED_ITEM('color',(#10108),#355);
#10108 = PRESENTATION_STYLE_ASSIGNMENT((#10109));
#10109 = SURFACE_STYLE_USAGE(.BOTH.,#10110);
#10110 = SURFACE_SIDE_STYLE('',(#10111));
#10111 = SURFACE_STYLE_FILL_AREA(#10112);
#10112 = FILL_AREA_STYLE('',(#10113));
#10113 = FILL_AREA_STYLE_COLOUR('',#9574);
#10114 = STYLED_ITEM('color',(#10115),#380);
#10115 = PRESENTATION_STYLE_ASSIGNMENT((#10116));
#10116 = SURFACE_STYLE_USAGE(.BOTH.,#10117);
#10117 = SURFACE_SIDE_STYLE('',(#10118));
#10118 = SURFACE_STYLE_FILL_AREA(#10119);
#10119 = FILL_AREA_STYLE('',(#10120));
#10120 = FILL_AREA_STYLE_COLOUR('',#9574);
#10121 = STYLED_ITEM('color',(#10122),#405);
#10122 = PRESENTATION_STYLE_ASSIGNMENT((#10123));
#10123 = SURFACE_STYLE_USAGE(.BOTH.,#10124);
#10124 = SURFACE_SIDE_STYLE('',(#10125));
#10125 = SURFACE_STYLE_FILL_AREA(#10126);
#10126 = FILL_AREA_STYLE('',(#10127));
#10127 = FILL_AREA_STYLE_COLOUR('',#9574);
#10128 = STYLED_ITEM('color',(#10129),#422);
#10129 = PRESENTATION_STYLE_ASSIGNMENT((#10130));
#10130 = SURFACE_STYLE_USAGE(.BOTH.,#10131);
#10131 = SURFACE_SIDE_STYLE('',(#10132));
#10132 = SURFACE_STYLE_FILL_AREA(#10133);
#10133 = FILL_AREA_STYLE('',(#10134));
#10134 = FILL_AREA_STYLE_COLOUR('',#9574);
#10135 = STYLED_ITEM('color',(#10136),#508);
#10136 = PRESENTATION_STYLE_ASSIGNMENT((#10137));
#10137 = SURFACE_STYLE_USAGE(.BOTH.,#10138);
#10138 = SURFACE_SIDE_STYLE('',(#10139));
#10139 = SURFACE_STYLE_FILL_AREA(#10140);
#10140 = FILL_AREA_STYLE('',(#10141));
#10141 = FILL_AREA_STYLE_COLOUR('',#10142);
#10142 = COLOUR_RGB('',0.379000005575,0.270000008848,0.214999999939);
#10143 = STYLED_ITEM('color',(#10144),#540);
#10144 = PRESENTATION_STYLE_ASSIGNMENT((#10145));
#10145 = SURFACE_STYLE_USAGE(.BOTH.,#10146);
#10146 = SURFACE_SIDE_STYLE('',(#10147));
#10147 = SURFACE_STYLE_FILL_AREA(#10148);
#10148 = FILL_AREA_STYLE('',(#10149));
#10149 = FILL_AREA_STYLE_COLOUR('',#10142);
#10150 = STYLED_ITEM('color',(#10151),#564);
#10151 = PRESENTATION_STYLE_ASSIGNMENT((#10152));
#10152 = SURFACE_STYLE_USAGE(.BOTH.,#10153);
#10153 = SURFACE_SIDE_STYLE('',(#10154));
#10154 = SURFACE_STYLE_FILL_AREA(#10155);
#10155 = FILL_AREA_STYLE('',(#10156));
#10156 = FILL_AREA_STYLE_COLOUR('',#10142);
#10157 = STYLED_ITEM('color',(#10158),#589);
#10158 = PRESENTATION_STYLE_ASSIGNMENT((#10159));
#10159 = SURFACE_STYLE_USAGE(.BOTH.,#10160);
#10160 = SURFACE_SIDE_STYLE('',(#10161));
#10161 = SURFACE_STYLE_FILL_AREA(#10162);
#10162 = FILL_AREA_STYLE('',(#10163));
#10163 = FILL_AREA_STYLE_COLOUR('',#10142);
#10164 = STYLED_ITEM('color',(#10165),#613);
#10165 = PRESENTATION_STYLE_ASSIGNMENT((#10166));
#10166 = SURFACE_STYLE_USAGE(.BOTH.,#10167);
#10167 = SURFACE_SIDE_STYLE('',(#10168));
#10168 = SURFACE_STYLE_FILL_AREA(#10169);
#10169 = FILL_AREA_STYLE('',(#10170));
#10170 = FILL_AREA_STYLE_COLOUR('',#10142);
#10171 = STYLED_ITEM('color',(#10172),#638);
#10172 = PRESENTATION_STYLE_ASSIGNMENT((#10173));
#10173 = SURFACE_STYLE_USAGE(.BOTH.,#10174);
#10174 = SURFACE_SIDE_STYLE('',(#10175));
#10175 = SURFACE_STYLE_FILL_AREA(#10176);
#10176 = FILL_AREA_STYLE('',(#10177));
#10177 = FILL_AREA_STYLE_COLOUR('',#10142);
#10178 = STYLED_ITEM('color',(#10179),#662);
#10179 = PRESENTATION_STYLE_ASSIGNMENT((#10180));
#10180 = SURFACE_STYLE_USAGE(.BOTH.,#10181);
#10181 = SURFACE_SIDE_STYLE('',(#10182));
#10182 = SURFACE_STYLE_FILL_AREA(#10183);
#10183 = FILL_AREA_STYLE('',(#10184));
#10184 = FILL_AREA_STYLE_COLOUR('',#10142);
#10185 = STYLED_ITEM('color',(#10186),#687);
#10186 = PRESENTATION_STYLE_ASSIGNMENT((#10187));
#10187 = SURFACE_STYLE_USAGE(.BOTH.,#10188);
#10188 = SURFACE_SIDE_STYLE('',(#10189));
#10189 = SURFACE_STYLE_FILL_AREA(#10190);
#10190 = FILL_AREA_STYLE('',(#10191));
#10191 = FILL_AREA_STYLE_COLOUR('',#10142);
#10192 = STYLED_ITEM('color',(#10193),#704);
#10193 = PRESENTATION_STYLE_ASSIGNMENT((#10194));
#10194 = SURFACE_STYLE_USAGE(.BOTH.,#10195);
#10195 = SURFACE_SIDE_STYLE('',(#10196));
#10196 = SURFACE_STYLE_FILL_AREA(#10197);
#10197 = FILL_AREA_STYLE('',(#10198));
#10198 = FILL_AREA_STYLE_COLOUR('',#9574);
#10199 = STYLED_ITEM('color',(#10200),#790);
#10200 = PRESENTATION_STYLE_ASSIGNMENT((#10201));
#10201 = SURFACE_STYLE_USAGE(.BOTH.,#10202);
#10202 = SURFACE_SIDE_STYLE('',(#10203));
#10203 = SURFACE_STYLE_FILL_AREA(#10204);
#10204 = FILL_AREA_STYLE('',(#10205));
#10205 = FILL_AREA_STYLE_COLOUR('',#9574);
#10206 = STYLED_ITEM('color',(#10207),#821);
#10207 = PRESENTATION_STYLE_ASSIGNMENT((#10208));
#10208 = SURFACE_STYLE_USAGE(.BOTH.,#10209);
#10209 = SURFACE_SIDE_STYLE('',(#10210));
#10210 = SURFACE_STYLE_FILL_AREA(#10211);
#10211 = FILL_AREA_STYLE('',(#10212));
#10212 = FILL_AREA_STYLE_COLOUR('',#9574);
#10213 = STYLED_ITEM('color',(#10214),#846);
#10214 = PRESENTATION_STYLE_ASSIGNMENT((#10215));
#10215 = SURFACE_STYLE_USAGE(.BOTH.,#10216);
#10216 = SURFACE_SIDE_STYLE('',(#10217));
#10217 = SURFACE_STYLE_FILL_AREA(#10218);
#10218 = FILL_AREA_STYLE('',(#10219));
#10219 = FILL_AREA_STYLE_COLOUR('',#9574);
#10220 = STYLED_ITEM('color',(#10221),#871);
#10221 = PRESENTATION_STYLE_ASSIGNMENT((#10222));
#10222 = SURFACE_STYLE_USAGE(.BOTH.,#10223);
#10223 = SURFACE_SIDE_STYLE('',(#10224));
#10224 = SURFACE_STYLE_FILL_AREA(#10225);
#10225 = FILL_AREA_STYLE('',(#10226));
#10226 = FILL_AREA_STYLE_COLOUR('',#9574);
#10227 = STYLED_ITEM('color',(#10228),#895);
#10228 = PRESENTATION_STYLE_ASSIGNMENT((#10229));
#10229 = SURFACE_STYLE_USAGE(.BOTH.,#10230);
#10230 = SURFACE_SIDE_STYLE('',(#10231));
#10231 = SURFACE_STYLE_FILL_AREA(#10232);
#10232 = FILL_AREA_STYLE('',(#10233));
#10233 = FILL_AREA_STYLE_COLOUR('',#9574);
#10234 = STYLED_ITEM('color',(#10235),#919);
#10235 = PRESENTATION_STYLE_ASSIGNMENT((#10236));
#10236 = SURFACE_STYLE_USAGE(.BOTH.,#10237);
#10237 = SURFACE_SIDE_STYLE('',(#10238));
#10238 = SURFACE_STYLE_FILL_AREA(#10239);
#10239 = FILL_AREA_STYLE('',(#10240));
#10240 = FILL_AREA_STYLE_COLOUR('',#9574);
#10241 = STYLED_ITEM('color',(#10242),#944);
#10242 = PRESENTATION_STYLE_ASSIGNMENT((#10243));
#10243 = SURFACE_STYLE_USAGE(.BOTH.,#10244);
#10244 = SURFACE_SIDE_STYLE('',(#10245));
#10245 = SURFACE_STYLE_FILL_AREA(#10246);
#10246 = FILL_AREA_STYLE('',(#10247));
#10247 = FILL_AREA_STYLE_COLOUR('',#9574);
#10248 = STYLED_ITEM('color',(#10249),#969);
#10249 = PRESENTATION_STYLE_ASSIGNMENT((#10250));
#10250 = SURFACE_STYLE_USAGE(.BOTH.,#10251);
#10251 = SURFACE_SIDE_STYLE('',(#10252));
#10252 = SURFACE_STYLE_FILL_AREA(#10253);
#10253 = FILL_AREA_STYLE('',(#10254));
#10254 = FILL_AREA_STYLE_COLOUR('',#9574);
#10255 = STYLED_ITEM('color',(#10256),#986);
#10256 = PRESENTATION_STYLE_ASSIGNMENT((#10257));
#10257 = SURFACE_STYLE_USAGE(.BOTH.,#10258);
#10258 = SURFACE_SIDE_STYLE('',(#10259));
#10259 = SURFACE_STYLE_FILL_AREA(#10260);
#10260 = FILL_AREA_STYLE('',(#10261));
#10261 = FILL_AREA_STYLE_COLOUR('',#9574);
#10262 = MECHANICAL_DESIGN_GEOMETRIC_PRESENTATION_REPRESENTATION('',(
    #10263,#10270,#10277,#10284,#10291,#10298,#10305,#10312,#10320,
    #10327,#10334,#10341,#10348,#10355,#10363,#10370,#10377,#10384,
    #10391,#10398,#10405,#10412,#10419,#10426,#10433,#10440),#4759);
#10263 = STYLED_ITEM('color',(#10264),#3971);
#10264 = PRESENTATION_STYLE_ASSIGNMENT((#10265));
#10265 = SURFACE_STYLE_USAGE(.BOTH.,#10266);
#10266 = SURFACE_SIDE_STYLE('',(#10267));
#10267 = SURFACE_STYLE_FILL_AREA(#10268);
#10268 = FILL_AREA_STYLE('',(#10269));
#10269 = FILL_AREA_STYLE_COLOUR('',#9574);
#10270 = STYLED_ITEM('color',(#10271),#4011);
#10271 = PRESENTATION_STYLE_ASSIGNMENT((#10272));
#10272 = SURFACE_STYLE_USAGE(.BOTH.,#10273);
#10273 = SURFACE_SIDE_STYLE('',(#10274));
#10274 = SURFACE_STYLE_FILL_AREA(#10275);
#10275 = FILL_AREA_STYLE('',(#10276));
#10276 = FILL_AREA_STYLE_COLOUR('',#9574);
#10277 = STYLED_ITEM('color',(#10278),#4094);
#10278 = PRESENTATION_STYLE_ASSIGNMENT((#10279));
#10279 = SURFACE_STYLE_USAGE(.BOTH.,#10280);
#10280 = SURFACE_SIDE_STYLE('',(#10281));
#10281 = SURFACE_STYLE_FILL_AREA(#10282);
#10282 = FILL_AREA_STYLE('',(#10283));
#10283 = FILL_AREA_STYLE_COLOUR('',#9574);
#10284 = STYLED_ITEM('color',(#10285),#4119);
#10285 = PRESENTATION_STYLE_ASSIGNMENT((#10286));
#10286 = SURFACE_STYLE_USAGE(.BOTH.,#10287);
#10287 = SURFACE_SIDE_STYLE('',(#10288));
#10288 = SURFACE_STYLE_FILL_AREA(#10289);
#10289 = FILL_AREA_STYLE('',(#10290));
#10290 = FILL_AREA_STYLE_COLOUR('',#9574);
#10291 = STYLED_ITEM('color',(#10292),#4144);
#10292 = PRESENTATION_STYLE_ASSIGNMENT((#10293));
#10293 = SURFACE_STYLE_USAGE(.BOTH.,#10294);
#10294 = SURFACE_SIDE_STYLE('',(#10295));
#10295 = SURFACE_STYLE_FILL_AREA(#10296);
#10296 = FILL_AREA_STYLE('',(#10297));
#10297 = FILL_AREA_STYLE_COLOUR('',#9574);
#10298 = STYLED_ITEM('color',(#10299),#4211);
#10299 = PRESENTATION_STYLE_ASSIGNMENT((#10300));
#10300 = SURFACE_STYLE_USAGE(.BOTH.,#10301);
#10301 = SURFACE_SIDE_STYLE('',(#10302));
#10302 = SURFACE_STYLE_FILL_AREA(#10303);
#10303 = FILL_AREA_STYLE('',(#10304));
#10304 = FILL_AREA_STYLE_COLOUR('',#9574);
#10305 = STYLED_ITEM('color',(#10306),#4228);
#10306 = PRESENTATION_STYLE_ASSIGNMENT((#10307));
#10307 = SURFACE_STYLE_USAGE(.BOTH.,#10308);
#10308 = SURFACE_SIDE_STYLE('',(#10309));
#10309 = SURFACE_STYLE_FILL_AREA(#10310);
#10310 = FILL_AREA_STYLE('',(#10311));
#10311 = FILL_AREA_STYLE_COLOUR('',#9574);
#10312 = STYLED_ITEM('color',(#10313),#4245);
#10313 = PRESENTATION_STYLE_ASSIGNMENT((#10314));
#10314 = SURFACE_STYLE_USAGE(.BOTH.,#10315);
#10315 = SURFACE_SIDE_STYLE('',(#10316));
#10316 = SURFACE_STYLE_FILL_AREA(#10317);
#10317 = FILL_AREA_STYLE('',(#10318));
#10318 = FILL_AREA_STYLE_COLOUR('',#10319);
#10319 = COLOUR_RGB('',0.894999966383,0.890999961016,0.813000030345);
#10320 = STYLED_ITEM('color',(#10321),#4294);
#10321 = PRESENTATION_STYLE_ASSIGNMENT((#10322));
#10322 = SURFACE_STYLE_USAGE(.BOTH.,#10323);
#10323 = SURFACE_SIDE_STYLE('',(#10324));
#10324 = SURFACE_STYLE_FILL_AREA(#10325);
#10325 = FILL_AREA_STYLE('',(#10326));
#10326 = FILL_AREA_STYLE_COLOUR('',#9574);
#10327 = STYLED_ITEM('color',(#10328),#4311);
#10328 = PRESENTATION_STYLE_ASSIGNMENT((#10329));
#10329 = SURFACE_STYLE_USAGE(.BOTH.,#10330);
#10330 = SURFACE_SIDE_STYLE('',(#10331));
#10331 = SURFACE_STYLE_FILL_AREA(#10332);
#10332 = FILL_AREA_STYLE('',(#10333));
#10333 = FILL_AREA_STYLE_COLOUR('',#9574);
#10334 = STYLED_ITEM('color',(#10335),#4328);
#10335 = PRESENTATION_STYLE_ASSIGNMENT((#10336));
#10336 = SURFACE_STYLE_USAGE(.BOTH.,#10337);
#10337 = SURFACE_SIDE_STYLE('',(#10338));
#10338 = SURFACE_STYLE_FILL_AREA(#10339);
#10339 = FILL_AREA_STYLE('',(#10340));
#10340 = FILL_AREA_STYLE_COLOUR('',#10319);
#10341 = STYLED_ITEM('color',(#10342),#4377);
#10342 = PRESENTATION_STYLE_ASSIGNMENT((#10343));
#10343 = SURFACE_STYLE_USAGE(.BOTH.,#10344);
#10344 = SURFACE_SIDE_STYLE('',(#10345));
#10345 = SURFACE_STYLE_FILL_AREA(#10346);
#10346 = FILL_AREA_STYLE('',(#10347));
#10347 = FILL_AREA_STYLE_COLOUR('',#10319);
#10348 = STYLED_ITEM('color',(#10349),#4394);
#10349 = PRESENTATION_STYLE_ASSIGNMENT((#10350));
#10350 = SURFACE_STYLE_USAGE(.BOTH.,#10351);
#10351 = SURFACE_SIDE_STYLE('',(#10352));
#10352 = SURFACE_STYLE_FILL_AREA(#10353);
#10353 = FILL_AREA_STYLE('',(#10354));
#10354 = FILL_AREA_STYLE_COLOUR('',#9574);
#10355 = STYLED_ITEM('color',(#10356),#4463);
#10356 = PRESENTATION_STYLE_ASSIGNMENT((#10357));
#10357 = SURFACE_STYLE_USAGE(.BOTH.,#10358);
#10358 = SURFACE_SIDE_STYLE('',(#10359));
#10359 = SURFACE_STYLE_FILL_AREA(#10360);
#10360 = FILL_AREA_STYLE('',(#10361));
#10361 = FILL_AREA_STYLE_COLOUR('',#10362);
#10362 = COLOUR_RGB('',8.200000279077E-02,8.600000121357E-02,
  9.399999706163E-02);
#10363 = STYLED_ITEM('color',(#10364),#4494);
#10364 = PRESENTATION_STYLE_ASSIGNMENT((#10365));
#10365 = SURFACE_STYLE_USAGE(.BOTH.,#10366);
#10366 = SURFACE_SIDE_STYLE('',(#10367));
#10367 = SURFACE_STYLE_FILL_AREA(#10368);
#10368 = FILL_AREA_STYLE('',(#10369));
#10369 = FILL_AREA_STYLE_COLOUR('',#10362);
#10370 = STYLED_ITEM('color',(#10371),#4518);
#10371 = PRESENTATION_STYLE_ASSIGNMENT((#10372));
#10372 = SURFACE_STYLE_USAGE(.BOTH.,#10373);
#10373 = SURFACE_SIDE_STYLE('',(#10374));
#10374 = SURFACE_STYLE_FILL_AREA(#10375);
#10375 = FILL_AREA_STYLE('',(#10376));
#10376 = FILL_AREA_STYLE_COLOUR('',#9574);
#10377 = STYLED_ITEM('color',(#10378),#4587);
#10378 = PRESENTATION_STYLE_ASSIGNMENT((#10379));
#10379 = SURFACE_STYLE_USAGE(.BOTH.,#10380);
#10380 = SURFACE_SIDE_STYLE('',(#10381));
#10381 = SURFACE_STYLE_FILL_AREA(#10382);
#10382 = FILL_AREA_STYLE('',(#10383));
#10383 = FILL_AREA_STYLE_COLOUR('',#10362);
#10384 = STYLED_ITEM('color',(#10385),#4611);
#10385 = PRESENTATION_STYLE_ASSIGNMENT((#10386));
#10386 = SURFACE_STYLE_USAGE(.BOTH.,#10387);
#10387 = SURFACE_SIDE_STYLE('',(#10388));
#10388 = SURFACE_STYLE_FILL_AREA(#10389);
#10389 = FILL_AREA_STYLE('',(#10390));
#10390 = FILL_AREA_STYLE_COLOUR('',#9574);
#10391 = STYLED_ITEM('color',(#10392),#4628);
#10392 = PRESENTATION_STYLE_ASSIGNMENT((#10393));
#10393 = SURFACE_STYLE_USAGE(.BOTH.,#10394);
#10394 = SURFACE_SIDE_STYLE('',(#10395));
#10395 = SURFACE_STYLE_FILL_AREA(#10396);
#10396 = FILL_AREA_STYLE('',(#10397));
#10397 = FILL_AREA_STYLE_COLOUR('',#9574);
#10398 = STYLED_ITEM('color',(#10399),#4645);
#10399 = PRESENTATION_STYLE_ASSIGNMENT((#10400));
#10400 = SURFACE_STYLE_USAGE(.BOTH.,#10401);
#10401 = SURFACE_SIDE_STYLE('',(#10402));
#10402 = SURFACE_STYLE_FILL_AREA(#10403);
#10403 = FILL_AREA_STYLE('',(#10404));
#10404 = FILL_AREA_STYLE_COLOUR('',#9574);
#10405 = STYLED_ITEM('color',(#10406),#4662);
#10406 = PRESENTATION_STYLE_ASSIGNMENT((#10407));
#10407 = SURFACE_STYLE_USAGE(.BOTH.,#10408);
#10408 = SURFACE_SIDE_STYLE('',(#10409));
#10409 = SURFACE_STYLE_FILL_AREA(#10410);
#10410 = FILL_AREA_STYLE('',(#10411));
#10411 = FILL_AREA_STYLE_COLOUR('',#9574);
#10412 = STYLED_ITEM('color',(#10413),#4679);
#10413 = PRESENTATION_STYLE_ASSIGNMENT((#10414));
#10414 = SURFACE_STYLE_USAGE(.BOTH.,#10415);
#10415 = SURFACE_SIDE_STYLE('',(#10416));
#10416 = SURFACE_STYLE_FILL_AREA(#10417);
#10417 = FILL_AREA_STYLE('',(#10418));
#10418 = FILL_AREA_STYLE_COLOUR('',#9574);
#10419 = STYLED_ITEM('color',(#10420),#4696);
#10420 = PRESENTATION_STYLE_ASSIGNMENT((#10421));
#10421 = SURFACE_STYLE_USAGE(.BOTH.,#10422);
#10422 = SURFACE_SIDE_STYLE('',(#10423));
#10423 = SURFACE_STYLE_FILL_AREA(#10424);
#10424 = FILL_AREA_STYLE('',(#10425));
#10425 = FILL_AREA_STYLE_COLOUR('',#9574);
#10426 = STYLED_ITEM('color',(#10427),#4713);
#10427 = PRESENTATION_STYLE_ASSIGNMENT((#10428));
#10428 = SURFACE_STYLE_USAGE(.BOTH.,#10429);
#10429 = SURFACE_SIDE_STYLE('',(#10430));
#10430 = SURFACE_STYLE_FILL_AREA(#10431);
#10431 = FILL_AREA_STYLE('',(#10432));
#10432 = FILL_AREA_STYLE_COLOUR('',#9574);
#10433 = STYLED_ITEM('color',(#10434),#4730);
#10434 = PRESENTATION_STYLE_ASSIGNMENT((#10435));
#10435 = SURFACE_STYLE_USAGE(.BOTH.,#10436);
#10436 = SURFACE_SIDE_STYLE('',(#10437));
#10437 = SURFACE_STYLE_FILL_AREA(#10438);
#10438 = FILL_AREA_STYLE('',(#10439));
#10439 = FILL_AREA_STYLE_COLOUR('',#10362);
#10440 = STYLED_ITEM('color',(#10441),#4747);
#10441 = PRESENTATION_STYLE_ASSIGNMENT((#10442));
#10442 = SURFACE_STYLE_USAGE(.BOTH.,#10443);
#10443 = SURFACE_SIDE_STYLE('',(#10444));
#10444 = SURFACE_STYLE_FILL_AREA(#10445);
#10445 = FILL_AREA_STYLE('',(#10446));
#10446 = FILL_AREA_STYLE_COLOUR('',#10362);
#10447 = MECHANICAL_DESIGN_GEOMETRIC_PRESENTATION_REPRESENTATION('',(
    #10448,#10455,#10462,#10469,#10476,#10483,#10490,#10497,#10504,
    #10511,#10518,#10525,#10532,#10539,#10546,#10553,#10560,#10567,
    #10574,#10581,#10588,#10595,#10602,#10609,#10616,#10623,#10630,
    #10637),#5680);
#10448 = STYLED_ITEM('color',(#10449),#4828);
#10449 = PRESENTATION_STYLE_ASSIGNMENT((#10450));
#10450 = SURFACE_STYLE_USAGE(.BOTH.,#10451);
#10451 = SURFACE_SIDE_STYLE('',(#10452));
#10452 = SURFACE_STYLE_FILL_AREA(#10453);
#10453 = FILL_AREA_STYLE('',(#10454));
#10454 = FILL_AREA_STYLE_COLOUR('',#9574);
#10455 = STYLED_ITEM('color',(#10456),#4904);
#10456 = PRESENTATION_STYLE_ASSIGNMENT((#10457));
#10457 = SURFACE_STYLE_USAGE(.BOTH.,#10458);
#10458 = SURFACE_SIDE_STYLE('',(#10459));
#10459 = SURFACE_STYLE_FILL_AREA(#10460);
#10460 = FILL_AREA_STYLE('',(#10461));
#10461 = FILL_AREA_STYLE_COLOUR('',#9574);
#10462 = STYLED_ITEM('color',(#10463),#4935);
#10463 = PRESENTATION_STYLE_ASSIGNMENT((#10464));
#10464 = SURFACE_STYLE_USAGE(.BOTH.,#10465);
#10465 = SURFACE_SIDE_STYLE('',(#10466));
#10466 = SURFACE_STYLE_FILL_AREA(#10467);
#10467 = FILL_AREA_STYLE('',(#10468));
#10468 = FILL_AREA_STYLE_COLOUR('',#9574);
#10469 = STYLED_ITEM('color',(#10470),#4960);
#10470 = PRESENTATION_STYLE_ASSIGNMENT((#10471));
#10471 = SURFACE_STYLE_USAGE(.BOTH.,#10472);
#10472 = SURFACE_SIDE_STYLE('',(#10473));
#10473 = SURFACE_STYLE_FILL_AREA(#10474);
#10474 = FILL_AREA_STYLE('',(#10475));
#10475 = FILL_AREA_STYLE_COLOUR('',#9574);
#10476 = STYLED_ITEM('color',(#10477),#4985);
#10477 = PRESENTATION_STYLE_ASSIGNMENT((#10478));
#10478 = SURFACE_STYLE_USAGE(.BOTH.,#10479);
#10479 = SURFACE_SIDE_STYLE('',(#10480));
#10480 = SURFACE_STYLE_FILL_AREA(#10481);
#10481 = FILL_AREA_STYLE('',(#10482));
#10482 = FILL_AREA_STYLE_COLOUR('',#9574);
#10483 = STYLED_ITEM('color',(#10484),#5009);
#10484 = PRESENTATION_STYLE_ASSIGNMENT((#10485));
#10485 = SURFACE_STYLE_USAGE(.BOTH.,#10486);
#10486 = SURFACE_SIDE_STYLE('',(#10487));
#10487 = SURFACE_STYLE_FILL_AREA(#10488);
#10488 = FILL_AREA_STYLE('',(#10489));
#10489 = FILL_AREA_STYLE_COLOUR('',#9574);
#10490 = STYLED_ITEM('color',(#10491),#5033);
#10491 = PRESENTATION_STYLE_ASSIGNMENT((#10492));
#10492 = SURFACE_STYLE_USAGE(.BOTH.,#10493);
#10493 = SURFACE_SIDE_STYLE('',(#10494));
#10494 = SURFACE_STYLE_FILL_AREA(#10495);
#10495 = FILL_AREA_STYLE('',(#10496));
#10496 = FILL_AREA_STYLE_COLOUR('',#9574);
#10497 = STYLED_ITEM('color',(#10498),#5058);
#10498 = PRESENTATION_STYLE_ASSIGNMENT((#10499));
#10499 = SURFACE_STYLE_USAGE(.BOTH.,#10500);
#10500 = SURFACE_SIDE_STYLE('',(#10501));
#10501 = SURFACE_STYLE_FILL_AREA(#10502);
#10502 = FILL_AREA_STYLE('',(#10503));
#10503 = FILL_AREA_STYLE_COLOUR('',#9574);
#10504 = STYLED_ITEM('color',(#10505),#5083);
#10505 = PRESENTATION_STYLE_ASSIGNMENT((#10506));
#10506 = SURFACE_STYLE_USAGE(.BOTH.,#10507);
#10507 = SURFACE_SIDE_STYLE('',(#10508));
#10508 = SURFACE_STYLE_FILL_AREA(#10509);
#10509 = FILL_AREA_STYLE('',(#10510));
#10510 = FILL_AREA_STYLE_COLOUR('',#9574);
#10511 = STYLED_ITEM('color',(#10512),#5100);
#10512 = PRESENTATION_STYLE_ASSIGNMENT((#10513));
#10513 = SURFACE_STYLE_USAGE(.BOTH.,#10514);
#10514 = SURFACE_SIDE_STYLE('',(#10515));
#10515 = SURFACE_STYLE_FILL_AREA(#10516);
#10516 = FILL_AREA_STYLE('',(#10517));
#10517 = FILL_AREA_STYLE_COLOUR('',#9574);
#10518 = STYLED_ITEM('color',(#10519),#5186);
#10519 = PRESENTATION_STYLE_ASSIGNMENT((#10520));
#10520 = SURFACE_STYLE_USAGE(.BOTH.,#10521);
#10521 = SURFACE_SIDE_STYLE('',(#10522));
#10522 = SURFACE_STYLE_FILL_AREA(#10523);
#10523 = FILL_AREA_STYLE('',(#10524));
#10524 = FILL_AREA_STYLE_COLOUR('',#10142);
#10525 = STYLED_ITEM('color',(#10526),#5218);
#10526 = PRESENTATION_STYLE_ASSIGNMENT((#10527));
#10527 = SURFACE_STYLE_USAGE(.BOTH.,#10528);
#10528 = SURFACE_SIDE_STYLE('',(#10529));
#10529 = SURFACE_STYLE_FILL_AREA(#10530);
#10530 = FILL_AREA_STYLE('',(#10531));
#10531 = FILL_AREA_STYLE_COLOUR('',#10142);
#10532 = STYLED_ITEM('color',(#10533),#5242);
#10533 = PRESENTATION_STYLE_ASSIGNMENT((#10534));
#10534 = SURFACE_STYLE_USAGE(.BOTH.,#10535);
#10535 = SURFACE_SIDE_STYLE('',(#10536));
#10536 = SURFACE_STYLE_FILL_AREA(#10537);
#10537 = FILL_AREA_STYLE('',(#10538));
#10538 = FILL_AREA_STYLE_COLOUR('',#10142);
#10539 = STYLED_ITEM('color',(#10540),#5267);
#10540 = PRESENTATION_STYLE_ASSIGNMENT((#10541));
#10541 = SURFACE_STYLE_USAGE(.BOTH.,#10542);
#10542 = SURFACE_SIDE_STYLE('',(#10543));
#10543 = SURFACE_STYLE_FILL_AREA(#10544);
#10544 = FILL_AREA_STYLE('',(#10545));
#10545 = FILL_AREA_STYLE_COLOUR('',#10142);
#10546 = STYLED_ITEM('color',(#10547),#5291);
#10547 = PRESENTATION_STYLE_ASSIGNMENT((#10548));
#10548 = SURFACE_STYLE_USAGE(.BOTH.,#10549);
#10549 = SURFACE_SIDE_STYLE('',(#10550));
#10550 = SURFACE_STYLE_FILL_AREA(#10551);
#10551 = FILL_AREA_STYLE('',(#10552));
#10552 = FILL_AREA_STYLE_COLOUR('',#10142);
#10553 = STYLED_ITEM('color',(#10554),#5316);
#10554 = PRESENTATION_STYLE_ASSIGNMENT((#10555));
#10555 = SURFACE_STYLE_USAGE(.BOTH.,#10556);
#10556 = SURFACE_SIDE_STYLE('',(#10557));
#10557 = SURFACE_STYLE_FILL_AREA(#10558);
#10558 = FILL_AREA_STYLE('',(#10559));
#10559 = FILL_AREA_STYLE_COLOUR('',#10142);
#10560 = STYLED_ITEM('color',(#10561),#5340);
#10561 = PRESENTATION_STYLE_ASSIGNMENT((#10562));
#10562 = SURFACE_STYLE_USAGE(.BOTH.,#10563);
#10563 = SURFACE_SIDE_STYLE('',(#10564));
#10564 = SURFACE_STYLE_FILL_AREA(#10565);
#10565 = FILL_AREA_STYLE('',(#10566));
#10566 = FILL_AREA_STYLE_COLOUR('',#10142);
#10567 = STYLED_ITEM('color',(#10568),#5365);
#10568 = PRESENTATION_STYLE_ASSIGNMENT((#10569));
#10569 = SURFACE_STYLE_USAGE(.BOTH.,#10570);
#10570 = SURFACE_SIDE_STYLE('',(#10571));
#10571 = SURFACE_STYLE_FILL_AREA(#10572);
#10572 = FILL_AREA_STYLE('',(#10573));
#10573 = FILL_AREA_STYLE_COLOUR('',#10142);
#10574 = STYLED_ITEM('color',(#10575),#5382);
#10575 = PRESENTATION_STYLE_ASSIGNMENT((#10576));
#10576 = SURFACE_STYLE_USAGE(.BOTH.,#10577);
#10577 = SURFACE_SIDE_STYLE('',(#10578));
#10578 = SURFACE_STYLE_FILL_AREA(#10579);
#10579 = FILL_AREA_STYLE('',(#10580));
#10580 = FILL_AREA_STYLE_COLOUR('',#9574);
#10581 = STYLED_ITEM('color',(#10582),#5468);
#10582 = PRESENTATION_STYLE_ASSIGNMENT((#10583));
#10583 = SURFACE_STYLE_USAGE(.BOTH.,#10584);
#10584 = SURFACE_SIDE_STYLE('',(#10585));
#10585 = SURFACE_STYLE_FILL_AREA(#10586);
#10586 = FILL_AREA_STYLE('',(#10587));
#10587 = FILL_AREA_STYLE_COLOUR('',#9574);
#10588 = STYLED_ITEM('color',(#10589),#5499);
#10589 = PRESENTATION_STYLE_ASSIGNMENT((#10590));
#10590 = SURFACE_STYLE_USAGE(.BOTH.,#10591);
#10591 = SURFACE_SIDE_STYLE('',(#10592));
#10592 = SURFACE_STYLE_FILL_AREA(#10593);
#10593 = FILL_AREA_STYLE('',(#10594));
#10594 = FILL_AREA_STYLE_COLOUR('',#9574);
#10595 = STYLED_ITEM('color',(#10596),#5524);
#10596 = PRESENTATION_STYLE_ASSIGNMENT((#10597));
#10597 = SURFACE_STYLE_USAGE(.BOTH.,#10598);
#10598 = SURFACE_SIDE_STYLE('',(#10599));
#10599 = SURFACE_STYLE_FILL_AREA(#10600);
#10600 = FILL_AREA_STYLE('',(#10601));
#10601 = FILL_AREA_STYLE_COLOUR('',#9574);
#10602 = STYLED_ITEM('color',(#10603),#5549);
#10603 = PRESENTATION_STYLE_ASSIGNMENT((#10604));
#10604 = SURFACE_STYLE_USAGE(.BOTH.,#10605);
#10605 = SURFACE_SIDE_STYLE('',(#10606));
#10606 = SURFACE_STYLE_FILL_AREA(#10607);
#10607 = FILL_AREA_STYLE('',(#10608));
#10608 = FILL_AREA_STYLE_COLOUR('',#9574);
#10609 = STYLED_ITEM('color',(#10610),#5573);
#10610 = PRESENTATION_STYLE_ASSIGNMENT((#10611));
#10611 = SURFACE_STYLE_USAGE(.BOTH.,#10612);
#10612 = SURFACE_SIDE_STYLE('',(#10613));
#10613 = SURFACE_STYLE_FILL_AREA(#10614);
#10614 = FILL_AREA_STYLE('',(#10615));
#10615 = FILL_AREA_STYLE_COLOUR('',#9574);
#10616 = STYLED_ITEM('color',(#10617),#5597);
#10617 = PRESENTATION_STYLE_ASSIGNMENT((#10618));
#10618 = SURFACE_STYLE_USAGE(.BOTH.,#10619);
#10619 = SURFACE_SIDE_STYLE('',(#10620));
#10620 = SURFACE_STYLE_FILL_AREA(#10621);
#10621 = FILL_AREA_STYLE('',(#10622));
#10622 = FILL_AREA_STYLE_COLOUR('',#9574);
#10623 = STYLED_ITEM('color',(#10624),#5622);
#10624 = PRESENTATION_STYLE_ASSIGNMENT((#10625));
#10625 = SURFACE_STYLE_USAGE(.BOTH.,#10626);
#10626 = SURFACE_SIDE_STYLE('',(#10627));
#10627 = SURFACE_STYLE_FILL_AREA(#10628);
#10628 = FILL_AREA_STYLE('',(#10629));
#10629 = FILL_AREA_STYLE_COLOUR('',#9574);
#10630 = STYLED_ITEM('color',(#10631),#5647);
#10631 = PRESENTATION_STYLE_ASSIGNMENT((#10632));
#10632 = SURFACE_STYLE_USAGE(.BOTH.,#10633);
#10633 = SURFACE_SIDE_STYLE('',(#10634));
#10634 = SURFACE_STYLE_FILL_AREA(#10635);
#10635 = FILL_AREA_STYLE('',(#10636));
#10636 = FILL_AREA_STYLE_COLOUR('',#9574);
#10637 = STYLED_ITEM('color',(#10638),#5664);
#10638 = PRESENTATION_STYLE_ASSIGNMENT((#10639));
#10639 = SURFACE_STYLE_USAGE(.BOTH.,#10640);
#10640 = SURFACE_SIDE_STYLE('',(#10641));
#10641 = SURFACE_STYLE_FILL_AREA(#10642);
#10642 = FILL_AREA_STYLE('',(#10643));
#10643 = FILL_AREA_STYLE_COLOUR('',#9574);
#10644 = MECHANICAL_DESIGN_GEOMETRIC_PRESENTATION_REPRESENTATION('',(
    #10645),#9428);
#10645 = STYLED_ITEM('color',(#10646),#9044);
#10646 = PRESENTATION_STYLE_ASSIGNMENT((#10647));
#10647 = SURFACE_STYLE_USAGE(.BOTH.,#10648);
#10648 = SURFACE_SIDE_STYLE('',(#10649));
#10649 = SURFACE_STYLE_FILL_AREA(#10650);
#10650 = FILL_AREA_STYLE('',(#10651));
#10651 = FILL_AREA_STYLE_COLOUR('',#10652);
#10652 = COLOUR_RGB('',0.313304153717,0.484529207832,0.410020903123);
#10653 = MECHANICAL_DESIGN_GEOMETRIC_PRESENTATION_REPRESENTATION('',(
    #10654,#10661,#10668,#10675,#10682,#10689,#10696,#10703,#10711,
    #10718,#10725,#10732,#10739,#10746,#10753,#10760,#10767,#10774,
    #10781,#10788,#10795,#10802,#10809,#10816,#10823,#10830,#10837,
    #10844,#10851,#10858,#10865,#10872,#10879,#10886,#10893,#10900,
    #10908,#10915,#10922,#10929,#10936,#10943,#10950,#10957,#10964,
    #10971,#10978,#10985,#10992,#10999),#7250);
#10654 = STYLED_ITEM('color',(#10655),#5729);
#10655 = PRESENTATION_STYLE_ASSIGNMENT((#10656));
#10656 = SURFACE_STYLE_USAGE(.BOTH.,#10657);
#10657 = SURFACE_SIDE_STYLE('',(#10658));
#10658 = SURFACE_STYLE_FILL_AREA(#10659);
#10659 = FILL_AREA_STYLE('',(#10660));
#10660 = FILL_AREA_STYLE_COLOUR('',#10319);
#10661 = STYLED_ITEM('color',(#10662),#5769);
#10662 = PRESENTATION_STYLE_ASSIGNMENT((#10663));
#10663 = SURFACE_STYLE_USAGE(.BOTH.,#10664);
#10664 = SURFACE_SIDE_STYLE('',(#10665));
#10665 = SURFACE_STYLE_FILL_AREA(#10666);
#10666 = FILL_AREA_STYLE('',(#10667));
#10667 = FILL_AREA_STYLE_COLOUR('',#10319);
#10668 = STYLED_ITEM('color',(#10669),#5816);
#10669 = PRESENTATION_STYLE_ASSIGNMENT((#10670));
#10670 = SURFACE_STYLE_USAGE(.BOTH.,#10671);
#10671 = SURFACE_SIDE_STYLE('',(#10672));
#10672 = SURFACE_STYLE_FILL_AREA(#10673);
#10673 = FILL_AREA_STYLE('',(#10674));
#10674 = FILL_AREA_STYLE_COLOUR('',#10319);
#10675 = STYLED_ITEM('color',(#10676),#5895);
#10676 = PRESENTATION_STYLE_ASSIGNMENT((#10677));
#10677 = SURFACE_STYLE_USAGE(.BOTH.,#10678);
#10678 = SURFACE_SIDE_STYLE('',(#10679));
#10679 = SURFACE_STYLE_FILL_AREA(#10680);
#10680 = FILL_AREA_STYLE('',(#10681));
#10681 = FILL_AREA_STYLE_COLOUR('',#10319);
#10682 = STYLED_ITEM('color',(#10683),#5919);
#10683 = PRESENTATION_STYLE_ASSIGNMENT((#10684));
#10684 = SURFACE_STYLE_USAGE(.BOTH.,#10685);
#10685 = SURFACE_SIDE_STYLE('',(#10686));
#10686 = SURFACE_STYLE_FILL_AREA(#10687);
#10687 = FILL_AREA_STYLE('',(#10688));
#10688 = FILL_AREA_STYLE_COLOUR('',#10319);
#10689 = STYLED_ITEM('color',(#10690),#5959);
#10690 = PRESENTATION_STYLE_ASSIGNMENT((#10691));
#10691 = SURFACE_STYLE_USAGE(.BOTH.,#10692);
#10692 = SURFACE_SIDE_STYLE('',(#10693));
#10693 = SURFACE_STYLE_FILL_AREA(#10694);
#10694 = FILL_AREA_STYLE('',(#10695));
#10695 = FILL_AREA_STYLE_COLOUR('',#10319);
#10696 = STYLED_ITEM('color',(#10697),#5990);
#10697 = PRESENTATION_STYLE_ASSIGNMENT((#10698));
#10698 = SURFACE_STYLE_USAGE(.BOTH.,#10699);
#10699 = SURFACE_SIDE_STYLE('',(#10700));
#10700 = SURFACE_STYLE_FILL_AREA(#10701);
#10701 = FILL_AREA_STYLE('',(#10702));
#10702 = FILL_AREA_STYLE_COLOUR('',#10319);
#10703 = STYLED_ITEM('color',(#10704),#6007);
#10704 = PRESENTATION_STYLE_ASSIGNMENT((#10705));
#10705 = SURFACE_STYLE_USAGE(.BOTH.,#10706);
#10706 = SURFACE_SIDE_STYLE('',(#10707));
#10707 = SURFACE_STYLE_FILL_AREA(#10708);
#10708 = FILL_AREA_STYLE('',(#10709));
#10709 = FILL_AREA_STYLE_COLOUR('',#10710);
#10710 = COLOUR_RGB('',0.859000020776,0.737999965183,0.495999988746);
#10711 = STYLED_ITEM('color',(#10712),#6040);
#10712 = PRESENTATION_STYLE_ASSIGNMENT((#10713));
#10713 = SURFACE_STYLE_USAGE(.BOTH.,#10714);
#10714 = SURFACE_SIDE_STYLE('',(#10715));
#10715 = SURFACE_STYLE_FILL_AREA(#10716);
#10716 = FILL_AREA_STYLE('',(#10717));
#10717 = FILL_AREA_STYLE_COLOUR('',#10319);
#10718 = STYLED_ITEM('color',(#10719),#6064);
#10719 = PRESENTATION_STYLE_ASSIGNMENT((#10720));
#10720 = SURFACE_STYLE_USAGE(.BOTH.,#10721);
#10721 = SURFACE_SIDE_STYLE('',(#10722));
#10722 = SURFACE_STYLE_FILL_AREA(#10723);
#10723 = FILL_AREA_STYLE('',(#10724));
#10724 = FILL_AREA_STYLE_COLOUR('',#10710);
#10725 = STYLED_ITEM('color',(#10726),#6131);
#10726 = PRESENTATION_STYLE_ASSIGNMENT((#10727));
#10727 = SURFACE_STYLE_USAGE(.BOTH.,#10728);
#10728 = SURFACE_SIDE_STYLE('',(#10729));
#10729 = SURFACE_STYLE_FILL_AREA(#10730);
#10730 = FILL_AREA_STYLE('',(#10731));
#10731 = FILL_AREA_STYLE_COLOUR('',#10319);
#10732 = STYLED_ITEM('color',(#10733),#6252);
#10733 = PRESENTATION_STYLE_ASSIGNMENT((#10734));
#10734 = SURFACE_STYLE_USAGE(.BOTH.,#10735);
#10735 = SURFACE_SIDE_STYLE('',(#10736));
#10736 = SURFACE_STYLE_FILL_AREA(#10737);
#10737 = FILL_AREA_STYLE('',(#10738));
#10738 = FILL_AREA_STYLE_COLOUR('',#10710);
#10739 = STYLED_ITEM('color',(#10740),#6319);
#10740 = PRESENTATION_STYLE_ASSIGNMENT((#10741));
#10741 = SURFACE_STYLE_USAGE(.BOTH.,#10742);
#10742 = SURFACE_SIDE_STYLE('',(#10743));
#10743 = SURFACE_STYLE_FILL_AREA(#10744);
#10744 = FILL_AREA_STYLE('',(#10745));
#10745 = FILL_AREA_STYLE_COLOUR('',#10319);
#10746 = STYLED_ITEM('color',(#10747),#6343);
#10747 = PRESENTATION_STYLE_ASSIGNMENT((#10748));
#10748 = SURFACE_STYLE_USAGE(.BOTH.,#10749);
#10749 = SURFACE_SIDE_STYLE('',(#10750));
#10750 = SURFACE_STYLE_FILL_AREA(#10751);
#10751 = FILL_AREA_STYLE('',(#10752));
#10752 = FILL_AREA_STYLE_COLOUR('',#10319);
#10753 = STYLED_ITEM('color',(#10754),#6374);
#10754 = PRESENTATION_STYLE_ASSIGNMENT((#10755));
#10755 = SURFACE_STYLE_USAGE(.BOTH.,#10756);
#10756 = SURFACE_SIDE_STYLE('',(#10757));
#10757 = SURFACE_STYLE_FILL_AREA(#10758);
#10758 = FILL_AREA_STYLE('',(#10759));
#10759 = FILL_AREA_STYLE_COLOUR('',#10710);
#10760 = STYLED_ITEM('color',(#10761),#6407);
#10761 = PRESENTATION_STYLE_ASSIGNMENT((#10762));
#10762 = SURFACE_STYLE_USAGE(.BOTH.,#10763);
#10763 = SURFACE_SIDE_STYLE('',(#10764));
#10764 = SURFACE_STYLE_FILL_AREA(#10765);
#10765 = FILL_AREA_STYLE('',(#10766));
#10766 = FILL_AREA_STYLE_COLOUR('',#10319);
#10767 = STYLED_ITEM('color',(#10768),#6463);
#10768 = PRESENTATION_STYLE_ASSIGNMENT((#10769));
#10769 = SURFACE_STYLE_USAGE(.BOTH.,#10770);
#10770 = SURFACE_SIDE_STYLE('',(#10771));
#10771 = SURFACE_STYLE_FILL_AREA(#10772);
#10772 = FILL_AREA_STYLE('',(#10773));
#10773 = FILL_AREA_STYLE_COLOUR('',#10710);
#10774 = STYLED_ITEM('color',(#10775),#6487);
#10775 = PRESENTATION_STYLE_ASSIGNMENT((#10776));
#10776 = SURFACE_STYLE_USAGE(.BOTH.,#10777);
#10777 = SURFACE_SIDE_STYLE('',(#10778));
#10778 = SURFACE_STYLE_FILL_AREA(#10779);
#10779 = FILL_AREA_STYLE('',(#10780));
#10780 = FILL_AREA_STYLE_COLOUR('',#10710);
#10781 = STYLED_ITEM('color',(#10782),#6511);
#10782 = PRESENTATION_STYLE_ASSIGNMENT((#10783));
#10783 = SURFACE_STYLE_USAGE(.BOTH.,#10784);
#10784 = SURFACE_SIDE_STYLE('',(#10785));
#10785 = SURFACE_STYLE_FILL_AREA(#10786);
#10786 = FILL_AREA_STYLE('',(#10787));
#10787 = FILL_AREA_STYLE_COLOUR('',#10710);
#10788 = STYLED_ITEM('color',(#10789),#6535);
#10789 = PRESENTATION_STYLE_ASSIGNMENT((#10790));
#10790 = SURFACE_STYLE_USAGE(.BOTH.,#10791);
#10791 = SURFACE_SIDE_STYLE('',(#10792));
#10792 = SURFACE_STYLE_FILL_AREA(#10793);
#10793 = FILL_AREA_STYLE('',(#10794));
#10794 = FILL_AREA_STYLE_COLOUR('',#10710);
#10795 = STYLED_ITEM('color',(#10796),#6568);
#10796 = PRESENTATION_STYLE_ASSIGNMENT((#10797));
#10797 = SURFACE_STYLE_USAGE(.BOTH.,#10798);
#10798 = SURFACE_SIDE_STYLE('',(#10799));
#10799 = SURFACE_STYLE_FILL_AREA(#10800);
#10800 = FILL_AREA_STYLE('',(#10801));
#10801 = FILL_AREA_STYLE_COLOUR('',#10710);
#10802 = STYLED_ITEM('color',(#10803),#6580);
#10803 = PRESENTATION_STYLE_ASSIGNMENT((#10804));
#10804 = SURFACE_STYLE_USAGE(.BOTH.,#10805);
#10805 = SURFACE_SIDE_STYLE('',(#10806));
#10806 = SURFACE_STYLE_FILL_AREA(#10807);
#10807 = FILL_AREA_STYLE('',(#10808));
#10808 = FILL_AREA_STYLE_COLOUR('',#10710);
#10809 = STYLED_ITEM('color',(#10810),#6643);
#10810 = PRESENTATION_STYLE_ASSIGNMENT((#10811));
#10811 = SURFACE_STYLE_USAGE(.BOTH.,#10812);
#10812 = SURFACE_SIDE_STYLE('',(#10813));
#10813 = SURFACE_STYLE_FILL_AREA(#10814);
#10814 = FILL_AREA_STYLE('',(#10815));
#10815 = FILL_AREA_STYLE_COLOUR('',#10710);
#10816 = STYLED_ITEM('color',(#10817),#6668);
#10817 = PRESENTATION_STYLE_ASSIGNMENT((#10818));
#10818 = SURFACE_STYLE_USAGE(.BOTH.,#10819);
#10819 = SURFACE_SIDE_STYLE('',(#10820));
#10820 = SURFACE_STYLE_FILL_AREA(#10821);
#10821 = FILL_AREA_STYLE('',(#10822));
#10822 = FILL_AREA_STYLE_COLOUR('',#10710);
#10823 = STYLED_ITEM('color',(#10824),#6685);
#10824 = PRESENTATION_STYLE_ASSIGNMENT((#10825));
#10825 = SURFACE_STYLE_USAGE(.BOTH.,#10826);
#10826 = SURFACE_SIDE_STYLE('',(#10827));
#10827 = SURFACE_STYLE_FILL_AREA(#10828);
#10828 = FILL_AREA_STYLE('',(#10829));
#10829 = FILL_AREA_STYLE_COLOUR('',#10710);
#10830 = STYLED_ITEM('color',(#10831),#6709);
#10831 = PRESENTATION_STYLE_ASSIGNMENT((#10832));
#10832 = SURFACE_STYLE_USAGE(.BOTH.,#10833);
#10833 = SURFACE_SIDE_STYLE('',(#10834));
#10834 = SURFACE_STYLE_FILL_AREA(#10835);
#10835 = FILL_AREA_STYLE('',(#10836));
#10836 = FILL_AREA_STYLE_COLOUR('',#10710);
#10837 = STYLED_ITEM('color',(#10838),#6727);
#10838 = PRESENTATION_STYLE_ASSIGNMENT((#10839));
#10839 = SURFACE_STYLE_USAGE(.BOTH.,#10840);
#10840 = SURFACE_SIDE_STYLE('',(#10841));
#10841 = SURFACE_STYLE_FILL_AREA(#10842);
#10842 = FILL_AREA_STYLE('',(#10843));
#10843 = FILL_AREA_STYLE_COLOUR('',#10710);
#10844 = STYLED_ITEM('color',(#10845),#6745);
#10845 = PRESENTATION_STYLE_ASSIGNMENT((#10846));
#10846 = SURFACE_STYLE_USAGE(.BOTH.,#10847);
#10847 = SURFACE_SIDE_STYLE('',(#10848));
#10848 = SURFACE_STYLE_FILL_AREA(#10849);
#10849 = FILL_AREA_STYLE('',(#10850));
#10850 = FILL_AREA_STYLE_COLOUR('',#10710);
#10851 = STYLED_ITEM('color',(#10852),#6763);
#10852 = PRESENTATION_STYLE_ASSIGNMENT((#10853));
#10853 = SURFACE_STYLE_USAGE(.BOTH.,#10854);
#10854 = SURFACE_SIDE_STYLE('',(#10855));
#10855 = SURFACE_STYLE_FILL_AREA(#10856);
#10856 = FILL_AREA_STYLE('',(#10857));
#10857 = FILL_AREA_STYLE_COLOUR('',#10710);
#10858 = STYLED_ITEM('color',(#10859),#6780);
#10859 = PRESENTATION_STYLE_ASSIGNMENT((#10860));
#10860 = SURFACE_STYLE_USAGE(.BOTH.,#10861);
#10861 = SURFACE_SIDE_STYLE('',(#10862));
#10862 = SURFACE_STYLE_FILL_AREA(#10863);
#10863 = FILL_AREA_STYLE('',(#10864));
#10864 = FILL_AREA_STYLE_COLOUR('',#10710);
#10865 = STYLED_ITEM('color',(#10866),#6797);
#10866 = PRESENTATION_STYLE_ASSIGNMENT((#10867));
#10867 = SURFACE_STYLE_USAGE(.BOTH.,#10868);
#10868 = SURFACE_SIDE_STYLE('',(#10869));
#10869 = SURFACE_STYLE_FILL_AREA(#10870);
#10870 = FILL_AREA_STYLE('',(#10871));
#10871 = FILL_AREA_STYLE_COLOUR('',#10710);
#10872 = STYLED_ITEM('color',(#10873),#6828);
#10873 = PRESENTATION_STYLE_ASSIGNMENT((#10874));
#10874 = SURFACE_STYLE_USAGE(.BOTH.,#10875);
#10875 = SURFACE_SIDE_STYLE('',(#10876));
#10876 = SURFACE_STYLE_FILL_AREA(#10877);
#10877 = FILL_AREA_STYLE('',(#10878));
#10878 = FILL_AREA_STYLE_COLOUR('',#10710);
#10879 = STYLED_ITEM('color',(#10880),#6853);
#10880 = PRESENTATION_STYLE_ASSIGNMENT((#10881));
#10881 = SURFACE_STYLE_USAGE(.BOTH.,#10882);
#10882 = SURFACE_SIDE_STYLE('',(#10883));
#10883 = SURFACE_STYLE_FILL_AREA(#10884);
#10884 = FILL_AREA_STYLE('',(#10885));
#10885 = FILL_AREA_STYLE_COLOUR('',#10710);
#10886 = STYLED_ITEM('color',(#10887),#6878);
#10887 = PRESENTATION_STYLE_ASSIGNMENT((#10888));
#10888 = SURFACE_STYLE_USAGE(.BOTH.,#10889);
#10889 = SURFACE_SIDE_STYLE('',(#10890));
#10890 = SURFACE_STYLE_FILL_AREA(#10891);
#10891 = FILL_AREA_STYLE('',(#10892));
#10892 = FILL_AREA_STYLE_COLOUR('',#10710);
#10893 = STYLED_ITEM('color',(#10894),#6902);
#10894 = PRESENTATION_STYLE_ASSIGNMENT((#10895));
#10895 = SURFACE_STYLE_USAGE(.BOTH.,#10896);
#10896 = SURFACE_SIDE_STYLE('',(#10897));
#10897 = SURFACE_STYLE_FILL_AREA(#10898);
#10898 = FILL_AREA_STYLE('',(#10899));
#10899 = FILL_AREA_STYLE_COLOUR('',#10710);
#10900 = STYLED_ITEM('color',(#10901),#6919);
#10901 = PRESENTATION_STYLE_ASSIGNMENT((#10902));
#10902 = SURFACE_STYLE_USAGE(.BOTH.,#10903);
#10903 = SURFACE_SIDE_STYLE('',(#10904));
#10904 = SURFACE_STYLE_FILL_AREA(#10905);
#10905 = FILL_AREA_STYLE('',(#10906));
#10906 = FILL_AREA_STYLE_COLOUR('',#10907);
#10907 = COLOUR_RGB('',0.340000006699,0.68000001254,0.444999988852);
#10908 = STYLED_ITEM('color',(#10909),#6950);
#10909 = PRESENTATION_STYLE_ASSIGNMENT((#10910));
#10910 = SURFACE_STYLE_USAGE(.BOTH.,#10911);
#10911 = SURFACE_SIDE_STYLE('',(#10912));
#10912 = SURFACE_STYLE_FILL_AREA(#10913);
#10913 = FILL_AREA_STYLE('',(#10914));
#10914 = FILL_AREA_STYLE_COLOUR('',#10907);
#10915 = STYLED_ITEM('color',(#10916),#6974);
#10916 = PRESENTATION_STYLE_ASSIGNMENT((#10917));
#10917 = SURFACE_STYLE_USAGE(.BOTH.,#10918);
#10918 = SURFACE_SIDE_STYLE('',(#10919));
#10919 = SURFACE_STYLE_FILL_AREA(#10920);
#10920 = FILL_AREA_STYLE('',(#10921));
#10921 = FILL_AREA_STYLE_COLOUR('',#10907);
#10922 = STYLED_ITEM('color',(#10923),#6991);
#10923 = PRESENTATION_STYLE_ASSIGNMENT((#10924));
#10924 = SURFACE_STYLE_USAGE(.BOTH.,#10925);
#10925 = SURFACE_SIDE_STYLE('',(#10926));
#10926 = SURFACE_STYLE_FILL_AREA(#10927);
#10927 = FILL_AREA_STYLE('',(#10928));
#10928 = FILL_AREA_STYLE_COLOUR('',#10710);
#10929 = STYLED_ITEM('color',(#10930),#7019);
#10930 = PRESENTATION_STYLE_ASSIGNMENT((#10931));
#10931 = SURFACE_STYLE_USAGE(.BOTH.,#10932);
#10932 = SURFACE_SIDE_STYLE('',(#10933));
#10933 = SURFACE_STYLE_FILL_AREA(#10934);
#10934 = FILL_AREA_STYLE('',(#10935));
#10935 = FILL_AREA_STYLE_COLOUR('',#10710);
#10936 = STYLED_ITEM('color',(#10937),#7044);
#10937 = PRESENTATION_STYLE_ASSIGNMENT((#10938));
#10938 = SURFACE_STYLE_USAGE(.BOTH.,#10939);
#10939 = SURFACE_SIDE_STYLE('',(#10940));
#10940 = SURFACE_STYLE_FILL_AREA(#10941);
#10941 = FILL_AREA_STYLE('',(#10942));
#10942 = FILL_AREA_STYLE_COLOUR('',#10710);
#10943 = STYLED_ITEM('color',(#10944),#7068);
#10944 = PRESENTATION_STYLE_ASSIGNMENT((#10945));
#10945 = SURFACE_STYLE_USAGE(.BOTH.,#10946);
#10946 = SURFACE_SIDE_STYLE('',(#10947));
#10947 = SURFACE_STYLE_FILL_AREA(#10948);
#10948 = FILL_AREA_STYLE('',(#10949));
#10949 = FILL_AREA_STYLE_COLOUR('',#10710);
#10950 = STYLED_ITEM('color',(#10951),#7093);
#10951 = PRESENTATION_STYLE_ASSIGNMENT((#10952));
#10952 = SURFACE_STYLE_USAGE(.BOTH.,#10953);
#10953 = SURFACE_SIDE_STYLE('',(#10954));
#10954 = SURFACE_STYLE_FILL_AREA(#10955);
#10955 = FILL_AREA_STYLE('',(#10956));
#10956 = FILL_AREA_STYLE_COLOUR('',#10710);
#10957 = STYLED_ITEM('color',(#10958),#7140);
#10958 = PRESENTATION_STYLE_ASSIGNMENT((#10959));
#10959 = SURFACE_STYLE_USAGE(.BOTH.,#10960);
#10960 = SURFACE_SIDE_STYLE('',(#10961));
#10961 = SURFACE_STYLE_FILL_AREA(#10962);
#10962 = FILL_AREA_STYLE('',(#10963));
#10963 = FILL_AREA_STYLE_COLOUR('',#10710);
#10964 = STYLED_ITEM('color',(#10965),#7157);
#10965 = PRESENTATION_STYLE_ASSIGNMENT((#10966));
#10966 = SURFACE_STYLE_USAGE(.BOTH.,#10967);
#10967 = SURFACE_SIDE_STYLE('',(#10968));
#10968 = SURFACE_STYLE_FILL_AREA(#10969);
#10969 = FILL_AREA_STYLE('',(#10970));
#10970 = FILL_AREA_STYLE_COLOUR('',#10710);
#10971 = STYLED_ITEM('color',(#10972),#7169);
#10972 = PRESENTATION_STYLE_ASSIGNMENT((#10973));
#10973 = SURFACE_STYLE_USAGE(.BOTH.,#10974);
#10974 = SURFACE_SIDE_STYLE('',(#10975));
#10975 = SURFACE_STYLE_FILL_AREA(#10976);
#10976 = FILL_AREA_STYLE('',(#10977));
#10977 = FILL_AREA_STYLE_COLOUR('',#10710);
#10978 = STYLED_ITEM('color',(#10979),#7191);
#10979 = PRESENTATION_STYLE_ASSIGNMENT((#10980));
#10980 = SURFACE_STYLE_USAGE(.BOTH.,#10981);
#10981 = SURFACE_SIDE_STYLE('',(#10982));
#10982 = SURFACE_STYLE_FILL_AREA(#10983);
#10983 = FILL_AREA_STYLE('',(#10984));
#10984 = FILL_AREA_STYLE_COLOUR('',#10710);
#10985 = STYLED_ITEM('color',(#10986),#7203);
#10986 = PRESENTATION_STYLE_ASSIGNMENT((#10987));
#10987 = SURFACE_STYLE_USAGE(.BOTH.,#10988);
#10988 = SURFACE_SIDE_STYLE('',(#10989));
#10989 = SURFACE_STYLE_FILL_AREA(#10990);
#10990 = FILL_AREA_STYLE('',(#10991));
#10991 = FILL_AREA_STYLE_COLOUR('',#10710);
#10992 = STYLED_ITEM('color',(#10993),#7221);
#10993 = PRESENTATION_STYLE_ASSIGNMENT((#10994));
#10994 = SURFACE_STYLE_USAGE(.BOTH.,#10995);
#10995 = SURFACE_SIDE_STYLE('',(#10996));
#10996 = SURFACE_STYLE_FILL_AREA(#10997);
#10997 = FILL_AREA_STYLE('',(#10998));
#10998 = FILL_AREA_STYLE_COLOUR('',#10710);
#10999 = STYLED_ITEM('color',(#11000),#7239);
#11000 = PRESENTATION_STYLE_ASSIGNMENT((#11001));
#11001 = SURFACE_STYLE_USAGE(.BOTH.,#11002);
#11002 = SURFACE_SIDE_STYLE('',(#11003));
#11003 = SURFACE_STYLE_FILL_AREA(#11004);
#11004 = FILL_AREA_STYLE('',(#11005));
#11005 = FILL_AREA_STYLE_COLOUR('',#10907);
#11006 = MECHANICAL_DESIGN_GEOMETRIC_PRESENTATION_REPRESENTATION('',(
    #11007,#11016,#11025,#11034,#11043,#11052,#11061,#11070,#11079,
    #11088,#11097,#11106,#11115,#11124,#11133,#11142,#11151,#11160,
    #11169,#11178,#11187,#11196,#11205,#11214,#11223,#11232,#11241,
    #11250,#11259,#11268,#11277,#11286,#11295,#11304,#11313,#11322,
    #11331,#11340,#11349,#11358,#11367,#11376,#11385,#11394,#11403,
    #11412,#11421,#11430,#11439,#11448,#11457,#11466,#11475,#11484,
    #11493,#11502,#11511,#11520,#11529),#9005);
#11007 = STYLED_ITEM('color',(#11008),#7319);
#11008 = PRESENTATION_STYLE_ASSIGNMENT((#11009,#11014));
#11009 = SURFACE_STYLE_USAGE(.BOTH.,#11010);
#11010 = SURFACE_SIDE_STYLE('',(#11011));
#11011 = SURFACE_STYLE_FILL_AREA(#11012);
#11012 = FILL_AREA_STYLE('',(#11013));
#11013 = FILL_AREA_STYLE_COLOUR('',#9447);
#11014 = CURVE_STYLE('',#11015,POSITIVE_LENGTH_MEASURE(0.1),#9447);
#11015 = DRAUGHTING_PRE_DEFINED_CURVE_FONT('continuous');
#11016 = STYLED_ITEM('color',(#11017),#7373);
#11017 = PRESENTATION_STYLE_ASSIGNMENT((#11018,#11023));
#11018 = SURFACE_STYLE_USAGE(.BOTH.,#11019);
#11019 = SURFACE_SIDE_STYLE('',(#11020));
#11020 = SURFACE_STYLE_FILL_AREA(#11021);
#11021 = FILL_AREA_STYLE('',(#11022));
#11022 = FILL_AREA_STYLE_COLOUR('',#9447);
#11023 = CURVE_STYLE('',#11024,POSITIVE_LENGTH_MEASURE(0.1),#9447);
#11024 = DRAUGHTING_PRE_DEFINED_CURVE_FONT('continuous');
#11025 = STYLED_ITEM('color',(#11026),#7436);
#11026 = PRESENTATION_STYLE_ASSIGNMENT((#11027,#11032));
#11027 = SURFACE_STYLE_USAGE(.BOTH.,#11028);
#11028 = SURFACE_SIDE_STYLE('',(#11029));
#11029 = SURFACE_STYLE_FILL_AREA(#11030);
#11030 = FILL_AREA_STYLE('',(#11031));
#11031 = FILL_AREA_STYLE_COLOUR('',#9447);
#11032 = CURVE_STYLE('',#11033,POSITIVE_LENGTH_MEASURE(0.1),#9447);
#11033 = DRAUGHTING_PRE_DEFINED_CURVE_FONT('continuous');
#11034 = STYLED_ITEM('color',(#11035),#7459);
#11035 = PRESENTATION_STYLE_ASSIGNMENT((#11036,#11041));
#11036 = SURFACE_STYLE_USAGE(.BOTH.,#11037);
#11037 = SURFACE_SIDE_STYLE('',(#11038));
#11038 = SURFACE_STYLE_FILL_AREA(#11039);
#11039 = FILL_AREA_STYLE('',(#11040));
#11040 = FILL_AREA_STYLE_COLOUR('',#9447);
#11041 = CURVE_STYLE('',#11042,POSITIVE_LENGTH_MEASURE(0.1),#9447);
#11042 = DRAUGHTING_PRE_DEFINED_CURVE_FONT('continuous');
#11043 = STYLED_ITEM('color',(#11044),#7489);
#11044 = PRESENTATION_STYLE_ASSIGNMENT((#11045,#11050));
#11045 = SURFACE_STYLE_USAGE(.BOTH.,#11046);
#11046 = SURFACE_SIDE_STYLE('',(#11047));
#11047 = SURFACE_STYLE_FILL_AREA(#11048);
#11048 = FILL_AREA_STYLE('',(#11049));
#11049 = FILL_AREA_STYLE_COLOUR('',#9574);
#11050 = CURVE_STYLE('',#11051,POSITIVE_LENGTH_MEASURE(0.1),#9574);
#11051 = DRAUGHTING_PRE_DEFINED_CURVE_FONT('continuous');
#11052 = STYLED_ITEM('color',(#11053),#7522);
#11053 = PRESENTATION_STYLE_ASSIGNMENT((#11054,#11059));
#11054 = SURFACE_STYLE_USAGE(.BOTH.,#11055);
#11055 = SURFACE_SIDE_STYLE('',(#11056));
#11056 = SURFACE_STYLE_FILL_AREA(#11057);
#11057 = FILL_AREA_STYLE('',(#11058));
#11058 = FILL_AREA_STYLE_COLOUR('',#9447);
#11059 = CURVE_STYLE('',#11060,POSITIVE_LENGTH_MEASURE(0.1),#9447);
#11060 = DRAUGHTING_PRE_DEFINED_CURVE_FONT('continuous');
#11061 = STYLED_ITEM('color',(#11062),#7552);
#11062 = PRESENTATION_STYLE_ASSIGNMENT((#11063,#11068));
#11063 = SURFACE_STYLE_USAGE(.BOTH.,#11064);
#11064 = SURFACE_SIDE_STYLE('',(#11065));
#11065 = SURFACE_STYLE_FILL_AREA(#11066);
#11066 = FILL_AREA_STYLE('',(#11067));
#11067 = FILL_AREA_STYLE_COLOUR('',#9447);
#11068 = CURVE_STYLE('',#11069,POSITIVE_LENGTH_MEASURE(0.1),#9447);
#11069 = DRAUGHTING_PRE_DEFINED_CURVE_FONT('continuous');
#11070 = STYLED_ITEM('color',(#11071),#7575);
#11071 = PRESENTATION_STYLE_ASSIGNMENT((#11072,#11077));
#11072 = SURFACE_STYLE_USAGE(.BOTH.,#11073);
#11073 = SURFACE_SIDE_STYLE('',(#11074));
#11074 = SURFACE_STYLE_FILL_AREA(#11075);
#11075 = FILL_AREA_STYLE('',(#11076));
#11076 = FILL_AREA_STYLE_COLOUR('',#9447);
#11077 = CURVE_STYLE('',#11078,POSITIVE_LENGTH_MEASURE(0.1),#9447);
#11078 = DRAUGHTING_PRE_DEFINED_CURVE_FONT('continuous');
#11079 = STYLED_ITEM('color',(#11080),#7598);
#11080 = PRESENTATION_STYLE_ASSIGNMENT((#11081,#11086));
#11081 = SURFACE_STYLE_USAGE(.BOTH.,#11082);
#11082 = SURFACE_SIDE_STYLE('',(#11083));
#11083 = SURFACE_STYLE_FILL_AREA(#11084);
#11084 = FILL_AREA_STYLE('',(#11085));
#11085 = FILL_AREA_STYLE_COLOUR('',#9447);
#11086 = CURVE_STYLE('',#11087,POSITIVE_LENGTH_MEASURE(0.1),#9447);
#11087 = DRAUGHTING_PRE_DEFINED_CURVE_FONT('continuous');
#11088 = STYLED_ITEM('color',(#11089),#7621);
#11089 = PRESENTATION_STYLE_ASSIGNMENT((#11090,#11095));
#11090 = SURFACE_STYLE_USAGE(.BOTH.,#11091);
#11091 = SURFACE_SIDE_STYLE('',(#11092));
#11092 = SURFACE_STYLE_FILL_AREA(#11093);
#11093 = FILL_AREA_STYLE('',(#11094));
#11094 = FILL_AREA_STYLE_COLOUR('',#9447);
#11095 = CURVE_STYLE('',#11096,POSITIVE_LENGTH_MEASURE(0.1),#9447);
#11096 = DRAUGHTING_PRE_DEFINED_CURVE_FONT('continuous');
#11097 = STYLED_ITEM('color',(#11098),#7644);
#11098 = PRESENTATION_STYLE_ASSIGNMENT((#11099,#11104));
#11099 = SURFACE_STYLE_USAGE(.BOTH.,#11100);
#11100 = SURFACE_SIDE_STYLE('',(#11101));
#11101 = SURFACE_STYLE_FILL_AREA(#11102);
#11102 = FILL_AREA_STYLE('',(#11103));
#11103 = FILL_AREA_STYLE_COLOUR('',#9447);
#11104 = CURVE_STYLE('',#11105,POSITIVE_LENGTH_MEASURE(0.1),#9447);
#11105 = DRAUGHTING_PRE_DEFINED_CURVE_FONT('continuous');
#11106 = STYLED_ITEM('color',(#11107),#7667);
#11107 = PRESENTATION_STYLE_ASSIGNMENT((#11108,#11113));
#11108 = SURFACE_STYLE_USAGE(.BOTH.,#11109);
#11109 = SURFACE_SIDE_STYLE('',(#11110));
#11110 = SURFACE_STYLE_FILL_AREA(#11111);
#11111 = FILL_AREA_STYLE('',(#11112));
#11112 = FILL_AREA_STYLE_COLOUR('',#9447);
#11113 = CURVE_STYLE('',#11114,POSITIVE_LENGTH_MEASURE(0.1),#9447);
#11114 = DRAUGHTING_PRE_DEFINED_CURVE_FONT('continuous');
#11115 = STYLED_ITEM('color',(#11116),#7700);
#11116 = PRESENTATION_STYLE_ASSIGNMENT((#11117,#11122));
#11117 = SURFACE_STYLE_USAGE(.BOTH.,#11118);
#11118 = SURFACE_SIDE_STYLE('',(#11119));
#11119 = SURFACE_STYLE_FILL_AREA(#11120);
#11120 = FILL_AREA_STYLE('',(#11121));
#11121 = FILL_AREA_STYLE_COLOUR('',#9447);
#11122 = CURVE_STYLE('',#11123,POSITIVE_LENGTH_MEASURE(0.1),#9447);
#11123 = DRAUGHTING_PRE_DEFINED_CURVE_FONT('continuous');
#11124 = STYLED_ITEM('color',(#11125),#7723);
#11125 = PRESENTATION_STYLE_ASSIGNMENT((#11126,#11131));
#11126 = SURFACE_STYLE_USAGE(.BOTH.,#11127);
#11127 = SURFACE_SIDE_STYLE('',(#11128));
#11128 = SURFACE_STYLE_FILL_AREA(#11129);
#11129 = FILL_AREA_STYLE('',(#11130));
#11130 = FILL_AREA_STYLE_COLOUR('',#9447);
#11131 = CURVE_STYLE('',#11132,POSITIVE_LENGTH_MEASURE(0.1),#9447);
#11132 = DRAUGHTING_PRE_DEFINED_CURVE_FONT('continuous');
#11133 = STYLED_ITEM('color',(#11134),#7746);
#11134 = PRESENTATION_STYLE_ASSIGNMENT((#11135,#11140));
#11135 = SURFACE_STYLE_USAGE(.BOTH.,#11136);
#11136 = SURFACE_SIDE_STYLE('',(#11137));
#11137 = SURFACE_STYLE_FILL_AREA(#11138);
#11138 = FILL_AREA_STYLE('',(#11139));
#11139 = FILL_AREA_STYLE_COLOUR('',#9447);
#11140 = CURVE_STYLE('',#11141,POSITIVE_LENGTH_MEASURE(0.1),#9447);
#11141 = DRAUGHTING_PRE_DEFINED_CURVE_FONT('continuous');
#11142 = STYLED_ITEM('color',(#11143),#7834);
#11143 = PRESENTATION_STYLE_ASSIGNMENT((#11144,#11149));
#11144 = SURFACE_STYLE_USAGE(.BOTH.,#11145);
#11145 = SURFACE_SIDE_STYLE('',(#11146));
#11146 = SURFACE_STYLE_FILL_AREA(#11147);
#11147 = FILL_AREA_STYLE('',(#11148));
#11148 = FILL_AREA_STYLE_COLOUR('',#9574);
#11149 = CURVE_STYLE('',#11150,POSITIVE_LENGTH_MEASURE(0.1),#9574);
#11150 = DRAUGHTING_PRE_DEFINED_CURVE_FONT('continuous');
#11151 = STYLED_ITEM('color',(#11152),#7909);
#11152 = PRESENTATION_STYLE_ASSIGNMENT((#11153,#11158));
#11153 = SURFACE_STYLE_USAGE(.BOTH.,#11154);
#11154 = SURFACE_SIDE_STYLE('',(#11155));
#11155 = SURFACE_STYLE_FILL_AREA(#11156);
#11156 = FILL_AREA_STYLE('',(#11157));
#11157 = FILL_AREA_STYLE_COLOUR('',#9574);
#11158 = CURVE_STYLE('',#11159,POSITIVE_LENGTH_MEASURE(0.1),#9574);
#11159 = DRAUGHTING_PRE_DEFINED_CURVE_FONT('continuous');
#11160 = STYLED_ITEM('color',(#11161),#7933);
#11161 = PRESENTATION_STYLE_ASSIGNMENT((#11162,#11167));
#11162 = SURFACE_STYLE_USAGE(.BOTH.,#11163);
#11163 = SURFACE_SIDE_STYLE('',(#11164));
#11164 = SURFACE_STYLE_FILL_AREA(#11165);
#11165 = FILL_AREA_STYLE('',(#11166));
#11166 = FILL_AREA_STYLE_COLOUR('',#9574);
#11167 = CURVE_STYLE('',#11168,POSITIVE_LENGTH_MEASURE(0.1),#9574);
#11168 = DRAUGHTING_PRE_DEFINED_CURVE_FONT('continuous');
#11169 = STYLED_ITEM('color',(#11170),#8001);
#11170 = PRESENTATION_STYLE_ASSIGNMENT((#11171,#11176));
#11171 = SURFACE_STYLE_USAGE(.BOTH.,#11172);
#11172 = SURFACE_SIDE_STYLE('',(#11173));
#11173 = SURFACE_STYLE_FILL_AREA(#11174);
#11174 = FILL_AREA_STYLE('',(#11175));
#11175 = FILL_AREA_STYLE_COLOUR('',#9447);
#11176 = CURVE_STYLE('',#11177,POSITIVE_LENGTH_MEASURE(0.1),#9447);
#11177 = DRAUGHTING_PRE_DEFINED_CURVE_FONT('continuous');
#11178 = STYLED_ITEM('color',(#11179),#8089);
#11179 = PRESENTATION_STYLE_ASSIGNMENT((#11180,#11185));
#11180 = SURFACE_STYLE_USAGE(.BOTH.,#11181);
#11181 = SURFACE_SIDE_STYLE('',(#11182));
#11182 = SURFACE_STYLE_FILL_AREA(#11183);
#11183 = FILL_AREA_STYLE('',(#11184));
#11184 = FILL_AREA_STYLE_COLOUR('',#9447);
#11185 = CURVE_STYLE('',#11186,POSITIVE_LENGTH_MEASURE(0.1),#9447);
#11186 = DRAUGHTING_PRE_DEFINED_CURVE_FONT('continuous');
#11187 = STYLED_ITEM('color',(#11188),#8105);
#11188 = PRESENTATION_STYLE_ASSIGNMENT((#11189,#11194));
#11189 = SURFACE_STYLE_USAGE(.BOTH.,#11190);
#11190 = SURFACE_SIDE_STYLE('',(#11191));
#11191 = SURFACE_STYLE_FILL_AREA(#11192);
#11192 = FILL_AREA_STYLE('',(#11193));
#11193 = FILL_AREA_STYLE_COLOUR('',#9447);
#11194 = CURVE_STYLE('',#11195,POSITIVE_LENGTH_MEASURE(0.1),#9447);
#11195 = DRAUGHTING_PRE_DEFINED_CURVE_FONT('continuous');
#11196 = STYLED_ITEM('color',(#11197),#8121);
#11197 = PRESENTATION_STYLE_ASSIGNMENT((#11198,#11203));
#11198 = SURFACE_STYLE_USAGE(.BOTH.,#11199);
#11199 = SURFACE_SIDE_STYLE('',(#11200));
#11200 = SURFACE_STYLE_FILL_AREA(#11201);
#11201 = FILL_AREA_STYLE('',(#11202));
#11202 = FILL_AREA_STYLE_COLOUR('',#9447);
#11203 = CURVE_STYLE('',#11204,POSITIVE_LENGTH_MEASURE(0.1),#9447);
#11204 = DRAUGHTING_PRE_DEFINED_CURVE_FONT('continuous');
#11205 = STYLED_ITEM('color',(#11206),#8137);
#11206 = PRESENTATION_STYLE_ASSIGNMENT((#11207,#11212));
#11207 = SURFACE_STYLE_USAGE(.BOTH.,#11208);
#11208 = SURFACE_SIDE_STYLE('',(#11209));
#11209 = SURFACE_STYLE_FILL_AREA(#11210);
#11210 = FILL_AREA_STYLE('',(#11211));
#11211 = FILL_AREA_STYLE_COLOUR('',#9447);
#11212 = CURVE_STYLE('',#11213,POSITIVE_LENGTH_MEASURE(0.1),#9447);
#11213 = DRAUGHTING_PRE_DEFINED_CURVE_FONT('continuous');
#11214 = STYLED_ITEM('color',(#11215),#8153);
#11215 = PRESENTATION_STYLE_ASSIGNMENT((#11216,#11221));
#11216 = SURFACE_STYLE_USAGE(.BOTH.,#11217);
#11217 = SURFACE_SIDE_STYLE('',(#11218));
#11218 = SURFACE_STYLE_FILL_AREA(#11219);
#11219 = FILL_AREA_STYLE('',(#11220));
#11220 = FILL_AREA_STYLE_COLOUR('',#9447);
#11221 = CURVE_STYLE('',#11222,POSITIVE_LENGTH_MEASURE(0.1),#9447);
#11222 = DRAUGHTING_PRE_DEFINED_CURVE_FONT('continuous');
#11223 = STYLED_ITEM('color',(#11224),#8170);
#11224 = PRESENTATION_STYLE_ASSIGNMENT((#11225,#11230));
#11225 = SURFACE_STYLE_USAGE(.BOTH.,#11226);
#11226 = SURFACE_SIDE_STYLE('',(#11227));
#11227 = SURFACE_STYLE_FILL_AREA(#11228);
#11228 = FILL_AREA_STYLE('',(#11229));
#11229 = FILL_AREA_STYLE_COLOUR('',#9574);
#11230 = CURVE_STYLE('',#11231,POSITIVE_LENGTH_MEASURE(0.1),#9574);
#11231 = DRAUGHTING_PRE_DEFINED_CURVE_FONT('continuous');
#11232 = STYLED_ITEM('color',(#11233),#8203);
#11233 = PRESENTATION_STYLE_ASSIGNMENT((#11234,#11239));
#11234 = SURFACE_STYLE_USAGE(.BOTH.,#11235);
#11235 = SURFACE_SIDE_STYLE('',(#11236));
#11236 = SURFACE_STYLE_FILL_AREA(#11237);
#11237 = FILL_AREA_STYLE('',(#11238));
#11238 = FILL_AREA_STYLE_COLOUR('',#9447);
#11239 = CURVE_STYLE('',#11240,POSITIVE_LENGTH_MEASURE(0.1),#9447);
#11240 = DRAUGHTING_PRE_DEFINED_CURVE_FONT('continuous');
#11241 = STYLED_ITEM('color',(#11242),#8220);
#11242 = PRESENTATION_STYLE_ASSIGNMENT((#11243,#11248));
#11243 = SURFACE_STYLE_USAGE(.BOTH.,#11244);
#11244 = SURFACE_SIDE_STYLE('',(#11245));
#11245 = SURFACE_STYLE_FILL_AREA(#11246);
#11246 = FILL_AREA_STYLE('',(#11247));
#11247 = FILL_AREA_STYLE_COLOUR('',#9574);
#11248 = CURVE_STYLE('',#11249,POSITIVE_LENGTH_MEASURE(0.1),#9574);
#11249 = DRAUGHTING_PRE_DEFINED_CURVE_FONT('continuous');
#11250 = STYLED_ITEM('color',(#11251),#8242);
#11251 = PRESENTATION_STYLE_ASSIGNMENT((#11252,#11257));
#11252 = SURFACE_STYLE_USAGE(.BOTH.,#11253);
#11253 = SURFACE_SIDE_STYLE('',(#11254));
#11254 = SURFACE_STYLE_FILL_AREA(#11255);
#11255 = FILL_AREA_STYLE('',(#11256));
#11256 = FILL_AREA_STYLE_COLOUR('',#9447);
#11257 = CURVE_STYLE('',#11258,POSITIVE_LENGTH_MEASURE(0.1),#9447);
#11258 = DRAUGHTING_PRE_DEFINED_CURVE_FONT('continuous');
#11259 = STYLED_ITEM('color',(#11260),#8273);
#11260 = PRESENTATION_STYLE_ASSIGNMENT((#11261,#11266));
#11261 = SURFACE_STYLE_USAGE(.BOTH.,#11262);
#11262 = SURFACE_SIDE_STYLE('',(#11263));
#11263 = SURFACE_STYLE_FILL_AREA(#11264);
#11264 = FILL_AREA_STYLE('',(#11265));
#11265 = FILL_AREA_STYLE_COLOUR('',#9447);
#11266 = CURVE_STYLE('',#11267,POSITIVE_LENGTH_MEASURE(0.1),#9447);
#11267 = DRAUGHTING_PRE_DEFINED_CURVE_FONT('continuous');
#11268 = STYLED_ITEM('color',(#11269),#8296);
#11269 = PRESENTATION_STYLE_ASSIGNMENT((#11270,#11275));
#11270 = SURFACE_STYLE_USAGE(.BOTH.,#11271);
#11271 = SURFACE_SIDE_STYLE('',(#11272));
#11272 = SURFACE_STYLE_FILL_AREA(#11273);
#11273 = FILL_AREA_STYLE('',(#11274));
#11274 = FILL_AREA_STYLE_COLOUR('',#9447);
#11275 = CURVE_STYLE('',#11276,POSITIVE_LENGTH_MEASURE(0.1),#9447);
#11276 = DRAUGHTING_PRE_DEFINED_CURVE_FONT('continuous');
#11277 = STYLED_ITEM('color',(#11278),#8319);
#11278 = PRESENTATION_STYLE_ASSIGNMENT((#11279,#11284));
#11279 = SURFACE_STYLE_USAGE(.BOTH.,#11280);
#11280 = SURFACE_SIDE_STYLE('',(#11281));
#11281 = SURFACE_STYLE_FILL_AREA(#11282);
#11282 = FILL_AREA_STYLE('',(#11283));
#11283 = FILL_AREA_STYLE_COLOUR('',#9447);
#11284 = CURVE_STYLE('',#11285,POSITIVE_LENGTH_MEASURE(0.1),#9447);
#11285 = DRAUGHTING_PRE_DEFINED_CURVE_FONT('continuous');
#11286 = STYLED_ITEM('color',(#11287),#8342);
#11287 = PRESENTATION_STYLE_ASSIGNMENT((#11288,#11293));
#11288 = SURFACE_STYLE_USAGE(.BOTH.,#11289);
#11289 = SURFACE_SIDE_STYLE('',(#11290));
#11290 = SURFACE_STYLE_FILL_AREA(#11291);
#11291 = FILL_AREA_STYLE('',(#11292));
#11292 = FILL_AREA_STYLE_COLOUR('',#9447);
#11293 = CURVE_STYLE('',#11294,POSITIVE_LENGTH_MEASURE(0.1),#9447);
#11294 = DRAUGHTING_PRE_DEFINED_CURVE_FONT('continuous');
#11295 = STYLED_ITEM('color',(#11296),#8372);
#11296 = PRESENTATION_STYLE_ASSIGNMENT((#11297,#11302));
#11297 = SURFACE_STYLE_USAGE(.BOTH.,#11298);
#11298 = SURFACE_SIDE_STYLE('',(#11299));
#11299 = SURFACE_STYLE_FILL_AREA(#11300);
#11300 = FILL_AREA_STYLE('',(#11301));
#11301 = FILL_AREA_STYLE_COLOUR('',#9574);
#11302 = CURVE_STYLE('',#11303,POSITIVE_LENGTH_MEASURE(0.1),#9574);
#11303 = DRAUGHTING_PRE_DEFINED_CURVE_FONT('continuous');
#11304 = STYLED_ITEM('color',(#11305),#8389);
#11305 = PRESENTATION_STYLE_ASSIGNMENT((#11306,#11311));
#11306 = SURFACE_STYLE_USAGE(.BOTH.,#11307);
#11307 = SURFACE_SIDE_STYLE('',(#11308));
#11308 = SURFACE_STYLE_FILL_AREA(#11309);
#11309 = FILL_AREA_STYLE('',(#11310));
#11310 = FILL_AREA_STYLE_COLOUR('',#9574);
#11311 = CURVE_STYLE('',#11312,POSITIVE_LENGTH_MEASURE(0.1),#9574);
#11312 = DRAUGHTING_PRE_DEFINED_CURVE_FONT('continuous');
#11313 = STYLED_ITEM('color',(#11314),#8406);
#11314 = PRESENTATION_STYLE_ASSIGNMENT((#11315,#11320));
#11315 = SURFACE_STYLE_USAGE(.BOTH.,#11316);
#11316 = SURFACE_SIDE_STYLE('',(#11317));
#11317 = SURFACE_STYLE_FILL_AREA(#11318);
#11318 = FILL_AREA_STYLE('',(#11319));
#11319 = FILL_AREA_STYLE_COLOUR('',#9574);
#11320 = CURVE_STYLE('',#11321,POSITIVE_LENGTH_MEASURE(0.1),#9574);
#11321 = DRAUGHTING_PRE_DEFINED_CURVE_FONT('continuous');
#11322 = STYLED_ITEM('color',(#11323),#8423);
#11323 = PRESENTATION_STYLE_ASSIGNMENT((#11324,#11329));
#11324 = SURFACE_STYLE_USAGE(.BOTH.,#11325);
#11325 = SURFACE_SIDE_STYLE('',(#11326));
#11326 = SURFACE_STYLE_FILL_AREA(#11327);
#11327 = FILL_AREA_STYLE('',(#11328));
#11328 = FILL_AREA_STYLE_COLOUR('',#9574);
#11329 = CURVE_STYLE('',#11330,POSITIVE_LENGTH_MEASURE(0.1),#9574);
#11330 = DRAUGHTING_PRE_DEFINED_CURVE_FONT('continuous');
#11331 = STYLED_ITEM('color',(#11332),#8440);
#11332 = PRESENTATION_STYLE_ASSIGNMENT((#11333,#11338));
#11333 = SURFACE_STYLE_USAGE(.BOTH.,#11334);
#11334 = SURFACE_SIDE_STYLE('',(#11335));
#11335 = SURFACE_STYLE_FILL_AREA(#11336);
#11336 = FILL_AREA_STYLE('',(#11337));
#11337 = FILL_AREA_STYLE_COLOUR('',#9574);
#11338 = CURVE_STYLE('',#11339,POSITIVE_LENGTH_MEASURE(0.1),#9574);
#11339 = DRAUGHTING_PRE_DEFINED_CURVE_FONT('continuous');
#11340 = STYLED_ITEM('color',(#11341),#8457);
#11341 = PRESENTATION_STYLE_ASSIGNMENT((#11342,#11347));
#11342 = SURFACE_STYLE_USAGE(.BOTH.,#11343);
#11343 = SURFACE_SIDE_STYLE('',(#11344));
#11344 = SURFACE_STYLE_FILL_AREA(#11345);
#11345 = FILL_AREA_STYLE('',(#11346));
#11346 = FILL_AREA_STYLE_COLOUR('',#9574);
#11347 = CURVE_STYLE('',#11348,POSITIVE_LENGTH_MEASURE(0.1),#9574);
#11348 = DRAUGHTING_PRE_DEFINED_CURVE_FONT('continuous');
#11349 = STYLED_ITEM('color',(#11350),#8474);
#11350 = PRESENTATION_STYLE_ASSIGNMENT((#11351,#11356));
#11351 = SURFACE_STYLE_USAGE(.BOTH.,#11352);
#11352 = SURFACE_SIDE_STYLE('',(#11353));
#11353 = SURFACE_STYLE_FILL_AREA(#11354);
#11354 = FILL_AREA_STYLE('',(#11355));
#11355 = FILL_AREA_STYLE_COLOUR('',#9574);
#11356 = CURVE_STYLE('',#11357,POSITIVE_LENGTH_MEASURE(0.1),#9574);
#11357 = DRAUGHTING_PRE_DEFINED_CURVE_FONT('continuous');
#11358 = STYLED_ITEM('color',(#11359),#8491);
#11359 = PRESENTATION_STYLE_ASSIGNMENT((#11360,#11365));
#11360 = SURFACE_STYLE_USAGE(.BOTH.,#11361);
#11361 = SURFACE_SIDE_STYLE('',(#11362));
#11362 = SURFACE_STYLE_FILL_AREA(#11363);
#11363 = FILL_AREA_STYLE('',(#11364));
#11364 = FILL_AREA_STYLE_COLOUR('',#9574);
#11365 = CURVE_STYLE('',#11366,POSITIVE_LENGTH_MEASURE(0.1),#9574);
#11366 = DRAUGHTING_PRE_DEFINED_CURVE_FONT('continuous');
#11367 = STYLED_ITEM('color',(#11368),#8503);
#11368 = PRESENTATION_STYLE_ASSIGNMENT((#11369,#11374));
#11369 = SURFACE_STYLE_USAGE(.BOTH.,#11370);
#11370 = SURFACE_SIDE_STYLE('',(#11371));
#11371 = SURFACE_STYLE_FILL_AREA(#11372);
#11372 = FILL_AREA_STYLE('',(#11373));
#11373 = FILL_AREA_STYLE_COLOUR('',#9447);
#11374 = CURVE_STYLE('',#11375,POSITIVE_LENGTH_MEASURE(0.1),#9447);
#11375 = DRAUGHTING_PRE_DEFINED_CURVE_FONT('continuous');
#11376 = STYLED_ITEM('color',(#11377),#8526);
#11377 = PRESENTATION_STYLE_ASSIGNMENT((#11378,#11383));
#11378 = SURFACE_STYLE_USAGE(.BOTH.,#11379);
#11379 = SURFACE_SIDE_STYLE('',(#11380));
#11380 = SURFACE_STYLE_FILL_AREA(#11381);
#11381 = FILL_AREA_STYLE('',(#11382));
#11382 = FILL_AREA_STYLE_COLOUR('',#9447);
#11383 = CURVE_STYLE('',#11384,POSITIVE_LENGTH_MEASURE(0.1),#9447);
#11384 = DRAUGHTING_PRE_DEFINED_CURVE_FONT('continuous');
#11385 = STYLED_ITEM('color',(#11386),#8549);
#11386 = PRESENTATION_STYLE_ASSIGNMENT((#11387,#11392));
#11387 = SURFACE_STYLE_USAGE(.BOTH.,#11388);
#11388 = SURFACE_SIDE_STYLE('',(#11389));
#11389 = SURFACE_STYLE_FILL_AREA(#11390);
#11390 = FILL_AREA_STYLE('',(#11391));
#11391 = FILL_AREA_STYLE_COLOUR('',#9447);
#11392 = CURVE_STYLE('',#11393,POSITIVE_LENGTH_MEASURE(0.1),#9447);
#11393 = DRAUGHTING_PRE_DEFINED_CURVE_FONT('continuous');
#11394 = STYLED_ITEM('color',(#11395),#8566);
#11395 = PRESENTATION_STYLE_ASSIGNMENT((#11396,#11401));
#11396 = SURFACE_STYLE_USAGE(.BOTH.,#11397);
#11397 = SURFACE_SIDE_STYLE('',(#11398));
#11398 = SURFACE_STYLE_FILL_AREA(#11399);
#11399 = FILL_AREA_STYLE('',(#11400));
#11400 = FILL_AREA_STYLE_COLOUR('',#9574);
#11401 = CURVE_STYLE('',#11402,POSITIVE_LENGTH_MEASURE(0.1),#9574);
#11402 = DRAUGHTING_PRE_DEFINED_CURVE_FONT('continuous');
#11403 = STYLED_ITEM('color',(#11404),#8641);
#11404 = PRESENTATION_STYLE_ASSIGNMENT((#11405,#11410));
#11405 = SURFACE_STYLE_USAGE(.BOTH.,#11406);
#11406 = SURFACE_SIDE_STYLE('',(#11407));
#11407 = SURFACE_STYLE_FILL_AREA(#11408);
#11408 = FILL_AREA_STYLE('',(#11409));
#11409 = FILL_AREA_STYLE_COLOUR('',#9574);
#11410 = CURVE_STYLE('',#11411,POSITIVE_LENGTH_MEASURE(0.1),#9574);
#11411 = DRAUGHTING_PRE_DEFINED_CURVE_FONT('continuous');
#11412 = STYLED_ITEM('color',(#11413),#8665);
#11413 = PRESENTATION_STYLE_ASSIGNMENT((#11414,#11419));
#11414 = SURFACE_STYLE_USAGE(.BOTH.,#11415);
#11415 = SURFACE_SIDE_STYLE('',(#11416));
#11416 = SURFACE_STYLE_FILL_AREA(#11417);
#11417 = FILL_AREA_STYLE('',(#11418));
#11418 = FILL_AREA_STYLE_COLOUR('',#9574);
#11419 = CURVE_STYLE('',#11420,POSITIVE_LENGTH_MEASURE(0.1),#9574);
#11420 = DRAUGHTING_PRE_DEFINED_CURVE_FONT('continuous');
#11421 = STYLED_ITEM('color',(#11422),#8733);
#11422 = PRESENTATION_STYLE_ASSIGNMENT((#11423,#11428));
#11423 = SURFACE_STYLE_USAGE(.BOTH.,#11424);
#11424 = SURFACE_SIDE_STYLE('',(#11425));
#11425 = SURFACE_STYLE_FILL_AREA(#11426);
#11426 = FILL_AREA_STYLE('',(#11427));
#11427 = FILL_AREA_STYLE_COLOUR('',#9574);
#11428 = CURVE_STYLE('',#11429,POSITIVE_LENGTH_MEASURE(0.1),#9574);
#11429 = DRAUGHTING_PRE_DEFINED_CURVE_FONT('continuous');
#11430 = STYLED_ITEM('color',(#11431),#8750);
#11431 = PRESENTATION_STYLE_ASSIGNMENT((#11432,#11437));
#11432 = SURFACE_STYLE_USAGE(.BOTH.,#11433);
#11433 = SURFACE_SIDE_STYLE('',(#11434));
#11434 = SURFACE_STYLE_FILL_AREA(#11435);
#11435 = FILL_AREA_STYLE('',(#11436));
#11436 = FILL_AREA_STYLE_COLOUR('',#9447);
#11437 = CURVE_STYLE('',#11438,POSITIVE_LENGTH_MEASURE(0.1),#9447);
#11438 = DRAUGHTING_PRE_DEFINED_CURVE_FONT('continuous');
#11439 = STYLED_ITEM('color',(#11440),#8800);
#11440 = PRESENTATION_STYLE_ASSIGNMENT((#11441,#11446));
#11441 = SURFACE_STYLE_USAGE(.BOTH.,#11442);
#11442 = SURFACE_SIDE_STYLE('',(#11443));
#11443 = SURFACE_STYLE_FILL_AREA(#11444);
#11444 = FILL_AREA_STYLE('',(#11445));
#11445 = FILL_AREA_STYLE_COLOUR('',#9574);
#11446 = CURVE_STYLE('',#11447,POSITIVE_LENGTH_MEASURE(0.1),#9574);
#11447 = DRAUGHTING_PRE_DEFINED_CURVE_FONT('continuous');
#11448 = STYLED_ITEM('color',(#11449),#8817);
#11449 = PRESENTATION_STYLE_ASSIGNMENT((#11450,#11455));
#11450 = SURFACE_STYLE_USAGE(.BOTH.,#11451);
#11451 = SURFACE_SIDE_STYLE('',(#11452));
#11452 = SURFACE_STYLE_FILL_AREA(#11453);
#11453 = FILL_AREA_STYLE('',(#11454));
#11454 = FILL_AREA_STYLE_COLOUR('',#9574);
#11455 = CURVE_STYLE('',#11456,POSITIVE_LENGTH_MEASURE(0.1),#9574);
#11456 = DRAUGHTING_PRE_DEFINED_CURVE_FONT('continuous');
#11457 = STYLED_ITEM('color',(#11458),#8834);
#11458 = PRESENTATION_STYLE_ASSIGNMENT((#11459,#11464));
#11459 = SURFACE_STYLE_USAGE(.BOTH.,#11460);
#11460 = SURFACE_SIDE_STYLE('',(#11461));
#11461 = SURFACE_STYLE_FILL_AREA(#11462);
#11462 = FILL_AREA_STYLE('',(#11463));
#11463 = FILL_AREA_STYLE_COLOUR('',#9574);
#11464 = CURVE_STYLE('',#11465,POSITIVE_LENGTH_MEASURE(0.1),#9574);
#11465 = DRAUGHTING_PRE_DEFINED_CURVE_FONT('continuous');
#11466 = STYLED_ITEM('color',(#11467),#8851);
#11467 = PRESENTATION_STYLE_ASSIGNMENT((#11468,#11473));
#11468 = SURFACE_STYLE_USAGE(.BOTH.,#11469);
#11469 = SURFACE_SIDE_STYLE('',(#11470));
#11470 = SURFACE_STYLE_FILL_AREA(#11471);
#11471 = FILL_AREA_STYLE('',(#11472));
#11472 = FILL_AREA_STYLE_COLOUR('',#9574);
#11473 = CURVE_STYLE('',#11474,POSITIVE_LENGTH_MEASURE(0.1),#9574);
#11474 = DRAUGHTING_PRE_DEFINED_CURVE_FONT('continuous');
#11475 = STYLED_ITEM('color',(#11476),#8868);
#11476 = PRESENTATION_STYLE_ASSIGNMENT((#11477,#11482));
#11477 = SURFACE_STYLE_USAGE(.BOTH.,#11478);
#11478 = SURFACE_SIDE_STYLE('',(#11479));
#11479 = SURFACE_STYLE_FILL_AREA(#11480);
#11480 = FILL_AREA_STYLE('',(#11481));
#11481 = FILL_AREA_STYLE_COLOUR('',#9574);
#11482 = CURVE_STYLE('',#11483,POSITIVE_LENGTH_MEASURE(0.1),#9574);
#11483 = DRAUGHTING_PRE_DEFINED_CURVE_FONT('continuous');
#11484 = STYLED_ITEM('color',(#11485),#8885);
#11485 = PRESENTATION_STYLE_ASSIGNMENT((#11486,#11491));
#11486 = SURFACE_STYLE_USAGE(.BOTH.,#11487);
#11487 = SURFACE_SIDE_STYLE('',(#11488));
#11488 = SURFACE_STYLE_FILL_AREA(#11489);
#11489 = FILL_AREA_STYLE('',(#11490));
#11490 = FILL_AREA_STYLE_COLOUR('',#9574);
#11491 = CURVE_STYLE('',#11492,POSITIVE_LENGTH_MEASURE(0.1),#9574);
#11492 = DRAUGHTING_PRE_DEFINED_CURVE_FONT('continuous');
#11493 = STYLED_ITEM('color',(#11494),#8897);
#11494 = PRESENTATION_STYLE_ASSIGNMENT((#11495,#11500));
#11495 = SURFACE_STYLE_USAGE(.BOTH.,#11496);
#11496 = SURFACE_SIDE_STYLE('',(#11497));
#11497 = SURFACE_STYLE_FILL_AREA(#11498);
#11498 = FILL_AREA_STYLE('',(#11499));
#11499 = FILL_AREA_STYLE_COLOUR('',#10061);
#11500 = CURVE_STYLE('',#11501,POSITIVE_LENGTH_MEASURE(0.1),#10061);
#11501 = DRAUGHTING_PRE_DEFINED_CURVE_FONT('continuous');
#11502 = STYLED_ITEM('color',(#11503),#8928);
#11503 = PRESENTATION_STYLE_ASSIGNMENT((#11504,#11509));
#11504 = SURFACE_STYLE_USAGE(.BOTH.,#11505);
#11505 = SURFACE_SIDE_STYLE('',(#11506));
#11506 = SURFACE_STYLE_FILL_AREA(#11507);
#11507 = FILL_AREA_STYLE('',(#11508));
#11508 = FILL_AREA_STYLE_COLOUR('',#10061);
#11509 = CURVE_STYLE('',#11510,POSITIVE_LENGTH_MEASURE(0.1),#10061);
#11510 = DRAUGHTING_PRE_DEFINED_CURVE_FONT('continuous');
#11511 = STYLED_ITEM('color',(#11512),#8952);
#11512 = PRESENTATION_STYLE_ASSIGNMENT((#11513,#11518));
#11513 = SURFACE_STYLE_USAGE(.BOTH.,#11514);
#11514 = SURFACE_SIDE_STYLE('',(#11515));
#11515 = SURFACE_STYLE_FILL_AREA(#11516);
#11516 = FILL_AREA_STYLE('',(#11517));
#11517 = FILL_AREA_STYLE_COLOUR('',#10061);
#11518 = CURVE_STYLE('',#11519,POSITIVE_LENGTH_MEASURE(0.1),#10061);
#11519 = DRAUGHTING_PRE_DEFINED_CURVE_FONT('continuous');
#11520 = STYLED_ITEM('color',(#11521),#8976);
#11521 = PRESENTATION_STYLE_ASSIGNMENT((#11522,#11527));
#11522 = SURFACE_STYLE_USAGE(.BOTH.,#11523);
#11523 = SURFACE_SIDE_STYLE('',(#11524));
#11524 = SURFACE_STYLE_FILL_AREA(#11525);
#11525 = FILL_AREA_STYLE('',(#11526));
#11526 = FILL_AREA_STYLE_COLOUR('',#10061);
#11527 = CURVE_STYLE('',#11528,POSITIVE_LENGTH_MEASURE(0.1),#10061);
#11528 = DRAUGHTING_PRE_DEFINED_CURVE_FONT('continuous');
#11529 = STYLED_ITEM('color',(#11530),#8993);
#11530 = PRESENTATION_STYLE_ASSIGNMENT((#11531,#11536));
#11531 = SURFACE_STYLE_USAGE(.BOTH.,#11532);
#11532 = SURFACE_SIDE_STYLE('',(#11533));
#11533 = SURFACE_STYLE_FILL_AREA(#11534);
#11534 = FILL_AREA_STYLE('',(#11535));
#11535 = FILL_AREA_STYLE_COLOUR('',#10061);
#11536 = CURVE_STYLE('',#11537,POSITIVE_LENGTH_MEASURE(0.1),#10061);
#11537 = DRAUGHTING_PRE_DEFINED_CURVE_FONT('continuous');
#11538 = MECHANICAL_DESIGN_GEOMETRIC_PRESENTATION_REPRESENTATION('',(
    #11539,#11546,#11553,#11560,#11567,#11574,#11581,#11588,#11595,
    #11602,#11609,#11617,#11624,#11631,#11638,#11645,#11652,#11659,
    #11666,#11673,#11680,#11687,#11694,#11701,#11708,#11715,#11722,
    #11729),#3922);
#11539 = STYLED_ITEM('color',(#11540),#3070);
#11540 = PRESENTATION_STYLE_ASSIGNMENT((#11541));
#11541 = SURFACE_STYLE_USAGE(.BOTH.,#11542);
#11542 = SURFACE_SIDE_STYLE('',(#11543));
#11543 = SURFACE_STYLE_FILL_AREA(#11544);
#11544 = FILL_AREA_STYLE('',(#11545));
#11545 = FILL_AREA_STYLE_COLOUR('',#9574);
#11546 = STYLED_ITEM('color',(#11547),#3146);
#11547 = PRESENTATION_STYLE_ASSIGNMENT((#11548));
#11548 = SURFACE_STYLE_USAGE(.BOTH.,#11549);
#11549 = SURFACE_SIDE_STYLE('',(#11550));
#11550 = SURFACE_STYLE_FILL_AREA(#11551);
#11551 = FILL_AREA_STYLE('',(#11552));
#11552 = FILL_AREA_STYLE_COLOUR('',#9574);
#11553 = STYLED_ITEM('color',(#11554),#3177);
#11554 = PRESENTATION_STYLE_ASSIGNMENT((#11555));
#11555 = SURFACE_STYLE_USAGE(.BOTH.,#11556);
#11556 = SURFACE_SIDE_STYLE('',(#11557));
#11557 = SURFACE_STYLE_FILL_AREA(#11558);
#11558 = FILL_AREA_STYLE('',(#11559));
#11559 = FILL_AREA_STYLE_COLOUR('',#9574);
#11560 = STYLED_ITEM('color',(#11561),#3202);
#11561 = PRESENTATION_STYLE_ASSIGNMENT((#11562));
#11562 = SURFACE_STYLE_USAGE(.BOTH.,#11563);
#11563 = SURFACE_SIDE_STYLE('',(#11564));
#11564 = SURFACE_STYLE_FILL_AREA(#11565);
#11565 = FILL_AREA_STYLE('',(#11566));
#11566 = FILL_AREA_STYLE_COLOUR('',#9574);
#11567 = STYLED_ITEM('color',(#11568),#3227);
#11568 = PRESENTATION_STYLE_ASSIGNMENT((#11569));
#11569 = SURFACE_STYLE_USAGE(.BOTH.,#11570);
#11570 = SURFACE_SIDE_STYLE('',(#11571));
#11571 = SURFACE_STYLE_FILL_AREA(#11572);
#11572 = FILL_AREA_STYLE('',(#11573));
#11573 = FILL_AREA_STYLE_COLOUR('',#9574);
#11574 = STYLED_ITEM('color',(#11575),#3251);
#11575 = PRESENTATION_STYLE_ASSIGNMENT((#11576));
#11576 = SURFACE_STYLE_USAGE(.BOTH.,#11577);
#11577 = SURFACE_SIDE_STYLE('',(#11578));
#11578 = SURFACE_STYLE_FILL_AREA(#11579);
#11579 = FILL_AREA_STYLE('',(#11580));
#11580 = FILL_AREA_STYLE_COLOUR('',#9574);
#11581 = STYLED_ITEM('color',(#11582),#3275);
#11582 = PRESENTATION_STYLE_ASSIGNMENT((#11583));
#11583 = SURFACE_STYLE_USAGE(.BOTH.,#11584);
#11584 = SURFACE_SIDE_STYLE('',(#11585));
#11585 = SURFACE_STYLE_FILL_AREA(#11586);
#11586 = FILL_AREA_STYLE('',(#11587));
#11587 = FILL_AREA_STYLE_COLOUR('',#9574);
#11588 = STYLED_ITEM('color',(#11589),#3300);
#11589 = PRESENTATION_STYLE_ASSIGNMENT((#11590));
#11590 = SURFACE_STYLE_USAGE(.BOTH.,#11591);
#11591 = SURFACE_SIDE_STYLE('',(#11592));
#11592 = SURFACE_STYLE_FILL_AREA(#11593);
#11593 = FILL_AREA_STYLE('',(#11594));
#11594 = FILL_AREA_STYLE_COLOUR('',#9574);
#11595 = STYLED_ITEM('color',(#11596),#3325);
#11596 = PRESENTATION_STYLE_ASSIGNMENT((#11597));
#11597 = SURFACE_STYLE_USAGE(.BOTH.,#11598);
#11598 = SURFACE_SIDE_STYLE('',(#11599));
#11599 = SURFACE_STYLE_FILL_AREA(#11600);
#11600 = FILL_AREA_STYLE('',(#11601));
#11601 = FILL_AREA_STYLE_COLOUR('',#9574);
#11602 = STYLED_ITEM('color',(#11603),#3342);
#11603 = PRESENTATION_STYLE_ASSIGNMENT((#11604));
#11604 = SURFACE_STYLE_USAGE(.BOTH.,#11605);
#11605 = SURFACE_SIDE_STYLE('',(#11606));
#11606 = SURFACE_STYLE_FILL_AREA(#11607);
#11607 = FILL_AREA_STYLE('',(#11608));
#11608 = FILL_AREA_STYLE_COLOUR('',#9574);
#11609 = STYLED_ITEM('color',(#11610),#3428);
#11610 = PRESENTATION_STYLE_ASSIGNMENT((#11611));
#11611 = SURFACE_STYLE_USAGE(.BOTH.,#11612);
#11612 = SURFACE_SIDE_STYLE('',(#11613));
#11613 = SURFACE_STYLE_FILL_AREA(#11614);
#11614 = FILL_AREA_STYLE('',(#11615));
#11615 = FILL_AREA_STYLE_COLOUR('',#11616);
#11616 = COLOUR_RGB('',0.272999999305,0.272999999305,0.272999999305);
#11617 = STYLED_ITEM('color',(#11618),#3460);
#11618 = PRESENTATION_STYLE_ASSIGNMENT((#11619));
#11619 = SURFACE_STYLE_USAGE(.BOTH.,#11620);
#11620 = SURFACE_SIDE_STYLE('',(#11621));
#11621 = SURFACE_STYLE_FILL_AREA(#11622);
#11622 = FILL_AREA_STYLE('',(#11623));
#11623 = FILL_AREA_STYLE_COLOUR('',#11616);
#11624 = STYLED_ITEM('color',(#11625),#3484);
#11625 = PRESENTATION_STYLE_ASSIGNMENT((#11626));
#11626 = SURFACE_STYLE_USAGE(.BOTH.,#11627);
#11627 = SURFACE_SIDE_STYLE('',(#11628));
#11628 = SURFACE_STYLE_FILL_AREA(#11629);
#11629 = FILL_AREA_STYLE('',(#11630));
#11630 = FILL_AREA_STYLE_COLOUR('',#11616);
#11631 = STYLED_ITEM('color',(#11632),#3509);
#11632 = PRESENTATION_STYLE_ASSIGNMENT((#11633));
#11633 = SURFACE_STYLE_USAGE(.BOTH.,#11634);
#11634 = SURFACE_SIDE_STYLE('',(#11635));
#11635 = SURFACE_STYLE_FILL_AREA(#11636);
#11636 = FILL_AREA_STYLE('',(#11637));
#11637 = FILL_AREA_STYLE_COLOUR('',#11616);
#11638 = STYLED_ITEM('color',(#11639),#3533);
#11639 = PRESENTATION_STYLE_ASSIGNMENT((#11640));
#11640 = SURFACE_STYLE_USAGE(.BOTH.,#11641);
#11641 = SURFACE_SIDE_STYLE('',(#11642));
#11642 = SURFACE_STYLE_FILL_AREA(#11643);
#11643 = FILL_AREA_STYLE('',(#11644));
#11644 = FILL_AREA_STYLE_COLOUR('',#11616);
#11645 = STYLED_ITEM('color',(#11646),#3558);
#11646 = PRESENTATION_STYLE_ASSIGNMENT((#11647));
#11647 = SURFACE_STYLE_USAGE(.BOTH.,#11648);
#11648 = SURFACE_SIDE_STYLE('',(#11649));
#11649 = SURFACE_STYLE_FILL_AREA(#11650);
#11650 = FILL_AREA_STYLE('',(#11651));
#11651 = FILL_AREA_STYLE_COLOUR('',#11616);
#11652 = STYLED_ITEM('color',(#11653),#3582);
#11653 = PRESENTATION_STYLE_ASSIGNMENT((#11654));
#11654 = SURFACE_STYLE_USAGE(.BOTH.,#11655);
#11655 = SURFACE_SIDE_STYLE('',(#11656));
#11656 = SURFACE_STYLE_FILL_AREA(#11657);
#11657 = FILL_AREA_STYLE('',(#11658));
#11658 = FILL_AREA_STYLE_COLOUR('',#11616);
#11659 = STYLED_ITEM('color',(#11660),#3607);
#11660 = PRESENTATION_STYLE_ASSIGNMENT((#11661));
#11661 = SURFACE_STYLE_USAGE(.BOTH.,#11662);
#11662 = SURFACE_SIDE_STYLE('',(#11663));
#11663 = SURFACE_STYLE_FILL_AREA(#11664);
#11664 = FILL_AREA_STYLE('',(#11665));
#11665 = FILL_AREA_STYLE_COLOUR('',#11616);
#11666 = STYLED_ITEM('color',(#11667),#3624);
#11667 = PRESENTATION_STYLE_ASSIGNMENT((#11668));
#11668 = SURFACE_STYLE_USAGE(.BOTH.,#11669);
#11669 = SURFACE_SIDE_STYLE('',(#11670));
#11670 = SURFACE_STYLE_FILL_AREA(#11671);
#11671 = FILL_AREA_STYLE('',(#11672));
#11672 = FILL_AREA_STYLE_COLOUR('',#9574);
#11673 = STYLED_ITEM('color',(#11674),#3710);
#11674 = PRESENTATION_STYLE_ASSIGNMENT((#11675));
#11675 = SURFACE_STYLE_USAGE(.BOTH.,#11676);
#11676 = SURFACE_SIDE_STYLE('',(#11677));
#11677 = SURFACE_STYLE_FILL_AREA(#11678);
#11678 = FILL_AREA_STYLE('',(#11679));
#11679 = FILL_AREA_STYLE_COLOUR('',#9574);
#11680 = STYLED_ITEM('color',(#11681),#3741);
#11681 = PRESENTATION_STYLE_ASSIGNMENT((#11682));
#11682 = SURFACE_STYLE_USAGE(.BOTH.,#11683);
#11683 = SURFACE_SIDE_STYLE('',(#11684));
#11684 = SURFACE_STYLE_FILL_AREA(#11685);
#11685 = FILL_AREA_STYLE('',(#11686));
#11686 = FILL_AREA_STYLE_COLOUR('',#9574);
#11687 = STYLED_ITEM('color',(#11688),#3766);
#11688 = PRESENTATION_STYLE_ASSIGNMENT((#11689));
#11689 = SURFACE_STYLE_USAGE(.BOTH.,#11690);
#11690 = SURFACE_SIDE_STYLE('',(#11691));
#11691 = SURFACE_STYLE_FILL_AREA(#11692);
#11692 = FILL_AREA_STYLE('',(#11693));
#11693 = FILL_AREA_STYLE_COLOUR('',#9574);
#11694 = STYLED_ITEM('color',(#11695),#3791);
#11695 = PRESENTATION_STYLE_ASSIGNMENT((#11696));
#11696 = SURFACE_STYLE_USAGE(.BOTH.,#11697);
#11697 = SURFACE_SIDE_STYLE('',(#11698));
#11698 = SURFACE_STYLE_FILL_AREA(#11699);
#11699 = FILL_AREA_STYLE('',(#11700));
#11700 = FILL_AREA_STYLE_COLOUR('',#9574);
#11701 = STYLED_ITEM('color',(#11702),#3815);
#11702 = PRESENTATION_STYLE_ASSIGNMENT((#11703));
#11703 = SURFACE_STYLE_USAGE(.BOTH.,#11704);
#11704 = SURFACE_SIDE_STYLE('',(#11705));
#11705 = SURFACE_STYLE_FILL_AREA(#11706);
#11706 = FILL_AREA_STYLE('',(#11707));
#11707 = FILL_AREA_STYLE_COLOUR('',#9574);
#11708 = STYLED_ITEM('color',(#11709),#3839);
#11709 = PRESENTATION_STYLE_ASSIGNMENT((#11710));
#11710 = SURFACE_STYLE_USAGE(.BOTH.,#11711);
#11711 = SURFACE_SIDE_STYLE('',(#11712));
#11712 = SURFACE_STYLE_FILL_AREA(#11713);
#11713 = FILL_AREA_STYLE('',(#11714));
#11714 = FILL_AREA_STYLE_COLOUR('',#9574);
#11715 = STYLED_ITEM('color',(#11716),#3864);
#11716 = PRESENTATION_STYLE_ASSIGNMENT((#11717));
#11717 = SURFACE_STYLE_USAGE(.BOTH.,#11718);
#11718 = SURFACE_SIDE_STYLE('',(#11719));
#11719 = SURFACE_STYLE_FILL_AREA(#11720);
#11720 = FILL_AREA_STYLE('',(#11721));
#11721 = FILL_AREA_STYLE_COLOUR('',#9574);
#11722 = STYLED_ITEM('color',(#11723),#3889);
#11723 = PRESENTATION_STYLE_ASSIGNMENT((#11724));
#11724 = SURFACE_STYLE_USAGE(.BOTH.,#11725);
#11725 = SURFACE_SIDE_STYLE('',(#11726));
#11726 = SURFACE_STYLE_FILL_AREA(#11727);
#11727 = FILL_AREA_STYLE('',(#11728));
#11728 = FILL_AREA_STYLE_COLOUR('',#9574);
#11729 = STYLED_ITEM('color',(#11730),#3906);
#11730 = PRESENTATION_STYLE_ASSIGNMENT((#11731));
#11731 = SURFACE_STYLE_USAGE(.BOTH.,#11732);
#11732 = SURFACE_SIDE_STYLE('',(#11733));
#11733 = SURFACE_STYLE_FILL_AREA(#11734);
#11734 = FILL_AREA_STYLE('',(#11735));
#11735 = FILL_AREA_STYLE_COLOUR('',#9574);
ENDSEC;
END-ISO-10303-21;
