solid 
 facet normal  1.119643e-01  9.937122e-01  0.000000e+00
   outer loop
     vertex  3.166756e+01 -7.521617e-02  0.000000e+00
     vertex  3.100000e+01  0.000000e+00  0.000000e+00
     vertex  3.100000e+01  0.000000e+00  1.510000e+00
   endloop
 endfacet
 facet normal  1.119643e-01  9.937122e-01 -0.000000e+00
   outer loop
     vertex  3.166756e+01 -7.521617e-02  0.000000e+00
     vertex  3.100000e+01  0.000000e+00  1.510000e+00
     vertex  3.166756e+01 -7.521617e-02  1.510000e+00
   endloop
 endfacet
 facet normal  3.302790e-01  9.438834e-01 -0.000000e+00
   outer loop
     vertex  3.230165e+01 -2.970932e-01  0.000000e+00
     vertex  3.166756e+01 -7.521617e-02  1.510000e+00
     vertex  3.230165e+01 -2.970932e-01  1.510000e+00
   endloop
 endfacet
 facet normal  3.302790e-01  9.438834e-01  0.000000e+00
   outer loop
     vertex  3.230165e+01 -2.970932e-01  0.000000e+00
     vertex  3.166756e+01 -7.521617e-02  0.000000e+00
     vertex  3.166756e+01 -7.521617e-02  1.510000e+00
   endloop
 endfacet
 facet normal  5.320320e-01  8.467242e-01 -0.000000e+00
   outer loop
     vertex  3.287047e+01 -6.545054e-01  0.000000e+00
     vertex  3.230165e+01 -2.970932e-01  1.510000e+00
     vertex  3.287047e+01 -6.545054e-01  1.510000e+00
   endloop
 endfacet
 facet normal  5.320320e-01  8.467242e-01  0.000000e+00
   outer loop
     vertex  3.287047e+01 -6.545054e-01  0.000000e+00
     vertex  3.230165e+01 -2.970932e-01  0.000000e+00
     vertex  3.230165e+01 -2.970932e-01  1.510000e+00
   endloop
 endfacet
 facet normal  7.071068e-01  7.071068e-01 -0.000000e+00
   outer loop
     vertex  3.334549e+01 -1.129530e+00  0.000000e+00
     vertex  3.287047e+01 -6.545054e-01  1.510000e+00
     vertex  3.334549e+01 -1.129530e+00  1.510000e+00
   endloop
 endfacet
 facet normal  7.071068e-01  7.071068e-01  0.000000e+00
   outer loop
     vertex  3.334549e+01 -1.129530e+00  0.000000e+00
     vertex  3.287047e+01 -6.545054e-01  0.000000e+00
     vertex  3.287047e+01 -6.545054e-01  1.510000e+00
   endloop
 endfacet
 facet normal  8.467242e-01  5.320320e-01 -0.000000e+00
   outer loop
     vertex  3.370291e+01 -1.698349e+00  0.000000e+00
     vertex  3.334549e+01 -1.129530e+00  1.510000e+00
     vertex  3.370291e+01 -1.698349e+00  1.510000e+00
   endloop
 endfacet
 facet normal  8.467242e-01  5.320320e-01  0.000000e+00
   outer loop
     vertex  3.370291e+01 -1.698349e+00  0.000000e+00
     vertex  3.334549e+01 -1.129530e+00  0.000000e+00
     vertex  3.334549e+01 -1.129530e+00  1.510000e+00
   endloop
 endfacet
 facet normal  9.438834e-01  3.302790e-01 -0.000000e+00
   outer loop
     vertex  3.392478e+01 -2.332437e+00  0.000000e+00
     vertex  3.370291e+01 -1.698349e+00  1.510000e+00
     vertex  3.392478e+01 -2.332437e+00  1.510000e+00
   endloop
 endfacet
 facet normal  9.438834e-01  3.302790e-01  0.000000e+00
   outer loop
     vertex  3.392478e+01 -2.332437e+00  0.000000e+00
     vertex  3.370291e+01 -1.698349e+00  0.000000e+00
     vertex  3.370291e+01 -1.698349e+00  1.510000e+00
   endloop
 endfacet
 facet normal  9.937122e-01  1.119643e-01 -0.000000e+00
   outer loop
     vertex  3.400000e+01 -3.000000e+00  0.000000e+00
     vertex  3.392478e+01 -2.332437e+00  1.510000e+00
     vertex  3.400000e+01 -3.000000e+00  1.510000e+00
   endloop
 endfacet
 facet normal  9.937122e-01  1.119643e-01  0.000000e+00
   outer loop
     vertex  3.400000e+01 -3.000000e+00  0.000000e+00
     vertex  3.392478e+01 -2.332437e+00  0.000000e+00
     vertex  3.392478e+01 -2.332437e+00  1.510000e+00
   endloop
 endfacet
 facet normal  7.930164e-18  1.000000e+00  0.000000e+00
   outer loop
     vertex  3.100000e+01  0.000000e+00  0.000000e+00
     vertex  3.000000e+00  2.220446e-16  0.000000e+00
     vertex  3.000000e+00  2.220446e-16  1.510000e+00
   endloop
 endfacet
 facet normal  7.930164e-18  1.000000e+00 -0.000000e+00
   outer loop
     vertex  3.100000e+01  0.000000e+00  0.000000e+00
     vertex  3.000000e+00  2.220446e-16  1.510000e+00
     vertex  3.100000e+01  0.000000e+00  1.510000e+00
   endloop
 endfacet
 facet normal  1.000000e+00  0.000000e+00  0.000000e+00
   outer loop
     vertex  3.400000e+01 -2.600000e+01  0.000000e+00
     vertex  3.400000e+01 -3.000000e+00  0.000000e+00
     vertex  3.400000e+01 -3.000000e+00  1.510000e+00
   endloop
 endfacet
 facet normal  1.000000e+00  0.000000e+00  0.000000e+00
   outer loop
     vertex  3.400000e+01 -2.600000e+01  0.000000e+00
     vertex  3.400000e+01 -3.000000e+00  1.510000e+00
     vertex  3.400000e+01 -2.600000e+01  1.510000e+00
   endloop
 endfacet
 facet normal  0.000000e+00  0.000000e+00 -1.000000e+00
   outer loop
     vertex  2.222183e+00 -2.677782e+01  0.000000e+00
     vertex  1.129530e+00 -2.834549e+01  0.000000e+00
     vertex  6.545054e-01 -2.787047e+01  0.000000e+00
   endloop
 endfacet
 facet normal  0.000000e+00  0.000000e+00 -1.000000e+00
   outer loop
     vertex  2.450000e+00 -2.695263e+01  0.000000e+00
     vertex  1.698349e+00 -2.870291e+01  0.000000e+00
     vertex  1.129530e+00 -2.834549e+01  0.000000e+00
   endloop
 endfacet
 facet normal -0.000000e+00  0.000000e+00 -1.000000e+00
   outer loop
     vertex  2.450000e+00 -2.695263e+01  0.000000e+00
     vertex  1.129530e+00 -2.834549e+01  0.000000e+00
     vertex  2.222183e+00 -2.677782e+01  0.000000e+00
   endloop
 endfacet
 facet normal  0.000000e+00  0.000000e+00 -1.000000e+00
   outer loop
     vertex  2.047372e+00 -2.655000e+01  0.000000e+00
     vertex  6.545054e-01 -2.787047e+01  0.000000e+00
     vertex  2.970932e-01 -2.730165e+01  0.000000e+00
   endloop
 endfacet
 facet normal  0.000000e+00 -0.000000e+00 -1.000000e+00
   outer loop
     vertex  2.047372e+00 -2.655000e+01  0.000000e+00
     vertex  2.222183e+00 -2.677782e+01  0.000000e+00
     vertex  6.545054e-01 -2.787047e+01  0.000000e+00
   endloop
 endfacet
 facet normal  0.000000e+00  0.000000e+00 -1.000000e+00
   outer loop
     vertex  1.937482e+00 -2.628470e+01  0.000000e+00
     vertex  2.970932e-01 -2.730165e+01  0.000000e+00
     vertex  7.521617e-02 -2.666756e+01  0.000000e+00
   endloop
 endfacet
 facet normal  0.000000e+00 -0.000000e+00 -1.000000e+00
   outer loop
     vertex  1.937482e+00 -2.628470e+01  0.000000e+00
     vertex  2.047372e+00 -2.655000e+01  0.000000e+00
     vertex  2.970932e-01 -2.730165e+01  0.000000e+00
   endloop
 endfacet
 facet normal  0.000000e+00  0.000000e+00 -1.000000e+00
   outer loop
     vertex  2.715299e+00 -2.706252e+01  0.000000e+00
     vertex  2.332437e+00 -2.892478e+01  0.000000e+00
     vertex  1.698349e+00 -2.870291e+01  0.000000e+00
   endloop
 endfacet
 facet normal -0.000000e+00  0.000000e+00 -1.000000e+00
   outer loop
     vertex  2.715299e+00 -2.706252e+01  0.000000e+00
     vertex  1.698349e+00 -2.870291e+01  0.000000e+00
     vertex  2.450000e+00 -2.695263e+01  0.000000e+00
   endloop
 endfacet
 facet normal -0.000000e+00  0.000000e+00 -1.000000e+00
   outer loop
     vertex  3.000000e+00 -2.710000e+01  0.000000e+00
     vertex  2.332437e+00 -2.892478e+01  0.000000e+00
     vertex  2.715299e+00 -2.706252e+01  0.000000e+00
   endloop
 endfacet
 facet normal  0.000000e+00 -0.000000e+00 -1.000000e+00
   outer loop
     vertex  3.000000e+00 -2.710000e+01  0.000000e+00
     vertex  3.000000e+00 -2.900000e+01  0.000000e+00
     vertex  2.332437e+00 -2.892478e+01  0.000000e+00
   endloop
 endfacet
 facet normal  0.000000e+00 -0.000000e+00 -1.000000e+00
   outer loop
     vertex  1.900000e+00 -2.600000e+01  0.000000e+00
     vertex  1.937482e+00 -2.628470e+01  0.000000e+00
     vertex  7.521617e-02 -2.666756e+01  0.000000e+00
   endloop
 endfacet
 facet normal -0.000000e+00  0.000000e+00 -1.000000e+00
   outer loop
     vertex  1.900000e+00 -2.600000e+01  0.000000e+00
     vertex  7.521617e-02 -2.666756e+01  0.000000e+00
     vertex -8.881784e-16 -2.600000e+01  0.000000e+00
   endloop
 endfacet
 facet normal  0.000000e+00  0.000000e+00 -1.000000e+00
   outer loop
     vertex  1.937482e+00 -2.571530e+01  0.000000e+00
     vertex  1.900000e+00 -2.600000e+01  0.000000e+00
     vertex -8.881784e-16 -2.600000e+01  0.000000e+00
   endloop
 endfacet
 facet normal  0.000000e+00  0.000000e+00 -1.000000e+00
   outer loop
     vertex  3.284701e+00 -2.706252e+01  0.000000e+00
     vertex  3.000000e+00 -2.900000e+01  0.000000e+00
     vertex  3.000000e+00 -2.710000e+01  0.000000e+00
   endloop
 endfacet
 facet normal  0.000000e+00  0.000000e+00 -1.000000e+00
   outer loop
     vertex  2.047372e+00 -2.545000e+01  0.000000e+00
     vertex  1.937482e+00 -2.571530e+01  0.000000e+00
     vertex -8.881784e-16 -2.600000e+01  0.000000e+00
   endloop
 endfacet
 facet normal  0.000000e+00  0.000000e+00 -1.000000e+00
   outer loop
     vertex  3.550000e+00 -2.695263e+01  0.000000e+00
     vertex  3.000000e+00 -2.900000e+01  0.000000e+00
     vertex  3.284701e+00 -2.706252e+01  0.000000e+00
   endloop
 endfacet
 facet normal  0.000000e+00  0.000000e+00 -1.000000e+00
   outer loop
     vertex  2.222183e+00 -2.522218e+01  0.000000e+00
     vertex  2.047372e+00 -2.545000e+01  0.000000e+00
     vertex -8.881784e-16 -2.600000e+01  0.000000e+00
   endloop
 endfacet
 facet normal  0.000000e+00  0.000000e+00 -1.000000e+00
   outer loop
     vertex  3.777817e+00 -2.677782e+01  0.000000e+00
     vertex  3.000000e+00 -2.900000e+01  0.000000e+00
     vertex  3.550000e+00 -2.695263e+01  0.000000e+00
   endloop
 endfacet
 facet normal  0.000000e+00  0.000000e+00 -1.000000e+00
   outer loop
     vertex  3.952628e+00 -2.655000e+01  0.000000e+00
     vertex  3.000000e+00 -2.900000e+01  0.000000e+00
     vertex  3.777817e+00 -2.677782e+01  0.000000e+00
   endloop
 endfacet
 facet normal  0.000000e+00  0.000000e+00 -1.000000e+00
   outer loop
     vertex  2.450000e+00 -2.504737e+01  0.000000e+00
     vertex  2.222183e+00 -2.522218e+01  0.000000e+00
     vertex -8.881784e-16 -2.600000e+01  0.000000e+00
   endloop
 endfacet
 facet normal -0.000000e+00  0.000000e+00 -1.000000e+00
   outer loop
     vertex  2.450000e+00 -3.952628e+00  0.000000e+00
     vertex -8.881784e-16 -2.600000e+01  0.000000e+00
     vertex  2.220446e-16 -3.000000e+00  0.000000e+00
   endloop
 endfacet
 facet normal  0.000000e+00 -0.000000e+00 -1.000000e+00
   outer loop
     vertex  2.450000e+00 -3.952628e+00  0.000000e+00
     vertex  2.450000e+00 -2.504737e+01  0.000000e+00
     vertex -8.881784e-16 -2.600000e+01  0.000000e+00
   endloop
 endfacet
 facet normal  0.000000e+00  0.000000e+00 -1.000000e+00
   outer loop
     vertex  2.450000e+00 -3.952628e+00  0.000000e+00
     vertex  2.220446e-16 -3.000000e+00  0.000000e+00
     vertex  2.222183e+00 -3.777817e+00  0.000000e+00
   endloop
 endfacet
 facet normal -0.000000e+00 -0.000000e+00 -1.000000e+00
   outer loop
     vertex  2.047372e+00 -3.550000e+00  0.000000e+00
     vertex  2.222183e+00 -3.777817e+00  0.000000e+00
     vertex  2.220446e-16 -3.000000e+00  0.000000e+00
   endloop
 endfacet
 facet normal  0.000000e+00 -0.000000e+00 -1.000000e+00
   outer loop
     vertex  2.715299e+00 -4.062518e+00  0.000000e+00
     vertex  2.715299e+00 -2.493748e+01  0.000000e+00
     vertex  2.450000e+00 -2.504737e+01  0.000000e+00
   endloop
 endfacet
 facet normal -0.000000e+00  0.000000e+00 -1.000000e+00
   outer loop
     vertex  2.715299e+00 -4.062518e+00  0.000000e+00
     vertex  2.450000e+00 -2.504737e+01  0.000000e+00
     vertex  2.450000e+00 -3.952628e+00  0.000000e+00
   endloop
 endfacet
 facet normal -0.000000e+00 -0.000000e+00 -1.000000e+00
   outer loop
     vertex  1.937482e+00 -3.284701e+00  0.000000e+00
     vertex  2.047372e+00 -3.550000e+00  0.000000e+00
     vertex  2.220446e-16 -3.000000e+00  0.000000e+00
   endloop
 endfacet
 facet normal  0.000000e+00  0.000000e+00 -1.000000e+00
   outer loop
     vertex  1.900000e+00 -3.000000e+00  0.000000e+00
     vertex  2.220446e-16 -3.000000e+00  0.000000e+00
     vertex  7.521585e-02 -2.332437e+00  0.000000e+00
   endloop
 endfacet
 facet normal -0.000000e+00 -0.000000e+00 -1.000000e+00
   outer loop
     vertex  1.900000e+00 -3.000000e+00  0.000000e+00
     vertex  1.937482e+00 -3.284701e+00  0.000000e+00
     vertex  2.220446e-16 -3.000000e+00  0.000000e+00
   endloop
 endfacet
 facet normal -0.000000e+00  0.000000e+00 -1.000000e+00
   outer loop
     vertex  3.000000e+00 -4.100000e+00  0.000000e+00
     vertex  2.715299e+00 -2.493748e+01  0.000000e+00
     vertex  2.715299e+00 -4.062518e+00  0.000000e+00
   endloop
 endfacet
 facet normal  0.000000e+00 -0.000000e+00 -1.000000e+00
   outer loop
     vertex  3.000000e+00 -4.100000e+00  0.000000e+00
     vertex  3.000000e+00 -2.490000e+01  0.000000e+00
     vertex  2.715299e+00 -2.493748e+01  0.000000e+00
   endloop
 endfacet
 facet normal  0.000000e+00  0.000000e+00 -1.000000e+00
   outer loop
     vertex  1.937482e+00 -2.715299e+00  0.000000e+00
     vertex  7.521585e-02 -2.332437e+00  0.000000e+00
     vertex  2.970928e-01 -1.698348e+00  0.000000e+00
   endloop
 endfacet
 facet normal -0.000000e+00  0.000000e+00 -1.000000e+00
   outer loop
     vertex  1.937482e+00 -2.715299e+00  0.000000e+00
     vertex  1.900000e+00 -3.000000e+00  0.000000e+00
     vertex  7.521585e-02 -2.332437e+00  0.000000e+00
   endloop
 endfacet
 facet normal  0.000000e+00  0.000000e+00 -1.000000e+00
   outer loop
     vertex  3.284701e+00 -4.062518e+00  0.000000e+00
     vertex  3.000000e+00 -2.490000e+01  0.000000e+00
     vertex  3.000000e+00 -4.100000e+00  0.000000e+00
   endloop
 endfacet
 facet normal  0.000000e+00  0.000000e+00 -1.000000e+00
   outer loop
     vertex  3.284701e+00 -4.062518e+00  0.000000e+00
     vertex  3.284701e+00 -2.493748e+01  0.000000e+00
     vertex  3.000000e+00 -2.490000e+01  0.000000e+00
   endloop
 endfacet
 facet normal  0.000000e+00 -0.000000e+00 -1.000000e+00
   outer loop
     vertex  3.284701e+00 -4.062518e+00  0.000000e+00
     vertex  3.550000e+00 -2.504737e+01  0.000000e+00
     vertex  3.284701e+00 -2.493748e+01  0.000000e+00
   endloop
 endfacet
 facet normal  0.000000e+00  0.000000e+00 -1.000000e+00
   outer loop
     vertex  2.047372e+00 -2.450000e+00  0.000000e+00
     vertex  2.970928e-01 -1.698348e+00  0.000000e+00
     vertex  6.545049e-01 -1.129530e+00  0.000000e+00
   endloop
 endfacet
 facet normal -0.000000e+00  0.000000e+00 -1.000000e+00
   outer loop
     vertex  2.047372e+00 -2.450000e+00  0.000000e+00
     vertex  1.937482e+00 -2.715299e+00  0.000000e+00
     vertex  2.970928e-01 -1.698348e+00  0.000000e+00
   endloop
 endfacet
 facet normal  0.000000e+00  0.000000e+00 -1.000000e+00
   outer loop
     vertex  3.550000e+00 -3.952628e+00  0.000000e+00
     vertex  3.550000e+00 -2.504737e+01  0.000000e+00
     vertex  3.284701e+00 -4.062518e+00  0.000000e+00
   endloop
 endfacet
 facet normal -0.000000e+00  0.000000e+00 -1.000000e+00
   outer loop
     vertex  2.222183e+00 -2.222183e+00  0.000000e+00
     vertex  2.047372e+00 -2.450000e+00  0.000000e+00
     vertex  6.545049e-01 -1.129530e+00  0.000000e+00
   endloop
 endfacet
 facet normal  0.000000e+00 -0.000000e+00 -1.000000e+00
   outer loop
     vertex  1.129530e+00 -6.545049e-01  0.000000e+00
     vertex  2.222183e+00 -2.222183e+00  0.000000e+00
     vertex  6.545049e-01 -1.129530e+00  0.000000e+00
   endloop
 endfacet
 facet normal  0.000000e+00  0.000000e+00 -1.000000e+00
   outer loop
     vertex  1.129530e+00 -6.545049e-01  0.000000e+00
     vertex  2.450000e+00 -2.047372e+00  0.000000e+00
     vertex  2.222183e+00 -2.222183e+00  0.000000e+00
   endloop
 endfacet
 facet normal  0.000000e+00 -0.000000e+00 -1.000000e+00
   outer loop
     vertex  1.698348e+00 -2.970928e-01  0.000000e+00
     vertex  2.450000e+00 -2.047372e+00  0.000000e+00
     vertex  1.129530e+00 -6.545049e-01  0.000000e+00
   endloop
 endfacet
 facet normal  0.000000e+00  0.000000e+00 -1.000000e+00
   outer loop
     vertex  1.698348e+00 -2.970928e-01  0.000000e+00
     vertex  2.715299e+00 -1.937482e+00  0.000000e+00
     vertex  2.450000e+00 -2.047372e+00  0.000000e+00
   endloop
 endfacet
 facet normal  0.000000e+00 -0.000000e+00 -1.000000e+00
   outer loop
     vertex  2.332437e+00 -7.521585e-02  0.000000e+00
     vertex  2.715299e+00 -1.937482e+00  0.000000e+00
     vertex  1.698348e+00 -2.970928e-01  0.000000e+00
   endloop
 endfacet
 facet normal  0.000000e+00  0.000000e+00 -1.000000e+00
   outer loop
     vertex  2.332437e+00 -7.521585e-02  0.000000e+00
     vertex  3.000000e+00 -1.900000e+00  0.000000e+00
     vertex  2.715299e+00 -1.937482e+00  0.000000e+00
   endloop
 endfacet
 facet normal  0.000000e+00  0.000000e+00 -1.000000e+00
   outer loop
     vertex  3.000000e+00  2.220446e-16  0.000000e+00
     vertex  3.284701e+00 -1.937482e+00  0.000000e+00
     vertex  3.000000e+00 -1.900000e+00  0.000000e+00
   endloop
 endfacet
 facet normal  0.000000e+00  0.000000e+00 -1.000000e+00
   outer loop
     vertex  3.000000e+00  2.220446e-16  0.000000e+00
     vertex  3.550000e+00 -2.047372e+00  0.000000e+00
     vertex  3.284701e+00 -1.937482e+00  0.000000e+00
   endloop
 endfacet
 facet normal  0.000000e+00  0.000000e+00 -1.000000e+00
   outer loop
     vertex  3.000000e+00  2.220446e-16  0.000000e+00
     vertex  3.777817e+00 -2.222183e+00  0.000000e+00
     vertex  3.550000e+00 -2.047372e+00  0.000000e+00
   endloop
 endfacet
 facet normal  0.000000e+00  0.000000e+00 -1.000000e+00
   outer loop
     vertex  3.000000e+00  2.220446e-16  0.000000e+00
     vertex  3.952628e+00 -2.450000e+00  0.000000e+00
     vertex  3.777817e+00 -2.222183e+00  0.000000e+00
   endloop
 endfacet
 facet normal  0.000000e+00 -0.000000e+00 -1.000000e+00
   outer loop
     vertex  3.000000e+00  2.220446e-16  0.000000e+00
     vertex  3.000000e+00 -1.900000e+00  0.000000e+00
     vertex  2.332437e+00 -7.521585e-02  0.000000e+00
   endloop
 endfacet
 facet normal -0.000000e+00 -0.000000e+00 -1.000000e+00
   outer loop
     vertex  3.045000e+01 -2.695263e+01  0.000000e+00
     vertex  3.100000e+01 -2.900000e+01  0.000000e+00
     vertex  3.022218e+01 -2.677782e+01  0.000000e+00
   endloop
 endfacet
 facet normal -0.000000e+00  0.000000e+00 -1.000000e+00
   outer loop
     vertex  3.004737e+01 -2.655000e+01  0.000000e+00
     vertex  3.000000e+00 -2.900000e+01  0.000000e+00
     vertex  3.952628e+00 -2.655000e+01  0.000000e+00
   endloop
 endfacet
 facet normal  0.000000e+00 -0.000000e+00 -1.000000e+00
   outer loop
     vertex  3.004737e+01 -2.655000e+01  0.000000e+00
     vertex  3.100000e+01 -2.900000e+01  0.000000e+00
     vertex  3.000000e+00 -2.900000e+01  0.000000e+00
   endloop
 endfacet
 facet normal  0.000000e+00  0.000000e+00 -1.000000e+00
   outer loop
     vertex  3.004737e+01 -2.655000e+01  0.000000e+00
     vertex  3.022218e+01 -2.677782e+01  0.000000e+00
     vertex  3.100000e+01 -2.900000e+01  0.000000e+00
   endloop
 endfacet
 facet normal  0.000000e+00 -0.000000e+00 -1.000000e+00
   outer loop
     vertex  2.993748e+01 -2.628470e+01  0.000000e+00
     vertex  3.004737e+01 -2.655000e+01  0.000000e+00
     vertex  3.952628e+00 -2.655000e+01  0.000000e+00
   endloop
 endfacet
 facet normal -0.000000e+00  0.000000e+00 -1.000000e+00
   outer loop
     vertex  2.993748e+01 -2.628470e+01  0.000000e+00
     vertex  3.952628e+00 -2.655000e+01  0.000000e+00
     vertex  4.062518e+00 -2.628470e+01  0.000000e+00
   endloop
 endfacet
 facet normal -0.000000e+00 -0.000000e+00 -1.000000e+00
   outer loop
     vertex  3.071530e+01 -2.706252e+01  0.000000e+00
     vertex  3.100000e+01 -2.900000e+01  0.000000e+00
     vertex  3.045000e+01 -2.695263e+01  0.000000e+00
   endloop
 endfacet
 facet normal  0.000000e+00 -0.000000e+00 -1.000000e+00
   outer loop
     vertex  2.990000e+01 -2.600000e+01  0.000000e+00
     vertex  2.993748e+01 -2.628470e+01  0.000000e+00
     vertex  4.062518e+00 -2.628470e+01  0.000000e+00
   endloop
 endfacet
 facet normal -0.000000e+00  0.000000e+00 -1.000000e+00
   outer loop
     vertex  2.990000e+01 -2.600000e+01  0.000000e+00
     vertex  4.062518e+00 -2.628470e+01  0.000000e+00
     vertex  4.100000e+00 -2.600000e+01  0.000000e+00
   endloop
 endfacet
 facet normal -0.000000e+00 -0.000000e+00 -1.000000e+00
   outer loop
     vertex  3.100000e+01 -2.710000e+01  0.000000e+00
     vertex  3.100000e+01 -2.900000e+01  0.000000e+00
     vertex  3.071530e+01 -2.706252e+01  0.000000e+00
   endloop
 endfacet
 facet normal  0.000000e+00  0.000000e+00 -1.000000e+00
   outer loop
     vertex  3.100000e+01 -2.710000e+01  0.000000e+00
     vertex  3.177646e+01 -2.889778e+01  0.000000e+00
     vertex  3.100000e+01 -2.900000e+01  0.000000e+00
   endloop
 endfacet
 facet normal  0.000000e+00  0.000000e+00 -1.000000e+00
   outer loop
     vertex  2.993748e+01 -2.571530e+01  0.000000e+00
     vertex  2.990000e+01 -2.600000e+01  0.000000e+00
     vertex  4.100000e+00 -2.600000e+01  0.000000e+00
   endloop
 endfacet
 facet normal  0.000000e+00  0.000000e+00 -1.000000e+00
   outer loop
     vertex  2.993748e+01 -2.571530e+01  0.000000e+00
     vertex  4.062518e+00 -2.571530e+01  0.000000e+00
     vertex  3.952628e+00 -2.545000e+01  0.000000e+00
   endloop
 endfacet
 facet normal -0.000000e+00  0.000000e+00 -1.000000e+00
   outer loop
     vertex  2.993748e+01 -2.571530e+01  0.000000e+00
     vertex  4.100000e+00 -2.600000e+01  0.000000e+00
     vertex  4.062518e+00 -2.571530e+01  0.000000e+00
   endloop
 endfacet
 facet normal  0.000000e+00 -0.000000e+00 -1.000000e+00
   outer loop
     vertex  3.128470e+01 -2.706252e+01  0.000000e+00
     vertex  3.177646e+01 -2.889778e+01  0.000000e+00
     vertex  3.100000e+01 -2.710000e+01  0.000000e+00
   endloop
 endfacet
 facet normal  0.000000e+00  0.000000e+00 -1.000000e+00
   outer loop
     vertex  3.128470e+01 -2.706252e+01  0.000000e+00
     vertex  3.250000e+01 -2.859808e+01  0.000000e+00
     vertex  3.177646e+01 -2.889778e+01  0.000000e+00
   endloop
 endfacet
 facet normal -0.000000e+00  0.000000e+00 -1.000000e+00
   outer loop
     vertex  3.004737e+01 -2.545000e+01  0.000000e+00
     vertex  2.993748e+01 -2.571530e+01  0.000000e+00
     vertex  3.952628e+00 -2.545000e+01  0.000000e+00
   endloop
 endfacet
 facet normal  0.000000e+00 -0.000000e+00 -1.000000e+00
   outer loop
     vertex  3.155000e+01 -2.695263e+01  0.000000e+00
     vertex  3.250000e+01 -2.859808e+01  0.000000e+00
     vertex  3.128470e+01 -2.706252e+01  0.000000e+00
   endloop
 endfacet
 facet normal -0.000000e+00  0.000000e+00 -1.000000e+00
   outer loop
     vertex  3.312132e+01 -2.812132e+01  0.000000e+00
     vertex  3.250000e+01 -2.859808e+01  0.000000e+00
     vertex  3.155000e+01 -2.695263e+01  0.000000e+00
   endloop
 endfacet
 facet normal  0.000000e+00  0.000000e+00 -1.000000e+00
   outer loop
     vertex  3.312132e+01 -2.812132e+01  0.000000e+00
     vertex  3.155000e+01 -2.695263e+01  0.000000e+00
     vertex  3.177782e+01 -2.677782e+01  0.000000e+00
   endloop
 endfacet
 facet normal  0.000000e+00 -0.000000e+00 -1.000000e+00
   outer loop
     vertex  3.195263e+01 -2.655000e+01  0.000000e+00
     vertex  3.312132e+01 -2.812132e+01  0.000000e+00
     vertex  3.177782e+01 -2.677782e+01  0.000000e+00
   endloop
 endfacet
 facet normal -0.000000e+00  0.000000e+00 -1.000000e+00
   outer loop
     vertex  3.359808e+01 -2.750000e+01  0.000000e+00
     vertex  3.312132e+01 -2.812132e+01  0.000000e+00
     vertex  3.195263e+01 -2.655000e+01  0.000000e+00
   endloop
 endfacet
 facet normal  0.000000e+00  0.000000e+00 -1.000000e+00
   outer loop
     vertex  3.359808e+01 -2.750000e+01  0.000000e+00
     vertex  3.195263e+01 -2.655000e+01  0.000000e+00
     vertex  3.206252e+01 -2.628470e+01  0.000000e+00
   endloop
 endfacet
 facet normal -0.000000e+00  0.000000e+00 -1.000000e+00
   outer loop
     vertex  3.389778e+01 -2.677646e+01  0.000000e+00
     vertex  3.359808e+01 -2.750000e+01  0.000000e+00
     vertex  3.206252e+01 -2.628470e+01  0.000000e+00
   endloop
 endfacet
 facet normal  0.000000e+00  0.000000e+00 -1.000000e+00
   outer loop
     vertex  3.389778e+01 -2.677646e+01  0.000000e+00
     vertex  3.206252e+01 -2.628470e+01  0.000000e+00
     vertex  3.210000e+01 -2.600000e+01  0.000000e+00
   endloop
 endfacet
 facet normal -0.000000e+00  0.000000e+00 -1.000000e+00
   outer loop
     vertex  3.400000e+01 -2.600000e+01  0.000000e+00
     vertex  3.389778e+01 -2.677646e+01  0.000000e+00
     vertex  3.210000e+01 -2.600000e+01  0.000000e+00
   endloop
 endfacet
 facet normal  0.000000e+00  0.000000e+00 -1.000000e+00
   outer loop
     vertex  3.400000e+01 -2.600000e+01  0.000000e+00
     vertex  3.177782e+01 -2.522218e+01  0.000000e+00
     vertex  3.155000e+01 -2.504737e+01  0.000000e+00
   endloop
 endfacet
 facet normal  0.000000e+00  0.000000e+00 -1.000000e+00
   outer loop
     vertex  3.400000e+01 -2.600000e+01  0.000000e+00
     vertex  3.195263e+01 -2.545000e+01  0.000000e+00
     vertex  3.177782e+01 -2.522218e+01  0.000000e+00
   endloop
 endfacet
 facet normal  0.000000e+00  0.000000e+00 -1.000000e+00
   outer loop
     vertex  3.400000e+01 -2.600000e+01  0.000000e+00
     vertex  3.206252e+01 -2.571530e+01  0.000000e+00
     vertex  3.195263e+01 -2.545000e+01  0.000000e+00
   endloop
 endfacet
 facet normal  0.000000e+00  0.000000e+00 -1.000000e+00
   outer loop
     vertex  3.400000e+01 -2.600000e+01  0.000000e+00
     vertex  3.210000e+01 -2.600000e+01  0.000000e+00
     vertex  3.206252e+01 -2.571530e+01  0.000000e+00
   endloop
 endfacet
 facet normal -0.000000e+00  0.000000e+00 -1.000000e+00
   outer loop
     vertex  1.814645e+01 -3.553553e+00  0.000000e+00
     vertex  3.777817e+00 -3.777817e+00  0.000000e+00
     vertex  3.952628e+00 -3.550000e+00  0.000000e+00
   endloop
 endfacet
 facet normal  0.000000e+00  0.000000e+00 -1.000000e+00
   outer loop
     vertex  1.825000e+01 -3.633013e+00  0.000000e+00
     vertex  3.550000e+00 -3.952628e+00  0.000000e+00
     vertex  3.777817e+00 -3.777817e+00  0.000000e+00
   endloop
 endfacet
 facet normal  0.000000e+00  0.000000e+00 -1.000000e+00
   outer loop
     vertex  1.825000e+01 -3.633013e+00  0.000000e+00
     vertex  3.550000e+00 -2.504737e+01  0.000000e+00
     vertex  3.550000e+00 -3.952628e+00  0.000000e+00
   endloop
 endfacet
 facet normal  0.000000e+00  0.000000e+00 -1.000000e+00
   outer loop
     vertex  1.825000e+01 -3.633013e+00  0.000000e+00
     vertex  3.777817e+00 -2.522218e+01  0.000000e+00
     vertex  3.550000e+00 -2.504737e+01  0.000000e+00
   endloop
 endfacet
 facet normal -0.000000e+00  0.000000e+00 -1.000000e+00
   outer loop
     vertex  1.825000e+01 -3.633013e+00  0.000000e+00
     vertex  3.777817e+00 -3.777817e+00  0.000000e+00
     vertex  1.814645e+01 -3.553553e+00  0.000000e+00
   endloop
 endfacet
 facet normal  0.000000e+00 -0.000000e+00 -1.000000e+00
   outer loop
     vertex  1.806699e+01 -3.450000e+00  0.000000e+00
     vertex  1.814645e+01 -3.553553e+00  0.000000e+00
     vertex  3.952628e+00 -3.550000e+00  0.000000e+00
   endloop
 endfacet
 facet normal -0.000000e+00  0.000000e+00 -1.000000e+00
   outer loop
     vertex  1.806699e+01 -3.450000e+00  0.000000e+00
     vertex  3.952628e+00 -3.550000e+00  0.000000e+00
     vertex  4.062518e+00 -3.284701e+00  0.000000e+00
   endloop
 endfacet
 facet normal -0.000000e+00  0.000000e+00 -1.000000e+00
   outer loop
     vertex  1.837059e+01 -3.682963e+00  0.000000e+00
     vertex  3.777817e+00 -2.522218e+01  0.000000e+00
     vertex  1.825000e+01 -3.633013e+00  0.000000e+00
   endloop
 endfacet
 facet normal  0.000000e+00  0.000000e+00 -1.000000e+00
   outer loop
     vertex  1.837059e+01 -3.682963e+00  0.000000e+00
     vertex  3.952628e+00 -2.545000e+01  0.000000e+00
     vertex  3.777817e+00 -2.522218e+01  0.000000e+00
   endloop
 endfacet
 facet normal -0.000000e+00 -0.000000e+00 -1.000000e+00
   outer loop
     vertex  1.801704e+01 -3.329410e+00  0.000000e+00
     vertex  1.806699e+01 -3.450000e+00  0.000000e+00
     vertex  4.062518e+00 -3.284701e+00  0.000000e+00
   endloop
 endfacet
 facet normal -0.000000e+00  0.000000e+00 -1.000000e+00
   outer loop
     vertex  1.850000e+01 -3.700000e+00  0.000000e+00
     vertex  3.952628e+00 -2.545000e+01  0.000000e+00
     vertex  1.837059e+01 -3.682963e+00  0.000000e+00
   endloop
 endfacet
 facet normal  0.000000e+00  0.000000e+00 -1.000000e+00
   outer loop
     vertex  1.850000e+01 -3.700000e+00  0.000000e+00
     vertex  3.022218e+01 -2.522218e+01  0.000000e+00
     vertex  3.004737e+01 -2.545000e+01  0.000000e+00
   endloop
 endfacet
 facet normal  0.000000e+00 -0.000000e+00 -1.000000e+00
   outer loop
     vertex  1.850000e+01 -3.700000e+00  0.000000e+00
     vertex  3.004737e+01 -2.545000e+01  0.000000e+00
     vertex  3.952628e+00 -2.545000e+01  0.000000e+00
   endloop
 endfacet
 facet normal  0.000000e+00 -0.000000e+00 -1.000000e+00
   outer loop
     vertex  1.800000e+01 -3.200000e+00  0.000000e+00
     vertex  1.801704e+01 -3.329410e+00  0.000000e+00
     vertex  4.062518e+00 -3.284701e+00  0.000000e+00
   endloop
 endfacet
 facet normal -0.000000e+00  0.000000e+00 -1.000000e+00
   outer loop
     vertex  1.800000e+01 -3.200000e+00  0.000000e+00
     vertex  4.062518e+00 -3.284701e+00  0.000000e+00
     vertex  4.100000e+00 -3.000000e+00  0.000000e+00
   endloop
 endfacet
 facet normal -0.000000e+00  0.000000e+00 -1.000000e+00
   outer loop
     vertex  1.801704e+01 -3.070590e+00  0.000000e+00
     vertex  1.800000e+01 -3.200000e+00  0.000000e+00
     vertex  4.100000e+00 -3.000000e+00  0.000000e+00
   endloop
 endfacet
 facet normal  0.000000e+00  0.000000e+00 -1.000000e+00
   outer loop
     vertex  1.801704e+01 -3.070590e+00  0.000000e+00
     vertex  4.100000e+00 -3.000000e+00  0.000000e+00
     vertex  4.062518e+00 -2.715299e+00  0.000000e+00
   endloop
 endfacet
 facet normal  0.000000e+00  0.000000e+00 -1.000000e+00
   outer loop
     vertex  1.806699e+01 -2.950000e+00  0.000000e+00
     vertex  3.952628e+00 -2.450000e+00  0.000000e+00
     vertex  3.000000e+00  2.220446e-16  0.000000e+00
   endloop
 endfacet
 facet normal -0.000000e+00  0.000000e+00 -1.000000e+00
   outer loop
     vertex  1.806699e+01 -2.950000e+00  0.000000e+00
     vertex  1.801704e+01 -3.070590e+00  0.000000e+00
     vertex  4.062518e+00 -2.715299e+00  0.000000e+00
   endloop
 endfacet
 facet normal  0.000000e+00  0.000000e+00 -1.000000e+00
   outer loop
     vertex  1.806699e+01 -2.950000e+00  0.000000e+00
     vertex  4.062518e+00 -2.715299e+00  0.000000e+00
     vertex  3.952628e+00 -2.450000e+00  0.000000e+00
   endloop
 endfacet
 facet normal -0.000000e+00  0.000000e+00 -1.000000e+00
   outer loop
     vertex  1.814645e+01 -2.846447e+00  0.000000e+00
     vertex  1.806699e+01 -2.950000e+00  0.000000e+00
     vertex  3.000000e+00  2.220446e-16  0.000000e+00
   endloop
 endfacet
 facet normal -0.000000e+00  0.000000e+00 -1.000000e+00
   outer loop
     vertex  1.825000e+01 -2.766987e+00  0.000000e+00
     vertex  1.814645e+01 -2.846447e+00  0.000000e+00
     vertex  3.000000e+00  2.220446e-16  0.000000e+00
   endloop
 endfacet
 facet normal -0.000000e+00  0.000000e+00 -1.000000e+00
   outer loop
     vertex  1.837059e+01 -2.717037e+00  0.000000e+00
     vertex  1.825000e+01 -2.766987e+00  0.000000e+00
     vertex  3.000000e+00  2.220446e-16  0.000000e+00
   endloop
 endfacet
 facet normal  0.000000e+00  0.000000e+00 -1.000000e+00
   outer loop
     vertex  2.079000e+01 -3.633013e+00  0.000000e+00
     vertex  1.875000e+01 -3.633013e+00  0.000000e+00
     vertex  1.885355e+01 -3.553553e+00  0.000000e+00
   endloop
 endfacet
 facet normal  0.000000e+00  0.000000e+00 -1.000000e+00
   outer loop
     vertex  2.079000e+01 -3.633013e+00  0.000000e+00
     vertex  1.885355e+01 -3.553553e+00  0.000000e+00
     vertex  2.068645e+01 -3.553553e+00  0.000000e+00
   endloop
 endfacet
 facet normal  0.000000e+00  0.000000e+00 -1.000000e+00
   outer loop
     vertex  2.060699e+01 -3.450000e+00  0.000000e+00
     vertex  1.893301e+01 -3.450000e+00  0.000000e+00
     vertex  1.898296e+01 -3.329410e+00  0.000000e+00
   endloop
 endfacet
 facet normal -0.000000e+00  0.000000e+00 -1.000000e+00
   outer loop
     vertex  2.060699e+01 -3.450000e+00  0.000000e+00
     vertex  1.885355e+01 -3.553553e+00  0.000000e+00
     vertex  1.893301e+01 -3.450000e+00  0.000000e+00
   endloop
 endfacet
 facet normal  0.000000e+00 -0.000000e+00 -1.000000e+00
   outer loop
     vertex  2.060699e+01 -3.450000e+00  0.000000e+00
     vertex  2.068645e+01 -3.553553e+00  0.000000e+00
     vertex  1.885355e+01 -3.553553e+00  0.000000e+00
   endloop
 endfacet
 facet normal  0.000000e+00  0.000000e+00 -1.000000e+00
   outer loop
     vertex  2.091059e+01 -3.682963e+00  0.000000e+00
     vertex  1.875000e+01 -3.633013e+00  0.000000e+00
     vertex  2.079000e+01 -3.633013e+00  0.000000e+00
   endloop
 endfacet
 facet normal  0.000000e+00  0.000000e+00 -1.000000e+00
   outer loop
     vertex  2.091059e+01 -3.682963e+00  0.000000e+00
     vertex  1.862941e+01 -3.682963e+00  0.000000e+00
     vertex  1.875000e+01 -3.633013e+00  0.000000e+00
   endloop
 endfacet
 facet normal -0.000000e+00 -0.000000e+00 -1.000000e+00
   outer loop
     vertex  2.055704e+01 -3.329410e+00  0.000000e+00
     vertex  2.060699e+01 -3.450000e+00  0.000000e+00
     vertex  1.898296e+01 -3.329410e+00  0.000000e+00
   endloop
 endfacet
 facet normal  0.000000e+00  0.000000e+00 -1.000000e+00
   outer loop
     vertex  2.104000e+01 -3.700000e+00  0.000000e+00
     vertex  1.862941e+01 -3.682963e+00  0.000000e+00
     vertex  2.091059e+01 -3.682963e+00  0.000000e+00
   endloop
 endfacet
 facet normal  0.000000e+00  0.000000e+00 -1.000000e+00
   outer loop
     vertex  2.104000e+01 -3.700000e+00  0.000000e+00
     vertex  1.850000e+01 -3.700000e+00  0.000000e+00
     vertex  1.862941e+01 -3.682963e+00  0.000000e+00
   endloop
 endfacet
 facet normal -0.000000e+00 -0.000000e+00 -1.000000e+00
   outer loop
     vertex  2.104000e+01 -3.700000e+00  0.000000e+00
     vertex  3.022218e+01 -2.522218e+01  0.000000e+00
     vertex  1.850000e+01 -3.700000e+00  0.000000e+00
   endloop
 endfacet
 facet normal  0.000000e+00  0.000000e+00 -1.000000e+00
   outer loop
     vertex  2.054000e+01 -3.200000e+00  0.000000e+00
     vertex  1.900000e+01 -3.200000e+00  0.000000e+00
     vertex  1.898296e+01 -3.070590e+00  0.000000e+00
   endloop
 endfacet
 facet normal -0.000000e+00  0.000000e+00 -1.000000e+00
   outer loop
     vertex  2.054000e+01 -3.200000e+00  0.000000e+00
     vertex  1.898296e+01 -3.329410e+00  0.000000e+00
     vertex  1.900000e+01 -3.200000e+00  0.000000e+00
   endloop
 endfacet
 facet normal  0.000000e+00 -0.000000e+00 -1.000000e+00
   outer loop
     vertex  2.054000e+01 -3.200000e+00  0.000000e+00
     vertex  2.055704e+01 -3.329410e+00  0.000000e+00
     vertex  1.898296e+01 -3.329410e+00  0.000000e+00
   endloop
 endfacet
 facet normal -0.000000e+00  0.000000e+00 -1.000000e+00
   outer loop
     vertex  2.055704e+01 -3.070590e+00  0.000000e+00
     vertex  2.054000e+01 -3.200000e+00  0.000000e+00
     vertex  1.898296e+01 -3.070590e+00  0.000000e+00
   endloop
 endfacet
 facet normal  0.000000e+00 -0.000000e+00 -1.000000e+00
   outer loop
     vertex  2.116941e+01 -3.682963e+00  0.000000e+00
     vertex  3.022218e+01 -2.522218e+01  0.000000e+00
     vertex  2.104000e+01 -3.700000e+00  0.000000e+00
   endloop
 endfacet
 facet normal  0.000000e+00  0.000000e+00 -1.000000e+00
   outer loop
     vertex  2.116941e+01 -3.682963e+00  0.000000e+00
     vertex  3.045000e+01 -2.504737e+01  0.000000e+00
     vertex  3.022218e+01 -2.522218e+01  0.000000e+00
   endloop
 endfacet
 facet normal  0.000000e+00  0.000000e+00 -1.000000e+00
   outer loop
     vertex  2.060699e+01 -2.950000e+00  0.000000e+00
     vertex  1.893301e+01 -2.950000e+00  0.000000e+00
     vertex  1.885355e+01 -2.846447e+00  0.000000e+00
   endloop
 endfacet
 facet normal -0.000000e+00  0.000000e+00 -1.000000e+00
   outer loop
     vertex  2.060699e+01 -2.950000e+00  0.000000e+00
     vertex  1.898296e+01 -3.070590e+00  0.000000e+00
     vertex  1.893301e+01 -2.950000e+00  0.000000e+00
   endloop
 endfacet
 facet normal  0.000000e+00  0.000000e+00 -1.000000e+00
   outer loop
     vertex  2.060699e+01 -2.950000e+00  0.000000e+00
     vertex  2.055704e+01 -3.070590e+00  0.000000e+00
     vertex  1.898296e+01 -3.070590e+00  0.000000e+00
   endloop
 endfacet
 facet normal  0.000000e+00  0.000000e+00 -1.000000e+00
   outer loop
     vertex  2.068645e+01 -2.846447e+00  0.000000e+00
     vertex  2.060699e+01 -2.950000e+00  0.000000e+00
     vertex  1.885355e+01 -2.846447e+00  0.000000e+00
   endloop
 endfacet
 facet normal -0.000000e+00  0.000000e+00 -1.000000e+00
   outer loop
     vertex  2.068645e+01 -2.846447e+00  0.000000e+00
     vertex  1.885355e+01 -2.846447e+00  0.000000e+00
     vertex  1.875000e+01 -2.766987e+00  0.000000e+00
   endloop
 endfacet
 facet normal  0.000000e+00  0.000000e+00 -1.000000e+00
   outer loop
     vertex  2.079000e+01 -2.766987e+00  0.000000e+00
     vertex  1.875000e+01 -2.766987e+00  0.000000e+00
     vertex  1.862941e+01 -2.717037e+00  0.000000e+00
   endloop
 endfacet
 facet normal -0.000000e+00  0.000000e+00 -1.000000e+00
   outer loop
     vertex  2.079000e+01 -2.766987e+00  0.000000e+00
     vertex  2.068645e+01 -2.846447e+00  0.000000e+00
     vertex  1.875000e+01 -2.766987e+00  0.000000e+00
   endloop
 endfacet
 facet normal  0.000000e+00  0.000000e+00 -1.000000e+00
   outer loop
     vertex  2.091059e+01 -2.717037e+00  0.000000e+00
     vertex  2.079000e+01 -2.766987e+00  0.000000e+00
     vertex  1.862941e+01 -2.717037e+00  0.000000e+00
   endloop
 endfacet
 facet normal -0.000000e+00  0.000000e+00 -1.000000e+00
   outer loop
     vertex  2.104000e+01 -2.700000e+00  0.000000e+00
     vertex  1.862941e+01 -2.717037e+00  0.000000e+00
     vertex  1.850000e+01 -2.700000e+00  0.000000e+00
   endloop
 endfacet
 facet normal  0.000000e+00  0.000000e+00 -1.000000e+00
   outer loop
     vertex  2.104000e+01 -2.700000e+00  0.000000e+00
     vertex  2.091059e+01 -2.717037e+00  0.000000e+00
     vertex  1.862941e+01 -2.717037e+00  0.000000e+00
   endloop
 endfacet
 facet normal  0.000000e+00  0.000000e+00 -1.000000e+00
   outer loop
     vertex  3.022218e+01 -3.777817e+00  0.000000e+00
     vertex  2.129000e+01 -3.633013e+00  0.000000e+00
     vertex  2.139355e+01 -3.553553e+00  0.000000e+00
   endloop
 endfacet
 facet normal -0.000000e+00 -0.000000e+00 -1.000000e+00
   outer loop
     vertex  3.045000e+01 -3.952628e+00  0.000000e+00
     vertex  3.045000e+01 -2.504737e+01  0.000000e+00
     vertex  2.116941e+01 -3.682963e+00  0.000000e+00
   endloop
 endfacet
 facet normal  0.000000e+00  0.000000e+00 -1.000000e+00
   outer loop
     vertex  3.045000e+01 -3.952628e+00  0.000000e+00
     vertex  2.116941e+01 -3.682963e+00  0.000000e+00
     vertex  2.129000e+01 -3.633013e+00  0.000000e+00
   endloop
 endfacet
 facet normal  0.000000e+00  0.000000e+00 -1.000000e+00
   outer loop
     vertex  3.045000e+01 -3.952628e+00  0.000000e+00
     vertex  2.129000e+01 -3.633013e+00  0.000000e+00
     vertex  3.022218e+01 -3.777817e+00  0.000000e+00
   endloop
 endfacet
 facet normal  0.000000e+00 -0.000000e+00 -1.000000e+00
   outer loop
     vertex  3.004737e+01 -3.550000e+00  0.000000e+00
     vertex  3.022218e+01 -3.777817e+00  0.000000e+00
     vertex  2.139355e+01 -3.553553e+00  0.000000e+00
   endloop
 endfacet
 facet normal -0.000000e+00  0.000000e+00 -1.000000e+00
   outer loop
     vertex  3.004737e+01 -3.550000e+00  0.000000e+00
     vertex  2.139355e+01 -3.553553e+00  0.000000e+00
     vertex  2.147301e+01 -3.450000e+00  0.000000e+00
   endloop
 endfacet
 facet normal -0.000000e+00  0.000000e+00 -1.000000e+00
   outer loop
     vertex  3.071530e+01 -4.062518e+00  0.000000e+00
     vertex  3.045000e+01 -2.504737e+01  0.000000e+00
     vertex  3.045000e+01 -3.952628e+00  0.000000e+00
   endloop
 endfacet
 facet normal  0.000000e+00 -0.000000e+00 -1.000000e+00
   outer loop
     vertex  3.071530e+01 -4.062518e+00  0.000000e+00
     vertex  3.071530e+01 -2.493748e+01  0.000000e+00
     vertex  3.045000e+01 -2.504737e+01  0.000000e+00
   endloop
 endfacet
 facet normal  0.000000e+00  0.000000e+00 -1.000000e+00
   outer loop
     vertex  3.071530e+01 -4.062518e+00  0.000000e+00
     vertex  3.100000e+01 -2.490000e+01  0.000000e+00
     vertex  3.071530e+01 -2.493748e+01  0.000000e+00
   endloop
 endfacet
 facet normal  0.000000e+00 -0.000000e+00 -1.000000e+00
   outer loop
     vertex  2.993748e+01 -3.284701e+00  0.000000e+00
     vertex  3.004737e+01 -3.550000e+00  0.000000e+00
     vertex  2.147301e+01 -3.450000e+00  0.000000e+00
   endloop
 endfacet
 facet normal -0.000000e+00  0.000000e+00 -1.000000e+00
   outer loop
     vertex  2.993748e+01 -3.284701e+00  0.000000e+00
     vertex  2.152296e+01 -3.329410e+00  0.000000e+00
     vertex  2.154000e+01 -3.200000e+00  0.000000e+00
   endloop
 endfacet
 facet normal  0.000000e+00  0.000000e+00 -1.000000e+00
   outer loop
     vertex  2.993748e+01 -3.284701e+00  0.000000e+00
     vertex  2.147301e+01 -3.450000e+00  0.000000e+00
     vertex  2.152296e+01 -3.329410e+00  0.000000e+00
   endloop
 endfacet
 facet normal -0.000000e+00 -0.000000e+00 -1.000000e+00
   outer loop
     vertex  3.100000e+01 -4.100000e+00  0.000000e+00
     vertex  3.100000e+01 -2.490000e+01  0.000000e+00
     vertex  3.071530e+01 -4.062518e+00  0.000000e+00
   endloop
 endfacet
 facet normal  0.000000e+00  0.000000e+00 -1.000000e+00
   outer loop
     vertex  2.990000e+01 -3.000000e+00  0.000000e+00
     vertex  2.154000e+01 -3.200000e+00  0.000000e+00
     vertex  2.152296e+01 -3.070590e+00  0.000000e+00
   endloop
 endfacet
 facet normal  0.000000e+00 -0.000000e+00 -1.000000e+00
   outer loop
     vertex  2.990000e+01 -3.000000e+00  0.000000e+00
     vertex  2.993748e+01 -3.284701e+00  0.000000e+00
     vertex  2.154000e+01 -3.200000e+00  0.000000e+00
   endloop
 endfacet
 facet normal  0.000000e+00  0.000000e+00 -1.000000e+00
   outer loop
     vertex  2.993748e+01 -2.715299e+00  0.000000e+00
     vertex  2.990000e+01 -3.000000e+00  0.000000e+00
     vertex  2.152296e+01 -3.070590e+00  0.000000e+00
   endloop
 endfacet
 facet normal  0.000000e+00  0.000000e+00 -1.000000e+00
   outer loop
     vertex  2.993748e+01 -2.715299e+00  0.000000e+00
     vertex  2.152296e+01 -3.070590e+00  0.000000e+00
     vertex  2.147301e+01 -2.950000e+00  0.000000e+00
   endloop
 endfacet
 facet normal  0.000000e+00  0.000000e+00 -1.000000e+00
   outer loop
     vertex  3.128470e+01 -4.062518e+00  0.000000e+00
     vertex  3.128470e+01 -2.493748e+01  0.000000e+00
     vertex  3.100000e+01 -2.490000e+01  0.000000e+00
   endloop
 endfacet
 facet normal  0.000000e+00  0.000000e+00 -1.000000e+00
   outer loop
     vertex  3.128470e+01 -4.062518e+00  0.000000e+00
     vertex  3.100000e+01 -2.490000e+01  0.000000e+00
     vertex  3.100000e+01 -4.100000e+00  0.000000e+00
   endloop
 endfacet
 facet normal  0.000000e+00  0.000000e+00 -1.000000e+00
   outer loop
     vertex  3.004737e+01 -2.450000e+00  0.000000e+00
     vertex  2.993748e+01 -2.715299e+00  0.000000e+00
     vertex  2.147301e+01 -2.950000e+00  0.000000e+00
   endloop
 endfacet
 facet normal  0.000000e+00  0.000000e+00 -1.000000e+00
   outer loop
     vertex  3.004737e+01 -2.450000e+00  0.000000e+00
     vertex  2.147301e+01 -2.950000e+00  0.000000e+00
     vertex  2.139355e+01 -2.846447e+00  0.000000e+00
   endloop
 endfacet
 facet normal  0.000000e+00 -0.000000e+00 -1.000000e+00
   outer loop
     vertex  3.155000e+01 -3.952628e+00  0.000000e+00
     vertex  3.155000e+01 -2.504737e+01  0.000000e+00
     vertex  3.128470e+01 -2.493748e+01  0.000000e+00
   endloop
 endfacet
 facet normal  0.000000e+00  0.000000e+00 -1.000000e+00
   outer loop
     vertex  3.155000e+01 -3.952628e+00  0.000000e+00
     vertex  3.128470e+01 -2.493748e+01  0.000000e+00
     vertex  3.128470e+01 -4.062518e+00  0.000000e+00
   endloop
 endfacet
 facet normal  0.000000e+00  0.000000e+00 -1.000000e+00
   outer loop
     vertex  3.100000e+01  0.000000e+00  0.000000e+00
     vertex  2.116941e+01 -2.717037e+00  0.000000e+00
     vertex  2.104000e+01 -2.700000e+00  0.000000e+00
   endloop
 endfacet
 facet normal  0.000000e+00  0.000000e+00 -1.000000e+00
   outer loop
     vertex  3.100000e+01  0.000000e+00  0.000000e+00
     vertex  2.129000e+01 -2.766987e+00  0.000000e+00
     vertex  2.116941e+01 -2.717037e+00  0.000000e+00
   endloop
 endfacet
 facet normal  0.000000e+00  0.000000e+00 -1.000000e+00
   outer loop
     vertex  3.100000e+01  0.000000e+00  0.000000e+00
     vertex  2.139355e+01 -2.846447e+00  0.000000e+00
     vertex  2.129000e+01 -2.766987e+00  0.000000e+00
   endloop
 endfacet
 facet normal  0.000000e+00  0.000000e+00 -1.000000e+00
   outer loop
     vertex  3.100000e+01  0.000000e+00  0.000000e+00
     vertex  3.022218e+01 -2.222183e+00  0.000000e+00
     vertex  3.004737e+01 -2.450000e+00  0.000000e+00
   endloop
 endfacet
 facet normal  0.000000e+00  0.000000e+00 -1.000000e+00
   outer loop
     vertex  3.100000e+01  0.000000e+00  0.000000e+00
     vertex  3.045000e+01 -2.047372e+00  0.000000e+00
     vertex  3.022218e+01 -2.222183e+00  0.000000e+00
   endloop
 endfacet
 facet normal  0.000000e+00  0.000000e+00 -1.000000e+00
   outer loop
     vertex  3.100000e+01  0.000000e+00  0.000000e+00
     vertex  3.071530e+01 -1.937482e+00  0.000000e+00
     vertex  3.045000e+01 -2.047372e+00  0.000000e+00
   endloop
 endfacet
 facet normal  0.000000e+00 -0.000000e+00 -1.000000e+00
   outer loop
     vertex  3.100000e+01  0.000000e+00  0.000000e+00
     vertex  3.100000e+01 -1.900000e+00  0.000000e+00
     vertex  3.071530e+01 -1.937482e+00  0.000000e+00
   endloop
 endfacet
 facet normal  0.000000e+00  0.000000e+00 -1.000000e+00
   outer loop
     vertex  3.100000e+01  0.000000e+00  0.000000e+00
     vertex  3.004737e+01 -2.450000e+00  0.000000e+00
     vertex  2.139355e+01 -2.846447e+00  0.000000e+00
   endloop
 endfacet
 facet normal  0.000000e+00 -0.000000e+00 -1.000000e+00
   outer loop
     vertex  3.400000e+01 -3.000000e+00  0.000000e+00
     vertex  3.400000e+01 -2.600000e+01  0.000000e+00
     vertex  3.155000e+01 -2.504737e+01  0.000000e+00
   endloop
 endfacet
 facet normal -0.000000e+00  0.000000e+00 -1.000000e+00
   outer loop
     vertex  3.400000e+01 -3.000000e+00  0.000000e+00
     vertex  3.206252e+01 -3.284701e+00  0.000000e+00
     vertex  3.210000e+01 -3.000000e+00  0.000000e+00
   endloop
 endfacet
 facet normal  0.000000e+00  0.000000e+00 -1.000000e+00
   outer loop
     vertex  3.400000e+01 -3.000000e+00  0.000000e+00
     vertex  3.195263e+01 -3.550000e+00  0.000000e+00
     vertex  3.206252e+01 -3.284701e+00  0.000000e+00
   endloop
 endfacet
 facet normal  0.000000e+00  0.000000e+00 -1.000000e+00
   outer loop
     vertex  3.400000e+01 -3.000000e+00  0.000000e+00
     vertex  3.177782e+01 -3.777817e+00  0.000000e+00
     vertex  3.195263e+01 -3.550000e+00  0.000000e+00
   endloop
 endfacet
 facet normal  0.000000e+00  0.000000e+00 -1.000000e+00
   outer loop
     vertex  3.400000e+01 -3.000000e+00  0.000000e+00
     vertex  3.155000e+01 -3.952628e+00  0.000000e+00
     vertex  3.177782e+01 -3.777817e+00  0.000000e+00
   endloop
 endfacet
 facet normal  0.000000e+00  0.000000e+00 -1.000000e+00
   outer loop
     vertex  3.400000e+01 -3.000000e+00  0.000000e+00
     vertex  3.155000e+01 -2.504737e+01  0.000000e+00
     vertex  3.155000e+01 -3.952628e+00  0.000000e+00
   endloop
 endfacet
 facet normal  0.000000e+00  0.000000e+00 -1.000000e+00
   outer loop
     vertex  3.166756e+01 -7.521617e-02  0.000000e+00
     vertex  3.128470e+01 -1.937482e+00  0.000000e+00
     vertex  3.100000e+01 -1.900000e+00  0.000000e+00
   endloop
 endfacet
 facet normal -0.000000e+00  0.000000e+00 -1.000000e+00
   outer loop
     vertex  3.166756e+01 -7.521617e-02  0.000000e+00
     vertex  3.100000e+01 -1.900000e+00  0.000000e+00
     vertex  3.100000e+01  0.000000e+00  0.000000e+00
   endloop
 endfacet
 facet normal  0.000000e+00  0.000000e+00 -1.000000e+00
   outer loop
     vertex  3.392478e+01 -2.332437e+00  0.000000e+00
     vertex  3.210000e+01 -3.000000e+00  0.000000e+00
     vertex  3.206252e+01 -2.715299e+00  0.000000e+00
   endloop
 endfacet
 facet normal  0.000000e+00 -0.000000e+00 -1.000000e+00
   outer loop
     vertex  3.392478e+01 -2.332437e+00  0.000000e+00
     vertex  3.400000e+01 -3.000000e+00  0.000000e+00
     vertex  3.210000e+01 -3.000000e+00  0.000000e+00
   endloop
 endfacet
 facet normal -0.000000e+00  0.000000e+00 -1.000000e+00
   outer loop
     vertex  3.230165e+01 -2.970932e-01  0.000000e+00
     vertex  3.128470e+01 -1.937482e+00  0.000000e+00
     vertex  3.166756e+01 -7.521617e-02  0.000000e+00
   endloop
 endfacet
 facet normal  0.000000e+00  0.000000e+00 -1.000000e+00
   outer loop
     vertex  3.230165e+01 -2.970932e-01  0.000000e+00
     vertex  3.155000e+01 -2.047372e+00  0.000000e+00
     vertex  3.128470e+01 -1.937482e+00  0.000000e+00
   endloop
 endfacet
 facet normal  0.000000e+00 -0.000000e+00 -1.000000e+00
   outer loop
     vertex  3.370291e+01 -1.698349e+00  0.000000e+00
     vertex  3.392478e+01 -2.332437e+00  0.000000e+00
     vertex  3.206252e+01 -2.715299e+00  0.000000e+00
   endloop
 endfacet
 facet normal  0.000000e+00  0.000000e+00 -1.000000e+00
   outer loop
     vertex  3.370291e+01 -1.698349e+00  0.000000e+00
     vertex  3.206252e+01 -2.715299e+00  0.000000e+00
     vertex  3.195263e+01 -2.450000e+00  0.000000e+00
   endloop
 endfacet
 facet normal -0.000000e+00  0.000000e+00 -1.000000e+00
   outer loop
     vertex  3.287047e+01 -6.545054e-01  0.000000e+00
     vertex  3.155000e+01 -2.047372e+00  0.000000e+00
     vertex  3.230165e+01 -2.970932e-01  0.000000e+00
   endloop
 endfacet
 facet normal  0.000000e+00  0.000000e+00 -1.000000e+00
   outer loop
     vertex  3.287047e+01 -6.545054e-01  0.000000e+00
     vertex  3.177782e+01 -2.222183e+00  0.000000e+00
     vertex  3.155000e+01 -2.047372e+00  0.000000e+00
   endloop
 endfacet
 facet normal  0.000000e+00 -0.000000e+00 -1.000000e+00
   outer loop
     vertex  3.334549e+01 -1.129530e+00  0.000000e+00
     vertex  3.370291e+01 -1.698349e+00  0.000000e+00
     vertex  3.195263e+01 -2.450000e+00  0.000000e+00
   endloop
 endfacet
 facet normal -0.000000e+00  0.000000e+00 -1.000000e+00
   outer loop
     vertex  3.334549e+01 -1.129530e+00  0.000000e+00
     vertex  3.177782e+01 -2.222183e+00  0.000000e+00
     vertex  3.287047e+01 -6.545054e-01  0.000000e+00
   endloop
 endfacet
 facet normal  0.000000e+00  0.000000e+00 -1.000000e+00
   outer loop
     vertex  3.334549e+01 -1.129530e+00  0.000000e+00
     vertex  3.195263e+01 -2.450000e+00  0.000000e+00
     vertex  3.177782e+01 -2.222183e+00  0.000000e+00
   endloop
 endfacet
 facet normal -0.000000e+00  0.000000e+00 -1.000000e+00
   outer loop
     vertex  3.100000e+01  0.000000e+00  0.000000e+00
     vertex  1.850000e+01 -2.700000e+00  0.000000e+00
     vertex  3.000000e+00  2.220446e-16  0.000000e+00
   endloop
 endfacet
 facet normal -0.000000e+00  0.000000e+00 -1.000000e+00
   outer loop
     vertex  1.850000e+01 -2.700000e+00  0.000000e+00
     vertex  1.837059e+01 -2.717037e+00  0.000000e+00
     vertex  3.000000e+00  2.220446e-16  0.000000e+00
   endloop
 endfacet
 facet normal  0.000000e+00  0.000000e+00 -1.000000e+00
   outer loop
     vertex  3.100000e+01  0.000000e+00  0.000000e+00
     vertex  2.104000e+01 -2.700000e+00  0.000000e+00
     vertex  1.850000e+01 -2.700000e+00  0.000000e+00
   endloop
 endfacet
 facet normal  0.000000e+00  0.000000e+00  1.000000e+00
   outer loop
     vertex  2.222183e+00 -2.677782e+01  1.510000e+00
     vertex  6.545054e-01 -2.787047e+01  1.510000e+00
     vertex  1.129530e+00 -2.834549e+01  1.510000e+00
   endloop
 endfacet
 facet normal  0.000000e+00  0.000000e+00  1.000000e+00
   outer loop
     vertex  2.450000e+00 -2.695263e+01  1.510000e+00
     vertex  1.129530e+00 -2.834549e+01  1.510000e+00
     vertex  1.698349e+00 -2.870291e+01  1.510000e+00
   endloop
 endfacet
 facet normal  0.000000e+00  0.000000e+00  1.000000e+00
   outer loop
     vertex  2.450000e+00 -2.695263e+01  1.510000e+00
     vertex  2.222183e+00 -2.677782e+01  1.510000e+00
     vertex  1.129530e+00 -2.834549e+01  1.510000e+00
   endloop
 endfacet
 facet normal  0.000000e+00  0.000000e+00  1.000000e+00
   outer loop
     vertex  2.047372e+00 -2.655000e+01  1.510000e+00
     vertex  2.970932e-01 -2.730165e+01  1.510000e+00
     vertex  6.545054e-01 -2.787047e+01  1.510000e+00
   endloop
 endfacet
 facet normal  0.000000e+00  0.000000e+00  1.000000e+00
   outer loop
     vertex  2.047372e+00 -2.655000e+01  1.510000e+00
     vertex  6.545054e-01 -2.787047e+01  1.510000e+00
     vertex  2.222183e+00 -2.677782e+01  1.510000e+00
   endloop
 endfacet
 facet normal  0.000000e+00  0.000000e+00  1.000000e+00
   outer loop
     vertex  1.937482e+00 -2.628470e+01  1.510000e+00
     vertex  7.521617e-02 -2.666756e+01  1.510000e+00
     vertex  2.970932e-01 -2.730165e+01  1.510000e+00
   endloop
 endfacet
 facet normal  0.000000e+00  0.000000e+00  1.000000e+00
   outer loop
     vertex  1.937482e+00 -2.628470e+01  1.510000e+00
     vertex  2.970932e-01 -2.730165e+01  1.510000e+00
     vertex  2.047372e+00 -2.655000e+01  1.510000e+00
   endloop
 endfacet
 facet normal  0.000000e+00  0.000000e+00  1.000000e+00
   outer loop
     vertex  2.715299e+00 -2.706252e+01  1.510000e+00
     vertex  1.698349e+00 -2.870291e+01  1.510000e+00
     vertex  2.332437e+00 -2.892478e+01  1.510000e+00
   endloop
 endfacet
 facet normal  0.000000e+00  0.000000e+00  1.000000e+00
   outer loop
     vertex  2.715299e+00 -2.706252e+01  1.510000e+00
     vertex  2.450000e+00 -2.695263e+01  1.510000e+00
     vertex  1.698349e+00 -2.870291e+01  1.510000e+00
   endloop
 endfacet
 facet normal  0.000000e+00  0.000000e+00  1.000000e+00
   outer loop
     vertex  3.000000e+00 -2.710000e+01  1.510000e+00
     vertex  2.715299e+00 -2.706252e+01  1.510000e+00
     vertex  2.332437e+00 -2.892478e+01  1.510000e+00
   endloop
 endfacet
 facet normal  0.000000e+00  0.000000e+00  1.000000e+00
   outer loop
     vertex  3.000000e+00 -2.710000e+01  1.510000e+00
     vertex  2.332437e+00 -2.892478e+01  1.510000e+00
     vertex  3.000000e+00 -2.900000e+01  1.510000e+00
   endloop
 endfacet
 facet normal  0.000000e+00  0.000000e+00  1.000000e+00
   outer loop
     vertex  1.900000e+00 -2.600000e+01  1.510000e+00
     vertex  7.521617e-02 -2.666756e+01  1.510000e+00
     vertex  1.937482e+00 -2.628470e+01  1.510000e+00
   endloop
 endfacet
 facet normal  0.000000e+00  0.000000e+00  1.000000e+00
   outer loop
     vertex  1.900000e+00 -2.600000e+01  1.510000e+00
     vertex -8.881784e-16 -2.600000e+01  1.510000e+00
     vertex  7.521617e-02 -2.666756e+01  1.510000e+00
   endloop
 endfacet
 facet normal  0.000000e+00  0.000000e+00  1.000000e+00
   outer loop
     vertex  1.937482e+00 -2.571530e+01  1.510000e+00
     vertex -8.881784e-16 -2.600000e+01  1.510000e+00
     vertex  1.900000e+00 -2.600000e+01  1.510000e+00
   endloop
 endfacet
 facet normal  0.000000e+00  0.000000e+00  1.000000e+00
   outer loop
     vertex  3.284701e+00 -2.706252e+01  1.510000e+00
     vertex  3.000000e+00 -2.710000e+01  1.510000e+00
     vertex  3.000000e+00 -2.900000e+01  1.510000e+00
   endloop
 endfacet
 facet normal  0.000000e+00  0.000000e+00  1.000000e+00
   outer loop
     vertex  2.047372e+00 -2.545000e+01  1.510000e+00
     vertex -8.881784e-16 -2.600000e+01  1.510000e+00
     vertex  1.937482e+00 -2.571530e+01  1.510000e+00
   endloop
 endfacet
 facet normal  0.000000e+00  0.000000e+00  1.000000e+00
   outer loop
     vertex  3.550000e+00 -2.695263e+01  1.510000e+00
     vertex  3.284701e+00 -2.706252e+01  1.510000e+00
     vertex  3.000000e+00 -2.900000e+01  1.510000e+00
   endloop
 endfacet
 facet normal  0.000000e+00  0.000000e+00  1.000000e+00
   outer loop
     vertex  2.222183e+00 -2.522218e+01  1.510000e+00
     vertex -8.881784e-16 -2.600000e+01  1.510000e+00
     vertex  2.047372e+00 -2.545000e+01  1.510000e+00
   endloop
 endfacet
 facet normal  0.000000e+00  0.000000e+00  1.000000e+00
   outer loop
     vertex  3.777817e+00 -2.677782e+01  1.510000e+00
     vertex  3.550000e+00 -2.695263e+01  1.510000e+00
     vertex  3.000000e+00 -2.900000e+01  1.510000e+00
   endloop
 endfacet
 facet normal  0.000000e+00  0.000000e+00  1.000000e+00
   outer loop
     vertex  3.952628e+00 -2.655000e+01  1.510000e+00
     vertex  3.777817e+00 -2.677782e+01  1.510000e+00
     vertex  3.000000e+00 -2.900000e+01  1.510000e+00
   endloop
 endfacet
 facet normal  0.000000e+00  0.000000e+00  1.000000e+00
   outer loop
     vertex  2.450000e+00 -2.504737e+01  1.510000e+00
     vertex -8.881784e-16 -2.600000e+01  1.510000e+00
     vertex  2.222183e+00 -2.522218e+01  1.510000e+00
   endloop
 endfacet
 facet normal  0.000000e+00  0.000000e+00  1.000000e+00
   outer loop
     vertex  2.450000e+00 -3.952628e+00  1.510000e+00
     vertex  2.220446e-16 -3.000000e+00  1.510000e+00
     vertex -8.881784e-16 -2.600000e+01  1.510000e+00
   endloop
 endfacet
 facet normal  0.000000e+00  0.000000e+00  1.000000e+00
   outer loop
     vertex  2.450000e+00 -3.952628e+00  1.510000e+00
     vertex -8.881784e-16 -2.600000e+01  1.510000e+00
     vertex  2.450000e+00 -2.504737e+01  1.510000e+00
   endloop
 endfacet
 facet normal  0.000000e+00  0.000000e+00  1.000000e+00
   outer loop
     vertex  2.450000e+00 -3.952628e+00  1.510000e+00
     vertex  2.222183e+00 -3.777817e+00  1.510000e+00
     vertex  2.220446e-16 -3.000000e+00  1.510000e+00
   endloop
 endfacet
 facet normal  0.000000e+00  0.000000e+00  1.000000e+00
   outer loop
     vertex  2.047372e+00 -3.550000e+00  1.510000e+00
     vertex  2.220446e-16 -3.000000e+00  1.510000e+00
     vertex  2.222183e+00 -3.777817e+00  1.510000e+00
   endloop
 endfacet
 facet normal  0.000000e+00  0.000000e+00  1.000000e+00
   outer loop
     vertex  2.715299e+00 -4.062518e+00  1.510000e+00
     vertex  2.450000e+00 -2.504737e+01  1.510000e+00
     vertex  2.715299e+00 -2.493748e+01  1.510000e+00
   endloop
 endfacet
 facet normal  0.000000e+00  0.000000e+00  1.000000e+00
   outer loop
     vertex  2.715299e+00 -4.062518e+00  1.510000e+00
     vertex  2.450000e+00 -3.952628e+00  1.510000e+00
     vertex  2.450000e+00 -2.504737e+01  1.510000e+00
   endloop
 endfacet
 facet normal  0.000000e+00  0.000000e+00  1.000000e+00
   outer loop
     vertex  1.937482e+00 -3.284701e+00  1.510000e+00
     vertex  2.220446e-16 -3.000000e+00  1.510000e+00
     vertex  2.047372e+00 -3.550000e+00  1.510000e+00
   endloop
 endfacet
 facet normal  0.000000e+00  0.000000e+00  1.000000e+00
   outer loop
     vertex  1.900000e+00 -3.000000e+00  1.510000e+00
     vertex  7.521585e-02 -2.332437e+00  1.510000e+00
     vertex  2.220446e-16 -3.000000e+00  1.510000e+00
   endloop
 endfacet
 facet normal  0.000000e+00  0.000000e+00  1.000000e+00
   outer loop
     vertex  1.900000e+00 -3.000000e+00  1.510000e+00
     vertex  2.220446e-16 -3.000000e+00  1.510000e+00
     vertex  1.937482e+00 -3.284701e+00  1.510000e+00
   endloop
 endfacet
 facet normal  0.000000e+00  0.000000e+00  1.000000e+00
   outer loop
     vertex  3.000000e+00 -4.100000e+00  1.510000e+00
     vertex  2.715299e+00 -4.062518e+00  1.510000e+00
     vertex  2.715299e+00 -2.493748e+01  1.510000e+00
   endloop
 endfacet
 facet normal  0.000000e+00  0.000000e+00  1.000000e+00
   outer loop
     vertex  3.000000e+00 -4.100000e+00  1.510000e+00
     vertex  2.715299e+00 -2.493748e+01  1.510000e+00
     vertex  3.000000e+00 -2.490000e+01  1.510000e+00
   endloop
 endfacet
 facet normal  0.000000e+00  0.000000e+00  1.000000e+00
   outer loop
     vertex  1.937482e+00 -2.715299e+00  1.510000e+00
     vertex  2.970928e-01 -1.698348e+00  1.510000e+00
     vertex  7.521585e-02 -2.332437e+00  1.510000e+00
   endloop
 endfacet
 facet normal  0.000000e+00  0.000000e+00  1.000000e+00
   outer loop
     vertex  1.937482e+00 -2.715299e+00  1.510000e+00
     vertex  7.521585e-02 -2.332437e+00  1.510000e+00
     vertex  1.900000e+00 -3.000000e+00  1.510000e+00
   endloop
 endfacet
 facet normal  0.000000e+00  0.000000e+00  1.000000e+00
   outer loop
     vertex  3.284701e+00 -4.062518e+00  1.510000e+00
     vertex  3.000000e+00 -4.100000e+00  1.510000e+00
     vertex  3.000000e+00 -2.490000e+01  1.510000e+00
   endloop
 endfacet
 facet normal  0.000000e+00  0.000000e+00  1.000000e+00
   outer loop
     vertex  3.284701e+00 -4.062518e+00  1.510000e+00
     vertex  3.000000e+00 -2.490000e+01  1.510000e+00
     vertex  3.284701e+00 -2.493748e+01  1.510000e+00
   endloop
 endfacet
 facet normal  0.000000e+00  0.000000e+00  1.000000e+00
   outer loop
     vertex  3.284701e+00 -4.062518e+00  1.510000e+00
     vertex  3.284701e+00 -2.493748e+01  1.510000e+00
     vertex  3.550000e+00 -2.504737e+01  1.510000e+00
   endloop
 endfacet
 facet normal  0.000000e+00  0.000000e+00  1.000000e+00
   outer loop
     vertex  2.047372e+00 -2.450000e+00  1.510000e+00
     vertex  6.545049e-01 -1.129530e+00  1.510000e+00
     vertex  2.970928e-01 -1.698348e+00  1.510000e+00
   endloop
 endfacet
 facet normal  0.000000e+00  0.000000e+00  1.000000e+00
   outer loop
     vertex  2.047372e+00 -2.450000e+00  1.510000e+00
     vertex  2.970928e-01 -1.698348e+00  1.510000e+00
     vertex  1.937482e+00 -2.715299e+00  1.510000e+00
   endloop
 endfacet
 facet normal  0.000000e+00  0.000000e+00  1.000000e+00
   outer loop
     vertex  3.550000e+00 -3.952628e+00  1.510000e+00
     vertex  3.284701e+00 -4.062518e+00  1.510000e+00
     vertex  3.550000e+00 -2.504737e+01  1.510000e+00
   endloop
 endfacet
 facet normal  0.000000e+00  0.000000e+00  1.000000e+00
   outer loop
     vertex  2.222183e+00 -2.222183e+00  1.510000e+00
     vertex  6.545049e-01 -1.129530e+00  1.510000e+00
     vertex  2.047372e+00 -2.450000e+00  1.510000e+00
   endloop
 endfacet
 facet normal  0.000000e+00  0.000000e+00  1.000000e+00
   outer loop
     vertex  1.129530e+00 -6.545049e-01  1.510000e+00
     vertex  6.545049e-01 -1.129530e+00  1.510000e+00
     vertex  2.222183e+00 -2.222183e+00  1.510000e+00
   endloop
 endfacet
 facet normal  0.000000e+00  0.000000e+00  1.000000e+00
   outer loop
     vertex  1.129530e+00 -6.545049e-01  1.510000e+00
     vertex  2.222183e+00 -2.222183e+00  1.510000e+00
     vertex  2.450000e+00 -2.047372e+00  1.510000e+00
   endloop
 endfacet
 facet normal  0.000000e+00  0.000000e+00  1.000000e+00
   outer loop
     vertex  1.698348e+00 -2.970928e-01  1.510000e+00
     vertex  1.129530e+00 -6.545049e-01  1.510000e+00
     vertex  2.450000e+00 -2.047372e+00  1.510000e+00
   endloop
 endfacet
 facet normal  0.000000e+00  0.000000e+00  1.000000e+00
   outer loop
     vertex  1.698348e+00 -2.970928e-01  1.510000e+00
     vertex  2.450000e+00 -2.047372e+00  1.510000e+00
     vertex  2.715299e+00 -1.937482e+00  1.510000e+00
   endloop
 endfacet
 facet normal  0.000000e+00  0.000000e+00  1.000000e+00
   outer loop
     vertex  2.332437e+00 -7.521585e-02  1.510000e+00
     vertex  1.698348e+00 -2.970928e-01  1.510000e+00
     vertex  2.715299e+00 -1.937482e+00  1.510000e+00
   endloop
 endfacet
 facet normal  0.000000e+00  0.000000e+00  1.000000e+00
   outer loop
     vertex  2.332437e+00 -7.521585e-02  1.510000e+00
     vertex  2.715299e+00 -1.937482e+00  1.510000e+00
     vertex  3.000000e+00 -1.900000e+00  1.510000e+00
   endloop
 endfacet
 facet normal  0.000000e+00  0.000000e+00  1.000000e+00
   outer loop
     vertex  3.000000e+00  2.220446e-16  1.510000e+00
     vertex  3.000000e+00 -1.900000e+00  1.510000e+00
     vertex  3.284701e+00 -1.937482e+00  1.510000e+00
   endloop
 endfacet
 facet normal  0.000000e+00  0.000000e+00  1.000000e+00
   outer loop
     vertex  3.000000e+00  2.220446e-16  1.510000e+00
     vertex  3.284701e+00 -1.937482e+00  1.510000e+00
     vertex  3.550000e+00 -2.047372e+00  1.510000e+00
   endloop
 endfacet
 facet normal  0.000000e+00  0.000000e+00  1.000000e+00
   outer loop
     vertex  3.000000e+00  2.220446e-16  1.510000e+00
     vertex  3.550000e+00 -2.047372e+00  1.510000e+00
     vertex  3.777817e+00 -2.222183e+00  1.510000e+00
   endloop
 endfacet
 facet normal  0.000000e+00  0.000000e+00  1.000000e+00
   outer loop
     vertex  3.000000e+00  2.220446e-16  1.510000e+00
     vertex  3.777817e+00 -2.222183e+00  1.510000e+00
     vertex  3.952628e+00 -2.450000e+00  1.510000e+00
   endloop
 endfacet
 facet normal  0.000000e+00  0.000000e+00  1.000000e+00
   outer loop
     vertex  3.000000e+00  2.220446e-16  1.510000e+00
     vertex  2.332437e+00 -7.521585e-02  1.510000e+00
     vertex  3.000000e+00 -1.900000e+00  1.510000e+00
   endloop
 endfacet
 facet normal  0.000000e+00  0.000000e+00  1.000000e+00
   outer loop
     vertex  3.045000e+01 -2.695263e+01  1.510000e+00
     vertex  3.022218e+01 -2.677782e+01  1.510000e+00
     vertex  3.100000e+01 -2.900000e+01  1.510000e+00
   endloop
 endfacet
 facet normal  0.000000e+00  0.000000e+00  1.000000e+00
   outer loop
     vertex  3.004737e+01 -2.655000e+01  1.510000e+00
     vertex  3.952628e+00 -2.655000e+01  1.510000e+00
     vertex  3.000000e+00 -2.900000e+01  1.510000e+00
   endloop
 endfacet
 facet normal  0.000000e+00  0.000000e+00  1.000000e+00
   outer loop
     vertex  3.004737e+01 -2.655000e+01  1.510000e+00
     vertex  3.000000e+00 -2.900000e+01  1.510000e+00
     vertex  3.100000e+01 -2.900000e+01  1.510000e+00
   endloop
 endfacet
 facet normal  0.000000e+00  0.000000e+00  1.000000e+00
   outer loop
     vertex  3.004737e+01 -2.655000e+01  1.510000e+00
     vertex  3.100000e+01 -2.900000e+01  1.510000e+00
     vertex  3.022218e+01 -2.677782e+01  1.510000e+00
   endloop
 endfacet
 facet normal  0.000000e+00  0.000000e+00  1.000000e+00
   outer loop
     vertex  2.993748e+01 -2.628470e+01  1.510000e+00
     vertex  3.952628e+00 -2.655000e+01  1.510000e+00
     vertex  3.004737e+01 -2.655000e+01  1.510000e+00
   endloop
 endfacet
 facet normal  0.000000e+00  0.000000e+00  1.000000e+00
   outer loop
     vertex  2.993748e+01 -2.628470e+01  1.510000e+00
     vertex  4.062518e+00 -2.628470e+01  1.510000e+00
     vertex  3.952628e+00 -2.655000e+01  1.510000e+00
   endloop
 endfacet
 facet normal  0.000000e+00  0.000000e+00  1.000000e+00
   outer loop
     vertex  3.071530e+01 -2.706252e+01  1.510000e+00
     vertex  3.045000e+01 -2.695263e+01  1.510000e+00
     vertex  3.100000e+01 -2.900000e+01  1.510000e+00
   endloop
 endfacet
 facet normal  0.000000e+00  0.000000e+00  1.000000e+00
   outer loop
     vertex  2.990000e+01 -2.600000e+01  1.510000e+00
     vertex  4.062518e+00 -2.628470e+01  1.510000e+00
     vertex  2.993748e+01 -2.628470e+01  1.510000e+00
   endloop
 endfacet
 facet normal  0.000000e+00  0.000000e+00  1.000000e+00
   outer loop
     vertex  2.990000e+01 -2.600000e+01  1.510000e+00
     vertex  4.100000e+00 -2.600000e+01  1.510000e+00
     vertex  4.062518e+00 -2.628470e+01  1.510000e+00
   endloop
 endfacet
 facet normal  0.000000e+00  0.000000e+00  1.000000e+00
   outer loop
     vertex  3.100000e+01 -2.710000e+01  1.510000e+00
     vertex  3.071530e+01 -2.706252e+01  1.510000e+00
     vertex  3.100000e+01 -2.900000e+01  1.510000e+00
   endloop
 endfacet
 facet normal  0.000000e+00  0.000000e+00  1.000000e+00
   outer loop
     vertex  3.100000e+01 -2.710000e+01  1.510000e+00
     vertex  3.100000e+01 -2.900000e+01  1.510000e+00
     vertex  3.177646e+01 -2.889778e+01  1.510000e+00
   endloop
 endfacet
 facet normal  0.000000e+00  0.000000e+00  1.000000e+00
   outer loop
     vertex  2.993748e+01 -2.571530e+01  1.510000e+00
     vertex  4.100000e+00 -2.600000e+01  1.510000e+00
     vertex  2.990000e+01 -2.600000e+01  1.510000e+00
   endloop
 endfacet
 facet normal  0.000000e+00  0.000000e+00  1.000000e+00
   outer loop
     vertex  2.993748e+01 -2.571530e+01  1.510000e+00
     vertex  3.952628e+00 -2.545000e+01  1.510000e+00
     vertex  4.062518e+00 -2.571530e+01  1.510000e+00
   endloop
 endfacet
 facet normal  0.000000e+00  0.000000e+00  1.000000e+00
   outer loop
     vertex  2.993748e+01 -2.571530e+01  1.510000e+00
     vertex  4.062518e+00 -2.571530e+01  1.510000e+00
     vertex  4.100000e+00 -2.600000e+01  1.510000e+00
   endloop
 endfacet
 facet normal  0.000000e+00  0.000000e+00  1.000000e+00
   outer loop
     vertex  3.128470e+01 -2.706252e+01  1.510000e+00
     vertex  3.100000e+01 -2.710000e+01  1.510000e+00
     vertex  3.177646e+01 -2.889778e+01  1.510000e+00
   endloop
 endfacet
 facet normal  0.000000e+00  0.000000e+00  1.000000e+00
   outer loop
     vertex  3.128470e+01 -2.706252e+01  1.510000e+00
     vertex  3.177646e+01 -2.889778e+01  1.510000e+00
     vertex  3.250000e+01 -2.859808e+01  1.510000e+00
   endloop
 endfacet
 facet normal  0.000000e+00  0.000000e+00  1.000000e+00
   outer loop
     vertex  3.004737e+01 -2.545000e+01  1.510000e+00
     vertex  3.952628e+00 -2.545000e+01  1.510000e+00
     vertex  2.993748e+01 -2.571530e+01  1.510000e+00
   endloop
 endfacet
 facet normal  0.000000e+00  0.000000e+00  1.000000e+00
   outer loop
     vertex  3.155000e+01 -2.695263e+01  1.510000e+00
     vertex  3.128470e+01 -2.706252e+01  1.510000e+00
     vertex  3.250000e+01 -2.859808e+01  1.510000e+00
   endloop
 endfacet
 facet normal  0.000000e+00  0.000000e+00  1.000000e+00
   outer loop
     vertex  3.312132e+01 -2.812132e+01  1.510000e+00
     vertex  3.155000e+01 -2.695263e+01  1.510000e+00
     vertex  3.250000e+01 -2.859808e+01  1.510000e+00
   endloop
 endfacet
 facet normal  0.000000e+00  0.000000e+00  1.000000e+00
   outer loop
     vertex  3.312132e+01 -2.812132e+01  1.510000e+00
     vertex  3.177782e+01 -2.677782e+01  1.510000e+00
     vertex  3.155000e+01 -2.695263e+01  1.510000e+00
   endloop
 endfacet
 facet normal  0.000000e+00  0.000000e+00  1.000000e+00
   outer loop
     vertex  3.195263e+01 -2.655000e+01  1.510000e+00
     vertex  3.177782e+01 -2.677782e+01  1.510000e+00
     vertex  3.312132e+01 -2.812132e+01  1.510000e+00
   endloop
 endfacet
 facet normal  0.000000e+00  0.000000e+00  1.000000e+00
   outer loop
     vertex  3.359808e+01 -2.750000e+01  1.510000e+00
     vertex  3.195263e+01 -2.655000e+01  1.510000e+00
     vertex  3.312132e+01 -2.812132e+01  1.510000e+00
   endloop
 endfacet
 facet normal  0.000000e+00  0.000000e+00  1.000000e+00
   outer loop
     vertex  3.359808e+01 -2.750000e+01  1.510000e+00
     vertex  3.206252e+01 -2.628470e+01  1.510000e+00
     vertex  3.195263e+01 -2.655000e+01  1.510000e+00
   endloop
 endfacet
 facet normal  0.000000e+00  0.000000e+00  1.000000e+00
   outer loop
     vertex  3.389778e+01 -2.677646e+01  1.510000e+00
     vertex  3.206252e+01 -2.628470e+01  1.510000e+00
     vertex  3.359808e+01 -2.750000e+01  1.510000e+00
   endloop
 endfacet
 facet normal  0.000000e+00  0.000000e+00  1.000000e+00
   outer loop
     vertex  3.389778e+01 -2.677646e+01  1.510000e+00
     vertex  3.210000e+01 -2.600000e+01  1.510000e+00
     vertex  3.206252e+01 -2.628470e+01  1.510000e+00
   endloop
 endfacet
 facet normal  0.000000e+00  0.000000e+00  1.000000e+00
   outer loop
     vertex  3.400000e+01 -2.600000e+01  1.510000e+00
     vertex  3.210000e+01 -2.600000e+01  1.510000e+00
     vertex  3.389778e+01 -2.677646e+01  1.510000e+00
   endloop
 endfacet
 facet normal  0.000000e+00  0.000000e+00  1.000000e+00
   outer loop
     vertex  3.400000e+01 -2.600000e+01  1.510000e+00
     vertex  3.155000e+01 -2.504737e+01  1.510000e+00
     vertex  3.177782e+01 -2.522218e+01  1.510000e+00
   endloop
 endfacet
 facet normal  0.000000e+00  0.000000e+00  1.000000e+00
   outer loop
     vertex  3.400000e+01 -2.600000e+01  1.510000e+00
     vertex  3.177782e+01 -2.522218e+01  1.510000e+00
     vertex  3.195263e+01 -2.545000e+01  1.510000e+00
   endloop
 endfacet
 facet normal  0.000000e+00  0.000000e+00  1.000000e+00
   outer loop
     vertex  3.400000e+01 -2.600000e+01  1.510000e+00
     vertex  3.195263e+01 -2.545000e+01  1.510000e+00
     vertex  3.206252e+01 -2.571530e+01  1.510000e+00
   endloop
 endfacet
 facet normal  0.000000e+00  0.000000e+00  1.000000e+00
   outer loop
     vertex  3.400000e+01 -2.600000e+01  1.510000e+00
     vertex  3.206252e+01 -2.571530e+01  1.510000e+00
     vertex  3.210000e+01 -2.600000e+01  1.510000e+00
   endloop
 endfacet
 facet normal  0.000000e+00  0.000000e+00  1.000000e+00
   outer loop
     vertex  1.814645e+01 -3.553553e+00  1.510000e+00
     vertex  3.952628e+00 -3.550000e+00  1.510000e+00
     vertex  3.777817e+00 -3.777817e+00  1.510000e+00
   endloop
 endfacet
 facet normal  0.000000e+00  0.000000e+00  1.000000e+00
   outer loop
     vertex  1.825000e+01 -3.633013e+00  1.510000e+00
     vertex  3.777817e+00 -3.777817e+00  1.510000e+00
     vertex  3.550000e+00 -3.952628e+00  1.510000e+00
   endloop
 endfacet
 facet normal  0.000000e+00  0.000000e+00  1.000000e+00
   outer loop
     vertex  1.825000e+01 -3.633013e+00  1.510000e+00
     vertex  3.550000e+00 -3.952628e+00  1.510000e+00
     vertex  3.550000e+00 -2.504737e+01  1.510000e+00
   endloop
 endfacet
 facet normal  0.000000e+00  0.000000e+00  1.000000e+00
   outer loop
     vertex  1.825000e+01 -3.633013e+00  1.510000e+00
     vertex  3.550000e+00 -2.504737e+01  1.510000e+00
     vertex  3.777817e+00 -2.522218e+01  1.510000e+00
   endloop
 endfacet
 facet normal  0.000000e+00  0.000000e+00  1.000000e+00
   outer loop
     vertex  1.825000e+01 -3.633013e+00  1.510000e+00
     vertex  1.814645e+01 -3.553553e+00  1.510000e+00
     vertex  3.777817e+00 -3.777817e+00  1.510000e+00
   endloop
 endfacet
 facet normal  0.000000e+00  0.000000e+00  1.000000e+00
   outer loop
     vertex  1.806699e+01 -3.450000e+00  1.510000e+00
     vertex  3.952628e+00 -3.550000e+00  1.510000e+00
     vertex  1.814645e+01 -3.553553e+00  1.510000e+00
   endloop
 endfacet
 facet normal  0.000000e+00  0.000000e+00  1.000000e+00
   outer loop
     vertex  1.806699e+01 -3.450000e+00  1.510000e+00
     vertex  4.062518e+00 -3.284701e+00  1.510000e+00
     vertex  3.952628e+00 -3.550000e+00  1.510000e+00
   endloop
 endfacet
 facet normal  0.000000e+00  0.000000e+00  1.000000e+00
   outer loop
     vertex  1.837059e+01 -3.682963e+00  1.510000e+00
     vertex  1.825000e+01 -3.633013e+00  1.510000e+00
     vertex  3.777817e+00 -2.522218e+01  1.510000e+00
   endloop
 endfacet
 facet normal  0.000000e+00  0.000000e+00  1.000000e+00
   outer loop
     vertex  1.837059e+01 -3.682963e+00  1.510000e+00
     vertex  3.777817e+00 -2.522218e+01  1.510000e+00
     vertex  3.952628e+00 -2.545000e+01  1.510000e+00
   endloop
 endfacet
 facet normal  0.000000e+00  0.000000e+00  1.000000e+00
   outer loop
     vertex  1.801704e+01 -3.329410e+00  1.510000e+00
     vertex  4.062518e+00 -3.284701e+00  1.510000e+00
     vertex  1.806699e+01 -3.450000e+00  1.510000e+00
   endloop
 endfacet
 facet normal  0.000000e+00  0.000000e+00  1.000000e+00
   outer loop
     vertex  1.850000e+01 -3.700000e+00  1.510000e+00
     vertex  1.837059e+01 -3.682963e+00  1.510000e+00
     vertex  3.952628e+00 -2.545000e+01  1.510000e+00
   endloop
 endfacet
 facet normal  0.000000e+00  0.000000e+00  1.000000e+00
   outer loop
     vertex  1.850000e+01 -3.700000e+00  1.510000e+00
     vertex  3.004737e+01 -2.545000e+01  1.510000e+00
     vertex  3.022218e+01 -2.522218e+01  1.510000e+00
   endloop
 endfacet
 facet normal  0.000000e+00  0.000000e+00  1.000000e+00
   outer loop
     vertex  1.850000e+01 -3.700000e+00  1.510000e+00
     vertex  3.952628e+00 -2.545000e+01  1.510000e+00
     vertex  3.004737e+01 -2.545000e+01  1.510000e+00
   endloop
 endfacet
 facet normal  0.000000e+00  0.000000e+00  1.000000e+00
   outer loop
     vertex  1.800000e+01 -3.200000e+00  1.510000e+00
     vertex  4.062518e+00 -3.284701e+00  1.510000e+00
     vertex  1.801704e+01 -3.329410e+00  1.510000e+00
   endloop
 endfacet
 facet normal  0.000000e+00  0.000000e+00  1.000000e+00
   outer loop
     vertex  1.800000e+01 -3.200000e+00  1.510000e+00
     vertex  4.100000e+00 -3.000000e+00  1.510000e+00
     vertex  4.062518e+00 -3.284701e+00  1.510000e+00
   endloop
 endfacet
 facet normal  0.000000e+00  0.000000e+00  1.000000e+00
   outer loop
     vertex  1.801704e+01 -3.070590e+00  1.510000e+00
     vertex  4.100000e+00 -3.000000e+00  1.510000e+00
     vertex  1.800000e+01 -3.200000e+00  1.510000e+00
   endloop
 endfacet
 facet normal  0.000000e+00  0.000000e+00  1.000000e+00
   outer loop
     vertex  1.801704e+01 -3.070590e+00  1.510000e+00
     vertex  4.062518e+00 -2.715299e+00  1.510000e+00
     vertex  4.100000e+00 -3.000000e+00  1.510000e+00
   endloop
 endfacet
 facet normal  0.000000e+00  0.000000e+00  1.000000e+00
   outer loop
     vertex  1.806699e+01 -2.950000e+00  1.510000e+00
     vertex  3.000000e+00  2.220446e-16  1.510000e+00
     vertex  3.952628e+00 -2.450000e+00  1.510000e+00
   endloop
 endfacet
 facet normal  0.000000e+00  0.000000e+00  1.000000e+00
   outer loop
     vertex  1.806699e+01 -2.950000e+00  1.510000e+00
     vertex  4.062518e+00 -2.715299e+00  1.510000e+00
     vertex  1.801704e+01 -3.070590e+00  1.510000e+00
   endloop
 endfacet
 facet normal  0.000000e+00  0.000000e+00  1.000000e+00
   outer loop
     vertex  1.806699e+01 -2.950000e+00  1.510000e+00
     vertex  3.952628e+00 -2.450000e+00  1.510000e+00
     vertex  4.062518e+00 -2.715299e+00  1.510000e+00
   endloop
 endfacet
 facet normal  0.000000e+00  0.000000e+00  1.000000e+00
   outer loop
     vertex  1.814645e+01 -2.846447e+00  1.510000e+00
     vertex  3.000000e+00  2.220446e-16  1.510000e+00
     vertex  1.806699e+01 -2.950000e+00  1.510000e+00
   endloop
 endfacet
 facet normal  0.000000e+00  0.000000e+00  1.000000e+00
   outer loop
     vertex  1.825000e+01 -2.766987e+00  1.510000e+00
     vertex  3.000000e+00  2.220446e-16  1.510000e+00
     vertex  1.814645e+01 -2.846447e+00  1.510000e+00
   endloop
 endfacet
 facet normal  0.000000e+00  0.000000e+00  1.000000e+00
   outer loop
     vertex  1.837059e+01 -2.717037e+00  1.510000e+00
     vertex  3.000000e+00  2.220446e-16  1.510000e+00
     vertex  1.825000e+01 -2.766987e+00  1.510000e+00
   endloop
 endfacet
 facet normal  0.000000e+00  0.000000e+00  1.000000e+00
   outer loop
     vertex  2.079000e+01 -3.633013e+00  1.510000e+00
     vertex  1.885355e+01 -3.553553e+00  1.510000e+00
     vertex  1.875000e+01 -3.633013e+00  1.510000e+00
   endloop
 endfacet
 facet normal  0.000000e+00  0.000000e+00  1.000000e+00
   outer loop
     vertex  2.079000e+01 -3.633013e+00  1.510000e+00
     vertex  2.068645e+01 -3.553553e+00  1.510000e+00
     vertex  1.885355e+01 -3.553553e+00  1.510000e+00
   endloop
 endfacet
 facet normal  0.000000e+00  0.000000e+00  1.000000e+00
   outer loop
     vertex  2.060699e+01 -3.450000e+00  1.510000e+00
     vertex  1.898296e+01 -3.329410e+00  1.510000e+00
     vertex  1.893301e+01 -3.450000e+00  1.510000e+00
   endloop
 endfacet
 facet normal  0.000000e+00  0.000000e+00  1.000000e+00
   outer loop
     vertex  2.060699e+01 -3.450000e+00  1.510000e+00
     vertex  1.893301e+01 -3.450000e+00  1.510000e+00
     vertex  1.885355e+01 -3.553553e+00  1.510000e+00
   endloop
 endfacet
 facet normal  0.000000e+00  0.000000e+00  1.000000e+00
   outer loop
     vertex  2.060699e+01 -3.450000e+00  1.510000e+00
     vertex  1.885355e+01 -3.553553e+00  1.510000e+00
     vertex  2.068645e+01 -3.553553e+00  1.510000e+00
   endloop
 endfacet
 facet normal  0.000000e+00  0.000000e+00  1.000000e+00
   outer loop
     vertex  2.091059e+01 -3.682963e+00  1.510000e+00
     vertex  2.079000e+01 -3.633013e+00  1.510000e+00
     vertex  1.875000e+01 -3.633013e+00  1.510000e+00
   endloop
 endfacet
 facet normal  0.000000e+00  0.000000e+00  1.000000e+00
   outer loop
     vertex  2.091059e+01 -3.682963e+00  1.510000e+00
     vertex  1.875000e+01 -3.633013e+00  1.510000e+00
     vertex  1.862941e+01 -3.682963e+00  1.510000e+00
   endloop
 endfacet
 facet normal  0.000000e+00  0.000000e+00  1.000000e+00
   outer loop
     vertex  2.055704e+01 -3.329410e+00  1.510000e+00
     vertex  1.898296e+01 -3.329410e+00  1.510000e+00
     vertex  2.060699e+01 -3.450000e+00  1.510000e+00
   endloop
 endfacet
 facet normal  0.000000e+00  0.000000e+00  1.000000e+00
   outer loop
     vertex  2.104000e+01 -3.700000e+00  1.510000e+00
     vertex  2.091059e+01 -3.682963e+00  1.510000e+00
     vertex  1.862941e+01 -3.682963e+00  1.510000e+00
   endloop
 endfacet
 facet normal  0.000000e+00  0.000000e+00  1.000000e+00
   outer loop
     vertex  2.104000e+01 -3.700000e+00  1.510000e+00
     vertex  1.862941e+01 -3.682963e+00  1.510000e+00
     vertex  1.850000e+01 -3.700000e+00  1.510000e+00
   endloop
 endfacet
 facet normal  0.000000e+00  0.000000e+00  1.000000e+00
   outer loop
     vertex  2.104000e+01 -3.700000e+00  1.510000e+00
     vertex  1.850000e+01 -3.700000e+00  1.510000e+00
     vertex  3.022218e+01 -2.522218e+01  1.510000e+00
   endloop
 endfacet
 facet normal  0.000000e+00  0.000000e+00  1.000000e+00
   outer loop
     vertex  2.054000e+01 -3.200000e+00  1.510000e+00
     vertex  1.898296e+01 -3.070590e+00  1.510000e+00
     vertex  1.900000e+01 -3.200000e+00  1.510000e+00
   endloop
 endfacet
 facet normal  0.000000e+00  0.000000e+00  1.000000e+00
   outer loop
     vertex  2.054000e+01 -3.200000e+00  1.510000e+00
     vertex  1.900000e+01 -3.200000e+00  1.510000e+00
     vertex  1.898296e+01 -3.329410e+00  1.510000e+00
   endloop
 endfacet
 facet normal  0.000000e+00  0.000000e+00  1.000000e+00
   outer loop
     vertex  2.054000e+01 -3.200000e+00  1.510000e+00
     vertex  1.898296e+01 -3.329410e+00  1.510000e+00
     vertex  2.055704e+01 -3.329410e+00  1.510000e+00
   endloop
 endfacet
 facet normal  0.000000e+00  0.000000e+00  1.000000e+00
   outer loop
     vertex  2.055704e+01 -3.070590e+00  1.510000e+00
     vertex  1.898296e+01 -3.070590e+00  1.510000e+00
     vertex  2.054000e+01 -3.200000e+00  1.510000e+00
   endloop
 endfacet
 facet normal  0.000000e+00  0.000000e+00  1.000000e+00
   outer loop
     vertex  2.116941e+01 -3.682963e+00  1.510000e+00
     vertex  2.104000e+01 -3.700000e+00  1.510000e+00
     vertex  3.022218e+01 -2.522218e+01  1.510000e+00
   endloop
 endfacet
 facet normal  0.000000e+00  0.000000e+00  1.000000e+00
   outer loop
     vertex  2.116941e+01 -3.682963e+00  1.510000e+00
     vertex  3.022218e+01 -2.522218e+01  1.510000e+00
     vertex  3.045000e+01 -2.504737e+01  1.510000e+00
   endloop
 endfacet
 facet normal  0.000000e+00  0.000000e+00  1.000000e+00
   outer loop
     vertex  2.060699e+01 -2.950000e+00  1.510000e+00
     vertex  1.885355e+01 -2.846447e+00  1.510000e+00
     vertex  1.893301e+01 -2.950000e+00  1.510000e+00
   endloop
 endfacet
 facet normal  0.000000e+00  0.000000e+00  1.000000e+00
   outer loop
     vertex  2.060699e+01 -2.950000e+00  1.510000e+00
     vertex  1.893301e+01 -2.950000e+00  1.510000e+00
     vertex  1.898296e+01 -3.070590e+00  1.510000e+00
   endloop
 endfacet
 facet normal  0.000000e+00  0.000000e+00  1.000000e+00
   outer loop
     vertex  2.060699e+01 -2.950000e+00  1.510000e+00
     vertex  1.898296e+01 -3.070590e+00  1.510000e+00
     vertex  2.055704e+01 -3.070590e+00  1.510000e+00
   endloop
 endfacet
 facet normal  0.000000e+00  0.000000e+00  1.000000e+00
   outer loop
     vertex  2.068645e+01 -2.846447e+00  1.510000e+00
     vertex  1.885355e+01 -2.846447e+00  1.510000e+00
     vertex  2.060699e+01 -2.950000e+00  1.510000e+00
   endloop
 endfacet
 facet normal  0.000000e+00  0.000000e+00  1.000000e+00
   outer loop
     vertex  2.068645e+01 -2.846447e+00  1.510000e+00
     vertex  1.875000e+01 -2.766987e+00  1.510000e+00
     vertex  1.885355e+01 -2.846447e+00  1.510000e+00
   endloop
 endfacet
 facet normal  0.000000e+00  0.000000e+00  1.000000e+00
   outer loop
     vertex  2.079000e+01 -2.766987e+00  1.510000e+00
     vertex  1.862941e+01 -2.717037e+00  1.510000e+00
     vertex  1.875000e+01 -2.766987e+00  1.510000e+00
   endloop
 endfacet
 facet normal  0.000000e+00  0.000000e+00  1.000000e+00
   outer loop
     vertex  2.079000e+01 -2.766987e+00  1.510000e+00
     vertex  1.875000e+01 -2.766987e+00  1.510000e+00
     vertex  2.068645e+01 -2.846447e+00  1.510000e+00
   endloop
 endfacet
 facet normal  0.000000e+00  0.000000e+00  1.000000e+00
   outer loop
     vertex  2.091059e+01 -2.717037e+00  1.510000e+00
     vertex  1.862941e+01 -2.717037e+00  1.510000e+00
     vertex  2.079000e+01 -2.766987e+00  1.510000e+00
   endloop
 endfacet
 facet normal  0.000000e+00  0.000000e+00  1.000000e+00
   outer loop
     vertex  2.104000e+01 -2.700000e+00  1.510000e+00
     vertex  1.850000e+01 -2.700000e+00  1.510000e+00
     vertex  1.862941e+01 -2.717037e+00  1.510000e+00
   endloop
 endfacet
 facet normal  0.000000e+00  0.000000e+00  1.000000e+00
   outer loop
     vertex  2.104000e+01 -2.700000e+00  1.510000e+00
     vertex  1.862941e+01 -2.717037e+00  1.510000e+00
     vertex  2.091059e+01 -2.717037e+00  1.510000e+00
   endloop
 endfacet
 facet normal  0.000000e+00  0.000000e+00  1.000000e+00
   outer loop
     vertex  3.022218e+01 -3.777817e+00  1.510000e+00
     vertex  2.139355e+01 -3.553553e+00  1.510000e+00
     vertex  2.129000e+01 -3.633013e+00  1.510000e+00
   endloop
 endfacet
 facet normal  0.000000e+00  0.000000e+00  1.000000e+00
   outer loop
     vertex  3.045000e+01 -3.952628e+00  1.510000e+00
     vertex  2.116941e+01 -3.682963e+00  1.510000e+00
     vertex  3.045000e+01 -2.504737e+01  1.510000e+00
   endloop
 endfacet
 facet normal  0.000000e+00  0.000000e+00  1.000000e+00
   outer loop
     vertex  3.045000e+01 -3.952628e+00  1.510000e+00
     vertex  2.129000e+01 -3.633013e+00  1.510000e+00
     vertex  2.116941e+01 -3.682963e+00  1.510000e+00
   endloop
 endfacet
 facet normal  0.000000e+00  0.000000e+00  1.000000e+00
   outer loop
     vertex  3.045000e+01 -3.952628e+00  1.510000e+00
     vertex  3.022218e+01 -3.777817e+00  1.510000e+00
     vertex  2.129000e+01 -3.633013e+00  1.510000e+00
   endloop
 endfacet
 facet normal  0.000000e+00  0.000000e+00  1.000000e+00
   outer loop
     vertex  3.004737e+01 -3.550000e+00  1.510000e+00
     vertex  2.139355e+01 -3.553553e+00  1.510000e+00
     vertex  3.022218e+01 -3.777817e+00  1.510000e+00
   endloop
 endfacet
 facet normal  0.000000e+00  0.000000e+00  1.000000e+00
   outer loop
     vertex  3.004737e+01 -3.550000e+00  1.510000e+00
     vertex  2.147301e+01 -3.450000e+00  1.510000e+00
     vertex  2.139355e+01 -3.553553e+00  1.510000e+00
   endloop
 endfacet
 facet normal  0.000000e+00  0.000000e+00  1.000000e+00
   outer loop
     vertex  3.071530e+01 -4.062518e+00  1.510000e+00
     vertex  3.045000e+01 -3.952628e+00  1.510000e+00
     vertex  3.045000e+01 -2.504737e+01  1.510000e+00
   endloop
 endfacet
 facet normal  0.000000e+00  0.000000e+00  1.000000e+00
   outer loop
     vertex  3.071530e+01 -4.062518e+00  1.510000e+00
     vertex  3.045000e+01 -2.504737e+01  1.510000e+00
     vertex  3.071530e+01 -2.493748e+01  1.510000e+00
   endloop
 endfacet
 facet normal  0.000000e+00  0.000000e+00  1.000000e+00
   outer loop
     vertex  3.071530e+01 -4.062518e+00  1.510000e+00
     vertex  3.071530e+01 -2.493748e+01  1.510000e+00
     vertex  3.100000e+01 -2.490000e+01  1.510000e+00
   endloop
 endfacet
 facet normal  0.000000e+00  0.000000e+00  1.000000e+00
   outer loop
     vertex  2.993748e+01 -3.284701e+00  1.510000e+00
     vertex  2.147301e+01 -3.450000e+00  1.510000e+00
     vertex  3.004737e+01 -3.550000e+00  1.510000e+00
   endloop
 endfacet
 facet normal  0.000000e+00  0.000000e+00  1.000000e+00
   outer loop
     vertex  2.993748e+01 -3.284701e+00  1.510000e+00
     vertex  2.154000e+01 -3.200000e+00  1.510000e+00
     vertex  2.152296e+01 -3.329410e+00  1.510000e+00
   endloop
 endfacet
 facet normal  0.000000e+00  0.000000e+00  1.000000e+00
   outer loop
     vertex  2.993748e+01 -3.284701e+00  1.510000e+00
     vertex  2.152296e+01 -3.329410e+00  1.510000e+00
     vertex  2.147301e+01 -3.450000e+00  1.510000e+00
   endloop
 endfacet
 facet normal  0.000000e+00  0.000000e+00  1.000000e+00
   outer loop
     vertex  3.100000e+01 -4.100000e+00  1.510000e+00
     vertex  3.071530e+01 -4.062518e+00  1.510000e+00
     vertex  3.100000e+01 -2.490000e+01  1.510000e+00
   endloop
 endfacet
 facet normal  0.000000e+00  0.000000e+00  1.000000e+00
   outer loop
     vertex  2.990000e+01 -3.000000e+00  1.510000e+00
     vertex  2.152296e+01 -3.070590e+00  1.510000e+00
     vertex  2.154000e+01 -3.200000e+00  1.510000e+00
   endloop
 endfacet
 facet normal  0.000000e+00  0.000000e+00  1.000000e+00
   outer loop
     vertex  2.990000e+01 -3.000000e+00  1.510000e+00
     vertex  2.154000e+01 -3.200000e+00  1.510000e+00
     vertex  2.993748e+01 -3.284701e+00  1.510000e+00
   endloop
 endfacet
 facet normal  0.000000e+00  0.000000e+00  1.000000e+00
   outer loop
     vertex  2.993748e+01 -2.715299e+00  1.510000e+00
     vertex  2.152296e+01 -3.070590e+00  1.510000e+00
     vertex  2.990000e+01 -3.000000e+00  1.510000e+00
   endloop
 endfacet
 facet normal  0.000000e+00  0.000000e+00  1.000000e+00
   outer loop
     vertex  2.993748e+01 -2.715299e+00  1.510000e+00
     vertex  2.147301e+01 -2.950000e+00  1.510000e+00
     vertex  2.152296e+01 -3.070590e+00  1.510000e+00
   endloop
 endfacet
 facet normal  0.000000e+00  0.000000e+00  1.000000e+00
   outer loop
     vertex  3.128470e+01 -4.062518e+00  1.510000e+00
     vertex  3.100000e+01 -2.490000e+01  1.510000e+00
     vertex  3.128470e+01 -2.493748e+01  1.510000e+00
   endloop
 endfacet
 facet normal  0.000000e+00  0.000000e+00  1.000000e+00
   outer loop
     vertex  3.128470e+01 -4.062518e+00  1.510000e+00
     vertex  3.100000e+01 -4.100000e+00  1.510000e+00
     vertex  3.100000e+01 -2.490000e+01  1.510000e+00
   endloop
 endfacet
 facet normal  0.000000e+00  0.000000e+00  1.000000e+00
   outer loop
     vertex  3.004737e+01 -2.450000e+00  1.510000e+00
     vertex  2.147301e+01 -2.950000e+00  1.510000e+00
     vertex  2.993748e+01 -2.715299e+00  1.510000e+00
   endloop
 endfacet
 facet normal  0.000000e+00  0.000000e+00  1.000000e+00
   outer loop
     vertex  3.004737e+01 -2.450000e+00  1.510000e+00
     vertex  2.139355e+01 -2.846447e+00  1.510000e+00
     vertex  2.147301e+01 -2.950000e+00  1.510000e+00
   endloop
 endfacet
 facet normal  0.000000e+00  0.000000e+00  1.000000e+00
   outer loop
     vertex  3.155000e+01 -3.952628e+00  1.510000e+00
     vertex  3.128470e+01 -2.493748e+01  1.510000e+00
     vertex  3.155000e+01 -2.504737e+01  1.510000e+00
   endloop
 endfacet
 facet normal  0.000000e+00  0.000000e+00  1.000000e+00
   outer loop
     vertex  3.155000e+01 -3.952628e+00  1.510000e+00
     vertex  3.128470e+01 -4.062518e+00  1.510000e+00
     vertex  3.128470e+01 -2.493748e+01  1.510000e+00
   endloop
 endfacet
 facet normal  0.000000e+00  0.000000e+00  1.000000e+00
   outer loop
     vertex  3.100000e+01  0.000000e+00  1.510000e+00
     vertex  2.104000e+01 -2.700000e+00  1.510000e+00
     vertex  2.116941e+01 -2.717037e+00  1.510000e+00
   endloop
 endfacet
 facet normal  0.000000e+00  0.000000e+00  1.000000e+00
   outer loop
     vertex  3.100000e+01  0.000000e+00  1.510000e+00
     vertex  2.116941e+01 -2.717037e+00  1.510000e+00
     vertex  2.129000e+01 -2.766987e+00  1.510000e+00
   endloop
 endfacet
 facet normal  0.000000e+00  0.000000e+00  1.000000e+00
   outer loop
     vertex  3.100000e+01  0.000000e+00  1.510000e+00
     vertex  2.129000e+01 -2.766987e+00  1.510000e+00
     vertex  2.139355e+01 -2.846447e+00  1.510000e+00
   endloop
 endfacet
 facet normal  0.000000e+00  0.000000e+00  1.000000e+00
   outer loop
     vertex  3.100000e+01  0.000000e+00  1.510000e+00
     vertex  3.004737e+01 -2.450000e+00  1.510000e+00
     vertex  3.022218e+01 -2.222183e+00  1.510000e+00
   endloop
 endfacet
 facet normal  0.000000e+00  0.000000e+00  1.000000e+00
   outer loop
     vertex  3.100000e+01  0.000000e+00  1.510000e+00
     vertex  3.022218e+01 -2.222183e+00  1.510000e+00
     vertex  3.045000e+01 -2.047372e+00  1.510000e+00
   endloop
 endfacet
 facet normal  0.000000e+00  0.000000e+00  1.000000e+00
   outer loop
     vertex  3.100000e+01  0.000000e+00  1.510000e+00
     vertex  3.045000e+01 -2.047372e+00  1.510000e+00
     vertex  3.071530e+01 -1.937482e+00  1.510000e+00
   endloop
 endfacet
 facet normal  0.000000e+00  0.000000e+00  1.000000e+00
   outer loop
     vertex  3.100000e+01  0.000000e+00  1.510000e+00
     vertex  3.071530e+01 -1.937482e+00  1.510000e+00
     vertex  3.100000e+01 -1.900000e+00  1.510000e+00
   endloop
 endfacet
 facet normal  0.000000e+00  0.000000e+00  1.000000e+00
   outer loop
     vertex  3.100000e+01  0.000000e+00  1.510000e+00
     vertex  2.139355e+01 -2.846447e+00  1.510000e+00
     vertex  3.004737e+01 -2.450000e+00  1.510000e+00
   endloop
 endfacet
 facet normal  0.000000e+00  0.000000e+00  1.000000e+00
   outer loop
     vertex  3.400000e+01 -3.000000e+00  1.510000e+00
     vertex  3.155000e+01 -2.504737e+01  1.510000e+00
     vertex  3.400000e+01 -2.600000e+01  1.510000e+00
   endloop
 endfacet
 facet normal  0.000000e+00  0.000000e+00  1.000000e+00
   outer loop
     vertex  3.400000e+01 -3.000000e+00  1.510000e+00
     vertex  3.210000e+01 -3.000000e+00  1.510000e+00
     vertex  3.206252e+01 -3.284701e+00  1.510000e+00
   endloop
 endfacet
 facet normal  0.000000e+00  0.000000e+00  1.000000e+00
   outer loop
     vertex  3.400000e+01 -3.000000e+00  1.510000e+00
     vertex  3.206252e+01 -3.284701e+00  1.510000e+00
     vertex  3.195263e+01 -3.550000e+00  1.510000e+00
   endloop
 endfacet
 facet normal  0.000000e+00  0.000000e+00  1.000000e+00
   outer loop
     vertex  3.400000e+01 -3.000000e+00  1.510000e+00
     vertex  3.195263e+01 -3.550000e+00  1.510000e+00
     vertex  3.177782e+01 -3.777817e+00  1.510000e+00
   endloop
 endfacet
 facet normal  0.000000e+00  0.000000e+00  1.000000e+00
   outer loop
     vertex  3.400000e+01 -3.000000e+00  1.510000e+00
     vertex  3.177782e+01 -3.777817e+00  1.510000e+00
     vertex  3.155000e+01 -3.952628e+00  1.510000e+00
   endloop
 endfacet
 facet normal  0.000000e+00  0.000000e+00  1.000000e+00
   outer loop
     vertex  3.400000e+01 -3.000000e+00  1.510000e+00
     vertex  3.155000e+01 -3.952628e+00  1.510000e+00
     vertex  3.155000e+01 -2.504737e+01  1.510000e+00
   endloop
 endfacet
 facet normal  0.000000e+00  0.000000e+00  1.000000e+00
   outer loop
     vertex  3.166756e+01 -7.521617e-02  1.510000e+00
     vertex  3.100000e+01 -1.900000e+00  1.510000e+00
     vertex  3.128470e+01 -1.937482e+00  1.510000e+00
   endloop
 endfacet
 facet normal  0.000000e+00  0.000000e+00  1.000000e+00
   outer loop
     vertex  3.166756e+01 -7.521617e-02  1.510000e+00
     vertex  3.100000e+01  0.000000e+00  1.510000e+00
     vertex  3.100000e+01 -1.900000e+00  1.510000e+00
   endloop
 endfacet
 facet normal  0.000000e+00  0.000000e+00  1.000000e+00
   outer loop
     vertex  3.392478e+01 -2.332437e+00  1.510000e+00
     vertex  3.206252e+01 -2.715299e+00  1.510000e+00
     vertex  3.210000e+01 -3.000000e+00  1.510000e+00
   endloop
 endfacet
 facet normal  0.000000e+00  0.000000e+00  1.000000e+00
   outer loop
     vertex  3.392478e+01 -2.332437e+00  1.510000e+00
     vertex  3.210000e+01 -3.000000e+00  1.510000e+00
     vertex  3.400000e+01 -3.000000e+00  1.510000e+00
   endloop
 endfacet
 facet normal  0.000000e+00  0.000000e+00  1.000000e+00
   outer loop
     vertex  3.230165e+01 -2.970932e-01  1.510000e+00
     vertex  3.166756e+01 -7.521617e-02  1.510000e+00
     vertex  3.128470e+01 -1.937482e+00  1.510000e+00
   endloop
 endfacet
 facet normal  0.000000e+00  0.000000e+00  1.000000e+00
   outer loop
     vertex  3.230165e+01 -2.970932e-01  1.510000e+00
     vertex  3.128470e+01 -1.937482e+00  1.510000e+00
     vertex  3.155000e+01 -2.047372e+00  1.510000e+00
   endloop
 endfacet
 facet normal  0.000000e+00  0.000000e+00  1.000000e+00
   outer loop
     vertex  3.370291e+01 -1.698349e+00  1.510000e+00
     vertex  3.206252e+01 -2.715299e+00  1.510000e+00
     vertex  3.392478e+01 -2.332437e+00  1.510000e+00
   endloop
 endfacet
 facet normal  0.000000e+00  0.000000e+00  1.000000e+00
   outer loop
     vertex  3.370291e+01 -1.698349e+00  1.510000e+00
     vertex  3.195263e+01 -2.450000e+00  1.510000e+00
     vertex  3.206252e+01 -2.715299e+00  1.510000e+00
   endloop
 endfacet
 facet normal  0.000000e+00  0.000000e+00  1.000000e+00
   outer loop
     vertex  3.287047e+01 -6.545054e-01  1.510000e+00
     vertex  3.230165e+01 -2.970932e-01  1.510000e+00
     vertex  3.155000e+01 -2.047372e+00  1.510000e+00
   endloop
 endfacet
 facet normal  0.000000e+00  0.000000e+00  1.000000e+00
   outer loop
     vertex  3.287047e+01 -6.545054e-01  1.510000e+00
     vertex  3.155000e+01 -2.047372e+00  1.510000e+00
     vertex  3.177782e+01 -2.222183e+00  1.510000e+00
   endloop
 endfacet
 facet normal  0.000000e+00  0.000000e+00  1.000000e+00
   outer loop
     vertex  3.334549e+01 -1.129530e+00  1.510000e+00
     vertex  3.195263e+01 -2.450000e+00  1.510000e+00
     vertex  3.370291e+01 -1.698349e+00  1.510000e+00
   endloop
 endfacet
 facet normal  0.000000e+00  0.000000e+00  1.000000e+00
   outer loop
     vertex  3.334549e+01 -1.129530e+00  1.510000e+00
     vertex  3.287047e+01 -6.545054e-01  1.510000e+00
     vertex  3.177782e+01 -2.222183e+00  1.510000e+00
   endloop
 endfacet
 facet normal  0.000000e+00  0.000000e+00  1.000000e+00
   outer loop
     vertex  3.334549e+01 -1.129530e+00  1.510000e+00
     vertex  3.177782e+01 -2.222183e+00  1.510000e+00
     vertex  3.195263e+01 -2.450000e+00  1.510000e+00
   endloop
 endfacet
 facet normal  0.000000e+00  0.000000e+00  1.000000e+00
   outer loop
     vertex  3.100000e+01  0.000000e+00  1.510000e+00
     vertex  3.000000e+00  2.220446e-16  1.510000e+00
     vertex  1.850000e+01 -2.700000e+00  1.510000e+00
   endloop
 endfacet
 facet normal  0.000000e+00  0.000000e+00  1.000000e+00
   outer loop
     vertex  1.850000e+01 -2.700000e+00  1.510000e+00
     vertex  3.000000e+00  2.220446e-16  1.510000e+00
     vertex  1.837059e+01 -2.717037e+00  1.510000e+00
   endloop
 endfacet
 facet normal  0.000000e+00  0.000000e+00  1.000000e+00
   outer loop
     vertex  3.100000e+01  0.000000e+00  1.510000e+00
     vertex  1.850000e+01 -2.700000e+00  1.510000e+00
     vertex  2.104000e+01 -2.700000e+00  1.510000e+00
   endloop
 endfacet
 facet normal -9.937123e-01  1.119638e-01  0.000000e+00
   outer loop
     vertex  7.521585e-02 -2.332437e+00  0.000000e+00
     vertex  2.220446e-16 -3.000000e+00  0.000000e+00
     vertex  2.220446e-16 -3.000000e+00  1.510000e+00
   endloop
 endfacet
 facet normal -9.937123e-01  1.119638e-01  0.000000e+00
   outer loop
     vertex  7.521585e-02 -2.332437e+00  0.000000e+00
     vertex  2.220446e-16 -3.000000e+00  1.510000e+00
     vertex  7.521585e-02 -2.332437e+00  1.510000e+00
   endloop
 endfacet
 facet normal -9.438835e-01  3.302787e-01  0.000000e+00
   outer loop
     vertex  2.970928e-01 -1.698348e+00  0.000000e+00
     vertex  7.521585e-02 -2.332437e+00  1.510000e+00
     vertex  2.970928e-01 -1.698348e+00  1.510000e+00
   endloop
 endfacet
 facet normal -9.438835e-01  3.302787e-01  0.000000e+00
   outer loop
     vertex  2.970928e-01 -1.698348e+00  0.000000e+00
     vertex  7.521585e-02 -2.332437e+00  0.000000e+00
     vertex  7.521585e-02 -2.332437e+00  1.510000e+00
   endloop
 endfacet
 facet normal -8.467243e-01  5.320319e-01  0.000000e+00
   outer loop
     vertex  6.545049e-01 -1.129530e+00  0.000000e+00
     vertex  2.970928e-01 -1.698348e+00  1.510000e+00
     vertex  6.545049e-01 -1.129530e+00  1.510000e+00
   endloop
 endfacet
 facet normal -8.467243e-01  5.320319e-01  0.000000e+00
   outer loop
     vertex  6.545049e-01 -1.129530e+00  0.000000e+00
     vertex  2.970928e-01 -1.698348e+00  0.000000e+00
     vertex  2.970928e-01 -1.698348e+00  1.510000e+00
   endloop
 endfacet
 facet normal -7.071068e-01  7.071068e-01  0.000000e+00
   outer loop
     vertex  1.129530e+00 -6.545049e-01  0.000000e+00
     vertex  6.545049e-01 -1.129530e+00  1.510000e+00
     vertex  1.129530e+00 -6.545049e-01  1.510000e+00
   endloop
 endfacet
 facet normal -7.071068e-01  7.071068e-01  0.000000e+00
   outer loop
     vertex  1.129530e+00 -6.545049e-01  0.000000e+00
     vertex  6.545049e-01 -1.129530e+00  0.000000e+00
     vertex  6.545049e-01 -1.129530e+00  1.510000e+00
   endloop
 endfacet
 facet normal -5.320319e-01  8.467243e-01  0.000000e+00
   outer loop
     vertex  1.698348e+00 -2.970928e-01  0.000000e+00
     vertex  1.129530e+00 -6.545049e-01  1.510000e+00
     vertex  1.698348e+00 -2.970928e-01  1.510000e+00
   endloop
 endfacet
 facet normal -5.320319e-01  8.467243e-01  0.000000e+00
   outer loop
     vertex  1.698348e+00 -2.970928e-01  0.000000e+00
     vertex  1.129530e+00 -6.545049e-01  0.000000e+00
     vertex  1.129530e+00 -6.545049e-01  1.510000e+00
   endloop
 endfacet
 facet normal -3.302787e-01  9.438835e-01  0.000000e+00
   outer loop
     vertex  2.332437e+00 -7.521585e-02  0.000000e+00
     vertex  1.698348e+00 -2.970928e-01  1.510000e+00
     vertex  2.332437e+00 -7.521585e-02  1.510000e+00
   endloop
 endfacet
 facet normal -1.119638e-01  9.937123e-01  0.000000e+00
   outer loop
     vertex  2.332437e+00 -7.521585e-02  0.000000e+00
     vertex  2.332437e+00 -7.521585e-02  1.510000e+00
     vertex  3.000000e+00  2.220446e-16  1.510000e+00
   endloop
 endfacet
 facet normal -3.302787e-01  9.438835e-01  0.000000e+00
   outer loop
     vertex  2.332437e+00 -7.521585e-02  0.000000e+00
     vertex  1.698348e+00 -2.970928e-01  0.000000e+00
     vertex  1.698348e+00 -2.970928e-01  1.510000e+00
   endloop
 endfacet
 facet normal -1.119638e-01  9.937123e-01  0.000000e+00
   outer loop
     vertex  3.000000e+00  2.220446e-16  0.000000e+00
     vertex  2.332437e+00 -7.521585e-02  0.000000e+00
     vertex  3.000000e+00  2.220446e-16  1.510000e+00
   endloop
 endfacet
 facet normal  9.914448e-01 -1.305265e-01  0.000000e+00
   outer loop
     vertex  3.389778e+01 -2.677646e+01  0.000000e+00
     vertex  3.400000e+01 -2.600000e+01  0.000000e+00
     vertex  3.400000e+01 -2.600000e+01  1.510000e+00
   endloop
 endfacet
 facet normal  9.914448e-01 -1.305265e-01  0.000000e+00
   outer loop
     vertex  3.389778e+01 -2.677646e+01  0.000000e+00
     vertex  3.400000e+01 -2.600000e+01  1.510000e+00
     vertex  3.389778e+01 -2.677646e+01  1.510000e+00
   endloop
 endfacet
 facet normal  9.238795e-01 -3.826836e-01  0.000000e+00
   outer loop
     vertex  3.359808e+01 -2.750000e+01  0.000000e+00
     vertex  3.389778e+01 -2.677646e+01  1.510000e+00
     vertex  3.359808e+01 -2.750000e+01  1.510000e+00
   endloop
 endfacet
 facet normal  9.238795e-01 -3.826836e-01  0.000000e+00
   outer loop
     vertex  3.359808e+01 -2.750000e+01  0.000000e+00
     vertex  3.389778e+01 -2.677646e+01  0.000000e+00
     vertex  3.389778e+01 -2.677646e+01  1.510000e+00
   endloop
 endfacet
 facet normal  7.933533e-01 -6.087615e-01  0.000000e+00
   outer loop
     vertex  3.312132e+01 -2.812132e+01  0.000000e+00
     vertex  3.359808e+01 -2.750000e+01  1.510000e+00
     vertex  3.312132e+01 -2.812132e+01  1.510000e+00
   endloop
 endfacet
 facet normal  7.933533e-01 -6.087615e-01  0.000000e+00
   outer loop
     vertex  3.312132e+01 -2.812132e+01  0.000000e+00
     vertex  3.359808e+01 -2.750000e+01  0.000000e+00
     vertex  3.359808e+01 -2.750000e+01  1.510000e+00
   endloop
 endfacet
 facet normal  6.087615e-01 -7.933533e-01  0.000000e+00
   outer loop
     vertex  3.250000e+01 -2.859808e+01  0.000000e+00
     vertex  3.312132e+01 -2.812132e+01  1.510000e+00
     vertex  3.250000e+01 -2.859808e+01  1.510000e+00
   endloop
 endfacet
 facet normal  6.087615e-01 -7.933533e-01  0.000000e+00
   outer loop
     vertex  3.250000e+01 -2.859808e+01  0.000000e+00
     vertex  3.312132e+01 -2.812132e+01  0.000000e+00
     vertex  3.312132e+01 -2.812132e+01  1.510000e+00
   endloop
 endfacet
 facet normal  3.826836e-01 -9.238795e-01  0.000000e+00
   outer loop
     vertex  3.177646e+01 -2.889778e+01  0.000000e+00
     vertex  3.250000e+01 -2.859808e+01  1.510000e+00
     vertex  3.177646e+01 -2.889778e+01  1.510000e+00
   endloop
 endfacet
 facet normal  3.826836e-01 -9.238795e-01  0.000000e+00
   outer loop
     vertex  3.177646e+01 -2.889778e+01  0.000000e+00
     vertex  3.250000e+01 -2.859808e+01  0.000000e+00
     vertex  3.250000e+01 -2.859808e+01  1.510000e+00
   endloop
 endfacet
 facet normal  1.305265e-01 -9.914448e-01  0.000000e+00
   outer loop
     vertex  3.100000e+01 -2.900000e+01  0.000000e+00
     vertex  3.177646e+01 -2.889778e+01  1.510000e+00
     vertex  3.100000e+01 -2.900000e+01  1.510000e+00
   endloop
 endfacet
 facet normal  1.305265e-01 -9.914448e-01  0.000000e+00
   outer loop
     vertex  3.100000e+01 -2.900000e+01  0.000000e+00
     vertex  3.177646e+01 -2.889778e+01  0.000000e+00
     vertex  3.177646e+01 -2.889778e+01  1.510000e+00
   endloop
 endfacet
 facet normal -1.000000e+00  4.827057e-17  0.000000e+00
   outer loop
     vertex  2.220446e-16 -3.000000e+00  0.000000e+00
     vertex -8.881784e-16 -2.600000e+01  0.000000e+00
     vertex -8.881784e-16 -2.600000e+01  1.510000e+00
   endloop
 endfacet
 facet normal -1.000000e+00  4.827057e-17  0.000000e+00
   outer loop
     vertex  2.220446e-16 -3.000000e+00  0.000000e+00
     vertex -8.881784e-16 -2.600000e+01  1.510000e+00
     vertex  2.220446e-16 -3.000000e+00  1.510000e+00
   endloop
 endfacet
 facet normal  0.000000e+00 -1.000000e+00  0.000000e+00
   outer loop
     vertex  3.000000e+00 -2.900000e+01  0.000000e+00
     vertex  3.100000e+01 -2.900000e+01  0.000000e+00
     vertex  3.100000e+01 -2.900000e+01  1.510000e+00
   endloop
 endfacet
 facet normal  0.000000e+00 -1.000000e+00  0.000000e+00
   outer loop
     vertex  3.000000e+00 -2.900000e+01  0.000000e+00
     vertex  3.100000e+01 -2.900000e+01  1.510000e+00
     vertex  3.000000e+00 -2.900000e+01  1.510000e+00
   endloop
 endfacet
 facet normal -1.119643e-01 -9.937122e-01  0.000000e+00
   outer loop
     vertex  2.332437e+00 -2.892478e+01  0.000000e+00
     vertex  3.000000e+00 -2.900000e+01  0.000000e+00
     vertex  3.000000e+00 -2.900000e+01  1.510000e+00
   endloop
 endfacet
 facet normal -1.119643e-01 -9.937122e-01  0.000000e+00
   outer loop
     vertex  2.332437e+00 -2.892478e+01  0.000000e+00
     vertex  3.000000e+00 -2.900000e+01  1.510000e+00
     vertex  2.332437e+00 -2.892478e+01  1.510000e+00
   endloop
 endfacet
 facet normal -3.302790e-01 -9.438834e-01  0.000000e+00
   outer loop
     vertex  1.698349e+00 -2.870291e+01  0.000000e+00
     vertex  2.332437e+00 -2.892478e+01  1.510000e+00
     vertex  1.698349e+00 -2.870291e+01  1.510000e+00
   endloop
 endfacet
 facet normal -3.302790e-01 -9.438834e-01  0.000000e+00
   outer loop
     vertex  1.698349e+00 -2.870291e+01  0.000000e+00
     vertex  2.332437e+00 -2.892478e+01  0.000000e+00
     vertex  2.332437e+00 -2.892478e+01  1.510000e+00
   endloop
 endfacet
 facet normal -5.320320e-01 -8.467242e-01  0.000000e+00
   outer loop
     vertex  1.129530e+00 -2.834549e+01  0.000000e+00
     vertex  1.698349e+00 -2.870291e+01  1.510000e+00
     vertex  1.129530e+00 -2.834549e+01  1.510000e+00
   endloop
 endfacet
 facet normal -5.320320e-01 -8.467242e-01  0.000000e+00
   outer loop
     vertex  1.129530e+00 -2.834549e+01  0.000000e+00
     vertex  1.698349e+00 -2.870291e+01  0.000000e+00
     vertex  1.698349e+00 -2.870291e+01  1.510000e+00
   endloop
 endfacet
 facet normal -7.071068e-01 -7.071068e-01  0.000000e+00
   outer loop
     vertex  6.545054e-01 -2.787047e+01  0.000000e+00
     vertex  1.129530e+00 -2.834549e+01  1.510000e+00
     vertex  6.545054e-01 -2.787047e+01  1.510000e+00
   endloop
 endfacet
 facet normal -7.071068e-01 -7.071068e-01  0.000000e+00
   outer loop
     vertex  6.545054e-01 -2.787047e+01  0.000000e+00
     vertex  1.129530e+00 -2.834549e+01  0.000000e+00
     vertex  1.129530e+00 -2.834549e+01  1.510000e+00
   endloop
 endfacet
 facet normal -8.467242e-01 -5.320320e-01  0.000000e+00
   outer loop
     vertex  2.970932e-01 -2.730165e+01  0.000000e+00
     vertex  6.545054e-01 -2.787047e+01  1.510000e+00
     vertex  2.970932e-01 -2.730165e+01  1.510000e+00
   endloop
 endfacet
 facet normal -8.467242e-01 -5.320320e-01  0.000000e+00
   outer loop
     vertex  2.970932e-01 -2.730165e+01  0.000000e+00
     vertex  6.545054e-01 -2.787047e+01  0.000000e+00
     vertex  6.545054e-01 -2.787047e+01  1.510000e+00
   endloop
 endfacet
 facet normal -9.438834e-01 -3.302790e-01  0.000000e+00
   outer loop
     vertex  7.521617e-02 -2.666756e+01  0.000000e+00
     vertex  2.970932e-01 -2.730165e+01  1.510000e+00
     vertex  7.521617e-02 -2.666756e+01  1.510000e+00
   endloop
 endfacet
 facet normal -9.438834e-01 -3.302790e-01  0.000000e+00
   outer loop
     vertex  7.521617e-02 -2.666756e+01  0.000000e+00
     vertex  2.970932e-01 -2.730165e+01  0.000000e+00
     vertex  2.970932e-01 -2.730165e+01  1.510000e+00
   endloop
 endfacet
 facet normal -9.937122e-01 -1.119643e-01  0.000000e+00
   outer loop
     vertex -8.881784e-16 -2.600000e+01  0.000000e+00
     vertex  7.521617e-02 -2.666756e+01  1.510000e+00
     vertex -8.881784e-16 -2.600000e+01  1.510000e+00
   endloop
 endfacet
 facet normal -9.937122e-01 -1.119643e-01  0.000000e+00
   outer loop
     vertex -8.881784e-16 -2.600000e+01  0.000000e+00
     vertex  7.521617e-02 -2.666756e+01  0.000000e+00
     vertex  7.521617e-02 -2.666756e+01  1.510000e+00
   endloop
 endfacet
 facet normal -1.305262e-01  9.914449e-01  0.000000e+00
   outer loop
     vertex  3.284701e+00 -2.706252e+01  0.000000e+00
     vertex  3.000000e+00 -2.710000e+01  0.000000e+00
     vertex  3.000000e+00 -2.710000e+01  1.510000e+00
   endloop
 endfacet
 facet normal -1.305262e-01  9.914449e-01  0.000000e+00
   outer loop
     vertex  3.284701e+00 -2.706252e+01  0.000000e+00
     vertex  3.000000e+00 -2.710000e+01  1.510000e+00
     vertex  3.284701e+00 -2.706252e+01  1.510000e+00
   endloop
 endfacet
 facet normal -3.826834e-01  9.238795e-01  0.000000e+00
   outer loop
     vertex  3.550000e+00 -2.695263e+01  0.000000e+00
     vertex  3.284701e+00 -2.706252e+01  1.510000e+00
     vertex  3.550000e+00 -2.695263e+01  1.510000e+00
   endloop
 endfacet
 facet normal -3.826834e-01  9.238795e-01  0.000000e+00
   outer loop
     vertex  3.550000e+00 -2.695263e+01  0.000000e+00
     vertex  3.284701e+00 -2.706252e+01  0.000000e+00
     vertex  3.284701e+00 -2.706252e+01  1.510000e+00
   endloop
 endfacet
 facet normal -6.087614e-01  7.933533e-01  0.000000e+00
   outer loop
     vertex  3.777817e+00 -2.677782e+01  0.000000e+00
     vertex  3.550000e+00 -2.695263e+01  1.510000e+00
     vertex  3.777817e+00 -2.677782e+01  1.510000e+00
   endloop
 endfacet
 facet normal -6.087614e-01  7.933533e-01  0.000000e+00
   outer loop
     vertex  3.777817e+00 -2.677782e+01  0.000000e+00
     vertex  3.550000e+00 -2.695263e+01  0.000000e+00
     vertex  3.550000e+00 -2.695263e+01  1.510000e+00
   endloop
 endfacet
 facet normal -7.933533e-01  6.087614e-01  0.000000e+00
   outer loop
     vertex  3.952628e+00 -2.655000e+01  0.000000e+00
     vertex  3.777817e+00 -2.677782e+01  1.510000e+00
     vertex  3.952628e+00 -2.655000e+01  1.510000e+00
   endloop
 endfacet
 facet normal -7.933533e-01  6.087614e-01  0.000000e+00
   outer loop
     vertex  3.952628e+00 -2.655000e+01  0.000000e+00
     vertex  3.777817e+00 -2.677782e+01  0.000000e+00
     vertex  3.777817e+00 -2.677782e+01  1.510000e+00
   endloop
 endfacet
 facet normal -9.238795e-01  3.826834e-01  0.000000e+00
   outer loop
     vertex  4.062518e+00 -2.628470e+01  0.000000e+00
     vertex  3.952628e+00 -2.655000e+01  1.510000e+00
     vertex  4.062518e+00 -2.628470e+01  1.510000e+00
   endloop
 endfacet
 facet normal -9.238795e-01  3.826834e-01  0.000000e+00
   outer loop
     vertex  4.062518e+00 -2.628470e+01  0.000000e+00
     vertex  3.952628e+00 -2.655000e+01  0.000000e+00
     vertex  3.952628e+00 -2.655000e+01  1.510000e+00
   endloop
 endfacet
 facet normal -9.914449e-01  1.305262e-01  0.000000e+00
   outer loop
     vertex  4.100000e+00 -2.600000e+01  0.000000e+00
     vertex  4.062518e+00 -2.628470e+01  1.510000e+00
     vertex  4.100000e+00 -2.600000e+01  1.510000e+00
   endloop
 endfacet
 facet normal -9.914449e-01  1.305262e-01  0.000000e+00
   outer loop
     vertex  4.100000e+00 -2.600000e+01  0.000000e+00
     vertex  4.062518e+00 -2.628470e+01  0.000000e+00
     vertex  4.062518e+00 -2.628470e+01  1.510000e+00
   endloop
 endfacet
 facet normal -9.914449e-01 -1.305262e-01  0.000000e+00
   outer loop
     vertex  4.062518e+00 -2.571530e+01  0.000000e+00
     vertex  4.100000e+00 -2.600000e+01  1.510000e+00
     vertex  4.062518e+00 -2.571530e+01  1.510000e+00
   endloop
 endfacet
 facet normal -9.914449e-01 -1.305262e-01  0.000000e+00
   outer loop
     vertex  4.062518e+00 -2.571530e+01  0.000000e+00
     vertex  4.100000e+00 -2.600000e+01  0.000000e+00
     vertex  4.100000e+00 -2.600000e+01  1.510000e+00
   endloop
 endfacet
 facet normal -9.238795e-01 -3.826834e-01  0.000000e+00
   outer loop
     vertex  3.952628e+00 -2.545000e+01  0.000000e+00
     vertex  4.062518e+00 -2.571530e+01  1.510000e+00
     vertex  3.952628e+00 -2.545000e+01  1.510000e+00
   endloop
 endfacet
 facet normal -9.238795e-01 -3.826834e-01  0.000000e+00
   outer loop
     vertex  3.952628e+00 -2.545000e+01  0.000000e+00
     vertex  4.062518e+00 -2.571530e+01  0.000000e+00
     vertex  4.062518e+00 -2.571530e+01  1.510000e+00
   endloop
 endfacet
 facet normal -7.933533e-01 -6.087614e-01  0.000000e+00
   outer loop
     vertex  3.777817e+00 -2.522218e+01  0.000000e+00
     vertex  3.952628e+00 -2.545000e+01  1.510000e+00
     vertex  3.777817e+00 -2.522218e+01  1.510000e+00
   endloop
 endfacet
 facet normal -7.933533e-01 -6.087614e-01  0.000000e+00
   outer loop
     vertex  3.777817e+00 -2.522218e+01  0.000000e+00
     vertex  3.952628e+00 -2.545000e+01  0.000000e+00
     vertex  3.952628e+00 -2.545000e+01  1.510000e+00
   endloop
 endfacet
 facet normal -6.087614e-01 -7.933533e-01  0.000000e+00
   outer loop
     vertex  3.550000e+00 -2.504737e+01  0.000000e+00
     vertex  3.777817e+00 -2.522218e+01  1.510000e+00
     vertex  3.550000e+00 -2.504737e+01  1.510000e+00
   endloop
 endfacet
 facet normal -6.087614e-01 -7.933533e-01  0.000000e+00
   outer loop
     vertex  3.550000e+00 -2.504737e+01  0.000000e+00
     vertex  3.777817e+00 -2.522218e+01  0.000000e+00
     vertex  3.777817e+00 -2.522218e+01  1.510000e+00
   endloop
 endfacet
 facet normal -3.826834e-01 -9.238795e-01  0.000000e+00
   outer loop
     vertex  3.284701e+00 -2.493748e+01  0.000000e+00
     vertex  3.550000e+00 -2.504737e+01  1.510000e+00
     vertex  3.284701e+00 -2.493748e+01  1.510000e+00
   endloop
 endfacet
 facet normal -3.826834e-01 -9.238795e-01  0.000000e+00
   outer loop
     vertex  3.284701e+00 -2.493748e+01  0.000000e+00
     vertex  3.550000e+00 -2.504737e+01  0.000000e+00
     vertex  3.550000e+00 -2.504737e+01  1.510000e+00
   endloop
 endfacet
 facet normal -1.305262e-01 -9.914449e-01  0.000000e+00
   outer loop
     vertex  3.000000e+00 -2.490000e+01  0.000000e+00
     vertex  3.284701e+00 -2.493748e+01  1.510000e+00
     vertex  3.000000e+00 -2.490000e+01  1.510000e+00
   endloop
 endfacet
 facet normal -1.305262e-01 -9.914449e-01  0.000000e+00
   outer loop
     vertex  3.000000e+00 -2.490000e+01  0.000000e+00
     vertex  3.284701e+00 -2.493748e+01  0.000000e+00
     vertex  3.284701e+00 -2.493748e+01  1.510000e+00
   endloop
 endfacet
 facet normal  1.305262e-01 -9.914449e-01  0.000000e+00
   outer loop
     vertex  2.715299e+00 -2.493748e+01  0.000000e+00
     vertex  3.000000e+00 -2.490000e+01  1.510000e+00
     vertex  2.715299e+00 -2.493748e+01  1.510000e+00
   endloop
 endfacet
 facet normal  1.305262e-01 -9.914449e-01  0.000000e+00
   outer loop
     vertex  2.715299e+00 -2.493748e+01  0.000000e+00
     vertex  3.000000e+00 -2.490000e+01  0.000000e+00
     vertex  3.000000e+00 -2.490000e+01  1.510000e+00
   endloop
 endfacet
 facet normal  3.826834e-01 -9.238795e-01  0.000000e+00
   outer loop
     vertex  2.450000e+00 -2.504737e+01  0.000000e+00
     vertex  2.715299e+00 -2.493748e+01  0.000000e+00
     vertex  2.715299e+00 -2.493748e+01  1.510000e+00
   endloop
 endfacet
 facet normal  3.826834e-01 -9.238795e-01  0.000000e+00
   outer loop
     vertex  2.450000e+00 -2.504737e+01  0.000000e+00
     vertex  2.715299e+00 -2.493748e+01  1.510000e+00
     vertex  2.450000e+00 -2.504737e+01  1.510000e+00
   endloop
 endfacet
 facet normal  6.087614e-01 -7.933533e-01  0.000000e+00
   outer loop
     vertex  2.222183e+00 -2.522218e+01  0.000000e+00
     vertex  2.450000e+00 -2.504737e+01  0.000000e+00
     vertex  2.450000e+00 -2.504737e+01  1.510000e+00
   endloop
 endfacet
 facet normal  7.933533e-01 -6.087614e-01  0.000000e+00
   outer loop
     vertex  2.222183e+00 -2.522218e+01  0.000000e+00
     vertex  2.222183e+00 -2.522218e+01  1.510000e+00
     vertex  2.047372e+00 -2.545000e+01  1.510000e+00
   endloop
 endfacet
 facet normal  6.087614e-01 -7.933533e-01  0.000000e+00
   outer loop
     vertex  2.222183e+00 -2.522218e+01  0.000000e+00
     vertex  2.450000e+00 -2.504737e+01  1.510000e+00
     vertex  2.222183e+00 -2.522218e+01  1.510000e+00
   endloop
 endfacet
 facet normal  7.933533e-01 -6.087614e-01  0.000000e+00
   outer loop
     vertex  2.047372e+00 -2.545000e+01  0.000000e+00
     vertex  2.222183e+00 -2.522218e+01  0.000000e+00
     vertex  2.047372e+00 -2.545000e+01  1.510000e+00
   endloop
 endfacet
 facet normal  9.238795e-01 -3.826834e-01  0.000000e+00
   outer loop
     vertex  2.047372e+00 -2.545000e+01  0.000000e+00
     vertex  2.047372e+00 -2.545000e+01  1.510000e+00
     vertex  1.937482e+00 -2.571530e+01  1.510000e+00
   endloop
 endfacet
 facet normal  9.238795e-01 -3.826834e-01  0.000000e+00
   outer loop
     vertex  1.937482e+00 -2.571530e+01  0.000000e+00
     vertex  2.047372e+00 -2.545000e+01  0.000000e+00
     vertex  1.937482e+00 -2.571530e+01  1.510000e+00
   endloop
 endfacet
 facet normal  9.914449e-01 -1.305262e-01  0.000000e+00
   outer loop
     vertex  1.900000e+00 -2.600000e+01  0.000000e+00
     vertex  1.937482e+00 -2.571530e+01  0.000000e+00
     vertex  1.937482e+00 -2.571530e+01  1.510000e+00
   endloop
 endfacet
 facet normal  9.914449e-01 -1.305262e-01  0.000000e+00
   outer loop
     vertex  1.900000e+00 -2.600000e+01  0.000000e+00
     vertex  1.937482e+00 -2.571530e+01  1.510000e+00
     vertex  1.900000e+00 -2.600000e+01  1.510000e+00
   endloop
 endfacet
 facet normal  9.914449e-01  1.305262e-01 -0.000000e+00
   outer loop
     vertex  1.937482e+00 -2.628470e+01  0.000000e+00
     vertex  1.900000e+00 -2.600000e+01  1.510000e+00
     vertex  1.937482e+00 -2.628470e+01  1.510000e+00
   endloop
 endfacet
 facet normal  9.914449e-01  1.305262e-01  0.000000e+00
   outer loop
     vertex  1.937482e+00 -2.628470e+01  0.000000e+00
     vertex  1.900000e+00 -2.600000e+01  0.000000e+00
     vertex  1.900000e+00 -2.600000e+01  1.510000e+00
   endloop
 endfacet
 facet normal  9.238795e-01  3.826834e-01 -0.000000e+00
   outer loop
     vertex  2.047372e+00 -2.655000e+01  0.000000e+00
     vertex  1.937482e+00 -2.628470e+01  1.510000e+00
     vertex  2.047372e+00 -2.655000e+01  1.510000e+00
   endloop
 endfacet
 facet normal  9.238795e-01  3.826834e-01  0.000000e+00
   outer loop
     vertex  2.047372e+00 -2.655000e+01  0.000000e+00
     vertex  1.937482e+00 -2.628470e+01  0.000000e+00
     vertex  1.937482e+00 -2.628470e+01  1.510000e+00
   endloop
 endfacet
 facet normal  6.087614e-01  7.933533e-01 -0.000000e+00
   outer loop
     vertex  2.222183e+00 -2.677782e+01  0.000000e+00
     vertex  2.222183e+00 -2.677782e+01  1.510000e+00
     vertex  2.450000e+00 -2.695263e+01  1.510000e+00
   endloop
 endfacet
 facet normal  7.933533e-01  6.087614e-01 -0.000000e+00
   outer loop
     vertex  2.222183e+00 -2.677782e+01  0.000000e+00
     vertex  2.047372e+00 -2.655000e+01  1.510000e+00
     vertex  2.222183e+00 -2.677782e+01  1.510000e+00
   endloop
 endfacet
 facet normal  7.933533e-01  6.087614e-01  0.000000e+00
   outer loop
     vertex  2.222183e+00 -2.677782e+01  0.000000e+00
     vertex  2.047372e+00 -2.655000e+01  0.000000e+00
     vertex  2.047372e+00 -2.655000e+01  1.510000e+00
   endloop
 endfacet
 facet normal  6.087614e-01  7.933533e-01 -0.000000e+00
   outer loop
     vertex  2.450000e+00 -2.695263e+01  0.000000e+00
     vertex  2.222183e+00 -2.677782e+01  0.000000e+00
     vertex  2.450000e+00 -2.695263e+01  1.510000e+00
   endloop
 endfacet
 facet normal  3.826834e-01  9.238795e-01 -0.000000e+00
   outer loop
     vertex  2.715299e+00 -2.706252e+01  0.000000e+00
     vertex  2.450000e+00 -2.695263e+01  1.510000e+00
     vertex  2.715299e+00 -2.706252e+01  1.510000e+00
   endloop
 endfacet
 facet normal  3.826834e-01  9.238795e-01  0.000000e+00
   outer loop
     vertex  2.715299e+00 -2.706252e+01  0.000000e+00
     vertex  2.450000e+00 -2.695263e+01  0.000000e+00
     vertex  2.450000e+00 -2.695263e+01  1.510000e+00
   endloop
 endfacet
 facet normal  1.305262e-01  9.914449e-01 -0.000000e+00
   outer loop
     vertex  3.000000e+00 -2.710000e+01  0.000000e+00
     vertex  2.715299e+00 -2.706252e+01  1.510000e+00
     vertex  3.000000e+00 -2.710000e+01  1.510000e+00
   endloop
 endfacet
 facet normal  1.305262e-01  9.914449e-01  0.000000e+00
   outer loop
     vertex  3.000000e+00 -2.710000e+01  0.000000e+00
     vertex  2.715299e+00 -2.706252e+01  0.000000e+00
     vertex  2.715299e+00 -2.706252e+01  1.510000e+00
   endloop
 endfacet
 facet normal -1.305262e-01  9.914449e-01  0.000000e+00
   outer loop
     vertex  3.128470e+01 -2.706252e+01  0.000000e+00
     vertex  3.100000e+01 -2.710000e+01  0.000000e+00
     vertex  3.100000e+01 -2.710000e+01  1.510000e+00
   endloop
 endfacet
 facet normal -1.305262e-01  9.914449e-01  0.000000e+00
   outer loop
     vertex  3.128470e+01 -2.706252e+01  0.000000e+00
     vertex  3.100000e+01 -2.710000e+01  1.510000e+00
     vertex  3.128470e+01 -2.706252e+01  1.510000e+00
   endloop
 endfacet
 facet normal -3.826834e-01  9.238795e-01  0.000000e+00
   outer loop
     vertex  3.155000e+01 -2.695263e+01  0.000000e+00
     vertex  3.128470e+01 -2.706252e+01  1.510000e+00
     vertex  3.155000e+01 -2.695263e+01  1.510000e+00
   endloop
 endfacet
 facet normal -3.826834e-01  9.238795e-01  0.000000e+00
   outer loop
     vertex  3.155000e+01 -2.695263e+01  0.000000e+00
     vertex  3.128470e+01 -2.706252e+01  0.000000e+00
     vertex  3.128470e+01 -2.706252e+01  1.510000e+00
   endloop
 endfacet
 facet normal -6.087614e-01  7.933533e-01  0.000000e+00
   outer loop
     vertex  3.177782e+01 -2.677782e+01  0.000000e+00
     vertex  3.155000e+01 -2.695263e+01  1.510000e+00
     vertex  3.177782e+01 -2.677782e+01  1.510000e+00
   endloop
 endfacet
 facet normal -6.087614e-01  7.933533e-01  0.000000e+00
   outer loop
     vertex  3.177782e+01 -2.677782e+01  0.000000e+00
     vertex  3.155000e+01 -2.695263e+01  0.000000e+00
     vertex  3.155000e+01 -2.695263e+01  1.510000e+00
   endloop
 endfacet
 facet normal -7.933533e-01  6.087614e-01  0.000000e+00
   outer loop
     vertex  3.195263e+01 -2.655000e+01  0.000000e+00
     vertex  3.177782e+01 -2.677782e+01  1.510000e+00
     vertex  3.195263e+01 -2.655000e+01  1.510000e+00
   endloop
 endfacet
 facet normal -7.933533e-01  6.087614e-01  0.000000e+00
   outer loop
     vertex  3.195263e+01 -2.655000e+01  0.000000e+00
     vertex  3.177782e+01 -2.677782e+01  0.000000e+00
     vertex  3.177782e+01 -2.677782e+01  1.510000e+00
   endloop
 endfacet
 facet normal -9.238795e-01  3.826834e-01  0.000000e+00
   outer loop
     vertex  3.206252e+01 -2.628470e+01  0.000000e+00
     vertex  3.195263e+01 -2.655000e+01  1.510000e+00
     vertex  3.206252e+01 -2.628470e+01  1.510000e+00
   endloop
 endfacet
 facet normal -9.238795e-01  3.826834e-01  0.000000e+00
   outer loop
     vertex  3.206252e+01 -2.628470e+01  0.000000e+00
     vertex  3.195263e+01 -2.655000e+01  0.000000e+00
     vertex  3.195263e+01 -2.655000e+01  1.510000e+00
   endloop
 endfacet
 facet normal -9.914449e-01  1.305262e-01  0.000000e+00
   outer loop
     vertex  3.210000e+01 -2.600000e+01  0.000000e+00
     vertex  3.206252e+01 -2.628470e+01  1.510000e+00
     vertex  3.210000e+01 -2.600000e+01  1.510000e+00
   endloop
 endfacet
 facet normal -9.914449e-01  1.305262e-01  0.000000e+00
   outer loop
     vertex  3.210000e+01 -2.600000e+01  0.000000e+00
     vertex  3.206252e+01 -2.628470e+01  0.000000e+00
     vertex  3.206252e+01 -2.628470e+01  1.510000e+00
   endloop
 endfacet
 facet normal -9.914449e-01 -1.305262e-01  0.000000e+00
   outer loop
     vertex  3.206252e+01 -2.571530e+01  0.000000e+00
     vertex  3.210000e+01 -2.600000e+01  1.510000e+00
     vertex  3.206252e+01 -2.571530e+01  1.510000e+00
   endloop
 endfacet
 facet normal -9.914449e-01 -1.305262e-01  0.000000e+00
   outer loop
     vertex  3.206252e+01 -2.571530e+01  0.000000e+00
     vertex  3.210000e+01 -2.600000e+01  0.000000e+00
     vertex  3.210000e+01 -2.600000e+01  1.510000e+00
   endloop
 endfacet
 facet normal -9.238795e-01 -3.826834e-01  0.000000e+00
   outer loop
     vertex  3.195263e+01 -2.545000e+01  0.000000e+00
     vertex  3.206252e+01 -2.571530e+01  1.510000e+00
     vertex  3.195263e+01 -2.545000e+01  1.510000e+00
   endloop
 endfacet
 facet normal -9.238795e-01 -3.826834e-01  0.000000e+00
   outer loop
     vertex  3.195263e+01 -2.545000e+01  0.000000e+00
     vertex  3.206252e+01 -2.571530e+01  0.000000e+00
     vertex  3.206252e+01 -2.571530e+01  1.510000e+00
   endloop
 endfacet
 facet normal -7.933533e-01 -6.087614e-01  0.000000e+00
   outer loop
     vertex  3.177782e+01 -2.522218e+01  0.000000e+00
     vertex  3.195263e+01 -2.545000e+01  1.510000e+00
     vertex  3.177782e+01 -2.522218e+01  1.510000e+00
   endloop
 endfacet
 facet normal -7.933533e-01 -6.087614e-01  0.000000e+00
   outer loop
     vertex  3.177782e+01 -2.522218e+01  0.000000e+00
     vertex  3.195263e+01 -2.545000e+01  0.000000e+00
     vertex  3.195263e+01 -2.545000e+01  1.510000e+00
   endloop
 endfacet
 facet normal -6.087614e-01 -7.933533e-01  0.000000e+00
   outer loop
     vertex  3.155000e+01 -2.504737e+01  0.000000e+00
     vertex  3.177782e+01 -2.522218e+01  1.510000e+00
     vertex  3.155000e+01 -2.504737e+01  1.510000e+00
   endloop
 endfacet
 facet normal -6.087614e-01 -7.933533e-01  0.000000e+00
   outer loop
     vertex  3.155000e+01 -2.504737e+01  0.000000e+00
     vertex  3.177782e+01 -2.522218e+01  0.000000e+00
     vertex  3.177782e+01 -2.522218e+01  1.510000e+00
   endloop
 endfacet
 facet normal -3.826834e-01 -9.238795e-01  0.000000e+00
   outer loop
     vertex  3.128470e+01 -2.493748e+01  0.000000e+00
     vertex  3.155000e+01 -2.504737e+01  1.510000e+00
     vertex  3.128470e+01 -2.493748e+01  1.510000e+00
   endloop
 endfacet
 facet normal -3.826834e-01 -9.238795e-01  0.000000e+00
   outer loop
     vertex  3.128470e+01 -2.493748e+01  0.000000e+00
     vertex  3.155000e+01 -2.504737e+01  0.000000e+00
     vertex  3.155000e+01 -2.504737e+01  1.510000e+00
   endloop
 endfacet
 facet normal -1.305262e-01 -9.914449e-01  0.000000e+00
   outer loop
     vertex  3.100000e+01 -2.490000e+01  0.000000e+00
     vertex  3.128470e+01 -2.493748e+01  1.510000e+00
     vertex  3.100000e+01 -2.490000e+01  1.510000e+00
   endloop
 endfacet
 facet normal -1.305262e-01 -9.914449e-01  0.000000e+00
   outer loop
     vertex  3.100000e+01 -2.490000e+01  0.000000e+00
     vertex  3.128470e+01 -2.493748e+01  0.000000e+00
     vertex  3.128470e+01 -2.493748e+01  1.510000e+00
   endloop
 endfacet
 facet normal  1.305262e-01 -9.914449e-01  0.000000e+00
   outer loop
     vertex  3.071530e+01 -2.493748e+01  0.000000e+00
     vertex  3.100000e+01 -2.490000e+01  1.510000e+00
     vertex  3.071530e+01 -2.493748e+01  1.510000e+00
   endloop
 endfacet
 facet normal  1.305262e-01 -9.914449e-01  0.000000e+00
   outer loop
     vertex  3.071530e+01 -2.493748e+01  0.000000e+00
     vertex  3.100000e+01 -2.490000e+01  0.000000e+00
     vertex  3.100000e+01 -2.490000e+01  1.510000e+00
   endloop
 endfacet
 facet normal  3.826834e-01 -9.238795e-01  0.000000e+00
   outer loop
     vertex  3.045000e+01 -2.504737e+01  0.000000e+00
     vertex  3.071530e+01 -2.493748e+01  0.000000e+00
     vertex  3.071530e+01 -2.493748e+01  1.510000e+00
   endloop
 endfacet
 facet normal  3.826834e-01 -9.238795e-01  0.000000e+00
   outer loop
     vertex  3.045000e+01 -2.504737e+01  0.000000e+00
     vertex  3.071530e+01 -2.493748e+01  1.510000e+00
     vertex  3.045000e+01 -2.504737e+01  1.510000e+00
   endloop
 endfacet
 facet normal  6.087614e-01 -7.933533e-01  0.000000e+00
   outer loop
     vertex  3.022218e+01 -2.522218e+01  0.000000e+00
     vertex  3.045000e+01 -2.504737e+01  0.000000e+00
     vertex  3.045000e+01 -2.504737e+01  1.510000e+00
   endloop
 endfacet
 facet normal  7.933533e-01 -6.087614e-01  0.000000e+00
   outer loop
     vertex  3.022218e+01 -2.522218e+01  0.000000e+00
     vertex  3.022218e+01 -2.522218e+01  1.510000e+00
     vertex  3.004737e+01 -2.545000e+01  1.510000e+00
   endloop
 endfacet
 facet normal  6.087614e-01 -7.933533e-01  0.000000e+00
   outer loop
     vertex  3.022218e+01 -2.522218e+01  0.000000e+00
     vertex  3.045000e+01 -2.504737e+01  1.510000e+00
     vertex  3.022218e+01 -2.522218e+01  1.510000e+00
   endloop
 endfacet
 facet normal  7.933533e-01 -6.087614e-01  0.000000e+00
   outer loop
     vertex  3.004737e+01 -2.545000e+01  0.000000e+00
     vertex  3.022218e+01 -2.522218e+01  0.000000e+00
     vertex  3.004737e+01 -2.545000e+01  1.510000e+00
   endloop
 endfacet
 facet normal  9.238795e-01 -3.826834e-01  0.000000e+00
   outer loop
     vertex  3.004737e+01 -2.545000e+01  0.000000e+00
     vertex  3.004737e+01 -2.545000e+01  1.510000e+00
     vertex  2.993748e+01 -2.571530e+01  1.510000e+00
   endloop
 endfacet
 facet normal  9.238795e-01 -3.826834e-01  0.000000e+00
   outer loop
     vertex  2.993748e+01 -2.571530e+01  0.000000e+00
     vertex  3.004737e+01 -2.545000e+01  0.000000e+00
     vertex  2.993748e+01 -2.571530e+01  1.510000e+00
   endloop
 endfacet
 facet normal  9.914449e-01 -1.305262e-01  0.000000e+00
   outer loop
     vertex  2.990000e+01 -2.600000e+01  0.000000e+00
     vertex  2.993748e+01 -2.571530e+01  0.000000e+00
     vertex  2.993748e+01 -2.571530e+01  1.510000e+00
   endloop
 endfacet
 facet normal  9.914449e-01 -1.305262e-01  0.000000e+00
   outer loop
     vertex  2.990000e+01 -2.600000e+01  0.000000e+00
     vertex  2.993748e+01 -2.571530e+01  1.510000e+00
     vertex  2.990000e+01 -2.600000e+01  1.510000e+00
   endloop
 endfacet
 facet normal  9.914449e-01  1.305262e-01 -0.000000e+00
   outer loop
     vertex  2.993748e+01 -2.628470e+01  0.000000e+00
     vertex  2.990000e+01 -2.600000e+01  1.510000e+00
     vertex  2.993748e+01 -2.628470e+01  1.510000e+00
   endloop
 endfacet
 facet normal  9.914449e-01  1.305262e-01  0.000000e+00
   outer loop
     vertex  2.993748e+01 -2.628470e+01  0.000000e+00
     vertex  2.990000e+01 -2.600000e+01  0.000000e+00
     vertex  2.990000e+01 -2.600000e+01  1.510000e+00
   endloop
 endfacet
 facet normal  9.238795e-01  3.826834e-01 -0.000000e+00
   outer loop
     vertex  3.004737e+01 -2.655000e+01  0.000000e+00
     vertex  2.993748e+01 -2.628470e+01  1.510000e+00
     vertex  3.004737e+01 -2.655000e+01  1.510000e+00
   endloop
 endfacet
 facet normal  9.238795e-01  3.826834e-01  0.000000e+00
   outer loop
     vertex  3.004737e+01 -2.655000e+01  0.000000e+00
     vertex  2.993748e+01 -2.628470e+01  0.000000e+00
     vertex  2.993748e+01 -2.628470e+01  1.510000e+00
   endloop
 endfacet
 facet normal  6.087614e-01  7.933533e-01 -0.000000e+00
   outer loop
     vertex  3.022218e+01 -2.677782e+01  0.000000e+00
     vertex  3.022218e+01 -2.677782e+01  1.510000e+00
     vertex  3.045000e+01 -2.695263e+01  1.510000e+00
   endloop
 endfacet
 facet normal  7.933533e-01  6.087614e-01 -0.000000e+00
   outer loop
     vertex  3.022218e+01 -2.677782e+01  0.000000e+00
     vertex  3.004737e+01 -2.655000e+01  1.510000e+00
     vertex  3.022218e+01 -2.677782e+01  1.510000e+00
   endloop
 endfacet
 facet normal  7.933533e-01  6.087614e-01  0.000000e+00
   outer loop
     vertex  3.022218e+01 -2.677782e+01  0.000000e+00
     vertex  3.004737e+01 -2.655000e+01  0.000000e+00
     vertex  3.004737e+01 -2.655000e+01  1.510000e+00
   endloop
 endfacet
 facet normal  6.087614e-01  7.933533e-01 -0.000000e+00
   outer loop
     vertex  3.045000e+01 -2.695263e+01  0.000000e+00
     vertex  3.022218e+01 -2.677782e+01  0.000000e+00
     vertex  3.045000e+01 -2.695263e+01  1.510000e+00
   endloop
 endfacet
 facet normal  3.826834e-01  9.238795e-01 -0.000000e+00
   outer loop
     vertex  3.071530e+01 -2.706252e+01  0.000000e+00
     vertex  3.045000e+01 -2.695263e+01  1.510000e+00
     vertex  3.071530e+01 -2.706252e+01  1.510000e+00
   endloop
 endfacet
 facet normal  3.826834e-01  9.238795e-01  0.000000e+00
   outer loop
     vertex  3.071530e+01 -2.706252e+01  0.000000e+00
     vertex  3.045000e+01 -2.695263e+01  0.000000e+00
     vertex  3.045000e+01 -2.695263e+01  1.510000e+00
   endloop
 endfacet
 facet normal  1.305262e-01  9.914449e-01 -0.000000e+00
   outer loop
     vertex  3.100000e+01 -2.710000e+01  0.000000e+00
     vertex  3.071530e+01 -2.706252e+01  1.510000e+00
     vertex  3.100000e+01 -2.710000e+01  1.510000e+00
   endloop
 endfacet
 facet normal  1.305262e-01  9.914449e-01  0.000000e+00
   outer loop
     vertex  3.100000e+01 -2.710000e+01  0.000000e+00
     vertex  3.071530e+01 -2.706252e+01  0.000000e+00
     vertex  3.071530e+01 -2.706252e+01  1.510000e+00
   endloop
 endfacet
 facet normal -1.305262e-01  9.914449e-01  0.000000e+00
   outer loop
     vertex  3.284701e+00 -4.062518e+00  0.000000e+00
     vertex  3.000000e+00 -4.100000e+00  0.000000e+00
     vertex  3.000000e+00 -4.100000e+00  1.510000e+00
   endloop
 endfacet
 facet normal -1.305262e-01  9.914449e-01  0.000000e+00
   outer loop
     vertex  3.284701e+00 -4.062518e+00  0.000000e+00
     vertex  3.000000e+00 -4.100000e+00  1.510000e+00
     vertex  3.284701e+00 -4.062518e+00  1.510000e+00
   endloop
 endfacet
 facet normal -3.826834e-01  9.238795e-01  0.000000e+00
   outer loop
     vertex  3.550000e+00 -3.952628e+00  0.000000e+00
     vertex  3.284701e+00 -4.062518e+00  1.510000e+00
     vertex  3.550000e+00 -3.952628e+00  1.510000e+00
   endloop
 endfacet
 facet normal -3.826834e-01  9.238795e-01  0.000000e+00
   outer loop
     vertex  3.550000e+00 -3.952628e+00  0.000000e+00
     vertex  3.284701e+00 -4.062518e+00  0.000000e+00
     vertex  3.284701e+00 -4.062518e+00  1.510000e+00
   endloop
 endfacet
 facet normal -6.087614e-01  7.933533e-01  0.000000e+00
   outer loop
     vertex  3.777817e+00 -3.777817e+00  0.000000e+00
     vertex  3.550000e+00 -3.952628e+00  1.510000e+00
     vertex  3.777817e+00 -3.777817e+00  1.510000e+00
   endloop
 endfacet
 facet normal -6.087614e-01  7.933533e-01  0.000000e+00
   outer loop
     vertex  3.777817e+00 -3.777817e+00  0.000000e+00
     vertex  3.550000e+00 -3.952628e+00  0.000000e+00
     vertex  3.550000e+00 -3.952628e+00  1.510000e+00
   endloop
 endfacet
 facet normal -7.933533e-01  6.087614e-01  0.000000e+00
   outer loop
     vertex  3.952628e+00 -3.550000e+00  0.000000e+00
     vertex  3.777817e+00 -3.777817e+00  1.510000e+00
     vertex  3.952628e+00 -3.550000e+00  1.510000e+00
   endloop
 endfacet
 facet normal -7.933533e-01  6.087614e-01  0.000000e+00
   outer loop
     vertex  3.952628e+00 -3.550000e+00  0.000000e+00
     vertex  3.777817e+00 -3.777817e+00  0.000000e+00
     vertex  3.777817e+00 -3.777817e+00  1.510000e+00
   endloop
 endfacet
 facet normal -9.238795e-01  3.826834e-01  0.000000e+00
   outer loop
     vertex  4.062518e+00 -3.284701e+00  0.000000e+00
     vertex  3.952628e+00 -3.550000e+00  1.510000e+00
     vertex  4.062518e+00 -3.284701e+00  1.510000e+00
   endloop
 endfacet
 facet normal -9.238795e-01  3.826834e-01  0.000000e+00
   outer loop
     vertex  4.062518e+00 -3.284701e+00  0.000000e+00
     vertex  3.952628e+00 -3.550000e+00  0.000000e+00
     vertex  3.952628e+00 -3.550000e+00  1.510000e+00
   endloop
 endfacet
 facet normal -9.914449e-01  1.305262e-01  0.000000e+00
   outer loop
     vertex  4.100000e+00 -3.000000e+00  0.000000e+00
     vertex  4.062518e+00 -3.284701e+00  1.510000e+00
     vertex  4.100000e+00 -3.000000e+00  1.510000e+00
   endloop
 endfacet
 facet normal -9.914449e-01  1.305262e-01  0.000000e+00
   outer loop
     vertex  4.100000e+00 -3.000000e+00  0.000000e+00
     vertex  4.062518e+00 -3.284701e+00  0.000000e+00
     vertex  4.062518e+00 -3.284701e+00  1.510000e+00
   endloop
 endfacet
 facet normal -9.914449e-01 -1.305262e-01  0.000000e+00
   outer loop
     vertex  4.062518e+00 -2.715299e+00  0.000000e+00
     vertex  4.100000e+00 -3.000000e+00  1.510000e+00
     vertex  4.062518e+00 -2.715299e+00  1.510000e+00
   endloop
 endfacet
 facet normal -9.914449e-01 -1.305262e-01  0.000000e+00
   outer loop
     vertex  4.062518e+00 -2.715299e+00  0.000000e+00
     vertex  4.100000e+00 -3.000000e+00  0.000000e+00
     vertex  4.100000e+00 -3.000000e+00  1.510000e+00
   endloop
 endfacet
 facet normal -9.238795e-01 -3.826834e-01  0.000000e+00
   outer loop
     vertex  3.952628e+00 -2.450000e+00  0.000000e+00
     vertex  4.062518e+00 -2.715299e+00  1.510000e+00
     vertex  3.952628e+00 -2.450000e+00  1.510000e+00
   endloop
 endfacet
 facet normal -9.238795e-01 -3.826834e-01  0.000000e+00
   outer loop
     vertex  3.952628e+00 -2.450000e+00  0.000000e+00
     vertex  4.062518e+00 -2.715299e+00  0.000000e+00
     vertex  4.062518e+00 -2.715299e+00  1.510000e+00
   endloop
 endfacet
 facet normal -7.933533e-01 -6.087614e-01  0.000000e+00
   outer loop
     vertex  3.777817e+00 -2.222183e+00  0.000000e+00
     vertex  3.952628e+00 -2.450000e+00  1.510000e+00
     vertex  3.777817e+00 -2.222183e+00  1.510000e+00
   endloop
 endfacet
 facet normal -7.933533e-01 -6.087614e-01  0.000000e+00
   outer loop
     vertex  3.777817e+00 -2.222183e+00  0.000000e+00
     vertex  3.952628e+00 -2.450000e+00  0.000000e+00
     vertex  3.952628e+00 -2.450000e+00  1.510000e+00
   endloop
 endfacet
 facet normal -6.087614e-01 -7.933533e-01  0.000000e+00
   outer loop
     vertex  3.550000e+00 -2.047372e+00  0.000000e+00
     vertex  3.777817e+00 -2.222183e+00  1.510000e+00
     vertex  3.550000e+00 -2.047372e+00  1.510000e+00
   endloop
 endfacet
 facet normal -6.087614e-01 -7.933533e-01  0.000000e+00
   outer loop
     vertex  3.550000e+00 -2.047372e+00  0.000000e+00
     vertex  3.777817e+00 -2.222183e+00  0.000000e+00
     vertex  3.777817e+00 -2.222183e+00  1.510000e+00
   endloop
 endfacet
 facet normal -3.826834e-01 -9.238795e-01  0.000000e+00
   outer loop
     vertex  3.284701e+00 -1.937482e+00  0.000000e+00
     vertex  3.550000e+00 -2.047372e+00  1.510000e+00
     vertex  3.284701e+00 -1.937482e+00  1.510000e+00
   endloop
 endfacet
 facet normal -3.826834e-01 -9.238795e-01  0.000000e+00
   outer loop
     vertex  3.284701e+00 -1.937482e+00  0.000000e+00
     vertex  3.550000e+00 -2.047372e+00  0.000000e+00
     vertex  3.550000e+00 -2.047372e+00  1.510000e+00
   endloop
 endfacet
 facet normal -1.305262e-01 -9.914449e-01  0.000000e+00
   outer loop
     vertex  3.000000e+00 -1.900000e+00  0.000000e+00
     vertex  3.284701e+00 -1.937482e+00  1.510000e+00
     vertex  3.000000e+00 -1.900000e+00  1.510000e+00
   endloop
 endfacet
 facet normal -1.305262e-01 -9.914449e-01  0.000000e+00
   outer loop
     vertex  3.000000e+00 -1.900000e+00  0.000000e+00
     vertex  3.284701e+00 -1.937482e+00  0.000000e+00
     vertex  3.284701e+00 -1.937482e+00  1.510000e+00
   endloop
 endfacet
 facet normal  1.305262e-01 -9.914449e-01  0.000000e+00
   outer loop
     vertex  2.715299e+00 -1.937482e+00  0.000000e+00
     vertex  3.000000e+00 -1.900000e+00  1.510000e+00
     vertex  2.715299e+00 -1.937482e+00  1.510000e+00
   endloop
 endfacet
 facet normal  1.305262e-01 -9.914449e-01  0.000000e+00
   outer loop
     vertex  2.715299e+00 -1.937482e+00  0.000000e+00
     vertex  3.000000e+00 -1.900000e+00  0.000000e+00
     vertex  3.000000e+00 -1.900000e+00  1.510000e+00
   endloop
 endfacet
 facet normal  3.826834e-01 -9.238795e-01  0.000000e+00
   outer loop
     vertex  2.450000e+00 -2.047372e+00  0.000000e+00
     vertex  2.715299e+00 -1.937482e+00  0.000000e+00
     vertex  2.715299e+00 -1.937482e+00  1.510000e+00
   endloop
 endfacet
 facet normal  3.826834e-01 -9.238795e-01  0.000000e+00
   outer loop
     vertex  2.450000e+00 -2.047372e+00  0.000000e+00
     vertex  2.715299e+00 -1.937482e+00  1.510000e+00
     vertex  2.450000e+00 -2.047372e+00  1.510000e+00
   endloop
 endfacet
 facet normal  6.087614e-01 -7.933533e-01  0.000000e+00
   outer loop
     vertex  2.222183e+00 -2.222183e+00  0.000000e+00
     vertex  2.450000e+00 -2.047372e+00  0.000000e+00
     vertex  2.450000e+00 -2.047372e+00  1.510000e+00
   endloop
 endfacet
 facet normal  7.933533e-01 -6.087614e-01  0.000000e+00
   outer loop
     vertex  2.222183e+00 -2.222183e+00  0.000000e+00
     vertex  2.222183e+00 -2.222183e+00  1.510000e+00
     vertex  2.047372e+00 -2.450000e+00  1.510000e+00
   endloop
 endfacet
 facet normal  6.087614e-01 -7.933533e-01  0.000000e+00
   outer loop
     vertex  2.222183e+00 -2.222183e+00  0.000000e+00
     vertex  2.450000e+00 -2.047372e+00  1.510000e+00
     vertex  2.222183e+00 -2.222183e+00  1.510000e+00
   endloop
 endfacet
 facet normal  7.933533e-01 -6.087614e-01  0.000000e+00
   outer loop
     vertex  2.047372e+00 -2.450000e+00  0.000000e+00
     vertex  2.222183e+00 -2.222183e+00  0.000000e+00
     vertex  2.047372e+00 -2.450000e+00  1.510000e+00
   endloop
 endfacet
 facet normal  9.238795e-01 -3.826834e-01  0.000000e+00
   outer loop
     vertex  2.047372e+00 -2.450000e+00  0.000000e+00
     vertex  2.047372e+00 -2.450000e+00  1.510000e+00
     vertex  1.937482e+00 -2.715299e+00  1.510000e+00
   endloop
 endfacet
 facet normal  9.238795e-01 -3.826834e-01  0.000000e+00
   outer loop
     vertex  1.937482e+00 -2.715299e+00  0.000000e+00
     vertex  2.047372e+00 -2.450000e+00  0.000000e+00
     vertex  1.937482e+00 -2.715299e+00  1.510000e+00
   endloop
 endfacet
 facet normal  9.914449e-01 -1.305262e-01  0.000000e+00
   outer loop
     vertex  1.900000e+00 -3.000000e+00  0.000000e+00
     vertex  1.937482e+00 -2.715299e+00  0.000000e+00
     vertex  1.937482e+00 -2.715299e+00  1.510000e+00
   endloop
 endfacet
 facet normal  9.914449e-01 -1.305262e-01  0.000000e+00
   outer loop
     vertex  1.900000e+00 -3.000000e+00  0.000000e+00
     vertex  1.937482e+00 -2.715299e+00  1.510000e+00
     vertex  1.900000e+00 -3.000000e+00  1.510000e+00
   endloop
 endfacet
 facet normal  9.914449e-01  1.305262e-01 -0.000000e+00
   outer loop
     vertex  1.937482e+00 -3.284701e+00  0.000000e+00
     vertex  1.900000e+00 -3.000000e+00  1.510000e+00
     vertex  1.937482e+00 -3.284701e+00  1.510000e+00
   endloop
 endfacet
 facet normal  9.914449e-01  1.305262e-01  0.000000e+00
   outer loop
     vertex  1.937482e+00 -3.284701e+00  0.000000e+00
     vertex  1.900000e+00 -3.000000e+00  0.000000e+00
     vertex  1.900000e+00 -3.000000e+00  1.510000e+00
   endloop
 endfacet
 facet normal  9.238795e-01  3.826834e-01 -0.000000e+00
   outer loop
     vertex  2.047372e+00 -3.550000e+00  0.000000e+00
     vertex  1.937482e+00 -3.284701e+00  1.510000e+00
     vertex  2.047372e+00 -3.550000e+00  1.510000e+00
   endloop
 endfacet
 facet normal  9.238795e-01  3.826834e-01  0.000000e+00
   outer loop
     vertex  2.047372e+00 -3.550000e+00  0.000000e+00
     vertex  1.937482e+00 -3.284701e+00  0.000000e+00
     vertex  1.937482e+00 -3.284701e+00  1.510000e+00
   endloop
 endfacet
 facet normal  6.087614e-01  7.933533e-01 -0.000000e+00
   outer loop
     vertex  2.222183e+00 -3.777817e+00  0.000000e+00
     vertex  2.222183e+00 -3.777817e+00  1.510000e+00
     vertex  2.450000e+00 -3.952628e+00  1.510000e+00
   endloop
 endfacet
 facet normal  7.933533e-01  6.087614e-01 -0.000000e+00
   outer loop
     vertex  2.222183e+00 -3.777817e+00  0.000000e+00
     vertex  2.047372e+00 -3.550000e+00  1.510000e+00
     vertex  2.222183e+00 -3.777817e+00  1.510000e+00
   endloop
 endfacet
 facet normal  7.933533e-01  6.087614e-01  0.000000e+00
   outer loop
     vertex  2.222183e+00 -3.777817e+00  0.000000e+00
     vertex  2.047372e+00 -3.550000e+00  0.000000e+00
     vertex  2.047372e+00 -3.550000e+00  1.510000e+00
   endloop
 endfacet
 facet normal  6.087614e-01  7.933533e-01 -0.000000e+00
   outer loop
     vertex  2.450000e+00 -3.952628e+00  0.000000e+00
     vertex  2.222183e+00 -3.777817e+00  0.000000e+00
     vertex  2.450000e+00 -3.952628e+00  1.510000e+00
   endloop
 endfacet
 facet normal  3.826834e-01  9.238795e-01 -0.000000e+00
   outer loop
     vertex  2.715299e+00 -4.062518e+00  0.000000e+00
     vertex  2.450000e+00 -3.952628e+00  1.510000e+00
     vertex  2.715299e+00 -4.062518e+00  1.510000e+00
   endloop
 endfacet
 facet normal  3.826834e-01  9.238795e-01  0.000000e+00
   outer loop
     vertex  2.715299e+00 -4.062518e+00  0.000000e+00
     vertex  2.450000e+00 -3.952628e+00  0.000000e+00
     vertex  2.450000e+00 -3.952628e+00  1.510000e+00
   endloop
 endfacet
 facet normal  1.305262e-01  9.914449e-01 -0.000000e+00
   outer loop
     vertex  3.000000e+00 -4.100000e+00  0.000000e+00
     vertex  2.715299e+00 -4.062518e+00  1.510000e+00
     vertex  3.000000e+00 -4.100000e+00  1.510000e+00
   endloop
 endfacet
 facet normal  1.305262e-01  9.914449e-01  0.000000e+00
   outer loop
     vertex  3.000000e+00 -4.100000e+00  0.000000e+00
     vertex  2.715299e+00 -4.062518e+00  0.000000e+00
     vertex  2.715299e+00 -4.062518e+00  1.510000e+00
   endloop
 endfacet
 facet normal -1.305262e-01  9.914449e-01  0.000000e+00
   outer loop
     vertex  1.862941e+01 -3.682963e+00  0.000000e+00
     vertex  1.850000e+01 -3.700000e+00  0.000000e+00
     vertex  1.850000e+01 -3.700000e+00  1.510000e+00
   endloop
 endfacet
 facet normal -1.305262e-01  9.914449e-01  0.000000e+00
   outer loop
     vertex  1.862941e+01 -3.682963e+00  0.000000e+00
     vertex  1.850000e+01 -3.700000e+00  1.510000e+00
     vertex  1.862941e+01 -3.682963e+00  1.510000e+00
   endloop
 endfacet
 facet normal -3.826834e-01  9.238795e-01  0.000000e+00
   outer loop
     vertex  1.875000e+01 -3.633013e+00  0.000000e+00
     vertex  1.862941e+01 -3.682963e+00  1.510000e+00
     vertex  1.875000e+01 -3.633013e+00  1.510000e+00
   endloop
 endfacet
 facet normal -3.826834e-01  9.238795e-01  0.000000e+00
   outer loop
     vertex  1.875000e+01 -3.633013e+00  0.000000e+00
     vertex  1.862941e+01 -3.682963e+00  0.000000e+00
     vertex  1.862941e+01 -3.682963e+00  1.510000e+00
   endloop
 endfacet
 facet normal -6.087614e-01  7.933533e-01  0.000000e+00
   outer loop
     vertex  1.885355e+01 -3.553553e+00  0.000000e+00
     vertex  1.875000e+01 -3.633013e+00  1.510000e+00
     vertex  1.885355e+01 -3.553553e+00  1.510000e+00
   endloop
 endfacet
 facet normal -6.087614e-01  7.933533e-01  0.000000e+00
   outer loop
     vertex  1.885355e+01 -3.553553e+00  0.000000e+00
     vertex  1.875000e+01 -3.633013e+00  0.000000e+00
     vertex  1.875000e+01 -3.633013e+00  1.510000e+00
   endloop
 endfacet
 facet normal -7.933533e-01  6.087614e-01  0.000000e+00
   outer loop
     vertex  1.893301e+01 -3.450000e+00  0.000000e+00
     vertex  1.885355e+01 -3.553553e+00  1.510000e+00
     vertex  1.893301e+01 -3.450000e+00  1.510000e+00
   endloop
 endfacet
 facet normal -7.933533e-01  6.087614e-01  0.000000e+00
   outer loop
     vertex  1.893301e+01 -3.450000e+00  0.000000e+00
     vertex  1.885355e+01 -3.553553e+00  0.000000e+00
     vertex  1.885355e+01 -3.553553e+00  1.510000e+00
   endloop
 endfacet
 facet normal -9.238795e-01  3.826834e-01  0.000000e+00
   outer loop
     vertex  1.898296e+01 -3.329410e+00  0.000000e+00
     vertex  1.893301e+01 -3.450000e+00  1.510000e+00
     vertex  1.898296e+01 -3.329410e+00  1.510000e+00
   endloop
 endfacet
 facet normal -9.238795e-01  3.826834e-01  0.000000e+00
   outer loop
     vertex  1.898296e+01 -3.329410e+00  0.000000e+00
     vertex  1.893301e+01 -3.450000e+00  0.000000e+00
     vertex  1.893301e+01 -3.450000e+00  1.510000e+00
   endloop
 endfacet
 facet normal -9.914449e-01  1.305262e-01  0.000000e+00
   outer loop
     vertex  1.900000e+01 -3.200000e+00  0.000000e+00
     vertex  1.898296e+01 -3.329410e+00  1.510000e+00
     vertex  1.900000e+01 -3.200000e+00  1.510000e+00
   endloop
 endfacet
 facet normal -9.914449e-01  1.305262e-01  0.000000e+00
   outer loop
     vertex  1.900000e+01 -3.200000e+00  0.000000e+00
     vertex  1.898296e+01 -3.329410e+00  0.000000e+00
     vertex  1.898296e+01 -3.329410e+00  1.510000e+00
   endloop
 endfacet
 facet normal -9.914449e-01 -1.305262e-01  0.000000e+00
   outer loop
     vertex  1.898296e+01 -3.070590e+00  0.000000e+00
     vertex  1.900000e+01 -3.200000e+00  1.510000e+00
     vertex  1.898296e+01 -3.070590e+00  1.510000e+00
   endloop
 endfacet
 facet normal -9.914449e-01 -1.305262e-01  0.000000e+00
   outer loop
     vertex  1.898296e+01 -3.070590e+00  0.000000e+00
     vertex  1.900000e+01 -3.200000e+00  0.000000e+00
     vertex  1.900000e+01 -3.200000e+00  1.510000e+00
   endloop
 endfacet
 facet normal -9.238795e-01 -3.826834e-01  0.000000e+00
   outer loop
     vertex  1.893301e+01 -2.950000e+00  0.000000e+00
     vertex  1.898296e+01 -3.070590e+00  1.510000e+00
     vertex  1.893301e+01 -2.950000e+00  1.510000e+00
   endloop
 endfacet
 facet normal -9.238795e-01 -3.826834e-01  0.000000e+00
   outer loop
     vertex  1.893301e+01 -2.950000e+00  0.000000e+00
     vertex  1.898296e+01 -3.070590e+00  0.000000e+00
     vertex  1.898296e+01 -3.070590e+00  1.510000e+00
   endloop
 endfacet
 facet normal -7.933533e-01 -6.087614e-01  0.000000e+00
   outer loop
     vertex  1.885355e+01 -2.846447e+00  0.000000e+00
     vertex  1.893301e+01 -2.950000e+00  1.510000e+00
     vertex  1.885355e+01 -2.846447e+00  1.510000e+00
   endloop
 endfacet
 facet normal -7.933533e-01 -6.087614e-01  0.000000e+00
   outer loop
     vertex  1.885355e+01 -2.846447e+00  0.000000e+00
     vertex  1.893301e+01 -2.950000e+00  0.000000e+00
     vertex  1.893301e+01 -2.950000e+00  1.510000e+00
   endloop
 endfacet
 facet normal -6.087614e-01 -7.933533e-01  0.000000e+00
   outer loop
     vertex  1.875000e+01 -2.766987e+00  0.000000e+00
     vertex  1.885355e+01 -2.846447e+00  1.510000e+00
     vertex  1.875000e+01 -2.766987e+00  1.510000e+00
   endloop
 endfacet
 facet normal -6.087614e-01 -7.933533e-01  0.000000e+00
   outer loop
     vertex  1.875000e+01 -2.766987e+00  0.000000e+00
     vertex  1.885355e+01 -2.846447e+00  0.000000e+00
     vertex  1.885355e+01 -2.846447e+00  1.510000e+00
   endloop
 endfacet
 facet normal -3.826834e-01 -9.238795e-01  0.000000e+00
   outer loop
     vertex  1.862941e+01 -2.717037e+00  0.000000e+00
     vertex  1.875000e+01 -2.766987e+00  1.510000e+00
     vertex  1.862941e+01 -2.717037e+00  1.510000e+00
   endloop
 endfacet
 facet normal -3.826834e-01 -9.238795e-01  0.000000e+00
   outer loop
     vertex  1.862941e+01 -2.717037e+00  0.000000e+00
     vertex  1.875000e+01 -2.766987e+00  0.000000e+00
     vertex  1.875000e+01 -2.766987e+00  1.510000e+00
   endloop
 endfacet
 facet normal -1.305262e-01 -9.914449e-01  0.000000e+00
   outer loop
     vertex  1.850000e+01 -2.700000e+00  0.000000e+00
     vertex  1.862941e+01 -2.717037e+00  1.510000e+00
     vertex  1.850000e+01 -2.700000e+00  1.510000e+00
   endloop
 endfacet
 facet normal -1.305262e-01 -9.914449e-01  0.000000e+00
   outer loop
     vertex  1.850000e+01 -2.700000e+00  0.000000e+00
     vertex  1.862941e+01 -2.717037e+00  0.000000e+00
     vertex  1.862941e+01 -2.717037e+00  1.510000e+00
   endloop
 endfacet
 facet normal  1.305262e-01 -9.914449e-01  0.000000e+00
   outer loop
     vertex  1.837059e+01 -2.717037e+00  0.000000e+00
     vertex  1.850000e+01 -2.700000e+00  1.510000e+00
     vertex  1.837059e+01 -2.717037e+00  1.510000e+00
   endloop
 endfacet
 facet normal  1.305262e-01 -9.914449e-01  0.000000e+00
   outer loop
     vertex  1.837059e+01 -2.717037e+00  0.000000e+00
     vertex  1.850000e+01 -2.700000e+00  0.000000e+00
     vertex  1.850000e+01 -2.700000e+00  1.510000e+00
   endloop
 endfacet
 facet normal  3.826834e-01 -9.238795e-01  0.000000e+00
   outer loop
     vertex  1.825000e+01 -2.766987e+00  0.000000e+00
     vertex  1.837059e+01 -2.717037e+00  0.000000e+00
     vertex  1.837059e+01 -2.717037e+00  1.510000e+00
   endloop
 endfacet
 facet normal  3.826834e-01 -9.238795e-01  0.000000e+00
   outer loop
     vertex  1.825000e+01 -2.766987e+00  0.000000e+00
     vertex  1.837059e+01 -2.717037e+00  1.510000e+00
     vertex  1.825000e+01 -2.766987e+00  1.510000e+00
   endloop
 endfacet
 facet normal  6.087614e-01 -7.933533e-01  0.000000e+00
   outer loop
     vertex  1.814645e+01 -2.846447e+00  0.000000e+00
     vertex  1.825000e+01 -2.766987e+00  0.000000e+00
     vertex  1.825000e+01 -2.766987e+00  1.510000e+00
   endloop
 endfacet
 facet normal  7.933533e-01 -6.087614e-01  0.000000e+00
   outer loop
     vertex  1.814645e+01 -2.846447e+00  0.000000e+00
     vertex  1.814645e+01 -2.846447e+00  1.510000e+00
     vertex  1.806699e+01 -2.950000e+00  1.510000e+00
   endloop
 endfacet
 facet normal  6.087614e-01 -7.933533e-01  0.000000e+00
   outer loop
     vertex  1.814645e+01 -2.846447e+00  0.000000e+00
     vertex  1.825000e+01 -2.766987e+00  1.510000e+00
     vertex  1.814645e+01 -2.846447e+00  1.510000e+00
   endloop
 endfacet
 facet normal  7.933533e-01 -6.087614e-01  0.000000e+00
   outer loop
     vertex  1.806699e+01 -2.950000e+00  0.000000e+00
     vertex  1.814645e+01 -2.846447e+00  0.000000e+00
     vertex  1.806699e+01 -2.950000e+00  1.510000e+00
   endloop
 endfacet
 facet normal  9.238795e-01 -3.826834e-01  0.000000e+00
   outer loop
     vertex  1.806699e+01 -2.950000e+00  0.000000e+00
     vertex  1.806699e+01 -2.950000e+00  1.510000e+00
     vertex  1.801704e+01 -3.070590e+00  1.510000e+00
   endloop
 endfacet
 facet normal  9.238795e-01 -3.826834e-01  0.000000e+00
   outer loop
     vertex  1.801704e+01 -3.070590e+00  0.000000e+00
     vertex  1.806699e+01 -2.950000e+00  0.000000e+00
     vertex  1.801704e+01 -3.070590e+00  1.510000e+00
   endloop
 endfacet
 facet normal  9.914449e-01 -1.305262e-01  0.000000e+00
   outer loop
     vertex  1.800000e+01 -3.200000e+00  0.000000e+00
     vertex  1.801704e+01 -3.070590e+00  0.000000e+00
     vertex  1.801704e+01 -3.070590e+00  1.510000e+00
   endloop
 endfacet
 facet normal  9.914449e-01 -1.305262e-01  0.000000e+00
   outer loop
     vertex  1.800000e+01 -3.200000e+00  0.000000e+00
     vertex  1.801704e+01 -3.070590e+00  1.510000e+00
     vertex  1.800000e+01 -3.200000e+00  1.510000e+00
   endloop
 endfacet
 facet normal  9.914449e-01  1.305262e-01 -0.000000e+00
   outer loop
     vertex  1.801704e+01 -3.329410e+00  0.000000e+00
     vertex  1.800000e+01 -3.200000e+00  1.510000e+00
     vertex  1.801704e+01 -3.329410e+00  1.510000e+00
   endloop
 endfacet
 facet normal  9.914449e-01  1.305262e-01  0.000000e+00
   outer loop
     vertex  1.801704e+01 -3.329410e+00  0.000000e+00
     vertex  1.800000e+01 -3.200000e+00  0.000000e+00
     vertex  1.800000e+01 -3.200000e+00  1.510000e+00
   endloop
 endfacet
 facet normal  9.238795e-01  3.826834e-01 -0.000000e+00
   outer loop
     vertex  1.806699e+01 -3.450000e+00  0.000000e+00
     vertex  1.801704e+01 -3.329410e+00  1.510000e+00
     vertex  1.806699e+01 -3.450000e+00  1.510000e+00
   endloop
 endfacet
 facet normal  9.238795e-01  3.826834e-01  0.000000e+00
   outer loop
     vertex  1.806699e+01 -3.450000e+00  0.000000e+00
     vertex  1.801704e+01 -3.329410e+00  0.000000e+00
     vertex  1.801704e+01 -3.329410e+00  1.510000e+00
   endloop
 endfacet
 facet normal  6.087614e-01  7.933533e-01 -0.000000e+00
   outer loop
     vertex  1.814645e+01 -3.553553e+00  0.000000e+00
     vertex  1.814645e+01 -3.553553e+00  1.510000e+00
     vertex  1.825000e+01 -3.633013e+00  1.510000e+00
   endloop
 endfacet
 facet normal  7.933533e-01  6.087614e-01 -0.000000e+00
   outer loop
     vertex  1.814645e+01 -3.553553e+00  0.000000e+00
     vertex  1.806699e+01 -3.450000e+00  1.510000e+00
     vertex  1.814645e+01 -3.553553e+00  1.510000e+00
   endloop
 endfacet
 facet normal  7.933533e-01  6.087614e-01  0.000000e+00
   outer loop
     vertex  1.814645e+01 -3.553553e+00  0.000000e+00
     vertex  1.806699e+01 -3.450000e+00  0.000000e+00
     vertex  1.806699e+01 -3.450000e+00  1.510000e+00
   endloop
 endfacet
 facet normal  6.087614e-01  7.933533e-01 -0.000000e+00
   outer loop
     vertex  1.825000e+01 -3.633013e+00  0.000000e+00
     vertex  1.814645e+01 -3.553553e+00  0.000000e+00
     vertex  1.825000e+01 -3.633013e+00  1.510000e+00
   endloop
 endfacet
 facet normal  3.826834e-01  9.238795e-01 -0.000000e+00
   outer loop
     vertex  1.837059e+01 -3.682963e+00  0.000000e+00
     vertex  1.825000e+01 -3.633013e+00  1.510000e+00
     vertex  1.837059e+01 -3.682963e+00  1.510000e+00
   endloop
 endfacet
 facet normal  3.826834e-01  9.238795e-01  0.000000e+00
   outer loop
     vertex  1.837059e+01 -3.682963e+00  0.000000e+00
     vertex  1.825000e+01 -3.633013e+00  0.000000e+00
     vertex  1.825000e+01 -3.633013e+00  1.510000e+00
   endloop
 endfacet
 facet normal  1.305262e-01  9.914449e-01 -0.000000e+00
   outer loop
     vertex  1.850000e+01 -3.700000e+00  0.000000e+00
     vertex  1.837059e+01 -3.682963e+00  1.510000e+00
     vertex  1.850000e+01 -3.700000e+00  1.510000e+00
   endloop
 endfacet
 facet normal  1.305262e-01  9.914449e-01  0.000000e+00
   outer loop
     vertex  1.850000e+01 -3.700000e+00  0.000000e+00
     vertex  1.837059e+01 -3.682963e+00  0.000000e+00
     vertex  1.837059e+01 -3.682963e+00  1.510000e+00
   endloop
 endfacet
 facet normal -1.305262e-01  9.914449e-01  0.000000e+00
   outer loop
     vertex  2.116941e+01 -3.682963e+00  0.000000e+00
     vertex  2.104000e+01 -3.700000e+00  0.000000e+00
     vertex  2.104000e+01 -3.700000e+00  1.510000e+00
   endloop
 endfacet
 facet normal -1.305262e-01  9.914449e-01  0.000000e+00
   outer loop
     vertex  2.116941e+01 -3.682963e+00  0.000000e+00
     vertex  2.104000e+01 -3.700000e+00  1.510000e+00
     vertex  2.116941e+01 -3.682963e+00  1.510000e+00
   endloop
 endfacet
 facet normal -3.826834e-01  9.238795e-01  0.000000e+00
   outer loop
     vertex  2.129000e+01 -3.633013e+00  0.000000e+00
     vertex  2.116941e+01 -3.682963e+00  1.510000e+00
     vertex  2.129000e+01 -3.633013e+00  1.510000e+00
   endloop
 endfacet
 facet normal -3.826834e-01  9.238795e-01  0.000000e+00
   outer loop
     vertex  2.129000e+01 -3.633013e+00  0.000000e+00
     vertex  2.116941e+01 -3.682963e+00  0.000000e+00
     vertex  2.116941e+01 -3.682963e+00  1.510000e+00
   endloop
 endfacet
 facet normal -6.087614e-01  7.933533e-01  0.000000e+00
   outer loop
     vertex  2.139355e+01 -3.553553e+00  0.000000e+00
     vertex  2.129000e+01 -3.633013e+00  1.510000e+00
     vertex  2.139355e+01 -3.553553e+00  1.510000e+00
   endloop
 endfacet
 facet normal -6.087614e-01  7.933533e-01  0.000000e+00
   outer loop
     vertex  2.139355e+01 -3.553553e+00  0.000000e+00
     vertex  2.129000e+01 -3.633013e+00  0.000000e+00
     vertex  2.129000e+01 -3.633013e+00  1.510000e+00
   endloop
 endfacet
 facet normal -7.933533e-01  6.087614e-01  0.000000e+00
   outer loop
     vertex  2.147301e+01 -3.450000e+00  0.000000e+00
     vertex  2.139355e+01 -3.553553e+00  1.510000e+00
     vertex  2.147301e+01 -3.450000e+00  1.510000e+00
   endloop
 endfacet
 facet normal -7.933533e-01  6.087614e-01  0.000000e+00
   outer loop
     vertex  2.147301e+01 -3.450000e+00  0.000000e+00
     vertex  2.139355e+01 -3.553553e+00  0.000000e+00
     vertex  2.139355e+01 -3.553553e+00  1.510000e+00
   endloop
 endfacet
 facet normal -9.238795e-01  3.826834e-01  0.000000e+00
   outer loop
     vertex  2.152296e+01 -3.329410e+00  0.000000e+00
     vertex  2.147301e+01 -3.450000e+00  1.510000e+00
     vertex  2.152296e+01 -3.329410e+00  1.510000e+00
   endloop
 endfacet
 facet normal -9.238795e-01  3.826834e-01  0.000000e+00
   outer loop
     vertex  2.152296e+01 -3.329410e+00  0.000000e+00
     vertex  2.147301e+01 -3.450000e+00  0.000000e+00
     vertex  2.147301e+01 -3.450000e+00  1.510000e+00
   endloop
 endfacet
 facet normal -9.914449e-01  1.305262e-01  0.000000e+00
   outer loop
     vertex  2.154000e+01 -3.200000e+00  0.000000e+00
     vertex  2.152296e+01 -3.329410e+00  1.510000e+00
     vertex  2.154000e+01 -3.200000e+00  1.510000e+00
   endloop
 endfacet
 facet normal -9.914449e-01  1.305262e-01  0.000000e+00
   outer loop
     vertex  2.154000e+01 -3.200000e+00  0.000000e+00
     vertex  2.152296e+01 -3.329410e+00  0.000000e+00
     vertex  2.152296e+01 -3.329410e+00  1.510000e+00
   endloop
 endfacet
 facet normal -9.914449e-01 -1.305262e-01  0.000000e+00
   outer loop
     vertex  2.152296e+01 -3.070590e+00  0.000000e+00
     vertex  2.154000e+01 -3.200000e+00  1.510000e+00
     vertex  2.152296e+01 -3.070590e+00  1.510000e+00
   endloop
 endfacet
 facet normal -9.914449e-01 -1.305262e-01  0.000000e+00
   outer loop
     vertex  2.152296e+01 -3.070590e+00  0.000000e+00
     vertex  2.154000e+01 -3.200000e+00  0.000000e+00
     vertex  2.154000e+01 -3.200000e+00  1.510000e+00
   endloop
 endfacet
 facet normal -9.238795e-01 -3.826834e-01  0.000000e+00
   outer loop
     vertex  2.147301e+01 -2.950000e+00  0.000000e+00
     vertex  2.152296e+01 -3.070590e+00  1.510000e+00
     vertex  2.147301e+01 -2.950000e+00  1.510000e+00
   endloop
 endfacet
 facet normal -9.238795e-01 -3.826834e-01  0.000000e+00
   outer loop
     vertex  2.147301e+01 -2.950000e+00  0.000000e+00
     vertex  2.152296e+01 -3.070590e+00  0.000000e+00
     vertex  2.152296e+01 -3.070590e+00  1.510000e+00
   endloop
 endfacet
 facet normal -7.933533e-01 -6.087614e-01  0.000000e+00
   outer loop
     vertex  2.139355e+01 -2.846447e+00  0.000000e+00
     vertex  2.147301e+01 -2.950000e+00  1.510000e+00
     vertex  2.139355e+01 -2.846447e+00  1.510000e+00
   endloop
 endfacet
 facet normal -7.933533e-01 -6.087614e-01  0.000000e+00
   outer loop
     vertex  2.139355e+01 -2.846447e+00  0.000000e+00
     vertex  2.147301e+01 -2.950000e+00  0.000000e+00
     vertex  2.147301e+01 -2.950000e+00  1.510000e+00
   endloop
 endfacet
 facet normal -6.087614e-01 -7.933533e-01  0.000000e+00
   outer loop
     vertex  2.129000e+01 -2.766987e+00  0.000000e+00
     vertex  2.139355e+01 -2.846447e+00  1.510000e+00
     vertex  2.129000e+01 -2.766987e+00  1.510000e+00
   endloop
 endfacet
 facet normal -6.087614e-01 -7.933533e-01  0.000000e+00
   outer loop
     vertex  2.129000e+01 -2.766987e+00  0.000000e+00
     vertex  2.139355e+01 -2.846447e+00  0.000000e+00
     vertex  2.139355e+01 -2.846447e+00  1.510000e+00
   endloop
 endfacet
 facet normal -3.826834e-01 -9.238795e-01  0.000000e+00
   outer loop
     vertex  2.116941e+01 -2.717037e+00  0.000000e+00
     vertex  2.129000e+01 -2.766987e+00  1.510000e+00
     vertex  2.116941e+01 -2.717037e+00  1.510000e+00
   endloop
 endfacet
 facet normal -3.826834e-01 -9.238795e-01  0.000000e+00
   outer loop
     vertex  2.116941e+01 -2.717037e+00  0.000000e+00
     vertex  2.129000e+01 -2.766987e+00  0.000000e+00
     vertex  2.129000e+01 -2.766987e+00  1.510000e+00
   endloop
 endfacet
 facet normal -1.305262e-01 -9.914449e-01  0.000000e+00
   outer loop
     vertex  2.104000e+01 -2.700000e+00  0.000000e+00
     vertex  2.116941e+01 -2.717037e+00  1.510000e+00
     vertex  2.104000e+01 -2.700000e+00  1.510000e+00
   endloop
 endfacet
 facet normal -1.305262e-01 -9.914449e-01  0.000000e+00
   outer loop
     vertex  2.104000e+01 -2.700000e+00  0.000000e+00
     vertex  2.116941e+01 -2.717037e+00  0.000000e+00
     vertex  2.116941e+01 -2.717037e+00  1.510000e+00
   endloop
 endfacet
 facet normal  1.305262e-01 -9.914449e-01  0.000000e+00
   outer loop
     vertex  2.091059e+01 -2.717037e+00  0.000000e+00
     vertex  2.104000e+01 -2.700000e+00  1.510000e+00
     vertex  2.091059e+01 -2.717037e+00  1.510000e+00
   endloop
 endfacet
 facet normal  1.305262e-01 -9.914449e-01  0.000000e+00
   outer loop
     vertex  2.091059e+01 -2.717037e+00  0.000000e+00
     vertex  2.104000e+01 -2.700000e+00  0.000000e+00
     vertex  2.104000e+01 -2.700000e+00  1.510000e+00
   endloop
 endfacet
 facet normal  3.826834e-01 -9.238795e-01  0.000000e+00
   outer loop
     vertex  2.079000e+01 -2.766987e+00  0.000000e+00
     vertex  2.091059e+01 -2.717037e+00  0.000000e+00
     vertex  2.091059e+01 -2.717037e+00  1.510000e+00
   endloop
 endfacet
 facet normal  3.826834e-01 -9.238795e-01  0.000000e+00
   outer loop
     vertex  2.079000e+01 -2.766987e+00  0.000000e+00
     vertex  2.091059e+01 -2.717037e+00  1.510000e+00
     vertex  2.079000e+01 -2.766987e+00  1.510000e+00
   endloop
 endfacet
 facet normal  6.087614e-01 -7.933533e-01  0.000000e+00
   outer loop
     vertex  2.068645e+01 -2.846447e+00  0.000000e+00
     vertex  2.079000e+01 -2.766987e+00  0.000000e+00
     vertex  2.079000e+01 -2.766987e+00  1.510000e+00
   endloop
 endfacet
 facet normal  7.933533e-01 -6.087614e-01  0.000000e+00
   outer loop
     vertex  2.068645e+01 -2.846447e+00  0.000000e+00
     vertex  2.068645e+01 -2.846447e+00  1.510000e+00
     vertex  2.060699e+01 -2.950000e+00  1.510000e+00
   endloop
 endfacet
 facet normal  6.087614e-01 -7.933533e-01  0.000000e+00
   outer loop
     vertex  2.068645e+01 -2.846447e+00  0.000000e+00
     vertex  2.079000e+01 -2.766987e+00  1.510000e+00
     vertex  2.068645e+01 -2.846447e+00  1.510000e+00
   endloop
 endfacet
 facet normal  7.933533e-01 -6.087614e-01  0.000000e+00
   outer loop
     vertex  2.060699e+01 -2.950000e+00  0.000000e+00
     vertex  2.068645e+01 -2.846447e+00  0.000000e+00
     vertex  2.060699e+01 -2.950000e+00  1.510000e+00
   endloop
 endfacet
 facet normal  9.238795e-01 -3.826834e-01  0.000000e+00
   outer loop
     vertex  2.060699e+01 -2.950000e+00  0.000000e+00
     vertex  2.060699e+01 -2.950000e+00  1.510000e+00
     vertex  2.055704e+01 -3.070590e+00  1.510000e+00
   endloop
 endfacet
 facet normal  9.238795e-01 -3.826834e-01  0.000000e+00
   outer loop
     vertex  2.055704e+01 -3.070590e+00  0.000000e+00
     vertex  2.060699e+01 -2.950000e+00  0.000000e+00
     vertex  2.055704e+01 -3.070590e+00  1.510000e+00
   endloop
 endfacet
 facet normal  9.914449e-01 -1.305262e-01  0.000000e+00
   outer loop
     vertex  2.054000e+01 -3.200000e+00  0.000000e+00
     vertex  2.055704e+01 -3.070590e+00  0.000000e+00
     vertex  2.055704e+01 -3.070590e+00  1.510000e+00
   endloop
 endfacet
 facet normal  9.914449e-01 -1.305262e-01  0.000000e+00
   outer loop
     vertex  2.054000e+01 -3.200000e+00  0.000000e+00
     vertex  2.055704e+01 -3.070590e+00  1.510000e+00
     vertex  2.054000e+01 -3.200000e+00  1.510000e+00
   endloop
 endfacet
 facet normal  9.914449e-01  1.305262e-01 -0.000000e+00
   outer loop
     vertex  2.055704e+01 -3.329410e+00  0.000000e+00
     vertex  2.054000e+01 -3.200000e+00  1.510000e+00
     vertex  2.055704e+01 -3.329410e+00  1.510000e+00
   endloop
 endfacet
 facet normal  9.914449e-01  1.305262e-01  0.000000e+00
   outer loop
     vertex  2.055704e+01 -3.329410e+00  0.000000e+00
     vertex  2.054000e+01 -3.200000e+00  0.000000e+00
     vertex  2.054000e+01 -3.200000e+00  1.510000e+00
   endloop
 endfacet
 facet normal  9.238795e-01  3.826834e-01 -0.000000e+00
   outer loop
     vertex  2.060699e+01 -3.450000e+00  0.000000e+00
     vertex  2.055704e+01 -3.329410e+00  1.510000e+00
     vertex  2.060699e+01 -3.450000e+00  1.510000e+00
   endloop
 endfacet
 facet normal  9.238795e-01  3.826834e-01  0.000000e+00
   outer loop
     vertex  2.060699e+01 -3.450000e+00  0.000000e+00
     vertex  2.055704e+01 -3.329410e+00  0.000000e+00
     vertex  2.055704e+01 -3.329410e+00  1.510000e+00
   endloop
 endfacet
 facet normal  6.087614e-01  7.933533e-01 -0.000000e+00
   outer loop
     vertex  2.068645e+01 -3.553553e+00  0.000000e+00
     vertex  2.068645e+01 -3.553553e+00  1.510000e+00
     vertex  2.079000e+01 -3.633013e+00  1.510000e+00
   endloop
 endfacet
 facet normal  7.933533e-01  6.087614e-01 -0.000000e+00
   outer loop
     vertex  2.068645e+01 -3.553553e+00  0.000000e+00
     vertex  2.060699e+01 -3.450000e+00  1.510000e+00
     vertex  2.068645e+01 -3.553553e+00  1.510000e+00
   endloop
 endfacet
 facet normal  7.933533e-01  6.087614e-01  0.000000e+00
   outer loop
     vertex  2.068645e+01 -3.553553e+00  0.000000e+00
     vertex  2.060699e+01 -3.450000e+00  0.000000e+00
     vertex  2.060699e+01 -3.450000e+00  1.510000e+00
   endloop
 endfacet
 facet normal  6.087614e-01  7.933533e-01 -0.000000e+00
   outer loop
     vertex  2.079000e+01 -3.633013e+00  0.000000e+00
     vertex  2.068645e+01 -3.553553e+00  0.000000e+00
     vertex  2.079000e+01 -3.633013e+00  1.510000e+00
   endloop
 endfacet
 facet normal  3.826834e-01  9.238795e-01 -0.000000e+00
   outer loop
     vertex  2.091059e+01 -3.682963e+00  0.000000e+00
     vertex  2.079000e+01 -3.633013e+00  1.510000e+00
     vertex  2.091059e+01 -3.682963e+00  1.510000e+00
   endloop
 endfacet
 facet normal  3.826834e-01  9.238795e-01  0.000000e+00
   outer loop
     vertex  2.091059e+01 -3.682963e+00  0.000000e+00
     vertex  2.079000e+01 -3.633013e+00  0.000000e+00
     vertex  2.079000e+01 -3.633013e+00  1.510000e+00
   endloop
 endfacet
 facet normal  1.305262e-01  9.914449e-01 -0.000000e+00
   outer loop
     vertex  2.104000e+01 -3.700000e+00  0.000000e+00
     vertex  2.091059e+01 -3.682963e+00  1.510000e+00
     vertex  2.104000e+01 -3.700000e+00  1.510000e+00
   endloop
 endfacet
 facet normal  1.305262e-01  9.914449e-01  0.000000e+00
   outer loop
     vertex  2.104000e+01 -3.700000e+00  0.000000e+00
     vertex  2.091059e+01 -3.682963e+00  0.000000e+00
     vertex  2.091059e+01 -3.682963e+00  1.510000e+00
   endloop
 endfacet
 facet normal -1.305262e-01  9.914449e-01  0.000000e+00
   outer loop
     vertex  3.128470e+01 -4.062518e+00  0.000000e+00
     vertex  3.100000e+01 -4.100000e+00  0.000000e+00
     vertex  3.100000e+01 -4.100000e+00  1.510000e+00
   endloop
 endfacet
 facet normal -1.305262e-01  9.914449e-01  0.000000e+00
   outer loop
     vertex  3.128470e+01 -4.062518e+00  0.000000e+00
     vertex  3.100000e+01 -4.100000e+00  1.510000e+00
     vertex  3.128470e+01 -4.062518e+00  1.510000e+00
   endloop
 endfacet
 facet normal -3.826834e-01  9.238795e-01  0.000000e+00
   outer loop
     vertex  3.155000e+01 -3.952628e+00  0.000000e+00
     vertex  3.128470e+01 -4.062518e+00  1.510000e+00
     vertex  3.155000e+01 -3.952628e+00  1.510000e+00
   endloop
 endfacet
 facet normal -3.826834e-01  9.238795e-01  0.000000e+00
   outer loop
     vertex  3.155000e+01 -3.952628e+00  0.000000e+00
     vertex  3.128470e+01 -4.062518e+00  0.000000e+00
     vertex  3.128470e+01 -4.062518e+00  1.510000e+00
   endloop
 endfacet
 facet normal -6.087614e-01  7.933533e-01  0.000000e+00
   outer loop
     vertex  3.177782e+01 -3.777817e+00  0.000000e+00
     vertex  3.155000e+01 -3.952628e+00  1.510000e+00
     vertex  3.177782e+01 -3.777817e+00  1.510000e+00
   endloop
 endfacet
 facet normal -6.087614e-01  7.933533e-01  0.000000e+00
   outer loop
     vertex  3.177782e+01 -3.777817e+00  0.000000e+00
     vertex  3.155000e+01 -3.952628e+00  0.000000e+00
     vertex  3.155000e+01 -3.952628e+00  1.510000e+00
   endloop
 endfacet
 facet normal -7.933533e-01  6.087614e-01  0.000000e+00
   outer loop
     vertex  3.195263e+01 -3.550000e+00  0.000000e+00
     vertex  3.177782e+01 -3.777817e+00  1.510000e+00
     vertex  3.195263e+01 -3.550000e+00  1.510000e+00
   endloop
 endfacet
 facet normal -7.933533e-01  6.087614e-01  0.000000e+00
   outer loop
     vertex  3.195263e+01 -3.550000e+00  0.000000e+00
     vertex  3.177782e+01 -3.777817e+00  0.000000e+00
     vertex  3.177782e+01 -3.777817e+00  1.510000e+00
   endloop
 endfacet
 facet normal -9.238795e-01  3.826834e-01  0.000000e+00
   outer loop
     vertex  3.206252e+01 -3.284701e+00  0.000000e+00
     vertex  3.195263e+01 -3.550000e+00  1.510000e+00
     vertex  3.206252e+01 -3.284701e+00  1.510000e+00
   endloop
 endfacet
 facet normal -9.238795e-01  3.826834e-01  0.000000e+00
   outer loop
     vertex  3.206252e+01 -3.284701e+00  0.000000e+00
     vertex  3.195263e+01 -3.550000e+00  0.000000e+00
     vertex  3.195263e+01 -3.550000e+00  1.510000e+00
   endloop
 endfacet
 facet normal -9.914449e-01  1.305262e-01  0.000000e+00
   outer loop
     vertex  3.210000e+01 -3.000000e+00  0.000000e+00
     vertex  3.206252e+01 -3.284701e+00  1.510000e+00
     vertex  3.210000e+01 -3.000000e+00  1.510000e+00
   endloop
 endfacet
 facet normal -9.914449e-01  1.305262e-01  0.000000e+00
   outer loop
     vertex  3.210000e+01 -3.000000e+00  0.000000e+00
     vertex  3.206252e+01 -3.284701e+00  0.000000e+00
     vertex  3.206252e+01 -3.284701e+00  1.510000e+00
   endloop
 endfacet
 facet normal -9.914449e-01 -1.305262e-01  0.000000e+00
   outer loop
     vertex  3.206252e+01 -2.715299e+00  0.000000e+00
     vertex  3.210000e+01 -3.000000e+00  1.510000e+00
     vertex  3.206252e+01 -2.715299e+00  1.510000e+00
   endloop
 endfacet
 facet normal -9.914449e-01 -1.305262e-01  0.000000e+00
   outer loop
     vertex  3.206252e+01 -2.715299e+00  0.000000e+00
     vertex  3.210000e+01 -3.000000e+00  0.000000e+00
     vertex  3.210000e+01 -3.000000e+00  1.510000e+00
   endloop
 endfacet
 facet normal -9.238795e-01 -3.826834e-01  0.000000e+00
   outer loop
     vertex  3.195263e+01 -2.450000e+00  0.000000e+00
     vertex  3.206252e+01 -2.715299e+00  1.510000e+00
     vertex  3.195263e+01 -2.450000e+00  1.510000e+00
   endloop
 endfacet
 facet normal -9.238795e-01 -3.826834e-01  0.000000e+00
   outer loop
     vertex  3.195263e+01 -2.450000e+00  0.000000e+00
     vertex  3.206252e+01 -2.715299e+00  0.000000e+00
     vertex  3.206252e+01 -2.715299e+00  1.510000e+00
   endloop
 endfacet
 facet normal -7.933533e-01 -6.087614e-01  0.000000e+00
   outer loop
     vertex  3.177782e+01 -2.222183e+00  0.000000e+00
     vertex  3.195263e+01 -2.450000e+00  1.510000e+00
     vertex  3.177782e+01 -2.222183e+00  1.510000e+00
   endloop
 endfacet
 facet normal -7.933533e-01 -6.087614e-01  0.000000e+00
   outer loop
     vertex  3.177782e+01 -2.222183e+00  0.000000e+00
     vertex  3.195263e+01 -2.450000e+00  0.000000e+00
     vertex  3.195263e+01 -2.450000e+00  1.510000e+00
   endloop
 endfacet
 facet normal -6.087614e-01 -7.933533e-01  0.000000e+00
   outer loop
     vertex  3.155000e+01 -2.047372e+00  0.000000e+00
     vertex  3.177782e+01 -2.222183e+00  1.510000e+00
     vertex  3.155000e+01 -2.047372e+00  1.510000e+00
   endloop
 endfacet
 facet normal -6.087614e-01 -7.933533e-01  0.000000e+00
   outer loop
     vertex  3.155000e+01 -2.047372e+00  0.000000e+00
     vertex  3.177782e+01 -2.222183e+00  0.000000e+00
     vertex  3.177782e+01 -2.222183e+00  1.510000e+00
   endloop
 endfacet
 facet normal -3.826834e-01 -9.238795e-01  0.000000e+00
   outer loop
     vertex  3.128470e+01 -1.937482e+00  0.000000e+00
     vertex  3.155000e+01 -2.047372e+00  1.510000e+00
     vertex  3.128470e+01 -1.937482e+00  1.510000e+00
   endloop
 endfacet
 facet normal -3.826834e-01 -9.238795e-01  0.000000e+00
   outer loop
     vertex  3.128470e+01 -1.937482e+00  0.000000e+00
     vertex  3.155000e+01 -2.047372e+00  0.000000e+00
     vertex  3.155000e+01 -2.047372e+00  1.510000e+00
   endloop
 endfacet
 facet normal -1.305262e-01 -9.914449e-01  0.000000e+00
   outer loop
     vertex  3.100000e+01 -1.900000e+00  0.000000e+00
     vertex  3.128470e+01 -1.937482e+00  1.510000e+00
     vertex  3.100000e+01 -1.900000e+00  1.510000e+00
   endloop
 endfacet
 facet normal -1.305262e-01 -9.914449e-01  0.000000e+00
   outer loop
     vertex  3.100000e+01 -1.900000e+00  0.000000e+00
     vertex  3.128470e+01 -1.937482e+00  0.000000e+00
     vertex  3.128470e+01 -1.937482e+00  1.510000e+00
   endloop
 endfacet
 facet normal  1.305262e-01 -9.914449e-01  0.000000e+00
   outer loop
     vertex  3.071530e+01 -1.937482e+00  0.000000e+00
     vertex  3.100000e+01 -1.900000e+00  1.510000e+00
     vertex  3.071530e+01 -1.937482e+00  1.510000e+00
   endloop
 endfacet
 facet normal  1.305262e-01 -9.914449e-01  0.000000e+00
   outer loop
     vertex  3.071530e+01 -1.937482e+00  0.000000e+00
     vertex  3.100000e+01 -1.900000e+00  0.000000e+00
     vertex  3.100000e+01 -1.900000e+00  1.510000e+00
   endloop
 endfacet
 facet normal  3.826834e-01 -9.238795e-01  0.000000e+00
   outer loop
     vertex  3.045000e+01 -2.047372e+00  0.000000e+00
     vertex  3.071530e+01 -1.937482e+00  0.000000e+00
     vertex  3.071530e+01 -1.937482e+00  1.510000e+00
   endloop
 endfacet
 facet normal  3.826834e-01 -9.238795e-01  0.000000e+00
   outer loop
     vertex  3.045000e+01 -2.047372e+00  0.000000e+00
     vertex  3.071530e+01 -1.937482e+00  1.510000e+00
     vertex  3.045000e+01 -2.047372e+00  1.510000e+00
   endloop
 endfacet
 facet normal  6.087614e-01 -7.933533e-01  0.000000e+00
   outer loop
     vertex  3.022218e+01 -2.222183e+00  0.000000e+00
     vertex  3.045000e+01 -2.047372e+00  0.000000e+00
     vertex  3.045000e+01 -2.047372e+00  1.510000e+00
   endloop
 endfacet
 facet normal  7.933533e-01 -6.087614e-01  0.000000e+00
   outer loop
     vertex  3.022218e+01 -2.222183e+00  0.000000e+00
     vertex  3.022218e+01 -2.222183e+00  1.510000e+00
     vertex  3.004737e+01 -2.450000e+00  1.510000e+00
   endloop
 endfacet
 facet normal  6.087614e-01 -7.933533e-01  0.000000e+00
   outer loop
     vertex  3.022218e+01 -2.222183e+00  0.000000e+00
     vertex  3.045000e+01 -2.047372e+00  1.510000e+00
     vertex  3.022218e+01 -2.222183e+00  1.510000e+00
   endloop
 endfacet
 facet normal  7.933533e-01 -6.087614e-01  0.000000e+00
   outer loop
     vertex  3.004737e+01 -2.450000e+00  0.000000e+00
     vertex  3.022218e+01 -2.222183e+00  0.000000e+00
     vertex  3.004737e+01 -2.450000e+00  1.510000e+00
   endloop
 endfacet
 facet normal  9.238795e-01 -3.826834e-01  0.000000e+00
   outer loop
     vertex  3.004737e+01 -2.450000e+00  0.000000e+00
     vertex  3.004737e+01 -2.450000e+00  1.510000e+00
     vertex  2.993748e+01 -2.715299e+00  1.510000e+00
   endloop
 endfacet
 facet normal  9.238795e-01 -3.826834e-01  0.000000e+00
   outer loop
     vertex  2.993748e+01 -2.715299e+00  0.000000e+00
     vertex  3.004737e+01 -2.450000e+00  0.000000e+00
     vertex  2.993748e+01 -2.715299e+00  1.510000e+00
   endloop
 endfacet
 facet normal  9.914449e-01 -1.305262e-01  0.000000e+00
   outer loop
     vertex  2.990000e+01 -3.000000e+00  0.000000e+00
     vertex  2.993748e+01 -2.715299e+00  0.000000e+00
     vertex  2.993748e+01 -2.715299e+00  1.510000e+00
   endloop
 endfacet
 facet normal  9.914449e-01 -1.305262e-01  0.000000e+00
   outer loop
     vertex  2.990000e+01 -3.000000e+00  0.000000e+00
     vertex  2.993748e+01 -2.715299e+00  1.510000e+00
     vertex  2.990000e+01 -3.000000e+00  1.510000e+00
   endloop
 endfacet
 facet normal  9.914449e-01  1.305262e-01 -0.000000e+00
   outer loop
     vertex  2.993748e+01 -3.284701e+00  0.000000e+00
     vertex  2.990000e+01 -3.000000e+00  1.510000e+00
     vertex  2.993748e+01 -3.284701e+00  1.510000e+00
   endloop
 endfacet
 facet normal  9.914449e-01  1.305262e-01  0.000000e+00
   outer loop
     vertex  2.993748e+01 -3.284701e+00  0.000000e+00
     vertex  2.990000e+01 -3.000000e+00  0.000000e+00
     vertex  2.990000e+01 -3.000000e+00  1.510000e+00
   endloop
 endfacet
 facet normal  9.238795e-01  3.826834e-01 -0.000000e+00
   outer loop
     vertex  3.004737e+01 -3.550000e+00  0.000000e+00
     vertex  2.993748e+01 -3.284701e+00  1.510000e+00
     vertex  3.004737e+01 -3.550000e+00  1.510000e+00
   endloop
 endfacet
 facet normal  9.238795e-01  3.826834e-01  0.000000e+00
   outer loop
     vertex  3.004737e+01 -3.550000e+00  0.000000e+00
     vertex  2.993748e+01 -3.284701e+00  0.000000e+00
     vertex  2.993748e+01 -3.284701e+00  1.510000e+00
   endloop
 endfacet
 facet normal  6.087614e-01  7.933533e-01 -0.000000e+00
   outer loop
     vertex  3.022218e+01 -3.777817e+00  0.000000e+00
     vertex  3.022218e+01 -3.777817e+00  1.510000e+00
     vertex  3.045000e+01 -3.952628e+00  1.510000e+00
   endloop
 endfacet
 facet normal  7.933533e-01  6.087614e-01 -0.000000e+00
   outer loop
     vertex  3.022218e+01 -3.777817e+00  0.000000e+00
     vertex  3.004737e+01 -3.550000e+00  1.510000e+00
     vertex  3.022218e+01 -3.777817e+00  1.510000e+00
   endloop
 endfacet
 facet normal  7.933533e-01  6.087614e-01  0.000000e+00
   outer loop
     vertex  3.022218e+01 -3.777817e+00  0.000000e+00
     vertex  3.004737e+01 -3.550000e+00  0.000000e+00
     vertex  3.004737e+01 -3.550000e+00  1.510000e+00
   endloop
 endfacet
 facet normal  6.087614e-01  7.933533e-01 -0.000000e+00
   outer loop
     vertex  3.045000e+01 -3.952628e+00  0.000000e+00
     vertex  3.022218e+01 -3.777817e+00  0.000000e+00
     vertex  3.045000e+01 -3.952628e+00  1.510000e+00
   endloop
 endfacet
 facet normal  3.826834e-01  9.238795e-01 -0.000000e+00
   outer loop
     vertex  3.071530e+01 -4.062518e+00  0.000000e+00
     vertex  3.045000e+01 -3.952628e+00  1.510000e+00
     vertex  3.071530e+01 -4.062518e+00  1.510000e+00
   endloop
 endfacet
 facet normal  3.826834e-01  9.238795e-01  0.000000e+00
   outer loop
     vertex  3.071530e+01 -4.062518e+00  0.000000e+00
     vertex  3.045000e+01 -3.952628e+00  0.000000e+00
     vertex  3.045000e+01 -3.952628e+00  1.510000e+00
   endloop
 endfacet
 facet normal  1.305262e-01  9.914449e-01 -0.000000e+00
   outer loop
     vertex  3.100000e+01 -4.100000e+00  0.000000e+00
     vertex  3.071530e+01 -4.062518e+00  1.510000e+00
     vertex  3.100000e+01 -4.100000e+00  1.510000e+00
   endloop
 endfacet
 facet normal  1.305262e-01  9.914449e-01  0.000000e+00
   outer loop
     vertex  3.100000e+01 -4.100000e+00  0.000000e+00
     vertex  3.071530e+01 -4.062518e+00  0.000000e+00
     vertex  3.071530e+01 -4.062518e+00  1.510000e+00
   endloop
 endfacet
endsolid
