ISO-10303-21;
HEADER;
FILE_DESCRIPTION(('KiCad electronic assembly'),'2;1');
FILE_NAME('lna_fm_98mhz_pcb_no_connectors.step','2026-09-08T17:52:11',(
    'Pcbnew'),('Kicad'),'Open CASCADE STEP processor 7.9',
  'KiCad to STEP converter','Unknown');
FILE_SCHEMA(('AUTOMOTIVE_DESIGN { 1 0 10303 214 1 1 1 1 }'));
ENDSEC;
DATA;
#1 = APPLICATION_PROTOCOL_DEFINITION('international standard',
  'automotive_design',2000,#2);
#2 = APPLICATION_CONTEXT(
  'core data for automotive mechanical design processes');
#3 = SHAPE_DEFINITION_REPRESENTATION(#4,#10);
#4 = PRODUCT_DEFINITION_SHAPE('','',#5);
#5 = PRODUCT_DEFINITION('design','',#6,#9);
#6 = PRODUCT_DEFINITION_FORMATION('','',#7);
#7 = PRODUCT('lna_fm_98mhz_pcb_no_connectors 1',
  'lna_fm_98mhz_pcb_no_connectors 1','',(#8));
#8 = PRODUCT_CONTEXT('',#2,'mechanical');
#9 = PRODUCT_DEFINITION_CONTEXT('part definition',#2,'design');
#10 = SHAPE_REPRESENTATION('',(#11,#15,#19,#23,#27,#31,#35,#39,#43,#47,
    #51,#55,#59,#63,#67,#71,#75,#79,#83,#87,#91,#95,#99,#103,#107),#111
  );
#11 = AXIS2_PLACEMENT_3D('',#12,#13,#14);
#12 = CARTESIAN_POINT('',(0.,0.,0.));
#13 = DIRECTION('',(0.,0.,1.));
#14 = DIRECTION('',(1.,0.,-0.));
#15 = AXIS2_PLACEMENT_3D('',#16,#17,#18);
#16 = CARTESIAN_POINT('',(12.2,-13.55,1.595));
#17 = DIRECTION('',(0.,-0.,1.));
#18 = DIRECTION('',(1.110223024625E-16,1.,0.));
#19 = AXIS2_PLACEMENT_3D('',#20,#21,#22);
#20 = CARTESIAN_POINT('',(15.5,-17.,1.595));
#21 = DIRECTION('',(0.,0.,1.));
#22 = DIRECTION('',(1.,0.,0.));
#23 = AXIS2_PLACEMENT_3D('',#24,#25,#26);
#24 = CARTESIAN_POINT('',(13.,-22.,1.595));
#25 = DIRECTION('',(-0.,0.,1.));
#26 = DIRECTION('',(1.110223024625E-16,-1.,0.));
#27 = AXIS2_PLACEMENT_3D('',#28,#29,#30);
#28 = CARTESIAN_POINT('',(22.,-17.,1.595));
#29 = DIRECTION('',(0.,0.,1.));
#30 = DIRECTION('',(1.,0.,0.));
#31 = AXIS2_PLACEMENT_3D('',#32,#33,#34);
#32 = CARTESIAN_POINT('',(13.,-3.2,1.595));
#33 = DIRECTION('',(0.,0.,1.));
#34 = DIRECTION('',(1.,0.,0.));
#35 = AXIS2_PLACEMENT_3D('',#36,#37,#38);
#36 = CARTESIAN_POINT('',(6.2,-13.725,1.595));
#37 = DIRECTION('',(0.,-0.,1.));
#38 = DIRECTION('',(1.110223024625E-16,1.,0.));
#39 = AXIS2_PLACEMENT_3D('',#40,#41,#42);
#40 = CARTESIAN_POINT('',(9.8,-13.55,1.595));
#41 = DIRECTION('',(0.,-0.,1.));
#42 = DIRECTION('',(1.110223024625E-16,1.,0.));
#43 = AXIS2_PLACEMENT_3D('',#44,#45,#46);
#44 = CARTESIAN_POINT('',(8.,-2.5,1.595));
#45 = DIRECTION('',(0.,0.,1.));
#46 = DIRECTION('',(1.,0.,0.));
#47 = AXIS2_PLACEMENT_3D('',#48,#49,#50);
#48 = CARTESIAN_POINT('',(14.562,-13.55,1.595));
#49 = DIRECTION('',(0.,-0.,1.));
#50 = DIRECTION('',(1.110223024625E-16,1.,0.));
#51 = AXIS2_PLACEMENT_3D('',#52,#53,#54);
#52 = CARTESIAN_POINT('',(8.95,-5.5,1.595));
#53 = DIRECTION('',(0.,-0.,1.));
#54 = DIRECTION('',(1.110223024625E-16,1.,0.));
#55 = AXIS2_PLACEMENT_3D('',#56,#57,#58);
#56 = CARTESIAN_POINT('',(25.,-14.,1.595));
#57 = DIRECTION('',(0.,0.,1.));
#58 = DIRECTION('',(1.,0.,0.));
#59 = AXIS2_PLACEMENT_3D('',#60,#61,#62);
#60 = CARTESIAN_POINT('',(7.8,-20.5,1.595));
#61 = DIRECTION('',(-0.,0.,1.));
#62 = DIRECTION('',(1.110223024625E-16,-1.,0.));
#63 = AXIS2_PLACEMENT_3D('',#64,#65,#66);
#64 = CARTESIAN_POINT('',(19.,-13.725,1.595));
#65 = DIRECTION('',(0.,-0.,1.));
#66 = DIRECTION('',(1.110223024625E-16,1.,0.));
#67 = AXIS2_PLACEMENT_3D('',#68,#69,#70);
#68 = CARTESIAN_POINT('',(15.5,-8.5,1.595));
#69 = DIRECTION('',(-0.,0.,1.));
#70 = DIRECTION('',(1.110223024625E-16,-1.,0.));
#71 = AXIS2_PLACEMENT_3D('',#72,#73,#74);
#72 = CARTESIAN_POINT('',(5.8,-20.5,1.595));
#73 = DIRECTION('',(-0.,0.,1.));
#74 = DIRECTION('',(1.110223024625E-16,-1.,0.));
#75 = AXIS2_PLACEMENT_3D('',#76,#77,#78);
#76 = CARTESIAN_POINT('',(13.,-8.5,1.595));
#77 = DIRECTION('',(-0.,0.,1.));
#78 = DIRECTION('',(1.110223024625E-16,-1.,0.));
#79 = AXIS2_PLACEMENT_3D('',#80,#81,#82);
#80 = CARTESIAN_POINT('',(24.,-11.1,1.595));
#81 = DIRECTION('',(0.,-0.,1.));
#82 = DIRECTION('',(1.110223024625E-16,1.,0.));
#83 = AXIS2_PLACEMENT_3D('',#84,#85,#86);
#84 = CARTESIAN_POINT('',(7.8,-13.725,1.595));
#85 = DIRECTION('',(0.,-0.,1.));
#86 = DIRECTION('',(1.110223024625E-16,1.,0.));
#87 = AXIS2_PLACEMENT_3D('',#88,#89,#90);
#88 = CARTESIAN_POINT('',(13.,-25.,1.595));
#89 = DIRECTION('',(-0.,0.,1.));
#90 = DIRECTION('',(1.110223024625E-16,-1.,0.));
#91 = AXIS2_PLACEMENT_3D('',#92,#93,#94);
#92 = CARTESIAN_POINT('',(19.,-20.5,1.595));
#93 = DIRECTION('',(-0.,0.,1.));
#94 = DIRECTION('',(1.110223024625E-16,-1.,0.));
#95 = AXIS2_PLACEMENT_3D('',#96,#97,#98);
#96 = CARTESIAN_POINT('',(26.,-4.,1.595));
#97 = DIRECTION('',(0.,0.,1.));
#98 = DIRECTION('',(1.,0.,0.));
#99 = AXIS2_PLACEMENT_3D('',#100,#101,#102);
#100 = CARTESIAN_POINT('',(10.5,-17.95,1.595));
#101 = DIRECTION('',(0.,0.,1.));
#102 = DIRECTION('',(1.,0.,0.));
#103 = AXIS2_PLACEMENT_3D('',#104,#105,#106);
#104 = CARTESIAN_POINT('',(26.5,-11.1,1.595));
#105 = DIRECTION('',(0.,-0.,1.));
#106 = DIRECTION('',(1.110223024625E-16,1.,0.));
#107 = AXIS2_PLACEMENT_3D('',#108,#109,#110);
#108 = CARTESIAN_POINT('',(0.,0.,0.));
#109 = DIRECTION('',(0.,0.,1.));
#110 = DIRECTION('',(1.,0.,-0.));
#111 = ( GEOMETRIC_REPRESENTATION_CONTEXT(3) 
GLOBAL_UNCERTAINTY_ASSIGNED_CONTEXT((#115)) GLOBAL_UNIT_ASSIGNED_CONTEXT
((#112,#113,#114)) REPRESENTATION_CONTEXT('Context #1',
  '3D Context with UNIT and UNCERTAINTY') );
#112 = ( LENGTH_UNIT() NAMED_UNIT(*) SI_UNIT(.MILLI.,.METRE.) );
#113 = ( NAMED_UNIT(*) PLANE_ANGLE_UNIT() SI_UNIT($,.RADIAN.) );
#114 = ( NAMED_UNIT(*) SI_UNIT($,.STERADIAN.) SOLID_ANGLE_UNIT() );
#115 = UNCERTAINTY_MEASURE_WITH_UNIT(LENGTH_MEASURE(1.E-07),#112,
  'distance_accuracy_value','confusion accuracy');
#116 = PRODUCT_RELATED_PRODUCT_CATEGORY('part',$,(#7));
#117 = SHAPE_DEFINITION_REPRESENTATION(#118,#124);
#118 = PRODUCT_DEFINITION_SHAPE('','',#119);
#119 = PRODUCT_DEFINITION('design','',#120,#123);
#120 = PRODUCT_DEFINITION_FORMATION('','',#121);
#121 = PRODUCT('C_0805_2012Metric','C_0805_2012Metric','',(#122));
#122 = PRODUCT_CONTEXT('',#2,'mechanical');
#123 = PRODUCT_DEFINITION_CONTEXT('part definition',#2,'design');
#124 = SHAPE_REPRESENTATION('',(#11,#125),#129);
#125 = AXIS2_PLACEMENT_3D('',#126,#127,#128);
#126 = CARTESIAN_POINT('',(0.,0.,0.));
#127 = DIRECTION('',(0.,0.,1.));
#128 = DIRECTION('',(1.,0.,-0.));
#129 = ( GEOMETRIC_REPRESENTATION_CONTEXT(3) 
GLOBAL_UNCERTAINTY_ASSIGNED_CONTEXT((#133)) GLOBAL_UNIT_ASSIGNED_CONTEXT
((#130,#131,#132)) REPRESENTATION_CONTEXT('Context #1',
  '3D Context with UNIT and UNCERTAINTY') );
#130 = ( LENGTH_UNIT() NAMED_UNIT(*) SI_UNIT(.MILLI.,.METRE.) );
#131 = ( NAMED_UNIT(*) PLANE_ANGLE_UNIT() SI_UNIT($,.RADIAN.) );
#132 = ( NAMED_UNIT(*) SI_UNIT($,.STERADIAN.) SOLID_ANGLE_UNIT() );
#133 = UNCERTAINTY_MEASURE_WITH_UNIT(LENGTH_MEASURE(1.E-07),#130,
  'distance_accuracy_value','confusion accuracy');
#134 = CONTEXT_DEPENDENT_SHAPE_REPRESENTATION(#135,#137);
#135 = ( REPRESENTATION_RELATIONSHIP('','',#124,#10) 
REPRESENTATION_RELATIONSHIP_WITH_TRANSFORMATION(#136) 
SHAPE_REPRESENTATION_RELATIONSHIP() );
#136 = ITEM_DEFINED_TRANSFORMATION('','',#11,#15);
#137 = PRODUCT_DEFINITION_SHAPE('Placement','Placement of an item',#138
  );
#138 = NEXT_ASSEMBLY_USAGE_OCCURRENCE('2','C4','',#5,#119,$);
#139 = PRODUCT_RELATED_PRODUCT_CATEGORY('part',$,(#121));
#140 = SHAPE_DEFINITION_REPRESENTATION(#141,#147);
#141 = PRODUCT_DEFINITION_SHAPE('','',#142);
#142 = PRODUCT_DEFINITION('design','',#143,#146);
#143 = PRODUCT_DEFINITION_FORMATION('','',#144);
#144 = PRODUCT('C_0805_2012Metric','C_0805_2012Metric','',(#145));
#145 = PRODUCT_CONTEXT('',#2,'mechanical');
#146 = PRODUCT_DEFINITION_CONTEXT('part definition',#2,'design');
#147 = ADVANCED_BREP_SHAPE_REPRESENTATION('',(#11,#148),#1002);
#148 = MANIFOLD_SOLID_BREP('',#149);
#149 = CLOSED_SHELL('',(#150,#226,#257,#282,#307,#331,#355,#380,#405,
    #422,#508,#540,#564,#589,#613,#638,#662,#687,#704,#790,#821,#846,
    #871,#895,#919,#944,#969,#986));
#150 = ADVANCED_FACE('',(#151),#221,.F.);
#151 = FACE_BOUND('',#152,.F.);
#152 = EDGE_LOOP('',(#153,#163,#172,#180,#189,#197,#206,#214));
#153 = ORIENTED_EDGE('',*,*,#154,.F.);
#154 = EDGE_CURVE('',#155,#157,#159,.T.);
#155 = VERTEX_POINT('',#156);
#156 = CARTESIAN_POINT('',(-1.,-0.625,4.E-02));
#157 = VERTEX_POINT('',#158);
#158 = CARTESIAN_POINT('',(-1.,-0.625,1.21));
#159 = LINE('',#160,#161);
#160 = CARTESIAN_POINT('',(-1.,-0.625,0.));
#161 = VECTOR('',#162,1.);
#162 = DIRECTION('',(0.,0.,1.));
#163 = ORIENTED_EDGE('',*,*,#164,.T.);
#164 = EDGE_CURVE('',#155,#165,#167,.T.);
#165 = VERTEX_POINT('',#166);
#166 = CARTESIAN_POINT('',(-1.,-0.585,0.));
#167 = CIRCLE('',#168,4.E-02);
#168 = AXIS2_PLACEMENT_3D('',#169,#170,#171);
#169 = CARTESIAN_POINT('',(-1.,-0.585,4.E-02));
#170 = DIRECTION('',(1.,0.,-0.));
#171 = DIRECTION('',(0.,0.,1.));
#172 = ORIENTED_EDGE('',*,*,#173,.T.);
#173 = EDGE_CURVE('',#165,#174,#176,.T.);
#174 = VERTEX_POINT('',#175);
#175 = CARTESIAN_POINT('',(-1.,0.585,0.));
#176 = LINE('',#177,#178);
#177 = CARTESIAN_POINT('',(-1.,-0.625,0.));
#178 = VECTOR('',#179,1.);
#179 = DIRECTION('',(0.,1.,0.));
#180 = ORIENTED_EDGE('',*,*,#181,.F.);
#181 = EDGE_CURVE('',#182,#174,#184,.T.);
#182 = VERTEX_POINT('',#183);
#183 = CARTESIAN_POINT('',(-1.,0.625,4.E-02));
#184 = CIRCLE('',#185,4.E-02);
#185 = AXIS2_PLACEMENT_3D('',#186,#187,#188);
#186 = CARTESIAN_POINT('',(-1.,0.585,4.E-02));
#187 = DIRECTION('',(-1.,0.,0.));
#188 = DIRECTION('',(0.,0.,1.));
#189 = ORIENTED_EDGE('',*,*,#190,.T.);
#190 = EDGE_CURVE('',#182,#191,#193,.T.);
#191 = VERTEX_POINT('',#192);
#192 = CARTESIAN_POINT('',(-1.,0.625,1.21));
#193 = LINE('',#194,#195);
#194 = CARTESIAN_POINT('',(-1.,0.625,0.));
#195 = VECTOR('',#196,1.);
#196 = DIRECTION('',(0.,0.,1.));
#197 = ORIENTED_EDGE('',*,*,#198,.T.);
#198 = EDGE_CURVE('',#191,#199,#201,.T.);
#199 = VERTEX_POINT('',#200);
#200 = CARTESIAN_POINT('',(-1.,0.585,1.25));
#201 = CIRCLE('',#202,4.E-02);
#202 = AXIS2_PLACEMENT_3D('',#203,#204,#205);
#203 = CARTESIAN_POINT('',(-1.,0.585,1.21));
#204 = DIRECTION('',(1.,0.,-0.));
#205 = DIRECTION('',(0.,0.,1.));
#206 = ORIENTED_EDGE('',*,*,#207,.F.);
#207 = EDGE_CURVE('',#208,#199,#210,.T.);
#208 = VERTEX_POINT('',#209);
#209 = CARTESIAN_POINT('',(-1.,-0.585,1.25));
#210 = LINE('',#211,#212);
#211 = CARTESIAN_POINT('',(-1.,-0.625,1.25));
#212 = VECTOR('',#213,1.);
#213 = DIRECTION('',(0.,1.,0.));
#214 = ORIENTED_EDGE('',*,*,#215,.F.);
#215 = EDGE_CURVE('',#157,#208,#216,.T.);
#216 = CIRCLE('',#217,4.E-02);
#217 = AXIS2_PLACEMENT_3D('',#218,#219,#220);
#218 = CARTESIAN_POINT('',(-1.,-0.585,1.21));
#219 = DIRECTION('',(-1.,0.,0.));
#220 = DIRECTION('',(0.,0.,1.));
#221 = PLANE('',#222);
#222 = AXIS2_PLACEMENT_3D('',#223,#224,#225);
#223 = CARTESIAN_POINT('',(-1.,-0.625,0.));
#224 = DIRECTION('',(1.,0.,0.));
#225 = DIRECTION('',(0.,0.,1.));
#226 = ADVANCED_FACE('',(#227),#252,.F.);
#227 = FACE_BOUND('',#228,.F.);
#228 = EDGE_LOOP('',(#229,#239,#245,#246));
#229 = ORIENTED_EDGE('',*,*,#230,.F.);
#230 = EDGE_CURVE('',#231,#233,#235,.T.);
#231 = VERTEX_POINT('',#232);
#232 = CARTESIAN_POINT('',(-0.6,-0.625,4.E-02));
#233 = VERTEX_POINT('',#234);
#234 = CARTESIAN_POINT('',(-0.6,-0.625,1.21));
#235 = LINE('',#236,#237);
#236 = CARTESIAN_POINT('',(-0.6,-0.625,0.));
#237 = VECTOR('',#238,1.);
#238 = DIRECTION('',(0.,0.,1.));
#239 = ORIENTED_EDGE('',*,*,#240,.F.);
#240 = EDGE_CURVE('',#155,#231,#241,.T.);
#241 = LINE('',#242,#243);
#242 = CARTESIAN_POINT('',(-1.,-0.625,4.E-02));
#243 = VECTOR('',#244,1.);
#244 = DIRECTION('',(1.,0.,0.));
#245 = ORIENTED_EDGE('',*,*,#154,.T.);
#246 = ORIENTED_EDGE('',*,*,#247,.T.);
#247 = EDGE_CURVE('',#157,#233,#248,.T.);
#248 = LINE('',#249,#250);
#249 = CARTESIAN_POINT('',(-1.,-0.625,1.21));
#250 = VECTOR('',#251,1.);
#251 = DIRECTION('',(1.,0.,0.));
#252 = PLANE('',#253);
#253 = AXIS2_PLACEMENT_3D('',#254,#255,#256);
#254 = CARTESIAN_POINT('',(-1.,-0.625,0.));
#255 = DIRECTION('',(0.,1.,0.));
#256 = DIRECTION('',(0.,-0.,1.));
#257 = ADVANCED_FACE('',(#258),#277,.T.);
#258 = FACE_BOUND('',#259,.T.);
#259 = EDGE_LOOP('',(#260,#261,#269,#276));
#260 = ORIENTED_EDGE('',*,*,#164,.T.);
#261 = ORIENTED_EDGE('',*,*,#262,.T.);
#262 = EDGE_CURVE('',#165,#263,#265,.T.);
#263 = VERTEX_POINT('',#264);
#264 = CARTESIAN_POINT('',(-0.6,-0.585,0.));
#265 = LINE('',#266,#267);
#266 = CARTESIAN_POINT('',(-1.,-0.585,0.));
#267 = VECTOR('',#268,1.);
#268 = DIRECTION('',(1.,0.,0.));
#269 = ORIENTED_EDGE('',*,*,#270,.F.);
#270 = EDGE_CURVE('',#231,#263,#271,.T.);
#271 = CIRCLE('',#272,4.E-02);
#272 = AXIS2_PLACEMENT_3D('',#273,#274,#275);
#273 = CARTESIAN_POINT('',(-0.6,-0.585,4.E-02));
#274 = DIRECTION('',(1.,0.,-0.));
#275 = DIRECTION('',(0.,0.,1.));
#276 = ORIENTED_EDGE('',*,*,#240,.F.);
#277 = CYLINDRICAL_SURFACE('',#278,4.E-02);
#278 = AXIS2_PLACEMENT_3D('',#279,#280,#281);
#279 = CARTESIAN_POINT('',(-1.,-0.585,4.E-02));
#280 = DIRECTION('',(1.,0.,0.));
#281 = DIRECTION('',(0.,-1.,0.));
#282 = ADVANCED_FACE('',(#283),#302,.T.);
#283 = FACE_BOUND('',#284,.T.);
#284 = EDGE_LOOP('',(#285,#286,#295,#301));
#285 = ORIENTED_EDGE('',*,*,#247,.T.);
#286 = ORIENTED_EDGE('',*,*,#287,.T.);
#287 = EDGE_CURVE('',#233,#288,#290,.T.);
#288 = VERTEX_POINT('',#289);
#289 = CARTESIAN_POINT('',(-0.6,-0.585,1.25));
#290 = CIRCLE('',#291,4.E-02);
#291 = AXIS2_PLACEMENT_3D('',#292,#293,#294);
#292 = CARTESIAN_POINT('',(-0.6,-0.585,1.21));
#293 = DIRECTION('',(-1.,0.,0.));
#294 = DIRECTION('',(0.,0.,1.));
#295 = ORIENTED_EDGE('',*,*,#296,.F.);
#296 = EDGE_CURVE('',#208,#288,#297,.T.);
#297 = LINE('',#298,#299);
#298 = CARTESIAN_POINT('',(-1.,-0.585,1.25));
#299 = VECTOR('',#300,1.);
#300 = DIRECTION('',(1.,0.,0.));
#301 = ORIENTED_EDGE('',*,*,#215,.F.);
#302 = CYLINDRICAL_SURFACE('',#303,4.E-02);
#303 = AXIS2_PLACEMENT_3D('',#304,#305,#306);
#304 = CARTESIAN_POINT('',(-1.,-0.585,1.21));
#305 = DIRECTION('',(1.,0.,0.));
#306 = DIRECTION('',(0.,-1.,0.));
#307 = ADVANCED_FACE('',(#308),#326,.F.);
#308 = FACE_BOUND('',#309,.F.);
#309 = EDGE_LOOP('',(#310,#311,#312,#320));
#310 = ORIENTED_EDGE('',*,*,#173,.F.);
#311 = ORIENTED_EDGE('',*,*,#262,.T.);
#312 = ORIENTED_EDGE('',*,*,#313,.T.);
#313 = EDGE_CURVE('',#263,#314,#316,.T.);
#314 = VERTEX_POINT('',#315);
#315 = CARTESIAN_POINT('',(-0.6,0.585,0.));
#316 = LINE('',#317,#318);
#317 = CARTESIAN_POINT('',(-0.6,-0.625,0.));
#318 = VECTOR('',#319,1.);
#319 = DIRECTION('',(0.,1.,0.));
#320 = ORIENTED_EDGE('',*,*,#321,.F.);
#321 = EDGE_CURVE('',#174,#314,#322,.T.);
#322 = LINE('',#323,#324);
#323 = CARTESIAN_POINT('',(-1.,0.585,0.));
#324 = VECTOR('',#325,1.);
#325 = DIRECTION('',(1.,0.,0.));
#326 = PLANE('',#327);
#327 = AXIS2_PLACEMENT_3D('',#328,#329,#330);
#328 = CARTESIAN_POINT('',(-1.,-0.625,0.));
#329 = DIRECTION('',(0.,0.,1.));
#330 = DIRECTION('',(1.,0.,-0.));
#331 = ADVANCED_FACE('',(#332),#350,.T.);
#332 = FACE_BOUND('',#333,.T.);
#333 = EDGE_LOOP('',(#334,#335,#336,#344));
#334 = ORIENTED_EDGE('',*,*,#207,.F.);
#335 = ORIENTED_EDGE('',*,*,#296,.T.);
#336 = ORIENTED_EDGE('',*,*,#337,.T.);
#337 = EDGE_CURVE('',#288,#338,#340,.T.);
#338 = VERTEX_POINT('',#339);
#339 = CARTESIAN_POINT('',(-0.6,0.585,1.25));
#340 = LINE('',#341,#342);
#341 = CARTESIAN_POINT('',(-0.6,-0.625,1.25));
#342 = VECTOR('',#343,1.);
#343 = DIRECTION('',(0.,1.,0.));
#344 = ORIENTED_EDGE('',*,*,#345,.F.);
#345 = EDGE_CURVE('',#199,#338,#346,.T.);
#346 = LINE('',#347,#348);
#347 = CARTESIAN_POINT('',(-1.,0.585,1.25));
#348 = VECTOR('',#349,1.);
#349 = DIRECTION('',(1.,0.,0.));
#350 = PLANE('',#351);
#351 = AXIS2_PLACEMENT_3D('',#352,#353,#354);
#352 = CARTESIAN_POINT('',(-1.,-0.625,1.25));
#353 = DIRECTION('',(0.,0.,1.));
#354 = DIRECTION('',(1.,0.,-0.));
#355 = ADVANCED_FACE('',(#356),#375,.T.);
#356 = FACE_BOUND('',#357,.T.);
#357 = EDGE_LOOP('',(#358,#366,#373,#374));
#358 = ORIENTED_EDGE('',*,*,#359,.T.);
#359 = EDGE_CURVE('',#182,#360,#362,.T.);
#360 = VERTEX_POINT('',#361);
#361 = CARTESIAN_POINT('',(-0.6,0.625,4.E-02));
#362 = LINE('',#363,#364);
#363 = CARTESIAN_POINT('',(-1.,0.625,4.E-02));
#364 = VECTOR('',#365,1.);
#365 = DIRECTION('',(1.,0.,0.));
#366 = ORIENTED_EDGE('',*,*,#367,.T.);
#367 = EDGE_CURVE('',#360,#314,#368,.T.);
#368 = CIRCLE('',#369,4.E-02);
#369 = AXIS2_PLACEMENT_3D('',#370,#371,#372);
#370 = CARTESIAN_POINT('',(-0.6,0.585,4.E-02));
#371 = DIRECTION('',(-1.,0.,0.));
#372 = DIRECTION('',(0.,0.,1.));
#373 = ORIENTED_EDGE('',*,*,#321,.F.);
#374 = ORIENTED_EDGE('',*,*,#181,.F.);
#375 = CYLINDRICAL_SURFACE('',#376,4.E-02);
#376 = AXIS2_PLACEMENT_3D('',#377,#378,#379);
#377 = CARTESIAN_POINT('',(-1.,0.585,4.E-02));
#378 = DIRECTION('',(1.,0.,0.));
#379 = DIRECTION('',(-0.,1.,0.));
#380 = ADVANCED_FACE('',(#381),#400,.T.);
#381 = FACE_BOUND('',#382,.T.);
#382 = EDGE_LOOP('',(#383,#384,#385,#394));
#383 = ORIENTED_EDGE('',*,*,#198,.T.);
#384 = ORIENTED_EDGE('',*,*,#345,.T.);
#385 = ORIENTED_EDGE('',*,*,#386,.F.);
#386 = EDGE_CURVE('',#387,#338,#389,.T.);
#387 = VERTEX_POINT('',#388);
#388 = CARTESIAN_POINT('',(-0.6,0.625,1.21));
#389 = CIRCLE('',#390,4.E-02);
#390 = AXIS2_PLACEMENT_3D('',#391,#392,#393);
#391 = CARTESIAN_POINT('',(-0.6,0.585,1.21));
#392 = DIRECTION('',(1.,0.,-0.));
#393 = DIRECTION('',(0.,0.,1.));
#394 = ORIENTED_EDGE('',*,*,#395,.F.);
#395 = EDGE_CURVE('',#191,#387,#396,.T.);
#396 = LINE('',#397,#398);
#397 = CARTESIAN_POINT('',(-1.,0.625,1.21));
#398 = VECTOR('',#399,1.);
#399 = DIRECTION('',(1.,0.,0.));
#400 = CYLINDRICAL_SURFACE('',#401,4.E-02);
#401 = AXIS2_PLACEMENT_3D('',#402,#403,#404);
#402 = CARTESIAN_POINT('',(-1.,0.585,1.21));
#403 = DIRECTION('',(1.,0.,0.));
#404 = DIRECTION('',(-0.,1.,0.));
#405 = ADVANCED_FACE('',(#406),#417,.T.);
#406 = FACE_BOUND('',#407,.T.);
#407 = EDGE_LOOP('',(#408,#414,#415,#416));
#408 = ORIENTED_EDGE('',*,*,#409,.F.);
#409 = EDGE_CURVE('',#360,#387,#410,.T.);
#410 = LINE('',#411,#412);
#411 = CARTESIAN_POINT('',(-0.6,0.625,0.));
#412 = VECTOR('',#413,1.);
#413 = DIRECTION('',(0.,0.,1.));
#414 = ORIENTED_EDGE('',*,*,#359,.F.);
#415 = ORIENTED_EDGE('',*,*,#190,.T.);
#416 = ORIENTED_EDGE('',*,*,#395,.T.);
#417 = PLANE('',#418);
#418 = AXIS2_PLACEMENT_3D('',#419,#420,#421);
#419 = CARTESIAN_POINT('',(-1.,0.625,0.));
#420 = DIRECTION('',(0.,1.,0.));
#421 = DIRECTION('',(0.,-0.,1.));
#422 = ADVANCED_FACE('',(#423,#433),#503,.T.);
#423 = FACE_BOUND('',#424,.T.);
#424 = EDGE_LOOP('',(#425,#426,#427,#428,#429,#430,#431,#432));
#425 = ORIENTED_EDGE('',*,*,#230,.F.);
#426 = ORIENTED_EDGE('',*,*,#270,.T.);
#427 = ORIENTED_EDGE('',*,*,#313,.T.);
#428 = ORIENTED_EDGE('',*,*,#367,.F.);
#429 = ORIENTED_EDGE('',*,*,#409,.T.);
#430 = ORIENTED_EDGE('',*,*,#386,.T.);
#431 = ORIENTED_EDGE('',*,*,#337,.F.);
#432 = ORIENTED_EDGE('',*,*,#287,.F.);
#433 = FACE_BOUND('',#434,.T.);
#434 = EDGE_LOOP('',(#435,#446,#454,#463,#471,#480,#488,#497));
#435 = ORIENTED_EDGE('',*,*,#436,.F.);
#436 = EDGE_CURVE('',#437,#439,#441,.T.);
#437 = VERTEX_POINT('',#438);
#438 = CARTESIAN_POINT('',(-0.6,-0.585,8.E-02));
#439 = VERTEX_POINT('',#440);
#440 = CARTESIAN_POINT('',(-0.6,-0.545,4.E-02));
#441 = CIRCLE('',#442,4.E-02);
#442 = AXIS2_PLACEMENT_3D('',#443,#444,#445);
#443 = CARTESIAN_POINT('',(-0.6,-0.545,8.E-02));
#444 = DIRECTION('',(1.,0.,-0.));
#445 = DIRECTION('',(0.,0.,1.));
#446 = ORIENTED_EDGE('',*,*,#447,.T.);
#447 = EDGE_CURVE('',#437,#448,#450,.T.);
#448 = VERTEX_POINT('',#449);
#449 = CARTESIAN_POINT('',(-0.6,-0.585,1.17));
#450 = LINE('',#451,#452);
#451 = CARTESIAN_POINT('',(-0.6,-0.585,4.E-02));
#452 = VECTOR('',#453,1.);
#453 = DIRECTION('',(0.,0.,1.));
#454 = ORIENTED_EDGE('',*,*,#455,.T.);
#455 = EDGE_CURVE('',#448,#456,#458,.T.);
#456 = VERTEX_POINT('',#457);
#457 = CARTESIAN_POINT('',(-0.6,-0.545,1.21));
#458 = CIRCLE('',#459,4.E-02);
#459 = AXIS2_PLACEMENT_3D('',#460,#461,#462);
#460 = CARTESIAN_POINT('',(-0.6,-0.545,1.17));
#461 = DIRECTION('',(-1.,0.,0.));
#462 = DIRECTION('',(0.,0.,1.));
#463 = ORIENTED_EDGE('',*,*,#464,.T.);
#464 = EDGE_CURVE('',#456,#465,#467,.T.);
#465 = VERTEX_POINT('',#466);
#466 = CARTESIAN_POINT('',(-0.6,0.545,1.21));
#467 = LINE('',#468,#469);
#468 = CARTESIAN_POINT('',(-0.6,-0.585,1.21));
#469 = VECTOR('',#470,1.);
#470 = DIRECTION('',(0.,1.,0.));
#471 = ORIENTED_EDGE('',*,*,#472,.F.);
#472 = EDGE_CURVE('',#473,#465,#475,.T.);
#473 = VERTEX_POINT('',#474);
#474 = CARTESIAN_POINT('',(-0.6,0.585,1.17));
#475 = CIRCLE('',#476,4.E-02);
#476 = AXIS2_PLACEMENT_3D('',#477,#478,#479);
#477 = CARTESIAN_POINT('',(-0.6,0.545,1.17));
#478 = DIRECTION('',(1.,0.,-0.));
#479 = DIRECTION('',(0.,0.,1.));
#480 = ORIENTED_EDGE('',*,*,#481,.F.);
#481 = EDGE_CURVE('',#482,#473,#484,.T.);
#482 = VERTEX_POINT('',#483);
#483 = CARTESIAN_POINT('',(-0.6,0.585,8.E-02));
#484 = LINE('',#485,#486);
#485 = CARTESIAN_POINT('',(-0.6,0.585,4.E-02));
#486 = VECTOR('',#487,1.);
#487 = DIRECTION('',(0.,0.,1.));
#488 = ORIENTED_EDGE('',*,*,#489,.T.);
#489 = EDGE_CURVE('',#482,#490,#492,.T.);
#490 = VERTEX_POINT('',#491);
#491 = CARTESIAN_POINT('',(-0.6,0.545,4.E-02));
#492 = CIRCLE('',#493,4.E-02);
#493 = AXIS2_PLACEMENT_3D('',#494,#495,#496);
#494 = CARTESIAN_POINT('',(-0.6,0.545,8.E-02));
#495 = DIRECTION('',(-1.,0.,0.));
#496 = DIRECTION('',(0.,0.,1.));
#497 = ORIENTED_EDGE('',*,*,#498,.F.);
#498 = EDGE_CURVE('',#439,#490,#499,.T.);
#499 = LINE('',#500,#501);
#500 = CARTESIAN_POINT('',(-0.6,-0.585,4.E-02));
#501 = VECTOR('',#502,1.);
#502 = DIRECTION('',(0.,1.,0.));
#503 = PLANE('',#504);
#504 = AXIS2_PLACEMENT_3D('',#505,#506,#507);
#505 = CARTESIAN_POINT('',(-0.6,-0.625,0.));
#506 = DIRECTION('',(1.,0.,0.));
#507 = DIRECTION('',(0.,0.,1.));
#508 = ADVANCED_FACE('',(#509),#535,.T.);
#509 = FACE_BOUND('',#510,.T.);
#510 = EDGE_LOOP('',(#511,#512,#520,#529));
#511 = ORIENTED_EDGE('',*,*,#436,.T.);
#512 = ORIENTED_EDGE('',*,*,#513,.T.);
#513 = EDGE_CURVE('',#439,#514,#516,.T.);
#514 = VERTEX_POINT('',#515);
#515 = CARTESIAN_POINT('',(0.6,-0.545,4.E-02));
#516 = LINE('',#517,#518);
#517 = CARTESIAN_POINT('',(-0.6,-0.545,4.E-02));
#518 = VECTOR('',#519,1.);
#519 = DIRECTION('',(1.,0.,0.));
#520 = ORIENTED_EDGE('',*,*,#521,.F.);
#521 = EDGE_CURVE('',#522,#514,#524,.T.);
#522 = VERTEX_POINT('',#523);
#523 = CARTESIAN_POINT('',(0.6,-0.585,8.E-02));
#524 = CIRCLE('',#525,4.E-02);
#525 = AXIS2_PLACEMENT_3D('',#526,#527,#528);
#526 = CARTESIAN_POINT('',(0.6,-0.545,8.E-02));
#527 = DIRECTION('',(1.,0.,-0.));
#528 = DIRECTION('',(0.,0.,1.));
#529 = ORIENTED_EDGE('',*,*,#530,.F.);
#530 = EDGE_CURVE('',#437,#522,#531,.T.);
#531 = LINE('',#532,#533);
#532 = CARTESIAN_POINT('',(-0.6,-0.585,8.E-02));
#533 = VECTOR('',#534,1.);
#534 = DIRECTION('',(1.,0.,0.));
#535 = CYLINDRICAL_SURFACE('',#536,4.E-02);
#536 = AXIS2_PLACEMENT_3D('',#537,#538,#539);
#537 = CARTESIAN_POINT('',(-0.6,-0.545,8.E-02));
#538 = DIRECTION('',(1.,0.,0.));
#539 = DIRECTION('',(0.,-1.,0.));
#540 = ADVANCED_FACE('',(#541),#559,.F.);
#541 = FACE_BOUND('',#542,.F.);
#542 = EDGE_LOOP('',(#543,#544,#545,#553));
#543 = ORIENTED_EDGE('',*,*,#498,.F.);
#544 = ORIENTED_EDGE('',*,*,#513,.T.);
#545 = ORIENTED_EDGE('',*,*,#546,.T.);
#546 = EDGE_CURVE('',#514,#547,#549,.T.);
#547 = VERTEX_POINT('',#548);
#548 = CARTESIAN_POINT('',(0.6,0.545,4.E-02));
#549 = LINE('',#550,#551);
#550 = CARTESIAN_POINT('',(0.6,-0.585,4.E-02));
#551 = VECTOR('',#552,1.);
#552 = DIRECTION('',(0.,1.,0.));
#553 = ORIENTED_EDGE('',*,*,#554,.F.);
#554 = EDGE_CURVE('',#490,#547,#555,.T.);
#555 = LINE('',#556,#557);
#556 = CARTESIAN_POINT('',(-0.6,0.545,4.E-02));
#557 = VECTOR('',#558,1.);
#558 = DIRECTION('',(1.,0.,0.));
#559 = PLANE('',#560);
#560 = AXIS2_PLACEMENT_3D('',#561,#562,#563);
#561 = CARTESIAN_POINT('',(-0.6,-0.585,4.E-02));
#562 = DIRECTION('',(0.,0.,1.));
#563 = DIRECTION('',(1.,0.,-0.));
#564 = ADVANCED_FACE('',(#565),#584,.T.);
#565 = FACE_BOUND('',#566,.T.);
#566 = EDGE_LOOP('',(#567,#575,#582,#583));
#567 = ORIENTED_EDGE('',*,*,#568,.T.);
#568 = EDGE_CURVE('',#482,#569,#571,.T.);
#569 = VERTEX_POINT('',#570);
#570 = CARTESIAN_POINT('',(0.6,0.585,8.E-02));
#571 = LINE('',#572,#573);
#572 = CARTESIAN_POINT('',(-0.6,0.585,8.E-02));
#573 = VECTOR('',#574,1.);
#574 = DIRECTION('',(1.,0.,0.));
#575 = ORIENTED_EDGE('',*,*,#576,.T.);
#576 = EDGE_CURVE('',#569,#547,#577,.T.);
#577 = CIRCLE('',#578,4.E-02);
#578 = AXIS2_PLACEMENT_3D('',#579,#580,#581);
#579 = CARTESIAN_POINT('',(0.6,0.545,8.E-02));
#580 = DIRECTION('',(-1.,0.,0.));
#581 = DIRECTION('',(0.,0.,1.));
#582 = ORIENTED_EDGE('',*,*,#554,.F.);
#583 = ORIENTED_EDGE('',*,*,#489,.F.);
#584 = CYLINDRICAL_SURFACE('',#585,4.E-02);
#585 = AXIS2_PLACEMENT_3D('',#586,#587,#588);
#586 = CARTESIAN_POINT('',(-0.6,0.545,8.E-02));
#587 = DIRECTION('',(1.,0.,0.));
#588 = DIRECTION('',(-0.,1.,0.));
#589 = ADVANCED_FACE('',(#590),#608,.T.);
#590 = FACE_BOUND('',#591,.T.);
#591 = EDGE_LOOP('',(#592,#600,#601,#602));
#592 = ORIENTED_EDGE('',*,*,#593,.F.);
#593 = EDGE_CURVE('',#569,#594,#596,.T.);
#594 = VERTEX_POINT('',#595);
#595 = CARTESIAN_POINT('',(0.6,0.585,1.17));
#596 = LINE('',#597,#598);
#597 = CARTESIAN_POINT('',(0.6,0.585,4.E-02));
#598 = VECTOR('',#599,1.);
#599 = DIRECTION('',(0.,0.,1.));
#600 = ORIENTED_EDGE('',*,*,#568,.F.);
#601 = ORIENTED_EDGE('',*,*,#481,.T.);
#602 = ORIENTED_EDGE('',*,*,#603,.T.);
#603 = EDGE_CURVE('',#473,#594,#604,.T.);
#604 = LINE('',#605,#606);
#605 = CARTESIAN_POINT('',(-0.6,0.585,1.17));
#606 = VECTOR('',#607,1.);
#607 = DIRECTION('',(1.,0.,0.));
#608 = PLANE('',#609);
#609 = AXIS2_PLACEMENT_3D('',#610,#611,#612);
#610 = CARTESIAN_POINT('',(-0.6,0.585,4.E-02));
#611 = DIRECTION('',(0.,1.,0.));
#612 = DIRECTION('',(0.,-0.,1.));
#613 = ADVANCED_FACE('',(#614),#633,.T.);
#614 = FACE_BOUND('',#615,.T.);
#615 = EDGE_LOOP('',(#616,#617,#625,#632));
#616 = ORIENTED_EDGE('',*,*,#472,.T.);
#617 = ORIENTED_EDGE('',*,*,#618,.T.);
#618 = EDGE_CURVE('',#465,#619,#621,.T.);
#619 = VERTEX_POINT('',#620);
#620 = CARTESIAN_POINT('',(0.6,0.545,1.21));
#621 = LINE('',#622,#623);
#622 = CARTESIAN_POINT('',(-0.6,0.545,1.21));
#623 = VECTOR('',#624,1.);
#624 = DIRECTION('',(1.,0.,0.));
#625 = ORIENTED_EDGE('',*,*,#626,.F.);
#626 = EDGE_CURVE('',#594,#619,#627,.T.);
#627 = CIRCLE('',#628,4.E-02);
#628 = AXIS2_PLACEMENT_3D('',#629,#630,#631);
#629 = CARTESIAN_POINT('',(0.6,0.545,1.17));
#630 = DIRECTION('',(1.,0.,-0.));
#631 = DIRECTION('',(0.,0.,1.));
#632 = ORIENTED_EDGE('',*,*,#603,.F.);
#633 = CYLINDRICAL_SURFACE('',#634,4.E-02);
#634 = AXIS2_PLACEMENT_3D('',#635,#636,#637);
#635 = CARTESIAN_POINT('',(-0.6,0.545,1.17));
#636 = DIRECTION('',(1.,0.,0.));
#637 = DIRECTION('',(-0.,1.,0.));
#638 = ADVANCED_FACE('',(#639),#657,.T.);
#639 = FACE_BOUND('',#640,.T.);
#640 = EDGE_LOOP('',(#641,#642,#650,#656));
#641 = ORIENTED_EDGE('',*,*,#464,.F.);
#642 = ORIENTED_EDGE('',*,*,#643,.T.);
#643 = EDGE_CURVE('',#456,#644,#646,.T.);
#644 = VERTEX_POINT('',#645);
#645 = CARTESIAN_POINT('',(0.6,-0.545,1.21));
#646 = LINE('',#647,#648);
#647 = CARTESIAN_POINT('',(-0.6,-0.545,1.21));
#648 = VECTOR('',#649,1.);
#649 = DIRECTION('',(1.,0.,0.));
#650 = ORIENTED_EDGE('',*,*,#651,.T.);
#651 = EDGE_CURVE('',#644,#619,#652,.T.);
#652 = LINE('',#653,#654);
#653 = CARTESIAN_POINT('',(0.6,-0.585,1.21));
#654 = VECTOR('',#655,1.);
#655 = DIRECTION('',(0.,1.,0.));
#656 = ORIENTED_EDGE('',*,*,#618,.F.);
#657 = PLANE('',#658);
#658 = AXIS2_PLACEMENT_3D('',#659,#660,#661);
#659 = CARTESIAN_POINT('',(-0.6,-0.585,1.21));
#660 = DIRECTION('',(0.,0.,1.));
#661 = DIRECTION('',(1.,0.,-0.));
#662 = ADVANCED_FACE('',(#663),#682,.T.);
#663 = FACE_BOUND('',#664,.T.);
#664 = EDGE_LOOP('',(#665,#673,#680,#681));
#665 = ORIENTED_EDGE('',*,*,#666,.T.);
#666 = EDGE_CURVE('',#448,#667,#669,.T.);
#667 = VERTEX_POINT('',#668);
#668 = CARTESIAN_POINT('',(0.6,-0.585,1.17));
#669 = LINE('',#670,#671);
#670 = CARTESIAN_POINT('',(-0.6,-0.585,1.17));
#671 = VECTOR('',#672,1.);
#672 = DIRECTION('',(1.,0.,0.));
#673 = ORIENTED_EDGE('',*,*,#674,.T.);
#674 = EDGE_CURVE('',#667,#644,#675,.T.);
#675 = CIRCLE('',#676,4.E-02);
#676 = AXIS2_PLACEMENT_3D('',#677,#678,#679);
#677 = CARTESIAN_POINT('',(0.6,-0.545,1.17));
#678 = DIRECTION('',(-1.,0.,0.));
#679 = DIRECTION('',(0.,0.,1.));
#680 = ORIENTED_EDGE('',*,*,#643,.F.);
#681 = ORIENTED_EDGE('',*,*,#455,.F.);
#682 = CYLINDRICAL_SURFACE('',#683,4.E-02);
#683 = AXIS2_PLACEMENT_3D('',#684,#685,#686);
#684 = CARTESIAN_POINT('',(-0.6,-0.545,1.17));
#685 = DIRECTION('',(1.,0.,0.));
#686 = DIRECTION('',(0.,-1.,0.));
#687 = ADVANCED_FACE('',(#688),#699,.F.);
#688 = FACE_BOUND('',#689,.F.);
#689 = EDGE_LOOP('',(#690,#696,#697,#698));
#690 = ORIENTED_EDGE('',*,*,#691,.F.);
#691 = EDGE_CURVE('',#522,#667,#692,.T.);
#692 = LINE('',#693,#694);
#693 = CARTESIAN_POINT('',(0.6,-0.585,4.E-02));
#694 = VECTOR('',#695,1.);
#695 = DIRECTION('',(0.,0.,1.));
#696 = ORIENTED_EDGE('',*,*,#530,.F.);
#697 = ORIENTED_EDGE('',*,*,#447,.T.);
#698 = ORIENTED_EDGE('',*,*,#666,.T.);
#699 = PLANE('',#700);
#700 = AXIS2_PLACEMENT_3D('',#701,#702,#703);
#701 = CARTESIAN_POINT('',(-0.6,-0.585,4.E-02));
#702 = DIRECTION('',(0.,1.,0.));
#703 = DIRECTION('',(0.,-0.,1.));
#704 = ADVANCED_FACE('',(#705,#775),#785,.F.);
#705 = FACE_BOUND('',#706,.F.);
#706 = EDGE_LOOP('',(#707,#717,#726,#734,#743,#751,#760,#768));
#707 = ORIENTED_EDGE('',*,*,#708,.F.);
#708 = EDGE_CURVE('',#709,#711,#713,.T.);
#709 = VERTEX_POINT('',#710);
#710 = CARTESIAN_POINT('',(0.6,-0.625,4.E-02));
#711 = VERTEX_POINT('',#712);
#712 = CARTESIAN_POINT('',(0.6,-0.625,1.21));
#713 = LINE('',#714,#715);
#714 = CARTESIAN_POINT('',(0.6,-0.625,0.));
#715 = VECTOR('',#716,1.);
#716 = DIRECTION('',(0.,0.,1.));
#717 = ORIENTED_EDGE('',*,*,#718,.T.);
#718 = EDGE_CURVE('',#709,#719,#721,.T.);
#719 = VERTEX_POINT('',#720);
#720 = CARTESIAN_POINT('',(0.6,-0.585,0.));
#721 = CIRCLE('',#722,4.E-02);
#722 = AXIS2_PLACEMENT_3D('',#723,#724,#725);
#723 = CARTESIAN_POINT('',(0.6,-0.585,4.E-02));
#724 = DIRECTION('',(1.,0.,-0.));
#725 = DIRECTION('',(0.,0.,1.));
#726 = ORIENTED_EDGE('',*,*,#727,.T.);
#727 = EDGE_CURVE('',#719,#728,#730,.T.);
#728 = VERTEX_POINT('',#729);
#729 = CARTESIAN_POINT('',(0.6,0.585,0.));
#730 = LINE('',#731,#732);
#731 = CARTESIAN_POINT('',(0.6,-0.625,0.));
#732 = VECTOR('',#733,1.);
#733 = DIRECTION('',(0.,1.,0.));
#734 = ORIENTED_EDGE('',*,*,#735,.F.);
#735 = EDGE_CURVE('',#736,#728,#738,.T.);
#736 = VERTEX_POINT('',#737);
#737 = CARTESIAN_POINT('',(0.6,0.625,4.E-02));
#738 = CIRCLE('',#739,4.E-02);
#739 = AXIS2_PLACEMENT_3D('',#740,#741,#742);
#740 = CARTESIAN_POINT('',(0.6,0.585,4.E-02));
#741 = DIRECTION('',(-1.,0.,0.));
#742 = DIRECTION('',(0.,0.,1.));
#743 = ORIENTED_EDGE('',*,*,#744,.T.);
#744 = EDGE_CURVE('',#736,#745,#747,.T.);
#745 = VERTEX_POINT('',#746);
#746 = CARTESIAN_POINT('',(0.6,0.625,1.21));
#747 = LINE('',#748,#749);
#748 = CARTESIAN_POINT('',(0.6,0.625,0.));
#749 = VECTOR('',#750,1.);
#750 = DIRECTION('',(0.,0.,1.));
#751 = ORIENTED_EDGE('',*,*,#752,.T.);
#752 = EDGE_CURVE('',#745,#753,#755,.T.);
#753 = VERTEX_POINT('',#754);
#754 = CARTESIAN_POINT('',(0.6,0.585,1.25));
#755 = CIRCLE('',#756,4.E-02);
#756 = AXIS2_PLACEMENT_3D('',#757,#758,#759);
#757 = CARTESIAN_POINT('',(0.6,0.585,1.21));
#758 = DIRECTION('',(1.,0.,-0.));
#759 = DIRECTION('',(0.,0.,1.));
#760 = ORIENTED_EDGE('',*,*,#761,.F.);
#761 = EDGE_CURVE('',#762,#753,#764,.T.);
#762 = VERTEX_POINT('',#763);
#763 = CARTESIAN_POINT('',(0.6,-0.585,1.25));
#764 = LINE('',#765,#766);
#765 = CARTESIAN_POINT('',(0.6,-0.625,1.25));
#766 = VECTOR('',#767,1.);
#767 = DIRECTION('',(0.,1.,0.));
#768 = ORIENTED_EDGE('',*,*,#769,.F.);
#769 = EDGE_CURVE('',#711,#762,#770,.T.);
#770 = CIRCLE('',#771,4.E-02);
#771 = AXIS2_PLACEMENT_3D('',#772,#773,#774);
#772 = CARTESIAN_POINT('',(0.6,-0.585,1.21));
#773 = DIRECTION('',(-1.,0.,0.));
#774 = DIRECTION('',(0.,0.,1.));
#775 = FACE_BOUND('',#776,.F.);
#776 = EDGE_LOOP('',(#777,#778,#779,#780,#781,#782,#783,#784));
#777 = ORIENTED_EDGE('',*,*,#521,.F.);
#778 = ORIENTED_EDGE('',*,*,#691,.T.);
#779 = ORIENTED_EDGE('',*,*,#674,.T.);
#780 = ORIENTED_EDGE('',*,*,#651,.T.);
#781 = ORIENTED_EDGE('',*,*,#626,.F.);
#782 = ORIENTED_EDGE('',*,*,#593,.F.);
#783 = ORIENTED_EDGE('',*,*,#576,.T.);
#784 = ORIENTED_EDGE('',*,*,#546,.F.);
#785 = PLANE('',#786);
#786 = AXIS2_PLACEMENT_3D('',#787,#788,#789);
#787 = CARTESIAN_POINT('',(0.6,-0.625,0.));
#788 = DIRECTION('',(1.,0.,0.));
#789 = DIRECTION('',(0.,0.,1.));
#790 = ADVANCED_FACE('',(#791),#816,.F.);
#791 = FACE_BOUND('',#792,.F.);
#792 = EDGE_LOOP('',(#793,#803,#809,#810));
#793 = ORIENTED_EDGE('',*,*,#794,.F.);
#794 = EDGE_CURVE('',#795,#797,#799,.T.);
#795 = VERTEX_POINT('',#796);
#796 = CARTESIAN_POINT('',(1.,-0.625,4.E-02));
#797 = VERTEX_POINT('',#798);
#798 = CARTESIAN_POINT('',(1.,-0.625,1.21));
#799 = LINE('',#800,#801);
#800 = CARTESIAN_POINT('',(1.,-0.625,0.));
#801 = VECTOR('',#802,1.);
#802 = DIRECTION('',(0.,0.,1.));
#803 = ORIENTED_EDGE('',*,*,#804,.F.);
#804 = EDGE_CURVE('',#709,#795,#805,.T.);
#805 = LINE('',#806,#807);
#806 = CARTESIAN_POINT('',(0.6,-0.625,4.E-02));
#807 = VECTOR('',#808,1.);
#808 = DIRECTION('',(1.,0.,0.));
#809 = ORIENTED_EDGE('',*,*,#708,.T.);
#810 = ORIENTED_EDGE('',*,*,#811,.T.);
#811 = EDGE_CURVE('',#711,#797,#812,.T.);
#812 = LINE('',#813,#814);
#813 = CARTESIAN_POINT('',(0.6,-0.625,1.21));
#814 = VECTOR('',#815,1.);
#815 = DIRECTION('',(1.,0.,0.));
#816 = PLANE('',#817);
#817 = AXIS2_PLACEMENT_3D('',#818,#819,#820);
#818 = CARTESIAN_POINT('',(0.6,-0.625,0.));
#819 = DIRECTION('',(0.,1.,0.));
#820 = DIRECTION('',(0.,-0.,1.));
#821 = ADVANCED_FACE('',(#822),#841,.T.);
#822 = FACE_BOUND('',#823,.T.);
#823 = EDGE_LOOP('',(#824,#825,#833,#840));
#824 = ORIENTED_EDGE('',*,*,#718,.T.);
#825 = ORIENTED_EDGE('',*,*,#826,.T.);
#826 = EDGE_CURVE('',#719,#827,#829,.T.);
#827 = VERTEX_POINT('',#828);
#828 = CARTESIAN_POINT('',(1.,-0.585,0.));
#829 = LINE('',#830,#831);
#830 = CARTESIAN_POINT('',(0.6,-0.585,0.));
#831 = VECTOR('',#832,1.);
#832 = DIRECTION('',(1.,0.,0.));
#833 = ORIENTED_EDGE('',*,*,#834,.F.);
#834 = EDGE_CURVE('',#795,#827,#835,.T.);
#835 = CIRCLE('',#836,4.E-02);
#836 = AXIS2_PLACEMENT_3D('',#837,#838,#839);
#837 = CARTESIAN_POINT('',(1.,-0.585,4.E-02));
#838 = DIRECTION('',(1.,0.,-0.));
#839 = DIRECTION('',(0.,0.,1.));
#840 = ORIENTED_EDGE('',*,*,#804,.F.);
#841 = CYLINDRICAL_SURFACE('',#842,4.E-02);
#842 = AXIS2_PLACEMENT_3D('',#843,#844,#845);
#843 = CARTESIAN_POINT('',(0.6,-0.585,4.E-02));
#844 = DIRECTION('',(1.,0.,0.));
#845 = DIRECTION('',(0.,-1.,0.));
#846 = ADVANCED_FACE('',(#847),#866,.T.);
#847 = FACE_BOUND('',#848,.T.);
#848 = EDGE_LOOP('',(#849,#850,#859,#865));
#849 = ORIENTED_EDGE('',*,*,#811,.T.);
#850 = ORIENTED_EDGE('',*,*,#851,.T.);
#851 = EDGE_CURVE('',#797,#852,#854,.T.);
#852 = VERTEX_POINT('',#853);
#853 = CARTESIAN_POINT('',(1.,-0.585,1.25));
#854 = CIRCLE('',#855,4.E-02);
#855 = AXIS2_PLACEMENT_3D('',#856,#857,#858);
#856 = CARTESIAN_POINT('',(1.,-0.585,1.21));
#857 = DIRECTION('',(-1.,0.,0.));
#858 = DIRECTION('',(0.,0.,1.));
#859 = ORIENTED_EDGE('',*,*,#860,.F.);
#860 = EDGE_CURVE('',#762,#852,#861,.T.);
#861 = LINE('',#862,#863);
#862 = CARTESIAN_POINT('',(0.6,-0.585,1.25));
#863 = VECTOR('',#864,1.);
#864 = DIRECTION('',(1.,0.,0.));
#865 = ORIENTED_EDGE('',*,*,#769,.F.);
#866 = CYLINDRICAL_SURFACE('',#867,4.E-02);
#867 = AXIS2_PLACEMENT_3D('',#868,#869,#870);
#868 = CARTESIAN_POINT('',(0.6,-0.585,1.21));
#869 = DIRECTION('',(1.,0.,0.));
#870 = DIRECTION('',(0.,-1.,0.));
#871 = ADVANCED_FACE('',(#872),#890,.F.);
#872 = FACE_BOUND('',#873,.F.);
#873 = EDGE_LOOP('',(#874,#875,#876,#884));
#874 = ORIENTED_EDGE('',*,*,#727,.F.);
#875 = ORIENTED_EDGE('',*,*,#826,.T.);
#876 = ORIENTED_EDGE('',*,*,#877,.T.);
#877 = EDGE_CURVE('',#827,#878,#880,.T.);
#878 = VERTEX_POINT('',#879);
#879 = CARTESIAN_POINT('',(1.,0.585,0.));
#880 = LINE('',#881,#882);
#881 = CARTESIAN_POINT('',(1.,-0.625,0.));
#882 = VECTOR('',#883,1.);
#883 = DIRECTION('',(0.,1.,0.));
#884 = ORIENTED_EDGE('',*,*,#885,.F.);
#885 = EDGE_CURVE('',#728,#878,#886,.T.);
#886 = LINE('',#887,#888);
#887 = CARTESIAN_POINT('',(0.6,0.585,0.));
#888 = VECTOR('',#889,1.);
#889 = DIRECTION('',(1.,0.,0.));
#890 = PLANE('',#891);
#891 = AXIS2_PLACEMENT_3D('',#892,#893,#894);
#892 = CARTESIAN_POINT('',(0.6,-0.625,0.));
#893 = DIRECTION('',(0.,0.,1.));
#894 = DIRECTION('',(1.,0.,-0.));
#895 = ADVANCED_FACE('',(#896),#914,.T.);
#896 = FACE_BOUND('',#897,.T.);
#897 = EDGE_LOOP('',(#898,#899,#900,#908));
#898 = ORIENTED_EDGE('',*,*,#761,.F.);
#899 = ORIENTED_EDGE('',*,*,#860,.T.);
#900 = ORIENTED_EDGE('',*,*,#901,.T.);
#901 = EDGE_CURVE('',#852,#902,#904,.T.);
#902 = VERTEX_POINT('',#903);
#903 = CARTESIAN_POINT('',(1.,0.585,1.25));
#904 = LINE('',#905,#906);
#905 = CARTESIAN_POINT('',(1.,-0.625,1.25));
#906 = VECTOR('',#907,1.);
#907 = DIRECTION('',(0.,1.,0.));
#908 = ORIENTED_EDGE('',*,*,#909,.F.);
#909 = EDGE_CURVE('',#753,#902,#910,.T.);
#910 = LINE('',#911,#912);
#911 = CARTESIAN_POINT('',(0.6,0.585,1.25));
#912 = VECTOR('',#913,1.);
#913 = DIRECTION('',(1.,0.,0.));
#914 = PLANE('',#915);
#915 = AXIS2_PLACEMENT_3D('',#916,#917,#918);
#916 = CARTESIAN_POINT('',(0.6,-0.625,1.25));
#917 = DIRECTION('',(0.,0.,1.));
#918 = DIRECTION('',(1.,0.,-0.));
#919 = ADVANCED_FACE('',(#920),#939,.T.);
#920 = FACE_BOUND('',#921,.T.);
#921 = EDGE_LOOP('',(#922,#930,#937,#938));
#922 = ORIENTED_EDGE('',*,*,#923,.T.);
#923 = EDGE_CURVE('',#736,#924,#926,.T.);
#924 = VERTEX_POINT('',#925);
#925 = CARTESIAN_POINT('',(1.,0.625,4.E-02));
#926 = LINE('',#927,#928);
#927 = CARTESIAN_POINT('',(0.6,0.625,4.E-02));
#928 = VECTOR('',#929,1.);
#929 = DIRECTION('',(1.,0.,0.));
#930 = ORIENTED_EDGE('',*,*,#931,.T.);
#931 = EDGE_CURVE('',#924,#878,#932,.T.);
#932 = CIRCLE('',#933,4.E-02);
#933 = AXIS2_PLACEMENT_3D('',#934,#935,#936);
#934 = CARTESIAN_POINT('',(1.,0.585,4.E-02));
#935 = DIRECTION('',(-1.,0.,0.));
#936 = DIRECTION('',(0.,0.,1.));
#937 = ORIENTED_EDGE('',*,*,#885,.F.);
#938 = ORIENTED_EDGE('',*,*,#735,.F.);
#939 = CYLINDRICAL_SURFACE('',#940,4.E-02);
#940 = AXIS2_PLACEMENT_3D('',#941,#942,#943);
#941 = CARTESIAN_POINT('',(0.6,0.585,4.E-02));
#942 = DIRECTION('',(1.,0.,0.));
#943 = DIRECTION('',(-0.,1.,0.));
#944 = ADVANCED_FACE('',(#945),#964,.T.);
#945 = FACE_BOUND('',#946,.T.);
#946 = EDGE_LOOP('',(#947,#948,#949,#958));
#947 = ORIENTED_EDGE('',*,*,#752,.T.);
#948 = ORIENTED_EDGE('',*,*,#909,.T.);
#949 = ORIENTED_EDGE('',*,*,#950,.F.);
#950 = EDGE_CURVE('',#951,#902,#953,.T.);
#951 = VERTEX_POINT('',#952);
#952 = CARTESIAN_POINT('',(1.,0.625,1.21));
#953 = CIRCLE('',#954,4.E-02);
#954 = AXIS2_PLACEMENT_3D('',#955,#956,#957);
#955 = CARTESIAN_POINT('',(1.,0.585,1.21));
#956 = DIRECTION('',(1.,0.,-0.));
#957 = DIRECTION('',(0.,0.,1.));
#958 = ORIENTED_EDGE('',*,*,#959,.F.);
#959 = EDGE_CURVE('',#745,#951,#960,.T.);
#960 = LINE('',#961,#962);
#961 = CARTESIAN_POINT('',(0.6,0.625,1.21));
#962 = VECTOR('',#963,1.);
#963 = DIRECTION('',(1.,0.,0.));
#964 = CYLINDRICAL_SURFACE('',#965,4.E-02);
#965 = AXIS2_PLACEMENT_3D('',#966,#967,#968);
#966 = CARTESIAN_POINT('',(0.6,0.585,1.21));
#967 = DIRECTION('',(1.,0.,0.));
#968 = DIRECTION('',(-0.,1.,0.));
#969 = ADVANCED_FACE('',(#970),#981,.T.);
#970 = FACE_BOUND('',#971,.T.);
#971 = EDGE_LOOP('',(#972,#978,#979,#980));
#972 = ORIENTED_EDGE('',*,*,#973,.F.);
#973 = EDGE_CURVE('',#924,#951,#974,.T.);
#974 = LINE('',#975,#976);
#975 = CARTESIAN_POINT('',(1.,0.625,0.));
#976 = VECTOR('',#977,1.);
#977 = DIRECTION('',(0.,0.,1.));
#978 = ORIENTED_EDGE('',*,*,#923,.F.);
#979 = ORIENTED_EDGE('',*,*,#744,.T.);
#980 = ORIENTED_EDGE('',*,*,#959,.T.);
#981 = PLANE('',#982);
#982 = AXIS2_PLACEMENT_3D('',#983,#984,#985);
#983 = CARTESIAN_POINT('',(0.6,0.625,0.));
#984 = DIRECTION('',(0.,1.,0.));
#985 = DIRECTION('',(0.,-0.,1.));
#986 = ADVANCED_FACE('',(#987),#997,.T.);
#987 = FACE_BOUND('',#988,.T.);
#988 = EDGE_LOOP('',(#989,#990,#991,#992,#993,#994,#995,#996));
#989 = ORIENTED_EDGE('',*,*,#794,.F.);
#990 = ORIENTED_EDGE('',*,*,#834,.T.);
#991 = ORIENTED_EDGE('',*,*,#877,.T.);
#992 = ORIENTED_EDGE('',*,*,#931,.F.);
#993 = ORIENTED_EDGE('',*,*,#973,.T.);
#994 = ORIENTED_EDGE('',*,*,#950,.T.);
#995 = ORIENTED_EDGE('',*,*,#901,.F.);
#996 = ORIENTED_EDGE('',*,*,#851,.F.);
#997 = PLANE('',#998);
#998 = AXIS2_PLACEMENT_3D('',#999,#1000,#1001);
#999 = CARTESIAN_POINT('',(1.,-0.625,0.));
#1000 = DIRECTION('',(1.,0.,0.));
#1001 = DIRECTION('',(0.,0.,1.));
#1002 = ( GEOMETRIC_REPRESENTATION_CONTEXT(3) 
GLOBAL_UNCERTAINTY_ASSIGNED_CONTEXT((#1006)) 
GLOBAL_UNIT_ASSIGNED_CONTEXT((#1003,#1004,#1005)) REPRESENTATION_CONTEXT
('Context #1','3D Context with UNIT and UNCERTAINTY') );
#1003 = ( LENGTH_UNIT() NAMED_UNIT(*) SI_UNIT(.MILLI.,.METRE.) );
#1004 = ( NAMED_UNIT(*) PLANE_ANGLE_UNIT() SI_UNIT($,.RADIAN.) );
#1005 = ( NAMED_UNIT(*) SI_UNIT($,.STERADIAN.) SOLID_ANGLE_UNIT() );
#1006 = UNCERTAINTY_MEASURE_WITH_UNIT(LENGTH_MEASURE(1.E-07),#1003,
  'distance_accuracy_value','confusion accuracy');
#1007 = CONTEXT_DEPENDENT_SHAPE_REPRESENTATION(#1008,#1010);
#1008 = ( REPRESENTATION_RELATIONSHIP('','',#147,#124) 
REPRESENTATION_RELATIONSHIP_WITH_TRANSFORMATION(#1009) 
SHAPE_REPRESENTATION_RELATIONSHIP() );
#1009 = ITEM_DEFINED_TRANSFORMATION('','',#11,#125);
#1010 = PRODUCT_DEFINITION_SHAPE('Placement','Placement of an item',
  #1011);
#1011 = NEXT_ASSEMBLY_USAGE_OCCURRENCE('1','=>[0:1:1:3]','',#119,#142,$
  );
#1012 = PRODUCT_RELATED_PRODUCT_CATEGORY('part',$,(#144));
#1013 = SHAPE_DEFINITION_REPRESENTATION(#1014,#1020);
#1014 = PRODUCT_DEFINITION_SHAPE('','',#1015);
#1015 = PRODUCT_DEFINITION('design','',#1016,#1019);
#1016 = PRODUCT_DEFINITION_FORMATION('','',#1017);
#1017 = PRODUCT('SOT-23','SOT-23','',(#1018));
#1018 = PRODUCT_CONTEXT('',#2,'mechanical');
#1019 = PRODUCT_DEFINITION_CONTEXT('part definition',#2,'design');
#1020 = SHAPE_REPRESENTATION('',(#11,#1021),#1025);
#1021 = AXIS2_PLACEMENT_3D('',#1022,#1023,#1024);
#1022 = CARTESIAN_POINT('',(0.,0.,0.));
#1023 = DIRECTION('',(0.,0.,1.));
#1024 = DIRECTION('',(1.,0.,-0.));
#1025 = ( GEOMETRIC_REPRESENTATION_CONTEXT(3) 
GLOBAL_UNCERTAINTY_ASSIGNED_CONTEXT((#1029)) 
GLOBAL_UNIT_ASSIGNED_CONTEXT((#1026,#1027,#1028)) REPRESENTATION_CONTEXT
('Context #1','3D Context with UNIT and UNCERTAINTY') );
#1026 = ( LENGTH_UNIT() NAMED_UNIT(*) SI_UNIT(.MILLI.,.METRE.) );
#1027 = ( NAMED_UNIT(*) PLANE_ANGLE_UNIT() SI_UNIT($,.RADIAN.) );
#1028 = ( NAMED_UNIT(*) SI_UNIT($,.STERADIAN.) SOLID_ANGLE_UNIT() );
#1029 = UNCERTAINTY_MEASURE_WITH_UNIT(LENGTH_MEASURE(1.E-07),#1026,
  'distance_accuracy_value','confusion accuracy');
#1030 = CONTEXT_DEPENDENT_SHAPE_REPRESENTATION(#1031,#1033);
#1031 = ( REPRESENTATION_RELATIONSHIP('','',#1020,#10) 
REPRESENTATION_RELATIONSHIP_WITH_TRANSFORMATION(#1032) 
SHAPE_REPRESENTATION_RELATIONSHIP() );
#1032 = ITEM_DEFINED_TRANSFORMATION('','',#11,#19);
#1033 = PRODUCT_DEFINITION_SHAPE('Placement','Placement of an item',
  #1034);
#1034 = NEXT_ASSEMBLY_USAGE_OCCURRENCE('4','Q1','',#5,#1015,$);
#1035 = PRODUCT_RELATED_PRODUCT_CATEGORY('part',$,(#1017));
#1036 = SHAPE_DEFINITION_REPRESENTATION(#1037,#1043);
#1037 = PRODUCT_DEFINITION_SHAPE('','',#1038);
#1038 = PRODUCT_DEFINITION('design','',#1039,#1042);
#1039 = PRODUCT_DEFINITION_FORMATION('','',#1040);
#1040 = PRODUCT('SOT-23','SOT-23','',(#1041));
#1041 = PRODUCT_CONTEXT('',#2,'mechanical');
#1042 = PRODUCT_DEFINITION_CONTEXT('part definition',#2,'design');
#1043 = ADVANCED_BREP_SHAPE_REPRESENTATION('',(#11,#1044),#3026);
#1044 = MANIFOLD_SOLID_BREP('',#1045);
#1045 = CLOSED_SHELL('',(#1046,#1084,#1147,#1170,#1199,#1222,#1277,#1316
    ,#1339,#1362,#1379,#1402,#1490,#1506,#1536,#1569,#1600,#1633,#1650,
    #1667,#1700,#1730,#1753,#1776,#1793,#1822,#1876,#1899,#1922,#1945,
    #1984,#2006,#2050,#2125,#2149,#2217,#2234,#2309,#2333,#2401,#2476,
    #2500,#2568,#2585,#2602,#2648,#2664,#2680,#2697,#2709,#2726,#2743,
    #2760,#2777,#2794,#2811,#2823,#2840,#2857,#2874,#2891,#2908,#2920,
    #2937,#2954,#2971,#2988,#3005,#3017));
#1046 = ADVANCED_FACE('',(#1047),#1079,.F.);
#1047 = FACE_BOUND('',#1048,.F.);
#1048 = EDGE_LOOP('',(#1049,#1059,#1066,#1074));
#1049 = ORIENTED_EDGE('',*,*,#1050,.T.);
#1050 = EDGE_CURVE('',#1051,#1053,#1055,.T.);
#1051 = VERTEX_POINT('',#1052);
#1052 = CARTESIAN_POINT('',(-0.571621551758,1.433243103516,0.1));
#1053 = VERTEX_POINT('',#1054);
#1054 = CARTESIAN_POINT('',(0.571621551758,1.433243103516,0.1));
#1055 = LINE('',#1056,#1057);
#1056 = CARTESIAN_POINT('',(-0.571621551758,1.433243103516,0.1));
#1057 = VECTOR('',#1058,1.);
#1058 = DIRECTION('',(1.,1.110223024625E-16,0.));
#1059 = ORIENTED_EDGE('',*,*,#1060,.T.);
#1060 = EDGE_CURVE('',#1053,#1061,#1063,.T.);
#1061 = VERTEX_POINT('',#1062);
#1062 = CARTESIAN_POINT('',(0.605,1.5,0.575));
#1063 = B_SPLINE_CURVE_WITH_KNOTS('',1,(#1064,#1065),.UNSPECIFIED.,.F.,
  .F.,(2,2),(0.,1.),.PIECEWISE_BEZIER_KNOTS.);
#1064 = CARTESIAN_POINT('',(0.571621551758,1.433243103516,0.1));
#1065 = CARTESIAN_POINT('',(0.605,1.5,0.575));
#1066 = ORIENTED_EDGE('',*,*,#1067,.F.);
#1067 = EDGE_CURVE('',#1068,#1061,#1070,.T.);
#1068 = VERTEX_POINT('',#1069);
#1069 = CARTESIAN_POINT('',(-0.605,1.5,0.575));
#1070 = LINE('',#1071,#1072);
#1071 = CARTESIAN_POINT('',(-0.605,1.5,0.575));
#1072 = VECTOR('',#1073,1.);
#1073 = DIRECTION('',(1.,1.110223024625E-16,0.));
#1074 = ORIENTED_EDGE('',*,*,#1075,.F.);
#1075 = EDGE_CURVE('',#1051,#1068,#1076,.T.);
#1076 = B_SPLINE_CURVE_WITH_KNOTS('',1,(#1077,#1078),.UNSPECIFIED.,.F.,
  .F.,(2,2),(0.,1.),.PIECEWISE_BEZIER_KNOTS.);
#1077 = CARTESIAN_POINT('',(-0.571621551758,1.433243103516,0.1));
#1078 = CARTESIAN_POINT('',(-0.605,1.5,0.575));
#1079 = B_SPLINE_SURFACE_WITH_KNOTS('',1,1,(
    (#1080,#1081)
    ,(#1082,#1083
    )),.UNSPECIFIED.,.F.,.F.,.F.,(2,2),(2,2),(0.,1.21),(0.,1.),
  .PIECEWISE_BEZIER_KNOTS.);
#1080 = CARTESIAN_POINT('',(-0.571621551758,1.433243103516,0.1));
#1081 = CARTESIAN_POINT('',(-0.605,1.5,0.575));
#1082 = CARTESIAN_POINT('',(0.571621551758,1.433243103516,0.1));
#1083 = CARTESIAN_POINT('',(0.605,1.5,0.575));
#1084 = ADVANCED_FACE('',(#1085),#1142,.T.);
#1085 = FACE_BOUND('',#1086,.T.);
#1086 = EDGE_LOOP('',(#1087,#1088,#1096,#1104,#1112,#1120,#1128,#1136));
#1087 = ORIENTED_EDGE('',*,*,#1050,.T.);
#1088 = ORIENTED_EDGE('',*,*,#1089,.T.);
#1089 = EDGE_CURVE('',#1053,#1090,#1092,.T.);
#1090 = VERTEX_POINT('',#1091);
#1091 = CARTESIAN_POINT('',(0.633243103516,1.371621551758,0.1));
#1092 = LINE('',#1093,#1094);
#1093 = CARTESIAN_POINT('',(0.571621551758,1.433243103516,0.1));
#1094 = VECTOR('',#1095,1.);
#1095 = DIRECTION('',(0.707106781187,-0.707106781187,0.));
#1096 = ORIENTED_EDGE('',*,*,#1097,.T.);
#1097 = EDGE_CURVE('',#1090,#1098,#1100,.T.);
#1098 = VERTEX_POINT('',#1099);
#1099 = CARTESIAN_POINT('',(0.633243103516,-1.371621551758,0.1));
#1100 = LINE('',#1101,#1102);
#1101 = CARTESIAN_POINT('',(0.633243103516,1.371621551758,0.1));
#1102 = VECTOR('',#1103,1.);
#1103 = DIRECTION('',(1.110223024625E-16,-1.,0.));
#1104 = ORIENTED_EDGE('',*,*,#1105,.T.);
#1105 = EDGE_CURVE('',#1098,#1106,#1108,.T.);
#1106 = VERTEX_POINT('',#1107);
#1107 = CARTESIAN_POINT('',(0.571621551758,-1.433243103516,0.1));
#1108 = LINE('',#1109,#1110);
#1109 = CARTESIAN_POINT('',(0.633243103516,-1.371621551758,0.1));
#1110 = VECTOR('',#1111,1.);
#1111 = DIRECTION('',(-0.707106781187,-0.707106781187,0.));
#1112 = ORIENTED_EDGE('',*,*,#1113,.T.);
#1113 = EDGE_CURVE('',#1106,#1114,#1116,.T.);
#1114 = VERTEX_POINT('',#1115);
#1115 = CARTESIAN_POINT('',(-0.571621551758,-1.433243103516,0.1));
#1116 = LINE('',#1117,#1118);
#1117 = CARTESIAN_POINT('',(0.571621551758,-1.433243103516,0.1));
#1118 = VECTOR('',#1119,1.);
#1119 = DIRECTION('',(-1.,-1.110223024625E-16,0.));
#1120 = ORIENTED_EDGE('',*,*,#1121,.T.);
#1121 = EDGE_CURVE('',#1114,#1122,#1124,.T.);
#1122 = VERTEX_POINT('',#1123);
#1123 = CARTESIAN_POINT('',(-0.633243103516,-1.371621551758,0.1));
#1124 = LINE('',#1125,#1126);
#1125 = CARTESIAN_POINT('',(-0.571621551758,-1.433243103516,0.1));
#1126 = VECTOR('',#1127,1.);
#1127 = DIRECTION('',(-0.707106781187,0.707106781187,0.));
#1128 = ORIENTED_EDGE('',*,*,#1129,.T.);
#1129 = EDGE_CURVE('',#1122,#1130,#1132,.T.);
#1130 = VERTEX_POINT('',#1131);
#1131 = CARTESIAN_POINT('',(-0.633243103516,1.371621551758,0.1));
#1132 = LINE('',#1133,#1134);
#1133 = CARTESIAN_POINT('',(-0.633243103516,-1.371621551758,0.1));
#1134 = VECTOR('',#1135,1.);
#1135 = DIRECTION('',(-1.110223024625E-16,1.,0.));
#1136 = ORIENTED_EDGE('',*,*,#1137,.T.);
#1137 = EDGE_CURVE('',#1130,#1051,#1138,.T.);
#1138 = LINE('',#1139,#1140);
#1139 = CARTESIAN_POINT('',(-0.633243103516,1.371621551758,0.1));
#1140 = VECTOR('',#1141,1.);
#1141 = DIRECTION('',(0.707106781187,0.707106781187,0.));
#1142 = PLANE('',#1143);
#1143 = AXIS2_PLACEMENT_3D('',#1144,#1145,#1146);
#1144 = CARTESIAN_POINT('',(-0.571621551758,1.433243103516,0.1));
#1145 = DIRECTION('',(0.,0.,-1.));
#1146 = DIRECTION('',(0.370454302632,-0.928850692879,0.));
#1147 = ADVANCED_FACE('',(#1148),#1165,.F.);
#1148 = FACE_BOUND('',#1149,.F.);
#1149 = EDGE_LOOP('',(#1150,#1151,#1158,#1164));
#1150 = ORIENTED_EDGE('',*,*,#1089,.T.);
#1151 = ORIENTED_EDGE('',*,*,#1152,.T.);
#1152 = EDGE_CURVE('',#1090,#1153,#1155,.T.);
#1153 = VERTEX_POINT('',#1154);
#1154 = CARTESIAN_POINT('',(0.7,1.405,0.575));
#1155 = B_SPLINE_CURVE_WITH_KNOTS('',1,(#1156,#1157),.UNSPECIFIED.,.F.,
  .F.,(2,2),(0.,1.),.PIECEWISE_BEZIER_KNOTS.);
#1156 = CARTESIAN_POINT('',(0.633243103516,1.371621551758,0.1));
#1157 = CARTESIAN_POINT('',(0.7,1.405,0.575));
#1158 = ORIENTED_EDGE('',*,*,#1159,.F.);
#1159 = EDGE_CURVE('',#1061,#1153,#1160,.T.);
#1160 = LINE('',#1161,#1162);
#1161 = CARTESIAN_POINT('',(0.605,1.5,0.575));
#1162 = VECTOR('',#1163,1.);
#1163 = DIRECTION('',(0.707106781187,-0.707106781187,0.));
#1164 = ORIENTED_EDGE('',*,*,#1060,.F.);
#1165 = B_SPLINE_SURFACE_WITH_KNOTS('',1,1,(
    (#1166,#1167)
    ,(#1168,#1169
    )),.UNSPECIFIED.,.F.,.F.,.F.,(2,2),(2,2),(0.,0.134350288425),(0.,1.)
  ,.PIECEWISE_BEZIER_KNOTS.);
#1166 = CARTESIAN_POINT('',(0.571621551758,1.433243103516,0.1));
#1167 = CARTESIAN_POINT('',(0.605,1.5,0.575));
#1168 = CARTESIAN_POINT('',(0.633243103516,1.371621551758,0.1));
#1169 = CARTESIAN_POINT('',(0.7,1.405,0.575));
#1170 = ADVANCED_FACE('',(#1171),#1194,.F.);
#1171 = FACE_BOUND('',#1172,.F.);
#1172 = EDGE_LOOP('',(#1173,#1174,#1181,#1189));
#1173 = ORIENTED_EDGE('',*,*,#1067,.T.);
#1174 = ORIENTED_EDGE('',*,*,#1175,.T.);
#1175 = EDGE_CURVE('',#1061,#1176,#1178,.T.);
#1176 = VERTEX_POINT('',#1177);
#1177 = CARTESIAN_POINT('',(0.605,1.5,0.725));
#1178 = B_SPLINE_CURVE_WITH_KNOTS('',1,(#1179,#1180),.UNSPECIFIED.,.F.,
  .F.,(2,2),(0.,1.),.PIECEWISE_BEZIER_KNOTS.);
#1179 = CARTESIAN_POINT('',(0.605,1.5,0.575));
#1180 = CARTESIAN_POINT('',(0.605,1.5,0.725));
#1181 = ORIENTED_EDGE('',*,*,#1182,.F.);
#1182 = EDGE_CURVE('',#1183,#1176,#1185,.T.);
#1183 = VERTEX_POINT('',#1184);
#1184 = CARTESIAN_POINT('',(-0.605,1.5,0.725));
#1185 = LINE('',#1186,#1187);
#1186 = CARTESIAN_POINT('',(-0.605,1.5,0.725));
#1187 = VECTOR('',#1188,1.);
#1188 = DIRECTION('',(1.,1.110223024625E-16,0.));
#1189 = ORIENTED_EDGE('',*,*,#1190,.F.);
#1190 = EDGE_CURVE('',#1068,#1183,#1191,.T.);
#1191 = B_SPLINE_CURVE_WITH_KNOTS('',1,(#1192,#1193),.UNSPECIFIED.,.F.,
  .F.,(2,2),(0.,1.),.PIECEWISE_BEZIER_KNOTS.);
#1192 = CARTESIAN_POINT('',(-0.605,1.5,0.575));
#1193 = CARTESIAN_POINT('',(-0.605,1.5,0.725));
#1194 = PLANE('',#1195);
#1195 = AXIS2_PLACEMENT_3D('',#1196,#1197,#1198);
#1196 = CARTESIAN_POINT('',(-0.605,1.5,0.725));
#1197 = DIRECTION('',(1.110223024625E-16,-1.,0.));
#1198 = DIRECTION('',(1.,1.110223024625E-16,0.));
#1199 = ADVANCED_FACE('',(#1200),#1217,.F.);
#1200 = FACE_BOUND('',#1201,.F.);
#1201 = EDGE_LOOP('',(#1202,#1203,#1204,#1212));
#1202 = ORIENTED_EDGE('',*,*,#1137,.T.);
#1203 = ORIENTED_EDGE('',*,*,#1075,.T.);
#1204 = ORIENTED_EDGE('',*,*,#1205,.F.);
#1205 = EDGE_CURVE('',#1206,#1068,#1208,.T.);
#1206 = VERTEX_POINT('',#1207);
#1207 = CARTESIAN_POINT('',(-0.7,1.405,0.575));
#1208 = LINE('',#1209,#1210);
#1209 = CARTESIAN_POINT('',(-0.7,1.405,0.575));
#1210 = VECTOR('',#1211,1.);
#1211 = DIRECTION('',(0.707106781187,0.707106781187,0.));
#1212 = ORIENTED_EDGE('',*,*,#1213,.F.);
#1213 = EDGE_CURVE('',#1130,#1206,#1214,.T.);
#1214 = B_SPLINE_CURVE_WITH_KNOTS('',1,(#1215,#1216),.UNSPECIFIED.,.F.,
  .F.,(2,2),(0.,1.),.PIECEWISE_BEZIER_KNOTS.);
#1215 = CARTESIAN_POINT('',(-0.633243103516,1.371621551758,0.1));
#1216 = CARTESIAN_POINT('',(-0.7,1.405,0.575));
#1217 = B_SPLINE_SURFACE_WITH_KNOTS('',1,1,(
    (#1218,#1219)
    ,(#1220,#1221
    )),.UNSPECIFIED.,.F.,.F.,.F.,(2,2),(2,2),(0.,0.134350288425),(0.,1.)
  ,.PIECEWISE_BEZIER_KNOTS.);
#1218 = CARTESIAN_POINT('',(-0.633243103516,1.371621551758,0.1));
#1219 = CARTESIAN_POINT('',(-0.7,1.405,0.575));
#1220 = CARTESIAN_POINT('',(-0.571621551758,1.433243103516,0.1));
#1221 = CARTESIAN_POINT('',(-0.605,1.5,0.575));
#1222 = ADVANCED_FACE('',(#1223),#1272,.F.);
#1223 = FACE_BOUND('',#1224,.F.);
#1224 = EDGE_LOOP('',(#1225,#1226,#1227,#1235,#1243,#1251,#1259,#1267));
#1225 = ORIENTED_EDGE('',*,*,#1129,.T.);
#1226 = ORIENTED_EDGE('',*,*,#1213,.T.);
#1227 = ORIENTED_EDGE('',*,*,#1228,.F.);
#1228 = EDGE_CURVE('',#1229,#1206,#1231,.T.);
#1229 = VERTEX_POINT('',#1230);
#1230 = CARTESIAN_POINT('',(-0.7,1.15,0.575));
#1231 = LINE('',#1232,#1233);
#1232 = CARTESIAN_POINT('',(-0.7,-1.405,0.575));
#1233 = VECTOR('',#1234,1.);
#1234 = DIRECTION('',(-1.110223024625E-16,1.,0.));
#1235 = ORIENTED_EDGE('',*,*,#1236,.F.);
#1236 = EDGE_CURVE('',#1237,#1229,#1239,.T.);
#1237 = VERTEX_POINT('',#1238);
#1238 = CARTESIAN_POINT('',(-0.7,0.75,0.575));
#1239 = LINE('',#1240,#1241);
#1240 = CARTESIAN_POINT('',(-0.7,0.75,0.575));
#1241 = VECTOR('',#1242,1.);
#1242 = DIRECTION('',(1.144237745222E-17,1.,0.));
#1243 = ORIENTED_EDGE('',*,*,#1244,.F.);
#1244 = EDGE_CURVE('',#1245,#1237,#1247,.T.);
#1245 = VERTEX_POINT('',#1246);
#1246 = CARTESIAN_POINT('',(-0.7,-0.75,0.575));
#1247 = LINE('',#1248,#1249);
#1248 = CARTESIAN_POINT('',(-0.7,-1.405,0.575));
#1249 = VECTOR('',#1250,1.);
#1250 = DIRECTION('',(-1.110223024625E-16,1.,0.));
#1251 = ORIENTED_EDGE('',*,*,#1252,.F.);
#1252 = EDGE_CURVE('',#1253,#1245,#1255,.T.);
#1253 = VERTEX_POINT('',#1254);
#1254 = CARTESIAN_POINT('',(-0.7,-1.15,0.575));
#1255 = LINE('',#1256,#1257);
#1256 = CARTESIAN_POINT('',(-0.7,-1.15,0.575));
#1257 = VECTOR('',#1258,1.);
#1258 = DIRECTION('',(1.144237745222E-17,1.,0.));
#1259 = ORIENTED_EDGE('',*,*,#1260,.F.);
#1260 = EDGE_CURVE('',#1261,#1253,#1263,.T.);
#1261 = VERTEX_POINT('',#1262);
#1262 = CARTESIAN_POINT('',(-0.7,-1.405,0.575));
#1263 = LINE('',#1264,#1265);
#1264 = CARTESIAN_POINT('',(-0.7,-1.405,0.575));
#1265 = VECTOR('',#1266,1.);
#1266 = DIRECTION('',(-1.110223024625E-16,1.,0.));
#1267 = ORIENTED_EDGE('',*,*,#1268,.F.);
#1268 = EDGE_CURVE('',#1122,#1261,#1269,.T.);
#1269 = B_SPLINE_CURVE_WITH_KNOTS('',1,(#1270,#1271),.UNSPECIFIED.,.F.,
  .F.,(2,2),(0.,1.),.PIECEWISE_BEZIER_KNOTS.);
#1270 = CARTESIAN_POINT('',(-0.633243103516,-1.371621551758,0.1));
#1271 = CARTESIAN_POINT('',(-0.7,-1.405,0.575));
#1272 = B_SPLINE_SURFACE_WITH_KNOTS('',1,1,(
    (#1273,#1274)
    ,(#1275,#1276
    )),.UNSPECIFIED.,.F.,.F.,.F.,(2,2),(2,2),(0.,2.81),(0.,1.),
  .PIECEWISE_BEZIER_KNOTS.);
#1273 = CARTESIAN_POINT('',(-0.633243103516,-1.371621551758,0.1));
#1274 = CARTESIAN_POINT('',(-0.7,-1.405,0.575));
#1275 = CARTESIAN_POINT('',(-0.633243103516,1.371621551758,0.1));
#1276 = CARTESIAN_POINT('',(-0.7,1.405,0.575));
#1277 = ADVANCED_FACE('',(#1278),#1311,.F.);
#1278 = FACE_BOUND('',#1279,.F.);
#1279 = EDGE_LOOP('',(#1280,#1281,#1288,#1296,#1304,#1310));
#1280 = ORIENTED_EDGE('',*,*,#1097,.T.);
#1281 = ORIENTED_EDGE('',*,*,#1282,.T.);
#1282 = EDGE_CURVE('',#1098,#1283,#1285,.T.);
#1283 = VERTEX_POINT('',#1284);
#1284 = CARTESIAN_POINT('',(0.7,-1.405,0.575));
#1285 = B_SPLINE_CURVE_WITH_KNOTS('',1,(#1286,#1287),.UNSPECIFIED.,.F.,
  .F.,(2,2),(0.,1.),.PIECEWISE_BEZIER_KNOTS.);
#1286 = CARTESIAN_POINT('',(0.633243103516,-1.371621551758,0.1));
#1287 = CARTESIAN_POINT('',(0.7,-1.405,0.575));
#1288 = ORIENTED_EDGE('',*,*,#1289,.F.);
#1289 = EDGE_CURVE('',#1290,#1283,#1292,.T.);
#1290 = VERTEX_POINT('',#1291);
#1291 = CARTESIAN_POINT('',(0.7,-0.2,0.575));
#1292 = LINE('',#1293,#1294);
#1293 = CARTESIAN_POINT('',(0.7,1.405,0.575));
#1294 = VECTOR('',#1295,1.);
#1295 = DIRECTION('',(1.110223024625E-16,-1.,0.));
#1296 = ORIENTED_EDGE('',*,*,#1297,.F.);
#1297 = EDGE_CURVE('',#1298,#1290,#1300,.T.);
#1298 = VERTEX_POINT('',#1299);
#1299 = CARTESIAN_POINT('',(0.7,0.2,0.575));
#1300 = LINE('',#1301,#1302);
#1301 = CARTESIAN_POINT('',(0.7,0.2,0.575));
#1302 = VECTOR('',#1303,1.);
#1303 = DIRECTION('',(1.110223024625E-16,-1.,0.));
#1304 = ORIENTED_EDGE('',*,*,#1305,.F.);
#1305 = EDGE_CURVE('',#1153,#1298,#1306,.T.);
#1306 = LINE('',#1307,#1308);
#1307 = CARTESIAN_POINT('',(0.7,1.405,0.575));
#1308 = VECTOR('',#1309,1.);
#1309 = DIRECTION('',(1.110223024625E-16,-1.,0.));
#1310 = ORIENTED_EDGE('',*,*,#1152,.F.);
#1311 = B_SPLINE_SURFACE_WITH_KNOTS('',1,1,(
    (#1312,#1313)
    ,(#1314,#1315
    )),.UNSPECIFIED.,.F.,.F.,.F.,(2,2),(2,2),(0.,2.81),(0.,1.),
  .PIECEWISE_BEZIER_KNOTS.);
#1312 = CARTESIAN_POINT('',(0.633243103516,1.371621551758,0.1));
#1313 = CARTESIAN_POINT('',(0.7,1.405,0.575));
#1314 = CARTESIAN_POINT('',(0.633243103516,-1.371621551758,0.1));
#1315 = CARTESIAN_POINT('',(0.7,-1.405,0.575));
#1316 = ADVANCED_FACE('',(#1317),#1334,.F.);
#1317 = FACE_BOUND('',#1318,.F.);
#1318 = EDGE_LOOP('',(#1319,#1320,#1321,#1329));
#1319 = ORIENTED_EDGE('',*,*,#1121,.T.);
#1320 = ORIENTED_EDGE('',*,*,#1268,.T.);
#1321 = ORIENTED_EDGE('',*,*,#1322,.F.);
#1322 = EDGE_CURVE('',#1323,#1261,#1325,.T.);
#1323 = VERTEX_POINT('',#1324);
#1324 = CARTESIAN_POINT('',(-0.605,-1.5,0.575));
#1325 = LINE('',#1326,#1327);
#1326 = CARTESIAN_POINT('',(-0.605,-1.5,0.575));
#1327 = VECTOR('',#1328,1.);
#1328 = DIRECTION('',(-0.707106781187,0.707106781187,0.));
#1329 = ORIENTED_EDGE('',*,*,#1330,.F.);
#1330 = EDGE_CURVE('',#1114,#1323,#1331,.T.);
#1331 = B_SPLINE_CURVE_WITH_KNOTS('',1,(#1332,#1333),.UNSPECIFIED.,.F.,
  .F.,(2,2),(0.,1.),.PIECEWISE_BEZIER_KNOTS.);
#1332 = CARTESIAN_POINT('',(-0.571621551758,-1.433243103516,0.1));
#1333 = CARTESIAN_POINT('',(-0.605,-1.5,0.575));
#1334 = B_SPLINE_SURFACE_WITH_KNOTS('',1,1,(
    (#1335,#1336)
    ,(#1337,#1338
    )),.UNSPECIFIED.,.F.,.F.,.F.,(2,2),(2,2),(0.,0.134350288425),(0.,1.)
  ,.PIECEWISE_BEZIER_KNOTS.);
#1335 = CARTESIAN_POINT('',(-0.571621551758,-1.433243103516,0.1));
#1336 = CARTESIAN_POINT('',(-0.605,-1.5,0.575));
#1337 = CARTESIAN_POINT('',(-0.633243103516,-1.371621551758,0.1));
#1338 = CARTESIAN_POINT('',(-0.7,-1.405,0.575));
#1339 = ADVANCED_FACE('',(#1340),#1357,.F.);
#1340 = FACE_BOUND('',#1341,.F.);
#1341 = EDGE_LOOP('',(#1342,#1343,#1350,#1356));
#1342 = ORIENTED_EDGE('',*,*,#1105,.T.);
#1343 = ORIENTED_EDGE('',*,*,#1344,.T.);
#1344 = EDGE_CURVE('',#1106,#1345,#1347,.T.);
#1345 = VERTEX_POINT('',#1346);
#1346 = CARTESIAN_POINT('',(0.605,-1.5,0.575));
#1347 = B_SPLINE_CURVE_WITH_KNOTS('',1,(#1348,#1349),.UNSPECIFIED.,.F.,
  .F.,(2,2),(0.,1.),.PIECEWISE_BEZIER_KNOTS.);
#1348 = CARTESIAN_POINT('',(0.571621551758,-1.433243103516,0.1));
#1349 = CARTESIAN_POINT('',(0.605,-1.5,0.575));
#1350 = ORIENTED_EDGE('',*,*,#1351,.F.);
#1351 = EDGE_CURVE('',#1283,#1345,#1352,.T.);
#1352 = LINE('',#1353,#1354);
#1353 = CARTESIAN_POINT('',(0.7,-1.405,0.575));
#1354 = VECTOR('',#1355,1.);
#1355 = DIRECTION('',(-0.707106781187,-0.707106781187,0.));
#1356 = ORIENTED_EDGE('',*,*,#1282,.F.);
#1357 = B_SPLINE_SURFACE_WITH_KNOTS('',1,1,(
    (#1358,#1359)
    ,(#1360,#1361
    )),.UNSPECIFIED.,.F.,.F.,.F.,(2,2),(2,2),(0.,0.134350288425),(0.,1.)
  ,.PIECEWISE_BEZIER_KNOTS.);
#1358 = CARTESIAN_POINT('',(0.633243103516,-1.371621551758,0.1));
#1359 = CARTESIAN_POINT('',(0.7,-1.405,0.575));
#1360 = CARTESIAN_POINT('',(0.571621551758,-1.433243103516,0.1));
#1361 = CARTESIAN_POINT('',(0.605,-1.5,0.575));
#1362 = ADVANCED_FACE('',(#1363),#1374,.F.);
#1363 = FACE_BOUND('',#1364,.F.);
#1364 = EDGE_LOOP('',(#1365,#1366,#1367,#1373));
#1365 = ORIENTED_EDGE('',*,*,#1113,.T.);
#1366 = ORIENTED_EDGE('',*,*,#1330,.T.);
#1367 = ORIENTED_EDGE('',*,*,#1368,.F.);
#1368 = EDGE_CURVE('',#1345,#1323,#1369,.T.);
#1369 = LINE('',#1370,#1371);
#1370 = CARTESIAN_POINT('',(0.605,-1.5,0.575));
#1371 = VECTOR('',#1372,1.);
#1372 = DIRECTION('',(-1.,-1.110223024625E-16,0.));
#1373 = ORIENTED_EDGE('',*,*,#1344,.F.);
#1374 = B_SPLINE_SURFACE_WITH_KNOTS('',1,1,(
    (#1375,#1376)
    ,(#1377,#1378
    )),.UNSPECIFIED.,.F.,.F.,.F.,(2,2),(2,2),(0.,1.21),(0.,1.),
  .PIECEWISE_BEZIER_KNOTS.);
#1375 = CARTESIAN_POINT('',(0.571621551758,-1.433243103516,0.1));
#1376 = CARTESIAN_POINT('',(0.605,-1.5,0.575));
#1377 = CARTESIAN_POINT('',(-0.571621551758,-1.433243103516,0.1));
#1378 = CARTESIAN_POINT('',(-0.605,-1.5,0.575));
#1379 = ADVANCED_FACE('',(#1380),#1397,.F.);
#1380 = FACE_BOUND('',#1381,.F.);
#1381 = EDGE_LOOP('',(#1382,#1383,#1390,#1396));
#1382 = ORIENTED_EDGE('',*,*,#1159,.T.);
#1383 = ORIENTED_EDGE('',*,*,#1384,.T.);
#1384 = EDGE_CURVE('',#1153,#1385,#1387,.T.);
#1385 = VERTEX_POINT('',#1386);
#1386 = CARTESIAN_POINT('',(0.7,1.405,0.725));
#1387 = B_SPLINE_CURVE_WITH_KNOTS('',1,(#1388,#1389),.UNSPECIFIED.,.F.,
  .F.,(2,2),(0.,1.),.PIECEWISE_BEZIER_KNOTS.);
#1388 = CARTESIAN_POINT('',(0.7,1.405,0.575));
#1389 = CARTESIAN_POINT('',(0.7,1.405,0.725));
#1390 = ORIENTED_EDGE('',*,*,#1391,.F.);
#1391 = EDGE_CURVE('',#1176,#1385,#1392,.T.);
#1392 = LINE('',#1393,#1394);
#1393 = CARTESIAN_POINT('',(0.605,1.5,0.725));
#1394 = VECTOR('',#1395,1.);
#1395 = DIRECTION('',(0.707106781187,-0.707106781187,0.));
#1396 = ORIENTED_EDGE('',*,*,#1175,.F.);
#1397 = PLANE('',#1398);
#1398 = AXIS2_PLACEMENT_3D('',#1399,#1400,#1401);
#1399 = CARTESIAN_POINT('',(0.605,1.5,0.725));
#1400 = DIRECTION('',(-0.707106781187,-0.707106781187,0.));
#1401 = DIRECTION('',(0.707106781187,-0.707106781187,0.));
#1402 = ADVANCED_FACE('',(#1403),#1485,.F.);
#1403 = FACE_BOUND('',#1404,.F.);
#1404 = EDGE_LOOP('',(#1405,#1413,#1414,#1415,#1423,#1431,#1439,#1447,
    #1455,#1463,#1471,#1479));
#1405 = ORIENTED_EDGE('',*,*,#1406,.T.);
#1406 = EDGE_CURVE('',#1407,#1183,#1409,.T.);
#1407 = VERTEX_POINT('',#1408);
#1408 = CARTESIAN_POINT('',(-0.7,1.405,0.725));
#1409 = LINE('',#1410,#1411);
#1410 = CARTESIAN_POINT('',(-0.7,1.405,0.725));
#1411 = VECTOR('',#1412,1.);
#1412 = DIRECTION('',(0.707106781187,0.707106781187,0.));
#1413 = ORIENTED_EDGE('',*,*,#1182,.T.);
#1414 = ORIENTED_EDGE('',*,*,#1391,.T.);
#1415 = ORIENTED_EDGE('',*,*,#1416,.T.);
#1416 = EDGE_CURVE('',#1385,#1417,#1419,.T.);
#1417 = VERTEX_POINT('',#1418);
#1418 = CARTESIAN_POINT('',(0.7,0.2,0.725));
#1419 = LINE('',#1420,#1421);
#1420 = CARTESIAN_POINT('',(0.7,1.405,0.725));
#1421 = VECTOR('',#1422,1.);
#1422 = DIRECTION('',(1.110223024625E-16,-1.,0.));
#1423 = ORIENTED_EDGE('',*,*,#1424,.T.);
#1424 = EDGE_CURVE('',#1417,#1425,#1427,.T.);
#1425 = VERTEX_POINT('',#1426);
#1426 = CARTESIAN_POINT('',(0.675,0.2,0.725));
#1427 = LINE('',#1428,#1429);
#1428 = CARTESIAN_POINT('',(0.7,0.2,0.725));
#1429 = VECTOR('',#1430,1.);
#1430 = DIRECTION('',(-1.,-1.110223024625E-16,0.));
#1431 = ORIENTED_EDGE('',*,*,#1432,.F.);
#1432 = EDGE_CURVE('',#1433,#1425,#1435,.T.);
#1433 = VERTEX_POINT('',#1434);
#1434 = CARTESIAN_POINT('',(0.675,1.3925,0.725));
#1435 = LINE('',#1436,#1437);
#1436 = CARTESIAN_POINT('',(0.675,1.3925,0.725));
#1437 = VECTOR('',#1438,1.);
#1438 = DIRECTION('',(1.110223024625E-16,-1.,0.));
#1439 = ORIENTED_EDGE('',*,*,#1440,.F.);
#1440 = EDGE_CURVE('',#1441,#1433,#1443,.T.);
#1441 = VERTEX_POINT('',#1442);
#1442 = CARTESIAN_POINT('',(0.5925,1.475,0.725));
#1443 = LINE('',#1444,#1445);
#1444 = CARTESIAN_POINT('',(0.5925,1.475,0.725));
#1445 = VECTOR('',#1446,1.);
#1446 = DIRECTION('',(0.707106781187,-0.707106781187,0.));
#1447 = ORIENTED_EDGE('',*,*,#1448,.F.);
#1448 = EDGE_CURVE('',#1449,#1441,#1451,.T.);
#1449 = VERTEX_POINT('',#1450);
#1450 = CARTESIAN_POINT('',(-0.5925,1.475,0.725));
#1451 = LINE('',#1452,#1453);
#1452 = CARTESIAN_POINT('',(-0.5925,1.475,0.725));
#1453 = VECTOR('',#1454,1.);
#1454 = DIRECTION('',(1.,1.110223024625E-16,0.));
#1455 = ORIENTED_EDGE('',*,*,#1456,.F.);
#1456 = EDGE_CURVE('',#1457,#1449,#1459,.T.);
#1457 = VERTEX_POINT('',#1458);
#1458 = CARTESIAN_POINT('',(-0.675,1.3925,0.725));
#1459 = LINE('',#1460,#1461);
#1460 = CARTESIAN_POINT('',(-0.675,1.3925,0.725));
#1461 = VECTOR('',#1462,1.);
#1462 = DIRECTION('',(0.707106781187,0.707106781187,0.));
#1463 = ORIENTED_EDGE('',*,*,#1464,.F.);
#1464 = EDGE_CURVE('',#1465,#1457,#1467,.T.);
#1465 = VERTEX_POINT('',#1466);
#1466 = CARTESIAN_POINT('',(-0.675,1.15,0.725));
#1467 = LINE('',#1468,#1469);
#1468 = CARTESIAN_POINT('',(-0.675,-1.3925,0.725));
#1469 = VECTOR('',#1470,1.);
#1470 = DIRECTION('',(-1.110223024625E-16,1.,0.));
#1471 = ORIENTED_EDGE('',*,*,#1472,.F.);
#1472 = EDGE_CURVE('',#1473,#1465,#1475,.T.);
#1473 = VERTEX_POINT('',#1474);
#1474 = CARTESIAN_POINT('',(-0.7,1.15,0.725));
#1475 = LINE('',#1476,#1477);
#1476 = CARTESIAN_POINT('',(-0.7,1.15,0.725));
#1477 = VECTOR('',#1478,1.);
#1478 = DIRECTION('',(1.,-1.144237745222E-17,0.));
#1479 = ORIENTED_EDGE('',*,*,#1480,.T.);
#1480 = EDGE_CURVE('',#1473,#1407,#1481,.T.);
#1481 = LINE('',#1482,#1483);
#1482 = CARTESIAN_POINT('',(-0.7,-1.405,0.725));
#1483 = VECTOR('',#1484,1.);
#1484 = DIRECTION('',(-1.110223024625E-16,1.,0.));
#1485 = PLANE('',#1486);
#1486 = AXIS2_PLACEMENT_3D('',#1487,#1488,#1489);
#1487 = CARTESIAN_POINT('',(-1.486299604971E-16,1.4875,0.725));
#1488 = DIRECTION('',(1.022886882533E-31,-6.310887241768E-27,-1.));
#1489 = DIRECTION('',(1.,1.217738924546E-16,1.022886882525E-31));
#1490 = ADVANCED_FACE('',(#1491),#1501,.F.);
#1491 = FACE_BOUND('',#1492,.F.);
#1492 = EDGE_LOOP('',(#1493,#1494,#1495,#1496));
#1493 = ORIENTED_EDGE('',*,*,#1205,.T.);
#1494 = ORIENTED_EDGE('',*,*,#1190,.T.);
#1495 = ORIENTED_EDGE('',*,*,#1406,.F.);
#1496 = ORIENTED_EDGE('',*,*,#1497,.F.);
#1497 = EDGE_CURVE('',#1206,#1407,#1498,.T.);
#1498 = B_SPLINE_CURVE_WITH_KNOTS('',1,(#1499,#1500),.UNSPECIFIED.,.F.,
  .F.,(2,2),(0.,1.),.PIECEWISE_BEZIER_KNOTS.);
#1499 = CARTESIAN_POINT('',(-0.7,1.405,0.575));
#1500 = CARTESIAN_POINT('',(-0.7,1.405,0.725));
#1501 = PLANE('',#1502);
#1502 = AXIS2_PLACEMENT_3D('',#1503,#1504,#1505);
#1503 = CARTESIAN_POINT('',(-0.7,1.405,0.725));
#1504 = DIRECTION('',(0.707106781187,-0.707106781187,0.));
#1505 = DIRECTION('',(0.707106781187,0.707106781187,0.));
#1506 = ADVANCED_FACE('',(#1507),#1531,.F.);
#1507 = FACE_BOUND('',#1508,.F.);
#1508 = EDGE_LOOP('',(#1509,#1516,#1517,#1525));
#1509 = ORIENTED_EDGE('',*,*,#1510,.F.);
#1510 = EDGE_CURVE('',#1261,#1511,#1513,.T.);
#1511 = VERTEX_POINT('',#1512);
#1512 = CARTESIAN_POINT('',(-0.7,-1.405,0.725));
#1513 = B_SPLINE_CURVE_WITH_KNOTS('',1,(#1514,#1515),.UNSPECIFIED.,.F.,
  .F.,(2,2),(0.,1.),.PIECEWISE_BEZIER_KNOTS.);
#1514 = CARTESIAN_POINT('',(-0.7,-1.405,0.575));
#1515 = CARTESIAN_POINT('',(-0.7,-1.405,0.725));
#1516 = ORIENTED_EDGE('',*,*,#1260,.T.);
#1517 = ORIENTED_EDGE('',*,*,#1518,.T.);
#1518 = EDGE_CURVE('',#1253,#1519,#1521,.T.);
#1519 = VERTEX_POINT('',#1520);
#1520 = CARTESIAN_POINT('',(-0.7,-1.15,0.725));
#1521 = LINE('',#1522,#1523);
#1522 = CARTESIAN_POINT('',(-0.7,-1.15,0.529763586955));
#1523 = VECTOR('',#1524,1.);
#1524 = DIRECTION('',(0.,0.,1.));
#1525 = ORIENTED_EDGE('',*,*,#1526,.F.);
#1526 = EDGE_CURVE('',#1511,#1519,#1527,.T.);
#1527 = LINE('',#1528,#1529);
#1528 = CARTESIAN_POINT('',(-0.7,-1.405,0.725));
#1529 = VECTOR('',#1530,1.);
#1530 = DIRECTION('',(-1.110223024625E-16,1.,0.));
#1531 = PLANE('',#1532);
#1532 = AXIS2_PLACEMENT_3D('',#1533,#1534,#1535);
#1533 = CARTESIAN_POINT('',(-0.7,-1.405,0.725));
#1534 = DIRECTION('',(1.,1.110223024625E-16,0.));
#1535 = DIRECTION('',(-1.110223024625E-16,1.,0.));
#1536 = ADVANCED_FACE('',(#1537),#1564,.F.);
#1537 = FACE_BOUND('',#1538,.F.);
#1538 = EDGE_LOOP('',(#1539,#1540,#1549,#1557));
#1539 = ORIENTED_EDGE('',*,*,#1252,.T.);
#1540 = ORIENTED_EDGE('',*,*,#1541,.T.);
#1541 = EDGE_CURVE('',#1245,#1542,#1544,.T.);
#1542 = VERTEX_POINT('',#1543);
#1543 = CARTESIAN_POINT('',(-0.798480775301,-0.75,0.492364817767));
#1544 = CIRCLE('',#1545,0.1);
#1545 = AXIS2_PLACEMENT_3D('',#1546,#1547,#1548);
#1546 = CARTESIAN_POINT('',(-0.7,-0.75,0.475));
#1547 = DIRECTION('',(-1.144237745222E-17,-1.,-5.473822126269E-48));
#1548 = DIRECTION('',(2.22044604925E-15,-2.540718180781E-32,1.));
#1549 = ORIENTED_EDGE('',*,*,#1550,.F.);
#1550 = EDGE_CURVE('',#1551,#1542,#1553,.T.);
#1551 = VERTEX_POINT('',#1552);
#1552 = CARTESIAN_POINT('',(-0.798480775301,-1.15,0.492364817767));
#1553 = LINE('',#1554,#1555);
#1554 = CARTESIAN_POINT('',(-0.798480775301,-1.15,0.492364817767));
#1555 = VECTOR('',#1556,1.);
#1556 = DIRECTION('',(1.144237745222E-17,1.,0.));
#1557 = ORIENTED_EDGE('',*,*,#1558,.F.);
#1558 = EDGE_CURVE('',#1253,#1551,#1559,.T.);
#1559 = CIRCLE('',#1560,0.1);
#1560 = AXIS2_PLACEMENT_3D('',#1561,#1562,#1563);
#1561 = CARTESIAN_POINT('',(-0.7,-1.15,0.475));
#1562 = DIRECTION('',(-1.144237745222E-17,-1.,-5.473822126269E-48));
#1563 = DIRECTION('',(2.22044604925E-15,-2.540718180781E-32,1.));
#1564 = CYLINDRICAL_SURFACE('',#1565,0.1);
#1565 = AXIS2_PLACEMENT_3D('',#1566,#1567,#1568);
#1566 = CARTESIAN_POINT('',(-0.7,-1.15,0.475));
#1567 = DIRECTION('',(-1.144237745222E-17,-1.,0.));
#1568 = DIRECTION('',(2.22044604925E-15,-2.540718180781E-32,1.));
#1569 = ADVANCED_FACE('',(#1570),#1595,.F.);
#1570 = FACE_BOUND('',#1571,.F.);
#1571 = EDGE_LOOP('',(#1572,#1580,#1581,#1589));
#1572 = ORIENTED_EDGE('',*,*,#1573,.F.);
#1573 = EDGE_CURVE('',#1245,#1574,#1576,.T.);
#1574 = VERTEX_POINT('',#1575);
#1575 = CARTESIAN_POINT('',(-0.7,-0.75,0.725));
#1576 = LINE('',#1577,#1578);
#1577 = CARTESIAN_POINT('',(-0.7,-0.75,0.529763586955));
#1578 = VECTOR('',#1579,1.);
#1579 = DIRECTION('',(0.,0.,1.));
#1580 = ORIENTED_EDGE('',*,*,#1244,.T.);
#1581 = ORIENTED_EDGE('',*,*,#1582,.T.);
#1582 = EDGE_CURVE('',#1237,#1583,#1585,.T.);
#1583 = VERTEX_POINT('',#1584);
#1584 = CARTESIAN_POINT('',(-0.7,0.75,0.725));
#1585 = LINE('',#1586,#1587);
#1586 = CARTESIAN_POINT('',(-0.7,0.75,0.529763586955));
#1587 = VECTOR('',#1588,1.);
#1588 = DIRECTION('',(0.,0.,1.));
#1589 = ORIENTED_EDGE('',*,*,#1590,.F.);
#1590 = EDGE_CURVE('',#1574,#1583,#1591,.T.);
#1591 = LINE('',#1592,#1593);
#1592 = CARTESIAN_POINT('',(-0.7,-1.405,0.725));
#1593 = VECTOR('',#1594,1.);
#1594 = DIRECTION('',(-1.110223024625E-16,1.,0.));
#1595 = PLANE('',#1596);
#1596 = AXIS2_PLACEMENT_3D('',#1597,#1598,#1599);
#1597 = CARTESIAN_POINT('',(-0.7,-1.405,0.725));
#1598 = DIRECTION('',(1.,1.110223024625E-16,0.));
#1599 = DIRECTION('',(-1.110223024625E-16,1.,0.));
#1600 = ADVANCED_FACE('',(#1601),#1628,.F.);
#1601 = FACE_BOUND('',#1602,.F.);
#1602 = EDGE_LOOP('',(#1603,#1604,#1613,#1621));
#1603 = ORIENTED_EDGE('',*,*,#1236,.T.);
#1604 = ORIENTED_EDGE('',*,*,#1605,.T.);
#1605 = EDGE_CURVE('',#1229,#1606,#1608,.T.);
#1606 = VERTEX_POINT('',#1607);
#1607 = CARTESIAN_POINT('',(-0.798480775301,1.15,0.492364817767));
#1608 = CIRCLE('',#1609,0.1);
#1609 = AXIS2_PLACEMENT_3D('',#1610,#1611,#1612);
#1610 = CARTESIAN_POINT('',(-0.7,1.15,0.475));
#1611 = DIRECTION('',(-1.144237745222E-17,-1.,-5.473822126269E-48));
#1612 = DIRECTION('',(2.22044604925E-15,-2.540718180781E-32,1.));
#1613 = ORIENTED_EDGE('',*,*,#1614,.F.);
#1614 = EDGE_CURVE('',#1615,#1606,#1617,.T.);
#1615 = VERTEX_POINT('',#1616);
#1616 = CARTESIAN_POINT('',(-0.798480775301,0.75,0.492364817767));
#1617 = LINE('',#1618,#1619);
#1618 = CARTESIAN_POINT('',(-0.798480775301,0.75,0.492364817767));
#1619 = VECTOR('',#1620,1.);
#1620 = DIRECTION('',(1.144237745222E-17,1.,0.));
#1621 = ORIENTED_EDGE('',*,*,#1622,.F.);
#1622 = EDGE_CURVE('',#1237,#1615,#1623,.T.);
#1623 = CIRCLE('',#1624,0.1);
#1624 = AXIS2_PLACEMENT_3D('',#1625,#1626,#1627);
#1625 = CARTESIAN_POINT('',(-0.7,0.75,0.475));
#1626 = DIRECTION('',(-1.144237745222E-17,-1.,-5.473822126269E-48));
#1627 = DIRECTION('',(2.22044604925E-15,-2.540718180781E-32,1.));
#1628 = CYLINDRICAL_SURFACE('',#1629,0.1);
#1629 = AXIS2_PLACEMENT_3D('',#1630,#1631,#1632);
#1630 = CARTESIAN_POINT('',(-0.7,0.75,0.475));
#1631 = DIRECTION('',(-1.144237745222E-17,-1.,0.));
#1632 = DIRECTION('',(2.22044604925E-15,-2.540718180781E-32,1.));
#1633 = ADVANCED_FACE('',(#1634),#1645,.F.);
#1634 = FACE_BOUND('',#1635,.F.);
#1635 = EDGE_LOOP('',(#1636,#1642,#1643,#1644));
#1636 = ORIENTED_EDGE('',*,*,#1637,.F.);
#1637 = EDGE_CURVE('',#1229,#1473,#1638,.T.);
#1638 = LINE('',#1639,#1640);
#1639 = CARTESIAN_POINT('',(-0.7,1.15,0.529763586955));
#1640 = VECTOR('',#1641,1.);
#1641 = DIRECTION('',(0.,0.,1.));
#1642 = ORIENTED_EDGE('',*,*,#1228,.T.);
#1643 = ORIENTED_EDGE('',*,*,#1497,.T.);
#1644 = ORIENTED_EDGE('',*,*,#1480,.F.);
#1645 = PLANE('',#1646);
#1646 = AXIS2_PLACEMENT_3D('',#1647,#1648,#1649);
#1647 = CARTESIAN_POINT('',(-0.7,-1.405,0.725));
#1648 = DIRECTION('',(1.,1.110223024625E-16,0.));
#1649 = DIRECTION('',(-1.110223024625E-16,1.,0.));
#1650 = ADVANCED_FACE('',(#1651),#1662,.F.);
#1651 = FACE_BOUND('',#1652,.F.);
#1652 = EDGE_LOOP('',(#1653,#1654,#1655,#1661));
#1653 = ORIENTED_EDGE('',*,*,#1384,.F.);
#1654 = ORIENTED_EDGE('',*,*,#1305,.T.);
#1655 = ORIENTED_EDGE('',*,*,#1656,.T.);
#1656 = EDGE_CURVE('',#1298,#1417,#1657,.T.);
#1657 = LINE('',#1658,#1659);
#1658 = CARTESIAN_POINT('',(0.7,0.2,0.529763586955));
#1659 = VECTOR('',#1660,1.);
#1660 = DIRECTION('',(0.,0.,1.));
#1661 = ORIENTED_EDGE('',*,*,#1416,.F.);
#1662 = PLANE('',#1663);
#1663 = AXIS2_PLACEMENT_3D('',#1664,#1665,#1666);
#1664 = CARTESIAN_POINT('',(0.7,1.405,0.725));
#1665 = DIRECTION('',(-1.,-1.110223024625E-16,0.));
#1666 = DIRECTION('',(1.110223024625E-16,-1.,0.));
#1667 = ADVANCED_FACE('',(#1668),#1695,.F.);
#1668 = FACE_BOUND('',#1669,.F.);
#1669 = EDGE_LOOP('',(#1670,#1671,#1680,#1688));
#1670 = ORIENTED_EDGE('',*,*,#1297,.T.);
#1671 = ORIENTED_EDGE('',*,*,#1672,.T.);
#1672 = EDGE_CURVE('',#1290,#1673,#1675,.T.);
#1673 = VERTEX_POINT('',#1674);
#1674 = CARTESIAN_POINT('',(0.798480775301,-0.2,0.492364817767));
#1675 = CIRCLE('',#1676,0.1);
#1676 = AXIS2_PLACEMENT_3D('',#1677,#1678,#1679);
#1677 = CARTESIAN_POINT('',(0.7,-0.2,0.475));
#1678 = DIRECTION('',(-1.110223024625E-16,1.,0.));
#1679 = DIRECTION('',(-2.22044604925E-15,-2.465190328815E-31,1.));
#1680 = ORIENTED_EDGE('',*,*,#1681,.F.);
#1681 = EDGE_CURVE('',#1682,#1673,#1684,.T.);
#1682 = VERTEX_POINT('',#1683);
#1683 = CARTESIAN_POINT('',(0.798480775301,0.2,0.492364817767));
#1684 = LINE('',#1685,#1686);
#1685 = CARTESIAN_POINT('',(0.798480775301,0.2,0.492364817767));
#1686 = VECTOR('',#1687,1.);
#1687 = DIRECTION('',(1.110223024625E-16,-1.,0.));
#1688 = ORIENTED_EDGE('',*,*,#1689,.F.);
#1689 = EDGE_CURVE('',#1298,#1682,#1690,.T.);
#1690 = CIRCLE('',#1691,0.1);
#1691 = AXIS2_PLACEMENT_3D('',#1692,#1693,#1694);
#1692 = CARTESIAN_POINT('',(0.7,0.2,0.475));
#1693 = DIRECTION('',(-1.110223024625E-16,1.,0.));
#1694 = DIRECTION('',(-2.22044604925E-15,-2.465190328815E-31,1.));
#1695 = CYLINDRICAL_SURFACE('',#1696,0.1);
#1696 = AXIS2_PLACEMENT_3D('',#1697,#1698,#1699);
#1697 = CARTESIAN_POINT('',(0.7,0.2,0.475));
#1698 = DIRECTION('',(-1.110223024625E-16,1.,0.));
#1699 = DIRECTION('',(-2.22044604925E-15,-2.465190328815E-31,1.));
#1700 = ADVANCED_FACE('',(#1701),#1725,.F.);
#1701 = FACE_BOUND('',#1702,.F.);
#1702 = EDGE_LOOP('',(#1703,#1711,#1712,#1719));
#1703 = ORIENTED_EDGE('',*,*,#1704,.F.);
#1704 = EDGE_CURVE('',#1290,#1705,#1707,.T.);
#1705 = VERTEX_POINT('',#1706);
#1706 = CARTESIAN_POINT('',(0.7,-0.2,0.725));
#1707 = LINE('',#1708,#1709);
#1708 = CARTESIAN_POINT('',(0.7,-0.2,0.529763586955));
#1709 = VECTOR('',#1710,1.);
#1710 = DIRECTION('',(0.,0.,1.));
#1711 = ORIENTED_EDGE('',*,*,#1289,.T.);
#1712 = ORIENTED_EDGE('',*,*,#1713,.T.);
#1713 = EDGE_CURVE('',#1283,#1714,#1716,.T.);
#1714 = VERTEX_POINT('',#1715);
#1715 = CARTESIAN_POINT('',(0.7,-1.405,0.725));
#1716 = B_SPLINE_CURVE_WITH_KNOTS('',1,(#1717,#1718),.UNSPECIFIED.,.F.,
  .F.,(2,2),(0.,1.),.PIECEWISE_BEZIER_KNOTS.);
#1717 = CARTESIAN_POINT('',(0.7,-1.405,0.575));
#1718 = CARTESIAN_POINT('',(0.7,-1.405,0.725));
#1719 = ORIENTED_EDGE('',*,*,#1720,.F.);
#1720 = EDGE_CURVE('',#1705,#1714,#1721,.T.);
#1721 = LINE('',#1722,#1723);
#1722 = CARTESIAN_POINT('',(0.7,1.405,0.725));
#1723 = VECTOR('',#1724,1.);
#1724 = DIRECTION('',(1.110223024625E-16,-1.,0.));
#1725 = PLANE('',#1726);
#1726 = AXIS2_PLACEMENT_3D('',#1727,#1728,#1729);
#1727 = CARTESIAN_POINT('',(0.7,1.405,0.725));
#1728 = DIRECTION('',(-1.,-1.110223024625E-16,0.));
#1729 = DIRECTION('',(1.110223024625E-16,-1.,0.));
#1730 = ADVANCED_FACE('',(#1731),#1748,.F.);
#1731 = FACE_BOUND('',#1732,.F.);
#1732 = EDGE_LOOP('',(#1733,#1734,#1735,#1743));
#1733 = ORIENTED_EDGE('',*,*,#1322,.T.);
#1734 = ORIENTED_EDGE('',*,*,#1510,.T.);
#1735 = ORIENTED_EDGE('',*,*,#1736,.F.);
#1736 = EDGE_CURVE('',#1737,#1511,#1739,.T.);
#1737 = VERTEX_POINT('',#1738);
#1738 = CARTESIAN_POINT('',(-0.605,-1.5,0.725));
#1739 = LINE('',#1740,#1741);
#1740 = CARTESIAN_POINT('',(-0.605,-1.5,0.725));
#1741 = VECTOR('',#1742,1.);
#1742 = DIRECTION('',(-0.707106781187,0.707106781187,0.));
#1743 = ORIENTED_EDGE('',*,*,#1744,.F.);
#1744 = EDGE_CURVE('',#1323,#1737,#1745,.T.);
#1745 = B_SPLINE_CURVE_WITH_KNOTS('',1,(#1746,#1747),.UNSPECIFIED.,.F.,
  .F.,(2,2),(0.,1.),.PIECEWISE_BEZIER_KNOTS.);
#1746 = CARTESIAN_POINT('',(-0.605,-1.5,0.575));
#1747 = CARTESIAN_POINT('',(-0.605,-1.5,0.725));
#1748 = PLANE('',#1749);
#1749 = AXIS2_PLACEMENT_3D('',#1750,#1751,#1752);
#1750 = CARTESIAN_POINT('',(-0.605,-1.5,0.725));
#1751 = DIRECTION('',(0.707106781187,0.707106781187,0.));
#1752 = DIRECTION('',(-0.707106781187,0.707106781187,0.));
#1753 = ADVANCED_FACE('',(#1754),#1771,.F.);
#1754 = FACE_BOUND('',#1755,.F.);
#1755 = EDGE_LOOP('',(#1756,#1757,#1764,#1770));
#1756 = ORIENTED_EDGE('',*,*,#1351,.T.);
#1757 = ORIENTED_EDGE('',*,*,#1758,.T.);
#1758 = EDGE_CURVE('',#1345,#1759,#1761,.T.);
#1759 = VERTEX_POINT('',#1760);
#1760 = CARTESIAN_POINT('',(0.605,-1.5,0.725));
#1761 = B_SPLINE_CURVE_WITH_KNOTS('',1,(#1762,#1763),.UNSPECIFIED.,.F.,
  .F.,(2,2),(0.,1.),.PIECEWISE_BEZIER_KNOTS.);
#1762 = CARTESIAN_POINT('',(0.605,-1.5,0.575));
#1763 = CARTESIAN_POINT('',(0.605,-1.5,0.725));
#1764 = ORIENTED_EDGE('',*,*,#1765,.F.);
#1765 = EDGE_CURVE('',#1714,#1759,#1766,.T.);
#1766 = LINE('',#1767,#1768);
#1767 = CARTESIAN_POINT('',(0.7,-1.405,0.725));
#1768 = VECTOR('',#1769,1.);
#1769 = DIRECTION('',(-0.707106781187,-0.707106781187,0.));
#1770 = ORIENTED_EDGE('',*,*,#1713,.F.);
#1771 = PLANE('',#1772);
#1772 = AXIS2_PLACEMENT_3D('',#1773,#1774,#1775);
#1773 = CARTESIAN_POINT('',(0.7,-1.405,0.725));
#1774 = DIRECTION('',(-0.707106781187,0.707106781187,0.));
#1775 = DIRECTION('',(-0.707106781187,-0.707106781187,0.));
#1776 = ADVANCED_FACE('',(#1777),#1788,.F.);
#1777 = FACE_BOUND('',#1778,.F.);
#1778 = EDGE_LOOP('',(#1779,#1780,#1781,#1787));
#1779 = ORIENTED_EDGE('',*,*,#1368,.T.);
#1780 = ORIENTED_EDGE('',*,*,#1744,.T.);
#1781 = ORIENTED_EDGE('',*,*,#1782,.F.);
#1782 = EDGE_CURVE('',#1759,#1737,#1783,.T.);
#1783 = LINE('',#1784,#1785);
#1784 = CARTESIAN_POINT('',(0.605,-1.5,0.725));
#1785 = VECTOR('',#1786,1.);
#1786 = DIRECTION('',(-1.,-1.110223024625E-16,0.));
#1787 = ORIENTED_EDGE('',*,*,#1758,.F.);
#1788 = PLANE('',#1789);
#1789 = AXIS2_PLACEMENT_3D('',#1790,#1791,#1792);
#1790 = CARTESIAN_POINT('',(0.605,-1.5,0.725));
#1791 = DIRECTION('',(-1.110223024625E-16,1.,0.));
#1792 = DIRECTION('',(-1.,-1.110223024625E-16,0.));
#1793 = ADVANCED_FACE('',(#1794),#1817,.F.);
#1794 = FACE_BOUND('',#1795,.F.);
#1795 = EDGE_LOOP('',(#1796,#1804,#1810,#1811));
#1796 = ORIENTED_EDGE('',*,*,#1797,.F.);
#1797 = EDGE_CURVE('',#1583,#1798,#1800,.T.);
#1798 = VERTEX_POINT('',#1799);
#1799 = CARTESIAN_POINT('',(-0.675,0.75,0.725));
#1800 = LINE('',#1801,#1802);
#1801 = CARTESIAN_POINT('',(-0.7,0.75,0.725));
#1802 = VECTOR('',#1803,1.);
#1803 = DIRECTION('',(1.,-1.144237745222E-17,0.));
#1804 = ORIENTED_EDGE('',*,*,#1805,.T.);
#1805 = EDGE_CURVE('',#1583,#1473,#1806,.T.);
#1806 = LINE('',#1807,#1808);
#1807 = CARTESIAN_POINT('',(-0.7,0.75,0.725));
#1808 = VECTOR('',#1809,1.);
#1809 = DIRECTION('',(1.144237745222E-17,1.,0.));
#1810 = ORIENTED_EDGE('',*,*,#1472,.T.);
#1811 = ORIENTED_EDGE('',*,*,#1812,.F.);
#1812 = EDGE_CURVE('',#1798,#1465,#1813,.T.);
#1813 = LINE('',#1814,#1815);
#1814 = CARTESIAN_POINT('',(-0.675,-1.3925,0.725));
#1815 = VECTOR('',#1816,1.);
#1816 = DIRECTION('',(-1.110223024625E-16,1.,0.));
#1817 = PLANE('',#1818);
#1818 = AXIS2_PLACEMENT_3D('',#1819,#1820,#1821);
#1819 = CARTESIAN_POINT('',(-0.7,0.75,0.725));
#1820 = DIRECTION('',(0.,0.,-1.));
#1821 = DIRECTION('',(1.,-1.144237745222E-17,0.));
#1822 = ADVANCED_FACE('',(#1823),#1871,.F.);
#1823 = FACE_BOUND('',#1824,.F.);
#1824 = EDGE_LOOP('',(#1825,#1835,#1843,#1849,#1850,#1851,#1858,#1866));
#1825 = ORIENTED_EDGE('',*,*,#1826,.T.);
#1826 = EDGE_CURVE('',#1827,#1829,#1831,.T.);
#1827 = VERTEX_POINT('',#1828);
#1828 = CARTESIAN_POINT('',(-0.675,-1.3925,0.725));
#1829 = VERTEX_POINT('',#1830);
#1830 = CARTESIAN_POINT('',(-0.675,-1.15,0.725));
#1831 = LINE('',#1832,#1833);
#1832 = CARTESIAN_POINT('',(-0.675,-1.3925,0.725));
#1833 = VECTOR('',#1834,1.);
#1834 = DIRECTION('',(-1.110223024625E-16,1.,0.));
#1835 = ORIENTED_EDGE('',*,*,#1836,.T.);
#1836 = EDGE_CURVE('',#1829,#1837,#1839,.T.);
#1837 = VERTEX_POINT('',#1838);
#1838 = CARTESIAN_POINT('',(-0.675,-0.75,0.725));
#1839 = LINE('',#1840,#1841);
#1840 = CARTESIAN_POINT('',(-0.675,-1.3925,0.725));
#1841 = VECTOR('',#1842,1.);
#1842 = DIRECTION('',(-1.110223024625E-16,1.,0.));
#1843 = ORIENTED_EDGE('',*,*,#1844,.T.);
#1844 = EDGE_CURVE('',#1837,#1798,#1845,.T.);
#1845 = LINE('',#1846,#1847);
#1846 = CARTESIAN_POINT('',(-0.675,-1.3925,0.725));
#1847 = VECTOR('',#1848,1.);
#1848 = DIRECTION('',(-1.110223024625E-16,1.,0.));
#1849 = ORIENTED_EDGE('',*,*,#1812,.T.);
#1850 = ORIENTED_EDGE('',*,*,#1464,.T.);
#1851 = ORIENTED_EDGE('',*,*,#1852,.T.);
#1852 = EDGE_CURVE('',#1457,#1853,#1855,.T.);
#1853 = VERTEX_POINT('',#1854);
#1854 = CARTESIAN_POINT('',(-0.608243103516,1.359121551758,1.2));
#1855 = B_SPLINE_CURVE_WITH_KNOTS('',1,(#1856,#1857),.UNSPECIFIED.,.F.,
  .F.,(2,2),(0.,1.),.PIECEWISE_BEZIER_KNOTS.);
#1856 = CARTESIAN_POINT('',(-0.675,1.3925,0.725));
#1857 = CARTESIAN_POINT('',(-0.608243103516,1.359121551758,1.2));
#1858 = ORIENTED_EDGE('',*,*,#1859,.F.);
#1859 = EDGE_CURVE('',#1860,#1853,#1862,.T.);
#1860 = VERTEX_POINT('',#1861);
#1861 = CARTESIAN_POINT('',(-0.608243103516,-1.359121551758,1.2));
#1862 = LINE('',#1863,#1864);
#1863 = CARTESIAN_POINT('',(-0.608243103516,-1.359121551758,1.2));
#1864 = VECTOR('',#1865,1.);
#1865 = DIRECTION('',(-1.110223024625E-16,1.,0.));
#1866 = ORIENTED_EDGE('',*,*,#1867,.F.);
#1867 = EDGE_CURVE('',#1827,#1860,#1868,.T.);
#1868 = B_SPLINE_CURVE_WITH_KNOTS('',1,(#1869,#1870),.UNSPECIFIED.,.F.,
  .F.,(2,2),(0.,1.),.PIECEWISE_BEZIER_KNOTS.);
#1869 = CARTESIAN_POINT('',(-0.675,-1.3925,0.725));
#1870 = CARTESIAN_POINT('',(-0.608243103516,-1.359121551758,1.2));
#1871 = B_SPLINE_SURFACE_WITH_KNOTS('',1,1,(
    (#1872,#1873)
    ,(#1874,#1875
    )),.UNSPECIFIED.,.F.,.F.,.F.,(2,2),(2,2),(0.,2.785),(0.,1.),
  .PIECEWISE_BEZIER_KNOTS.);
#1872 = CARTESIAN_POINT('',(-0.675,-1.3925,0.725));
#1873 = CARTESIAN_POINT('',(-0.608243103516,-1.359121551758,1.2));
#1874 = CARTESIAN_POINT('',(-0.675,1.3925,0.725));
#1875 = CARTESIAN_POINT('',(-0.608243103516,1.359121551758,1.2));
#1876 = ADVANCED_FACE('',(#1877),#1894,.F.);
#1877 = FACE_BOUND('',#1878,.F.);
#1878 = EDGE_LOOP('',(#1879,#1880,#1887,#1893));
#1879 = ORIENTED_EDGE('',*,*,#1456,.T.);
#1880 = ORIENTED_EDGE('',*,*,#1881,.T.);
#1881 = EDGE_CURVE('',#1449,#1882,#1884,.T.);
#1882 = VERTEX_POINT('',#1883);
#1883 = CARTESIAN_POINT('',(-0.559121551758,1.408243103516,1.2));
#1884 = B_SPLINE_CURVE_WITH_KNOTS('',1,(#1885,#1886),.UNSPECIFIED.,.F.,
  .F.,(2,2),(0.,1.),.PIECEWISE_BEZIER_KNOTS.);
#1885 = CARTESIAN_POINT('',(-0.5925,1.475,0.725));
#1886 = CARTESIAN_POINT('',(-0.559121551758,1.408243103516,1.2));
#1887 = ORIENTED_EDGE('',*,*,#1888,.F.);
#1888 = EDGE_CURVE('',#1853,#1882,#1889,.T.);
#1889 = LINE('',#1890,#1891);
#1890 = CARTESIAN_POINT('',(-0.608243103516,1.359121551758,1.2));
#1891 = VECTOR('',#1892,1.);
#1892 = DIRECTION('',(0.707106781187,0.707106781187,0.));
#1893 = ORIENTED_EDGE('',*,*,#1852,.F.);
#1894 = B_SPLINE_SURFACE_WITH_KNOTS('',1,1,(
    (#1895,#1896)
    ,(#1897,#1898
    )),.UNSPECIFIED.,.F.,.F.,.F.,(2,2),(2,2),(0.,0.116672618896),(0.,1.)
  ,.PIECEWISE_BEZIER_KNOTS.);
#1895 = CARTESIAN_POINT('',(-0.675,1.3925,0.725));
#1896 = CARTESIAN_POINT('',(-0.608243103516,1.359121551758,1.2));
#1897 = CARTESIAN_POINT('',(-0.5925,1.475,0.725));
#1898 = CARTESIAN_POINT('',(-0.559121551758,1.408243103516,1.2));
#1899 = ADVANCED_FACE('',(#1900),#1917,.F.);
#1900 = FACE_BOUND('',#1901,.F.);
#1901 = EDGE_LOOP('',(#1902,#1903,#1910,#1916));
#1902 = ORIENTED_EDGE('',*,*,#1448,.T.);
#1903 = ORIENTED_EDGE('',*,*,#1904,.T.);
#1904 = EDGE_CURVE('',#1441,#1905,#1907,.T.);
#1905 = VERTEX_POINT('',#1906);
#1906 = CARTESIAN_POINT('',(0.559121551758,1.408243103516,1.2));
#1907 = B_SPLINE_CURVE_WITH_KNOTS('',1,(#1908,#1909),.UNSPECIFIED.,.F.,
  .F.,(2,2),(0.,1.),.PIECEWISE_BEZIER_KNOTS.);
#1908 = CARTESIAN_POINT('',(0.5925,1.475,0.725));
#1909 = CARTESIAN_POINT('',(0.559121551758,1.408243103516,1.2));
#1910 = ORIENTED_EDGE('',*,*,#1911,.F.);
#1911 = EDGE_CURVE('',#1882,#1905,#1912,.T.);
#1912 = LINE('',#1913,#1914);
#1913 = CARTESIAN_POINT('',(-0.559121551758,1.408243103516,1.2));
#1914 = VECTOR('',#1915,1.);
#1915 = DIRECTION('',(1.,1.110223024625E-16,0.));
#1916 = ORIENTED_EDGE('',*,*,#1881,.F.);
#1917 = B_SPLINE_SURFACE_WITH_KNOTS('',1,1,(
    (#1918,#1919)
    ,(#1920,#1921
    )),.UNSPECIFIED.,.F.,.F.,.F.,(2,2),(2,2),(0.,1.185),(0.,1.),
  .PIECEWISE_BEZIER_KNOTS.);
#1918 = CARTESIAN_POINT('',(-0.5925,1.475,0.725));
#1919 = CARTESIAN_POINT('',(-0.559121551758,1.408243103516,1.2));
#1920 = CARTESIAN_POINT('',(0.5925,1.475,0.725));
#1921 = CARTESIAN_POINT('',(0.559121551758,1.408243103516,1.2));
#1922 = ADVANCED_FACE('',(#1923),#1940,.F.);
#1923 = FACE_BOUND('',#1924,.F.);
#1924 = EDGE_LOOP('',(#1925,#1926,#1933,#1939));
#1925 = ORIENTED_EDGE('',*,*,#1440,.T.);
#1926 = ORIENTED_EDGE('',*,*,#1927,.T.);
#1927 = EDGE_CURVE('',#1433,#1928,#1930,.T.);
#1928 = VERTEX_POINT('',#1929);
#1929 = CARTESIAN_POINT('',(0.608243103516,1.359121551758,1.2));
#1930 = B_SPLINE_CURVE_WITH_KNOTS('',1,(#1931,#1932),.UNSPECIFIED.,.F.,
  .F.,(2,2),(0.,1.),.PIECEWISE_BEZIER_KNOTS.);
#1931 = CARTESIAN_POINT('',(0.675,1.3925,0.725));
#1932 = CARTESIAN_POINT('',(0.608243103516,1.359121551758,1.2));
#1933 = ORIENTED_EDGE('',*,*,#1934,.F.);
#1934 = EDGE_CURVE('',#1905,#1928,#1935,.T.);
#1935 = LINE('',#1936,#1937);
#1936 = CARTESIAN_POINT('',(0.559121551758,1.408243103516,1.2));
#1937 = VECTOR('',#1938,1.);
#1938 = DIRECTION('',(0.707106781187,-0.707106781187,0.));
#1939 = ORIENTED_EDGE('',*,*,#1904,.F.);
#1940 = B_SPLINE_SURFACE_WITH_KNOTS('',1,1,(
    (#1941,#1942)
    ,(#1943,#1944
    )),.UNSPECIFIED.,.F.,.F.,.F.,(2,2),(2,2),(0.,0.116672618896),(0.,1.)
  ,.PIECEWISE_BEZIER_KNOTS.);
#1941 = CARTESIAN_POINT('',(0.5925,1.475,0.725));
#1942 = CARTESIAN_POINT('',(0.559121551758,1.408243103516,1.2));
#1943 = CARTESIAN_POINT('',(0.675,1.3925,0.725));
#1944 = CARTESIAN_POINT('',(0.608243103516,1.359121551758,1.2));
#1945 = ADVANCED_FACE('',(#1946),#1979,.F.);
#1946 = FACE_BOUND('',#1947,.F.);
#1947 = EDGE_LOOP('',(#1948,#1949,#1957,#1965,#1972,#1978));
#1948 = ORIENTED_EDGE('',*,*,#1432,.T.);
#1949 = ORIENTED_EDGE('',*,*,#1950,.T.);
#1950 = EDGE_CURVE('',#1425,#1951,#1953,.T.);
#1951 = VERTEX_POINT('',#1952);
#1952 = CARTESIAN_POINT('',(0.675,-0.2,0.725));
#1953 = LINE('',#1954,#1955);
#1954 = CARTESIAN_POINT('',(0.675,1.3925,0.725));
#1955 = VECTOR('',#1956,1.);
#1956 = DIRECTION('',(1.110223024625E-16,-1.,0.));
#1957 = ORIENTED_EDGE('',*,*,#1958,.T.);
#1958 = EDGE_CURVE('',#1951,#1959,#1961,.T.);
#1959 = VERTEX_POINT('',#1960);
#1960 = CARTESIAN_POINT('',(0.675,-1.3925,0.725));
#1961 = LINE('',#1962,#1963);
#1962 = CARTESIAN_POINT('',(0.675,1.3925,0.725));
#1963 = VECTOR('',#1964,1.);
#1964 = DIRECTION('',(1.110223024625E-16,-1.,0.));
#1965 = ORIENTED_EDGE('',*,*,#1966,.T.);
#1966 = EDGE_CURVE('',#1959,#1967,#1969,.T.);
#1967 = VERTEX_POINT('',#1968);
#1968 = CARTESIAN_POINT('',(0.608243103516,-1.359121551758,1.2));
#1969 = B_SPLINE_CURVE_WITH_KNOTS('',1,(#1970,#1971),.UNSPECIFIED.,.F.,
  .F.,(2,2),(0.,1.),.PIECEWISE_BEZIER_KNOTS.);
#1970 = CARTESIAN_POINT('',(0.675,-1.3925,0.725));
#1971 = CARTESIAN_POINT('',(0.608243103516,-1.359121551758,1.2));
#1972 = ORIENTED_EDGE('',*,*,#1973,.F.);
#1973 = EDGE_CURVE('',#1928,#1967,#1974,.T.);
#1974 = LINE('',#1975,#1976);
#1975 = CARTESIAN_POINT('',(0.608243103516,1.359121551758,1.2));
#1976 = VECTOR('',#1977,1.);
#1977 = DIRECTION('',(1.110223024625E-16,-1.,0.));
#1978 = ORIENTED_EDGE('',*,*,#1927,.F.);
#1979 = B_SPLINE_SURFACE_WITH_KNOTS('',1,1,(
    (#1980,#1981)
    ,(#1982,#1983
    )),.UNSPECIFIED.,.F.,.F.,.F.,(2,2),(2,2),(0.,2.785),(0.,1.),
  .PIECEWISE_BEZIER_KNOTS.);
#1980 = CARTESIAN_POINT('',(0.675,1.3925,0.725));
#1981 = CARTESIAN_POINT('',(0.608243103516,1.359121551758,1.2));
#1982 = CARTESIAN_POINT('',(0.675,-1.3925,0.725));
#1983 = CARTESIAN_POINT('',(0.608243103516,-1.359121551758,1.2));
#1984 = ADVANCED_FACE('',(#1985),#2001,.F.);
#1985 = FACE_BOUND('',#1986,.F.);
#1986 = EDGE_LOOP('',(#1987,#1988,#1994,#2000));
#1987 = ORIENTED_EDGE('',*,*,#1424,.F.);
#1988 = ORIENTED_EDGE('',*,*,#1989,.T.);
#1989 = EDGE_CURVE('',#1417,#1705,#1990,.T.);
#1990 = LINE('',#1991,#1992);
#1991 = CARTESIAN_POINT('',(0.7,0.2,0.725));
#1992 = VECTOR('',#1993,1.);
#1993 = DIRECTION('',(1.110223024625E-16,-1.,0.));
#1994 = ORIENTED_EDGE('',*,*,#1995,.T.);
#1995 = EDGE_CURVE('',#1705,#1951,#1996,.T.);
#1996 = LINE('',#1997,#1998);
#1997 = CARTESIAN_POINT('',(0.7,-0.2,0.725));
#1998 = VECTOR('',#1999,1.);
#1999 = DIRECTION('',(-1.,-1.110223024625E-16,0.));
#2000 = ORIENTED_EDGE('',*,*,#1950,.F.);
#2001 = PLANE('',#2002);
#2002 = AXIS2_PLACEMENT_3D('',#2003,#2004,#2005);
#2003 = CARTESIAN_POINT('',(0.7,0.2,0.725));
#2004 = DIRECTION('',(0.,0.,-1.));
#2005 = DIRECTION('',(-1.,-1.110223024625E-16,-0.));
#2006 = ADVANCED_FACE('',(#2007),#2045,.F.);
#2007 = FACE_BOUND('',#2008,.F.);
#2008 = EDGE_LOOP('',(#2009,#2010,#2011,#2012,#2013,#2014,#2015,#2021,
    #2022,#2030,#2038,#2044));
#2009 = ORIENTED_EDGE('',*,*,#1995,.F.);
#2010 = ORIENTED_EDGE('',*,*,#1720,.T.);
#2011 = ORIENTED_EDGE('',*,*,#1765,.T.);
#2012 = ORIENTED_EDGE('',*,*,#1782,.T.);
#2013 = ORIENTED_EDGE('',*,*,#1736,.T.);
#2014 = ORIENTED_EDGE('',*,*,#1526,.T.);
#2015 = ORIENTED_EDGE('',*,*,#2016,.T.);
#2016 = EDGE_CURVE('',#1519,#1829,#2017,.T.);
#2017 = LINE('',#2018,#2019);
#2018 = CARTESIAN_POINT('',(-0.7,-1.15,0.725));
#2019 = VECTOR('',#2020,1.);
#2020 = DIRECTION('',(1.,-1.144237745222E-17,0.));
#2021 = ORIENTED_EDGE('',*,*,#1826,.F.);
#2022 = ORIENTED_EDGE('',*,*,#2023,.F.);
#2023 = EDGE_CURVE('',#2024,#1827,#2026,.T.);
#2024 = VERTEX_POINT('',#2025);
#2025 = CARTESIAN_POINT('',(-0.5925,-1.475,0.725));
#2026 = LINE('',#2027,#2028);
#2027 = CARTESIAN_POINT('',(-0.5925,-1.475,0.725));
#2028 = VECTOR('',#2029,1.);
#2029 = DIRECTION('',(-0.707106781187,0.707106781187,0.));
#2030 = ORIENTED_EDGE('',*,*,#2031,.F.);
#2031 = EDGE_CURVE('',#2032,#2024,#2034,.T.);
#2032 = VERTEX_POINT('',#2033);
#2033 = CARTESIAN_POINT('',(0.5925,-1.475,0.725));
#2034 = LINE('',#2035,#2036);
#2035 = CARTESIAN_POINT('',(0.5925,-1.475,0.725));
#2036 = VECTOR('',#2037,1.);
#2037 = DIRECTION('',(-1.,-1.110223024625E-16,0.));
#2038 = ORIENTED_EDGE('',*,*,#2039,.F.);
#2039 = EDGE_CURVE('',#1959,#2032,#2040,.T.);
#2040 = LINE('',#2041,#2042);
#2041 = CARTESIAN_POINT('',(0.675,-1.3925,0.725));
#2042 = VECTOR('',#2043,1.);
#2043 = DIRECTION('',(-0.707106781187,-0.707106781187,0.));
#2044 = ORIENTED_EDGE('',*,*,#1958,.F.);
#2045 = PLANE('',#2046);
#2046 = AXIS2_PLACEMENT_3D('',#2047,#2048,#2049);
#2047 = CARTESIAN_POINT('',(-1.486299604971E-16,1.4875,0.725));
#2048 = DIRECTION('',(1.022886882533E-31,-6.310887241768E-27,-1.));
#2049 = DIRECTION('',(1.,1.217738924546E-16,1.022886882525E-31));
#2050 = ADVANCED_FACE('',(#2051),#2120,.F.);
#2051 = FACE_BOUND('',#2052,.F.);
#2052 = EDGE_LOOP('',(#2053,#2054,#2055,#2063,#2072,#2080,#2088,#2096,
    #2105,#2113));
#2053 = ORIENTED_EDGE('',*,*,#1518,.F.);
#2054 = ORIENTED_EDGE('',*,*,#1558,.T.);
#2055 = ORIENTED_EDGE('',*,*,#2056,.T.);
#2056 = EDGE_CURVE('',#1551,#2057,#2059,.T.);
#2057 = VERTEX_POINT('',#2058);
#2058 = CARTESIAN_POINT('',(-0.843471632406,-1.15,0.206587955583));
#2059 = LINE('',#2060,#2061);
#2060 = CARTESIAN_POINT('',(-0.798480775301,-1.15,0.492364817767));
#2061 = VECTOR('',#2062,1.);
#2062 = DIRECTION('',(-0.155518033909,1.779496044609E-18,-0.987833053268
    ));
#2063 = ORIENTED_EDGE('',*,*,#2064,.T.);
#2064 = EDGE_CURVE('',#2057,#2065,#2067,.T.);
#2065 = VERTEX_POINT('',#2066);
#2066 = CARTESIAN_POINT('',(-1.089673570659,-1.15,5.551115123126E-17));
#2067 = CIRCLE('',#2068,0.25);
#2068 = AXIS2_PLACEMENT_3D('',#2069,#2070,#2071);
#2069 = CARTESIAN_POINT('',(-1.089673570659,-1.15,0.25));
#2070 = DIRECTION('',(1.144237745222E-17,1.,3.851859888774E-34));
#2071 = DIRECTION('',(0.984807753012,-1.126854202784E-17,-0.173648177667
    ));
#2072 = ORIENTED_EDGE('',*,*,#2073,.T.);
#2073 = EDGE_CURVE('',#2065,#2074,#2076,.T.);
#2074 = VERTEX_POINT('',#2075);
#2075 = CARTESIAN_POINT('',(-1.25,-1.15,5.551115123126E-17));
#2076 = LINE('',#2077,#2078);
#2077 = CARTESIAN_POINT('',(-1.089673570659,-1.15,5.551115123126E-17));
#2078 = VECTOR('',#2079,1.);
#2079 = DIRECTION('',(-1.,1.144237745222E-17,0.));
#2080 = ORIENTED_EDGE('',*,*,#2081,.T.);
#2081 = EDGE_CURVE('',#2074,#2082,#2084,.T.);
#2082 = VERTEX_POINT('',#2083);
#2083 = CARTESIAN_POINT('',(-1.25,-1.15,0.15));
#2084 = LINE('',#2085,#2086);
#2085 = CARTESIAN_POINT('',(-1.25,-1.15,5.551115123126E-17));
#2086 = VECTOR('',#2087,1.);
#2087 = DIRECTION('',(0.,0.,1.));
#2088 = ORIENTED_EDGE('',*,*,#2089,.T.);
#2089 = EDGE_CURVE('',#2082,#2090,#2092,.T.);
#2090 = VERTEX_POINT('',#2091);
#2091 = CARTESIAN_POINT('',(-1.089673570659,-1.15,0.15));
#2092 = LINE('',#2093,#2094);
#2093 = CARTESIAN_POINT('',(-1.25,-1.15,0.15));
#2094 = VECTOR('',#2095,1.);
#2095 = DIRECTION('',(1.,-1.144237745222E-17,0.));
#2096 = ORIENTED_EDGE('',*,*,#2097,.T.);
#2097 = EDGE_CURVE('',#2090,#2098,#2100,.T.);
#2098 = VERTEX_POINT('',#2099);
#2099 = CARTESIAN_POINT('',(-0.991192795358,-1.15,0.232635182233));
#2100 = CIRCLE('',#2101,0.1);
#2101 = AXIS2_PLACEMENT_3D('',#2102,#2103,#2104);
#2102 = CARTESIAN_POINT('',(-1.089673570659,-1.15,0.25));
#2103 = DIRECTION('',(-1.144237745222E-17,-1.,1.094764425254E-47));
#2104 = DIRECTION('',(-2.22044604925E-15,2.540718180781E-32,-1.));
#2105 = ORIENTED_EDGE('',*,*,#2106,.T.);
#2106 = EDGE_CURVE('',#2098,#2107,#2109,.T.);
#2107 = VERTEX_POINT('',#2108);
#2108 = CARTESIAN_POINT('',(-0.946201938253,-1.15,0.518412044417));
#2109 = LINE('',#2110,#2111);
#2110 = CARTESIAN_POINT('',(-0.991192795358,-1.15,0.232635182233));
#2111 = VECTOR('',#2112,1.);
#2112 = DIRECTION('',(0.155518033909,-1.779496044609E-18,0.987833053268)
  );
#2113 = ORIENTED_EDGE('',*,*,#2114,.T.);
#2114 = EDGE_CURVE('',#2107,#1519,#2115,.T.);
#2115 = CIRCLE('',#2116,0.25);
#2116 = AXIS2_PLACEMENT_3D('',#2117,#2118,#2119);
#2117 = CARTESIAN_POINT('',(-0.7,-1.15,0.475));
#2118 = DIRECTION('',(1.144237745222E-17,1.,0.));
#2119 = DIRECTION('',(-0.984807753012,1.126854202784E-17,0.173648177667)
  );
#2120 = PLANE('',#2121);
#2121 = AXIS2_PLACEMENT_3D('',#2122,#2123,#2124);
#2122 = CARTESIAN_POINT('',(-0.931323080229,-1.15,0.33452717391));
#2123 = DIRECTION('',(1.144237745222E-17,1.,0.));
#2124 = DIRECTION('',(0.,-0.,1.));
#2125 = ADVANCED_FACE('',(#2126),#2144,.F.);
#2126 = FACE_BOUND('',#2127,.F.);
#2127 = EDGE_LOOP('',(#2128,#2129,#2137,#2143));
#2128 = ORIENTED_EDGE('',*,*,#1550,.T.);
#2129 = ORIENTED_EDGE('',*,*,#2130,.T.);
#2130 = EDGE_CURVE('',#1542,#2131,#2133,.T.);
#2131 = VERTEX_POINT('',#2132);
#2132 = CARTESIAN_POINT('',(-0.843471632406,-0.75,0.206587955583));
#2133 = LINE('',#2134,#2135);
#2134 = CARTESIAN_POINT('',(-0.798480775301,-0.75,0.492364817767));
#2135 = VECTOR('',#2136,1.);
#2136 = DIRECTION('',(-0.155518033909,1.779496044609E-18,-0.987833053268
    ));
#2137 = ORIENTED_EDGE('',*,*,#2138,.F.);
#2138 = EDGE_CURVE('',#2057,#2131,#2139,.T.);
#2139 = LINE('',#2140,#2141);
#2140 = CARTESIAN_POINT('',(-0.843471632406,-1.15,0.206587955583));
#2141 = VECTOR('',#2142,1.);
#2142 = DIRECTION('',(1.144237745222E-17,1.,0.));
#2143 = ORIENTED_EDGE('',*,*,#2056,.F.);
#2144 = PLANE('',#2145);
#2145 = AXIS2_PLACEMENT_3D('',#2146,#2147,#2148);
#2146 = CARTESIAN_POINT('',(-0.798480775301,-1.15,0.492364817767));
#2147 = DIRECTION('',(-0.987833053268,1.130315865527E-17,0.155518033909)
  );
#2148 = DIRECTION('',(-0.155518033909,1.779496044609E-18,-0.987833053268
    ));
#2149 = ADVANCED_FACE('',(#2150),#2212,.T.);
#2150 = FACE_BOUND('',#2151,.T.);
#2151 = EDGE_LOOP('',(#2152,#2153,#2154,#2155,#2164,#2172,#2180,#2188,
    #2197,#2205));
#2152 = ORIENTED_EDGE('',*,*,#1573,.F.);
#2153 = ORIENTED_EDGE('',*,*,#1541,.T.);
#2154 = ORIENTED_EDGE('',*,*,#2130,.T.);
#2155 = ORIENTED_EDGE('',*,*,#2156,.T.);
#2156 = EDGE_CURVE('',#2131,#2157,#2159,.T.);
#2157 = VERTEX_POINT('',#2158);
#2158 = CARTESIAN_POINT('',(-1.089673570659,-0.75,5.551115123126E-17));
#2159 = CIRCLE('',#2160,0.25);
#2160 = AXIS2_PLACEMENT_3D('',#2161,#2162,#2163);
#2161 = CARTESIAN_POINT('',(-1.089673570659,-0.75,0.25));
#2162 = DIRECTION('',(1.144237745222E-17,1.,3.851859888774E-34));
#2163 = DIRECTION('',(0.984807753012,-1.126854202784E-17,-0.173648177667
    ));
#2164 = ORIENTED_EDGE('',*,*,#2165,.T.);
#2165 = EDGE_CURVE('',#2157,#2166,#2168,.T.);
#2166 = VERTEX_POINT('',#2167);
#2167 = CARTESIAN_POINT('',(-1.25,-0.75,5.551115123126E-17));
#2168 = LINE('',#2169,#2170);
#2169 = CARTESIAN_POINT('',(-1.089673570659,-0.75,5.551115123126E-17));
#2170 = VECTOR('',#2171,1.);
#2171 = DIRECTION('',(-1.,1.144237745222E-17,0.));
#2172 = ORIENTED_EDGE('',*,*,#2173,.T.);
#2173 = EDGE_CURVE('',#2166,#2174,#2176,.T.);
#2174 = VERTEX_POINT('',#2175);
#2175 = CARTESIAN_POINT('',(-1.25,-0.75,0.15));
#2176 = LINE('',#2177,#2178);
#2177 = CARTESIAN_POINT('',(-1.25,-0.75,5.551115123126E-17));
#2178 = VECTOR('',#2179,1.);
#2179 = DIRECTION('',(0.,0.,1.));
#2180 = ORIENTED_EDGE('',*,*,#2181,.T.);
#2181 = EDGE_CURVE('',#2174,#2182,#2184,.T.);
#2182 = VERTEX_POINT('',#2183);
#2183 = CARTESIAN_POINT('',(-1.089673570659,-0.75,0.15));
#2184 = LINE('',#2185,#2186);
#2185 = CARTESIAN_POINT('',(-1.25,-0.75,0.15));
#2186 = VECTOR('',#2187,1.);
#2187 = DIRECTION('',(1.,-1.144237745222E-17,0.));
#2188 = ORIENTED_EDGE('',*,*,#2189,.T.);
#2189 = EDGE_CURVE('',#2182,#2190,#2192,.T.);
#2190 = VERTEX_POINT('',#2191);
#2191 = CARTESIAN_POINT('',(-0.991192795358,-0.75,0.232635182233));
#2192 = CIRCLE('',#2193,0.1);
#2193 = AXIS2_PLACEMENT_3D('',#2194,#2195,#2196);
#2194 = CARTESIAN_POINT('',(-1.089673570659,-0.75,0.25));
#2195 = DIRECTION('',(-1.144237745222E-17,-1.,1.094764425254E-47));
#2196 = DIRECTION('',(-2.22044604925E-15,2.540718180781E-32,-1.));
#2197 = ORIENTED_EDGE('',*,*,#2198,.T.);
#2198 = EDGE_CURVE('',#2190,#2199,#2201,.T.);
#2199 = VERTEX_POINT('',#2200);
#2200 = CARTESIAN_POINT('',(-0.946201938253,-0.75,0.518412044417));
#2201 = LINE('',#2202,#2203);
#2202 = CARTESIAN_POINT('',(-0.991192795358,-0.75,0.232635182233));
#2203 = VECTOR('',#2204,1.);
#2204 = DIRECTION('',(0.155518033909,-1.779496044609E-18,0.987833053268)
  );
#2205 = ORIENTED_EDGE('',*,*,#2206,.T.);
#2206 = EDGE_CURVE('',#2199,#1574,#2207,.T.);
#2207 = CIRCLE('',#2208,0.25);
#2208 = AXIS2_PLACEMENT_3D('',#2209,#2210,#2211);
#2209 = CARTESIAN_POINT('',(-0.7,-0.75,0.475));
#2210 = DIRECTION('',(1.144237745222E-17,1.,0.));
#2211 = DIRECTION('',(-0.984807753012,1.126854202784E-17,0.173648177667)
  );
#2212 = PLANE('',#2213);
#2213 = AXIS2_PLACEMENT_3D('',#2214,#2215,#2216);
#2214 = CARTESIAN_POINT('',(-0.931323080229,-0.75,0.33452717391));
#2215 = DIRECTION('',(1.144237745222E-17,1.,0.));
#2216 = DIRECTION('',(0.,-0.,1.));
#2217 = ADVANCED_FACE('',(#2218),#2229,.F.);
#2218 = FACE_BOUND('',#2219,.F.);
#2219 = EDGE_LOOP('',(#2220,#2221,#2222,#2223));
#2220 = ORIENTED_EDGE('',*,*,#1590,.T.);
#2221 = ORIENTED_EDGE('',*,*,#1797,.T.);
#2222 = ORIENTED_EDGE('',*,*,#1844,.F.);
#2223 = ORIENTED_EDGE('',*,*,#2224,.F.);
#2224 = EDGE_CURVE('',#1574,#1837,#2225,.T.);
#2225 = LINE('',#2226,#2227);
#2226 = CARTESIAN_POINT('',(-0.7,-0.75,0.725));
#2227 = VECTOR('',#2228,1.);
#2228 = DIRECTION('',(1.,-1.144237745222E-17,0.));
#2229 = PLANE('',#2230);
#2230 = AXIS2_PLACEMENT_3D('',#2231,#2232,#2233);
#2231 = CARTESIAN_POINT('',(-1.486299604971E-16,1.4875,0.725));
#2232 = DIRECTION('',(1.022886882533E-31,-6.310887241768E-27,-1.));
#2233 = DIRECTION('',(1.,1.217738924546E-16,1.022886882525E-31));
#2234 = ADVANCED_FACE('',(#2235),#2304,.F.);
#2235 = FACE_BOUND('',#2236,.F.);
#2236 = EDGE_LOOP('',(#2237,#2238,#2239,#2247,#2256,#2264,#2272,#2280,
    #2289,#2297));
#2237 = ORIENTED_EDGE('',*,*,#1582,.F.);
#2238 = ORIENTED_EDGE('',*,*,#1622,.T.);
#2239 = ORIENTED_EDGE('',*,*,#2240,.T.);
#2240 = EDGE_CURVE('',#1615,#2241,#2243,.T.);
#2241 = VERTEX_POINT('',#2242);
#2242 = CARTESIAN_POINT('',(-0.843471632406,0.75,0.206587955583));
#2243 = LINE('',#2244,#2245);
#2244 = CARTESIAN_POINT('',(-0.798480775301,0.75,0.492364817767));
#2245 = VECTOR('',#2246,1.);
#2246 = DIRECTION('',(-0.155518033909,1.779496044609E-18,-0.987833053268
    ));
#2247 = ORIENTED_EDGE('',*,*,#2248,.T.);
#2248 = EDGE_CURVE('',#2241,#2249,#2251,.T.);
#2249 = VERTEX_POINT('',#2250);
#2250 = CARTESIAN_POINT('',(-1.089673570659,0.75,5.551115123126E-17));
#2251 = CIRCLE('',#2252,0.25);
#2252 = AXIS2_PLACEMENT_3D('',#2253,#2254,#2255);
#2253 = CARTESIAN_POINT('',(-1.089673570659,0.75,0.25));
#2254 = DIRECTION('',(1.144237745222E-17,1.,3.851859888774E-34));
#2255 = DIRECTION('',(0.984807753012,-1.126854202784E-17,-0.173648177667
    ));
#2256 = ORIENTED_EDGE('',*,*,#2257,.T.);
#2257 = EDGE_CURVE('',#2249,#2258,#2260,.T.);
#2258 = VERTEX_POINT('',#2259);
#2259 = CARTESIAN_POINT('',(-1.25,0.75,5.551115123126E-17));
#2260 = LINE('',#2261,#2262);
#2261 = CARTESIAN_POINT('',(-1.089673570659,0.75,5.551115123126E-17));
#2262 = VECTOR('',#2263,1.);
#2263 = DIRECTION('',(-1.,1.144237745222E-17,0.));
#2264 = ORIENTED_EDGE('',*,*,#2265,.T.);
#2265 = EDGE_CURVE('',#2258,#2266,#2268,.T.);
#2266 = VERTEX_POINT('',#2267);
#2267 = CARTESIAN_POINT('',(-1.25,0.75,0.15));
#2268 = LINE('',#2269,#2270);
#2269 = CARTESIAN_POINT('',(-1.25,0.75,5.551115123126E-17));
#2270 = VECTOR('',#2271,1.);
#2271 = DIRECTION('',(0.,0.,1.));
#2272 = ORIENTED_EDGE('',*,*,#2273,.T.);
#2273 = EDGE_CURVE('',#2266,#2274,#2276,.T.);
#2274 = VERTEX_POINT('',#2275);
#2275 = CARTESIAN_POINT('',(-1.089673570659,0.75,0.15));
#2276 = LINE('',#2277,#2278);
#2277 = CARTESIAN_POINT('',(-1.25,0.75,0.15));
#2278 = VECTOR('',#2279,1.);
#2279 = DIRECTION('',(1.,-1.144237745222E-17,0.));
#2280 = ORIENTED_EDGE('',*,*,#2281,.T.);
#2281 = EDGE_CURVE('',#2274,#2282,#2284,.T.);
#2282 = VERTEX_POINT('',#2283);
#2283 = CARTESIAN_POINT('',(-0.991192795358,0.75,0.232635182233));
#2284 = CIRCLE('',#2285,0.1);
#2285 = AXIS2_PLACEMENT_3D('',#2286,#2287,#2288);
#2286 = CARTESIAN_POINT('',(-1.089673570659,0.75,0.25));
#2287 = DIRECTION('',(-1.144237745222E-17,-1.,1.094764425254E-47));
#2288 = DIRECTION('',(-2.22044604925E-15,2.540718180781E-32,-1.));
#2289 = ORIENTED_EDGE('',*,*,#2290,.T.);
#2290 = EDGE_CURVE('',#2282,#2291,#2293,.T.);
#2291 = VERTEX_POINT('',#2292);
#2292 = CARTESIAN_POINT('',(-0.946201938253,0.75,0.518412044417));
#2293 = LINE('',#2294,#2295);
#2294 = CARTESIAN_POINT('',(-0.991192795358,0.75,0.232635182233));
#2295 = VECTOR('',#2296,1.);
#2296 = DIRECTION('',(0.155518033909,-1.779496044609E-18,0.987833053268)
  );
#2297 = ORIENTED_EDGE('',*,*,#2298,.T.);
#2298 = EDGE_CURVE('',#2291,#1583,#2299,.T.);
#2299 = CIRCLE('',#2300,0.25);
#2300 = AXIS2_PLACEMENT_3D('',#2301,#2302,#2303);
#2301 = CARTESIAN_POINT('',(-0.7,0.75,0.475));
#2302 = DIRECTION('',(1.144237745222E-17,1.,0.));
#2303 = DIRECTION('',(-0.984807753012,1.126854202784E-17,0.173648177667)
  );
#2304 = PLANE('',#2305);
#2305 = AXIS2_PLACEMENT_3D('',#2306,#2307,#2308);
#2306 = CARTESIAN_POINT('',(-0.931323080229,0.75,0.33452717391));
#2307 = DIRECTION('',(1.144237745222E-17,1.,0.));
#2308 = DIRECTION('',(0.,-0.,1.));
#2309 = ADVANCED_FACE('',(#2310),#2328,.F.);
#2310 = FACE_BOUND('',#2311,.F.);
#2311 = EDGE_LOOP('',(#2312,#2313,#2321,#2327));
#2312 = ORIENTED_EDGE('',*,*,#1614,.T.);
#2313 = ORIENTED_EDGE('',*,*,#2314,.T.);
#2314 = EDGE_CURVE('',#1606,#2315,#2317,.T.);
#2315 = VERTEX_POINT('',#2316);
#2316 = CARTESIAN_POINT('',(-0.843471632406,1.15,0.206587955583));
#2317 = LINE('',#2318,#2319);
#2318 = CARTESIAN_POINT('',(-0.798480775301,1.15,0.492364817767));
#2319 = VECTOR('',#2320,1.);
#2320 = DIRECTION('',(-0.155518033909,1.779496044609E-18,-0.987833053268
    ));
#2321 = ORIENTED_EDGE('',*,*,#2322,.F.);
#2322 = EDGE_CURVE('',#2241,#2315,#2323,.T.);
#2323 = LINE('',#2324,#2325);
#2324 = CARTESIAN_POINT('',(-0.843471632406,0.75,0.206587955583));
#2325 = VECTOR('',#2326,1.);
#2326 = DIRECTION('',(1.144237745222E-17,1.,0.));
#2327 = ORIENTED_EDGE('',*,*,#2240,.F.);
#2328 = PLANE('',#2329);
#2329 = AXIS2_PLACEMENT_3D('',#2330,#2331,#2332);
#2330 = CARTESIAN_POINT('',(-0.798480775301,0.75,0.492364817767));
#2331 = DIRECTION('',(-0.987833053268,1.130315865527E-17,0.155518033909)
  );
#2332 = DIRECTION('',(-0.155518033909,1.779496044609E-18,-0.987833053268
    ));
#2333 = ADVANCED_FACE('',(#2334),#2396,.T.);
#2334 = FACE_BOUND('',#2335,.T.);
#2335 = EDGE_LOOP('',(#2336,#2337,#2338,#2339,#2348,#2356,#2364,#2372,
    #2381,#2389));
#2336 = ORIENTED_EDGE('',*,*,#1637,.F.);
#2337 = ORIENTED_EDGE('',*,*,#1605,.T.);
#2338 = ORIENTED_EDGE('',*,*,#2314,.T.);
#2339 = ORIENTED_EDGE('',*,*,#2340,.T.);
#2340 = EDGE_CURVE('',#2315,#2341,#2343,.T.);
#2341 = VERTEX_POINT('',#2342);
#2342 = CARTESIAN_POINT('',(-1.089673570659,1.15,5.551115123126E-17));
#2343 = CIRCLE('',#2344,0.25);
#2344 = AXIS2_PLACEMENT_3D('',#2345,#2346,#2347);
#2345 = CARTESIAN_POINT('',(-1.089673570659,1.15,0.25));
#2346 = DIRECTION('',(1.144237745222E-17,1.,3.851859888774E-34));
#2347 = DIRECTION('',(0.984807753012,-1.126854202784E-17,-0.173648177667
    ));
#2348 = ORIENTED_EDGE('',*,*,#2349,.T.);
#2349 = EDGE_CURVE('',#2341,#2350,#2352,.T.);
#2350 = VERTEX_POINT('',#2351);
#2351 = CARTESIAN_POINT('',(-1.25,1.15,5.551115123126E-17));
#2352 = LINE('',#2353,#2354);
#2353 = CARTESIAN_POINT('',(-1.089673570659,1.15,5.551115123126E-17));
#2354 = VECTOR('',#2355,1.);
#2355 = DIRECTION('',(-1.,1.144237745222E-17,0.));
#2356 = ORIENTED_EDGE('',*,*,#2357,.T.);
#2357 = EDGE_CURVE('',#2350,#2358,#2360,.T.);
#2358 = VERTEX_POINT('',#2359);
#2359 = CARTESIAN_POINT('',(-1.25,1.15,0.15));
#2360 = LINE('',#2361,#2362);
#2361 = CARTESIAN_POINT('',(-1.25,1.15,5.551115123126E-17));
#2362 = VECTOR('',#2363,1.);
#2363 = DIRECTION('',(0.,0.,1.));
#2364 = ORIENTED_EDGE('',*,*,#2365,.T.);
#2365 = EDGE_CURVE('',#2358,#2366,#2368,.T.);
#2366 = VERTEX_POINT('',#2367);
#2367 = CARTESIAN_POINT('',(-1.089673570659,1.15,0.15));
#2368 = LINE('',#2369,#2370);
#2369 = CARTESIAN_POINT('',(-1.25,1.15,0.15));
#2370 = VECTOR('',#2371,1.);
#2371 = DIRECTION('',(1.,-1.144237745222E-17,0.));
#2372 = ORIENTED_EDGE('',*,*,#2373,.T.);
#2373 = EDGE_CURVE('',#2366,#2374,#2376,.T.);
#2374 = VERTEX_POINT('',#2375);
#2375 = CARTESIAN_POINT('',(-0.991192795358,1.15,0.232635182233));
#2376 = CIRCLE('',#2377,0.1);
#2377 = AXIS2_PLACEMENT_3D('',#2378,#2379,#2380);
#2378 = CARTESIAN_POINT('',(-1.089673570659,1.15,0.25));
#2379 = DIRECTION('',(-1.144237745222E-17,-1.,1.094764425254E-47));
#2380 = DIRECTION('',(-2.22044604925E-15,2.540718180781E-32,-1.));
#2381 = ORIENTED_EDGE('',*,*,#2382,.T.);
#2382 = EDGE_CURVE('',#2374,#2383,#2385,.T.);
#2383 = VERTEX_POINT('',#2384);
#2384 = CARTESIAN_POINT('',(-0.946201938253,1.15,0.518412044417));
#2385 = LINE('',#2386,#2387);
#2386 = CARTESIAN_POINT('',(-0.991192795358,1.15,0.232635182233));
#2387 = VECTOR('',#2388,1.);
#2388 = DIRECTION('',(0.155518033909,-1.779496044609E-18,0.987833053268)
  );
#2389 = ORIENTED_EDGE('',*,*,#2390,.T.);
#2390 = EDGE_CURVE('',#2383,#1473,#2391,.T.);
#2391 = CIRCLE('',#2392,0.25);
#2392 = AXIS2_PLACEMENT_3D('',#2393,#2394,#2395);
#2393 = CARTESIAN_POINT('',(-0.7,1.15,0.475));
#2394 = DIRECTION('',(1.144237745222E-17,1.,0.));
#2395 = DIRECTION('',(-0.984807753012,1.126854202784E-17,0.173648177667)
  );
#2396 = PLANE('',#2397);
#2397 = AXIS2_PLACEMENT_3D('',#2398,#2399,#2400);
#2398 = CARTESIAN_POINT('',(-0.931323080229,1.15,0.33452717391));
#2399 = DIRECTION('',(1.144237745222E-17,1.,0.));
#2400 = DIRECTION('',(0.,-0.,1.));
#2401 = ADVANCED_FACE('',(#2402),#2471,.F.);
#2402 = FACE_BOUND('',#2403,.F.);
#2403 = EDGE_LOOP('',(#2404,#2405,#2406,#2414,#2423,#2431,#2439,#2447,
    #2456,#2464));
#2404 = ORIENTED_EDGE('',*,*,#1656,.F.);
#2405 = ORIENTED_EDGE('',*,*,#1689,.T.);
#2406 = ORIENTED_EDGE('',*,*,#2407,.T.);
#2407 = EDGE_CURVE('',#1682,#2408,#2410,.T.);
#2408 = VERTEX_POINT('',#2409);
#2409 = CARTESIAN_POINT('',(0.843471632406,0.2,0.206587955583));
#2410 = LINE('',#2411,#2412);
#2411 = CARTESIAN_POINT('',(0.798480775301,0.2,0.492364817767));
#2412 = VECTOR('',#2413,1.);
#2413 = DIRECTION('',(0.155518033909,1.726597019897E-17,-0.987833053268)
  );
#2414 = ORIENTED_EDGE('',*,*,#2415,.T.);
#2415 = EDGE_CURVE('',#2408,#2416,#2418,.T.);
#2416 = VERTEX_POINT('',#2417);
#2417 = CARTESIAN_POINT('',(1.089673570659,0.2,5.551115123126E-17));
#2418 = CIRCLE('',#2419,0.25);
#2419 = AXIS2_PLACEMENT_3D('',#2420,#2421,#2422);
#2420 = CARTESIAN_POINT('',(1.089673570659,0.2,0.25));
#2421 = DIRECTION('',(1.110223024625E-16,-1.,0.));
#2422 = DIRECTION('',(-0.984807753012,-1.093356242223E-16,
    -0.173648177667));
#2423 = ORIENTED_EDGE('',*,*,#2424,.T.);
#2424 = EDGE_CURVE('',#2416,#2425,#2427,.T.);
#2425 = VERTEX_POINT('',#2426);
#2426 = CARTESIAN_POINT('',(1.25,0.2,5.551115123126E-17));
#2427 = LINE('',#2428,#2429);
#2428 = CARTESIAN_POINT('',(1.089673570659,0.2,5.551115123126E-17));
#2429 = VECTOR('',#2430,1.);
#2430 = DIRECTION('',(1.,1.110223024625E-16,0.));
#2431 = ORIENTED_EDGE('',*,*,#2432,.T.);
#2432 = EDGE_CURVE('',#2425,#2433,#2435,.T.);
#2433 = VERTEX_POINT('',#2434);
#2434 = CARTESIAN_POINT('',(1.25,0.2,0.15));
#2435 = LINE('',#2436,#2437);
#2436 = CARTESIAN_POINT('',(1.25,0.2,5.551115123126E-17));
#2437 = VECTOR('',#2438,1.);
#2438 = DIRECTION('',(0.,0.,1.));
#2439 = ORIENTED_EDGE('',*,*,#2440,.T.);
#2440 = EDGE_CURVE('',#2433,#2441,#2443,.T.);
#2441 = VERTEX_POINT('',#2442);
#2442 = CARTESIAN_POINT('',(1.089673570659,0.2,0.15));
#2443 = LINE('',#2444,#2445);
#2444 = CARTESIAN_POINT('',(1.25,0.2,0.15));
#2445 = VECTOR('',#2446,1.);
#2446 = DIRECTION('',(-1.,-1.110223024625E-16,0.));
#2447 = ORIENTED_EDGE('',*,*,#2448,.T.);
#2448 = EDGE_CURVE('',#2441,#2449,#2451,.T.);
#2449 = VERTEX_POINT('',#2450);
#2450 = CARTESIAN_POINT('',(0.991192795358,0.2,0.232635182233));
#2451 = CIRCLE('',#2452,0.1);
#2452 = AXIS2_PLACEMENT_3D('',#2453,#2454,#2455);
#2453 = CARTESIAN_POINT('',(1.089673570659,0.2,0.25));
#2454 = DIRECTION('',(-1.110223024625E-16,1.,0.));
#2455 = DIRECTION('',(2.22044604925E-15,2.465190328815E-31,-1.));
#2456 = ORIENTED_EDGE('',*,*,#2457,.T.);
#2457 = EDGE_CURVE('',#2449,#2458,#2460,.T.);
#2458 = VERTEX_POINT('',#2459);
#2459 = CARTESIAN_POINT('',(0.946201938253,0.2,0.518412044417));
#2460 = LINE('',#2461,#2462);
#2461 = CARTESIAN_POINT('',(0.991192795358,0.2,0.232635182233));
#2462 = VECTOR('',#2463,1.);
#2463 = DIRECTION('',(-0.155518033909,-1.726597019897E-17,0.987833053268
    ));
#2464 = ORIENTED_EDGE('',*,*,#2465,.T.);
#2465 = EDGE_CURVE('',#2458,#1417,#2466,.T.);
#2466 = CIRCLE('',#2467,0.25);
#2467 = AXIS2_PLACEMENT_3D('',#2468,#2469,#2470);
#2468 = CARTESIAN_POINT('',(0.7,0.2,0.475));
#2469 = DIRECTION('',(1.110223024625E-16,-1.,0.));
#2470 = DIRECTION('',(0.984807753012,1.093356242223E-16,0.173648177667)
  );
#2471 = PLANE('',#2472);
#2472 = AXIS2_PLACEMENT_3D('',#2473,#2474,#2475);
#2473 = CARTESIAN_POINT('',(0.931323080229,0.2,0.33452717391));
#2474 = DIRECTION('',(1.110223024625E-16,-1.,0.));
#2475 = DIRECTION('',(0.,0.,1.));
#2476 = ADVANCED_FACE('',(#2477),#2495,.F.);
#2477 = FACE_BOUND('',#2478,.F.);
#2478 = EDGE_LOOP('',(#2479,#2480,#2488,#2494));
#2479 = ORIENTED_EDGE('',*,*,#1681,.T.);
#2480 = ORIENTED_EDGE('',*,*,#2481,.T.);
#2481 = EDGE_CURVE('',#1673,#2482,#2484,.T.);
#2482 = VERTEX_POINT('',#2483);
#2483 = CARTESIAN_POINT('',(0.843471632406,-0.2,0.206587955583));
#2484 = LINE('',#2485,#2486);
#2485 = CARTESIAN_POINT('',(0.798480775301,-0.2,0.492364817767));
#2486 = VECTOR('',#2487,1.);
#2487 = DIRECTION('',(0.155518033909,1.726597019897E-17,-0.987833053268)
  );
#2488 = ORIENTED_EDGE('',*,*,#2489,.F.);
#2489 = EDGE_CURVE('',#2408,#2482,#2490,.T.);
#2490 = LINE('',#2491,#2492);
#2491 = CARTESIAN_POINT('',(0.843471632406,0.2,0.206587955583));
#2492 = VECTOR('',#2493,1.);
#2493 = DIRECTION('',(1.110223024625E-16,-1.,0.));
#2494 = ORIENTED_EDGE('',*,*,#2407,.F.);
#2495 = PLANE('',#2496);
#2496 = AXIS2_PLACEMENT_3D('',#2497,#2498,#2499);
#2497 = CARTESIAN_POINT('',(0.798480775301,0.2,0.492364817767));
#2498 = DIRECTION('',(0.987833053268,1.096715000224E-16,0.155518033909)
  );
#2499 = DIRECTION('',(0.155518033909,1.726597019897E-17,-0.987833053268)
  );
#2500 = ADVANCED_FACE('',(#2501),#2563,.T.);
#2501 = FACE_BOUND('',#2502,.T.);
#2502 = EDGE_LOOP('',(#2503,#2504,#2505,#2506,#2515,#2523,#2531,#2539,
    #2548,#2556));
#2503 = ORIENTED_EDGE('',*,*,#1704,.F.);
#2504 = ORIENTED_EDGE('',*,*,#1672,.T.);
#2505 = ORIENTED_EDGE('',*,*,#2481,.T.);
#2506 = ORIENTED_EDGE('',*,*,#2507,.T.);
#2507 = EDGE_CURVE('',#2482,#2508,#2510,.T.);
#2508 = VERTEX_POINT('',#2509);
#2509 = CARTESIAN_POINT('',(1.089673570659,-0.2,5.551115123126E-17));
#2510 = CIRCLE('',#2511,0.25);
#2511 = AXIS2_PLACEMENT_3D('',#2512,#2513,#2514);
#2512 = CARTESIAN_POINT('',(1.089673570659,-0.2,0.25));
#2513 = DIRECTION('',(1.110223024625E-16,-1.,0.));
#2514 = DIRECTION('',(-0.984807753012,-1.093356242223E-16,
    -0.173648177667));
#2515 = ORIENTED_EDGE('',*,*,#2516,.T.);
#2516 = EDGE_CURVE('',#2508,#2517,#2519,.T.);
#2517 = VERTEX_POINT('',#2518);
#2518 = CARTESIAN_POINT('',(1.25,-0.2,5.551115123126E-17));
#2519 = LINE('',#2520,#2521);
#2520 = CARTESIAN_POINT('',(1.089673570659,-0.2,5.551115123126E-17));
#2521 = VECTOR('',#2522,1.);
#2522 = DIRECTION('',(1.,1.110223024625E-16,0.));
#2523 = ORIENTED_EDGE('',*,*,#2524,.T.);
#2524 = EDGE_CURVE('',#2517,#2525,#2527,.T.);
#2525 = VERTEX_POINT('',#2526);
#2526 = CARTESIAN_POINT('',(1.25,-0.2,0.15));
#2527 = LINE('',#2528,#2529);
#2528 = CARTESIAN_POINT('',(1.25,-0.2,5.551115123126E-17));
#2529 = VECTOR('',#2530,1.);
#2530 = DIRECTION('',(0.,0.,1.));
#2531 = ORIENTED_EDGE('',*,*,#2532,.T.);
#2532 = EDGE_CURVE('',#2525,#2533,#2535,.T.);
#2533 = VERTEX_POINT('',#2534);
#2534 = CARTESIAN_POINT('',(1.089673570659,-0.2,0.15));
#2535 = LINE('',#2536,#2537);
#2536 = CARTESIAN_POINT('',(1.25,-0.2,0.15));
#2537 = VECTOR('',#2538,1.);
#2538 = DIRECTION('',(-1.,-1.110223024625E-16,0.));
#2539 = ORIENTED_EDGE('',*,*,#2540,.T.);
#2540 = EDGE_CURVE('',#2533,#2541,#2543,.T.);
#2541 = VERTEX_POINT('',#2542);
#2542 = CARTESIAN_POINT('',(0.991192795358,-0.2,0.232635182233));
#2543 = CIRCLE('',#2544,0.1);
#2544 = AXIS2_PLACEMENT_3D('',#2545,#2546,#2547);
#2545 = CARTESIAN_POINT('',(1.089673570659,-0.2,0.25));
#2546 = DIRECTION('',(-1.110223024625E-16,1.,0.));
#2547 = DIRECTION('',(2.22044604925E-15,2.465190328815E-31,-1.));
#2548 = ORIENTED_EDGE('',*,*,#2549,.T.);
#2549 = EDGE_CURVE('',#2541,#2550,#2552,.T.);
#2550 = VERTEX_POINT('',#2551);
#2551 = CARTESIAN_POINT('',(0.946201938253,-0.2,0.518412044417));
#2552 = LINE('',#2553,#2554);
#2553 = CARTESIAN_POINT('',(0.991192795358,-0.2,0.232635182233));
#2554 = VECTOR('',#2555,1.);
#2555 = DIRECTION('',(-0.155518033909,-1.726597019897E-17,0.987833053268
    ));
#2556 = ORIENTED_EDGE('',*,*,#2557,.T.);
#2557 = EDGE_CURVE('',#2550,#1705,#2558,.T.);
#2558 = CIRCLE('',#2559,0.25);
#2559 = AXIS2_PLACEMENT_3D('',#2560,#2561,#2562);
#2560 = CARTESIAN_POINT('',(0.7,-0.2,0.475));
#2561 = DIRECTION('',(1.110223024625E-16,-1.,0.));
#2562 = DIRECTION('',(0.984807753012,1.093356242223E-16,0.173648177667)
  );
#2563 = PLANE('',#2564);
#2564 = AXIS2_PLACEMENT_3D('',#2565,#2566,#2567);
#2565 = CARTESIAN_POINT('',(0.931323080229,-0.2,0.33452717391));
#2566 = DIRECTION('',(1.110223024625E-16,-1.,0.));
#2567 = DIRECTION('',(0.,0.,1.));
#2568 = ADVANCED_FACE('',(#2569),#2580,.T.);
#2569 = FACE_BOUND('',#2570,.T.);
#2570 = EDGE_LOOP('',(#2571,#2572,#2573,#2574));
#2571 = ORIENTED_EDGE('',*,*,#2298,.T.);
#2572 = ORIENTED_EDGE('',*,*,#1805,.T.);
#2573 = ORIENTED_EDGE('',*,*,#2390,.F.);
#2574 = ORIENTED_EDGE('',*,*,#2575,.F.);
#2575 = EDGE_CURVE('',#2291,#2383,#2576,.T.);
#2576 = LINE('',#2577,#2578);
#2577 = CARTESIAN_POINT('',(-0.946201938253,0.75,0.518412044417));
#2578 = VECTOR('',#2579,1.);
#2579 = DIRECTION('',(1.144237745222E-17,1.,0.));
#2580 = CYLINDRICAL_SURFACE('',#2581,0.25);
#2581 = AXIS2_PLACEMENT_3D('',#2582,#2583,#2584);
#2582 = CARTESIAN_POINT('',(-0.7,0.75,0.475));
#2583 = DIRECTION('',(-1.144237745222E-17,-1.,0.));
#2584 = DIRECTION('',(-0.984807753012,1.126854202784E-17,0.173648177667)
  );
#2585 = ADVANCED_FACE('',(#2586),#2597,.F.);
#2586 = FACE_BOUND('',#2587,.F.);
#2587 = EDGE_LOOP('',(#2588,#2589,#2595,#2596));
#2588 = ORIENTED_EDGE('',*,*,#2016,.F.);
#2589 = ORIENTED_EDGE('',*,*,#2590,.T.);
#2590 = EDGE_CURVE('',#1519,#1574,#2591,.T.);
#2591 = LINE('',#2592,#2593);
#2592 = CARTESIAN_POINT('',(-0.7,-1.15,0.725));
#2593 = VECTOR('',#2594,1.);
#2594 = DIRECTION('',(1.144237745222E-17,1.,0.));
#2595 = ORIENTED_EDGE('',*,*,#2224,.T.);
#2596 = ORIENTED_EDGE('',*,*,#1836,.F.);
#2597 = PLANE('',#2598);
#2598 = AXIS2_PLACEMENT_3D('',#2599,#2600,#2601);
#2599 = CARTESIAN_POINT('',(-0.7,-1.15,0.725));
#2600 = DIRECTION('',(0.,0.,-1.));
#2601 = DIRECTION('',(1.,-1.144237745222E-17,0.));
#2602 = ADVANCED_FACE('',(#2603,#2632),#2643,.T.);
#2603 = FACE_BOUND('',#2604,.T.);
#2604 = EDGE_LOOP('',(#2605,#2606,#2607,#2608,#2616,#2624,#2630,#2631));
#2605 = ORIENTED_EDGE('',*,*,#1911,.F.);
#2606 = ORIENTED_EDGE('',*,*,#1888,.F.);
#2607 = ORIENTED_EDGE('',*,*,#1859,.F.);
#2608 = ORIENTED_EDGE('',*,*,#2609,.F.);
#2609 = EDGE_CURVE('',#2610,#1860,#2612,.T.);
#2610 = VERTEX_POINT('',#2611);
#2611 = CARTESIAN_POINT('',(-0.559121551758,-1.408243103516,1.2));
#2612 = LINE('',#2613,#2614);
#2613 = CARTESIAN_POINT('',(-0.559121551758,-1.408243103516,1.2));
#2614 = VECTOR('',#2615,1.);
#2615 = DIRECTION('',(-0.707106781187,0.707106781187,0.));
#2616 = ORIENTED_EDGE('',*,*,#2617,.F.);
#2617 = EDGE_CURVE('',#2618,#2610,#2620,.T.);
#2618 = VERTEX_POINT('',#2619);
#2619 = CARTESIAN_POINT('',(0.559121551758,-1.408243103516,1.2));
#2620 = LINE('',#2621,#2622);
#2621 = CARTESIAN_POINT('',(0.559121551758,-1.408243103516,1.2));
#2622 = VECTOR('',#2623,1.);
#2623 = DIRECTION('',(-1.,-1.110223024625E-16,0.));
#2624 = ORIENTED_EDGE('',*,*,#2625,.F.);
#2625 = EDGE_CURVE('',#1967,#2618,#2626,.T.);
#2626 = LINE('',#2627,#2628);
#2627 = CARTESIAN_POINT('',(0.608243103516,-1.359121551758,1.2));
#2628 = VECTOR('',#2629,1.);
#2629 = DIRECTION('',(-0.707106781187,-0.707106781187,0.));
#2630 = ORIENTED_EDGE('',*,*,#1973,.F.);
#2631 = ORIENTED_EDGE('',*,*,#1934,.F.);
#2632 = FACE_BOUND('',#2633,.T.);
#2633 = EDGE_LOOP('',(#2634));
#2634 = ORIENTED_EDGE('',*,*,#2635,.T.);
#2635 = EDGE_CURVE('',#2636,#2636,#2638,.T.);
#2636 = VERTEX_POINT('',#2637);
#2637 = CARTESIAN_POINT('',(-0.428243103516,1.178243103516,1.2));
#2638 = CIRCLE('',#2639,5.E-02);
#2639 = AXIS2_PLACEMENT_3D('',#2640,#2641,#2642);
#2640 = CARTESIAN_POINT('',(-0.428243103516,1.228243103516,1.2));
#2641 = DIRECTION('',(0.,-0.,-1.));
#2642 = DIRECTION('',(1.110223024625E-16,-1.,0.));
#2643 = PLANE('',#2644);
#2644 = AXIS2_PLACEMENT_3D('',#2645,#2646,#2647);
#2645 = CARTESIAN_POINT('',(-0.559121551758,1.408243103516,1.2));
#2646 = DIRECTION('',(0.,0.,1.));
#2647 = DIRECTION('',(0.369013679242,-0.929423963825,0.));
#2648 = ADVANCED_FACE('',(#2649),#2659,.F.);
#2649 = FACE_BOUND('',#2650,.F.);
#2650 = EDGE_LOOP('',(#2651,#2652,#2653,#2654));
#2651 = ORIENTED_EDGE('',*,*,#2023,.T.);
#2652 = ORIENTED_EDGE('',*,*,#1867,.T.);
#2653 = ORIENTED_EDGE('',*,*,#2609,.F.);
#2654 = ORIENTED_EDGE('',*,*,#2655,.F.);
#2655 = EDGE_CURVE('',#2024,#2610,#2656,.T.);
#2656 = B_SPLINE_CURVE_WITH_KNOTS('',1,(#2657,#2658),.UNSPECIFIED.,.F.,
  .F.,(2,2),(0.,1.),.PIECEWISE_BEZIER_KNOTS.);
#2657 = CARTESIAN_POINT('',(-0.5925,-1.475,0.725));
#2658 = CARTESIAN_POINT('',(-0.559121551758,-1.408243103516,1.2));
#2659 = B_SPLINE_SURFACE_WITH_KNOTS('',1,1,(
    (#2660,#2661)
    ,(#2662,#2663
    )),.UNSPECIFIED.,.F.,.F.,.F.,(2,2),(2,2),(0.,0.116672618896),(0.,1.)
  ,.PIECEWISE_BEZIER_KNOTS.);
#2660 = CARTESIAN_POINT('',(-0.5925,-1.475,0.725));
#2661 = CARTESIAN_POINT('',(-0.559121551758,-1.408243103516,1.2));
#2662 = CARTESIAN_POINT('',(-0.675,-1.3925,0.725));
#2663 = CARTESIAN_POINT('',(-0.608243103516,-1.359121551758,1.2));
#2664 = ADVANCED_FACE('',(#2665),#2675,.F.);
#2665 = FACE_BOUND('',#2666,.F.);
#2666 = EDGE_LOOP('',(#2667,#2668,#2673,#2674));
#2667 = ORIENTED_EDGE('',*,*,#2039,.T.);
#2668 = ORIENTED_EDGE('',*,*,#2669,.T.);
#2669 = EDGE_CURVE('',#2032,#2618,#2670,.T.);
#2670 = B_SPLINE_CURVE_WITH_KNOTS('',1,(#2671,#2672),.UNSPECIFIED.,.F.,
  .F.,(2,2),(0.,1.),.PIECEWISE_BEZIER_KNOTS.);
#2671 = CARTESIAN_POINT('',(0.5925,-1.475,0.725));
#2672 = CARTESIAN_POINT('',(0.559121551758,-1.408243103516,1.2));
#2673 = ORIENTED_EDGE('',*,*,#2625,.F.);
#2674 = ORIENTED_EDGE('',*,*,#1966,.F.);
#2675 = B_SPLINE_SURFACE_WITH_KNOTS('',1,1,(
    (#2676,#2677)
    ,(#2678,#2679
    )),.UNSPECIFIED.,.F.,.F.,.F.,(2,2),(2,2),(0.,0.116672618896),(0.,1.)
  ,.PIECEWISE_BEZIER_KNOTS.);
#2676 = CARTESIAN_POINT('',(0.675,-1.3925,0.725));
#2677 = CARTESIAN_POINT('',(0.608243103516,-1.359121551758,1.2));
#2678 = CARTESIAN_POINT('',(0.5925,-1.475,0.725));
#2679 = CARTESIAN_POINT('',(0.559121551758,-1.408243103516,1.2));
#2680 = ADVANCED_FACE('',(#2681),#2692,.T.);
#2681 = FACE_BOUND('',#2682,.T.);
#2682 = EDGE_LOOP('',(#2683,#2684,#2685,#2686));
#2683 = ORIENTED_EDGE('',*,*,#2465,.T.);
#2684 = ORIENTED_EDGE('',*,*,#1989,.T.);
#2685 = ORIENTED_EDGE('',*,*,#2557,.F.);
#2686 = ORIENTED_EDGE('',*,*,#2687,.F.);
#2687 = EDGE_CURVE('',#2458,#2550,#2688,.T.);
#2688 = LINE('',#2689,#2690);
#2689 = CARTESIAN_POINT('',(0.946201938253,0.2,0.518412044417));
#2690 = VECTOR('',#2691,1.);
#2691 = DIRECTION('',(1.110223024625E-16,-1.,0.));
#2692 = CYLINDRICAL_SURFACE('',#2693,0.25);
#2693 = AXIS2_PLACEMENT_3D('',#2694,#2695,#2696);
#2694 = CARTESIAN_POINT('',(0.7,0.2,0.475));
#2695 = DIRECTION('',(-1.110223024625E-16,1.,0.));
#2696 = DIRECTION('',(0.984807753012,1.093356242223E-16,0.173648177667)
  );
#2697 = ADVANCED_FACE('',(#2698),#2704,.F.);
#2698 = FACE_BOUND('',#2699,.F.);
#2699 = EDGE_LOOP('',(#2700,#2701,#2702,#2703));
#2700 = ORIENTED_EDGE('',*,*,#2031,.T.);
#2701 = ORIENTED_EDGE('',*,*,#2655,.T.);
#2702 = ORIENTED_EDGE('',*,*,#2617,.F.);
#2703 = ORIENTED_EDGE('',*,*,#2669,.F.);
#2704 = B_SPLINE_SURFACE_WITH_KNOTS('',1,1,(
    (#2705,#2706)
    ,(#2707,#2708
    )),.UNSPECIFIED.,.F.,.F.,.F.,(2,2),(2,2),(0.,1.185),(0.,1.),
  .PIECEWISE_BEZIER_KNOTS.);
#2705 = CARTESIAN_POINT('',(0.5925,-1.475,0.725));
#2706 = CARTESIAN_POINT('',(0.559121551758,-1.408243103516,1.2));
#2707 = CARTESIAN_POINT('',(-0.5925,-1.475,0.725));
#2708 = CARTESIAN_POINT('',(-0.559121551758,-1.408243103516,1.2));
#2709 = ADVANCED_FACE('',(#2710),#2721,.T.);
#2710 = FACE_BOUND('',#2711,.T.);
#2711 = EDGE_LOOP('',(#2712,#2713,#2714,#2715));
#2712 = ORIENTED_EDGE('',*,*,#2114,.T.);
#2713 = ORIENTED_EDGE('',*,*,#2590,.T.);
#2714 = ORIENTED_EDGE('',*,*,#2206,.F.);
#2715 = ORIENTED_EDGE('',*,*,#2716,.F.);
#2716 = EDGE_CURVE('',#2107,#2199,#2717,.T.);
#2717 = LINE('',#2718,#2719);
#2718 = CARTESIAN_POINT('',(-0.946201938253,-1.15,0.518412044417));
#2719 = VECTOR('',#2720,1.);
#2720 = DIRECTION('',(1.144237745222E-17,1.,0.));
#2721 = CYLINDRICAL_SURFACE('',#2722,0.25);
#2722 = AXIS2_PLACEMENT_3D('',#2723,#2724,#2725);
#2723 = CARTESIAN_POINT('',(-0.7,-1.15,0.475));
#2724 = DIRECTION('',(-1.144237745222E-17,-1.,0.));
#2725 = DIRECTION('',(-0.984807753012,1.126854202784E-17,0.173648177667)
  );
#2726 = ADVANCED_FACE('',(#2727),#2738,.F.);
#2727 = FACE_BOUND('',#2728,.F.);
#2728 = EDGE_LOOP('',(#2729,#2735,#2736,#2737));
#2729 = ORIENTED_EDGE('',*,*,#2730,.T.);
#2730 = EDGE_CURVE('',#2098,#2190,#2731,.T.);
#2731 = LINE('',#2732,#2733);
#2732 = CARTESIAN_POINT('',(-0.991192795358,-1.15,0.232635182233));
#2733 = VECTOR('',#2734,1.);
#2734 = DIRECTION('',(1.144237745222E-17,1.,0.));
#2735 = ORIENTED_EDGE('',*,*,#2198,.T.);
#2736 = ORIENTED_EDGE('',*,*,#2716,.F.);
#2737 = ORIENTED_EDGE('',*,*,#2106,.F.);
#2738 = PLANE('',#2739);
#2739 = AXIS2_PLACEMENT_3D('',#2740,#2741,#2742);
#2740 = CARTESIAN_POINT('',(-0.991192795358,-1.15,0.232635182233));
#2741 = DIRECTION('',(0.987833053268,-1.130315865527E-17,-0.155518033909
    ));
#2742 = DIRECTION('',(0.155518033909,-1.779496044609E-18,0.987833053268)
  );
#2743 = ADVANCED_FACE('',(#2744),#2755,.F.);
#2744 = FACE_BOUND('',#2745,.F.);
#2745 = EDGE_LOOP('',(#2746,#2752,#2753,#2754));
#2746 = ORIENTED_EDGE('',*,*,#2747,.T.);
#2747 = EDGE_CURVE('',#2090,#2182,#2748,.T.);
#2748 = LINE('',#2749,#2750);
#2749 = CARTESIAN_POINT('',(-1.089673570659,-1.15,0.15));
#2750 = VECTOR('',#2751,1.);
#2751 = DIRECTION('',(1.144237745222E-17,1.,0.));
#2752 = ORIENTED_EDGE('',*,*,#2189,.T.);
#2753 = ORIENTED_EDGE('',*,*,#2730,.F.);
#2754 = ORIENTED_EDGE('',*,*,#2097,.F.);
#2755 = CYLINDRICAL_SURFACE('',#2756,0.1);
#2756 = AXIS2_PLACEMENT_3D('',#2757,#2758,#2759);
#2757 = CARTESIAN_POINT('',(-1.089673570659,-1.15,0.25));
#2758 = DIRECTION('',(-1.144237745222E-17,-1.,0.));
#2759 = DIRECTION('',(-2.22044604925E-15,2.540718180781E-32,-1.));
#2760 = ADVANCED_FACE('',(#2761),#2772,.F.);
#2761 = FACE_BOUND('',#2762,.F.);
#2762 = EDGE_LOOP('',(#2763,#2769,#2770,#2771));
#2763 = ORIENTED_EDGE('',*,*,#2764,.T.);
#2764 = EDGE_CURVE('',#2082,#2174,#2765,.T.);
#2765 = LINE('',#2766,#2767);
#2766 = CARTESIAN_POINT('',(-1.25,-1.15,0.15));
#2767 = VECTOR('',#2768,1.);
#2768 = DIRECTION('',(1.144237745222E-17,1.,0.));
#2769 = ORIENTED_EDGE('',*,*,#2181,.T.);
#2770 = ORIENTED_EDGE('',*,*,#2747,.F.);
#2771 = ORIENTED_EDGE('',*,*,#2089,.F.);
#2772 = PLANE('',#2773);
#2773 = AXIS2_PLACEMENT_3D('',#2774,#2775,#2776);
#2774 = CARTESIAN_POINT('',(-1.25,-1.15,0.15));
#2775 = DIRECTION('',(0.,0.,-1.));
#2776 = DIRECTION('',(1.,-1.144237745222E-17,0.));
#2777 = ADVANCED_FACE('',(#2778),#2789,.F.);
#2778 = FACE_BOUND('',#2779,.F.);
#2779 = EDGE_LOOP('',(#2780,#2786,#2787,#2788));
#2780 = ORIENTED_EDGE('',*,*,#2781,.T.);
#2781 = EDGE_CURVE('',#2074,#2166,#2782,.T.);
#2782 = LINE('',#2783,#2784);
#2783 = CARTESIAN_POINT('',(-1.25,-1.15,5.551115123126E-17));
#2784 = VECTOR('',#2785,1.);
#2785 = DIRECTION('',(1.144237745222E-17,1.,0.));
#2786 = ORIENTED_EDGE('',*,*,#2173,.T.);
#2787 = ORIENTED_EDGE('',*,*,#2764,.F.);
#2788 = ORIENTED_EDGE('',*,*,#2081,.F.);
#2789 = PLANE('',#2790);
#2790 = AXIS2_PLACEMENT_3D('',#2791,#2792,#2793);
#2791 = CARTESIAN_POINT('',(-1.25,-1.15,5.551115123126E-17));
#2792 = DIRECTION('',(1.,-1.144237745222E-17,0.));
#2793 = DIRECTION('',(0.,0.,1.));
#2794 = ADVANCED_FACE('',(#2795),#2806,.F.);
#2795 = FACE_BOUND('',#2796,.F.);
#2796 = EDGE_LOOP('',(#2797,#2803,#2804,#2805));
#2797 = ORIENTED_EDGE('',*,*,#2798,.T.);
#2798 = EDGE_CURVE('',#2065,#2157,#2799,.T.);
#2799 = LINE('',#2800,#2801);
#2800 = CARTESIAN_POINT('',(-1.089673570659,-1.15,5.551115123126E-17));
#2801 = VECTOR('',#2802,1.);
#2802 = DIRECTION('',(1.144237745222E-17,1.,0.));
#2803 = ORIENTED_EDGE('',*,*,#2165,.T.);
#2804 = ORIENTED_EDGE('',*,*,#2781,.F.);
#2805 = ORIENTED_EDGE('',*,*,#2073,.F.);
#2806 = PLANE('',#2807);
#2807 = AXIS2_PLACEMENT_3D('',#2808,#2809,#2810);
#2808 = CARTESIAN_POINT('',(-1.089673570659,-1.15,5.551115123126E-17));
#2809 = DIRECTION('',(0.,0.,1.));
#2810 = DIRECTION('',(-1.,1.144237745222E-17,0.));
#2811 = ADVANCED_FACE('',(#2812),#2818,.T.);
#2812 = FACE_BOUND('',#2813,.T.);
#2813 = EDGE_LOOP('',(#2814,#2815,#2816,#2817));
#2814 = ORIENTED_EDGE('',*,*,#2064,.T.);
#2815 = ORIENTED_EDGE('',*,*,#2798,.T.);
#2816 = ORIENTED_EDGE('',*,*,#2156,.F.);
#2817 = ORIENTED_EDGE('',*,*,#2138,.F.);
#2818 = CYLINDRICAL_SURFACE('',#2819,0.25);
#2819 = AXIS2_PLACEMENT_3D('',#2820,#2821,#2822);
#2820 = CARTESIAN_POINT('',(-1.089673570659,-1.15,0.25));
#2821 = DIRECTION('',(-1.144237745222E-17,-1.,0.));
#2822 = DIRECTION('',(0.984807753012,-1.126854202784E-17,-0.173648177667
    ));
#2823 = ADVANCED_FACE('',(#2824),#2835,.F.);
#2824 = FACE_BOUND('',#2825,.F.);
#2825 = EDGE_LOOP('',(#2826,#2832,#2833,#2834));
#2826 = ORIENTED_EDGE('',*,*,#2827,.T.);
#2827 = EDGE_CURVE('',#2282,#2374,#2828,.T.);
#2828 = LINE('',#2829,#2830);
#2829 = CARTESIAN_POINT('',(-0.991192795358,0.75,0.232635182233));
#2830 = VECTOR('',#2831,1.);
#2831 = DIRECTION('',(1.144237745222E-17,1.,0.));
#2832 = ORIENTED_EDGE('',*,*,#2382,.T.);
#2833 = ORIENTED_EDGE('',*,*,#2575,.F.);
#2834 = ORIENTED_EDGE('',*,*,#2290,.F.);
#2835 = PLANE('',#2836);
#2836 = AXIS2_PLACEMENT_3D('',#2837,#2838,#2839);
#2837 = CARTESIAN_POINT('',(-0.991192795358,0.75,0.232635182233));
#2838 = DIRECTION('',(0.987833053268,-1.130315865527E-17,-0.155518033909
    ));
#2839 = DIRECTION('',(0.155518033909,-1.779496044609E-18,0.987833053268)
  );
#2840 = ADVANCED_FACE('',(#2841),#2852,.F.);
#2841 = FACE_BOUND('',#2842,.F.);
#2842 = EDGE_LOOP('',(#2843,#2849,#2850,#2851));
#2843 = ORIENTED_EDGE('',*,*,#2844,.T.);
#2844 = EDGE_CURVE('',#2274,#2366,#2845,.T.);
#2845 = LINE('',#2846,#2847);
#2846 = CARTESIAN_POINT('',(-1.089673570659,0.75,0.15));
#2847 = VECTOR('',#2848,1.);
#2848 = DIRECTION('',(1.144237745222E-17,1.,0.));
#2849 = ORIENTED_EDGE('',*,*,#2373,.T.);
#2850 = ORIENTED_EDGE('',*,*,#2827,.F.);
#2851 = ORIENTED_EDGE('',*,*,#2281,.F.);
#2852 = CYLINDRICAL_SURFACE('',#2853,0.1);
#2853 = AXIS2_PLACEMENT_3D('',#2854,#2855,#2856);
#2854 = CARTESIAN_POINT('',(-1.089673570659,0.75,0.25));
#2855 = DIRECTION('',(-1.144237745222E-17,-1.,0.));
#2856 = DIRECTION('',(-2.22044604925E-15,2.540718180781E-32,-1.));
#2857 = ADVANCED_FACE('',(#2858),#2869,.F.);
#2858 = FACE_BOUND('',#2859,.F.);
#2859 = EDGE_LOOP('',(#2860,#2866,#2867,#2868));
#2860 = ORIENTED_EDGE('',*,*,#2861,.T.);
#2861 = EDGE_CURVE('',#2266,#2358,#2862,.T.);
#2862 = LINE('',#2863,#2864);
#2863 = CARTESIAN_POINT('',(-1.25,0.75,0.15));
#2864 = VECTOR('',#2865,1.);
#2865 = DIRECTION('',(1.144237745222E-17,1.,0.));
#2866 = ORIENTED_EDGE('',*,*,#2365,.T.);
#2867 = ORIENTED_EDGE('',*,*,#2844,.F.);
#2868 = ORIENTED_EDGE('',*,*,#2273,.F.);
#2869 = PLANE('',#2870);
#2870 = AXIS2_PLACEMENT_3D('',#2871,#2872,#2873);
#2871 = CARTESIAN_POINT('',(-1.25,0.75,0.15));
#2872 = DIRECTION('',(0.,0.,-1.));
#2873 = DIRECTION('',(1.,-1.144237745222E-17,0.));
#2874 = ADVANCED_FACE('',(#2875),#2886,.F.);
#2875 = FACE_BOUND('',#2876,.F.);
#2876 = EDGE_LOOP('',(#2877,#2883,#2884,#2885));
#2877 = ORIENTED_EDGE('',*,*,#2878,.T.);
#2878 = EDGE_CURVE('',#2258,#2350,#2879,.T.);
#2879 = LINE('',#2880,#2881);
#2880 = CARTESIAN_POINT('',(-1.25,0.75,5.551115123126E-17));
#2881 = VECTOR('',#2882,1.);
#2882 = DIRECTION('',(1.144237745222E-17,1.,0.));
#2883 = ORIENTED_EDGE('',*,*,#2357,.T.);
#2884 = ORIENTED_EDGE('',*,*,#2861,.F.);
#2885 = ORIENTED_EDGE('',*,*,#2265,.F.);
#2886 = PLANE('',#2887);
#2887 = AXIS2_PLACEMENT_3D('',#2888,#2889,#2890);
#2888 = CARTESIAN_POINT('',(-1.25,0.75,5.551115123126E-17));
#2889 = DIRECTION('',(1.,-1.144237745222E-17,0.));
#2890 = DIRECTION('',(0.,0.,1.));
#2891 = ADVANCED_FACE('',(#2892),#2903,.F.);
#2892 = FACE_BOUND('',#2893,.F.);
#2893 = EDGE_LOOP('',(#2894,#2900,#2901,#2902));
#2894 = ORIENTED_EDGE('',*,*,#2895,.T.);
#2895 = EDGE_CURVE('',#2249,#2341,#2896,.T.);
#2896 = LINE('',#2897,#2898);
#2897 = CARTESIAN_POINT('',(-1.089673570659,0.75,5.551115123126E-17));
#2898 = VECTOR('',#2899,1.);
#2899 = DIRECTION('',(1.144237745222E-17,1.,0.));
#2900 = ORIENTED_EDGE('',*,*,#2349,.T.);
#2901 = ORIENTED_EDGE('',*,*,#2878,.F.);
#2902 = ORIENTED_EDGE('',*,*,#2257,.F.);
#2903 = PLANE('',#2904);
#2904 = AXIS2_PLACEMENT_3D('',#2905,#2906,#2907);
#2905 = CARTESIAN_POINT('',(-1.089673570659,0.75,5.551115123126E-17));
#2906 = DIRECTION('',(0.,0.,1.));
#2907 = DIRECTION('',(-1.,1.144237745222E-17,0.));
#2908 = ADVANCED_FACE('',(#2909),#2915,.T.);
#2909 = FACE_BOUND('',#2910,.T.);
#2910 = EDGE_LOOP('',(#2911,#2912,#2913,#2914));
#2911 = ORIENTED_EDGE('',*,*,#2248,.T.);
#2912 = ORIENTED_EDGE('',*,*,#2895,.T.);
#2913 = ORIENTED_EDGE('',*,*,#2340,.F.);
#2914 = ORIENTED_EDGE('',*,*,#2322,.F.);
#2915 = CYLINDRICAL_SURFACE('',#2916,0.25);
#2916 = AXIS2_PLACEMENT_3D('',#2917,#2918,#2919);
#2917 = CARTESIAN_POINT('',(-1.089673570659,0.75,0.25));
#2918 = DIRECTION('',(-1.144237745222E-17,-1.,0.));
#2919 = DIRECTION('',(0.984807753012,-1.126854202784E-17,-0.173648177667
    ));
#2920 = ADVANCED_FACE('',(#2921),#2932,.F.);
#2921 = FACE_BOUND('',#2922,.F.);
#2922 = EDGE_LOOP('',(#2923,#2929,#2930,#2931));
#2923 = ORIENTED_EDGE('',*,*,#2924,.T.);
#2924 = EDGE_CURVE('',#2449,#2541,#2925,.T.);
#2925 = LINE('',#2926,#2927);
#2926 = CARTESIAN_POINT('',(0.991192795358,0.2,0.232635182233));
#2927 = VECTOR('',#2928,1.);
#2928 = DIRECTION('',(1.110223024625E-16,-1.,0.));
#2929 = ORIENTED_EDGE('',*,*,#2549,.T.);
#2930 = ORIENTED_EDGE('',*,*,#2687,.F.);
#2931 = ORIENTED_EDGE('',*,*,#2457,.F.);
#2932 = PLANE('',#2933);
#2933 = AXIS2_PLACEMENT_3D('',#2934,#2935,#2936);
#2934 = CARTESIAN_POINT('',(0.991192795358,0.2,0.232635182233));
#2935 = DIRECTION('',(-0.987833053268,-1.096715000224E-16,
    -0.155518033909));
#2936 = DIRECTION('',(-0.155518033909,-1.726597019897E-17,0.987833053268
    ));
#2937 = ADVANCED_FACE('',(#2938),#2949,.F.);
#2938 = FACE_BOUND('',#2939,.F.);
#2939 = EDGE_LOOP('',(#2940,#2946,#2947,#2948));
#2940 = ORIENTED_EDGE('',*,*,#2941,.T.);
#2941 = EDGE_CURVE('',#2441,#2533,#2942,.T.);
#2942 = LINE('',#2943,#2944);
#2943 = CARTESIAN_POINT('',(1.089673570659,0.2,0.15));
#2944 = VECTOR('',#2945,1.);
#2945 = DIRECTION('',(1.110223024625E-16,-1.,0.));
#2946 = ORIENTED_EDGE('',*,*,#2540,.T.);
#2947 = ORIENTED_EDGE('',*,*,#2924,.F.);
#2948 = ORIENTED_EDGE('',*,*,#2448,.F.);
#2949 = CYLINDRICAL_SURFACE('',#2950,0.1);
#2950 = AXIS2_PLACEMENT_3D('',#2951,#2952,#2953);
#2951 = CARTESIAN_POINT('',(1.089673570659,0.2,0.25));
#2952 = DIRECTION('',(-1.110223024625E-16,1.,0.));
#2953 = DIRECTION('',(2.22044604925E-15,2.465190328815E-31,-1.));
#2954 = ADVANCED_FACE('',(#2955),#2966,.F.);
#2955 = FACE_BOUND('',#2956,.F.);
#2956 = EDGE_LOOP('',(#2957,#2963,#2964,#2965));
#2957 = ORIENTED_EDGE('',*,*,#2958,.T.);
#2958 = EDGE_CURVE('',#2433,#2525,#2959,.T.);
#2959 = LINE('',#2960,#2961);
#2960 = CARTESIAN_POINT('',(1.25,0.2,0.15));
#2961 = VECTOR('',#2962,1.);
#2962 = DIRECTION('',(1.110223024625E-16,-1.,0.));
#2963 = ORIENTED_EDGE('',*,*,#2532,.T.);
#2964 = ORIENTED_EDGE('',*,*,#2941,.F.);
#2965 = ORIENTED_EDGE('',*,*,#2440,.F.);
#2966 = PLANE('',#2967);
#2967 = AXIS2_PLACEMENT_3D('',#2968,#2969,#2970);
#2968 = CARTESIAN_POINT('',(1.25,0.2,0.15));
#2969 = DIRECTION('',(0.,0.,-1.));
#2970 = DIRECTION('',(-1.,-1.110223024625E-16,-0.));
#2971 = ADVANCED_FACE('',(#2972),#2983,.F.);
#2972 = FACE_BOUND('',#2973,.F.);
#2973 = EDGE_LOOP('',(#2974,#2980,#2981,#2982));
#2974 = ORIENTED_EDGE('',*,*,#2975,.T.);
#2975 = EDGE_CURVE('',#2425,#2517,#2976,.T.);
#2976 = LINE('',#2977,#2978);
#2977 = CARTESIAN_POINT('',(1.25,0.2,5.551115123126E-17));
#2978 = VECTOR('',#2979,1.);
#2979 = DIRECTION('',(1.110223024625E-16,-1.,0.));
#2980 = ORIENTED_EDGE('',*,*,#2524,.T.);
#2981 = ORIENTED_EDGE('',*,*,#2958,.F.);
#2982 = ORIENTED_EDGE('',*,*,#2432,.F.);
#2983 = PLANE('',#2984);
#2984 = AXIS2_PLACEMENT_3D('',#2985,#2986,#2987);
#2985 = CARTESIAN_POINT('',(1.25,0.2,5.551115123126E-17));
#2986 = DIRECTION('',(-1.,-1.110223024625E-16,0.));
#2987 = DIRECTION('',(0.,0.,1.));
#2988 = ADVANCED_FACE('',(#2989),#3000,.F.);
#2989 = FACE_BOUND('',#2990,.F.);
#2990 = EDGE_LOOP('',(#2991,#2997,#2998,#2999));
#2991 = ORIENTED_EDGE('',*,*,#2992,.T.);
#2992 = EDGE_CURVE('',#2416,#2508,#2993,.T.);
#2993 = LINE('',#2994,#2995);
#2994 = CARTESIAN_POINT('',(1.089673570659,0.2,5.551115123126E-17));
#2995 = VECTOR('',#2996,1.);
#2996 = DIRECTION('',(1.110223024625E-16,-1.,0.));
#2997 = ORIENTED_EDGE('',*,*,#2516,.T.);
#2998 = ORIENTED_EDGE('',*,*,#2975,.F.);
#2999 = ORIENTED_EDGE('',*,*,#2424,.F.);
#3000 = PLANE('',#3001);
#3001 = AXIS2_PLACEMENT_3D('',#3002,#3003,#3004);
#3002 = CARTESIAN_POINT('',(1.089673570659,0.2,5.551115123126E-17));
#3003 = DIRECTION('',(0.,0.,1.));
#3004 = DIRECTION('',(1.,1.110223024625E-16,-0.));
#3005 = ADVANCED_FACE('',(#3006),#3012,.T.);
#3006 = FACE_BOUND('',#3007,.T.);
#3007 = EDGE_LOOP('',(#3008,#3009,#3010,#3011));
#3008 = ORIENTED_EDGE('',*,*,#2415,.T.);
#3009 = ORIENTED_EDGE('',*,*,#2992,.T.);
#3010 = ORIENTED_EDGE('',*,*,#2507,.F.);
#3011 = ORIENTED_EDGE('',*,*,#2489,.F.);
#3012 = CYLINDRICAL_SURFACE('',#3013,0.25);
#3013 = AXIS2_PLACEMENT_3D('',#3014,#3015,#3016);
#3014 = CARTESIAN_POINT('',(1.089673570659,0.2,0.25));
#3015 = DIRECTION('',(-1.110223024625E-16,1.,0.));
#3016 = DIRECTION('',(-0.984807753012,-1.093356242223E-16,
    -0.173648177667));
#3017 = ADVANCED_FACE('',(#3018),#3021,.F.);
#3018 = FACE_BOUND('',#3019,.T.);
#3019 = EDGE_LOOP('',(#3020));
#3020 = ORIENTED_EDGE('',*,*,#2635,.F.);
#3021 = PLANE('',#3022);
#3022 = AXIS2_PLACEMENT_3D('',#3023,#3024,#3025);
#3023 = CARTESIAN_POINT('',(-0.428243103516,1.228243103516,1.2));
#3024 = DIRECTION('',(0.,0.,-1.));
#3025 = DIRECTION('',(1.110223024625E-16,-1.,0.));
#3026 = ( GEOMETRIC_REPRESENTATION_CONTEXT(3) 
GLOBAL_UNCERTAINTY_ASSIGNED_CONTEXT((#3030)) 
GLOBAL_UNIT_ASSIGNED_CONTEXT((#3027,#3028,#3029)) REPRESENTATION_CONTEXT
('Context #1','3D Context with UNIT and UNCERTAINTY') );
#3027 = ( LENGTH_UNIT() NAMED_UNIT(*) SI_UNIT(.MILLI.,.METRE.) );
#3028 = ( NAMED_UNIT(*) PLANE_ANGLE_UNIT() SI_UNIT($,.RADIAN.) );
#3029 = ( NAMED_UNIT(*) SI_UNIT($,.STERADIAN.) SOLID_ANGLE_UNIT() );
#3030 = UNCERTAINTY_MEASURE_WITH_UNIT(LENGTH_MEASURE(1.E-07),#3027,
  'distance_accuracy_value','confusion accuracy');
#3031 = CONTEXT_DEPENDENT_SHAPE_REPRESENTATION(#3032,#3034);
#3032 = ( REPRESENTATION_RELATIONSHIP('','',#1043,#1020) 
REPRESENTATION_RELATIONSHIP_WITH_TRANSFORMATION(#3033) 
SHAPE_REPRESENTATION_RELATIONSHIP() );
#3033 = ITEM_DEFINED_TRANSFORMATION('','',#11,#1021);
#3034 = PRODUCT_DEFINITION_SHAPE('Placement','Placement of an item',
  #3035);
#3035 = NEXT_ASSEMBLY_USAGE_OCCURRENCE('3','=>[0:1:1:5]','',#1015,#1038,
  $);
#3036 = PRODUCT_RELATED_PRODUCT_CATEGORY('part',$,(#1040));
#3037 = SHAPE_DEFINITION_REPRESENTATION(#3038,#3044);
#3038 = PRODUCT_DEFINITION_SHAPE('','',#3039);
#3039 = PRODUCT_DEFINITION('design','',#3040,#3043);
#3040 = PRODUCT_DEFINITION_FORMATION('','',#3041);
#3041 = PRODUCT('L_0603_1608Metric','L_0603_1608Metric','',(#3042));
#3042 = PRODUCT_CONTEXT('',#2,'mechanical');
#3043 = PRODUCT_DEFINITION_CONTEXT('part definition',#2,'design');
#3044 = SHAPE_REPRESENTATION('',(#11,#3045),#3049);
#3045 = AXIS2_PLACEMENT_3D('',#3046,#3047,#3048);
#3046 = CARTESIAN_POINT('',(0.,0.,0.));
#3047 = DIRECTION('',(0.,0.,1.));
#3048 = DIRECTION('',(1.,0.,-0.));
#3049 = ( GEOMETRIC_REPRESENTATION_CONTEXT(3) 
GLOBAL_UNCERTAINTY_ASSIGNED_CONTEXT((#3053)) 
GLOBAL_UNIT_ASSIGNED_CONTEXT((#3050,#3051,#3052)) REPRESENTATION_CONTEXT
('Context #1','3D Context with UNIT and UNCERTAINTY') );
#3050 = ( LENGTH_UNIT() NAMED_UNIT(*) SI_UNIT(.MILLI.,.METRE.) );
#3051 = ( NAMED_UNIT(*) PLANE_ANGLE_UNIT() SI_UNIT($,.RADIAN.) );
#3052 = ( NAMED_UNIT(*) SI_UNIT($,.STERADIAN.) SOLID_ANGLE_UNIT() );
#3053 = UNCERTAINTY_MEASURE_WITH_UNIT(LENGTH_MEASURE(1.E-07),#3050,
  'distance_accuracy_value','confusion accuracy');
#3054 = CONTEXT_DEPENDENT_SHAPE_REPRESENTATION(#3055,#3057);
#3055 = ( REPRESENTATION_RELATIONSHIP('','',#3044,#10) 
REPRESENTATION_RELATIONSHIP_WITH_TRANSFORMATION(#3056) 
SHAPE_REPRESENTATION_RELATIONSHIP() );
#3056 = ITEM_DEFINED_TRANSFORMATION('','',#11,#23);
#3057 = PRODUCT_DEFINITION_SHAPE('Placement','Placement of an item',
  #3058);
#3058 = NEXT_ASSEMBLY_USAGE_OCCURRENCE('6','L2','',#5,#3039,$);
#3059 = PRODUCT_RELATED_PRODUCT_CATEGORY('part',$,(#3041));
#3060 = SHAPE_DEFINITION_REPRESENTATION(#3061,#3067);
#3061 = PRODUCT_DEFINITION_SHAPE('','',#3062);
#3062 = PRODUCT_DEFINITION('design','',#3063,#3066);
#3063 = PRODUCT_DEFINITION_FORMATION('','',#3064);
#3064 = PRODUCT('L_0603_1608Metric','L_0603_1608Metric','',(#3065));
#3065 = PRODUCT_CONTEXT('',#2,'mechanical');
#3066 = PRODUCT_DEFINITION_CONTEXT('part definition',#2,'design');
#3067 = ADVANCED_BREP_SHAPE_REPRESENTATION('',(#11,#3068),#3922);
#3068 = MANIFOLD_SOLID_BREP('',#3069);
#3069 = CLOSED_SHELL('',(#3070,#3146,#3177,#3202,#3227,#3251,#3275,#3300
    ,#3325,#3342,#3428,#3460,#3484,#3509,#3533,#3558,#3582,#3607,#3624,
    #3710,#3741,#3766,#3791,#3815,#3839,#3864,#3889,#3906));
#3070 = ADVANCED_FACE('',(#3071),#3141,.F.);
#3071 = FACE_BOUND('',#3072,.F.);
#3072 = EDGE_LOOP('',(#3073,#3083,#3092,#3100,#3109,#3117,#3126,#3134));
#3073 = ORIENTED_EDGE('',*,*,#3074,.F.);
#3074 = EDGE_CURVE('',#3075,#3077,#3079,.T.);
#3075 = VERTEX_POINT('',#3076);
#3076 = CARTESIAN_POINT('',(-0.8,-0.4,3.E-02));
#3077 = VERTEX_POINT('',#3078);
#3078 = CARTESIAN_POINT('',(-0.8,-0.4,0.77));
#3079 = LINE('',#3080,#3081);
#3080 = CARTESIAN_POINT('',(-0.8,-0.4,0.));
#3081 = VECTOR('',#3082,1.);
#3082 = DIRECTION('',(0.,0.,1.));
#3083 = ORIENTED_EDGE('',*,*,#3084,.T.);
#3084 = EDGE_CURVE('',#3075,#3085,#3087,.T.);
#3085 = VERTEX_POINT('',#3086);
#3086 = CARTESIAN_POINT('',(-0.8,-0.37,0.));
#3087 = CIRCLE('',#3088,3.E-02);
#3088 = AXIS2_PLACEMENT_3D('',#3089,#3090,#3091);
#3089 = CARTESIAN_POINT('',(-0.8,-0.37,3.E-02));
#3090 = DIRECTION('',(1.,0.,-0.));
#3091 = DIRECTION('',(0.,0.,1.));
#3092 = ORIENTED_EDGE('',*,*,#3093,.T.);
#3093 = EDGE_CURVE('',#3085,#3094,#3096,.T.);
#3094 = VERTEX_POINT('',#3095);
#3095 = CARTESIAN_POINT('',(-0.8,0.37,0.));
#3096 = LINE('',#3097,#3098);
#3097 = CARTESIAN_POINT('',(-0.8,-0.4,0.));
#3098 = VECTOR('',#3099,1.);
#3099 = DIRECTION('',(0.,1.,0.));
#3100 = ORIENTED_EDGE('',*,*,#3101,.F.);
#3101 = EDGE_CURVE('',#3102,#3094,#3104,.T.);
#3102 = VERTEX_POINT('',#3103);
#3103 = CARTESIAN_POINT('',(-0.8,0.4,3.E-02));
#3104 = CIRCLE('',#3105,3.E-02);
#3105 = AXIS2_PLACEMENT_3D('',#3106,#3107,#3108);
#3106 = CARTESIAN_POINT('',(-0.8,0.37,3.E-02));
#3107 = DIRECTION('',(-1.,0.,0.));
#3108 = DIRECTION('',(0.,0.,1.));
#3109 = ORIENTED_EDGE('',*,*,#3110,.T.);
#3110 = EDGE_CURVE('',#3102,#3111,#3113,.T.);
#3111 = VERTEX_POINT('',#3112);
#3112 = CARTESIAN_POINT('',(-0.8,0.4,0.77));
#3113 = LINE('',#3114,#3115);
#3114 = CARTESIAN_POINT('',(-0.8,0.4,0.));
#3115 = VECTOR('',#3116,1.);
#3116 = DIRECTION('',(0.,0.,1.));
#3117 = ORIENTED_EDGE('',*,*,#3118,.T.);
#3118 = EDGE_CURVE('',#3111,#3119,#3121,.T.);
#3119 = VERTEX_POINT('',#3120);
#3120 = CARTESIAN_POINT('',(-0.8,0.37,0.8));
#3121 = CIRCLE('',#3122,3.E-02);
#3122 = AXIS2_PLACEMENT_3D('',#3123,#3124,#3125);
#3123 = CARTESIAN_POINT('',(-0.8,0.37,0.77));
#3124 = DIRECTION('',(1.,0.,-0.));
#3125 = DIRECTION('',(0.,0.,1.));
#3126 = ORIENTED_EDGE('',*,*,#3127,.F.);
#3127 = EDGE_CURVE('',#3128,#3119,#3130,.T.);
#3128 = VERTEX_POINT('',#3129);
#3129 = CARTESIAN_POINT('',(-0.8,-0.37,0.8));
#3130 = LINE('',#3131,#3132);
#3131 = CARTESIAN_POINT('',(-0.8,-0.4,0.8));
#3132 = VECTOR('',#3133,1.);
#3133 = DIRECTION('',(0.,1.,0.));
#3134 = ORIENTED_EDGE('',*,*,#3135,.F.);
#3135 = EDGE_CURVE('',#3077,#3128,#3136,.T.);
#3136 = CIRCLE('',#3137,3.E-02);
#3137 = AXIS2_PLACEMENT_3D('',#3138,#3139,#3140);
#3138 = CARTESIAN_POINT('',(-0.8,-0.37,0.77));
#3139 = DIRECTION('',(-1.,0.,0.));
#3140 = DIRECTION('',(0.,0.,1.));
#3141 = PLANE('',#3142);
#3142 = AXIS2_PLACEMENT_3D('',#3143,#3144,#3145);
#3143 = CARTESIAN_POINT('',(-0.8,-0.4,0.));
#3144 = DIRECTION('',(1.,0.,0.));
#3145 = DIRECTION('',(0.,0.,1.));
#3146 = ADVANCED_FACE('',(#3147),#3172,.F.);
#3147 = FACE_BOUND('',#3148,.F.);
#3148 = EDGE_LOOP('',(#3149,#3159,#3165,#3166));
#3149 = ORIENTED_EDGE('',*,*,#3150,.F.);
#3150 = EDGE_CURVE('',#3151,#3153,#3155,.T.);
#3151 = VERTEX_POINT('',#3152);
#3152 = CARTESIAN_POINT('',(-0.5,-0.4,3.E-02));
#3153 = VERTEX_POINT('',#3154);
#3154 = CARTESIAN_POINT('',(-0.5,-0.4,0.77));
#3155 = LINE('',#3156,#3157);
#3156 = CARTESIAN_POINT('',(-0.5,-0.4,0.));
#3157 = VECTOR('',#3158,1.);
#3158 = DIRECTION('',(0.,0.,1.));
#3159 = ORIENTED_EDGE('',*,*,#3160,.F.);
#3160 = EDGE_CURVE('',#3075,#3151,#3161,.T.);
#3161 = LINE('',#3162,#3163);
#3162 = CARTESIAN_POINT('',(-0.8,-0.4,3.E-02));
#3163 = VECTOR('',#3164,1.);
#3164 = DIRECTION('',(1.,0.,0.));
#3165 = ORIENTED_EDGE('',*,*,#3074,.T.);
#3166 = ORIENTED_EDGE('',*,*,#3167,.T.);
#3167 = EDGE_CURVE('',#3077,#3153,#3168,.T.);
#3168 = LINE('',#3169,#3170);
#3169 = CARTESIAN_POINT('',(-0.8,-0.4,0.77));
#3170 = VECTOR('',#3171,1.);
#3171 = DIRECTION('',(1.,0.,0.));
#3172 = PLANE('',#3173);
#3173 = AXIS2_PLACEMENT_3D('',#3174,#3175,#3176);
#3174 = CARTESIAN_POINT('',(-0.8,-0.4,0.));
#3175 = DIRECTION('',(0.,1.,0.));
#3176 = DIRECTION('',(0.,-0.,1.));
#3177 = ADVANCED_FACE('',(#3178),#3197,.T.);
#3178 = FACE_BOUND('',#3179,.T.);
#3179 = EDGE_LOOP('',(#3180,#3181,#3189,#3196));
#3180 = ORIENTED_EDGE('',*,*,#3084,.T.);
#3181 = ORIENTED_EDGE('',*,*,#3182,.T.);
#3182 = EDGE_CURVE('',#3085,#3183,#3185,.T.);
#3183 = VERTEX_POINT('',#3184);
#3184 = CARTESIAN_POINT('',(-0.5,-0.37,0.));
#3185 = LINE('',#3186,#3187);
#3186 = CARTESIAN_POINT('',(-0.8,-0.37,0.));
#3187 = VECTOR('',#3188,1.);
#3188 = DIRECTION('',(1.,0.,0.));
#3189 = ORIENTED_EDGE('',*,*,#3190,.F.);
#3190 = EDGE_CURVE('',#3151,#3183,#3191,.T.);
#3191 = CIRCLE('',#3192,3.E-02);
#3192 = AXIS2_PLACEMENT_3D('',#3193,#3194,#3195);
#3193 = CARTESIAN_POINT('',(-0.5,-0.37,3.E-02));
#3194 = DIRECTION('',(1.,0.,-0.));
#3195 = DIRECTION('',(0.,0.,1.));
#3196 = ORIENTED_EDGE('',*,*,#3160,.F.);
#3197 = CYLINDRICAL_SURFACE('',#3198,3.E-02);
#3198 = AXIS2_PLACEMENT_3D('',#3199,#3200,#3201);
#3199 = CARTESIAN_POINT('',(-0.8,-0.37,3.E-02));
#3200 = DIRECTION('',(1.,0.,0.));
#3201 = DIRECTION('',(0.,-1.,0.));
#3202 = ADVANCED_FACE('',(#3203),#3222,.T.);
#3203 = FACE_BOUND('',#3204,.T.);
#3204 = EDGE_LOOP('',(#3205,#3206,#3215,#3221));
#3205 = ORIENTED_EDGE('',*,*,#3167,.T.);
#3206 = ORIENTED_EDGE('',*,*,#3207,.T.);
#3207 = EDGE_CURVE('',#3153,#3208,#3210,.T.);
#3208 = VERTEX_POINT('',#3209);
#3209 = CARTESIAN_POINT('',(-0.5,-0.37,0.8));
#3210 = CIRCLE('',#3211,3.E-02);
#3211 = AXIS2_PLACEMENT_3D('',#3212,#3213,#3214);
#3212 = CARTESIAN_POINT('',(-0.5,-0.37,0.77));
#3213 = DIRECTION('',(-1.,0.,0.));
#3214 = DIRECTION('',(0.,0.,1.));
#3215 = ORIENTED_EDGE('',*,*,#3216,.F.);
#3216 = EDGE_CURVE('',#3128,#3208,#3217,.T.);
#3217 = LINE('',#3218,#3219);
#3218 = CARTESIAN_POINT('',(-0.8,-0.37,0.8));
#3219 = VECTOR('',#3220,1.);
#3220 = DIRECTION('',(1.,0.,0.));
#3221 = ORIENTED_EDGE('',*,*,#3135,.F.);
#3222 = CYLINDRICAL_SURFACE('',#3223,3.E-02);
#3223 = AXIS2_PLACEMENT_3D('',#3224,#3225,#3226);
#3224 = CARTESIAN_POINT('',(-0.8,-0.37,0.77));
#3225 = DIRECTION('',(1.,0.,0.));
#3226 = DIRECTION('',(0.,-1.,0.));
#3227 = ADVANCED_FACE('',(#3228),#3246,.F.);
#3228 = FACE_BOUND('',#3229,.F.);
#3229 = EDGE_LOOP('',(#3230,#3231,#3232,#3240));
#3230 = ORIENTED_EDGE('',*,*,#3093,.F.);
#3231 = ORIENTED_EDGE('',*,*,#3182,.T.);
#3232 = ORIENTED_EDGE('',*,*,#3233,.T.);
#3233 = EDGE_CURVE('',#3183,#3234,#3236,.T.);
#3234 = VERTEX_POINT('',#3235);
#3235 = CARTESIAN_POINT('',(-0.5,0.37,0.));
#3236 = LINE('',#3237,#3238);
#3237 = CARTESIAN_POINT('',(-0.5,-0.4,0.));
#3238 = VECTOR('',#3239,1.);
#3239 = DIRECTION('',(0.,1.,0.));
#3240 = ORIENTED_EDGE('',*,*,#3241,.F.);
#3241 = EDGE_CURVE('',#3094,#3234,#3242,.T.);
#3242 = LINE('',#3243,#3244);
#3243 = CARTESIAN_POINT('',(-0.8,0.37,0.));
#3244 = VECTOR('',#3245,1.);
#3245 = DIRECTION('',(1.,0.,0.));
#3246 = PLANE('',#3247);
#3247 = AXIS2_PLACEMENT_3D('',#3248,#3249,#3250);
#3248 = CARTESIAN_POINT('',(-0.8,-0.4,0.));
#3249 = DIRECTION('',(0.,0.,1.));
#3250 = DIRECTION('',(1.,0.,-0.));
#3251 = ADVANCED_FACE('',(#3252),#3270,.T.);
#3252 = FACE_BOUND('',#3253,.T.);
#3253 = EDGE_LOOP('',(#3254,#3255,#3256,#3264));
#3254 = ORIENTED_EDGE('',*,*,#3127,.F.);
#3255 = ORIENTED_EDGE('',*,*,#3216,.T.);
#3256 = ORIENTED_EDGE('',*,*,#3257,.T.);
#3257 = EDGE_CURVE('',#3208,#3258,#3260,.T.);
#3258 = VERTEX_POINT('',#3259);
#3259 = CARTESIAN_POINT('',(-0.5,0.37,0.8));
#3260 = LINE('',#3261,#3262);
#3261 = CARTESIAN_POINT('',(-0.5,-0.4,0.8));
#3262 = VECTOR('',#3263,1.);
#3263 = DIRECTION('',(0.,1.,0.));
#3264 = ORIENTED_EDGE('',*,*,#3265,.F.);
#3265 = EDGE_CURVE('',#3119,#3258,#3266,.T.);
#3266 = LINE('',#3267,#3268);
#3267 = CARTESIAN_POINT('',(-0.8,0.37,0.8));
#3268 = VECTOR('',#3269,1.);
#3269 = DIRECTION('',(1.,0.,0.));
#3270 = PLANE('',#3271);
#3271 = AXIS2_PLACEMENT_3D('',#3272,#3273,#3274);
#3272 = CARTESIAN_POINT('',(-0.8,-0.4,0.8));
#3273 = DIRECTION('',(0.,0.,1.));
#3274 = DIRECTION('',(1.,0.,-0.));
#3275 = ADVANCED_FACE('',(#3276),#3295,.T.);
#3276 = FACE_BOUND('',#3277,.T.);
#3277 = EDGE_LOOP('',(#3278,#3286,#3293,#3294));
#3278 = ORIENTED_EDGE('',*,*,#3279,.T.);
#3279 = EDGE_CURVE('',#3102,#3280,#3282,.T.);
#3280 = VERTEX_POINT('',#3281);
#3281 = CARTESIAN_POINT('',(-0.5,0.4,3.E-02));
#3282 = LINE('',#3283,#3284);
#3283 = CARTESIAN_POINT('',(-0.8,0.4,3.E-02));
#3284 = VECTOR('',#3285,1.);
#3285 = DIRECTION('',(1.,0.,0.));
#3286 = ORIENTED_EDGE('',*,*,#3287,.T.);
#3287 = EDGE_CURVE('',#3280,#3234,#3288,.T.);
#3288 = CIRCLE('',#3289,3.E-02);
#3289 = AXIS2_PLACEMENT_3D('',#3290,#3291,#3292);
#3290 = CARTESIAN_POINT('',(-0.5,0.37,3.E-02));
#3291 = DIRECTION('',(-1.,0.,0.));
#3292 = DIRECTION('',(0.,0.,1.));
#3293 = ORIENTED_EDGE('',*,*,#3241,.F.);
#3294 = ORIENTED_EDGE('',*,*,#3101,.F.);
#3295 = CYLINDRICAL_SURFACE('',#3296,3.E-02);
#3296 = AXIS2_PLACEMENT_3D('',#3297,#3298,#3299);
#3297 = CARTESIAN_POINT('',(-0.8,0.37,3.E-02));
#3298 = DIRECTION('',(1.,0.,0.));
#3299 = DIRECTION('',(-0.,1.,0.));
#3300 = ADVANCED_FACE('',(#3301),#3320,.T.);
#3301 = FACE_BOUND('',#3302,.T.);
#3302 = EDGE_LOOP('',(#3303,#3304,#3305,#3314));
#3303 = ORIENTED_EDGE('',*,*,#3118,.T.);
#3304 = ORIENTED_EDGE('',*,*,#3265,.T.);
#3305 = ORIENTED_EDGE('',*,*,#3306,.F.);
#3306 = EDGE_CURVE('',#3307,#3258,#3309,.T.);
#3307 = VERTEX_POINT('',#3308);
#3308 = CARTESIAN_POINT('',(-0.5,0.4,0.77));
#3309 = CIRCLE('',#3310,3.E-02);
#3310 = AXIS2_PLACEMENT_3D('',#3311,#3312,#3313);
#3311 = CARTESIAN_POINT('',(-0.5,0.37,0.77));
#3312 = DIRECTION('',(1.,0.,-0.));
#3313 = DIRECTION('',(0.,0.,1.));
#3314 = ORIENTED_EDGE('',*,*,#3315,.F.);
#3315 = EDGE_CURVE('',#3111,#3307,#3316,.T.);
#3316 = LINE('',#3317,#3318);
#3317 = CARTESIAN_POINT('',(-0.8,0.4,0.77));
#3318 = VECTOR('',#3319,1.);
#3319 = DIRECTION('',(1.,0.,0.));
#3320 = CYLINDRICAL_SURFACE('',#3321,3.E-02);
#3321 = AXIS2_PLACEMENT_3D('',#3322,#3323,#3324);
#3322 = CARTESIAN_POINT('',(-0.8,0.37,0.77));
#3323 = DIRECTION('',(1.,0.,0.));
#3324 = DIRECTION('',(-0.,1.,0.));
#3325 = ADVANCED_FACE('',(#3326),#3337,.T.);
#3326 = FACE_BOUND('',#3327,.T.);
#3327 = EDGE_LOOP('',(#3328,#3334,#3335,#3336));
#3328 = ORIENTED_EDGE('',*,*,#3329,.F.);
#3329 = EDGE_CURVE('',#3280,#3307,#3330,.T.);
#3330 = LINE('',#3331,#3332);
#3331 = CARTESIAN_POINT('',(-0.5,0.4,0.));
#3332 = VECTOR('',#3333,1.);
#3333 = DIRECTION('',(0.,0.,1.));
#3334 = ORIENTED_EDGE('',*,*,#3279,.F.);
#3335 = ORIENTED_EDGE('',*,*,#3110,.T.);
#3336 = ORIENTED_EDGE('',*,*,#3315,.T.);
#3337 = PLANE('',#3338);
#3338 = AXIS2_PLACEMENT_3D('',#3339,#3340,#3341);
#3339 = CARTESIAN_POINT('',(-0.8,0.4,0.));
#3340 = DIRECTION('',(0.,1.,0.));
#3341 = DIRECTION('',(0.,-0.,1.));
#3342 = ADVANCED_FACE('',(#3343,#3353),#3423,.T.);
#3343 = FACE_BOUND('',#3344,.T.);
#3344 = EDGE_LOOP('',(#3345,#3346,#3347,#3348,#3349,#3350,#3351,#3352));
#3345 = ORIENTED_EDGE('',*,*,#3150,.F.);
#3346 = ORIENTED_EDGE('',*,*,#3190,.T.);
#3347 = ORIENTED_EDGE('',*,*,#3233,.T.);
#3348 = ORIENTED_EDGE('',*,*,#3287,.F.);
#3349 = ORIENTED_EDGE('',*,*,#3329,.T.);
#3350 = ORIENTED_EDGE('',*,*,#3306,.T.);
#3351 = ORIENTED_EDGE('',*,*,#3257,.F.);
#3352 = ORIENTED_EDGE('',*,*,#3207,.F.);
#3353 = FACE_BOUND('',#3354,.T.);
#3354 = EDGE_LOOP('',(#3355,#3366,#3374,#3383,#3391,#3400,#3408,#3417));
#3355 = ORIENTED_EDGE('',*,*,#3356,.F.);
#3356 = EDGE_CURVE('',#3357,#3359,#3361,.T.);
#3357 = VERTEX_POINT('',#3358);
#3358 = CARTESIAN_POINT('',(-0.5,-0.37,6.E-02));
#3359 = VERTEX_POINT('',#3360);
#3360 = CARTESIAN_POINT('',(-0.5,-0.34,3.E-02));
#3361 = CIRCLE('',#3362,3.E-02);
#3362 = AXIS2_PLACEMENT_3D('',#3363,#3364,#3365);
#3363 = CARTESIAN_POINT('',(-0.5,-0.34,6.E-02));
#3364 = DIRECTION('',(1.,0.,-0.));
#3365 = DIRECTION('',(0.,0.,1.));
#3366 = ORIENTED_EDGE('',*,*,#3367,.T.);
#3367 = EDGE_CURVE('',#3357,#3368,#3370,.T.);
#3368 = VERTEX_POINT('',#3369);
#3369 = CARTESIAN_POINT('',(-0.5,-0.37,0.74));
#3370 = LINE('',#3371,#3372);
#3371 = CARTESIAN_POINT('',(-0.5,-0.37,3.E-02));
#3372 = VECTOR('',#3373,1.);
#3373 = DIRECTION('',(0.,0.,1.));
#3374 = ORIENTED_EDGE('',*,*,#3375,.T.);
#3375 = EDGE_CURVE('',#3368,#3376,#3378,.T.);
#3376 = VERTEX_POINT('',#3377);
#3377 = CARTESIAN_POINT('',(-0.5,-0.34,0.77));
#3378 = CIRCLE('',#3379,3.E-02);
#3379 = AXIS2_PLACEMENT_3D('',#3380,#3381,#3382);
#3380 = CARTESIAN_POINT('',(-0.5,-0.34,0.74));
#3381 = DIRECTION('',(-1.,0.,0.));
#3382 = DIRECTION('',(0.,0.,1.));
#3383 = ORIENTED_EDGE('',*,*,#3384,.T.);
#3384 = EDGE_CURVE('',#3376,#3385,#3387,.T.);
#3385 = VERTEX_POINT('',#3386);
#3386 = CARTESIAN_POINT('',(-0.5,0.34,0.77));
#3387 = LINE('',#3388,#3389);
#3388 = CARTESIAN_POINT('',(-0.5,-0.37,0.77));
#3389 = VECTOR('',#3390,1.);
#3390 = DIRECTION('',(0.,1.,0.));
#3391 = ORIENTED_EDGE('',*,*,#3392,.F.);
#3392 = EDGE_CURVE('',#3393,#3385,#3395,.T.);
#3393 = VERTEX_POINT('',#3394);
#3394 = CARTESIAN_POINT('',(-0.5,0.37,0.74));
#3395 = CIRCLE('',#3396,3.E-02);
#3396 = AXIS2_PLACEMENT_3D('',#3397,#3398,#3399);
#3397 = CARTESIAN_POINT('',(-0.5,0.34,0.74));
#3398 = DIRECTION('',(1.,0.,-0.));
#3399 = DIRECTION('',(0.,0.,1.));
#3400 = ORIENTED_EDGE('',*,*,#3401,.F.);
#3401 = EDGE_CURVE('',#3402,#3393,#3404,.T.);
#3402 = VERTEX_POINT('',#3403);
#3403 = CARTESIAN_POINT('',(-0.5,0.37,6.E-02));
#3404 = LINE('',#3405,#3406);
#3405 = CARTESIAN_POINT('',(-0.5,0.37,3.E-02));
#3406 = VECTOR('',#3407,1.);
#3407 = DIRECTION('',(0.,0.,1.));
#3408 = ORIENTED_EDGE('',*,*,#3409,.T.);
#3409 = EDGE_CURVE('',#3402,#3410,#3412,.T.);
#3410 = VERTEX_POINT('',#3411);
#3411 = CARTESIAN_POINT('',(-0.5,0.34,3.E-02));
#3412 = CIRCLE('',#3413,3.E-02);
#3413 = AXIS2_PLACEMENT_3D('',#3414,#3415,#3416);
#3414 = CARTESIAN_POINT('',(-0.5,0.34,6.E-02));
#3415 = DIRECTION('',(-1.,0.,0.));
#3416 = DIRECTION('',(0.,0.,1.));
#3417 = ORIENTED_EDGE('',*,*,#3418,.F.);
#3418 = EDGE_CURVE('',#3359,#3410,#3419,.T.);
#3419 = LINE('',#3420,#3421);
#3420 = CARTESIAN_POINT('',(-0.5,-0.37,3.E-02));
#3421 = VECTOR('',#3422,1.);
#3422 = DIRECTION('',(0.,1.,0.));
#3423 = PLANE('',#3424);
#3424 = AXIS2_PLACEMENT_3D('',#3425,#3426,#3427);
#3425 = CARTESIAN_POINT('',(-0.5,-0.4,0.));
#3426 = DIRECTION('',(1.,0.,0.));
#3427 = DIRECTION('',(0.,0.,1.));
#3428 = ADVANCED_FACE('',(#3429),#3455,.T.);
#3429 = FACE_BOUND('',#3430,.T.);
#3430 = EDGE_LOOP('',(#3431,#3432,#3440,#3449));
#3431 = ORIENTED_EDGE('',*,*,#3356,.T.);
#3432 = ORIENTED_EDGE('',*,*,#3433,.T.);
#3433 = EDGE_CURVE('',#3359,#3434,#3436,.T.);
#3434 = VERTEX_POINT('',#3435);
#3435 = CARTESIAN_POINT('',(0.5,-0.34,3.E-02));
#3436 = LINE('',#3437,#3438);
#3437 = CARTESIAN_POINT('',(-0.5,-0.34,3.E-02));
#3438 = VECTOR('',#3439,1.);
#3439 = DIRECTION('',(1.,0.,0.));
#3440 = ORIENTED_EDGE('',*,*,#3441,.F.);
#3441 = EDGE_CURVE('',#3442,#3434,#3444,.T.);
#3442 = VERTEX_POINT('',#3443);
#3443 = CARTESIAN_POINT('',(0.5,-0.37,6.E-02));
#3444 = CIRCLE('',#3445,3.E-02);
#3445 = AXIS2_PLACEMENT_3D('',#3446,#3447,#3448);
#3446 = CARTESIAN_POINT('',(0.5,-0.34,6.E-02));
#3447 = DIRECTION('',(1.,0.,-0.));
#3448 = DIRECTION('',(0.,0.,1.));
#3449 = ORIENTED_EDGE('',*,*,#3450,.F.);
#3450 = EDGE_CURVE('',#3357,#3442,#3451,.T.);
#3451 = LINE('',#3452,#3453);
#3452 = CARTESIAN_POINT('',(-0.5,-0.37,6.E-02));
#3453 = VECTOR('',#3454,1.);
#3454 = DIRECTION('',(1.,0.,0.));
#3455 = CYLINDRICAL_SURFACE('',#3456,3.E-02);
#3456 = AXIS2_PLACEMENT_3D('',#3457,#3458,#3459);
#3457 = CARTESIAN_POINT('',(-0.5,-0.34,6.E-02));
#3458 = DIRECTION('',(1.,0.,0.));
#3459 = DIRECTION('',(0.,-1.,0.));
#3460 = ADVANCED_FACE('',(#3461),#3479,.F.);
#3461 = FACE_BOUND('',#3462,.F.);
#3462 = EDGE_LOOP('',(#3463,#3464,#3465,#3473));
#3463 = ORIENTED_EDGE('',*,*,#3418,.F.);
#3464 = ORIENTED_EDGE('',*,*,#3433,.T.);
#3465 = ORIENTED_EDGE('',*,*,#3466,.T.);
#3466 = EDGE_CURVE('',#3434,#3467,#3469,.T.);
#3467 = VERTEX_POINT('',#3468);
#3468 = CARTESIAN_POINT('',(0.5,0.34,3.E-02));
#3469 = LINE('',#3470,#3471);
#3470 = CARTESIAN_POINT('',(0.5,-0.37,3.E-02));
#3471 = VECTOR('',#3472,1.);
#3472 = DIRECTION('',(0.,1.,0.));
#3473 = ORIENTED_EDGE('',*,*,#3474,.F.);
#3474 = EDGE_CURVE('',#3410,#3467,#3475,.T.);
#3475 = LINE('',#3476,#3477);
#3476 = CARTESIAN_POINT('',(-0.5,0.34,3.E-02));
#3477 = VECTOR('',#3478,1.);
#3478 = DIRECTION('',(1.,0.,0.));
#3479 = PLANE('',#3480);
#3480 = AXIS2_PLACEMENT_3D('',#3481,#3482,#3483);
#3481 = CARTESIAN_POINT('',(-0.5,-0.37,3.E-02));
#3482 = DIRECTION('',(0.,0.,1.));
#3483 = DIRECTION('',(1.,0.,-0.));
#3484 = ADVANCED_FACE('',(#3485),#3504,.T.);
#3485 = FACE_BOUND('',#3486,.T.);
#3486 = EDGE_LOOP('',(#3487,#3495,#3502,#3503));
#3487 = ORIENTED_EDGE('',*,*,#3488,.T.);
#3488 = EDGE_CURVE('',#3402,#3489,#3491,.T.);
#3489 = VERTEX_POINT('',#3490);
#3490 = CARTESIAN_POINT('',(0.5,0.37,6.E-02));
#3491 = LINE('',#3492,#3493);
#3492 = CARTESIAN_POINT('',(-0.5,0.37,6.E-02));
#3493 = VECTOR('',#3494,1.);
#3494 = DIRECTION('',(1.,0.,0.));
#3495 = ORIENTED_EDGE('',*,*,#3496,.T.);
#3496 = EDGE_CURVE('',#3489,#3467,#3497,.T.);
#3497 = CIRCLE('',#3498,3.E-02);
#3498 = AXIS2_PLACEMENT_3D('',#3499,#3500,#3501);
#3499 = CARTESIAN_POINT('',(0.5,0.34,6.E-02));
#3500 = DIRECTION('',(-1.,0.,0.));
#3501 = DIRECTION('',(0.,0.,1.));
#3502 = ORIENTED_EDGE('',*,*,#3474,.F.);
#3503 = ORIENTED_EDGE('',*,*,#3409,.F.);
#3504 = CYLINDRICAL_SURFACE('',#3505,3.E-02);
#3505 = AXIS2_PLACEMENT_3D('',#3506,#3507,#3508);
#3506 = CARTESIAN_POINT('',(-0.5,0.34,6.E-02));
#3507 = DIRECTION('',(1.,0.,0.));
#3508 = DIRECTION('',(-0.,1.,0.));
#3509 = ADVANCED_FACE('',(#3510),#3528,.T.);
#3510 = FACE_BOUND('',#3511,.T.);
#3511 = EDGE_LOOP('',(#3512,#3520,#3521,#3522));
#3512 = ORIENTED_EDGE('',*,*,#3513,.F.);
#3513 = EDGE_CURVE('',#3489,#3514,#3516,.T.);
#3514 = VERTEX_POINT('',#3515);
#3515 = CARTESIAN_POINT('',(0.5,0.37,0.74));
#3516 = LINE('',#3517,#3518);
#3517 = CARTESIAN_POINT('',(0.5,0.37,3.E-02));
#3518 = VECTOR('',#3519,1.);
#3519 = DIRECTION('',(0.,0.,1.));
#3520 = ORIENTED_EDGE('',*,*,#3488,.F.);
#3521 = ORIENTED_EDGE('',*,*,#3401,.T.);
#3522 = ORIENTED_EDGE('',*,*,#3523,.T.);
#3523 = EDGE_CURVE('',#3393,#3514,#3524,.T.);
#3524 = LINE('',#3525,#3526);
#3525 = CARTESIAN_POINT('',(-0.5,0.37,0.74));
#3526 = VECTOR('',#3527,1.);
#3527 = DIRECTION('',(1.,0.,0.));
#3528 = PLANE('',#3529);
#3529 = AXIS2_PLACEMENT_3D('',#3530,#3531,#3532);
#3530 = CARTESIAN_POINT('',(-0.5,0.37,3.E-02));
#3531 = DIRECTION('',(0.,1.,0.));
#3532 = DIRECTION('',(0.,-0.,1.));
#3533 = ADVANCED_FACE('',(#3534),#3553,.T.);
#3534 = FACE_BOUND('',#3535,.T.);
#3535 = EDGE_LOOP('',(#3536,#3537,#3545,#3552));
#3536 = ORIENTED_EDGE('',*,*,#3392,.T.);
#3537 = ORIENTED_EDGE('',*,*,#3538,.T.);
#3538 = EDGE_CURVE('',#3385,#3539,#3541,.T.);
#3539 = VERTEX_POINT('',#3540);
#3540 = CARTESIAN_POINT('',(0.5,0.34,0.77));
#3541 = LINE('',#3542,#3543);
#3542 = CARTESIAN_POINT('',(-0.5,0.34,0.77));
#3543 = VECTOR('',#3544,1.);
#3544 = DIRECTION('',(1.,0.,0.));
#3545 = ORIENTED_EDGE('',*,*,#3546,.F.);
#3546 = EDGE_CURVE('',#3514,#3539,#3547,.T.);
#3547 = CIRCLE('',#3548,3.E-02);
#3548 = AXIS2_PLACEMENT_3D('',#3549,#3550,#3551);
#3549 = CARTESIAN_POINT('',(0.5,0.34,0.74));
#3550 = DIRECTION('',(1.,0.,-0.));
#3551 = DIRECTION('',(0.,0.,1.));
#3552 = ORIENTED_EDGE('',*,*,#3523,.F.);
#3553 = CYLINDRICAL_SURFACE('',#3554,3.E-02);
#3554 = AXIS2_PLACEMENT_3D('',#3555,#3556,#3557);
#3555 = CARTESIAN_POINT('',(-0.5,0.34,0.74));
#3556 = DIRECTION('',(1.,0.,0.));
#3557 = DIRECTION('',(-0.,1.,0.));
#3558 = ADVANCED_FACE('',(#3559),#3577,.T.);
#3559 = FACE_BOUND('',#3560,.T.);
#3560 = EDGE_LOOP('',(#3561,#3562,#3570,#3576));
#3561 = ORIENTED_EDGE('',*,*,#3384,.F.);
#3562 = ORIENTED_EDGE('',*,*,#3563,.T.);
#3563 = EDGE_CURVE('',#3376,#3564,#3566,.T.);
#3564 = VERTEX_POINT('',#3565);
#3565 = CARTESIAN_POINT('',(0.5,-0.34,0.77));
#3566 = LINE('',#3567,#3568);
#3567 = CARTESIAN_POINT('',(-0.5,-0.34,0.77));
#3568 = VECTOR('',#3569,1.);
#3569 = DIRECTION('',(1.,0.,0.));
#3570 = ORIENTED_EDGE('',*,*,#3571,.T.);
#3571 = EDGE_CURVE('',#3564,#3539,#3572,.T.);
#3572 = LINE('',#3573,#3574);
#3573 = CARTESIAN_POINT('',(0.5,-0.37,0.77));
#3574 = VECTOR('',#3575,1.);
#3575 = DIRECTION('',(0.,1.,0.));
#3576 = ORIENTED_EDGE('',*,*,#3538,.F.);
#3577 = PLANE('',#3578);
#3578 = AXIS2_PLACEMENT_3D('',#3579,#3580,#3581);
#3579 = CARTESIAN_POINT('',(-0.5,-0.37,0.77));
#3580 = DIRECTION('',(0.,0.,1.));
#3581 = DIRECTION('',(1.,0.,-0.));
#3582 = ADVANCED_FACE('',(#3583),#3602,.T.);
#3583 = FACE_BOUND('',#3584,.T.);
#3584 = EDGE_LOOP('',(#3585,#3593,#3600,#3601));
#3585 = ORIENTED_EDGE('',*,*,#3586,.T.);
#3586 = EDGE_CURVE('',#3368,#3587,#3589,.T.);
#3587 = VERTEX_POINT('',#3588);
#3588 = CARTESIAN_POINT('',(0.5,-0.37,0.74));
#3589 = LINE('',#3590,#3591);
#3590 = CARTESIAN_POINT('',(-0.5,-0.37,0.74));
#3591 = VECTOR('',#3592,1.);
#3592 = DIRECTION('',(1.,0.,0.));
#3593 = ORIENTED_EDGE('',*,*,#3594,.T.);
#3594 = EDGE_CURVE('',#3587,#3564,#3595,.T.);
#3595 = CIRCLE('',#3596,3.E-02);
#3596 = AXIS2_PLACEMENT_3D('',#3597,#3598,#3599);
#3597 = CARTESIAN_POINT('',(0.5,-0.34,0.74));
#3598 = DIRECTION('',(-1.,0.,0.));
#3599 = DIRECTION('',(0.,0.,1.));
#3600 = ORIENTED_EDGE('',*,*,#3563,.F.);
#3601 = ORIENTED_EDGE('',*,*,#3375,.F.);
#3602 = CYLINDRICAL_SURFACE('',#3603,3.E-02);
#3603 = AXIS2_PLACEMENT_3D('',#3604,#3605,#3606);
#3604 = CARTESIAN_POINT('',(-0.5,-0.34,0.74));
#3605 = DIRECTION('',(1.,0.,0.));
#3606 = DIRECTION('',(0.,-1.,0.));
#3607 = ADVANCED_FACE('',(#3608),#3619,.F.);
#3608 = FACE_BOUND('',#3609,.F.);
#3609 = EDGE_LOOP('',(#3610,#3616,#3617,#3618));
#3610 = ORIENTED_EDGE('',*,*,#3611,.F.);
#3611 = EDGE_CURVE('',#3442,#3587,#3612,.T.);
#3612 = LINE('',#3613,#3614);
#3613 = CARTESIAN_POINT('',(0.5,-0.37,3.E-02));
#3614 = VECTOR('',#3615,1.);
#3615 = DIRECTION('',(0.,0.,1.));
#3616 = ORIENTED_EDGE('',*,*,#3450,.F.);
#3617 = ORIENTED_EDGE('',*,*,#3367,.T.);
#3618 = ORIENTED_EDGE('',*,*,#3586,.T.);
#3619 = PLANE('',#3620);
#3620 = AXIS2_PLACEMENT_3D('',#3621,#3622,#3623);
#3621 = CARTESIAN_POINT('',(-0.5,-0.37,3.E-02));
#3622 = DIRECTION('',(0.,1.,0.));
#3623 = DIRECTION('',(0.,-0.,1.));
#3624 = ADVANCED_FACE('',(#3625,#3695),#3705,.F.);
#3625 = FACE_BOUND('',#3626,.F.);
#3626 = EDGE_LOOP('',(#3627,#3637,#3646,#3654,#3663,#3671,#3680,#3688));
#3627 = ORIENTED_EDGE('',*,*,#3628,.F.);
#3628 = EDGE_CURVE('',#3629,#3631,#3633,.T.);
#3629 = VERTEX_POINT('',#3630);
#3630 = CARTESIAN_POINT('',(0.5,-0.4,3.E-02));
#3631 = VERTEX_POINT('',#3632);
#3632 = CARTESIAN_POINT('',(0.5,-0.4,0.77));
#3633 = LINE('',#3634,#3635);
#3634 = CARTESIAN_POINT('',(0.5,-0.4,0.));
#3635 = VECTOR('',#3636,1.);
#3636 = DIRECTION('',(0.,0.,1.));
#3637 = ORIENTED_EDGE('',*,*,#3638,.T.);
#3638 = EDGE_CURVE('',#3629,#3639,#3641,.T.);
#3639 = VERTEX_POINT('',#3640);
#3640 = CARTESIAN_POINT('',(0.5,-0.37,0.));
#3641 = CIRCLE('',#3642,3.E-02);
#3642 = AXIS2_PLACEMENT_3D('',#3643,#3644,#3645);
#3643 = CARTESIAN_POINT('',(0.5,-0.37,3.E-02));
#3644 = DIRECTION('',(1.,0.,-0.));
#3645 = DIRECTION('',(0.,0.,1.));
#3646 = ORIENTED_EDGE('',*,*,#3647,.T.);
#3647 = EDGE_CURVE('',#3639,#3648,#3650,.T.);
#3648 = VERTEX_POINT('',#3649);
#3649 = CARTESIAN_POINT('',(0.5,0.37,0.));
#3650 = LINE('',#3651,#3652);
#3651 = CARTESIAN_POINT('',(0.5,-0.4,0.));
#3652 = VECTOR('',#3653,1.);
#3653 = DIRECTION('',(0.,1.,0.));
#3654 = ORIENTED_EDGE('',*,*,#3655,.F.);
#3655 = EDGE_CURVE('',#3656,#3648,#3658,.T.);
#3656 = VERTEX_POINT('',#3657);
#3657 = CARTESIAN_POINT('',(0.5,0.4,3.E-02));
#3658 = CIRCLE('',#3659,3.E-02);
#3659 = AXIS2_PLACEMENT_3D('',#3660,#3661,#3662);
#3660 = CARTESIAN_POINT('',(0.5,0.37,3.E-02));
#3661 = DIRECTION('',(-1.,0.,0.));
#3662 = DIRECTION('',(0.,0.,1.));
#3663 = ORIENTED_EDGE('',*,*,#3664,.T.);
#3664 = EDGE_CURVE('',#3656,#3665,#3667,.T.);
#3665 = VERTEX_POINT('',#3666);
#3666 = CARTESIAN_POINT('',(0.5,0.4,0.77));
#3667 = LINE('',#3668,#3669);
#3668 = CARTESIAN_POINT('',(0.5,0.4,0.));
#3669 = VECTOR('',#3670,1.);
#3670 = DIRECTION('',(0.,0.,1.));
#3671 = ORIENTED_EDGE('',*,*,#3672,.T.);
#3672 = EDGE_CURVE('',#3665,#3673,#3675,.T.);
#3673 = VERTEX_POINT('',#3674);
#3674 = CARTESIAN_POINT('',(0.5,0.37,0.8));
#3675 = CIRCLE('',#3676,3.E-02);
#3676 = AXIS2_PLACEMENT_3D('',#3677,#3678,#3679);
#3677 = CARTESIAN_POINT('',(0.5,0.37,0.77));
#3678 = DIRECTION('',(1.,0.,-0.));
#3679 = DIRECTION('',(0.,0.,1.));
#3680 = ORIENTED_EDGE('',*,*,#3681,.F.);
#3681 = EDGE_CURVE('',#3682,#3673,#3684,.T.);
#3682 = VERTEX_POINT('',#3683);
#3683 = CARTESIAN_POINT('',(0.5,-0.37,0.8));
#3684 = LINE('',#3685,#3686);
#3685 = CARTESIAN_POINT('',(0.5,-0.4,0.8));
#3686 = VECTOR('',#3687,1.);
#3687 = DIRECTION('',(0.,1.,0.));
#3688 = ORIENTED_EDGE('',*,*,#3689,.F.);
#3689 = EDGE_CURVE('',#3631,#3682,#3690,.T.);
#3690 = CIRCLE('',#3691,3.E-02);
#3691 = AXIS2_PLACEMENT_3D('',#3692,#3693,#3694);
#3692 = CARTESIAN_POINT('',(0.5,-0.37,0.77));
#3693 = DIRECTION('',(-1.,0.,0.));
#3694 = DIRECTION('',(0.,0.,1.));
#3695 = FACE_BOUND('',#3696,.F.);
#3696 = EDGE_LOOP('',(#3697,#3698,#3699,#3700,#3701,#3702,#3703,#3704));
#3697 = ORIENTED_EDGE('',*,*,#3441,.F.);
#3698 = ORIENTED_EDGE('',*,*,#3611,.T.);
#3699 = ORIENTED_EDGE('',*,*,#3594,.T.);
#3700 = ORIENTED_EDGE('',*,*,#3571,.T.);
#3701 = ORIENTED_EDGE('',*,*,#3546,.F.);
#3702 = ORIENTED_EDGE('',*,*,#3513,.F.);
#3703 = ORIENTED_EDGE('',*,*,#3496,.T.);
#3704 = ORIENTED_EDGE('',*,*,#3466,.F.);
#3705 = PLANE('',#3706);
#3706 = AXIS2_PLACEMENT_3D('',#3707,#3708,#3709);
#3707 = CARTESIAN_POINT('',(0.5,-0.4,0.));
#3708 = DIRECTION('',(1.,0.,0.));
#3709 = DIRECTION('',(0.,0.,1.));
#3710 = ADVANCED_FACE('',(#3711),#3736,.F.);
#3711 = FACE_BOUND('',#3712,.F.);
#3712 = EDGE_LOOP('',(#3713,#3723,#3729,#3730));
#3713 = ORIENTED_EDGE('',*,*,#3714,.F.);
#3714 = EDGE_CURVE('',#3715,#3717,#3719,.T.);
#3715 = VERTEX_POINT('',#3716);
#3716 = CARTESIAN_POINT('',(0.8,-0.4,3.E-02));
#3717 = VERTEX_POINT('',#3718);
#3718 = CARTESIAN_POINT('',(0.8,-0.4,0.77));
#3719 = LINE('',#3720,#3721);
#3720 = CARTESIAN_POINT('',(0.8,-0.4,0.));
#3721 = VECTOR('',#3722,1.);
#3722 = DIRECTION('',(0.,0.,1.));
#3723 = ORIENTED_EDGE('',*,*,#3724,.F.);
#3724 = EDGE_CURVE('',#3629,#3715,#3725,.T.);
#3725 = LINE('',#3726,#3727);
#3726 = CARTESIAN_POINT('',(0.5,-0.4,3.E-02));
#3727 = VECTOR('',#3728,1.);
#3728 = DIRECTION('',(1.,0.,0.));
#3729 = ORIENTED_EDGE('',*,*,#3628,.T.);
#3730 = ORIENTED_EDGE('',*,*,#3731,.T.);
#3731 = EDGE_CURVE('',#3631,#3717,#3732,.T.);
#3732 = LINE('',#3733,#3734);
#3733 = CARTESIAN_POINT('',(0.5,-0.4,0.77));
#3734 = VECTOR('',#3735,1.);
#3735 = DIRECTION('',(1.,0.,0.));
#3736 = PLANE('',#3737);
#3737 = AXIS2_PLACEMENT_3D('',#3738,#3739,#3740);
#3738 = CARTESIAN_POINT('',(0.5,-0.4,0.));
#3739 = DIRECTION('',(0.,1.,0.));
#3740 = DIRECTION('',(0.,-0.,1.));
#3741 = ADVANCED_FACE('',(#3742),#3761,.T.);
#3742 = FACE_BOUND('',#3743,.T.);
#3743 = EDGE_LOOP('',(#3744,#3745,#3753,#3760));
#3744 = ORIENTED_EDGE('',*,*,#3638,.T.);
#3745 = ORIENTED_EDGE('',*,*,#3746,.T.);
#3746 = EDGE_CURVE('',#3639,#3747,#3749,.T.);
#3747 = VERTEX_POINT('',#3748);
#3748 = CARTESIAN_POINT('',(0.8,-0.37,0.));
#3749 = LINE('',#3750,#3751);
#3750 = CARTESIAN_POINT('',(0.5,-0.37,0.));
#3751 = VECTOR('',#3752,1.);
#3752 = DIRECTION('',(1.,0.,0.));
#3753 = ORIENTED_EDGE('',*,*,#3754,.F.);
#3754 = EDGE_CURVE('',#3715,#3747,#3755,.T.);
#3755 = CIRCLE('',#3756,3.E-02);
#3756 = AXIS2_PLACEMENT_3D('',#3757,#3758,#3759);
#3757 = CARTESIAN_POINT('',(0.8,-0.37,3.E-02));
#3758 = DIRECTION('',(1.,0.,-0.));
#3759 = DIRECTION('',(0.,0.,1.));
#3760 = ORIENTED_EDGE('',*,*,#3724,.F.);
#3761 = CYLINDRICAL_SURFACE('',#3762,3.E-02);
#3762 = AXIS2_PLACEMENT_3D('',#3763,#3764,#3765);
#3763 = CARTESIAN_POINT('',(0.5,-0.37,3.E-02));
#3764 = DIRECTION('',(1.,0.,0.));
#3765 = DIRECTION('',(0.,-1.,0.));
#3766 = ADVANCED_FACE('',(#3767),#3786,.T.);
#3767 = FACE_BOUND('',#3768,.T.);
#3768 = EDGE_LOOP('',(#3769,#3770,#3779,#3785));
#3769 = ORIENTED_EDGE('',*,*,#3731,.T.);
#3770 = ORIENTED_EDGE('',*,*,#3771,.T.);
#3771 = EDGE_CURVE('',#3717,#3772,#3774,.T.);
#3772 = VERTEX_POINT('',#3773);
#3773 = CARTESIAN_POINT('',(0.8,-0.37,0.8));
#3774 = CIRCLE('',#3775,3.E-02);
#3775 = AXIS2_PLACEMENT_3D('',#3776,#3777,#3778);
#3776 = CARTESIAN_POINT('',(0.8,-0.37,0.77));
#3777 = DIRECTION('',(-1.,0.,0.));
#3778 = DIRECTION('',(0.,0.,1.));
#3779 = ORIENTED_EDGE('',*,*,#3780,.F.);
#3780 = EDGE_CURVE('',#3682,#3772,#3781,.T.);
#3781 = LINE('',#3782,#3783);
#3782 = CARTESIAN_POINT('',(0.5,-0.37,0.8));
#3783 = VECTOR('',#3784,1.);
#3784 = DIRECTION('',(1.,0.,0.));
#3785 = ORIENTED_EDGE('',*,*,#3689,.F.);
#3786 = CYLINDRICAL_SURFACE('',#3787,3.E-02);
#3787 = AXIS2_PLACEMENT_3D('',#3788,#3789,#3790);
#3788 = CARTESIAN_POINT('',(0.5,-0.37,0.77));
#3789 = DIRECTION('',(1.,0.,0.));
#3790 = DIRECTION('',(0.,-1.,0.));
#3791 = ADVANCED_FACE('',(#3792),#3810,.F.);
#3792 = FACE_BOUND('',#3793,.F.);
#3793 = EDGE_LOOP('',(#3794,#3795,#3796,#3804));
#3794 = ORIENTED_EDGE('',*,*,#3647,.F.);
#3795 = ORIENTED_EDGE('',*,*,#3746,.T.);
#3796 = ORIENTED_EDGE('',*,*,#3797,.T.);
#3797 = EDGE_CURVE('',#3747,#3798,#3800,.T.);
#3798 = VERTEX_POINT('',#3799);
#3799 = CARTESIAN_POINT('',(0.8,0.37,0.));
#3800 = LINE('',#3801,#3802);
#3801 = CARTESIAN_POINT('',(0.8,-0.4,0.));
#3802 = VECTOR('',#3803,1.);
#3803 = DIRECTION('',(0.,1.,0.));
#3804 = ORIENTED_EDGE('',*,*,#3805,.F.);
#3805 = EDGE_CURVE('',#3648,#3798,#3806,.T.);
#3806 = LINE('',#3807,#3808);
#3807 = CARTESIAN_POINT('',(0.5,0.37,0.));
#3808 = VECTOR('',#3809,1.);
#3809 = DIRECTION('',(1.,0.,0.));
#3810 = PLANE('',#3811);
#3811 = AXIS2_PLACEMENT_3D('',#3812,#3813,#3814);
#3812 = CARTESIAN_POINT('',(0.5,-0.4,0.));
#3813 = DIRECTION('',(0.,0.,1.));
#3814 = DIRECTION('',(1.,0.,-0.));
#3815 = ADVANCED_FACE('',(#3816),#3834,.T.);
#3816 = FACE_BOUND('',#3817,.T.);
#3817 = EDGE_LOOP('',(#3818,#3819,#3820,#3828));
#3818 = ORIENTED_EDGE('',*,*,#3681,.F.);
#3819 = ORIENTED_EDGE('',*,*,#3780,.T.);
#3820 = ORIENTED_EDGE('',*,*,#3821,.T.);
#3821 = EDGE_CURVE('',#3772,#3822,#3824,.T.);
#3822 = VERTEX_POINT('',#3823);
#3823 = CARTESIAN_POINT('',(0.8,0.37,0.8));
#3824 = LINE('',#3825,#3826);
#3825 = CARTESIAN_POINT('',(0.8,-0.4,0.8));
#3826 = VECTOR('',#3827,1.);
#3827 = DIRECTION('',(0.,1.,0.));
#3828 = ORIENTED_EDGE('',*,*,#3829,.F.);
#3829 = EDGE_CURVE('',#3673,#3822,#3830,.T.);
#3830 = LINE('',#3831,#3832);
#3831 = CARTESIAN_POINT('',(0.5,0.37,0.8));
#3832 = VECTOR('',#3833,1.);
#3833 = DIRECTION('',(1.,0.,0.));
#3834 = PLANE('',#3835);
#3835 = AXIS2_PLACEMENT_3D('',#3836,#3837,#3838);
#3836 = CARTESIAN_POINT('',(0.5,-0.4,0.8));
#3837 = DIRECTION('',(0.,0.,1.));
#3838 = DIRECTION('',(1.,0.,-0.));
#3839 = ADVANCED_FACE('',(#3840),#3859,.T.);
#3840 = FACE_BOUND('',#3841,.T.);
#3841 = EDGE_LOOP('',(#3842,#3850,#3857,#3858));
#3842 = ORIENTED_EDGE('',*,*,#3843,.T.);
#3843 = EDGE_CURVE('',#3656,#3844,#3846,.T.);
#3844 = VERTEX_POINT('',#3845);
#3845 = CARTESIAN_POINT('',(0.8,0.4,3.E-02));
#3846 = LINE('',#3847,#3848);
#3847 = CARTESIAN_POINT('',(0.5,0.4,3.E-02));
#3848 = VECTOR('',#3849,1.);
#3849 = DIRECTION('',(1.,0.,0.));
#3850 = ORIENTED_EDGE('',*,*,#3851,.T.);
#3851 = EDGE_CURVE('',#3844,#3798,#3852,.T.);
#3852 = CIRCLE('',#3853,3.E-02);
#3853 = AXIS2_PLACEMENT_3D('',#3854,#3855,#3856);
#3854 = CARTESIAN_POINT('',(0.8,0.37,3.E-02));
#3855 = DIRECTION('',(-1.,0.,0.));
#3856 = DIRECTION('',(0.,0.,1.));
#3857 = ORIENTED_EDGE('',*,*,#3805,.F.);
#3858 = ORIENTED_EDGE('',*,*,#3655,.F.);
#3859 = CYLINDRICAL_SURFACE('',#3860,3.E-02);
#3860 = AXIS2_PLACEMENT_3D('',#3861,#3862,#3863);
#3861 = CARTESIAN_POINT('',(0.5,0.37,3.E-02));
#3862 = DIRECTION('',(1.,0.,0.));
#3863 = DIRECTION('',(-0.,1.,0.));
#3864 = ADVANCED_FACE('',(#3865),#3884,.T.);
#3865 = FACE_BOUND('',#3866,.T.);
#3866 = EDGE_LOOP('',(#3867,#3868,#3869,#3878));
#3867 = ORIENTED_EDGE('',*,*,#3672,.T.);
#3868 = ORIENTED_EDGE('',*,*,#3829,.T.);
#3869 = ORIENTED_EDGE('',*,*,#3870,.F.);
#3870 = EDGE_CURVE('',#3871,#3822,#3873,.T.);
#3871 = VERTEX_POINT('',#3872);
#3872 = CARTESIAN_POINT('',(0.8,0.4,0.77));
#3873 = CIRCLE('',#3874,3.E-02);
#3874 = AXIS2_PLACEMENT_3D('',#3875,#3876,#3877);
#3875 = CARTESIAN_POINT('',(0.8,0.37,0.77));
#3876 = DIRECTION('',(1.,0.,-0.));
#3877 = DIRECTION('',(0.,0.,1.));
#3878 = ORIENTED_EDGE('',*,*,#3879,.F.);
#3879 = EDGE_CURVE('',#3665,#3871,#3880,.T.);
#3880 = LINE('',#3881,#3882);
#3881 = CARTESIAN_POINT('',(0.5,0.4,0.77));
#3882 = VECTOR('',#3883,1.);
#3883 = DIRECTION('',(1.,0.,0.));
#3884 = CYLINDRICAL_SURFACE('',#3885,3.E-02);
#3885 = AXIS2_PLACEMENT_3D('',#3886,#3887,#3888);
#3886 = CARTESIAN_POINT('',(0.5,0.37,0.77));
#3887 = DIRECTION('',(1.,0.,0.));
#3888 = DIRECTION('',(-0.,1.,0.));
#3889 = ADVANCED_FACE('',(#3890),#3901,.T.);
#3890 = FACE_BOUND('',#3891,.T.);
#3891 = EDGE_LOOP('',(#3892,#3898,#3899,#3900));
#3892 = ORIENTED_EDGE('',*,*,#3893,.F.);
#3893 = EDGE_CURVE('',#3844,#3871,#3894,.T.);
#3894 = LINE('',#3895,#3896);
#3895 = CARTESIAN_POINT('',(0.8,0.4,0.));
#3896 = VECTOR('',#3897,1.);
#3897 = DIRECTION('',(0.,0.,1.));
#3898 = ORIENTED_EDGE('',*,*,#3843,.F.);
#3899 = ORIENTED_EDGE('',*,*,#3664,.T.);
#3900 = ORIENTED_EDGE('',*,*,#3879,.T.);
#3901 = PLANE('',#3902);
#3902 = AXIS2_PLACEMENT_3D('',#3903,#3904,#3905);
#3903 = CARTESIAN_POINT('',(0.5,0.4,0.));
#3904 = DIRECTION('',(0.,1.,0.));
#3905 = DIRECTION('',(0.,-0.,1.));
#3906 = ADVANCED_FACE('',(#3907),#3917,.T.);
#3907 = FACE_BOUND('',#3908,.T.);
#3908 = EDGE_LOOP('',(#3909,#3910,#3911,#3912,#3913,#3914,#3915,#3916));
#3909 = ORIENTED_EDGE('',*,*,#3714,.F.);
#3910 = ORIENTED_EDGE('',*,*,#3754,.T.);
#3911 = ORIENTED_EDGE('',*,*,#3797,.T.);
#3912 = ORIENTED_EDGE('',*,*,#3851,.F.);
#3913 = ORIENTED_EDGE('',*,*,#3893,.T.);
#3914 = ORIENTED_EDGE('',*,*,#3870,.T.);
#3915 = ORIENTED_EDGE('',*,*,#3821,.F.);
#3916 = ORIENTED_EDGE('',*,*,#3771,.F.);
#3917 = PLANE('',#3918);
#3918 = AXIS2_PLACEMENT_3D('',#3919,#3920,#3921);
#3919 = CARTESIAN_POINT('',(0.8,-0.4,0.));
#3920 = DIRECTION('',(1.,0.,0.));
#3921 = DIRECTION('',(0.,0.,1.));
#3922 = ( GEOMETRIC_REPRESENTATION_CONTEXT(3) 
GLOBAL_UNCERTAINTY_ASSIGNED_CONTEXT((#3926)) 
GLOBAL_UNIT_ASSIGNED_CONTEXT((#3923,#3924,#3925)) REPRESENTATION_CONTEXT
('Context #1','3D Context with UNIT and UNCERTAINTY') );
#3923 = ( LENGTH_UNIT() NAMED_UNIT(*) SI_UNIT(.MILLI.,.METRE.) );
#3924 = ( NAMED_UNIT(*) PLANE_ANGLE_UNIT() SI_UNIT($,.RADIAN.) );
#3925 = ( NAMED_UNIT(*) SI_UNIT($,.STERADIAN.) SOLID_ANGLE_UNIT() );
#3926 = UNCERTAINTY_MEASURE_WITH_UNIT(LENGTH_MEASURE(1.E-07),#3923,
  'distance_accuracy_value','confusion accuracy');
#3927 = CONTEXT_DEPENDENT_SHAPE_REPRESENTATION(#3928,#3930);
#3928 = ( REPRESENTATION_RELATIONSHIP('','',#3067,#3044) 
REPRESENTATION_RELATIONSHIP_WITH_TRANSFORMATION(#3929) 
SHAPE_REPRESENTATION_RELATIONSHIP() );
#3929 = ITEM_DEFINED_TRANSFORMATION('','',#11,#3045);
#3930 = PRODUCT_DEFINITION_SHAPE('Placement','Placement of an item',
  #3931);
#3931 = NEXT_ASSEMBLY_USAGE_OCCURRENCE('5','=>[0:1:1:7]','',#3039,#3062,
  $);
#3932 = PRODUCT_RELATED_PRODUCT_CATEGORY('part',$,(#3064));
#3933 = CONTEXT_DEPENDENT_SHAPE_REPRESENTATION(#3934,#3936);
#3934 = ( REPRESENTATION_RELATIONSHIP('','',#124,#10) 
REPRESENTATION_RELATIONSHIP_WITH_TRANSFORMATION(#3935) 
SHAPE_REPRESENTATION_RELATIONSHIP() );
#3935 = ITEM_DEFINED_TRANSFORMATION('','',#11,#27);
#3936 = PRODUCT_DEFINITION_SHAPE('Placement','Placement of an item',
  #3937);
#3937 = NEXT_ASSEMBLY_USAGE_OCCURRENCE('7','C7','',#5,#119,$);
#3938 = SHAPE_DEFINITION_REPRESENTATION(#3939,#3945);
#3939 = PRODUCT_DEFINITION_SHAPE('','',#3940);
#3940 = PRODUCT_DEFINITION('design','',#3941,#3944);
#3941 = PRODUCT_DEFINITION_FORMATION('','',#3942);
#3942 = PRODUCT('D_SOD-123','D_SOD-123','',(#3943));
#3943 = PRODUCT_CONTEXT('',#2,'mechanical');
#3944 = PRODUCT_DEFINITION_CONTEXT('part definition',#2,'design');
#3945 = SHAPE_REPRESENTATION('',(#11,#3946),#3950);
#3946 = AXIS2_PLACEMENT_3D('',#3947,#3948,#3949);
#3947 = CARTESIAN_POINT('',(0.,0.,0.));
#3948 = DIRECTION('',(0.,0.,1.));
#3949 = DIRECTION('',(1.,0.,-0.));
#3950 = ( GEOMETRIC_REPRESENTATION_CONTEXT(3) 
GLOBAL_UNCERTAINTY_ASSIGNED_CONTEXT((#3954)) 
GLOBAL_UNIT_ASSIGNED_CONTEXT((#3951,#3952,#3953)) REPRESENTATION_CONTEXT
('Context #1','3D Context with UNIT and UNCERTAINTY') );
#3951 = ( LENGTH_UNIT() NAMED_UNIT(*) SI_UNIT(.MILLI.,.METRE.) );
#3952 = ( NAMED_UNIT(*) PLANE_ANGLE_UNIT() SI_UNIT($,.RADIAN.) );
#3953 = ( NAMED_UNIT(*) SI_UNIT($,.STERADIAN.) SOLID_ANGLE_UNIT() );
#3954 = UNCERTAINTY_MEASURE_WITH_UNIT(LENGTH_MEASURE(1.E-07),#3951,
  'distance_accuracy_value','confusion accuracy');
#3955 = CONTEXT_DEPENDENT_SHAPE_REPRESENTATION(#3956,#3958);
#3956 = ( REPRESENTATION_RELATIONSHIP('','',#3945,#10) 
REPRESENTATION_RELATIONSHIP_WITH_TRANSFORMATION(#3957) 
SHAPE_REPRESENTATION_RELATIONSHIP() );
#3957 = ITEM_DEFINED_TRANSFORMATION('','',#11,#31);
#3958 = PRODUCT_DEFINITION_SHAPE('Placement','Placement of an item',
  #3959);
#3959 = NEXT_ASSEMBLY_USAGE_OCCURRENCE('9','D1','',#5,#3940,$);
#3960 = PRODUCT_RELATED_PRODUCT_CATEGORY('part',$,(#3942));
#3961 = SHAPE_DEFINITION_REPRESENTATION(#3962,#3968);
#3962 = PRODUCT_DEFINITION_SHAPE('','',#3963);
#3963 = PRODUCT_DEFINITION('design','',#3964,#3967);
#3964 = PRODUCT_DEFINITION_FORMATION('','',#3965);
#3965 = PRODUCT('D_SOD-123','D_SOD-123','',(#3966));
#3966 = PRODUCT_CONTEXT('',#2,'mechanical');
#3967 = PRODUCT_DEFINITION_CONTEXT('part definition',#2,'design');
#3968 = ADVANCED_BREP_SHAPE_REPRESENTATION('',(#11,#3969),#5657);
#3969 = MANIFOLD_SOLID_BREP('',#3970);
#3970 = CLOSED_SHELL('',(#3971,#4025,#4088,#4111,#4141,#4174,#4204,#4227
    ,#4250,#4273,#4296,#4319,#4352,#4375,#4398,#4486,#4561,#4585,#4653,
    #4741,#4757,#4773,#4789,#4805,#4822,#4855,#4872,#4894,#4925,#4948,
    #4971,#4994,#5024,#5041,#5058,#5075,#5092,#5109,#5126,#5143,#5155,
    #5178,#5201,#5218,#5293,#5317,#5385,#5402,#5452,#5469,#5486,#5503,
    #5520,#5537,#5549,#5580,#5604,#5628,#5645));
#3971 = ADVANCED_FACE('',(#3972),#4020,.F.);
#3972 = FACE_BOUND('',#3973,.F.);
#3973 = EDGE_LOOP('',(#3974,#3984,#3991,#3999,#4007,#4015));
#3974 = ORIENTED_EDGE('',*,*,#3975,.T.);
#3975 = EDGE_CURVE('',#3976,#3978,#3980,.T.);
#3976 = VERTEX_POINT('',#3977);
#3977 = CARTESIAN_POINT('',(-1.308243103516,-0.671621551758,0.1));
#3978 = VERTEX_POINT('',#3979);
#3979 = CARTESIAN_POINT('',(-1.308243103516,0.671621551758,0.1));
#3980 = LINE('',#3981,#3982);
#3981 = CARTESIAN_POINT('',(-1.308243103516,-0.671621551758,0.1));
#3982 = VECTOR('',#3983,1.);
#3983 = DIRECTION('',(0.,1.,0.));
#3984 = ORIENTED_EDGE('',*,*,#3985,.T.);
#3985 = EDGE_CURVE('',#3978,#3986,#3988,.T.);
#3986 = VERTEX_POINT('',#3987);
#3987 = CARTESIAN_POINT('',(-1.375,0.705,0.575));
#3988 = B_SPLINE_CURVE_WITH_KNOTS('',1,(#3989,#3990),.UNSPECIFIED.,.F.,
  .F.,(2,2),(0.,1.),.PIECEWISE_BEZIER_KNOTS.);
#3989 = CARTESIAN_POINT('',(-1.308243103516,0.671621551758,0.1));
#3990 = CARTESIAN_POINT('',(-1.375,0.705,0.575));
#3991 = ORIENTED_EDGE('',*,*,#3992,.F.);
#3992 = EDGE_CURVE('',#3993,#3986,#3995,.T.);
#3993 = VERTEX_POINT('',#3994);
#3994 = CARTESIAN_POINT('',(-1.375,0.325,0.575));
#3995 = LINE('',#3996,#3997);
#3996 = CARTESIAN_POINT('',(-1.375,-0.705,0.575));
#3997 = VECTOR('',#3998,1.);
#3998 = DIRECTION('',(0.,1.,0.));
#3999 = ORIENTED_EDGE('',*,*,#4000,.F.);
#4000 = EDGE_CURVE('',#4001,#3993,#4003,.T.);
#4001 = VERTEX_POINT('',#4002);
#4002 = CARTESIAN_POINT('',(-1.375,-0.325,0.575));
#4003 = LINE('',#4004,#4005);
#4004 = CARTESIAN_POINT('',(-1.375,-0.325,0.575));
#4005 = VECTOR('',#4006,1.);
#4006 = DIRECTION('',(1.110223024625E-16,1.,0.));
#4007 = ORIENTED_EDGE('',*,*,#4008,.F.);
#4008 = EDGE_CURVE('',#4009,#4001,#4011,.T.);
#4009 = VERTEX_POINT('',#4010);
#4010 = CARTESIAN_POINT('',(-1.375,-0.705,0.575));
#4011 = LINE('',#4012,#4013);
#4012 = CARTESIAN_POINT('',(-1.375,-0.705,0.575));
#4013 = VECTOR('',#4014,1.);
#4014 = DIRECTION('',(0.,1.,0.));
#4015 = ORIENTED_EDGE('',*,*,#4016,.F.);
#4016 = EDGE_CURVE('',#3976,#4009,#4017,.T.);
#4017 = B_SPLINE_CURVE_WITH_KNOTS('',1,(#4018,#4019),.UNSPECIFIED.,.F.,
  .F.,(2,2),(0.,1.),.PIECEWISE_BEZIER_KNOTS.);
#4018 = CARTESIAN_POINT('',(-1.308243103516,-0.671621551758,0.1));
#4019 = CARTESIAN_POINT('',(-1.375,-0.705,0.575));
#4020 = B_SPLINE_SURFACE_WITH_KNOTS('',1,1,(
    (#4021,#4022)
    ,(#4023,#4024
    )),.UNSPECIFIED.,.F.,.F.,.F.,(2,2),(2,2),(0.,1.41),(0.,1.),
  .PIECEWISE_BEZIER_KNOTS.);
#4021 = CARTESIAN_POINT('',(-1.308243103516,-0.671621551758,0.1));
#4022 = CARTESIAN_POINT('',(-1.375,-0.705,0.575));
#4023 = CARTESIAN_POINT('',(-1.308243103516,0.671621551758,0.1));
#4024 = CARTESIAN_POINT('',(-1.375,0.705,0.575));
#4025 = ADVANCED_FACE('',(#4026),#4083,.F.);
#4026 = FACE_BOUND('',#4027,.T.);
#4027 = EDGE_LOOP('',(#4028,#4029,#4037,#4045,#4053,#4061,#4069,#4077));
#4028 = ORIENTED_EDGE('',*,*,#3975,.T.);
#4029 = ORIENTED_EDGE('',*,*,#4030,.T.);
#4030 = EDGE_CURVE('',#3978,#4031,#4033,.T.);
#4031 = VERTEX_POINT('',#4032);
#4032 = CARTESIAN_POINT('',(-1.246621551758,0.733243103516,0.1));
#4033 = LINE('',#4034,#4035);
#4034 = CARTESIAN_POINT('',(-1.308243103516,0.671621551758,0.1));
#4035 = VECTOR('',#4036,1.);
#4036 = DIRECTION('',(0.707106781187,0.707106781187,0.));
#4037 = ORIENTED_EDGE('',*,*,#4038,.T.);
#4038 = EDGE_CURVE('',#4031,#4039,#4041,.T.);
#4039 = VERTEX_POINT('',#4040);
#4040 = CARTESIAN_POINT('',(1.246621551758,0.733243103516,0.1));
#4041 = LINE('',#4042,#4043);
#4042 = CARTESIAN_POINT('',(-1.246621551758,0.733243103516,0.1));
#4043 = VECTOR('',#4044,1.);
#4044 = DIRECTION('',(1.,0.,0.));
#4045 = ORIENTED_EDGE('',*,*,#4046,.T.);
#4046 = EDGE_CURVE('',#4039,#4047,#4049,.T.);
#4047 = VERTEX_POINT('',#4048);
#4048 = CARTESIAN_POINT('',(1.308243103516,0.671621551758,0.1));
#4049 = LINE('',#4050,#4051);
#4050 = CARTESIAN_POINT('',(1.246621551758,0.733243103516,0.1));
#4051 = VECTOR('',#4052,1.);
#4052 = DIRECTION('',(0.707106781187,-0.707106781187,0.));
#4053 = ORIENTED_EDGE('',*,*,#4054,.T.);
#4054 = EDGE_CURVE('',#4047,#4055,#4057,.T.);
#4055 = VERTEX_POINT('',#4056);
#4056 = CARTESIAN_POINT('',(1.308243103516,-0.671621551758,0.1));
#4057 = LINE('',#4058,#4059);
#4058 = CARTESIAN_POINT('',(1.308243103516,0.671621551758,0.1));
#4059 = VECTOR('',#4060,1.);
#4060 = DIRECTION('',(0.,-1.,0.));
#4061 = ORIENTED_EDGE('',*,*,#4062,.T.);
#4062 = EDGE_CURVE('',#4055,#4063,#4065,.T.);
#4063 = VERTEX_POINT('',#4064);
#4064 = CARTESIAN_POINT('',(1.246621551758,-0.733243103516,0.1));
#4065 = LINE('',#4066,#4067);
#4066 = CARTESIAN_POINT('',(1.308243103516,-0.671621551758,0.1));
#4067 = VECTOR('',#4068,1.);
#4068 = DIRECTION('',(-0.707106781187,-0.707106781187,0.));
#4069 = ORIENTED_EDGE('',*,*,#4070,.T.);
#4070 = EDGE_CURVE('',#4063,#4071,#4073,.T.);
#4071 = VERTEX_POINT('',#4072);
#4072 = CARTESIAN_POINT('',(-1.246621551758,-0.733243103516,0.1));
#4073 = LINE('',#4074,#4075);
#4074 = CARTESIAN_POINT('',(1.246621551758,-0.733243103516,0.1));
#4075 = VECTOR('',#4076,1.);
#4076 = DIRECTION('',(-1.,0.,0.));
#4077 = ORIENTED_EDGE('',*,*,#4078,.T.);
#4078 = EDGE_CURVE('',#4071,#3976,#4079,.T.);
#4079 = LINE('',#4080,#4081);
#4080 = CARTESIAN_POINT('',(-1.246621551758,-0.733243103516,0.1));
#4081 = VECTOR('',#4082,1.);
#4082 = DIRECTION('',(-0.707106781187,0.707106781187,0.));
#4083 = PLANE('',#4084);
#4084 = AXIS2_PLACEMENT_3D('',#4085,#4086,#4087);
#4085 = CARTESIAN_POINT('',(-1.308243103516,-0.671621551758,0.1));
#4086 = DIRECTION('',(0.,0.,1.));
#4087 = DIRECTION('',(0.889616464678,0.456708381546,-0.));
#4088 = ADVANCED_FACE('',(#4089),#4106,.F.);
#4089 = FACE_BOUND('',#4090,.F.);
#4090 = EDGE_LOOP('',(#4091,#4092,#4099,#4105));
#4091 = ORIENTED_EDGE('',*,*,#4030,.T.);
#4092 = ORIENTED_EDGE('',*,*,#4093,.T.);
#4093 = EDGE_CURVE('',#4031,#4094,#4096,.T.);
#4094 = VERTEX_POINT('',#4095);
#4095 = CARTESIAN_POINT('',(-1.28,0.8,0.575));
#4096 = B_SPLINE_CURVE_WITH_KNOTS('',1,(#4097,#4098),.UNSPECIFIED.,.F.,
  .F.,(2,2),(0.,1.),.PIECEWISE_BEZIER_KNOTS.);
#4097 = CARTESIAN_POINT('',(-1.246621551758,0.733243103516,0.1));
#4098 = CARTESIAN_POINT('',(-1.28,0.8,0.575));
#4099 = ORIENTED_EDGE('',*,*,#4100,.F.);
#4100 = EDGE_CURVE('',#3986,#4094,#4101,.T.);
#4101 = LINE('',#4102,#4103);
#4102 = CARTESIAN_POINT('',(-1.375,0.705,0.575));
#4103 = VECTOR('',#4104,1.);
#4104 = DIRECTION('',(0.707106781187,0.707106781187,0.));
#4105 = ORIENTED_EDGE('',*,*,#3985,.F.);
#4106 = B_SPLINE_SURFACE_WITH_KNOTS('',1,1,(
    (#4107,#4108)
    ,(#4109,#4110
    )),.UNSPECIFIED.,.F.,.F.,.F.,(2,2),(2,2),(0.,0.134350288425),(0.,1.)
  ,.PIECEWISE_BEZIER_KNOTS.);
#4107 = CARTESIAN_POINT('',(-1.308243103516,0.671621551758,0.1));
#4108 = CARTESIAN_POINT('',(-1.375,0.705,0.575));
#4109 = CARTESIAN_POINT('',(-1.246621551758,0.733243103516,0.1));
#4110 = CARTESIAN_POINT('',(-1.28,0.8,0.575));
#4111 = ADVANCED_FACE('',(#4112),#4136,.F.);
#4112 = FACE_BOUND('',#4113,.F.);
#4113 = EDGE_LOOP('',(#4114,#4121,#4122,#4130));
#4114 = ORIENTED_EDGE('',*,*,#4115,.F.);
#4115 = EDGE_CURVE('',#4009,#4116,#4118,.T.);
#4116 = VERTEX_POINT('',#4117);
#4117 = CARTESIAN_POINT('',(-1.375,-0.705,0.775));
#4118 = B_SPLINE_CURVE_WITH_KNOTS('',1,(#4119,#4120),.UNSPECIFIED.,.F.,
  .F.,(2,2),(0.,1.),.PIECEWISE_BEZIER_KNOTS.);
#4119 = CARTESIAN_POINT('',(-1.375,-0.705,0.575));
#4120 = CARTESIAN_POINT('',(-1.375,-0.705,0.775));
#4121 = ORIENTED_EDGE('',*,*,#4008,.T.);
#4122 = ORIENTED_EDGE('',*,*,#4123,.T.);
#4123 = EDGE_CURVE('',#4001,#4124,#4126,.T.);
#4124 = VERTEX_POINT('',#4125);
#4125 = CARTESIAN_POINT('',(-1.375,-0.325,0.775));
#4126 = LINE('',#4127,#4128);
#4127 = CARTESIAN_POINT('',(-1.375,-0.325,0.579830288983));
#4128 = VECTOR('',#4129,1.);
#4129 = DIRECTION('',(0.,0.,1.));
#4130 = ORIENTED_EDGE('',*,*,#4131,.F.);
#4131 = EDGE_CURVE('',#4116,#4124,#4132,.T.);
#4132 = LINE('',#4133,#4134);
#4133 = CARTESIAN_POINT('',(-1.375,-0.705,0.775));
#4134 = VECTOR('',#4135,1.);
#4135 = DIRECTION('',(0.,1.,0.));
#4136 = PLANE('',#4137);
#4137 = AXIS2_PLACEMENT_3D('',#4138,#4139,#4140);
#4138 = CARTESIAN_POINT('',(-1.375,-0.705,0.775));
#4139 = DIRECTION('',(1.,0.,0.));
#4140 = DIRECTION('',(-0.,1.,0.));
#4141 = ADVANCED_FACE('',(#4142),#4169,.F.);
#4142 = FACE_BOUND('',#4143,.F.);
#4143 = EDGE_LOOP('',(#4144,#4145,#4154,#4162));
#4144 = ORIENTED_EDGE('',*,*,#4000,.T.);
#4145 = ORIENTED_EDGE('',*,*,#4146,.T.);
#4146 = EDGE_CURVE('',#3993,#4147,#4149,.T.);
#4147 = VERTEX_POINT('',#4148);
#4148 = CARTESIAN_POINT('',(-1.493176930361,0.325,0.47583778132));
#4149 = CIRCLE('',#4150,0.12);
#4150 = AXIS2_PLACEMENT_3D('',#4151,#4152,#4153);
#4151 = CARTESIAN_POINT('',(-1.375,0.325,0.455));
#4152 = DIRECTION('',(-1.110223024625E-16,-1.,0.));
#4153 = DIRECTION('',(9.251858538543E-16,-1.027162637006E-31,1.));
#4154 = ORIENTED_EDGE('',*,*,#4155,.F.);
#4155 = EDGE_CURVE('',#4156,#4147,#4158,.T.);
#4156 = VERTEX_POINT('',#4157);
#4157 = CARTESIAN_POINT('',(-1.493176930361,-0.325,0.47583778132));
#4158 = LINE('',#4159,#4160);
#4159 = CARTESIAN_POINT('',(-1.493176930361,-0.325,0.47583778132));
#4160 = VECTOR('',#4161,1.);
#4161 = DIRECTION('',(1.110223024625E-16,1.,0.));
#4162 = ORIENTED_EDGE('',*,*,#4163,.F.);
#4163 = EDGE_CURVE('',#4001,#4156,#4164,.T.);
#4164 = CIRCLE('',#4165,0.12);
#4165 = AXIS2_PLACEMENT_3D('',#4166,#4167,#4168);
#4166 = CARTESIAN_POINT('',(-1.375,-0.325,0.455));
#4167 = DIRECTION('',(-1.110223024625E-16,-1.,0.));
#4168 = DIRECTION('',(9.251858538543E-16,-1.027162637006E-31,1.));
#4169 = CYLINDRICAL_SURFACE('',#4170,0.12);
#4170 = AXIS2_PLACEMENT_3D('',#4171,#4172,#4173);
#4171 = CARTESIAN_POINT('',(-1.375,-0.325,0.455));
#4172 = DIRECTION('',(-1.110223024625E-16,-1.,0.));
#4173 = DIRECTION('',(9.251858538543E-16,-1.027162637006E-31,1.));
#4174 = ADVANCED_FACE('',(#4175),#4199,.F.);
#4175 = FACE_BOUND('',#4176,.F.);
#4176 = EDGE_LOOP('',(#4177,#4185,#4186,#4193));
#4177 = ORIENTED_EDGE('',*,*,#4178,.F.);
#4178 = EDGE_CURVE('',#3993,#4179,#4181,.T.);
#4179 = VERTEX_POINT('',#4180);
#4180 = CARTESIAN_POINT('',(-1.375,0.325,0.775));
#4181 = LINE('',#4182,#4183);
#4182 = CARTESIAN_POINT('',(-1.375,0.325,0.579830288983));
#4183 = VECTOR('',#4184,1.);
#4184 = DIRECTION('',(0.,0.,1.));
#4185 = ORIENTED_EDGE('',*,*,#3992,.T.);
#4186 = ORIENTED_EDGE('',*,*,#4187,.T.);
#4187 = EDGE_CURVE('',#3986,#4188,#4190,.T.);
#4188 = VERTEX_POINT('',#4189);
#4189 = CARTESIAN_POINT('',(-1.375,0.705,0.775));
#4190 = B_SPLINE_CURVE_WITH_KNOTS('',1,(#4191,#4192),.UNSPECIFIED.,.F.,
  .F.,(2,2),(0.,1.),.PIECEWISE_BEZIER_KNOTS.);
#4191 = CARTESIAN_POINT('',(-1.375,0.705,0.575));
#4192 = CARTESIAN_POINT('',(-1.375,0.705,0.775));
#4193 = ORIENTED_EDGE('',*,*,#4194,.F.);
#4194 = EDGE_CURVE('',#4179,#4188,#4195,.T.);
#4195 = LINE('',#4196,#4197);
#4196 = CARTESIAN_POINT('',(-1.375,-0.705,0.775));
#4197 = VECTOR('',#4198,1.);
#4198 = DIRECTION('',(0.,1.,0.));
#4199 = PLANE('',#4200);
#4200 = AXIS2_PLACEMENT_3D('',#4201,#4202,#4203);
#4201 = CARTESIAN_POINT('',(-1.375,-0.705,0.775));
#4202 = DIRECTION('',(1.,0.,0.));
#4203 = DIRECTION('',(-0.,1.,0.));
#4204 = ADVANCED_FACE('',(#4205),#4222,.F.);
#4205 = FACE_BOUND('',#4206,.F.);
#4206 = EDGE_LOOP('',(#4207,#4208,#4209,#4217));
#4207 = ORIENTED_EDGE('',*,*,#4078,.T.);
#4208 = ORIENTED_EDGE('',*,*,#4016,.T.);
#4209 = ORIENTED_EDGE('',*,*,#4210,.F.);
#4210 = EDGE_CURVE('',#4211,#4009,#4213,.T.);
#4211 = VERTEX_POINT('',#4212);
#4212 = CARTESIAN_POINT('',(-1.28,-0.8,0.575));
#4213 = LINE('',#4214,#4215);
#4214 = CARTESIAN_POINT('',(-1.28,-0.8,0.575));
#4215 = VECTOR('',#4216,1.);
#4216 = DIRECTION('',(-0.707106781187,0.707106781187,0.));
#4217 = ORIENTED_EDGE('',*,*,#4218,.F.);
#4218 = EDGE_CURVE('',#4071,#4211,#4219,.T.);
#4219 = B_SPLINE_CURVE_WITH_KNOTS('',1,(#4220,#4221),.UNSPECIFIED.,.F.,
  .F.,(2,2),(0.,1.),.PIECEWISE_BEZIER_KNOTS.);
#4220 = CARTESIAN_POINT('',(-1.246621551758,-0.733243103516,0.1));
#4221 = CARTESIAN_POINT('',(-1.28,-0.8,0.575));
#4222 = B_SPLINE_SURFACE_WITH_KNOTS('',1,1,(
    (#4223,#4224)
    ,(#4225,#4226
    )),.UNSPECIFIED.,.F.,.F.,.F.,(2,2),(2,2),(0.,0.134350288425),(0.,1.)
  ,.PIECEWISE_BEZIER_KNOTS.);
#4223 = CARTESIAN_POINT('',(-1.246621551758,-0.733243103516,0.1));
#4224 = CARTESIAN_POINT('',(-1.28,-0.8,0.575));
#4225 = CARTESIAN_POINT('',(-1.308243103516,-0.671621551758,0.1));
#4226 = CARTESIAN_POINT('',(-1.375,-0.705,0.575));
#4227 = ADVANCED_FACE('',(#4228),#4245,.F.);
#4228 = FACE_BOUND('',#4229,.F.);
#4229 = EDGE_LOOP('',(#4230,#4231,#4232,#4240));
#4230 = ORIENTED_EDGE('',*,*,#4070,.T.);
#4231 = ORIENTED_EDGE('',*,*,#4218,.T.);
#4232 = ORIENTED_EDGE('',*,*,#4233,.F.);
#4233 = EDGE_CURVE('',#4234,#4211,#4236,.T.);
#4234 = VERTEX_POINT('',#4235);
#4235 = CARTESIAN_POINT('',(1.28,-0.8,0.575));
#4236 = LINE('',#4237,#4238);
#4237 = CARTESIAN_POINT('',(1.28,-0.8,0.575));
#4238 = VECTOR('',#4239,1.);
#4239 = DIRECTION('',(-1.,0.,0.));
#4240 = ORIENTED_EDGE('',*,*,#4241,.F.);
#4241 = EDGE_CURVE('',#4063,#4234,#4242,.T.);
#4242 = B_SPLINE_CURVE_WITH_KNOTS('',1,(#4243,#4244),.UNSPECIFIED.,.F.,
  .F.,(2,2),(0.,1.),.PIECEWISE_BEZIER_KNOTS.);
#4243 = CARTESIAN_POINT('',(1.246621551758,-0.733243103516,0.1));
#4244 = CARTESIAN_POINT('',(1.28,-0.8,0.575));
#4245 = B_SPLINE_SURFACE_WITH_KNOTS('',1,1,(
    (#4246,#4247)
    ,(#4248,#4249
    )),.UNSPECIFIED.,.F.,.F.,.F.,(2,2),(2,2),(0.,2.56),(0.,1.),
  .PIECEWISE_BEZIER_KNOTS.);
#4246 = CARTESIAN_POINT('',(1.246621551758,-0.733243103516,0.1));
#4247 = CARTESIAN_POINT('',(1.28,-0.8,0.575));
#4248 = CARTESIAN_POINT('',(-1.246621551758,-0.733243103516,0.1));
#4249 = CARTESIAN_POINT('',(-1.28,-0.8,0.575));
#4250 = ADVANCED_FACE('',(#4251),#4268,.F.);
#4251 = FACE_BOUND('',#4252,.F.);
#4252 = EDGE_LOOP('',(#4253,#4254,#4261,#4267));
#4253 = ORIENTED_EDGE('',*,*,#4038,.T.);
#4254 = ORIENTED_EDGE('',*,*,#4255,.T.);
#4255 = EDGE_CURVE('',#4039,#4256,#4258,.T.);
#4256 = VERTEX_POINT('',#4257);
#4257 = CARTESIAN_POINT('',(1.28,0.8,0.575));
#4258 = B_SPLINE_CURVE_WITH_KNOTS('',1,(#4259,#4260),.UNSPECIFIED.,.F.,
  .F.,(2,2),(0.,1.),.PIECEWISE_BEZIER_KNOTS.);
#4259 = CARTESIAN_POINT('',(1.246621551758,0.733243103516,0.1));
#4260 = CARTESIAN_POINT('',(1.28,0.8,0.575));
#4261 = ORIENTED_EDGE('',*,*,#4262,.F.);
#4262 = EDGE_CURVE('',#4094,#4256,#4263,.T.);
#4263 = LINE('',#4264,#4265);
#4264 = CARTESIAN_POINT('',(-1.28,0.8,0.575));
#4265 = VECTOR('',#4266,1.);
#4266 = DIRECTION('',(1.,0.,0.));
#4267 = ORIENTED_EDGE('',*,*,#4093,.F.);
#4268 = B_SPLINE_SURFACE_WITH_KNOTS('',1,1,(
    (#4269,#4270)
    ,(#4271,#4272
    )),.UNSPECIFIED.,.F.,.F.,.F.,(2,2),(2,2),(0.,2.56),(0.,1.),
  .PIECEWISE_BEZIER_KNOTS.);
#4269 = CARTESIAN_POINT('',(-1.246621551758,0.733243103516,0.1));
#4270 = CARTESIAN_POINT('',(-1.28,0.8,0.575));
#4271 = CARTESIAN_POINT('',(1.246621551758,0.733243103516,0.1));
#4272 = CARTESIAN_POINT('',(1.28,0.8,0.575));
#4273 = ADVANCED_FACE('',(#4274),#4291,.F.);
#4274 = FACE_BOUND('',#4275,.F.);
#4275 = EDGE_LOOP('',(#4276,#4277,#4278,#4286));
#4276 = ORIENTED_EDGE('',*,*,#4062,.T.);
#4277 = ORIENTED_EDGE('',*,*,#4241,.T.);
#4278 = ORIENTED_EDGE('',*,*,#4279,.F.);
#4279 = EDGE_CURVE('',#4280,#4234,#4282,.T.);
#4280 = VERTEX_POINT('',#4281);
#4281 = CARTESIAN_POINT('',(1.375,-0.705,0.575));
#4282 = LINE('',#4283,#4284);
#4283 = CARTESIAN_POINT('',(1.375,-0.705,0.575));
#4284 = VECTOR('',#4285,1.);
#4285 = DIRECTION('',(-0.707106781187,-0.707106781187,0.));
#4286 = ORIENTED_EDGE('',*,*,#4287,.F.);
#4287 = EDGE_CURVE('',#4055,#4280,#4288,.T.);
#4288 = B_SPLINE_CURVE_WITH_KNOTS('',1,(#4289,#4290),.UNSPECIFIED.,.F.,
  .F.,(2,2),(0.,1.),.PIECEWISE_BEZIER_KNOTS.);
#4289 = CARTESIAN_POINT('',(1.308243103516,-0.671621551758,0.1));
#4290 = CARTESIAN_POINT('',(1.375,-0.705,0.575));
#4291 = B_SPLINE_SURFACE_WITH_KNOTS('',1,1,(
    (#4292,#4293)
    ,(#4294,#4295
    )),.UNSPECIFIED.,.F.,.F.,.F.,(2,2),(2,2),(0.,0.134350288425),(0.,1.)
  ,.PIECEWISE_BEZIER_KNOTS.);
#4292 = CARTESIAN_POINT('',(1.308243103516,-0.671621551758,0.1));
#4293 = CARTESIAN_POINT('',(1.375,-0.705,0.575));
#4294 = CARTESIAN_POINT('',(1.246621551758,-0.733243103516,0.1));
#4295 = CARTESIAN_POINT('',(1.28,-0.8,0.575));
#4296 = ADVANCED_FACE('',(#4297),#4314,.F.);
#4297 = FACE_BOUND('',#4298,.F.);
#4298 = EDGE_LOOP('',(#4299,#4300,#4307,#4313));
#4299 = ORIENTED_EDGE('',*,*,#4046,.T.);
#4300 = ORIENTED_EDGE('',*,*,#4301,.T.);
#4301 = EDGE_CURVE('',#4047,#4302,#4304,.T.);
#4302 = VERTEX_POINT('',#4303);
#4303 = CARTESIAN_POINT('',(1.375,0.705,0.575));
#4304 = B_SPLINE_CURVE_WITH_KNOTS('',1,(#4305,#4306),.UNSPECIFIED.,.F.,
  .F.,(2,2),(0.,1.),.PIECEWISE_BEZIER_KNOTS.);
#4305 = CARTESIAN_POINT('',(1.308243103516,0.671621551758,0.1));
#4306 = CARTESIAN_POINT('',(1.375,0.705,0.575));
#4307 = ORIENTED_EDGE('',*,*,#4308,.F.);
#4308 = EDGE_CURVE('',#4256,#4302,#4309,.T.);
#4309 = LINE('',#4310,#4311);
#4310 = CARTESIAN_POINT('',(1.28,0.8,0.575));
#4311 = VECTOR('',#4312,1.);
#4312 = DIRECTION('',(0.707106781187,-0.707106781187,0.));
#4313 = ORIENTED_EDGE('',*,*,#4255,.F.);
#4314 = B_SPLINE_SURFACE_WITH_KNOTS('',1,1,(
    (#4315,#4316)
    ,(#4317,#4318
    )),.UNSPECIFIED.,.F.,.F.,.F.,(2,2),(2,2),(0.,0.134350288425),(0.,1.)
  ,.PIECEWISE_BEZIER_KNOTS.);
#4315 = CARTESIAN_POINT('',(1.246621551758,0.733243103516,0.1));
#4316 = CARTESIAN_POINT('',(1.28,0.8,0.575));
#4317 = CARTESIAN_POINT('',(1.308243103516,0.671621551758,0.1));
#4318 = CARTESIAN_POINT('',(1.375,0.705,0.575));
#4319 = ADVANCED_FACE('',(#4320),#4347,.F.);
#4320 = FACE_BOUND('',#4321,.F.);
#4321 = EDGE_LOOP('',(#4322,#4323,#4324,#4332,#4340,#4346));
#4322 = ORIENTED_EDGE('',*,*,#4054,.T.);
#4323 = ORIENTED_EDGE('',*,*,#4287,.T.);
#4324 = ORIENTED_EDGE('',*,*,#4325,.F.);
#4325 = EDGE_CURVE('',#4326,#4280,#4328,.T.);
#4326 = VERTEX_POINT('',#4327);
#4327 = CARTESIAN_POINT('',(1.375,-0.325,0.575));
#4328 = LINE('',#4329,#4330);
#4329 = CARTESIAN_POINT('',(1.375,0.705,0.575));
#4330 = VECTOR('',#4331,1.);
#4331 = DIRECTION('',(0.,-1.,0.));
#4332 = ORIENTED_EDGE('',*,*,#4333,.F.);
#4333 = EDGE_CURVE('',#4334,#4326,#4336,.T.);
#4334 = VERTEX_POINT('',#4335);
#4335 = CARTESIAN_POINT('',(1.375,0.325,0.575));
#4336 = LINE('',#4337,#4338);
#4337 = CARTESIAN_POINT('',(1.375,0.325,0.575));
#4338 = VECTOR('',#4339,1.);
#4339 = DIRECTION('',(-2.22044604925E-16,-1.,0.));
#4340 = ORIENTED_EDGE('',*,*,#4341,.F.);
#4341 = EDGE_CURVE('',#4302,#4334,#4342,.T.);
#4342 = LINE('',#4343,#4344);
#4343 = CARTESIAN_POINT('',(1.375,0.705,0.575));
#4344 = VECTOR('',#4345,1.);
#4345 = DIRECTION('',(0.,-1.,0.));
#4346 = ORIENTED_EDGE('',*,*,#4301,.F.);
#4347 = B_SPLINE_SURFACE_WITH_KNOTS('',1,1,(
    (#4348,#4349)
    ,(#4350,#4351
    )),.UNSPECIFIED.,.F.,.F.,.F.,(2,2),(2,2),(0.,1.41),(0.,1.),
  .PIECEWISE_BEZIER_KNOTS.);
#4348 = CARTESIAN_POINT('',(1.308243103516,0.671621551758,0.1));
#4349 = CARTESIAN_POINT('',(1.375,0.705,0.575));
#4350 = CARTESIAN_POINT('',(1.308243103516,-0.671621551758,0.1));
#4351 = CARTESIAN_POINT('',(1.375,-0.705,0.575));
#4352 = ADVANCED_FACE('',(#4353),#4370,.F.);
#4353 = FACE_BOUND('',#4354,.F.);
#4354 = EDGE_LOOP('',(#4355,#4356,#4363,#4369));
#4355 = ORIENTED_EDGE('',*,*,#4100,.T.);
#4356 = ORIENTED_EDGE('',*,*,#4357,.T.);
#4357 = EDGE_CURVE('',#4094,#4358,#4360,.T.);
#4358 = VERTEX_POINT('',#4359);
#4359 = CARTESIAN_POINT('',(-1.28,0.8,0.775));
#4360 = B_SPLINE_CURVE_WITH_KNOTS('',1,(#4361,#4362),.UNSPECIFIED.,.F.,
  .F.,(2,2),(0.,1.),.PIECEWISE_BEZIER_KNOTS.);
#4361 = CARTESIAN_POINT('',(-1.28,0.8,0.575));
#4362 = CARTESIAN_POINT('',(-1.28,0.8,0.775));
#4363 = ORIENTED_EDGE('',*,*,#4364,.F.);
#4364 = EDGE_CURVE('',#4188,#4358,#4365,.T.);
#4365 = LINE('',#4366,#4367);
#4366 = CARTESIAN_POINT('',(-1.375,0.705,0.775));
#4367 = VECTOR('',#4368,1.);
#4368 = DIRECTION('',(0.707106781187,0.707106781187,0.));
#4369 = ORIENTED_EDGE('',*,*,#4187,.F.);
#4370 = PLANE('',#4371);
#4371 = AXIS2_PLACEMENT_3D('',#4372,#4373,#4374);
#4372 = CARTESIAN_POINT('',(-1.375,0.705,0.775));
#4373 = DIRECTION('',(0.707106781187,-0.707106781187,0.));
#4374 = DIRECTION('',(0.707106781187,0.707106781187,0.));
#4375 = ADVANCED_FACE('',(#4376),#4393,.F.);
#4376 = FACE_BOUND('',#4377,.F.);
#4377 = EDGE_LOOP('',(#4378,#4379,#4380,#4388));
#4378 = ORIENTED_EDGE('',*,*,#4210,.T.);
#4379 = ORIENTED_EDGE('',*,*,#4115,.T.);
#4380 = ORIENTED_EDGE('',*,*,#4381,.F.);
#4381 = EDGE_CURVE('',#4382,#4116,#4384,.T.);
#4382 = VERTEX_POINT('',#4383);
#4383 = CARTESIAN_POINT('',(-1.28,-0.8,0.775));
#4384 = LINE('',#4385,#4386);
#4385 = CARTESIAN_POINT('',(-1.28,-0.8,0.775));
#4386 = VECTOR('',#4387,1.);
#4387 = DIRECTION('',(-0.707106781187,0.707106781187,0.));
#4388 = ORIENTED_EDGE('',*,*,#4389,.F.);
#4389 = EDGE_CURVE('',#4211,#4382,#4390,.T.);
#4390 = B_SPLINE_CURVE_WITH_KNOTS('',1,(#4391,#4392),.UNSPECIFIED.,.F.,
  .F.,(2,2),(0.,1.),.PIECEWISE_BEZIER_KNOTS.);
#4391 = CARTESIAN_POINT('',(-1.28,-0.8,0.575));
#4392 = CARTESIAN_POINT('',(-1.28,-0.8,0.775));
#4393 = PLANE('',#4394);
#4394 = AXIS2_PLACEMENT_3D('',#4395,#4396,#4397);
#4395 = CARTESIAN_POINT('',(-1.28,-0.8,0.775));
#4396 = DIRECTION('',(0.707106781187,0.707106781187,0.));
#4397 = DIRECTION('',(-0.707106781187,0.707106781187,0.));
#4398 = ADVANCED_FACE('',(#4399),#4481,.F.);
#4399 = FACE_BOUND('',#4400,.F.);
#4400 = EDGE_LOOP('',(#4401,#4402,#4403,#4411,#4419,#4427,#4435,#4443,
    #4451,#4459,#4467,#4475));
#4401 = ORIENTED_EDGE('',*,*,#4381,.T.);
#4402 = ORIENTED_EDGE('',*,*,#4131,.T.);
#4403 = ORIENTED_EDGE('',*,*,#4404,.T.);
#4404 = EDGE_CURVE('',#4124,#4405,#4407,.T.);
#4405 = VERTEX_POINT('',#4406);
#4406 = CARTESIAN_POINT('',(-1.35,-0.325,0.775));
#4407 = LINE('',#4408,#4409);
#4408 = CARTESIAN_POINT('',(-1.375,-0.325,0.775));
#4409 = VECTOR('',#4410,1.);
#4410 = DIRECTION('',(1.,-1.110223024625E-16,0.));
#4411 = ORIENTED_EDGE('',*,*,#4412,.F.);
#4412 = EDGE_CURVE('',#4413,#4405,#4415,.T.);
#4413 = VERTEX_POINT('',#4414);
#4414 = CARTESIAN_POINT('',(-1.35,-0.6925,0.775));
#4415 = LINE('',#4416,#4417);
#4416 = CARTESIAN_POINT('',(-1.35,-0.6925,0.775));
#4417 = VECTOR('',#4418,1.);
#4418 = DIRECTION('',(0.,1.,0.));
#4419 = ORIENTED_EDGE('',*,*,#4420,.F.);
#4420 = EDGE_CURVE('',#4421,#4413,#4423,.T.);
#4421 = VERTEX_POINT('',#4422);
#4422 = CARTESIAN_POINT('',(-1.2675,-0.775,0.775));
#4423 = LINE('',#4424,#4425);
#4424 = CARTESIAN_POINT('',(-1.2675,-0.775,0.775));
#4425 = VECTOR('',#4426,1.);
#4426 = DIRECTION('',(-0.707106781187,0.707106781187,0.));
#4427 = ORIENTED_EDGE('',*,*,#4428,.F.);
#4428 = EDGE_CURVE('',#4429,#4421,#4431,.T.);
#4429 = VERTEX_POINT('',#4430);
#4430 = CARTESIAN_POINT('',(1.2675,-0.775,0.775));
#4431 = LINE('',#4432,#4433);
#4432 = CARTESIAN_POINT('',(1.2675,-0.775,0.775));
#4433 = VECTOR('',#4434,1.);
#4434 = DIRECTION('',(-1.,0.,0.));
#4435 = ORIENTED_EDGE('',*,*,#4436,.F.);
#4436 = EDGE_CURVE('',#4437,#4429,#4439,.T.);
#4437 = VERTEX_POINT('',#4438);
#4438 = CARTESIAN_POINT('',(1.35,-0.6925,0.775));
#4439 = LINE('',#4440,#4441);
#4440 = CARTESIAN_POINT('',(1.35,-0.6925,0.775));
#4441 = VECTOR('',#4442,1.);
#4442 = DIRECTION('',(-0.707106781187,-0.707106781187,0.));
#4443 = ORIENTED_EDGE('',*,*,#4444,.F.);
#4444 = EDGE_CURVE('',#4445,#4437,#4447,.T.);
#4445 = VERTEX_POINT('',#4446);
#4446 = CARTESIAN_POINT('',(1.35,-0.325,0.775));
#4447 = LINE('',#4448,#4449);
#4448 = CARTESIAN_POINT('',(1.35,0.6925,0.775));
#4449 = VECTOR('',#4450,1.);
#4450 = DIRECTION('',(0.,-1.,0.));
#4451 = ORIENTED_EDGE('',*,*,#4452,.F.);
#4452 = EDGE_CURVE('',#4453,#4445,#4455,.T.);
#4453 = VERTEX_POINT('',#4454);
#4454 = CARTESIAN_POINT('',(1.375,-0.325,0.775));
#4455 = LINE('',#4456,#4457);
#4456 = CARTESIAN_POINT('',(1.375,-0.325,0.775));
#4457 = VECTOR('',#4458,1.);
#4458 = DIRECTION('',(-1.,2.22044604925E-16,0.));
#4459 = ORIENTED_EDGE('',*,*,#4460,.T.);
#4460 = EDGE_CURVE('',#4453,#4461,#4463,.T.);
#4461 = VERTEX_POINT('',#4462);
#4462 = CARTESIAN_POINT('',(1.375,-0.705,0.775));
#4463 = LINE('',#4464,#4465);
#4464 = CARTESIAN_POINT('',(1.375,0.705,0.775));
#4465 = VECTOR('',#4466,1.);
#4466 = DIRECTION('',(0.,-1.,0.));
#4467 = ORIENTED_EDGE('',*,*,#4468,.T.);
#4468 = EDGE_CURVE('',#4461,#4469,#4471,.T.);
#4469 = VERTEX_POINT('',#4470);
#4470 = CARTESIAN_POINT('',(1.28,-0.8,0.775));
#4471 = LINE('',#4472,#4473);
#4472 = CARTESIAN_POINT('',(1.375,-0.705,0.775));
#4473 = VECTOR('',#4474,1.);
#4474 = DIRECTION('',(-0.707106781187,-0.707106781187,0.));
#4475 = ORIENTED_EDGE('',*,*,#4476,.T.);
#4476 = EDGE_CURVE('',#4469,#4382,#4477,.T.);
#4477 = LINE('',#4478,#4479);
#4478 = CARTESIAN_POINT('',(1.28,-0.8,0.775));
#4479 = VECTOR('',#4480,1.);
#4480 = DIRECTION('',(-1.,0.,0.));
#4481 = PLANE('',#4482);
#4482 = AXIS2_PLACEMENT_3D('',#4483,#4484,#4485);
#4483 = CARTESIAN_POINT('',(-1.3625,-4.954714324773E-17,0.775));
#4484 = DIRECTION('',(-7.340317518656E-17,9.85275154485E-18,-1.));
#4485 = DIRECTION('',(7.342878714278E-20,1.,9.85275154485E-18));
#4486 = ADVANCED_FACE('',(#4487),#4556,.F.);
#4487 = FACE_BOUND('',#4488,.F.);
#4488 = EDGE_LOOP('',(#4489,#4490,#4491,#4499,#4508,#4516,#4524,#4532,
    #4541,#4549));
#4489 = ORIENTED_EDGE('',*,*,#4123,.F.);
#4490 = ORIENTED_EDGE('',*,*,#4163,.T.);
#4491 = ORIENTED_EDGE('',*,*,#4492,.T.);
#4492 = EDGE_CURVE('',#4156,#4493,#4495,.T.);
#4493 = VERTEX_POINT('',#4494);
#4494 = CARTESIAN_POINT('',(-1.523665661432,-0.325,0.264432583147));
#4495 = LINE('',#4496,#4497);
#4496 = CARTESIAN_POINT('',(-1.493176930361,-0.325,0.47583778132));
#4497 = VECTOR('',#4498,1.);
#4498 = DIRECTION('',(-0.142742572604,1.584760906992E-17,-0.989759848633
    ));
#4499 = ORIENTED_EDGE('',*,*,#4500,.T.);
#4500 = EDGE_CURVE('',#4493,#4501,#4503,.T.);
#4501 = VERTEX_POINT('',#4502);
#4502 = CARTESIAN_POINT('',(-1.838804142396,-0.325,-5.551115123126E-17)
  );
#4503 = CIRCLE('',#4504,0.32);
#4504 = AXIS2_PLACEMENT_3D('',#4505,#4506,#4507);
#4505 = CARTESIAN_POINT('',(-1.838804142396,-0.325,0.32));
#4506 = DIRECTION('',(1.110223024625E-16,1.,0.));
#4507 = DIRECTION('',(0.984807753012,-1.093356242223E-16,-0.173648177667
    ));
#4508 = ORIENTED_EDGE('',*,*,#4509,.T.);
#4509 = EDGE_CURVE('',#4501,#4510,#4512,.T.);
#4510 = VERTEX_POINT('',#4511);
#4511 = CARTESIAN_POINT('',(-1.9,-0.325,-5.551115123126E-17));
#4512 = LINE('',#4513,#4514);
#4513 = CARTESIAN_POINT('',(-1.838804142396,-0.325,-5.551115123126E-17)
  );
#4514 = VECTOR('',#4515,1.);
#4515 = DIRECTION('',(-1.,1.110223024625E-16,0.));
#4516 = ORIENTED_EDGE('',*,*,#4517,.T.);
#4517 = EDGE_CURVE('',#4510,#4518,#4520,.T.);
#4518 = VERTEX_POINT('',#4519);
#4519 = CARTESIAN_POINT('',(-1.9,-0.325,0.2));
#4520 = LINE('',#4521,#4522);
#4521 = CARTESIAN_POINT('',(-1.9,-0.325,-5.551115123126E-17));
#4522 = VECTOR('',#4523,1.);
#4523 = DIRECTION('',(0.,0.,1.));
#4524 = ORIENTED_EDGE('',*,*,#4525,.T.);
#4525 = EDGE_CURVE('',#4518,#4526,#4528,.T.);
#4526 = VERTEX_POINT('',#4527);
#4527 = CARTESIAN_POINT('',(-1.838804142396,-0.325,0.2));
#4528 = LINE('',#4529,#4530);
#4529 = CARTESIAN_POINT('',(-1.9,-0.325,0.2));
#4530 = VECTOR('',#4531,1.);
#4531 = DIRECTION('',(1.,-1.110223024625E-16,0.));
#4532 = ORIENTED_EDGE('',*,*,#4533,.T.);
#4533 = EDGE_CURVE('',#4526,#4534,#4536,.T.);
#4534 = VERTEX_POINT('',#4535);
#4535 = CARTESIAN_POINT('',(-1.720627212034,-0.325,0.29916221868));
#4536 = CIRCLE('',#4537,0.12);
#4537 = AXIS2_PLACEMENT_3D('',#4538,#4539,#4540);
#4538 = CARTESIAN_POINT('',(-1.838804142396,-0.325,0.32));
#4539 = DIRECTION('',(-1.110223024625E-16,-1.,0.));
#4540 = DIRECTION('',(1.850371707709E-15,-2.054325274013E-31,-1.));
#4541 = ORIENTED_EDGE('',*,*,#4542,.T.);
#4542 = EDGE_CURVE('',#4534,#4543,#4545,.T.);
#4543 = VERTEX_POINT('',#4544);
#4544 = CARTESIAN_POINT('',(-1.690138480964,-0.325,0.510567416853));
#4545 = LINE('',#4546,#4547);
#4546 = CARTESIAN_POINT('',(-1.720627212034,-0.325,0.29916221868));
#4547 = VECTOR('',#4548,1.);
#4548 = DIRECTION('',(0.142742572604,-1.584760906992E-17,0.989759848633)
  );
#4549 = ORIENTED_EDGE('',*,*,#4550,.T.);
#4550 = EDGE_CURVE('',#4543,#4124,#4551,.T.);
#4551 = CIRCLE('',#4552,0.32);
#4552 = AXIS2_PLACEMENT_3D('',#4553,#4554,#4555);
#4553 = CARTESIAN_POINT('',(-1.375,-0.325,0.455));
#4554 = DIRECTION('',(1.110223024625E-16,1.,0.));
#4555 = DIRECTION('',(-0.984807753012,1.093356242223E-16,0.173648177667)
  );
#4556 = PLANE('',#4557);
#4557 = AXIS2_PLACEMENT_3D('',#4558,#4559,#4560);
#4558 = CARTESIAN_POINT('',(-1.610729118287,-0.325,0.384660577966));
#4559 = DIRECTION('',(1.110223024625E-16,1.,0.));
#4560 = DIRECTION('',(0.,-0.,1.));
#4561 = ADVANCED_FACE('',(#4562),#4580,.F.);
#4562 = FACE_BOUND('',#4563,.F.);
#4563 = EDGE_LOOP('',(#4564,#4565,#4573,#4579));
#4564 = ORIENTED_EDGE('',*,*,#4155,.T.);
#4565 = ORIENTED_EDGE('',*,*,#4566,.T.);
#4566 = EDGE_CURVE('',#4147,#4567,#4569,.T.);
#4567 = VERTEX_POINT('',#4568);
#4568 = CARTESIAN_POINT('',(-1.523665661432,0.325,0.264432583147));
#4569 = LINE('',#4570,#4571);
#4570 = CARTESIAN_POINT('',(-1.493176930361,0.325,0.47583778132));
#4571 = VECTOR('',#4572,1.);
#4572 = DIRECTION('',(-0.142742572604,1.584760906992E-17,-0.989759848633
    ));
#4573 = ORIENTED_EDGE('',*,*,#4574,.F.);
#4574 = EDGE_CURVE('',#4493,#4567,#4575,.T.);
#4575 = LINE('',#4576,#4577);
#4576 = CARTESIAN_POINT('',(-1.523665661432,-0.325,0.264432583147));
#4577 = VECTOR('',#4578,1.);
#4578 = DIRECTION('',(1.110223024625E-16,1.,0.));
#4579 = ORIENTED_EDGE('',*,*,#4492,.F.);
#4580 = PLANE('',#4581);
#4581 = AXIS2_PLACEMENT_3D('',#4582,#4583,#4584);
#4582 = CARTESIAN_POINT('',(-1.493176930361,-0.325,0.47583778132));
#4583 = DIRECTION('',(-0.989759848633,1.098854172802E-16,0.142742572604)
  );
#4584 = DIRECTION('',(-0.142742572604,1.584760906992E-17,-0.989759848633
    ));
#4585 = ADVANCED_FACE('',(#4586),#4648,.T.);
#4586 = FACE_BOUND('',#4587,.T.);
#4587 = EDGE_LOOP('',(#4588,#4589,#4590,#4591,#4600,#4608,#4616,#4624,
    #4633,#4641));
#4588 = ORIENTED_EDGE('',*,*,#4178,.F.);
#4589 = ORIENTED_EDGE('',*,*,#4146,.T.);
#4590 = ORIENTED_EDGE('',*,*,#4566,.T.);
#4591 = ORIENTED_EDGE('',*,*,#4592,.T.);
#4592 = EDGE_CURVE('',#4567,#4593,#4595,.T.);
#4593 = VERTEX_POINT('',#4594);
#4594 = CARTESIAN_POINT('',(-1.838804142396,0.325,-5.551115123126E-17));
#4595 = CIRCLE('',#4596,0.32);
#4596 = AXIS2_PLACEMENT_3D('',#4597,#4598,#4599);
#4597 = CARTESIAN_POINT('',(-1.838804142396,0.325,0.32));
#4598 = DIRECTION('',(1.110223024625E-16,1.,0.));
#4599 = DIRECTION('',(0.984807753012,-1.093356242223E-16,-0.173648177667
    ));
#4600 = ORIENTED_EDGE('',*,*,#4601,.T.);
#4601 = EDGE_CURVE('',#4593,#4602,#4604,.T.);
#4602 = VERTEX_POINT('',#4603);
#4603 = CARTESIAN_POINT('',(-1.9,0.325,-5.551115123126E-17));
#4604 = LINE('',#4605,#4606);
#4605 = CARTESIAN_POINT('',(-1.838804142396,0.325,-5.551115123126E-17));
#4606 = VECTOR('',#4607,1.);
#4607 = DIRECTION('',(-1.,1.110223024625E-16,0.));
#4608 = ORIENTED_EDGE('',*,*,#4609,.T.);
#4609 = EDGE_CURVE('',#4602,#4610,#4612,.T.);
#4610 = VERTEX_POINT('',#4611);
#4611 = CARTESIAN_POINT('',(-1.9,0.325,0.2));
#4612 = LINE('',#4613,#4614);
#4613 = CARTESIAN_POINT('',(-1.9,0.325,-5.551115123126E-17));
#4614 = VECTOR('',#4615,1.);
#4615 = DIRECTION('',(0.,0.,1.));
#4616 = ORIENTED_EDGE('',*,*,#4617,.T.);
#4617 = EDGE_CURVE('',#4610,#4618,#4620,.T.);
#4618 = VERTEX_POINT('',#4619);
#4619 = CARTESIAN_POINT('',(-1.838804142396,0.325,0.2));
#4620 = LINE('',#4621,#4622);
#4621 = CARTESIAN_POINT('',(-1.9,0.325,0.2));
#4622 = VECTOR('',#4623,1.);
#4623 = DIRECTION('',(1.,-1.110223024625E-16,0.));
#4624 = ORIENTED_EDGE('',*,*,#4625,.T.);
#4625 = EDGE_CURVE('',#4618,#4626,#4628,.T.);
#4626 = VERTEX_POINT('',#4627);
#4627 = CARTESIAN_POINT('',(-1.720627212034,0.325,0.29916221868));
#4628 = CIRCLE('',#4629,0.12);
#4629 = AXIS2_PLACEMENT_3D('',#4630,#4631,#4632);
#4630 = CARTESIAN_POINT('',(-1.838804142396,0.325,0.32));
#4631 = DIRECTION('',(-1.110223024625E-16,-1.,0.));
#4632 = DIRECTION('',(1.850371707709E-15,-2.054325274013E-31,-1.));
#4633 = ORIENTED_EDGE('',*,*,#4634,.T.);
#4634 = EDGE_CURVE('',#4626,#4635,#4637,.T.);
#4635 = VERTEX_POINT('',#4636);
#4636 = CARTESIAN_POINT('',(-1.690138480964,0.325,0.510567416853));
#4637 = LINE('',#4638,#4639);
#4638 = CARTESIAN_POINT('',(-1.720627212034,0.325,0.29916221868));
#4639 = VECTOR('',#4640,1.);
#4640 = DIRECTION('',(0.142742572604,-1.584760906992E-17,0.989759848633)
  );
#4641 = ORIENTED_EDGE('',*,*,#4642,.T.);
#4642 = EDGE_CURVE('',#4635,#4179,#4643,.T.);
#4643 = CIRCLE('',#4644,0.32);
#4644 = AXIS2_PLACEMENT_3D('',#4645,#4646,#4647);
#4645 = CARTESIAN_POINT('',(-1.375,0.325,0.455));
#4646 = DIRECTION('',(1.110223024625E-16,1.,0.));
#4647 = DIRECTION('',(-0.984807753012,1.093356242223E-16,0.173648177667)
  );
#4648 = PLANE('',#4649);
#4649 = AXIS2_PLACEMENT_3D('',#4650,#4651,#4652);
#4650 = CARTESIAN_POINT('',(-1.610729118287,0.325,0.384660577966));
#4651 = DIRECTION('',(1.110223024625E-16,1.,0.));
#4652 = DIRECTION('',(0.,-0.,1.));
#4653 = ADVANCED_FACE('',(#4654),#4736,.F.);
#4654 = FACE_BOUND('',#4655,.F.);
#4655 = EDGE_LOOP('',(#4656,#4664,#4665,#4666,#4674,#4682,#4690,#4698,
    #4706,#4714,#4722,#4730));
#4656 = ORIENTED_EDGE('',*,*,#4657,.F.);
#4657 = EDGE_CURVE('',#4179,#4658,#4660,.T.);
#4658 = VERTEX_POINT('',#4659);
#4659 = CARTESIAN_POINT('',(-1.35,0.325,0.775));
#4660 = LINE('',#4661,#4662);
#4661 = CARTESIAN_POINT('',(-1.375,0.325,0.775));
#4662 = VECTOR('',#4663,1.);
#4663 = DIRECTION('',(1.,-1.110223024625E-16,0.));
#4664 = ORIENTED_EDGE('',*,*,#4194,.T.);
#4665 = ORIENTED_EDGE('',*,*,#4364,.T.);
#4666 = ORIENTED_EDGE('',*,*,#4667,.T.);
#4667 = EDGE_CURVE('',#4358,#4668,#4670,.T.);
#4668 = VERTEX_POINT('',#4669);
#4669 = CARTESIAN_POINT('',(1.28,0.8,0.775));
#4670 = LINE('',#4671,#4672);
#4671 = CARTESIAN_POINT('',(-1.28,0.8,0.775));
#4672 = VECTOR('',#4673,1.);
#4673 = DIRECTION('',(1.,0.,0.));
#4674 = ORIENTED_EDGE('',*,*,#4675,.T.);
#4675 = EDGE_CURVE('',#4668,#4676,#4678,.T.);
#4676 = VERTEX_POINT('',#4677);
#4677 = CARTESIAN_POINT('',(1.375,0.705,0.775));
#4678 = LINE('',#4679,#4680);
#4679 = CARTESIAN_POINT('',(1.28,0.8,0.775));
#4680 = VECTOR('',#4681,1.);
#4681 = DIRECTION('',(0.707106781187,-0.707106781187,0.));
#4682 = ORIENTED_EDGE('',*,*,#4683,.T.);
#4683 = EDGE_CURVE('',#4676,#4684,#4686,.T.);
#4684 = VERTEX_POINT('',#4685);
#4685 = CARTESIAN_POINT('',(1.375,0.325,0.775));
#4686 = LINE('',#4687,#4688);
#4687 = CARTESIAN_POINT('',(1.375,0.705,0.775));
#4688 = VECTOR('',#4689,1.);
#4689 = DIRECTION('',(0.,-1.,0.));
#4690 = ORIENTED_EDGE('',*,*,#4691,.T.);
#4691 = EDGE_CURVE('',#4684,#4692,#4694,.T.);
#4692 = VERTEX_POINT('',#4693);
#4693 = CARTESIAN_POINT('',(1.35,0.325,0.775));
#4694 = LINE('',#4695,#4696);
#4695 = CARTESIAN_POINT('',(1.375,0.325,0.775));
#4696 = VECTOR('',#4697,1.);
#4697 = DIRECTION('',(-1.,2.22044604925E-16,0.));
#4698 = ORIENTED_EDGE('',*,*,#4699,.F.);
#4699 = EDGE_CURVE('',#4700,#4692,#4702,.T.);
#4700 = VERTEX_POINT('',#4701);
#4701 = CARTESIAN_POINT('',(1.35,0.6925,0.775));
#4702 = LINE('',#4703,#4704);
#4703 = CARTESIAN_POINT('',(1.35,0.6925,0.775));
#4704 = VECTOR('',#4705,1.);
#4705 = DIRECTION('',(0.,-1.,0.));
#4706 = ORIENTED_EDGE('',*,*,#4707,.F.);
#4707 = EDGE_CURVE('',#4708,#4700,#4710,.T.);
#4708 = VERTEX_POINT('',#4709);
#4709 = CARTESIAN_POINT('',(1.2675,0.775,0.775));
#4710 = LINE('',#4711,#4712);
#4711 = CARTESIAN_POINT('',(1.2675,0.775,0.775));
#4712 = VECTOR('',#4713,1.);
#4713 = DIRECTION('',(0.707106781187,-0.707106781187,0.));
#4714 = ORIENTED_EDGE('',*,*,#4715,.F.);
#4715 = EDGE_CURVE('',#4716,#4708,#4718,.T.);
#4716 = VERTEX_POINT('',#4717);
#4717 = CARTESIAN_POINT('',(-1.2675,0.775,0.775));
#4718 = LINE('',#4719,#4720);
#4719 = CARTESIAN_POINT('',(-1.2675,0.775,0.775));
#4720 = VECTOR('',#4721,1.);
#4721 = DIRECTION('',(1.,0.,0.));
#4722 = ORIENTED_EDGE('',*,*,#4723,.F.);
#4723 = EDGE_CURVE('',#4724,#4716,#4726,.T.);
#4724 = VERTEX_POINT('',#4725);
#4725 = CARTESIAN_POINT('',(-1.35,0.6925,0.775));
#4726 = LINE('',#4727,#4728);
#4727 = CARTESIAN_POINT('',(-1.35,0.6925,0.775));
#4728 = VECTOR('',#4729,1.);
#4729 = DIRECTION('',(0.707106781187,0.707106781187,0.));
#4730 = ORIENTED_EDGE('',*,*,#4731,.F.);
#4731 = EDGE_CURVE('',#4658,#4724,#4732,.T.);
#4732 = LINE('',#4733,#4734);
#4733 = CARTESIAN_POINT('',(-1.35,-0.6925,0.775));
#4734 = VECTOR('',#4735,1.);
#4735 = DIRECTION('',(0.,1.,0.));
#4736 = PLANE('',#4737);
#4737 = AXIS2_PLACEMENT_3D('',#4738,#4739,#4740);
#4738 = CARTESIAN_POINT('',(-1.3625,-4.954714324773E-17,0.775));
#4739 = DIRECTION('',(-7.340317518656E-17,9.85275154485E-18,-1.));
#4740 = DIRECTION('',(7.342878714278E-20,1.,9.85275154485E-18));
#4741 = ADVANCED_FACE('',(#4742),#4752,.F.);
#4742 = FACE_BOUND('',#4743,.F.);
#4743 = EDGE_LOOP('',(#4744,#4745,#4746,#4747));
#4744 = ORIENTED_EDGE('',*,*,#4233,.T.);
#4745 = ORIENTED_EDGE('',*,*,#4389,.T.);
#4746 = ORIENTED_EDGE('',*,*,#4476,.F.);
#4747 = ORIENTED_EDGE('',*,*,#4748,.F.);
#4748 = EDGE_CURVE('',#4234,#4469,#4749,.T.);
#4749 = B_SPLINE_CURVE_WITH_KNOTS('',1,(#4750,#4751),.UNSPECIFIED.,.F.,
  .F.,(2,2),(0.,1.),.PIECEWISE_BEZIER_KNOTS.);
#4750 = CARTESIAN_POINT('',(1.28,-0.8,0.575));
#4751 = CARTESIAN_POINT('',(1.28,-0.8,0.775));
#4752 = PLANE('',#4753);
#4753 = AXIS2_PLACEMENT_3D('',#4754,#4755,#4756);
#4754 = CARTESIAN_POINT('',(1.28,-0.8,0.775));
#4755 = DIRECTION('',(0.,1.,0.));
#4756 = DIRECTION('',(-1.,0.,0.));
#4757 = ADVANCED_FACE('',(#4758),#4768,.F.);
#4758 = FACE_BOUND('',#4759,.F.);
#4759 = EDGE_LOOP('',(#4760,#4761,#4766,#4767));
#4760 = ORIENTED_EDGE('',*,*,#4262,.T.);
#4761 = ORIENTED_EDGE('',*,*,#4762,.T.);
#4762 = EDGE_CURVE('',#4256,#4668,#4763,.T.);
#4763 = B_SPLINE_CURVE_WITH_KNOTS('',1,(#4764,#4765),.UNSPECIFIED.,.F.,
  .F.,(2,2),(0.,1.),.PIECEWISE_BEZIER_KNOTS.);
#4764 = CARTESIAN_POINT('',(1.28,0.8,0.575));
#4765 = CARTESIAN_POINT('',(1.28,0.8,0.775));
#4766 = ORIENTED_EDGE('',*,*,#4667,.F.);
#4767 = ORIENTED_EDGE('',*,*,#4357,.F.);
#4768 = PLANE('',#4769);
#4769 = AXIS2_PLACEMENT_3D('',#4770,#4771,#4772);
#4770 = CARTESIAN_POINT('',(-1.28,0.8,0.775));
#4771 = DIRECTION('',(0.,-1.,0.));
#4772 = DIRECTION('',(1.,0.,0.));
#4773 = ADVANCED_FACE('',(#4774),#4784,.F.);
#4774 = FACE_BOUND('',#4775,.F.);
#4775 = EDGE_LOOP('',(#4776,#4777,#4778,#4779));
#4776 = ORIENTED_EDGE('',*,*,#4279,.T.);
#4777 = ORIENTED_EDGE('',*,*,#4748,.T.);
#4778 = ORIENTED_EDGE('',*,*,#4468,.F.);
#4779 = ORIENTED_EDGE('',*,*,#4780,.F.);
#4780 = EDGE_CURVE('',#4280,#4461,#4781,.T.);
#4781 = B_SPLINE_CURVE_WITH_KNOTS('',1,(#4782,#4783),.UNSPECIFIED.,.F.,
  .F.,(2,2),(0.,1.),.PIECEWISE_BEZIER_KNOTS.);
#4782 = CARTESIAN_POINT('',(1.375,-0.705,0.575));
#4783 = CARTESIAN_POINT('',(1.375,-0.705,0.775));
#4784 = PLANE('',#4785);
#4785 = AXIS2_PLACEMENT_3D('',#4786,#4787,#4788);
#4786 = CARTESIAN_POINT('',(1.375,-0.705,0.775));
#4787 = DIRECTION('',(-0.707106781187,0.707106781187,0.));
#4788 = DIRECTION('',(-0.707106781187,-0.707106781187,0.));
#4789 = ADVANCED_FACE('',(#4790),#4800,.F.);
#4790 = FACE_BOUND('',#4791,.F.);
#4791 = EDGE_LOOP('',(#4792,#4793,#4798,#4799));
#4792 = ORIENTED_EDGE('',*,*,#4308,.T.);
#4793 = ORIENTED_EDGE('',*,*,#4794,.T.);
#4794 = EDGE_CURVE('',#4302,#4676,#4795,.T.);
#4795 = B_SPLINE_CURVE_WITH_KNOTS('',1,(#4796,#4797),.UNSPECIFIED.,.F.,
  .F.,(2,2),(0.,1.),.PIECEWISE_BEZIER_KNOTS.);
#4796 = CARTESIAN_POINT('',(1.375,0.705,0.575));
#4797 = CARTESIAN_POINT('',(1.375,0.705,0.775));
#4798 = ORIENTED_EDGE('',*,*,#4675,.F.);
#4799 = ORIENTED_EDGE('',*,*,#4762,.F.);
#4800 = PLANE('',#4801);
#4801 = AXIS2_PLACEMENT_3D('',#4802,#4803,#4804);
#4802 = CARTESIAN_POINT('',(1.28,0.8,0.775));
#4803 = DIRECTION('',(-0.707106781187,-0.707106781187,0.));
#4804 = DIRECTION('',(0.707106781187,-0.707106781187,0.));
#4805 = ADVANCED_FACE('',(#4806),#4817,.F.);
#4806 = FACE_BOUND('',#4807,.F.);
#4807 = EDGE_LOOP('',(#4808,#4809,#4810,#4816));
#4808 = ORIENTED_EDGE('',*,*,#4794,.F.);
#4809 = ORIENTED_EDGE('',*,*,#4341,.T.);
#4810 = ORIENTED_EDGE('',*,*,#4811,.T.);
#4811 = EDGE_CURVE('',#4334,#4684,#4812,.T.);
#4812 = LINE('',#4813,#4814);
#4813 = CARTESIAN_POINT('',(1.375,0.325,0.579830288983));
#4814 = VECTOR('',#4815,1.);
#4815 = DIRECTION('',(0.,0.,1.));
#4816 = ORIENTED_EDGE('',*,*,#4683,.F.);
#4817 = PLANE('',#4818);
#4818 = AXIS2_PLACEMENT_3D('',#4819,#4820,#4821);
#4819 = CARTESIAN_POINT('',(1.375,0.705,0.775));
#4820 = DIRECTION('',(-1.,0.,0.));
#4821 = DIRECTION('',(0.,-1.,0.));
#4822 = ADVANCED_FACE('',(#4823),#4850,.F.);
#4823 = FACE_BOUND('',#4824,.F.);
#4824 = EDGE_LOOP('',(#4825,#4826,#4835,#4843));
#4825 = ORIENTED_EDGE('',*,*,#4333,.T.);
#4826 = ORIENTED_EDGE('',*,*,#4827,.T.);
#4827 = EDGE_CURVE('',#4326,#4828,#4830,.T.);
#4828 = VERTEX_POINT('',#4829);
#4829 = CARTESIAN_POINT('',(1.493176930361,-0.325,0.47583778132));
#4830 = CIRCLE('',#4831,0.12);
#4831 = AXIS2_PLACEMENT_3D('',#4832,#4833,#4834);
#4832 = CARTESIAN_POINT('',(1.375,-0.325,0.455));
#4833 = DIRECTION('',(2.22044604925E-16,1.,0.));
#4834 = DIRECTION('',(-9.251858538543E-16,2.054325274013E-31,1.));
#4835 = ORIENTED_EDGE('',*,*,#4836,.F.);
#4836 = EDGE_CURVE('',#4837,#4828,#4839,.T.);
#4837 = VERTEX_POINT('',#4838);
#4838 = CARTESIAN_POINT('',(1.493176930361,0.325,0.47583778132));
#4839 = LINE('',#4840,#4841);
#4840 = CARTESIAN_POINT('',(1.493176930361,0.325,0.47583778132));
#4841 = VECTOR('',#4842,1.);
#4842 = DIRECTION('',(-2.22044604925E-16,-1.,0.));
#4843 = ORIENTED_EDGE('',*,*,#4844,.F.);
#4844 = EDGE_CURVE('',#4334,#4837,#4845,.T.);
#4845 = CIRCLE('',#4846,0.12);
#4846 = AXIS2_PLACEMENT_3D('',#4847,#4848,#4849);
#4847 = CARTESIAN_POINT('',(1.375,0.325,0.455));
#4848 = DIRECTION('',(2.22044604925E-16,1.,0.));
#4849 = DIRECTION('',(-9.251858538543E-16,2.054325274013E-31,1.));
#4850 = CYLINDRICAL_SURFACE('',#4851,0.12);
#4851 = AXIS2_PLACEMENT_3D('',#4852,#4853,#4854);
#4852 = CARTESIAN_POINT('',(1.375,0.325,0.455));
#4853 = DIRECTION('',(2.22044604925E-16,1.,0.));
#4854 = DIRECTION('',(-9.251858538543E-16,2.054325274013E-31,1.));
#4855 = ADVANCED_FACE('',(#4856),#4867,.F.);
#4856 = FACE_BOUND('',#4857,.F.);
#4857 = EDGE_LOOP('',(#4858,#4864,#4865,#4866));
#4858 = ORIENTED_EDGE('',*,*,#4859,.F.);
#4859 = EDGE_CURVE('',#4326,#4453,#4860,.T.);
#4860 = LINE('',#4861,#4862);
#4861 = CARTESIAN_POINT('',(1.375,-0.325,0.579830288983));
#4862 = VECTOR('',#4863,1.);
#4863 = DIRECTION('',(0.,0.,1.));
#4864 = ORIENTED_EDGE('',*,*,#4325,.T.);
#4865 = ORIENTED_EDGE('',*,*,#4780,.T.);
#4866 = ORIENTED_EDGE('',*,*,#4460,.F.);
#4867 = PLANE('',#4868);
#4868 = AXIS2_PLACEMENT_3D('',#4869,#4870,#4871);
#4869 = CARTESIAN_POINT('',(1.375,0.705,0.775));
#4870 = DIRECTION('',(-1.,0.,0.));
#4871 = DIRECTION('',(0.,-1.,0.));
#4872 = ADVANCED_FACE('',(#4873),#4889,.F.);
#4873 = FACE_BOUND('',#4874,.F.);
#4874 = EDGE_LOOP('',(#4875,#4876,#4882,#4883));
#4875 = ORIENTED_EDGE('',*,*,#4691,.F.);
#4876 = ORIENTED_EDGE('',*,*,#4877,.T.);
#4877 = EDGE_CURVE('',#4684,#4453,#4878,.T.);
#4878 = LINE('',#4879,#4880);
#4879 = CARTESIAN_POINT('',(1.375,0.325,0.775));
#4880 = VECTOR('',#4881,1.);
#4881 = DIRECTION('',(-2.22044604925E-16,-1.,0.));
#4882 = ORIENTED_EDGE('',*,*,#4452,.T.);
#4883 = ORIENTED_EDGE('',*,*,#4884,.F.);
#4884 = EDGE_CURVE('',#4692,#4445,#4885,.T.);
#4885 = LINE('',#4886,#4887);
#4886 = CARTESIAN_POINT('',(1.35,0.6925,0.775));
#4887 = VECTOR('',#4888,1.);
#4888 = DIRECTION('',(0.,-1.,0.));
#4889 = PLANE('',#4890);
#4890 = AXIS2_PLACEMENT_3D('',#4891,#4892,#4893);
#4891 = CARTESIAN_POINT('',(1.375,0.325,0.775));
#4892 = DIRECTION('',(0.,0.,-1.));
#4893 = DIRECTION('',(-1.,2.22044604925E-16,0.));
#4894 = ADVANCED_FACE('',(#4895),#4920,.F.);
#4895 = FACE_BOUND('',#4896,.F.);
#4896 = EDGE_LOOP('',(#4897,#4898,#4899,#4900,#4907,#4915));
#4897 = ORIENTED_EDGE('',*,*,#4699,.T.);
#4898 = ORIENTED_EDGE('',*,*,#4884,.T.);
#4899 = ORIENTED_EDGE('',*,*,#4444,.T.);
#4900 = ORIENTED_EDGE('',*,*,#4901,.T.);
#4901 = EDGE_CURVE('',#4437,#4902,#4904,.T.);
#4902 = VERTEX_POINT('',#4903);
#4903 = CARTESIAN_POINT('',(1.283243103516,-0.659121551758,1.25));
#4904 = B_SPLINE_CURVE_WITH_KNOTS('',1,(#4905,#4906),.UNSPECIFIED.,.F.,
  .F.,(2,2),(0.,1.),.PIECEWISE_BEZIER_KNOTS.);
#4905 = CARTESIAN_POINT('',(1.35,-0.6925,0.775));
#4906 = CARTESIAN_POINT('',(1.283243103516,-0.659121551758,1.25));
#4907 = ORIENTED_EDGE('',*,*,#4908,.F.);
#4908 = EDGE_CURVE('',#4909,#4902,#4911,.T.);
#4909 = VERTEX_POINT('',#4910);
#4910 = CARTESIAN_POINT('',(1.283243103516,0.659121551758,1.25));
#4911 = LINE('',#4912,#4913);
#4912 = CARTESIAN_POINT('',(1.283243103516,0.659121551758,1.25));
#4913 = VECTOR('',#4914,1.);
#4914 = DIRECTION('',(0.,-1.,0.));
#4915 = ORIENTED_EDGE('',*,*,#4916,.F.);
#4916 = EDGE_CURVE('',#4700,#4909,#4917,.T.);
#4917 = B_SPLINE_CURVE_WITH_KNOTS('',1,(#4918,#4919),.UNSPECIFIED.,.F.,
  .F.,(2,2),(0.,1.),.PIECEWISE_BEZIER_KNOTS.);
#4918 = CARTESIAN_POINT('',(1.35,0.6925,0.775));
#4919 = CARTESIAN_POINT('',(1.283243103516,0.659121551758,1.25));
#4920 = B_SPLINE_SURFACE_WITH_KNOTS('',1,1,(
    (#4921,#4922)
    ,(#4923,#4924
    )),.UNSPECIFIED.,.F.,.F.,.F.,(2,2),(2,2),(0.,1.385),(0.,1.),
  .PIECEWISE_BEZIER_KNOTS.);
#4921 = CARTESIAN_POINT('',(1.35,0.6925,0.775));
#4922 = CARTESIAN_POINT('',(1.283243103516,0.659121551758,1.25));
#4923 = CARTESIAN_POINT('',(1.35,-0.6925,0.775));
#4924 = CARTESIAN_POINT('',(1.283243103516,-0.659121551758,1.25));
#4925 = ADVANCED_FACE('',(#4926),#4943,.F.);
#4926 = FACE_BOUND('',#4927,.F.);
#4927 = EDGE_LOOP('',(#4928,#4929,#4936,#4942));
#4928 = ORIENTED_EDGE('',*,*,#4436,.T.);
#4929 = ORIENTED_EDGE('',*,*,#4930,.T.);
#4930 = EDGE_CURVE('',#4429,#4931,#4933,.T.);
#4931 = VERTEX_POINT('',#4932);
#4932 = CARTESIAN_POINT('',(1.234121551758,-0.708243103516,1.25));
#4933 = B_SPLINE_CURVE_WITH_KNOTS('',1,(#4934,#4935),.UNSPECIFIED.,.F.,
  .F.,(2,2),(0.,1.),.PIECEWISE_BEZIER_KNOTS.);
#4934 = CARTESIAN_POINT('',(1.2675,-0.775,0.775));
#4935 = CARTESIAN_POINT('',(1.234121551758,-0.708243103516,1.25));
#4936 = ORIENTED_EDGE('',*,*,#4937,.F.);
#4937 = EDGE_CURVE('',#4902,#4931,#4938,.T.);
#4938 = LINE('',#4939,#4940);
#4939 = CARTESIAN_POINT('',(1.283243103516,-0.659121551758,1.25));
#4940 = VECTOR('',#4941,1.);
#4941 = DIRECTION('',(-0.707106781187,-0.707106781187,0.));
#4942 = ORIENTED_EDGE('',*,*,#4901,.F.);
#4943 = B_SPLINE_SURFACE_WITH_KNOTS('',1,1,(
    (#4944,#4945)
    ,(#4946,#4947
    )),.UNSPECIFIED.,.F.,.F.,.F.,(2,2),(2,2),(0.,0.116672618896),(0.,1.)
  ,.PIECEWISE_BEZIER_KNOTS.);
#4944 = CARTESIAN_POINT('',(1.35,-0.6925,0.775));
#4945 = CARTESIAN_POINT('',(1.283243103516,-0.659121551758,1.25));
#4946 = CARTESIAN_POINT('',(1.2675,-0.775,0.775));
#4947 = CARTESIAN_POINT('',(1.234121551758,-0.708243103516,1.25));
#4948 = ADVANCED_FACE('',(#4949),#4966,.F.);
#4949 = FACE_BOUND('',#4950,.F.);
#4950 = EDGE_LOOP('',(#4951,#4952,#4959,#4965));
#4951 = ORIENTED_EDGE('',*,*,#4428,.T.);
#4952 = ORIENTED_EDGE('',*,*,#4953,.T.);
#4953 = EDGE_CURVE('',#4421,#4954,#4956,.T.);
#4954 = VERTEX_POINT('',#4955);
#4955 = CARTESIAN_POINT('',(-1.234121551758,-0.708243103516,1.25));
#4956 = B_SPLINE_CURVE_WITH_KNOTS('',1,(#4957,#4958),.UNSPECIFIED.,.F.,
  .F.,(2,2),(0.,1.),.PIECEWISE_BEZIER_KNOTS.);
#4957 = CARTESIAN_POINT('',(-1.2675,-0.775,0.775));
#4958 = CARTESIAN_POINT('',(-1.234121551758,-0.708243103516,1.25));
#4959 = ORIENTED_EDGE('',*,*,#4960,.F.);
#4960 = EDGE_CURVE('',#4931,#4954,#4961,.T.);
#4961 = LINE('',#4962,#4963);
#4962 = CARTESIAN_POINT('',(1.234121551758,-0.708243103516,1.25));
#4963 = VECTOR('',#4964,1.);
#4964 = DIRECTION('',(-1.,0.,0.));
#4965 = ORIENTED_EDGE('',*,*,#4930,.F.);
#4966 = B_SPLINE_SURFACE_WITH_KNOTS('',1,1,(
    (#4967,#4968)
    ,(#4969,#4970
    )),.UNSPECIFIED.,.F.,.F.,.F.,(2,2),(2,2),(0.,2.535),(0.,1.),
  .PIECEWISE_BEZIER_KNOTS.);
#4967 = CARTESIAN_POINT('',(1.2675,-0.775,0.775));
#4968 = CARTESIAN_POINT('',(1.234121551758,-0.708243103516,1.25));
#4969 = CARTESIAN_POINT('',(-1.2675,-0.775,0.775));
#4970 = CARTESIAN_POINT('',(-1.234121551758,-0.708243103516,1.25));
#4971 = ADVANCED_FACE('',(#4972),#4989,.F.);
#4972 = FACE_BOUND('',#4973,.F.);
#4973 = EDGE_LOOP('',(#4974,#4975,#4982,#4988));
#4974 = ORIENTED_EDGE('',*,*,#4420,.T.);
#4975 = ORIENTED_EDGE('',*,*,#4976,.T.);
#4976 = EDGE_CURVE('',#4413,#4977,#4979,.T.);
#4977 = VERTEX_POINT('',#4978);
#4978 = CARTESIAN_POINT('',(-1.283243103516,-0.659121551758,1.25));
#4979 = B_SPLINE_CURVE_WITH_KNOTS('',1,(#4980,#4981),.UNSPECIFIED.,.F.,
  .F.,(2,2),(0.,1.),.PIECEWISE_BEZIER_KNOTS.);
#4980 = CARTESIAN_POINT('',(-1.35,-0.6925,0.775));
#4981 = CARTESIAN_POINT('',(-1.283243103516,-0.659121551758,1.25));
#4982 = ORIENTED_EDGE('',*,*,#4983,.F.);
#4983 = EDGE_CURVE('',#4954,#4977,#4984,.T.);
#4984 = LINE('',#4985,#4986);
#4985 = CARTESIAN_POINT('',(-1.234121551758,-0.708243103516,1.25));
#4986 = VECTOR('',#4987,1.);
#4987 = DIRECTION('',(-0.707106781187,0.707106781187,0.));
#4988 = ORIENTED_EDGE('',*,*,#4953,.F.);
#4989 = B_SPLINE_SURFACE_WITH_KNOTS('',1,1,(
    (#4990,#4991)
    ,(#4992,#4993
    )),.UNSPECIFIED.,.F.,.F.,.F.,(2,2),(2,2),(0.,0.116672618896),(0.,1.)
  ,.PIECEWISE_BEZIER_KNOTS.);
#4990 = CARTESIAN_POINT('',(-1.2675,-0.775,0.775));
#4991 = CARTESIAN_POINT('',(-1.234121551758,-0.708243103516,1.25));
#4992 = CARTESIAN_POINT('',(-1.35,-0.6925,0.775));
#4993 = CARTESIAN_POINT('',(-1.283243103516,-0.659121551758,1.25));
#4994 = ADVANCED_FACE('',(#4995),#5019,.F.);
#4995 = FACE_BOUND('',#4996,.F.);
#4996 = EDGE_LOOP('',(#4997,#4998,#5004,#5005,#5012,#5018));
#4997 = ORIENTED_EDGE('',*,*,#4412,.T.);
#4998 = ORIENTED_EDGE('',*,*,#4999,.T.);
#4999 = EDGE_CURVE('',#4405,#4658,#5000,.T.);
#5000 = LINE('',#5001,#5002);
#5001 = CARTESIAN_POINT('',(-1.35,-0.6925,0.775));
#5002 = VECTOR('',#5003,1.);
#5003 = DIRECTION('',(0.,1.,0.));
#5004 = ORIENTED_EDGE('',*,*,#4731,.T.);
#5005 = ORIENTED_EDGE('',*,*,#5006,.T.);
#5006 = EDGE_CURVE('',#4724,#5007,#5009,.T.);
#5007 = VERTEX_POINT('',#5008);
#5008 = CARTESIAN_POINT('',(-1.283243103516,0.659121551758,1.25));
#5009 = B_SPLINE_CURVE_WITH_KNOTS('',1,(#5010,#5011),.UNSPECIFIED.,.F.,
  .F.,(2,2),(0.,1.),.PIECEWISE_BEZIER_KNOTS.);
#5010 = CARTESIAN_POINT('',(-1.35,0.6925,0.775));
#5011 = CARTESIAN_POINT('',(-1.283243103516,0.659121551758,1.25));
#5012 = ORIENTED_EDGE('',*,*,#5013,.F.);
#5013 = EDGE_CURVE('',#4977,#5007,#5014,.T.);
#5014 = LINE('',#5015,#5016);
#5015 = CARTESIAN_POINT('',(-1.283243103516,-0.659121551758,1.25));
#5016 = VECTOR('',#5017,1.);
#5017 = DIRECTION('',(0.,1.,0.));
#5018 = ORIENTED_EDGE('',*,*,#4976,.F.);
#5019 = B_SPLINE_SURFACE_WITH_KNOTS('',1,1,(
    (#5020,#5021)
    ,(#5022,#5023
    )),.UNSPECIFIED.,.F.,.F.,.F.,(2,2),(2,2),(0.,1.385),(0.,1.),
  .PIECEWISE_BEZIER_KNOTS.);
#5020 = CARTESIAN_POINT('',(-1.35,-0.6925,0.775));
#5021 = CARTESIAN_POINT('',(-1.283243103516,-0.659121551758,1.25));
#5022 = CARTESIAN_POINT('',(-1.35,0.6925,0.775));
#5023 = CARTESIAN_POINT('',(-1.283243103516,0.659121551758,1.25));
#5024 = ADVANCED_FACE('',(#5025),#5036,.F.);
#5025 = FACE_BOUND('',#5026,.F.);
#5026 = EDGE_LOOP('',(#5027,#5028,#5034,#5035));
#5027 = ORIENTED_EDGE('',*,*,#4404,.F.);
#5028 = ORIENTED_EDGE('',*,*,#5029,.T.);
#5029 = EDGE_CURVE('',#4124,#4179,#5030,.T.);
#5030 = LINE('',#5031,#5032);
#5031 = CARTESIAN_POINT('',(-1.375,-0.325,0.775));
#5032 = VECTOR('',#5033,1.);
#5033 = DIRECTION('',(1.110223024625E-16,1.,0.));
#5034 = ORIENTED_EDGE('',*,*,#4657,.T.);
#5035 = ORIENTED_EDGE('',*,*,#4999,.F.);
#5036 = PLANE('',#5037);
#5037 = AXIS2_PLACEMENT_3D('',#5038,#5039,#5040);
#5038 = CARTESIAN_POINT('',(-1.375,-0.325,0.775));
#5039 = DIRECTION('',(0.,0.,-1.));
#5040 = DIRECTION('',(1.,-1.110223024625E-16,0.));
#5041 = ADVANCED_FACE('',(#5042),#5053,.T.);
#5042 = FACE_BOUND('',#5043,.T.);
#5043 = EDGE_LOOP('',(#5044,#5045,#5046,#5047));
#5044 = ORIENTED_EDGE('',*,*,#4550,.T.);
#5045 = ORIENTED_EDGE('',*,*,#5029,.T.);
#5046 = ORIENTED_EDGE('',*,*,#4642,.F.);
#5047 = ORIENTED_EDGE('',*,*,#5048,.F.);
#5048 = EDGE_CURVE('',#4543,#4635,#5049,.T.);
#5049 = LINE('',#5050,#5051);
#5050 = CARTESIAN_POINT('',(-1.690138480964,-0.325,0.510567416853));
#5051 = VECTOR('',#5052,1.);
#5052 = DIRECTION('',(1.110223024625E-16,1.,0.));
#5053 = CYLINDRICAL_SURFACE('',#5054,0.32);
#5054 = AXIS2_PLACEMENT_3D('',#5055,#5056,#5057);
#5055 = CARTESIAN_POINT('',(-1.375,-0.325,0.455));
#5056 = DIRECTION('',(-1.110223024625E-16,-1.,-0.));
#5057 = DIRECTION('',(-0.984807753012,1.093356242223E-16,0.173648177667)
  );
#5058 = ADVANCED_FACE('',(#5059),#5070,.F.);
#5059 = FACE_BOUND('',#5060,.F.);
#5060 = EDGE_LOOP('',(#5061,#5067,#5068,#5069));
#5061 = ORIENTED_EDGE('',*,*,#5062,.T.);
#5062 = EDGE_CURVE('',#4534,#4626,#5063,.T.);
#5063 = LINE('',#5064,#5065);
#5064 = CARTESIAN_POINT('',(-1.720627212034,-0.325,0.29916221868));
#5065 = VECTOR('',#5066,1.);
#5066 = DIRECTION('',(1.110223024625E-16,1.,0.));
#5067 = ORIENTED_EDGE('',*,*,#4634,.T.);
#5068 = ORIENTED_EDGE('',*,*,#5048,.F.);
#5069 = ORIENTED_EDGE('',*,*,#4542,.F.);
#5070 = PLANE('',#5071);
#5071 = AXIS2_PLACEMENT_3D('',#5072,#5073,#5074);
#5072 = CARTESIAN_POINT('',(-1.720627212034,-0.325,0.29916221868));
#5073 = DIRECTION('',(0.989759848633,-1.098854172802E-16,-0.142742572604
    ));
#5074 = DIRECTION('',(0.142742572604,-1.584760906992E-17,0.989759848633)
  );
#5075 = ADVANCED_FACE('',(#5076),#5087,.F.);
#5076 = FACE_BOUND('',#5077,.F.);
#5077 = EDGE_LOOP('',(#5078,#5084,#5085,#5086));
#5078 = ORIENTED_EDGE('',*,*,#5079,.T.);
#5079 = EDGE_CURVE('',#4526,#4618,#5080,.T.);
#5080 = LINE('',#5081,#5082);
#5081 = CARTESIAN_POINT('',(-1.838804142396,-0.325,0.2));
#5082 = VECTOR('',#5083,1.);
#5083 = DIRECTION('',(1.110223024625E-16,1.,0.));
#5084 = ORIENTED_EDGE('',*,*,#4625,.T.);
#5085 = ORIENTED_EDGE('',*,*,#5062,.F.);
#5086 = ORIENTED_EDGE('',*,*,#4533,.F.);
#5087 = CYLINDRICAL_SURFACE('',#5088,0.12);
#5088 = AXIS2_PLACEMENT_3D('',#5089,#5090,#5091);
#5089 = CARTESIAN_POINT('',(-1.838804142396,-0.325,0.32));
#5090 = DIRECTION('',(-1.110223024625E-16,-1.,0.));
#5091 = DIRECTION('',(1.850371707709E-15,-2.054325274013E-31,-1.));
#5092 = ADVANCED_FACE('',(#5093),#5104,.F.);
#5093 = FACE_BOUND('',#5094,.F.);
#5094 = EDGE_LOOP('',(#5095,#5101,#5102,#5103));
#5095 = ORIENTED_EDGE('',*,*,#5096,.T.);
#5096 = EDGE_CURVE('',#4518,#4610,#5097,.T.);
#5097 = LINE('',#5098,#5099);
#5098 = CARTESIAN_POINT('',(-1.9,-0.325,0.2));
#5099 = VECTOR('',#5100,1.);
#5100 = DIRECTION('',(1.110223024625E-16,1.,0.));
#5101 = ORIENTED_EDGE('',*,*,#4617,.T.);
#5102 = ORIENTED_EDGE('',*,*,#5079,.F.);
#5103 = ORIENTED_EDGE('',*,*,#4525,.F.);
#5104 = PLANE('',#5105);
#5105 = AXIS2_PLACEMENT_3D('',#5106,#5107,#5108);
#5106 = CARTESIAN_POINT('',(-1.9,-0.325,0.2));
#5107 = DIRECTION('',(0.,0.,-1.));
#5108 = DIRECTION('',(1.,-1.110223024625E-16,0.));
#5109 = ADVANCED_FACE('',(#5110),#5121,.F.);
#5110 = FACE_BOUND('',#5111,.F.);
#5111 = EDGE_LOOP('',(#5112,#5118,#5119,#5120));
#5112 = ORIENTED_EDGE('',*,*,#5113,.T.);
#5113 = EDGE_CURVE('',#4510,#4602,#5114,.T.);
#5114 = LINE('',#5115,#5116);
#5115 = CARTESIAN_POINT('',(-1.9,-0.325,-5.551115123126E-17));
#5116 = VECTOR('',#5117,1.);
#5117 = DIRECTION('',(1.110223024625E-16,1.,0.));
#5118 = ORIENTED_EDGE('',*,*,#4609,.T.);
#5119 = ORIENTED_EDGE('',*,*,#5096,.F.);
#5120 = ORIENTED_EDGE('',*,*,#4517,.F.);
#5121 = PLANE('',#5122);
#5122 = AXIS2_PLACEMENT_3D('',#5123,#5124,#5125);
#5123 = CARTESIAN_POINT('',(-1.9,-0.325,-5.551115123126E-17));
#5124 = DIRECTION('',(1.,-1.110223024625E-16,0.));
#5125 = DIRECTION('',(0.,0.,1.));
#5126 = ADVANCED_FACE('',(#5127),#5138,.F.);
#5127 = FACE_BOUND('',#5128,.F.);
#5128 = EDGE_LOOP('',(#5129,#5135,#5136,#5137));
#5129 = ORIENTED_EDGE('',*,*,#5130,.T.);
#5130 = EDGE_CURVE('',#4501,#4593,#5131,.T.);
#5131 = LINE('',#5132,#5133);
#5132 = CARTESIAN_POINT('',(-1.838804142396,-0.325,-5.551115123126E-17)
  );
#5133 = VECTOR('',#5134,1.);
#5134 = DIRECTION('',(1.110223024625E-16,1.,0.));
#5135 = ORIENTED_EDGE('',*,*,#4601,.T.);
#5136 = ORIENTED_EDGE('',*,*,#5113,.F.);
#5137 = ORIENTED_EDGE('',*,*,#4509,.F.);
#5138 = PLANE('',#5139);
#5139 = AXIS2_PLACEMENT_3D('',#5140,#5141,#5142);
#5140 = CARTESIAN_POINT('',(-1.838804142396,-0.325,-5.551115123126E-17)
  );
#5141 = DIRECTION('',(0.,0.,1.));
#5142 = DIRECTION('',(-1.,1.110223024625E-16,0.));
#5143 = ADVANCED_FACE('',(#5144),#5150,.T.);
#5144 = FACE_BOUND('',#5145,.T.);
#5145 = EDGE_LOOP('',(#5146,#5147,#5148,#5149));
#5146 = ORIENTED_EDGE('',*,*,#4500,.T.);
#5147 = ORIENTED_EDGE('',*,*,#5130,.T.);
#5148 = ORIENTED_EDGE('',*,*,#4592,.F.);
#5149 = ORIENTED_EDGE('',*,*,#4574,.F.);
#5150 = CYLINDRICAL_SURFACE('',#5151,0.32);
#5151 = AXIS2_PLACEMENT_3D('',#5152,#5153,#5154);
#5152 = CARTESIAN_POINT('',(-1.838804142396,-0.325,0.32));
#5153 = DIRECTION('',(-1.110223024625E-16,-1.,-0.));
#5154 = DIRECTION('',(0.984807753012,-1.093356242223E-16,-0.173648177667
    ));
#5155 = ADVANCED_FACE('',(#5156),#5173,.F.);
#5156 = FACE_BOUND('',#5157,.F.);
#5157 = EDGE_LOOP('',(#5158,#5159,#5166,#5172));
#5158 = ORIENTED_EDGE('',*,*,#4723,.T.);
#5159 = ORIENTED_EDGE('',*,*,#5160,.T.);
#5160 = EDGE_CURVE('',#4716,#5161,#5163,.T.);
#5161 = VERTEX_POINT('',#5162);
#5162 = CARTESIAN_POINT('',(-1.234121551758,0.708243103516,1.25));
#5163 = B_SPLINE_CURVE_WITH_KNOTS('',1,(#5164,#5165),.UNSPECIFIED.,.F.,
  .F.,(2,2),(0.,1.),.PIECEWISE_BEZIER_KNOTS.);
#5164 = CARTESIAN_POINT('',(-1.2675,0.775,0.775));
#5165 = CARTESIAN_POINT('',(-1.234121551758,0.708243103516,1.25));
#5166 = ORIENTED_EDGE('',*,*,#5167,.F.);
#5167 = EDGE_CURVE('',#5007,#5161,#5168,.T.);
#5168 = LINE('',#5169,#5170);
#5169 = CARTESIAN_POINT('',(-1.283243103516,0.659121551758,1.25));
#5170 = VECTOR('',#5171,1.);
#5171 = DIRECTION('',(0.707106781187,0.707106781187,0.));
#5172 = ORIENTED_EDGE('',*,*,#5006,.F.);
#5173 = B_SPLINE_SURFACE_WITH_KNOTS('',1,1,(
    (#5174,#5175)
    ,(#5176,#5177
    )),.UNSPECIFIED.,.F.,.F.,.F.,(2,2),(2,2),(0.,0.116672618896),(0.,1.)
  ,.PIECEWISE_BEZIER_KNOTS.);
#5174 = CARTESIAN_POINT('',(-1.35,0.6925,0.775));
#5175 = CARTESIAN_POINT('',(-1.283243103516,0.659121551758,1.25));
#5176 = CARTESIAN_POINT('',(-1.2675,0.775,0.775));
#5177 = CARTESIAN_POINT('',(-1.234121551758,0.708243103516,1.25));
#5178 = ADVANCED_FACE('',(#5179),#5196,.F.);
#5179 = FACE_BOUND('',#5180,.F.);
#5180 = EDGE_LOOP('',(#5181,#5182,#5189,#5195));
#5181 = ORIENTED_EDGE('',*,*,#4715,.T.);
#5182 = ORIENTED_EDGE('',*,*,#5183,.T.);
#5183 = EDGE_CURVE('',#4708,#5184,#5186,.T.);
#5184 = VERTEX_POINT('',#5185);
#5185 = CARTESIAN_POINT('',(1.234121551758,0.708243103516,1.25));
#5186 = B_SPLINE_CURVE_WITH_KNOTS('',1,(#5187,#5188),.UNSPECIFIED.,.F.,
  .F.,(2,2),(0.,1.),.PIECEWISE_BEZIER_KNOTS.);
#5187 = CARTESIAN_POINT('',(1.2675,0.775,0.775));
#5188 = CARTESIAN_POINT('',(1.234121551758,0.708243103516,1.25));
#5189 = ORIENTED_EDGE('',*,*,#5190,.F.);
#5190 = EDGE_CURVE('',#5161,#5184,#5191,.T.);
#5191 = LINE('',#5192,#5193);
#5192 = CARTESIAN_POINT('',(-1.234121551758,0.708243103516,1.25));
#5193 = VECTOR('',#5194,1.);
#5194 = DIRECTION('',(1.,0.,0.));
#5195 = ORIENTED_EDGE('',*,*,#5160,.F.);
#5196 = B_SPLINE_SURFACE_WITH_KNOTS('',1,1,(
    (#5197,#5198)
    ,(#5199,#5200
    )),.UNSPECIFIED.,.F.,.F.,.F.,(2,2),(2,2),(0.,2.535),(0.,1.),
  .PIECEWISE_BEZIER_KNOTS.);
#5197 = CARTESIAN_POINT('',(-1.2675,0.775,0.775));
#5198 = CARTESIAN_POINT('',(-1.234121551758,0.708243103516,1.25));
#5199 = CARTESIAN_POINT('',(1.2675,0.775,0.775));
#5200 = CARTESIAN_POINT('',(1.234121551758,0.708243103516,1.25));
#5201 = ADVANCED_FACE('',(#5202),#5213,.F.);
#5202 = FACE_BOUND('',#5203,.F.);
#5203 = EDGE_LOOP('',(#5204,#5205,#5206,#5212));
#5204 = ORIENTED_EDGE('',*,*,#4707,.T.);
#5205 = ORIENTED_EDGE('',*,*,#4916,.T.);
#5206 = ORIENTED_EDGE('',*,*,#5207,.F.);
#5207 = EDGE_CURVE('',#5184,#4909,#5208,.T.);
#5208 = LINE('',#5209,#5210);
#5209 = CARTESIAN_POINT('',(1.234121551758,0.708243103516,1.25));
#5210 = VECTOR('',#5211,1.);
#5211 = DIRECTION('',(0.707106781187,-0.707106781187,0.));
#5212 = ORIENTED_EDGE('',*,*,#5183,.F.);
#5213 = B_SPLINE_SURFACE_WITH_KNOTS('',1,1,(
    (#5214,#5215)
    ,(#5216,#5217
    )),.UNSPECIFIED.,.F.,.F.,.F.,(2,2),(2,2),(0.,0.116672618896),(0.,1.)
  ,.PIECEWISE_BEZIER_KNOTS.);
#5214 = CARTESIAN_POINT('',(1.2675,0.775,0.775));
#5215 = CARTESIAN_POINT('',(1.234121551758,0.708243103516,1.25));
#5216 = CARTESIAN_POINT('',(1.35,0.6925,0.775));
#5217 = CARTESIAN_POINT('',(1.283243103516,0.659121551758,1.25));
#5218 = ADVANCED_FACE('',(#5219),#5288,.F.);
#5219 = FACE_BOUND('',#5220,.F.);
#5220 = EDGE_LOOP('',(#5221,#5222,#5223,#5231,#5240,#5248,#5256,#5264,
    #5273,#5281));
#5221 = ORIENTED_EDGE('',*,*,#4811,.F.);
#5222 = ORIENTED_EDGE('',*,*,#4844,.T.);
#5223 = ORIENTED_EDGE('',*,*,#5224,.T.);
#5224 = EDGE_CURVE('',#4837,#5225,#5227,.T.);
#5225 = VERTEX_POINT('',#5226);
#5226 = CARTESIAN_POINT('',(1.523665661432,0.325,0.264432583147));
#5227 = LINE('',#5228,#5229);
#5228 = CARTESIAN_POINT('',(1.493176930361,0.325,0.47583778132));
#5229 = VECTOR('',#5230,1.);
#5230 = DIRECTION('',(0.142742572604,-3.169521813984E-17,-0.989759848633
    ));
#5231 = ORIENTED_EDGE('',*,*,#5232,.T.);
#5232 = EDGE_CURVE('',#5225,#5233,#5235,.T.);
#5233 = VERTEX_POINT('',#5234);
#5234 = CARTESIAN_POINT('',(1.838804142396,0.325,-5.551115123126E-17));
#5235 = CIRCLE('',#5236,0.32);
#5236 = AXIS2_PLACEMENT_3D('',#5237,#5238,#5239);
#5237 = CARTESIAN_POINT('',(1.838804142396,0.325,0.32));
#5238 = DIRECTION('',(-2.22044604925E-16,-1.,0.));
#5239 = DIRECTION('',(-0.984807753012,2.186712484447E-16,-0.173648177667
    ));
#5240 = ORIENTED_EDGE('',*,*,#5241,.T.);
#5241 = EDGE_CURVE('',#5233,#5242,#5244,.T.);
#5242 = VERTEX_POINT('',#5243);
#5243 = CARTESIAN_POINT('',(1.9,0.325,-5.551115123126E-17));
#5244 = LINE('',#5245,#5246);
#5245 = CARTESIAN_POINT('',(1.838804142396,0.325,-5.551115123126E-17));
#5246 = VECTOR('',#5247,1.);
#5247 = DIRECTION('',(1.,-2.22044604925E-16,0.));
#5248 = ORIENTED_EDGE('',*,*,#5249,.T.);
#5249 = EDGE_CURVE('',#5242,#5250,#5252,.T.);
#5250 = VERTEX_POINT('',#5251);
#5251 = CARTESIAN_POINT('',(1.9,0.325,0.2));
#5252 = LINE('',#5253,#5254);
#5253 = CARTESIAN_POINT('',(1.9,0.325,-5.551115123126E-17));
#5254 = VECTOR('',#5255,1.);
#5255 = DIRECTION('',(0.,0.,1.));
#5256 = ORIENTED_EDGE('',*,*,#5257,.T.);
#5257 = EDGE_CURVE('',#5250,#5258,#5260,.T.);
#5258 = VERTEX_POINT('',#5259);
#5259 = CARTESIAN_POINT('',(1.838804142396,0.325,0.2));
#5260 = LINE('',#5261,#5262);
#5261 = CARTESIAN_POINT('',(1.9,0.325,0.2));
#5262 = VECTOR('',#5263,1.);
#5263 = DIRECTION('',(-1.,2.22044604925E-16,0.));
#5264 = ORIENTED_EDGE('',*,*,#5265,.T.);
#5265 = EDGE_CURVE('',#5258,#5266,#5268,.T.);
#5266 = VERTEX_POINT('',#5267);
#5267 = CARTESIAN_POINT('',(1.720627212034,0.325,0.29916221868));
#5268 = CIRCLE('',#5269,0.12);
#5269 = AXIS2_PLACEMENT_3D('',#5270,#5271,#5272);
#5270 = CARTESIAN_POINT('',(1.838804142396,0.325,0.32));
#5271 = DIRECTION('',(2.22044604925E-16,1.,0.));
#5272 = DIRECTION('',(-1.850371707709E-15,4.108650548026E-31,-1.));
#5273 = ORIENTED_EDGE('',*,*,#5274,.T.);
#5274 = EDGE_CURVE('',#5266,#5275,#5277,.T.);
#5275 = VERTEX_POINT('',#5276);
#5276 = CARTESIAN_POINT('',(1.690138480964,0.325,0.510567416853));
#5277 = LINE('',#5278,#5279);
#5278 = CARTESIAN_POINT('',(1.720627212034,0.325,0.29916221868));
#5279 = VECTOR('',#5280,1.);
#5280 = DIRECTION('',(-0.142742572604,3.169521813984E-17,0.989759848633)
  );
#5281 = ORIENTED_EDGE('',*,*,#5282,.T.);
#5282 = EDGE_CURVE('',#5275,#4684,#5283,.T.);
#5283 = CIRCLE('',#5284,0.32);
#5284 = AXIS2_PLACEMENT_3D('',#5285,#5286,#5287);
#5285 = CARTESIAN_POINT('',(1.375,0.325,0.455));
#5286 = DIRECTION('',(-2.22044604925E-16,-1.,0.));
#5287 = DIRECTION('',(0.984807753012,-2.186712484447E-16,0.173648177667)
  );
#5288 = PLANE('',#5289);
#5289 = AXIS2_PLACEMENT_3D('',#5290,#5291,#5292);
#5290 = CARTESIAN_POINT('',(1.610729118287,0.325,0.384660577966));
#5291 = DIRECTION('',(-2.22044604925E-16,-1.,0.));
#5292 = DIRECTION('',(0.,0.,1.));
#5293 = ADVANCED_FACE('',(#5294),#5312,.F.);
#5294 = FACE_BOUND('',#5295,.F.);
#5295 = EDGE_LOOP('',(#5296,#5297,#5305,#5311));
#5296 = ORIENTED_EDGE('',*,*,#4836,.T.);
#5297 = ORIENTED_EDGE('',*,*,#5298,.T.);
#5298 = EDGE_CURVE('',#4828,#5299,#5301,.T.);
#5299 = VERTEX_POINT('',#5300);
#5300 = CARTESIAN_POINT('',(1.523665661432,-0.325,0.264432583147));
#5301 = LINE('',#5302,#5303);
#5302 = CARTESIAN_POINT('',(1.493176930361,-0.325,0.47583778132));
#5303 = VECTOR('',#5304,1.);
#5304 = DIRECTION('',(0.142742572604,-3.169521813984E-17,-0.989759848633
    ));
#5305 = ORIENTED_EDGE('',*,*,#5306,.F.);
#5306 = EDGE_CURVE('',#5225,#5299,#5307,.T.);
#5307 = LINE('',#5308,#5309);
#5308 = CARTESIAN_POINT('',(1.523665661432,0.325,0.264432583147));
#5309 = VECTOR('',#5310,1.);
#5310 = DIRECTION('',(-2.22044604925E-16,-1.,0.));
#5311 = ORIENTED_EDGE('',*,*,#5224,.F.);
#5312 = PLANE('',#5313);
#5313 = AXIS2_PLACEMENT_3D('',#5314,#5315,#5316);
#5314 = CARTESIAN_POINT('',(1.493176930361,0.325,0.47583778132));
#5315 = DIRECTION('',(0.989759848633,-2.197708345604E-16,0.142742572604)
  );
#5316 = DIRECTION('',(0.142742572604,-3.169521813984E-17,-0.989759848633
    ));
#5317 = ADVANCED_FACE('',(#5318),#5380,.T.);
#5318 = FACE_BOUND('',#5319,.T.);
#5319 = EDGE_LOOP('',(#5320,#5321,#5322,#5323,#5332,#5340,#5348,#5356,
    #5365,#5373));
#5320 = ORIENTED_EDGE('',*,*,#4859,.F.);
#5321 = ORIENTED_EDGE('',*,*,#4827,.T.);
#5322 = ORIENTED_EDGE('',*,*,#5298,.T.);
#5323 = ORIENTED_EDGE('',*,*,#5324,.T.);
#5324 = EDGE_CURVE('',#5299,#5325,#5327,.T.);
#5325 = VERTEX_POINT('',#5326);
#5326 = CARTESIAN_POINT('',(1.838804142396,-0.325,-5.551115123126E-17));
#5327 = CIRCLE('',#5328,0.32);
#5328 = AXIS2_PLACEMENT_3D('',#5329,#5330,#5331);
#5329 = CARTESIAN_POINT('',(1.838804142396,-0.325,0.32));
#5330 = DIRECTION('',(-2.22044604925E-16,-1.,0.));
#5331 = DIRECTION('',(-0.984807753012,2.186712484447E-16,-0.173648177667
    ));
#5332 = ORIENTED_EDGE('',*,*,#5333,.T.);
#5333 = EDGE_CURVE('',#5325,#5334,#5336,.T.);
#5334 = VERTEX_POINT('',#5335);
#5335 = CARTESIAN_POINT('',(1.9,-0.325,-5.551115123126E-17));
#5336 = LINE('',#5337,#5338);
#5337 = CARTESIAN_POINT('',(1.838804142396,-0.325,-5.551115123126E-17));
#5338 = VECTOR('',#5339,1.);
#5339 = DIRECTION('',(1.,-2.22044604925E-16,0.));
#5340 = ORIENTED_EDGE('',*,*,#5341,.T.);
#5341 = EDGE_CURVE('',#5334,#5342,#5344,.T.);
#5342 = VERTEX_POINT('',#5343);
#5343 = CARTESIAN_POINT('',(1.9,-0.325,0.2));
#5344 = LINE('',#5345,#5346);
#5345 = CARTESIAN_POINT('',(1.9,-0.325,-5.551115123126E-17));
#5346 = VECTOR('',#5347,1.);
#5347 = DIRECTION('',(0.,0.,1.));
#5348 = ORIENTED_EDGE('',*,*,#5349,.T.);
#5349 = EDGE_CURVE('',#5342,#5350,#5352,.T.);
#5350 = VERTEX_POINT('',#5351);
#5351 = CARTESIAN_POINT('',(1.838804142396,-0.325,0.2));
#5352 = LINE('',#5353,#5354);
#5353 = CARTESIAN_POINT('',(1.9,-0.325,0.2));
#5354 = VECTOR('',#5355,1.);
#5355 = DIRECTION('',(-1.,2.22044604925E-16,0.));
#5356 = ORIENTED_EDGE('',*,*,#5357,.T.);
#5357 = EDGE_CURVE('',#5350,#5358,#5360,.T.);
#5358 = VERTEX_POINT('',#5359);
#5359 = CARTESIAN_POINT('',(1.720627212034,-0.325,0.29916221868));
#5360 = CIRCLE('',#5361,0.12);
#5361 = AXIS2_PLACEMENT_3D('',#5362,#5363,#5364);
#5362 = CARTESIAN_POINT('',(1.838804142396,-0.325,0.32));
#5363 = DIRECTION('',(2.22044604925E-16,1.,0.));
#5364 = DIRECTION('',(-1.850371707709E-15,4.108650548026E-31,-1.));
#5365 = ORIENTED_EDGE('',*,*,#5366,.T.);
#5366 = EDGE_CURVE('',#5358,#5367,#5369,.T.);
#5367 = VERTEX_POINT('',#5368);
#5368 = CARTESIAN_POINT('',(1.690138480964,-0.325,0.510567416853));
#5369 = LINE('',#5370,#5371);
#5370 = CARTESIAN_POINT('',(1.720627212034,-0.325,0.29916221868));
#5371 = VECTOR('',#5372,1.);
#5372 = DIRECTION('',(-0.142742572604,3.169521813984E-17,0.989759848633)
  );
#5373 = ORIENTED_EDGE('',*,*,#5374,.T.);
#5374 = EDGE_CURVE('',#5367,#4453,#5375,.T.);
#5375 = CIRCLE('',#5376,0.32);
#5376 = AXIS2_PLACEMENT_3D('',#5377,#5378,#5379);
#5377 = CARTESIAN_POINT('',(1.375,-0.325,0.455));
#5378 = DIRECTION('',(-2.22044604925E-16,-1.,0.));
#5379 = DIRECTION('',(0.984807753012,-2.186712484447E-16,0.173648177667)
  );
#5380 = PLANE('',#5381);
#5381 = AXIS2_PLACEMENT_3D('',#5382,#5383,#5384);
#5382 = CARTESIAN_POINT('',(1.610729118287,-0.325,0.384660577966));
#5383 = DIRECTION('',(-2.22044604925E-16,-1.,0.));
#5384 = DIRECTION('',(0.,0.,1.));
#5385 = ADVANCED_FACE('',(#5386),#5397,.T.);
#5386 = FACE_BOUND('',#5387,.T.);
#5387 = EDGE_LOOP('',(#5388,#5389,#5390,#5391));
#5388 = ORIENTED_EDGE('',*,*,#5282,.T.);
#5389 = ORIENTED_EDGE('',*,*,#4877,.T.);
#5390 = ORIENTED_EDGE('',*,*,#5374,.F.);
#5391 = ORIENTED_EDGE('',*,*,#5392,.F.);
#5392 = EDGE_CURVE('',#5275,#5367,#5393,.T.);
#5393 = LINE('',#5394,#5395);
#5394 = CARTESIAN_POINT('',(1.690138480964,0.325,0.510567416853));
#5395 = VECTOR('',#5396,1.);
#5396 = DIRECTION('',(-2.22044604925E-16,-1.,0.));
#5397 = CYLINDRICAL_SURFACE('',#5398,0.32);
#5398 = AXIS2_PLACEMENT_3D('',#5399,#5400,#5401);
#5399 = CARTESIAN_POINT('',(1.375,0.325,0.455));
#5400 = DIRECTION('',(2.22044604925E-16,1.,0.));
#5401 = DIRECTION('',(0.984807753012,-2.186712484447E-16,0.173648177667)
  );
#5402 = ADVANCED_FACE('',(#5403,#5413),#5447,.T.);
#5403 = FACE_BOUND('',#5404,.T.);
#5404 = EDGE_LOOP('',(#5405,#5406,#5407,#5408,#5409,#5410,#5411,#5412));
#5405 = ORIENTED_EDGE('',*,*,#5013,.F.);
#5406 = ORIENTED_EDGE('',*,*,#4983,.F.);
#5407 = ORIENTED_EDGE('',*,*,#4960,.F.);
#5408 = ORIENTED_EDGE('',*,*,#4937,.F.);
#5409 = ORIENTED_EDGE('',*,*,#4908,.F.);
#5410 = ORIENTED_EDGE('',*,*,#5207,.F.);
#5411 = ORIENTED_EDGE('',*,*,#5190,.F.);
#5412 = ORIENTED_EDGE('',*,*,#5167,.F.);
#5413 = FACE_BOUND('',#5414,.T.);
#5414 = EDGE_LOOP('',(#5415,#5425,#5433,#5441));
#5415 = ORIENTED_EDGE('',*,*,#5416,.T.);
#5416 = EDGE_CURVE('',#5417,#5419,#5421,.T.);
#5417 = VERTEX_POINT('',#5418);
#5418 = CARTESIAN_POINT('',(-0.683243103516,-0.608243103516,1.25));
#5419 = VERTEX_POINT('',#5420);
#5420 = CARTESIAN_POINT('',(-1.183243103516,-0.608243103516,1.25));
#5421 = LINE('',#5422,#5423);
#5422 = CARTESIAN_POINT('',(-1.233243103516,-0.608243103516,1.25));
#5423 = VECTOR('',#5424,1.);
#5424 = DIRECTION('',(-1.,0.,0.));
#5425 = ORIENTED_EDGE('',*,*,#5426,.T.);
#5426 = EDGE_CURVE('',#5419,#5427,#5429,.T.);
#5427 = VERTEX_POINT('',#5428);
#5428 = CARTESIAN_POINT('',(-1.183243103516,0.608243103516,1.25));
#5429 = LINE('',#5430,#5431);
#5430 = CARTESIAN_POINT('',(-1.183243103516,-0.633682327637,1.25));
#5431 = VECTOR('',#5432,1.);
#5432 = DIRECTION('',(0.,1.,0.));
#5433 = ORIENTED_EDGE('',*,*,#5434,.F.);
#5434 = EDGE_CURVE('',#5435,#5427,#5437,.T.);
#5435 = VERTEX_POINT('',#5436);
#5436 = CARTESIAN_POINT('',(-0.683243103516,0.608243103516,1.25));
#5437 = LINE('',#5438,#5439);
#5438 = CARTESIAN_POINT('',(-1.233243103516,0.608243103516,1.25));
#5439 = VECTOR('',#5440,1.);
#5440 = DIRECTION('',(-1.,0.,0.));
#5441 = ORIENTED_EDGE('',*,*,#5442,.F.);
#5442 = EDGE_CURVE('',#5417,#5435,#5443,.T.);
#5443 = LINE('',#5444,#5445);
#5444 = CARTESIAN_POINT('',(-0.683243103516,-0.633682327637,1.25));
#5445 = VECTOR('',#5446,1.);
#5446 = DIRECTION('',(0.,1.,0.));
#5447 = PLANE('',#5448);
#5448 = AXIS2_PLACEMENT_3D('',#5449,#5450,#5451);
#5449 = CARTESIAN_POINT('',(-1.283243103516,-0.659121551758,1.25));
#5450 = DIRECTION('',(0.,0.,1.));
#5451 = DIRECTION('',(0.889522261294,0.456891832562,-0.));
#5452 = ADVANCED_FACE('',(#5453),#5464,.F.);
#5453 = FACE_BOUND('',#5454,.F.);
#5454 = EDGE_LOOP('',(#5455,#5461,#5462,#5463));
#5455 = ORIENTED_EDGE('',*,*,#5456,.T.);
#5456 = EDGE_CURVE('',#5266,#5358,#5457,.T.);
#5457 = LINE('',#5458,#5459);
#5458 = CARTESIAN_POINT('',(1.720627212034,0.325,0.29916221868));
#5459 = VECTOR('',#5460,1.);
#5460 = DIRECTION('',(-2.22044604925E-16,-1.,0.));
#5461 = ORIENTED_EDGE('',*,*,#5366,.T.);
#5462 = ORIENTED_EDGE('',*,*,#5392,.F.);
#5463 = ORIENTED_EDGE('',*,*,#5274,.F.);
#5464 = PLANE('',#5465);
#5465 = AXIS2_PLACEMENT_3D('',#5466,#5467,#5468);
#5466 = CARTESIAN_POINT('',(1.720627212034,0.325,0.29916221868));
#5467 = DIRECTION('',(-0.989759848633,2.197708345604E-16,-0.142742572604
    ));
#5468 = DIRECTION('',(-0.142742572604,3.169521813984E-17,0.989759848633)
  );
#5469 = ADVANCED_FACE('',(#5470),#5481,.F.);
#5470 = FACE_BOUND('',#5471,.F.);
#5471 = EDGE_LOOP('',(#5472,#5478,#5479,#5480));
#5472 = ORIENTED_EDGE('',*,*,#5473,.T.);
#5473 = EDGE_CURVE('',#5258,#5350,#5474,.T.);
#5474 = LINE('',#5475,#5476);
#5475 = CARTESIAN_POINT('',(1.838804142396,0.325,0.2));
#5476 = VECTOR('',#5477,1.);
#5477 = DIRECTION('',(-2.22044604925E-16,-1.,0.));
#5478 = ORIENTED_EDGE('',*,*,#5357,.T.);
#5479 = ORIENTED_EDGE('',*,*,#5456,.F.);
#5480 = ORIENTED_EDGE('',*,*,#5265,.F.);
#5481 = CYLINDRICAL_SURFACE('',#5482,0.12);
#5482 = AXIS2_PLACEMENT_3D('',#5483,#5484,#5485);
#5483 = CARTESIAN_POINT('',(1.838804142396,0.325,0.32));
#5484 = DIRECTION('',(2.22044604925E-16,1.,0.));
#5485 = DIRECTION('',(-1.850371707709E-15,4.108650548026E-31,-1.));
#5486 = ADVANCED_FACE('',(#5487),#5498,.F.);
#5487 = FACE_BOUND('',#5488,.F.);
#5488 = EDGE_LOOP('',(#5489,#5495,#5496,#5497));
#5489 = ORIENTED_EDGE('',*,*,#5490,.T.);
#5490 = EDGE_CURVE('',#5250,#5342,#5491,.T.);
#5491 = LINE('',#5492,#5493);
#5492 = CARTESIAN_POINT('',(1.9,0.325,0.2));
#5493 = VECTOR('',#5494,1.);
#5494 = DIRECTION('',(-2.22044604925E-16,-1.,0.));
#5495 = ORIENTED_EDGE('',*,*,#5349,.T.);
#5496 = ORIENTED_EDGE('',*,*,#5473,.F.);
#5497 = ORIENTED_EDGE('',*,*,#5257,.F.);
#5498 = PLANE('',#5499);
#5499 = AXIS2_PLACEMENT_3D('',#5500,#5501,#5502);
#5500 = CARTESIAN_POINT('',(1.9,0.325,0.2));
#5501 = DIRECTION('',(0.,0.,-1.));
#5502 = DIRECTION('',(-1.,2.22044604925E-16,0.));
#5503 = ADVANCED_FACE('',(#5504),#5515,.F.);
#5504 = FACE_BOUND('',#5505,.F.);
#5505 = EDGE_LOOP('',(#5506,#5512,#5513,#5514));
#5506 = ORIENTED_EDGE('',*,*,#5507,.T.);
#5507 = EDGE_CURVE('',#5242,#5334,#5508,.T.);
#5508 = LINE('',#5509,#5510);
#5509 = CARTESIAN_POINT('',(1.9,0.325,-5.551115123126E-17));
#5510 = VECTOR('',#5511,1.);
#5511 = DIRECTION('',(-2.22044604925E-16,-1.,0.));
#5512 = ORIENTED_EDGE('',*,*,#5341,.T.);
#5513 = ORIENTED_EDGE('',*,*,#5490,.F.);
#5514 = ORIENTED_EDGE('',*,*,#5249,.F.);
#5515 = PLANE('',#5516);
#5516 = AXIS2_PLACEMENT_3D('',#5517,#5518,#5519);
#5517 = CARTESIAN_POINT('',(1.9,0.325,-5.551115123126E-17));
#5518 = DIRECTION('',(-1.,2.22044604925E-16,0.));
#5519 = DIRECTION('',(0.,0.,1.));
#5520 = ADVANCED_FACE('',(#5521),#5532,.F.);
#5521 = FACE_BOUND('',#5522,.F.);
#5522 = EDGE_LOOP('',(#5523,#5529,#5530,#5531));
#5523 = ORIENTED_EDGE('',*,*,#5524,.T.);
#5524 = EDGE_CURVE('',#5233,#5325,#5525,.T.);
#5525 = LINE('',#5526,#5527);
#5526 = CARTESIAN_POINT('',(1.838804142396,0.325,-5.551115123126E-17));
#5527 = VECTOR('',#5528,1.);
#5528 = DIRECTION('',(-2.22044604925E-16,-1.,0.));
#5529 = ORIENTED_EDGE('',*,*,#5333,.T.);
#5530 = ORIENTED_EDGE('',*,*,#5507,.F.);
#5531 = ORIENTED_EDGE('',*,*,#5241,.F.);
#5532 = PLANE('',#5533);
#5533 = AXIS2_PLACEMENT_3D('',#5534,#5535,#5536);
#5534 = CARTESIAN_POINT('',(1.838804142396,0.325,-5.551115123126E-17));
#5535 = DIRECTION('',(0.,0.,1.));
#5536 = DIRECTION('',(1.,-2.22044604925E-16,0.));
#5537 = ADVANCED_FACE('',(#5538),#5544,.T.);
#5538 = FACE_BOUND('',#5539,.T.);
#5539 = EDGE_LOOP('',(#5540,#5541,#5542,#5543));
#5540 = ORIENTED_EDGE('',*,*,#5232,.T.);
#5541 = ORIENTED_EDGE('',*,*,#5524,.T.);
#5542 = ORIENTED_EDGE('',*,*,#5324,.F.);
#5543 = ORIENTED_EDGE('',*,*,#5306,.F.);
#5544 = CYLINDRICAL_SURFACE('',#5545,0.32);
#5545 = AXIS2_PLACEMENT_3D('',#5546,#5547,#5548);
#5546 = CARTESIAN_POINT('',(1.838804142396,0.325,0.32));
#5547 = DIRECTION('',(2.22044604925E-16,1.,0.));
#5548 = DIRECTION('',(-0.984807753012,2.186712484447E-16,-0.173648177667
    ));
#5549 = ADVANCED_FACE('',(#5550),#5575,.F.);
#5550 = FACE_BOUND('',#5551,.F.);
#5551 = EDGE_LOOP('',(#5552,#5553,#5561,#5569));
#5552 = ORIENTED_EDGE('',*,*,#5416,.T.);
#5553 = ORIENTED_EDGE('',*,*,#5554,.T.);
#5554 = EDGE_CURVE('',#5419,#5555,#5557,.T.);
#5555 = VERTEX_POINT('',#5556);
#5556 = CARTESIAN_POINT('',(-1.183243103516,-0.608243103516,1.26));
#5557 = LINE('',#5558,#5559);
#5558 = CARTESIAN_POINT('',(-1.183243103516,-0.608243103516,1.24));
#5559 = VECTOR('',#5560,1.);
#5560 = DIRECTION('',(0.,0.,1.));
#5561 = ORIENTED_EDGE('',*,*,#5562,.T.);
#5562 = EDGE_CURVE('',#5555,#5563,#5565,.T.);
#5563 = VERTEX_POINT('',#5564);
#5564 = CARTESIAN_POINT('',(-0.683243103516,-0.608243103516,1.26));
#5565 = LINE('',#5566,#5567);
#5566 = CARTESIAN_POINT('',(-1.183243103516,-0.608243103516,1.26));
#5567 = VECTOR('',#5568,1.);
#5568 = DIRECTION('',(1.,0.,0.));
#5569 = ORIENTED_EDGE('',*,*,#5570,.F.);
#5570 = EDGE_CURVE('',#5417,#5563,#5571,.T.);
#5571 = LINE('',#5572,#5573);
#5572 = CARTESIAN_POINT('',(-0.683243103516,-0.608243103516,1.24));
#5573 = VECTOR('',#5574,1.);
#5574 = DIRECTION('',(0.,0.,1.));
#5575 = PLANE('',#5576);
#5576 = AXIS2_PLACEMENT_3D('',#5577,#5578,#5579);
#5577 = CARTESIAN_POINT('',(-1.183243103516,-0.608243103516,1.24));
#5578 = DIRECTION('',(0.,1.,0.));
#5579 = DIRECTION('',(0.,-0.,1.));
#5580 = ADVANCED_FACE('',(#5581),#5599,.T.);
#5581 = FACE_BOUND('',#5582,.T.);
#5582 = EDGE_LOOP('',(#5583,#5584,#5585,#5593));
#5583 = ORIENTED_EDGE('',*,*,#5570,.F.);
#5584 = ORIENTED_EDGE('',*,*,#5442,.T.);
#5585 = ORIENTED_EDGE('',*,*,#5586,.T.);
#5586 = EDGE_CURVE('',#5435,#5587,#5589,.T.);
#5587 = VERTEX_POINT('',#5588);
#5588 = CARTESIAN_POINT('',(-0.683243103516,0.608243103516,1.26));
#5589 = LINE('',#5590,#5591);
#5590 = CARTESIAN_POINT('',(-0.683243103516,0.608243103516,1.24));
#5591 = VECTOR('',#5592,1.);
#5592 = DIRECTION('',(0.,0.,1.));
#5593 = ORIENTED_EDGE('',*,*,#5594,.F.);
#5594 = EDGE_CURVE('',#5563,#5587,#5595,.T.);
#5595 = LINE('',#5596,#5597);
#5596 = CARTESIAN_POINT('',(-0.683243103516,-0.608243103516,1.26));
#5597 = VECTOR('',#5598,1.);
#5598 = DIRECTION('',(0.,1.,0.));
#5599 = PLANE('',#5600);
#5600 = AXIS2_PLACEMENT_3D('',#5601,#5602,#5603);
#5601 = CARTESIAN_POINT('',(-0.683243103516,-0.608243103516,1.24));
#5602 = DIRECTION('',(1.,0.,0.));
#5603 = DIRECTION('',(0.,0.,1.));
#5604 = ADVANCED_FACE('',(#5605),#5623,.T.);
#5605 = FACE_BOUND('',#5606,.T.);
#5606 = EDGE_LOOP('',(#5607,#5608,#5616,#5622));
#5607 = ORIENTED_EDGE('',*,*,#5434,.T.);
#5608 = ORIENTED_EDGE('',*,*,#5609,.T.);
#5609 = EDGE_CURVE('',#5427,#5610,#5612,.T.);
#5610 = VERTEX_POINT('',#5611);
#5611 = CARTESIAN_POINT('',(-1.183243103516,0.608243103516,1.26));
#5612 = LINE('',#5613,#5614);
#5613 = CARTESIAN_POINT('',(-1.183243103516,0.608243103516,1.24));
#5614 = VECTOR('',#5615,1.);
#5615 = DIRECTION('',(0.,0.,1.));
#5616 = ORIENTED_EDGE('',*,*,#5617,.T.);
#5617 = EDGE_CURVE('',#5610,#5587,#5618,.T.);
#5618 = LINE('',#5619,#5620);
#5619 = CARTESIAN_POINT('',(-1.183243103516,0.608243103516,1.26));
#5620 = VECTOR('',#5621,1.);
#5621 = DIRECTION('',(1.,0.,0.));
#5622 = ORIENTED_EDGE('',*,*,#5586,.F.);
#5623 = PLANE('',#5624);
#5624 = AXIS2_PLACEMENT_3D('',#5625,#5626,#5627);
#5625 = CARTESIAN_POINT('',(-1.183243103516,0.608243103516,1.24));
#5626 = DIRECTION('',(0.,1.,0.));
#5627 = DIRECTION('',(0.,-0.,1.));
#5628 = ADVANCED_FACE('',(#5629),#5640,.F.);
#5629 = FACE_BOUND('',#5630,.F.);
#5630 = EDGE_LOOP('',(#5631,#5632,#5633,#5634));
#5631 = ORIENTED_EDGE('',*,*,#5554,.F.);
#5632 = ORIENTED_EDGE('',*,*,#5426,.T.);
#5633 = ORIENTED_EDGE('',*,*,#5609,.T.);
#5634 = ORIENTED_EDGE('',*,*,#5635,.F.);
#5635 = EDGE_CURVE('',#5555,#5610,#5636,.T.);
#5636 = LINE('',#5637,#5638);
#5637 = CARTESIAN_POINT('',(-1.183243103516,-0.608243103516,1.26));
#5638 = VECTOR('',#5639,1.);
#5639 = DIRECTION('',(0.,1.,0.));
#5640 = PLANE('',#5641);
#5641 = AXIS2_PLACEMENT_3D('',#5642,#5643,#5644);
#5642 = CARTESIAN_POINT('',(-1.183243103516,-0.608243103516,1.24));
#5643 = DIRECTION('',(1.,0.,0.));
#5644 = DIRECTION('',(0.,0.,1.));
#5645 = ADVANCED_FACE('',(#5646),#5652,.T.);
#5646 = FACE_BOUND('',#5647,.T.);
#5647 = EDGE_LOOP('',(#5648,#5649,#5650,#5651));
#5648 = ORIENTED_EDGE('',*,*,#5635,.F.);
#5649 = ORIENTED_EDGE('',*,*,#5562,.T.);
#5650 = ORIENTED_EDGE('',*,*,#5594,.T.);
#5651 = ORIENTED_EDGE('',*,*,#5617,.F.);
#5652 = PLANE('',#5653);
#5653 = AXIS2_PLACEMENT_3D('',#5654,#5655,#5656);
#5654 = CARTESIAN_POINT('',(-1.183243103516,-0.608243103516,1.26));
#5655 = DIRECTION('',(0.,0.,1.));
#5656 = DIRECTION('',(1.,0.,-0.));
#5657 = ( GEOMETRIC_REPRESENTATION_CONTEXT(3) 
GLOBAL_UNCERTAINTY_ASSIGNED_CONTEXT((#5661)) 
GLOBAL_UNIT_ASSIGNED_CONTEXT((#5658,#5659,#5660)) REPRESENTATION_CONTEXT
('Context #1','3D Context with UNIT and UNCERTAINTY') );
#5658 = ( LENGTH_UNIT() NAMED_UNIT(*) SI_UNIT(.MILLI.,.METRE.) );
#5659 = ( NAMED_UNIT(*) PLANE_ANGLE_UNIT() SI_UNIT($,.RADIAN.) );
#5660 = ( NAMED_UNIT(*) SI_UNIT($,.STERADIAN.) SOLID_ANGLE_UNIT() );
#5661 = UNCERTAINTY_MEASURE_WITH_UNIT(LENGTH_MEASURE(1.E-07),#5658,
  'distance_accuracy_value','confusion accuracy');
#5662 = CONTEXT_DEPENDENT_SHAPE_REPRESENTATION(#5663,#5665);
#5663 = ( REPRESENTATION_RELATIONSHIP('','',#3968,#3945) 
REPRESENTATION_RELATIONSHIP_WITH_TRANSFORMATION(#5664) 
SHAPE_REPRESENTATION_RELATIONSHIP() );
#5664 = ITEM_DEFINED_TRANSFORMATION('','',#11,#3946);
#5665 = PRODUCT_DEFINITION_SHAPE('Placement','Placement of an item',
  #5666);
#5666 = NEXT_ASSEMBLY_USAGE_OCCURRENCE('8','=>[0:1:1:9]','',#3940,#3963,
  $);
#5667 = PRODUCT_RELATED_PRODUCT_CATEGORY('part',$,(#3965));
#5668 = SHAPE_DEFINITION_REPRESENTATION(#5669,#5675);
#5669 = PRODUCT_DEFINITION_SHAPE('','',#5670);
#5670 = PRODUCT_DEFINITION('design','',#5671,#5674);
#5671 = PRODUCT_DEFINITION_FORMATION('','',#5672);
#5672 = PRODUCT('R_0603_1608Metric','R_0603_1608Metric','',(#5673));
#5673 = PRODUCT_CONTEXT('',#2,'mechanical');
#5674 = PRODUCT_DEFINITION_CONTEXT('part definition',#2,'design');
#5675 = SHAPE_REPRESENTATION('',(#11,#5676),#5680);
#5676 = AXIS2_PLACEMENT_3D('',#5677,#5678,#5679);
#5677 = CARTESIAN_POINT('',(0.,0.,0.));
#5678 = DIRECTION('',(0.,0.,1.));
#5679 = DIRECTION('',(1.,0.,-0.));
#5680 = ( GEOMETRIC_REPRESENTATION_CONTEXT(3) 
GLOBAL_UNCERTAINTY_ASSIGNED_CONTEXT((#5684)) 
GLOBAL_UNIT_ASSIGNED_CONTEXT((#5681,#5682,#5683)) REPRESENTATION_CONTEXT
('Context #1','3D Context with UNIT and UNCERTAINTY') );
#5681 = ( LENGTH_UNIT() NAMED_UNIT(*) SI_UNIT(.MILLI.,.METRE.) );
#5682 = ( NAMED_UNIT(*) PLANE_ANGLE_UNIT() SI_UNIT($,.RADIAN.) );
#5683 = ( NAMED_UNIT(*) SI_UNIT($,.STERADIAN.) SOLID_ANGLE_UNIT() );
#5684 = UNCERTAINTY_MEASURE_WITH_UNIT(LENGTH_MEASURE(1.E-07),#5681,
  'distance_accuracy_value','confusion accuracy');
#5685 = CONTEXT_DEPENDENT_SHAPE_REPRESENTATION(#5686,#5688);
#5686 = ( REPRESENTATION_RELATIONSHIP('','',#5675,#10) 
REPRESENTATION_RELATIONSHIP_WITH_TRANSFORMATION(#5687) 
SHAPE_REPRESENTATION_RELATIONSHIP() );
#5687 = ITEM_DEFINED_TRANSFORMATION('','',#11,#35);
#5688 = PRODUCT_DEFINITION_SHAPE('Placement','Placement of an item',
  #5689);
#5689 = NEXT_ASSEMBLY_USAGE_OCCURRENCE('11','R1','',#5,#5670,$);
#5690 = PRODUCT_RELATED_PRODUCT_CATEGORY('part',$,(#5672));
#5691 = SHAPE_DEFINITION_REPRESENTATION(#5692,#5698);
#5692 = PRODUCT_DEFINITION_SHAPE('','',#5693);
#5693 = PRODUCT_DEFINITION('design','',#5694,#5697);
#5694 = PRODUCT_DEFINITION_FORMATION('','',#5695);
#5695 = PRODUCT('R_0603_1608Metric','R_0603_1608Metric','',(#5696));
#5696 = PRODUCT_CONTEXT('',#2,'mechanical');
#5697 = PRODUCT_DEFINITION_CONTEXT('part definition',#2,'design');
#5698 = ADVANCED_BREP_SHAPE_REPRESENTATION('',(#11,#5699),#6489);
#5699 = MANIFOLD_SOLID_BREP('',#5700);
#5700 = CLOSED_SHELL('',(#5701,#5741,#5824,#5849,#5874,#5941,#5958,#5975
    ,#6024,#6041,#6058,#6107,#6124,#6193,#6224,#6248,#6317,#6341,#6358,
    #6375,#6392,#6409,#6426,#6443,#6460,#6477));
#5701 = ADVANCED_FACE('',(#5702),#5736,.F.);
#5702 = FACE_BOUND('',#5703,.F.);
#5703 = EDGE_LOOP('',(#5704,#5714,#5722,#5730));
#5704 = ORIENTED_EDGE('',*,*,#5705,.F.);
#5705 = EDGE_CURVE('',#5706,#5708,#5710,.T.);
#5706 = VERTEX_POINT('',#5707);
#5707 = CARTESIAN_POINT('',(-0.8,-0.4,4.5E-02));
#5708 = VERTEX_POINT('',#5709);
#5709 = CARTESIAN_POINT('',(-0.8,-0.4,0.405));
#5710 = LINE('',#5711,#5712);
#5711 = CARTESIAN_POINT('',(-0.8,-0.4,0.));
#5712 = VECTOR('',#5713,1.);
#5713 = DIRECTION('',(0.,0.,1.));
#5714 = ORIENTED_EDGE('',*,*,#5715,.T.);
#5715 = EDGE_CURVE('',#5706,#5716,#5718,.T.);
#5716 = VERTEX_POINT('',#5717);
#5717 = CARTESIAN_POINT('',(-0.8,0.4,4.5E-02));
#5718 = LINE('',#5719,#5720);
#5719 = CARTESIAN_POINT('',(-0.8,-0.4,4.5E-02));
#5720 = VECTOR('',#5721,1.);
#5721 = DIRECTION('',(0.,1.,0.));
#5722 = ORIENTED_EDGE('',*,*,#5723,.T.);
#5723 = EDGE_CURVE('',#5716,#5724,#5726,.T.);
#5724 = VERTEX_POINT('',#5725);
#5725 = CARTESIAN_POINT('',(-0.8,0.4,0.405));
#5726 = LINE('',#5727,#5728);
#5727 = CARTESIAN_POINT('',(-0.8,0.4,0.));
#5728 = VECTOR('',#5729,1.);
#5729 = DIRECTION('',(0.,0.,1.));
#5730 = ORIENTED_EDGE('',*,*,#5731,.F.);
#5731 = EDGE_CURVE('',#5708,#5724,#5732,.T.);
#5732 = LINE('',#5733,#5734);
#5733 = CARTESIAN_POINT('',(-0.8,-0.4,0.405));
#5734 = VECTOR('',#5735,1.);
#5735 = DIRECTION('',(0.,1.,0.));
#5736 = PLANE('',#5737);
#5737 = AXIS2_PLACEMENT_3D('',#5738,#5739,#5740);
#5738 = CARTESIAN_POINT('',(-0.8,-0.4,0.));
#5739 = DIRECTION('',(1.,0.,0.));
#5740 = DIRECTION('',(0.,0.,1.));
#5741 = ADVANCED_FACE('',(#5742),#5819,.F.);
#5742 = FACE_BOUND('',#5743,.F.);
#5743 = EDGE_LOOP('',(#5744,#5754,#5761,#5762,#5771,#5779,#5788,#5796,
    #5804,#5812));
#5744 = ORIENTED_EDGE('',*,*,#5745,.F.);
#5745 = EDGE_CURVE('',#5746,#5748,#5750,.T.);
#5746 = VERTEX_POINT('',#5747);
#5747 = CARTESIAN_POINT('',(-0.755,-0.4,-2.775557561563E-17));
#5748 = VERTEX_POINT('',#5749);
#5749 = CARTESIAN_POINT('',(-0.545,-0.4,-2.775557561563E-17));
#5750 = LINE('',#5751,#5752);
#5751 = CARTESIAN_POINT('',(-0.8,-0.4,0.));
#5752 = VECTOR('',#5753,1.);
#5753 = DIRECTION('',(1.,0.,0.));
#5754 = ORIENTED_EDGE('',*,*,#5755,.F.);
#5755 = EDGE_CURVE('',#5706,#5746,#5756,.T.);
#5756 = CIRCLE('',#5757,4.5E-02);
#5757 = AXIS2_PLACEMENT_3D('',#5758,#5759,#5760);
#5758 = CARTESIAN_POINT('',(-0.755,-0.4,4.5E-02));
#5759 = DIRECTION('',(0.,-1.,0.));
#5760 = DIRECTION('',(0.,0.,1.));
#5761 = ORIENTED_EDGE('',*,*,#5705,.T.);
#5762 = ORIENTED_EDGE('',*,*,#5763,.T.);
#5763 = EDGE_CURVE('',#5708,#5764,#5766,.T.);
#5764 = VERTEX_POINT('',#5765);
#5765 = CARTESIAN_POINT('',(-0.755,-0.4,0.45));
#5766 = CIRCLE('',#5767,4.5E-02);
#5767 = AXIS2_PLACEMENT_3D('',#5768,#5769,#5770);
#5768 = CARTESIAN_POINT('',(-0.755,-0.4,0.405));
#5769 = DIRECTION('',(0.,1.,0.));
#5770 = DIRECTION('',(0.,-0.,1.));
#5771 = ORIENTED_EDGE('',*,*,#5772,.T.);
#5772 = EDGE_CURVE('',#5764,#5773,#5775,.T.);
#5773 = VERTEX_POINT('',#5774);
#5774 = CARTESIAN_POINT('',(-0.545,-0.4,0.45));
#5775 = LINE('',#5776,#5777);
#5776 = CARTESIAN_POINT('',(-0.8,-0.4,0.45));
#5777 = VECTOR('',#5778,1.);
#5778 = DIRECTION('',(1.,0.,0.));
#5779 = ORIENTED_EDGE('',*,*,#5780,.F.);
#5780 = EDGE_CURVE('',#5781,#5773,#5783,.T.);
#5781 = VERTEX_POINT('',#5782);
#5782 = CARTESIAN_POINT('',(-0.5,-0.4,0.405));
#5783 = CIRCLE('',#5784,4.5E-02);
#5784 = AXIS2_PLACEMENT_3D('',#5785,#5786,#5787);
#5785 = CARTESIAN_POINT('',(-0.545,-0.4,0.405));
#5786 = DIRECTION('',(0.,-1.,0.));
#5787 = DIRECTION('',(0.,0.,1.));
#5788 = ORIENTED_EDGE('',*,*,#5789,.F.);
#5789 = EDGE_CURVE('',#5790,#5781,#5792,.T.);
#5790 = VERTEX_POINT('',#5791);
#5791 = CARTESIAN_POINT('',(-0.755,-0.4,0.405));
#5792 = LINE('',#5793,#5794);
#5793 = CARTESIAN_POINT('',(-0.755,-0.4,0.405));
#5794 = VECTOR('',#5795,1.);
#5795 = DIRECTION('',(1.,0.,0.));
#5796 = ORIENTED_EDGE('',*,*,#5797,.F.);
#5797 = EDGE_CURVE('',#5798,#5790,#5800,.T.);
#5798 = VERTEX_POINT('',#5799);
#5799 = CARTESIAN_POINT('',(-0.755,-0.4,4.5E-02));
#5800 = LINE('',#5801,#5802);
#5801 = CARTESIAN_POINT('',(-0.755,-0.4,4.5E-02));
#5802 = VECTOR('',#5803,1.);
#5803 = DIRECTION('',(0.,0.,1.));
#5804 = ORIENTED_EDGE('',*,*,#5805,.T.);
#5805 = EDGE_CURVE('',#5798,#5806,#5808,.T.);
#5806 = VERTEX_POINT('',#5807);
#5807 = CARTESIAN_POINT('',(-0.5,-0.4,4.5E-02));
#5808 = LINE('',#5809,#5810);
#5809 = CARTESIAN_POINT('',(-0.755,-0.4,4.5E-02));
#5810 = VECTOR('',#5811,1.);
#5811 = DIRECTION('',(1.,0.,0.));
#5812 = ORIENTED_EDGE('',*,*,#5813,.T.);
#5813 = EDGE_CURVE('',#5806,#5748,#5814,.T.);
#5814 = CIRCLE('',#5815,4.5E-02);
#5815 = AXIS2_PLACEMENT_3D('',#5816,#5817,#5818);
#5816 = CARTESIAN_POINT('',(-0.545,-0.4,4.5E-02));
#5817 = DIRECTION('',(0.,1.,0.));
#5818 = DIRECTION('',(0.,-0.,1.));
#5819 = PLANE('',#5820);
#5820 = AXIS2_PLACEMENT_3D('',#5821,#5822,#5823);
#5821 = CARTESIAN_POINT('',(-0.8,-0.4,0.));
#5822 = DIRECTION('',(0.,1.,0.));
#5823 = DIRECTION('',(0.,-0.,1.));
#5824 = ADVANCED_FACE('',(#5825),#5844,.T.);
#5825 = FACE_BOUND('',#5826,.T.);
#5826 = EDGE_LOOP('',(#5827,#5828,#5837,#5843));
#5827 = ORIENTED_EDGE('',*,*,#5715,.T.);
#5828 = ORIENTED_EDGE('',*,*,#5829,.T.);
#5829 = EDGE_CURVE('',#5716,#5830,#5832,.T.);
#5830 = VERTEX_POINT('',#5831);
#5831 = CARTESIAN_POINT('',(-0.755,0.4,-2.775557561563E-17));
#5832 = CIRCLE('',#5833,4.5E-02);
#5833 = AXIS2_PLACEMENT_3D('',#5834,#5835,#5836);
#5834 = CARTESIAN_POINT('',(-0.755,0.4,4.5E-02));
#5835 = DIRECTION('',(0.,-1.,0.));
#5836 = DIRECTION('',(0.,0.,1.));
#5837 = ORIENTED_EDGE('',*,*,#5838,.F.);
#5838 = EDGE_CURVE('',#5746,#5830,#5839,.T.);
#5839 = LINE('',#5840,#5841);
#5840 = CARTESIAN_POINT('',(-0.755,-0.4,-2.775557561563E-17));
#5841 = VECTOR('',#5842,1.);
#5842 = DIRECTION('',(0.,1.,0.));
#5843 = ORIENTED_EDGE('',*,*,#5755,.F.);
#5844 = CYLINDRICAL_SURFACE('',#5845,4.5E-02);
#5845 = AXIS2_PLACEMENT_3D('',#5846,#5847,#5848);
#5846 = CARTESIAN_POINT('',(-0.755,-0.4,4.5E-02));
#5847 = DIRECTION('',(0.,1.,0.));
#5848 = DIRECTION('',(-1.,0.,0.));
#5849 = ADVANCED_FACE('',(#5850),#5869,.T.);
#5850 = FACE_BOUND('',#5851,.T.);
#5851 = EDGE_LOOP('',(#5852,#5853,#5861,#5868));
#5852 = ORIENTED_EDGE('',*,*,#5763,.T.);
#5853 = ORIENTED_EDGE('',*,*,#5854,.T.);
#5854 = EDGE_CURVE('',#5764,#5855,#5857,.T.);
#5855 = VERTEX_POINT('',#5856);
#5856 = CARTESIAN_POINT('',(-0.755,0.4,0.45));
#5857 = LINE('',#5858,#5859);
#5858 = CARTESIAN_POINT('',(-0.755,-0.4,0.45));
#5859 = VECTOR('',#5860,1.);
#5860 = DIRECTION('',(0.,1.,0.));
#5861 = ORIENTED_EDGE('',*,*,#5862,.F.);
#5862 = EDGE_CURVE('',#5724,#5855,#5863,.T.);
#5863 = CIRCLE('',#5864,4.5E-02);
#5864 = AXIS2_PLACEMENT_3D('',#5865,#5866,#5867);
#5865 = CARTESIAN_POINT('',(-0.755,0.4,0.405));
#5866 = DIRECTION('',(0.,1.,0.));
#5867 = DIRECTION('',(0.,-0.,1.));
#5868 = ORIENTED_EDGE('',*,*,#5731,.F.);
#5869 = CYLINDRICAL_SURFACE('',#5870,4.5E-02);
#5870 = AXIS2_PLACEMENT_3D('',#5871,#5872,#5873);
#5871 = CARTESIAN_POINT('',(-0.755,-0.4,0.405));
#5872 = DIRECTION('',(0.,1.,0.));
#5873 = DIRECTION('',(-1.,0.,0.));
#5874 = ADVANCED_FACE('',(#5875),#5936,.T.);
#5875 = FACE_BOUND('',#5876,.T.);
#5876 = EDGE_LOOP('',(#5877,#5885,#5886,#5887,#5888,#5896,#5905,#5913,
    #5921,#5929));
#5877 = ORIENTED_EDGE('',*,*,#5878,.F.);
#5878 = EDGE_CURVE('',#5830,#5879,#5881,.T.);
#5879 = VERTEX_POINT('',#5880);
#5880 = CARTESIAN_POINT('',(-0.545,0.4,-2.775557561563E-17));
#5881 = LINE('',#5882,#5883);
#5882 = CARTESIAN_POINT('',(-0.8,0.4,0.));
#5883 = VECTOR('',#5884,1.);
#5884 = DIRECTION('',(1.,0.,0.));
#5885 = ORIENTED_EDGE('',*,*,#5829,.F.);
#5886 = ORIENTED_EDGE('',*,*,#5723,.T.);
#5887 = ORIENTED_EDGE('',*,*,#5862,.T.);
#5888 = ORIENTED_EDGE('',*,*,#5889,.T.);
#5889 = EDGE_CURVE('',#5855,#5890,#5892,.T.);
#5890 = VERTEX_POINT('',#5891);
#5891 = CARTESIAN_POINT('',(-0.545,0.4,0.45));
#5892 = LINE('',#5893,#5894);
#5893 = CARTESIAN_POINT('',(-0.8,0.4,0.45));
#5894 = VECTOR('',#5895,1.);
#5895 = DIRECTION('',(1.,0.,0.));
#5896 = ORIENTED_EDGE('',*,*,#5897,.F.);
#5897 = EDGE_CURVE('',#5898,#5890,#5900,.T.);
#5898 = VERTEX_POINT('',#5899);
#5899 = CARTESIAN_POINT('',(-0.5,0.4,0.405));
#5900 = CIRCLE('',#5901,4.5E-02);
#5901 = AXIS2_PLACEMENT_3D('',#5902,#5903,#5904);
#5902 = CARTESIAN_POINT('',(-0.545,0.4,0.405));
#5903 = DIRECTION('',(0.,-1.,0.));
#5904 = DIRECTION('',(0.,0.,1.));
#5905 = ORIENTED_EDGE('',*,*,#5906,.F.);
#5906 = EDGE_CURVE('',#5907,#5898,#5909,.T.);
#5907 = VERTEX_POINT('',#5908);
#5908 = CARTESIAN_POINT('',(-0.755,0.4,0.405));
#5909 = LINE('',#5910,#5911);
#5910 = CARTESIAN_POINT('',(-0.755,0.4,0.405));
#5911 = VECTOR('',#5912,1.);
#5912 = DIRECTION('',(1.,0.,0.));
#5913 = ORIENTED_EDGE('',*,*,#5914,.F.);
#5914 = EDGE_CURVE('',#5915,#5907,#5917,.T.);
#5915 = VERTEX_POINT('',#5916);
#5916 = CARTESIAN_POINT('',(-0.755,0.4,4.5E-02));
#5917 = LINE('',#5918,#5919);
#5918 = CARTESIAN_POINT('',(-0.755,0.4,4.5E-02));
#5919 = VECTOR('',#5920,1.);
#5920 = DIRECTION('',(0.,0.,1.));
#5921 = ORIENTED_EDGE('',*,*,#5922,.T.);
#5922 = EDGE_CURVE('',#5915,#5923,#5925,.T.);
#5923 = VERTEX_POINT('',#5924);
#5924 = CARTESIAN_POINT('',(-0.5,0.4,4.5E-02));
#5925 = LINE('',#5926,#5927);
#5926 = CARTESIAN_POINT('',(-0.755,0.4,4.5E-02));
#5927 = VECTOR('',#5928,1.);
#5928 = DIRECTION('',(1.,0.,0.));
#5929 = ORIENTED_EDGE('',*,*,#5930,.T.);
#5930 = EDGE_CURVE('',#5923,#5879,#5931,.T.);
#5931 = CIRCLE('',#5932,4.5E-02);
#5932 = AXIS2_PLACEMENT_3D('',#5933,#5934,#5935);
#5933 = CARTESIAN_POINT('',(-0.545,0.4,4.5E-02));
#5934 = DIRECTION('',(0.,1.,0.));
#5935 = DIRECTION('',(0.,-0.,1.));
#5936 = PLANE('',#5937);
#5937 = AXIS2_PLACEMENT_3D('',#5938,#5939,#5940);
#5938 = CARTESIAN_POINT('',(-0.8,0.4,0.));
#5939 = DIRECTION('',(0.,1.,0.));
#5940 = DIRECTION('',(0.,-0.,1.));
#5941 = ADVANCED_FACE('',(#5942),#5953,.F.);
#5942 = FACE_BOUND('',#5943,.F.);
#5943 = EDGE_LOOP('',(#5944,#5945,#5946,#5947));
#5944 = ORIENTED_EDGE('',*,*,#5878,.F.);
#5945 = ORIENTED_EDGE('',*,*,#5838,.F.);
#5946 = ORIENTED_EDGE('',*,*,#5745,.T.);
#5947 = ORIENTED_EDGE('',*,*,#5948,.T.);
#5948 = EDGE_CURVE('',#5748,#5879,#5949,.T.);
#5949 = LINE('',#5950,#5951);
#5950 = CARTESIAN_POINT('',(-0.545,-0.4,-2.775557561563E-17));
#5951 = VECTOR('',#5952,1.);
#5952 = DIRECTION('',(0.,1.,0.));
#5953 = PLANE('',#5954);
#5954 = AXIS2_PLACEMENT_3D('',#5955,#5956,#5957);
#5955 = CARTESIAN_POINT('',(-0.8,-0.4,0.));
#5956 = DIRECTION('',(0.,0.,1.));
#5957 = DIRECTION('',(1.,0.,-0.));
#5958 = ADVANCED_FACE('',(#5959),#5970,.T.);
#5959 = FACE_BOUND('',#5960,.T.);
#5960 = EDGE_LOOP('',(#5961,#5962,#5963,#5964));
#5961 = ORIENTED_EDGE('',*,*,#5813,.T.);
#5962 = ORIENTED_EDGE('',*,*,#5948,.T.);
#5963 = ORIENTED_EDGE('',*,*,#5930,.F.);
#5964 = ORIENTED_EDGE('',*,*,#5965,.F.);
#5965 = EDGE_CURVE('',#5806,#5923,#5966,.T.);
#5966 = LINE('',#5967,#5968);
#5967 = CARTESIAN_POINT('',(-0.5,-0.4,4.5E-02));
#5968 = VECTOR('',#5969,1.);
#5969 = DIRECTION('',(0.,1.,0.));
#5970 = CYLINDRICAL_SURFACE('',#5971,4.5E-02);
#5971 = AXIS2_PLACEMENT_3D('',#5972,#5973,#5974);
#5972 = CARTESIAN_POINT('',(-0.545,-0.4,4.5E-02));
#5973 = DIRECTION('',(0.,1.,0.));
#5974 = DIRECTION('',(1.,0.,0.));
#5975 = ADVANCED_FACE('',(#5976),#6019,.F.);
#5976 = FACE_BOUND('',#5977,.F.);
#5977 = EDGE_LOOP('',(#5978,#5979,#5980,#5981,#5989,#5997,#6005,#6013));
#5978 = ORIENTED_EDGE('',*,*,#5805,.F.);
#5979 = ORIENTED_EDGE('',*,*,#5797,.T.);
#5980 = ORIENTED_EDGE('',*,*,#5789,.T.);
#5981 = ORIENTED_EDGE('',*,*,#5982,.T.);
#5982 = EDGE_CURVE('',#5781,#5983,#5985,.T.);
#5983 = VERTEX_POINT('',#5984);
#5984 = CARTESIAN_POINT('',(0.5,-0.4,0.405));
#5985 = LINE('',#5986,#5987);
#5986 = CARTESIAN_POINT('',(-0.5,-0.4,0.405));
#5987 = VECTOR('',#5988,1.);
#5988 = DIRECTION('',(1.,0.,0.));
#5989 = ORIENTED_EDGE('',*,*,#5990,.T.);
#5990 = EDGE_CURVE('',#5983,#5991,#5993,.T.);
#5991 = VERTEX_POINT('',#5992);
#5992 = CARTESIAN_POINT('',(0.755,-0.4,0.405));
#5993 = LINE('',#5994,#5995);
#5994 = CARTESIAN_POINT('',(-0.755,-0.4,0.405));
#5995 = VECTOR('',#5996,1.);
#5996 = DIRECTION('',(1.,0.,0.));
#5997 = ORIENTED_EDGE('',*,*,#5998,.F.);
#5998 = EDGE_CURVE('',#5999,#5991,#6001,.T.);
#5999 = VERTEX_POINT('',#6000);
#6000 = CARTESIAN_POINT('',(0.755,-0.4,4.5E-02));
#6001 = LINE('',#6002,#6003);
#6002 = CARTESIAN_POINT('',(0.755,-0.4,4.5E-02));
#6003 = VECTOR('',#6004,1.);
#6004 = DIRECTION('',(0.,0.,1.));
#6005 = ORIENTED_EDGE('',*,*,#6006,.F.);
#6006 = EDGE_CURVE('',#6007,#5999,#6009,.T.);
#6007 = VERTEX_POINT('',#6008);
#6008 = CARTESIAN_POINT('',(0.5,-0.4,4.5E-02));
#6009 = LINE('',#6010,#6011);
#6010 = CARTESIAN_POINT('',(-0.755,-0.4,4.5E-02));
#6011 = VECTOR('',#6012,1.);
#6012 = DIRECTION('',(1.,0.,0.));
#6013 = ORIENTED_EDGE('',*,*,#6014,.F.);
#6014 = EDGE_CURVE('',#5806,#6007,#6015,.T.);
#6015 = LINE('',#6016,#6017);
#6016 = CARTESIAN_POINT('',(-0.755,-0.4,4.5E-02));
#6017 = VECTOR('',#6018,1.);
#6018 = DIRECTION('',(1.,0.,0.));
#6019 = PLANE('',#6020);
#6020 = AXIS2_PLACEMENT_3D('',#6021,#6022,#6023);
#6021 = CARTESIAN_POINT('',(-0.755,-0.4,4.5E-02));
#6022 = DIRECTION('',(0.,1.,0.));
#6023 = DIRECTION('',(0.,-0.,1.));
#6024 = ADVANCED_FACE('',(#6025),#6036,.T.);
#6025 = FACE_BOUND('',#6026,.T.);
#6026 = EDGE_LOOP('',(#6027,#6028,#6029,#6030));
#6027 = ORIENTED_EDGE('',*,*,#5889,.F.);
#6028 = ORIENTED_EDGE('',*,*,#5854,.F.);
#6029 = ORIENTED_EDGE('',*,*,#5772,.T.);
#6030 = ORIENTED_EDGE('',*,*,#6031,.T.);
#6031 = EDGE_CURVE('',#5773,#5890,#6032,.T.);
#6032 = LINE('',#6033,#6034);
#6033 = CARTESIAN_POINT('',(-0.545,-0.4,0.45));
#6034 = VECTOR('',#6035,1.);
#6035 = DIRECTION('',(0.,1.,0.));
#6036 = PLANE('',#6037);
#6037 = AXIS2_PLACEMENT_3D('',#6038,#6039,#6040);
#6038 = CARTESIAN_POINT('',(-0.8,-0.4,0.45));
#6039 = DIRECTION('',(0.,0.,1.));
#6040 = DIRECTION('',(1.,0.,-0.));
#6041 = ADVANCED_FACE('',(#6042),#6053,.T.);
#6042 = FACE_BOUND('',#6043,.T.);
#6043 = EDGE_LOOP('',(#6044,#6050,#6051,#6052));
#6044 = ORIENTED_EDGE('',*,*,#6045,.T.);
#6045 = EDGE_CURVE('',#5781,#5898,#6046,.T.);
#6046 = LINE('',#6047,#6048);
#6047 = CARTESIAN_POINT('',(-0.5,-0.4,0.405));
#6048 = VECTOR('',#6049,1.);
#6049 = DIRECTION('',(0.,1.,0.));
#6050 = ORIENTED_EDGE('',*,*,#5897,.T.);
#6051 = ORIENTED_EDGE('',*,*,#6031,.F.);
#6052 = ORIENTED_EDGE('',*,*,#5780,.F.);
#6053 = CYLINDRICAL_SURFACE('',#6054,4.5E-02);
#6054 = AXIS2_PLACEMENT_3D('',#6055,#6056,#6057);
#6055 = CARTESIAN_POINT('',(-0.545,-0.4,0.405));
#6056 = DIRECTION('',(0.,1.,0.));
#6057 = DIRECTION('',(1.,0.,0.));
#6058 = ADVANCED_FACE('',(#6059),#6102,.T.);
#6059 = FACE_BOUND('',#6060,.T.);
#6060 = EDGE_LOOP('',(#6061,#6062,#6063,#6064,#6072,#6080,#6088,#6096));
#6061 = ORIENTED_EDGE('',*,*,#5922,.F.);
#6062 = ORIENTED_EDGE('',*,*,#5914,.T.);
#6063 = ORIENTED_EDGE('',*,*,#5906,.T.);
#6064 = ORIENTED_EDGE('',*,*,#6065,.T.);
#6065 = EDGE_CURVE('',#5898,#6066,#6068,.T.);
#6066 = VERTEX_POINT('',#6067);
#6067 = CARTESIAN_POINT('',(0.5,0.4,0.405));
#6068 = LINE('',#6069,#6070);
#6069 = CARTESIAN_POINT('',(-0.5,0.4,0.405));
#6070 = VECTOR('',#6071,1.);
#6071 = DIRECTION('',(1.,0.,0.));
#6072 = ORIENTED_EDGE('',*,*,#6073,.T.);
#6073 = EDGE_CURVE('',#6066,#6074,#6076,.T.);
#6074 = VERTEX_POINT('',#6075);
#6075 = CARTESIAN_POINT('',(0.755,0.4,0.405));
#6076 = LINE('',#6077,#6078);
#6077 = CARTESIAN_POINT('',(-0.755,0.4,0.405));
#6078 = VECTOR('',#6079,1.);
#6079 = DIRECTION('',(1.,0.,0.));
#6080 = ORIENTED_EDGE('',*,*,#6081,.F.);
#6081 = EDGE_CURVE('',#6082,#6074,#6084,.T.);
#6082 = VERTEX_POINT('',#6083);
#6083 = CARTESIAN_POINT('',(0.755,0.4,4.5E-02));
#6084 = LINE('',#6085,#6086);
#6085 = CARTESIAN_POINT('',(0.755,0.4,4.5E-02));
#6086 = VECTOR('',#6087,1.);
#6087 = DIRECTION('',(0.,0.,1.));
#6088 = ORIENTED_EDGE('',*,*,#6089,.F.);
#6089 = EDGE_CURVE('',#6090,#6082,#6092,.T.);
#6090 = VERTEX_POINT('',#6091);
#6091 = CARTESIAN_POINT('',(0.5,0.4,4.5E-02));
#6092 = LINE('',#6093,#6094);
#6093 = CARTESIAN_POINT('',(-0.755,0.4,4.5E-02));
#6094 = VECTOR('',#6095,1.);
#6095 = DIRECTION('',(1.,0.,0.));
#6096 = ORIENTED_EDGE('',*,*,#6097,.F.);
#6097 = EDGE_CURVE('',#5923,#6090,#6098,.T.);
#6098 = LINE('',#6099,#6100);
#6099 = CARTESIAN_POINT('',(-0.755,0.4,4.5E-02));
#6100 = VECTOR('',#6101,1.);
#6101 = DIRECTION('',(1.,0.,0.));
#6102 = PLANE('',#6103);
#6103 = AXIS2_PLACEMENT_3D('',#6104,#6105,#6106);
#6104 = CARTESIAN_POINT('',(-0.755,0.4,4.5E-02));
#6105 = DIRECTION('',(0.,1.,0.));
#6106 = DIRECTION('',(0.,-0.,1.));
#6107 = ADVANCED_FACE('',(#6108),#6119,.F.);
#6108 = FACE_BOUND('',#6109,.F.);
#6109 = EDGE_LOOP('',(#6110,#6111,#6112,#6118));
#6110 = ORIENTED_EDGE('',*,*,#5965,.F.);
#6111 = ORIENTED_EDGE('',*,*,#6014,.T.);
#6112 = ORIENTED_EDGE('',*,*,#6113,.T.);
#6113 = EDGE_CURVE('',#6007,#6090,#6114,.T.);
#6114 = LINE('',#6115,#6116);
#6115 = CARTESIAN_POINT('',(0.5,-0.4,4.5E-02));
#6116 = VECTOR('',#6117,1.);
#6117 = DIRECTION('',(0.,1.,0.));
#6118 = ORIENTED_EDGE('',*,*,#6097,.F.);
#6119 = PLANE('',#6120);
#6120 = AXIS2_PLACEMENT_3D('',#6121,#6122,#6123);
#6121 = CARTESIAN_POINT('',(-0.755,-0.4,4.5E-02));
#6122 = DIRECTION('',(0.,0.,1.));
#6123 = DIRECTION('',(1.,0.,-0.));
#6124 = ADVANCED_FACE('',(#6125),#6188,.F.);
#6125 = FACE_BOUND('',#6126,.F.);
#6126 = EDGE_LOOP('',(#6127,#6137,#6144,#6145,#6146,#6147,#6156,#6164,
    #6173,#6181));
#6127 = ORIENTED_EDGE('',*,*,#6128,.F.);
#6128 = EDGE_CURVE('',#6129,#6131,#6133,.T.);
#6129 = VERTEX_POINT('',#6130);
#6130 = CARTESIAN_POINT('',(0.545,-0.4,-2.775557561563E-17));
#6131 = VERTEX_POINT('',#6132);
#6132 = CARTESIAN_POINT('',(0.755,-0.4,-2.775557561563E-17));
#6133 = LINE('',#6134,#6135);
#6134 = CARTESIAN_POINT('',(0.5,-0.4,0.));
#6135 = VECTOR('',#6136,1.);
#6136 = DIRECTION('',(1.,0.,0.));
#6137 = ORIENTED_EDGE('',*,*,#6138,.F.);
#6138 = EDGE_CURVE('',#6007,#6129,#6139,.T.);
#6139 = CIRCLE('',#6140,4.5E-02);
#6140 = AXIS2_PLACEMENT_3D('',#6141,#6142,#6143);
#6141 = CARTESIAN_POINT('',(0.545,-0.4,4.5E-02));
#6142 = DIRECTION('',(0.,-1.,0.));
#6143 = DIRECTION('',(0.,0.,1.));
#6144 = ORIENTED_EDGE('',*,*,#6006,.T.);
#6145 = ORIENTED_EDGE('',*,*,#5998,.T.);
#6146 = ORIENTED_EDGE('',*,*,#5990,.F.);
#6147 = ORIENTED_EDGE('',*,*,#6148,.T.);
#6148 = EDGE_CURVE('',#5983,#6149,#6151,.T.);
#6149 = VERTEX_POINT('',#6150);
#6150 = CARTESIAN_POINT('',(0.545,-0.4,0.45));
#6151 = CIRCLE('',#6152,4.5E-02);
#6152 = AXIS2_PLACEMENT_3D('',#6153,#6154,#6155);
#6153 = CARTESIAN_POINT('',(0.545,-0.4,0.405));
#6154 = DIRECTION('',(0.,1.,0.));
#6155 = DIRECTION('',(0.,-0.,1.));
#6156 = ORIENTED_EDGE('',*,*,#6157,.T.);
#6157 = EDGE_CURVE('',#6149,#6158,#6160,.T.);
#6158 = VERTEX_POINT('',#6159);
#6159 = CARTESIAN_POINT('',(0.755,-0.4,0.45));
#6160 = LINE('',#6161,#6162);
#6161 = CARTESIAN_POINT('',(0.5,-0.4,0.45));
#6162 = VECTOR('',#6163,1.);
#6163 = DIRECTION('',(1.,0.,0.));
#6164 = ORIENTED_EDGE('',*,*,#6165,.F.);
#6165 = EDGE_CURVE('',#6166,#6158,#6168,.T.);
#6166 = VERTEX_POINT('',#6167);
#6167 = CARTESIAN_POINT('',(0.8,-0.4,0.405));
#6168 = CIRCLE('',#6169,4.5E-02);
#6169 = AXIS2_PLACEMENT_3D('',#6170,#6171,#6172);
#6170 = CARTESIAN_POINT('',(0.755,-0.4,0.405));
#6171 = DIRECTION('',(0.,-1.,0.));
#6172 = DIRECTION('',(0.,0.,1.));
#6173 = ORIENTED_EDGE('',*,*,#6174,.F.);
#6174 = EDGE_CURVE('',#6175,#6166,#6177,.T.);
#6175 = VERTEX_POINT('',#6176);
#6176 = CARTESIAN_POINT('',(0.8,-0.4,4.5E-02));
#6177 = LINE('',#6178,#6179);
#6178 = CARTESIAN_POINT('',(0.8,-0.4,0.));
#6179 = VECTOR('',#6180,1.);
#6180 = DIRECTION('',(0.,0.,1.));
#6181 = ORIENTED_EDGE('',*,*,#6182,.T.);
#6182 = EDGE_CURVE('',#6175,#6131,#6183,.T.);
#6183 = CIRCLE('',#6184,4.5E-02);
#6184 = AXIS2_PLACEMENT_3D('',#6185,#6186,#6187);
#6185 = CARTESIAN_POINT('',(0.755,-0.4,4.5E-02));
#6186 = DIRECTION('',(0.,1.,0.));
#6187 = DIRECTION('',(0.,-0.,1.));
#6188 = PLANE('',#6189);
#6189 = AXIS2_PLACEMENT_3D('',#6190,#6191,#6192);
#6190 = CARTESIAN_POINT('',(0.5,-0.4,0.));
#6191 = DIRECTION('',(0.,1.,0.));
#6192 = DIRECTION('',(0.,-0.,1.));
#6193 = ADVANCED_FACE('',(#6194),#6219,.F.);
#6194 = FACE_BOUND('',#6195,.F.);
#6195 = EDGE_LOOP('',(#6196,#6197,#6205,#6213));
#6196 = ORIENTED_EDGE('',*,*,#5982,.F.);
#6197 = ORIENTED_EDGE('',*,*,#6198,.T.);
#6198 = EDGE_CURVE('',#5781,#6199,#6201,.T.);
#6199 = VERTEX_POINT('',#6200);
#6200 = CARTESIAN_POINT('',(-0.5,-0.4,0.45));
#6201 = LINE('',#6202,#6203);
#6202 = CARTESIAN_POINT('',(-0.5,-0.4,0.405));
#6203 = VECTOR('',#6204,1.);
#6204 = DIRECTION('',(0.,0.,1.));
#6205 = ORIENTED_EDGE('',*,*,#6206,.T.);
#6206 = EDGE_CURVE('',#6199,#6207,#6209,.T.);
#6207 = VERTEX_POINT('',#6208);
#6208 = CARTESIAN_POINT('',(0.5,-0.4,0.45));
#6209 = LINE('',#6210,#6211);
#6210 = CARTESIAN_POINT('',(-0.5,-0.4,0.45));
#6211 = VECTOR('',#6212,1.);
#6212 = DIRECTION('',(1.,0.,0.));
#6213 = ORIENTED_EDGE('',*,*,#6214,.F.);
#6214 = EDGE_CURVE('',#5983,#6207,#6215,.T.);
#6215 = LINE('',#6216,#6217);
#6216 = CARTESIAN_POINT('',(0.5,-0.4,0.405));
#6217 = VECTOR('',#6218,1.);
#6218 = DIRECTION('',(0.,0.,1.));
#6219 = PLANE('',#6220);
#6220 = AXIS2_PLACEMENT_3D('',#6221,#6222,#6223);
#6221 = CARTESIAN_POINT('',(-0.5,-0.4,0.405));
#6222 = DIRECTION('',(0.,1.,0.));
#6223 = DIRECTION('',(0.,-0.,1.));
#6224 = ADVANCED_FACE('',(#6225),#6243,.F.);
#6225 = FACE_BOUND('',#6226,.F.);
#6226 = EDGE_LOOP('',(#6227,#6228,#6229,#6237));
#6227 = ORIENTED_EDGE('',*,*,#6198,.F.);
#6228 = ORIENTED_EDGE('',*,*,#6045,.T.);
#6229 = ORIENTED_EDGE('',*,*,#6230,.T.);
#6230 = EDGE_CURVE('',#5898,#6231,#6233,.T.);
#6231 = VERTEX_POINT('',#6232);
#6232 = CARTESIAN_POINT('',(-0.5,0.4,0.45));
#6233 = LINE('',#6234,#6235);
#6234 = CARTESIAN_POINT('',(-0.5,0.4,0.405));
#6235 = VECTOR('',#6236,1.);
#6236 = DIRECTION('',(0.,0.,1.));
#6237 = ORIENTED_EDGE('',*,*,#6238,.F.);
#6238 = EDGE_CURVE('',#6199,#6231,#6239,.T.);
#6239 = LINE('',#6240,#6241);
#6240 = CARTESIAN_POINT('',(-0.5,-0.4,0.45));
#6241 = VECTOR('',#6242,1.);
#6242 = DIRECTION('',(0.,1.,0.));
#6243 = PLANE('',#6244);
#6244 = AXIS2_PLACEMENT_3D('',#6245,#6246,#6247);
#6245 = CARTESIAN_POINT('',(-0.5,-0.4,0.405));
#6246 = DIRECTION('',(1.,0.,0.));
#6247 = DIRECTION('',(0.,0.,1.));
#6248 = ADVANCED_FACE('',(#6249),#6312,.T.);
#6249 = FACE_BOUND('',#6250,.T.);
#6250 = EDGE_LOOP('',(#6251,#6261,#6268,#6269,#6270,#6271,#6280,#6288,
    #6297,#6305));
#6251 = ORIENTED_EDGE('',*,*,#6252,.F.);
#6252 = EDGE_CURVE('',#6253,#6255,#6257,.T.);
#6253 = VERTEX_POINT('',#6254);
#6254 = CARTESIAN_POINT('',(0.545,0.4,-2.775557561563E-17));
#6255 = VERTEX_POINT('',#6256);
#6256 = CARTESIAN_POINT('',(0.755,0.4,-2.775557561563E-17));
#6257 = LINE('',#6258,#6259);
#6258 = CARTESIAN_POINT('',(0.5,0.4,0.));
#6259 = VECTOR('',#6260,1.);
#6260 = DIRECTION('',(1.,0.,0.));
#6261 = ORIENTED_EDGE('',*,*,#6262,.F.);
#6262 = EDGE_CURVE('',#6090,#6253,#6263,.T.);
#6263 = CIRCLE('',#6264,4.5E-02);
#6264 = AXIS2_PLACEMENT_3D('',#6265,#6266,#6267);
#6265 = CARTESIAN_POINT('',(0.545,0.4,4.5E-02));
#6266 = DIRECTION('',(0.,-1.,0.));
#6267 = DIRECTION('',(0.,0.,1.));
#6268 = ORIENTED_EDGE('',*,*,#6089,.T.);
#6269 = ORIENTED_EDGE('',*,*,#6081,.T.);
#6270 = ORIENTED_EDGE('',*,*,#6073,.F.);
#6271 = ORIENTED_EDGE('',*,*,#6272,.T.);
#6272 = EDGE_CURVE('',#6066,#6273,#6275,.T.);
#6273 = VERTEX_POINT('',#6274);
#6274 = CARTESIAN_POINT('',(0.545,0.4,0.45));
#6275 = CIRCLE('',#6276,4.5E-02);
#6276 = AXIS2_PLACEMENT_3D('',#6277,#6278,#6279);
#6277 = CARTESIAN_POINT('',(0.545,0.4,0.405));
#6278 = DIRECTION('',(0.,1.,0.));
#6279 = DIRECTION('',(0.,-0.,1.));
#6280 = ORIENTED_EDGE('',*,*,#6281,.T.);
#6281 = EDGE_CURVE('',#6273,#6282,#6284,.T.);
#6282 = VERTEX_POINT('',#6283);
#6283 = CARTESIAN_POINT('',(0.755,0.4,0.45));
#6284 = LINE('',#6285,#6286);
#6285 = CARTESIAN_POINT('',(0.5,0.4,0.45));
#6286 = VECTOR('',#6287,1.);
#6287 = DIRECTION('',(1.,0.,0.));
#6288 = ORIENTED_EDGE('',*,*,#6289,.F.);
#6289 = EDGE_CURVE('',#6290,#6282,#6292,.T.);
#6290 = VERTEX_POINT('',#6291);
#6291 = CARTESIAN_POINT('',(0.8,0.4,0.405));
#6292 = CIRCLE('',#6293,4.5E-02);
#6293 = AXIS2_PLACEMENT_3D('',#6294,#6295,#6296);
#6294 = CARTESIAN_POINT('',(0.755,0.4,0.405));
#6295 = DIRECTION('',(0.,-1.,0.));
#6296 = DIRECTION('',(0.,0.,1.));
#6297 = ORIENTED_EDGE('',*,*,#6298,.F.);
#6298 = EDGE_CURVE('',#6299,#6290,#6301,.T.);
#6299 = VERTEX_POINT('',#6300);
#6300 = CARTESIAN_POINT('',(0.8,0.4,4.5E-02));
#6301 = LINE('',#6302,#6303);
#6302 = CARTESIAN_POINT('',(0.8,0.4,0.));
#6303 = VECTOR('',#6304,1.);
#6304 = DIRECTION('',(0.,0.,1.));
#6305 = ORIENTED_EDGE('',*,*,#6306,.T.);
#6306 = EDGE_CURVE('',#6299,#6255,#6307,.T.);
#6307 = CIRCLE('',#6308,4.5E-02);
#6308 = AXIS2_PLACEMENT_3D('',#6309,#6310,#6311);
#6309 = CARTESIAN_POINT('',(0.755,0.4,4.5E-02));
#6310 = DIRECTION('',(0.,1.,0.));
#6311 = DIRECTION('',(0.,-0.,1.));
#6312 = PLANE('',#6313);
#6313 = AXIS2_PLACEMENT_3D('',#6314,#6315,#6316);
#6314 = CARTESIAN_POINT('',(0.5,0.4,0.));
#6315 = DIRECTION('',(0.,1.,0.));
#6316 = DIRECTION('',(0.,-0.,1.));
#6317 = ADVANCED_FACE('',(#6318),#6336,.T.);
#6318 = FACE_BOUND('',#6319,.T.);
#6319 = EDGE_LOOP('',(#6320,#6321,#6322,#6330));
#6320 = ORIENTED_EDGE('',*,*,#6065,.F.);
#6321 = ORIENTED_EDGE('',*,*,#6230,.T.);
#6322 = ORIENTED_EDGE('',*,*,#6323,.T.);
#6323 = EDGE_CURVE('',#6231,#6324,#6326,.T.);
#6324 = VERTEX_POINT('',#6325);
#6325 = CARTESIAN_POINT('',(0.5,0.4,0.45));
#6326 = LINE('',#6327,#6328);
#6327 = CARTESIAN_POINT('',(-0.5,0.4,0.45));
#6328 = VECTOR('',#6329,1.);
#6329 = DIRECTION('',(1.,0.,0.));
#6330 = ORIENTED_EDGE('',*,*,#6331,.F.);
#6331 = EDGE_CURVE('',#6066,#6324,#6332,.T.);
#6332 = LINE('',#6333,#6334);
#6333 = CARTESIAN_POINT('',(0.5,0.4,0.405));
#6334 = VECTOR('',#6335,1.);
#6335 = DIRECTION('',(0.,0.,1.));
#6336 = PLANE('',#6337);
#6337 = AXIS2_PLACEMENT_3D('',#6338,#6339,#6340);
#6338 = CARTESIAN_POINT('',(-0.5,0.4,0.405));
#6339 = DIRECTION('',(0.,1.,0.));
#6340 = DIRECTION('',(0.,-0.,1.));
#6341 = ADVANCED_FACE('',(#6342),#6353,.T.);
#6342 = FACE_BOUND('',#6343,.T.);
#6343 = EDGE_LOOP('',(#6344,#6345,#6346,#6352));
#6344 = ORIENTED_EDGE('',*,*,#6113,.T.);
#6345 = ORIENTED_EDGE('',*,*,#6262,.T.);
#6346 = ORIENTED_EDGE('',*,*,#6347,.F.);
#6347 = EDGE_CURVE('',#6129,#6253,#6348,.T.);
#6348 = LINE('',#6349,#6350);
#6349 = CARTESIAN_POINT('',(0.545,-0.4,-2.775557561563E-17));
#6350 = VECTOR('',#6351,1.);
#6351 = DIRECTION('',(0.,1.,0.));
#6352 = ORIENTED_EDGE('',*,*,#6138,.F.);
#6353 = CYLINDRICAL_SURFACE('',#6354,4.5E-02);
#6354 = AXIS2_PLACEMENT_3D('',#6355,#6356,#6357);
#6355 = CARTESIAN_POINT('',(0.545,-0.4,4.5E-02));
#6356 = DIRECTION('',(0.,1.,0.));
#6357 = DIRECTION('',(-1.,0.,0.));
#6358 = ADVANCED_FACE('',(#6359),#6370,.F.);
#6359 = FACE_BOUND('',#6360,.F.);
#6360 = EDGE_LOOP('',(#6361,#6362,#6363,#6364));
#6361 = ORIENTED_EDGE('',*,*,#6252,.F.);
#6362 = ORIENTED_EDGE('',*,*,#6347,.F.);
#6363 = ORIENTED_EDGE('',*,*,#6128,.T.);
#6364 = ORIENTED_EDGE('',*,*,#6365,.T.);
#6365 = EDGE_CURVE('',#6131,#6255,#6366,.T.);
#6366 = LINE('',#6367,#6368);
#6367 = CARTESIAN_POINT('',(0.755,-0.4,-2.775557561563E-17));
#6368 = VECTOR('',#6369,1.);
#6369 = DIRECTION('',(0.,1.,0.));
#6370 = PLANE('',#6371);
#6371 = AXIS2_PLACEMENT_3D('',#6372,#6373,#6374);
#6372 = CARTESIAN_POINT('',(0.5,-0.4,0.));
#6373 = DIRECTION('',(0.,0.,1.));
#6374 = DIRECTION('',(1.,0.,-0.));
#6375 = ADVANCED_FACE('',(#6376),#6387,.T.);
#6376 = FACE_BOUND('',#6377,.T.);
#6377 = EDGE_LOOP('',(#6378,#6379,#6380,#6381));
#6378 = ORIENTED_EDGE('',*,*,#6182,.T.);
#6379 = ORIENTED_EDGE('',*,*,#6365,.T.);
#6380 = ORIENTED_EDGE('',*,*,#6306,.F.);
#6381 = ORIENTED_EDGE('',*,*,#6382,.F.);
#6382 = EDGE_CURVE('',#6175,#6299,#6383,.T.);
#6383 = LINE('',#6384,#6385);
#6384 = CARTESIAN_POINT('',(0.8,-0.4,4.5E-02));
#6385 = VECTOR('',#6386,1.);
#6386 = DIRECTION('',(0.,1.,0.));
#6387 = CYLINDRICAL_SURFACE('',#6388,4.5E-02);
#6388 = AXIS2_PLACEMENT_3D('',#6389,#6390,#6391);
#6389 = CARTESIAN_POINT('',(0.755,-0.4,4.5E-02));
#6390 = DIRECTION('',(0.,1.,0.));
#6391 = DIRECTION('',(1.,0.,0.));
#6392 = ADVANCED_FACE('',(#6393),#6404,.T.);
#6393 = FACE_BOUND('',#6394,.T.);
#6394 = EDGE_LOOP('',(#6395,#6396,#6397,#6398));
#6395 = ORIENTED_EDGE('',*,*,#6174,.F.);
#6396 = ORIENTED_EDGE('',*,*,#6382,.T.);
#6397 = ORIENTED_EDGE('',*,*,#6298,.T.);
#6398 = ORIENTED_EDGE('',*,*,#6399,.F.);
#6399 = EDGE_CURVE('',#6166,#6290,#6400,.T.);
#6400 = LINE('',#6401,#6402);
#6401 = CARTESIAN_POINT('',(0.8,-0.4,0.405));
#6402 = VECTOR('',#6403,1.);
#6403 = DIRECTION('',(0.,1.,0.));
#6404 = PLANE('',#6405);
#6405 = AXIS2_PLACEMENT_3D('',#6406,#6407,#6408);
#6406 = CARTESIAN_POINT('',(0.8,-0.4,0.));
#6407 = DIRECTION('',(1.,0.,0.));
#6408 = DIRECTION('',(0.,0.,1.));
#6409 = ADVANCED_FACE('',(#6410),#6421,.T.);
#6410 = FACE_BOUND('',#6411,.T.);
#6411 = EDGE_LOOP('',(#6412,#6413,#6414,#6420));
#6412 = ORIENTED_EDGE('',*,*,#6399,.T.);
#6413 = ORIENTED_EDGE('',*,*,#6289,.T.);
#6414 = ORIENTED_EDGE('',*,*,#6415,.F.);
#6415 = EDGE_CURVE('',#6158,#6282,#6416,.T.);
#6416 = LINE('',#6417,#6418);
#6417 = CARTESIAN_POINT('',(0.755,-0.4,0.45));
#6418 = VECTOR('',#6419,1.);
#6419 = DIRECTION('',(0.,1.,0.));
#6420 = ORIENTED_EDGE('',*,*,#6165,.F.);
#6421 = CYLINDRICAL_SURFACE('',#6422,4.5E-02);
#6422 = AXIS2_PLACEMENT_3D('',#6423,#6424,#6425);
#6423 = CARTESIAN_POINT('',(0.755,-0.4,0.405));
#6424 = DIRECTION('',(0.,1.,0.));
#6425 = DIRECTION('',(1.,0.,0.));
#6426 = ADVANCED_FACE('',(#6427),#6438,.T.);
#6427 = FACE_BOUND('',#6428,.T.);
#6428 = EDGE_LOOP('',(#6429,#6430,#6436,#6437));
#6429 = ORIENTED_EDGE('',*,*,#6281,.F.);
#6430 = ORIENTED_EDGE('',*,*,#6431,.F.);
#6431 = EDGE_CURVE('',#6149,#6273,#6432,.T.);
#6432 = LINE('',#6433,#6434);
#6433 = CARTESIAN_POINT('',(0.545,-0.4,0.45));
#6434 = VECTOR('',#6435,1.);
#6435 = DIRECTION('',(0.,1.,0.));
#6436 = ORIENTED_EDGE('',*,*,#6157,.T.);
#6437 = ORIENTED_EDGE('',*,*,#6415,.T.);
#6438 = PLANE('',#6439);
#6439 = AXIS2_PLACEMENT_3D('',#6440,#6441,#6442);
#6440 = CARTESIAN_POINT('',(0.5,-0.4,0.45));
#6441 = DIRECTION('',(0.,0.,1.));
#6442 = DIRECTION('',(1.,0.,-0.));
#6443 = ADVANCED_FACE('',(#6444),#6455,.T.);
#6444 = FACE_BOUND('',#6445,.T.);
#6445 = EDGE_LOOP('',(#6446,#6447,#6448,#6449));
#6446 = ORIENTED_EDGE('',*,*,#6148,.T.);
#6447 = ORIENTED_EDGE('',*,*,#6431,.T.);
#6448 = ORIENTED_EDGE('',*,*,#6272,.F.);
#6449 = ORIENTED_EDGE('',*,*,#6450,.F.);
#6450 = EDGE_CURVE('',#5983,#6066,#6451,.T.);
#6451 = LINE('',#6452,#6453);
#6452 = CARTESIAN_POINT('',(0.5,-0.4,0.405));
#6453 = VECTOR('',#6454,1.);
#6454 = DIRECTION('',(0.,1.,0.));
#6455 = CYLINDRICAL_SURFACE('',#6456,4.5E-02);
#6456 = AXIS2_PLACEMENT_3D('',#6457,#6458,#6459);
#6457 = CARTESIAN_POINT('',(0.545,-0.4,0.405));
#6458 = DIRECTION('',(0.,1.,0.));
#6459 = DIRECTION('',(-1.,0.,0.));
#6460 = ADVANCED_FACE('',(#6461),#6472,.T.);
#6461 = FACE_BOUND('',#6462,.T.);
#6462 = EDGE_LOOP('',(#6463,#6464,#6465,#6466));
#6463 = ORIENTED_EDGE('',*,*,#6214,.F.);
#6464 = ORIENTED_EDGE('',*,*,#6450,.T.);
#6465 = ORIENTED_EDGE('',*,*,#6331,.T.);
#6466 = ORIENTED_EDGE('',*,*,#6467,.F.);
#6467 = EDGE_CURVE('',#6207,#6324,#6468,.T.);
#6468 = LINE('',#6469,#6470);
#6469 = CARTESIAN_POINT('',(0.5,-0.4,0.45));
#6470 = VECTOR('',#6471,1.);
#6471 = DIRECTION('',(0.,1.,0.));
#6472 = PLANE('',#6473);
#6473 = AXIS2_PLACEMENT_3D('',#6474,#6475,#6476);
#6474 = CARTESIAN_POINT('',(0.5,-0.4,0.405));
#6475 = DIRECTION('',(1.,0.,0.));
#6476 = DIRECTION('',(0.,0.,1.));
#6477 = ADVANCED_FACE('',(#6478),#6484,.T.);
#6478 = FACE_BOUND('',#6479,.T.);
#6479 = EDGE_LOOP('',(#6480,#6481,#6482,#6483));
#6480 = ORIENTED_EDGE('',*,*,#6238,.F.);
#6481 = ORIENTED_EDGE('',*,*,#6206,.T.);
#6482 = ORIENTED_EDGE('',*,*,#6467,.T.);
#6483 = ORIENTED_EDGE('',*,*,#6323,.F.);
#6484 = PLANE('',#6485);
#6485 = AXIS2_PLACEMENT_3D('',#6486,#6487,#6488);
#6486 = CARTESIAN_POINT('',(-0.5,-0.4,0.45));
#6487 = DIRECTION('',(0.,0.,1.));
#6488 = DIRECTION('',(1.,0.,-0.));
#6489 = ( GEOMETRIC_REPRESENTATION_CONTEXT(3) 
GLOBAL_UNCERTAINTY_ASSIGNED_CONTEXT((#6493)) 
GLOBAL_UNIT_ASSIGNED_CONTEXT((#6490,#6491,#6492)) REPRESENTATION_CONTEXT
('Context #1','3D Context with UNIT and UNCERTAINTY') );
#6490 = ( LENGTH_UNIT() NAMED_UNIT(*) SI_UNIT(.MILLI.,.METRE.) );
#6491 = ( NAMED_UNIT(*) PLANE_ANGLE_UNIT() SI_UNIT($,.RADIAN.) );
#6492 = ( NAMED_UNIT(*) SI_UNIT($,.STERADIAN.) SOLID_ANGLE_UNIT() );
#6493 = UNCERTAINTY_MEASURE_WITH_UNIT(LENGTH_MEASURE(1.E-07),#6490,
  'distance_accuracy_value','confusion accuracy');
#6494 = CONTEXT_DEPENDENT_SHAPE_REPRESENTATION(#6495,#6497);
#6495 = ( REPRESENTATION_RELATIONSHIP('','',#5698,#5675) 
REPRESENTATION_RELATIONSHIP_WITH_TRANSFORMATION(#6496) 
SHAPE_REPRESENTATION_RELATIONSHIP() );
#6496 = ITEM_DEFINED_TRANSFORMATION('','',#11,#5676);
#6497 = PRODUCT_DEFINITION_SHAPE('Placement','Placement of an item',
  #6498);
#6498 = NEXT_ASSEMBLY_USAGE_OCCURRENCE('10','=>[0:1:1:11]','',#5670,
  #5693,$);
#6499 = PRODUCT_RELATED_PRODUCT_CATEGORY('part',$,(#5695));
#6500 = CONTEXT_DEPENDENT_SHAPE_REPRESENTATION(#6501,#6503);
#6501 = ( REPRESENTATION_RELATIONSHIP('','',#124,#10) 
REPRESENTATION_RELATIONSHIP_WITH_TRANSFORMATION(#6502) 
SHAPE_REPRESENTATION_RELATIONSHIP() );
#6502 = ITEM_DEFINED_TRANSFORMATION('','',#11,#39);
#6503 = PRODUCT_DEFINITION_SHAPE('Placement','Placement of an item',
  #6504);
#6504 = NEXT_ASSEMBLY_USAGE_OCCURRENCE('12','C5','',#5,#119,$);
#6505 = SHAPE_DEFINITION_REPRESENTATION(#6506,#6512);
#6506 = PRODUCT_DEFINITION_SHAPE('','',#6507);
#6507 = PRODUCT_DEFINITION('design','',#6508,#6511);
#6508 = PRODUCT_DEFINITION_FORMATION('','',#6509);
#6509 = PRODUCT('LED_0805_2012Metric','LED_0805_2012Metric','',(#6510));
#6510 = PRODUCT_CONTEXT('',#2,'mechanical');
#6511 = PRODUCT_DEFINITION_CONTEXT('part definition',#2,'design');
#6512 = SHAPE_REPRESENTATION('',(#11,#6513),#6517);
#6513 = AXIS2_PLACEMENT_3D('',#6514,#6515,#6516);
#6514 = CARTESIAN_POINT('',(0.,0.,0.));
#6515 = DIRECTION('',(0.,0.,1.));
#6516 = DIRECTION('',(1.,0.,-0.));
#6517 = ( GEOMETRIC_REPRESENTATION_CONTEXT(3) 
GLOBAL_UNCERTAINTY_ASSIGNED_CONTEXT((#6521)) 
GLOBAL_UNIT_ASSIGNED_CONTEXT((#6518,#6519,#6520)) REPRESENTATION_CONTEXT
('Context #1','3D Context with UNIT and UNCERTAINTY') );
#6518 = ( LENGTH_UNIT() NAMED_UNIT(*) SI_UNIT(.MILLI.,.METRE.) );
#6519 = ( NAMED_UNIT(*) PLANE_ANGLE_UNIT() SI_UNIT($,.RADIAN.) );
#6520 = ( NAMED_UNIT(*) SI_UNIT($,.STERADIAN.) SOLID_ANGLE_UNIT() );
#6521 = UNCERTAINTY_MEASURE_WITH_UNIT(LENGTH_MEASURE(1.E-07),#6518,
  'distance_accuracy_value','confusion accuracy');
#6522 = CONTEXT_DEPENDENT_SHAPE_REPRESENTATION(#6523,#6525);
#6523 = ( REPRESENTATION_RELATIONSHIP('','',#6512,#10) 
REPRESENTATION_RELATIONSHIP_WITH_TRANSFORMATION(#6524) 
SHAPE_REPRESENTATION_RELATIONSHIP() );
#6524 = ITEM_DEFINED_TRANSFORMATION('','',#11,#43);
#6525 = PRODUCT_DEFINITION_SHAPE('Placement','Placement of an item',
  #6526);
#6526 = NEXT_ASSEMBLY_USAGE_OCCURRENCE('14','D3','',#5,#6507,$);
#6527 = PRODUCT_RELATED_PRODUCT_CATEGORY('part',$,(#6509));
#6528 = SHAPE_DEFINITION_REPRESENTATION(#6529,#6535);
#6529 = PRODUCT_DEFINITION_SHAPE('','',#6530);
#6530 = PRODUCT_DEFINITION('design','',#6531,#6534);
#6531 = PRODUCT_DEFINITION_FORMATION('','',#6532);
#6532 = PRODUCT('LED_0805_2012Metric','LED_0805_2012Metric','',(#6533));
#6533 = PRODUCT_CONTEXT('',#2,'mechanical');
#6534 = PRODUCT_DEFINITION_CONTEXT('part definition',#2,'design');
#6535 = ADVANCED_BREP_SHAPE_REPRESENTATION('',(#11,#6536),#8059);
#6536 = MANIFOLD_SOLID_BREP('',#6537);
#6537 = CLOSED_SHELL('',(#6538,#6578,#6625,#6704,#6728,#6768,#6799,#6816
    ,#6849,#6873,#6940,#7061,#7128,#7152,#7183,#7216,#7272,#7296,#7320,
    #7344,#7377,#7389,#7452,#7477,#7494,#7518,#7536,#7554,#7572,#7589,
    #7606,#7637,#7662,#7687,#7711,#7728,#7759,#7783,#7800,#7828,#7853,
    #7877,#7902,#7949,#7966,#7978,#8000,#8012,#8030,#8048));
#6538 = ADVANCED_FACE('',(#6539),#6573,.F.);
#6539 = FACE_BOUND('',#6540,.F.);
#6540 = EDGE_LOOP('',(#6541,#6551,#6559,#6567));
#6541 = ORIENTED_EDGE('',*,*,#6542,.T.);
#6542 = EDGE_CURVE('',#6543,#6545,#6547,.T.);
#6543 = VERTEX_POINT('',#6544);
#6544 = CARTESIAN_POINT('',(-0.65,-0.625,0.465));
#6545 = VERTEX_POINT('',#6546);
#6546 = CARTESIAN_POINT('',(-0.585,-0.625,1.1));
#6547 = LINE('',#6548,#6549);
#6548 = CARTESIAN_POINT('',(-0.65,-0.625,0.465));
#6549 = VECTOR('',#6550,1.);
#6550 = DIRECTION('',(0.101830105936,0.,0.994801804142));
#6551 = ORIENTED_EDGE('',*,*,#6552,.T.);
#6552 = EDGE_CURVE('',#6545,#6553,#6555,.T.);
#6553 = VERTEX_POINT('',#6554);
#6554 = CARTESIAN_POINT('',(0.585,-0.625,1.1));
#6555 = LINE('',#6556,#6557);
#6556 = CARTESIAN_POINT('',(-0.585,-0.625,1.1));
#6557 = VECTOR('',#6558,1.);
#6558 = DIRECTION('',(1.,0.,0.));
#6559 = ORIENTED_EDGE('',*,*,#6560,.T.);
#6560 = EDGE_CURVE('',#6553,#6561,#6563,.T.);
#6561 = VERTEX_POINT('',#6562);
#6562 = CARTESIAN_POINT('',(0.65,-0.625,0.465));
#6563 = LINE('',#6564,#6565);
#6564 = CARTESIAN_POINT('',(0.585,-0.625,1.1));
#6565 = VECTOR('',#6566,1.);
#6566 = DIRECTION('',(0.101830105936,0.,-0.994801804142));
#6567 = ORIENTED_EDGE('',*,*,#6568,.T.);
#6568 = EDGE_CURVE('',#6561,#6543,#6569,.T.);
#6569 = LINE('',#6570,#6571);
#6570 = CARTESIAN_POINT('',(0.65,-0.625,0.465));
#6571 = VECTOR('',#6572,1.);
#6572 = DIRECTION('',(-1.,0.,-4.270088556251E-17));
#6573 = PLANE('',#6574);
#6574 = AXIS2_PLACEMENT_3D('',#6575,#6576,#6577);
#6575 = CARTESIAN_POINT('',(1.481626402817E-17,-0.625,0.771483451357));
#6576 = DIRECTION('',(-5.57234551408E-33,1.,3.18580557984E-32));
#6577 = DIRECTION('',(0.,-3.18580557984E-32,1.));
#6578 = ADVANCED_FACE('',(#6579),#6620,.T.);
#6579 = FACE_BOUND('',#6580,.T.);
#6580 = EDGE_LOOP('',(#6581,#6591,#6599,#6605,#6606,#6614));
#6581 = ORIENTED_EDGE('',*,*,#6582,.T.);
#6582 = EDGE_CURVE('',#6583,#6585,#6587,.T.);
#6583 = VERTEX_POINT('',#6584);
#6584 = CARTESIAN_POINT('',(-0.65,0.625,0.465));
#6585 = VERTEX_POINT('',#6586);
#6586 = CARTESIAN_POINT('',(-0.65,0.46875,0.465));
#6587 = LINE('',#6588,#6589);
#6588 = CARTESIAN_POINT('',(-0.65,0.625,0.465));
#6589 = VECTOR('',#6590,1.);
#6590 = DIRECTION('',(0.,-1.,0.));
#6591 = ORIENTED_EDGE('',*,*,#6592,.F.);
#6592 = EDGE_CURVE('',#6593,#6585,#6595,.T.);
#6593 = VERTEX_POINT('',#6594);
#6594 = CARTESIAN_POINT('',(-0.65,-0.46875,0.465));
#6595 = LINE('',#6596,#6597);
#6596 = CARTESIAN_POINT('',(-0.65,-0.625,0.465));
#6597 = VECTOR('',#6598,1.);
#6598 = DIRECTION('',(0.,1.,0.));
#6599 = ORIENTED_EDGE('',*,*,#6600,.T.);
#6600 = EDGE_CURVE('',#6593,#6543,#6601,.T.);
#6601 = LINE('',#6602,#6603);
#6602 = CARTESIAN_POINT('',(-0.65,0.625,0.465));
#6603 = VECTOR('',#6604,1.);
#6604 = DIRECTION('',(0.,-1.,0.));
#6605 = ORIENTED_EDGE('',*,*,#6542,.T.);
#6606 = ORIENTED_EDGE('',*,*,#6607,.F.);
#6607 = EDGE_CURVE('',#6608,#6545,#6610,.T.);
#6608 = VERTEX_POINT('',#6609);
#6609 = CARTESIAN_POINT('',(-0.585,0.625,1.1));
#6610 = LINE('',#6611,#6612);
#6611 = CARTESIAN_POINT('',(-0.585,0.625,1.1));
#6612 = VECTOR('',#6613,1.);
#6613 = DIRECTION('',(0.,-1.,0.));
#6614 = ORIENTED_EDGE('',*,*,#6615,.F.);
#6615 = EDGE_CURVE('',#6583,#6608,#6616,.T.);
#6616 = LINE('',#6617,#6618);
#6617 = CARTESIAN_POINT('',(-0.65,0.625,0.465));
#6618 = VECTOR('',#6619,1.);
#6619 = DIRECTION('',(0.101830105936,0.,0.994801804142));
#6620 = PLANE('',#6621);
#6621 = AXIS2_PLACEMENT_3D('',#6622,#6623,#6624);
#6622 = CARTESIAN_POINT('',(-0.65,0.625,0.465));
#6623 = DIRECTION('',(-0.994801804142,0.,0.101830105936));
#6624 = DIRECTION('',(0.101830105936,0.,0.994801804142));
#6625 = ADVANCED_FACE('',(#6626),#6699,.F.);
#6626 = FACE_BOUND('',#6627,.F.);
#6627 = EDGE_LOOP('',(#6628,#6638,#6646,#6654,#6660,#6661,#6669,#6677,
    #6685,#6693));
#6628 = ORIENTED_EDGE('',*,*,#6629,.F.);
#6629 = EDGE_CURVE('',#6630,#6632,#6634,.T.);
#6630 = VERTEX_POINT('',#6631);
#6631 = CARTESIAN_POINT('',(-0.965,-0.625,3.5E-02));
#6632 = VERTEX_POINT('',#6633);
#6633 = CARTESIAN_POINT('',(-0.9125,-0.625,3.5E-02));
#6634 = LINE('',#6635,#6636);
#6635 = CARTESIAN_POINT('',(-0.965,-0.625,3.5E-02));
#6636 = VECTOR('',#6637,1.);
#6637 = DIRECTION('',(1.,0.,0.));
#6638 = ORIENTED_EDGE('',*,*,#6639,.T.);
#6639 = EDGE_CURVE('',#6630,#6640,#6642,.T.);
#6640 = VERTEX_POINT('',#6641);
#6641 = CARTESIAN_POINT('',(-0.965,-0.625,0.465));
#6642 = LINE('',#6643,#6644);
#6643 = CARTESIAN_POINT('',(-0.965,-0.625,3.5E-02));
#6644 = VECTOR('',#6645,1.);
#6645 = DIRECTION('',(0.,0.,1.));
#6646 = ORIENTED_EDGE('',*,*,#6647,.T.);
#6647 = EDGE_CURVE('',#6640,#6648,#6650,.T.);
#6648 = VERTEX_POINT('',#6649);
#6649 = CARTESIAN_POINT('',(-0.9125,-0.625,0.465));
#6650 = LINE('',#6651,#6652);
#6651 = CARTESIAN_POINT('',(-0.965,-0.625,0.465));
#6652 = VECTOR('',#6653,1.);
#6653 = DIRECTION('',(1.,0.,0.));
#6654 = ORIENTED_EDGE('',*,*,#6655,.T.);
#6655 = EDGE_CURVE('',#6648,#6543,#6656,.T.);
#6656 = LINE('',#6657,#6658);
#6657 = CARTESIAN_POINT('',(-0.965,-0.625,0.465));
#6658 = VECTOR('',#6659,1.);
#6659 = DIRECTION('',(1.,0.,0.));
#6660 = ORIENTED_EDGE('',*,*,#6568,.F.);
#6661 = ORIENTED_EDGE('',*,*,#6662,.T.);
#6662 = EDGE_CURVE('',#6561,#6663,#6665,.T.);
#6663 = VERTEX_POINT('',#6664);
#6664 = CARTESIAN_POINT('',(0.9125,-0.625,0.465));
#6665 = LINE('',#6666,#6667);
#6666 = CARTESIAN_POINT('',(-0.965,-0.625,0.465));
#6667 = VECTOR('',#6668,1.);
#6668 = DIRECTION('',(1.,0.,0.));
#6669 = ORIENTED_EDGE('',*,*,#6670,.T.);
#6670 = EDGE_CURVE('',#6663,#6671,#6673,.T.);
#6671 = VERTEX_POINT('',#6672);
#6672 = CARTESIAN_POINT('',(0.965,-0.625,0.465));
#6673 = LINE('',#6674,#6675);
#6674 = CARTESIAN_POINT('',(-0.965,-0.625,0.465));
#6675 = VECTOR('',#6676,1.);
#6676 = DIRECTION('',(1.,0.,0.));
#6677 = ORIENTED_EDGE('',*,*,#6678,.F.);
#6678 = EDGE_CURVE('',#6679,#6671,#6681,.T.);
#6679 = VERTEX_POINT('',#6680);
#6680 = CARTESIAN_POINT('',(0.965,-0.625,3.5E-02));
#6681 = LINE('',#6682,#6683);
#6682 = CARTESIAN_POINT('',(0.965,-0.625,3.5E-02));
#6683 = VECTOR('',#6684,1.);
#6684 = DIRECTION('',(0.,0.,1.));
#6685 = ORIENTED_EDGE('',*,*,#6686,.F.);
#6686 = EDGE_CURVE('',#6687,#6679,#6689,.T.);
#6687 = VERTEX_POINT('',#6688);
#6688 = CARTESIAN_POINT('',(0.9125,-0.625,3.5E-02));
#6689 = LINE('',#6690,#6691);
#6690 = CARTESIAN_POINT('',(-0.965,-0.625,3.5E-02));
#6691 = VECTOR('',#6692,1.);
#6692 = DIRECTION('',(1.,0.,0.));
#6693 = ORIENTED_EDGE('',*,*,#6694,.F.);
#6694 = EDGE_CURVE('',#6632,#6687,#6695,.T.);
#6695 = LINE('',#6696,#6697);
#6696 = CARTESIAN_POINT('',(-0.965,-0.625,3.5E-02));
#6697 = VECTOR('',#6698,1.);
#6698 = DIRECTION('',(1.,0.,0.));
#6699 = PLANE('',#6700);
#6700 = AXIS2_PLACEMENT_3D('',#6701,#6702,#6703);
#6701 = CARTESIAN_POINT('',(-0.965,-0.625,3.5E-02));
#6702 = DIRECTION('',(0.,1.,0.));
#6703 = DIRECTION('',(0.,-0.,1.));
#6704 = ADVANCED_FACE('',(#6705),#6723,.T.);
#6705 = FACE_BOUND('',#6706,.T.);
#6706 = EDGE_LOOP('',(#6707,#6708,#6709,#6717));
#6707 = ORIENTED_EDGE('',*,*,#6607,.T.);
#6708 = ORIENTED_EDGE('',*,*,#6552,.T.);
#6709 = ORIENTED_EDGE('',*,*,#6710,.F.);
#6710 = EDGE_CURVE('',#6711,#6553,#6713,.T.);
#6711 = VERTEX_POINT('',#6712);
#6712 = CARTESIAN_POINT('',(0.585,0.625,1.1));
#6713 = LINE('',#6714,#6715);
#6714 = CARTESIAN_POINT('',(0.585,0.625,1.1));
#6715 = VECTOR('',#6716,1.);
#6716 = DIRECTION('',(0.,-1.,0.));
#6717 = ORIENTED_EDGE('',*,*,#6718,.F.);
#6718 = EDGE_CURVE('',#6608,#6711,#6719,.T.);
#6719 = LINE('',#6720,#6721);
#6720 = CARTESIAN_POINT('',(-0.585,0.625,1.1));
#6721 = VECTOR('',#6722,1.);
#6722 = DIRECTION('',(1.,0.,0.));
#6723 = PLANE('',#6724);
#6724 = AXIS2_PLACEMENT_3D('',#6725,#6726,#6727);
#6725 = CARTESIAN_POINT('',(-0.585,0.625,1.1));
#6726 = DIRECTION('',(0.,0.,1.));
#6727 = DIRECTION('',(1.,0.,-0.));
#6728 = ADVANCED_FACE('',(#6729),#6763,.T.);
#6729 = FACE_BOUND('',#6730,.T.);
#6730 = EDGE_LOOP('',(#6731,#6732,#6733,#6741,#6749,#6757));
#6731 = ORIENTED_EDGE('',*,*,#6710,.T.);
#6732 = ORIENTED_EDGE('',*,*,#6560,.T.);
#6733 = ORIENTED_EDGE('',*,*,#6734,.F.);
#6734 = EDGE_CURVE('',#6735,#6561,#6737,.T.);
#6735 = VERTEX_POINT('',#6736);
#6736 = CARTESIAN_POINT('',(0.65,-0.46875,0.465));
#6737 = LINE('',#6738,#6739);
#6738 = CARTESIAN_POINT('',(0.65,0.625,0.465));
#6739 = VECTOR('',#6740,1.);
#6740 = DIRECTION('',(0.,-1.,0.));
#6741 = ORIENTED_EDGE('',*,*,#6742,.F.);
#6742 = EDGE_CURVE('',#6743,#6735,#6745,.T.);
#6743 = VERTEX_POINT('',#6744);
#6744 = CARTESIAN_POINT('',(0.65,0.46875,0.465));
#6745 = LINE('',#6746,#6747);
#6746 = CARTESIAN_POINT('',(0.65,0.625,0.465));
#6747 = VECTOR('',#6748,1.);
#6748 = DIRECTION('',(0.,-1.,0.));
#6749 = ORIENTED_EDGE('',*,*,#6750,.F.);
#6750 = EDGE_CURVE('',#6751,#6743,#6753,.T.);
#6751 = VERTEX_POINT('',#6752);
#6752 = CARTESIAN_POINT('',(0.65,0.625,0.465));
#6753 = LINE('',#6754,#6755);
#6754 = CARTESIAN_POINT('',(0.65,0.625,0.465));
#6755 = VECTOR('',#6756,1.);
#6756 = DIRECTION('',(0.,-1.,0.));
#6757 = ORIENTED_EDGE('',*,*,#6758,.F.);
#6758 = EDGE_CURVE('',#6711,#6751,#6759,.T.);
#6759 = LINE('',#6760,#6761);
#6760 = CARTESIAN_POINT('',(0.585,0.625,1.1));
#6761 = VECTOR('',#6762,1.);
#6762 = DIRECTION('',(0.101830105936,0.,-0.994801804142));
#6763 = PLANE('',#6764);
#6764 = AXIS2_PLACEMENT_3D('',#6765,#6766,#6767);
#6765 = CARTESIAN_POINT('',(0.585,0.625,1.1));
#6766 = DIRECTION('',(0.994801804142,0.,0.101830105936));
#6767 = DIRECTION('',(0.101830105936,0.,-0.994801804142));
#6768 = ADVANCED_FACE('',(#6769),#6794,.T.);
#6769 = FACE_BOUND('',#6770,.T.);
#6770 = EDGE_LOOP('',(#6771,#6779,#6787,#6793));
#6771 = ORIENTED_EDGE('',*,*,#6772,.F.);
#6772 = EDGE_CURVE('',#6773,#6583,#6775,.T.);
#6773 = VERTEX_POINT('',#6774);
#6774 = CARTESIAN_POINT('',(-0.9125,0.625,0.465));
#6775 = LINE('',#6776,#6777);
#6776 = CARTESIAN_POINT('',(-0.965,0.625,0.465));
#6777 = VECTOR('',#6778,1.);
#6778 = DIRECTION('',(1.,0.,0.));
#6779 = ORIENTED_EDGE('',*,*,#6780,.F.);
#6780 = EDGE_CURVE('',#6781,#6773,#6783,.T.);
#6781 = VERTEX_POINT('',#6782);
#6782 = CARTESIAN_POINT('',(-0.9125,0.46875,0.465));
#6783 = LINE('',#6784,#6785);
#6784 = CARTESIAN_POINT('',(-0.9125,7.8125E-02,0.465));
#6785 = VECTOR('',#6786,1.);
#6786 = DIRECTION('',(0.,1.,0.));
#6787 = ORIENTED_EDGE('',*,*,#6788,.F.);
#6788 = EDGE_CURVE('',#6585,#6781,#6789,.T.);
#6789 = LINE('',#6790,#6791);
#6790 = CARTESIAN_POINT('',(-0.93875,0.46875,0.465));
#6791 = VECTOR('',#6792,1.);
#6792 = DIRECTION('',(-1.,0.,0.));
#6793 = ORIENTED_EDGE('',*,*,#6582,.F.);
#6794 = PLANE('',#6795);
#6795 = AXIS2_PLACEMENT_3D('',#6796,#6797,#6798);
#6796 = CARTESIAN_POINT('',(-0.965,-0.625,0.465));
#6797 = DIRECTION('',(0.,0.,1.));
#6798 = DIRECTION('',(1.,0.,-0.));
#6799 = ADVANCED_FACE('',(#6800),#6811,.T.);
#6800 = FACE_BOUND('',#6801,.T.);
#6801 = EDGE_LOOP('',(#6802,#6803,#6804,#6805));
#6802 = ORIENTED_EDGE('',*,*,#6615,.T.);
#6803 = ORIENTED_EDGE('',*,*,#6718,.T.);
#6804 = ORIENTED_EDGE('',*,*,#6758,.T.);
#6805 = ORIENTED_EDGE('',*,*,#6806,.T.);
#6806 = EDGE_CURVE('',#6751,#6583,#6807,.T.);
#6807 = LINE('',#6808,#6809);
#6808 = CARTESIAN_POINT('',(0.65,0.625,0.465));
#6809 = VECTOR('',#6810,1.);
#6810 = DIRECTION('',(-1.,0.,-4.270088556251E-17));
#6811 = PLANE('',#6812);
#6812 = AXIS2_PLACEMENT_3D('',#6813,#6814,#6815);
#6813 = CARTESIAN_POINT('',(1.481626402817E-17,0.625,0.771483451357));
#6814 = DIRECTION('',(-5.57234551408E-33,1.,3.18580557984E-32));
#6815 = DIRECTION('',(0.,-3.18580557984E-32,1.));
#6816 = ADVANCED_FACE('',(#6817),#6844,.T.);
#6817 = FACE_BOUND('',#6818,.T.);
#6818 = EDGE_LOOP('',(#6819,#6828,#6836,#6843));
#6819 = ORIENTED_EDGE('',*,*,#6820,.F.);
#6820 = EDGE_CURVE('',#6821,#6585,#6823,.T.);
#6821 = VERTEX_POINT('',#6822);
#6822 = CARTESIAN_POINT('',(-0.685,0.46875,0.5));
#6823 = CIRCLE('',#6824,3.5E-02);
#6824 = AXIS2_PLACEMENT_3D('',#6825,#6826,#6827);
#6825 = CARTESIAN_POINT('',(-0.685,0.46875,0.465));
#6826 = DIRECTION('',(-0.,1.,0.));
#6827 = DIRECTION('',(1.,0.,0.));
#6828 = ORIENTED_EDGE('',*,*,#6829,.F.);
#6829 = EDGE_CURVE('',#6830,#6821,#6832,.T.);
#6830 = VERTEX_POINT('',#6831);
#6831 = CARTESIAN_POINT('',(-0.685,-0.46875,0.5));
#6832 = LINE('',#6833,#6834);
#6833 = CARTESIAN_POINT('',(-0.685,-0.625,0.5));
#6834 = VECTOR('',#6835,1.);
#6835 = DIRECTION('',(0.,1.,0.));
#6836 = ORIENTED_EDGE('',*,*,#6837,.T.);
#6837 = EDGE_CURVE('',#6830,#6593,#6838,.T.);
#6838 = CIRCLE('',#6839,3.5E-02);
#6839 = AXIS2_PLACEMENT_3D('',#6840,#6841,#6842);
#6840 = CARTESIAN_POINT('',(-0.685,-0.46875,0.465));
#6841 = DIRECTION('',(-0.,1.,0.));
#6842 = DIRECTION('',(1.,0.,0.));
#6843 = ORIENTED_EDGE('',*,*,#6592,.T.);
#6844 = CYLINDRICAL_SURFACE('',#6845,3.5E-02);
#6845 = AXIS2_PLACEMENT_3D('',#6846,#6847,#6848);
#6846 = CARTESIAN_POINT('',(-0.685,-0.625,0.465));
#6847 = DIRECTION('',(0.,1.,0.));
#6848 = DIRECTION('',(1.,0.,0.));
#6849 = ADVANCED_FACE('',(#6850),#6868,.T.);
#6850 = FACE_BOUND('',#6851,.T.);
#6851 = EDGE_LOOP('',(#6852,#6860,#6861,#6862));
#6852 = ORIENTED_EDGE('',*,*,#6853,.F.);
#6853 = EDGE_CURVE('',#6648,#6854,#6856,.T.);
#6854 = VERTEX_POINT('',#6855);
#6855 = CARTESIAN_POINT('',(-0.9125,-0.46875,0.465));
#6856 = LINE('',#6857,#6858);
#6857 = CARTESIAN_POINT('',(-0.9125,-0.546875,0.465));
#6858 = VECTOR('',#6859,1.);
#6859 = DIRECTION('',(0.,1.,0.));
#6860 = ORIENTED_EDGE('',*,*,#6655,.T.);
#6861 = ORIENTED_EDGE('',*,*,#6600,.F.);
#6862 = ORIENTED_EDGE('',*,*,#6863,.F.);
#6863 = EDGE_CURVE('',#6854,#6593,#6864,.T.);
#6864 = LINE('',#6865,#6866);
#6865 = CARTESIAN_POINT('',(-2.625E-02,-0.46875,0.465));
#6866 = VECTOR('',#6867,1.);
#6867 = DIRECTION('',(1.,0.,0.));
#6868 = PLANE('',#6869);
#6869 = AXIS2_PLACEMENT_3D('',#6870,#6871,#6872);
#6870 = CARTESIAN_POINT('',(-0.965,-0.625,0.465));
#6871 = DIRECTION('',(0.,0.,1.));
#6872 = DIRECTION('',(1.,0.,-0.));
#6873 = ADVANCED_FACE('',(#6874),#6935,.F.);
#6874 = FACE_BOUND('',#6875,.F.);
#6875 = EDGE_LOOP('',(#6876,#6886,#6895,#6903,#6912,#6920,#6926,#6927,
    #6928,#6929));
#6876 = ORIENTED_EDGE('',*,*,#6877,.F.);
#6877 = EDGE_CURVE('',#6878,#6880,#6882,.T.);
#6878 = VERTEX_POINT('',#6879);
#6879 = CARTESIAN_POINT('',(-0.965,-0.625,-6.938893903907E-18));
#6880 = VERTEX_POINT('',#6881);
#6881 = CARTESIAN_POINT('',(-0.9125,-0.625,0.));
#6882 = LINE('',#6883,#6884);
#6883 = CARTESIAN_POINT('',(-1.,-0.625,0.));
#6884 = VECTOR('',#6885,1.);
#6885 = DIRECTION('',(1.,0.,0.));
#6886 = ORIENTED_EDGE('',*,*,#6887,.F.);
#6887 = EDGE_CURVE('',#6888,#6878,#6890,.T.);
#6888 = VERTEX_POINT('',#6889);
#6889 = CARTESIAN_POINT('',(-1.,-0.625,3.5E-02));
#6890 = CIRCLE('',#6891,3.5E-02);
#6891 = AXIS2_PLACEMENT_3D('',#6892,#6893,#6894);
#6892 = CARTESIAN_POINT('',(-0.965,-0.625,3.5E-02));
#6893 = DIRECTION('',(0.,-1.,0.));
#6894 = DIRECTION('',(0.,0.,1.));
#6895 = ORIENTED_EDGE('',*,*,#6896,.T.);
#6896 = EDGE_CURVE('',#6888,#6897,#6899,.T.);
#6897 = VERTEX_POINT('',#6898);
#6898 = CARTESIAN_POINT('',(-1.,-0.625,0.465));
#6899 = LINE('',#6900,#6901);
#6900 = CARTESIAN_POINT('',(-1.,-0.625,0.));
#6901 = VECTOR('',#6902,1.);
#6902 = DIRECTION('',(0.,0.,1.));
#6903 = ORIENTED_EDGE('',*,*,#6904,.T.);
#6904 = EDGE_CURVE('',#6897,#6905,#6907,.T.);
#6905 = VERTEX_POINT('',#6906);
#6906 = CARTESIAN_POINT('',(-0.965,-0.625,0.5));
#6907 = CIRCLE('',#6908,3.5E-02);
#6908 = AXIS2_PLACEMENT_3D('',#6909,#6910,#6911);
#6909 = CARTESIAN_POINT('',(-0.965,-0.625,0.465));
#6910 = DIRECTION('',(0.,1.,0.));
#6911 = DIRECTION('',(0.,-0.,1.));
#6912 = ORIENTED_EDGE('',*,*,#6913,.T.);
#6913 = EDGE_CURVE('',#6905,#6914,#6916,.T.);
#6914 = VERTEX_POINT('',#6915);
#6915 = CARTESIAN_POINT('',(-0.9125,-0.625,0.5));
#6916 = LINE('',#6917,#6918);
#6917 = CARTESIAN_POINT('',(-1.,-0.625,0.5));
#6918 = VECTOR('',#6919,1.);
#6919 = DIRECTION('',(1.,0.,0.));
#6920 = ORIENTED_EDGE('',*,*,#6921,.F.);
#6921 = EDGE_CURVE('',#6648,#6914,#6922,.T.);
#6922 = LINE('',#6923,#6924);
#6923 = CARTESIAN_POINT('',(-0.9125,-0.625,0.375));
#6924 = VECTOR('',#6925,1.);
#6925 = DIRECTION('',(0.,0.,1.));
#6926 = ORIENTED_EDGE('',*,*,#6647,.F.);
#6927 = ORIENTED_EDGE('',*,*,#6639,.F.);
#6928 = ORIENTED_EDGE('',*,*,#6629,.T.);
#6929 = ORIENTED_EDGE('',*,*,#6930,.F.);
#6930 = EDGE_CURVE('',#6880,#6632,#6931,.T.);
#6931 = LINE('',#6932,#6933);
#6932 = CARTESIAN_POINT('',(-0.9125,-0.625,0.375));
#6933 = VECTOR('',#6934,1.);
#6934 = DIRECTION('',(0.,0.,1.));
#6935 = PLANE('',#6936);
#6936 = AXIS2_PLACEMENT_3D('',#6937,#6938,#6939);
#6937 = CARTESIAN_POINT('',(-1.,-0.625,0.));
#6938 = DIRECTION('',(0.,1.,0.));
#6939 = DIRECTION('',(0.,-0.,1.));
#6940 = ADVANCED_FACE('',(#6941,#7030),#7056,.F.);
#6941 = FACE_BOUND('',#6942,.F.);
#6942 = EDGE_LOOP('',(#6943,#6951,#6952,#6960,#6968,#6976,#6984,#6992,
    #7000,#7008,#7016,#7024));
#6943 = ORIENTED_EDGE('',*,*,#6944,.F.);
#6944 = EDGE_CURVE('',#6632,#6945,#6947,.T.);
#6945 = VERTEX_POINT('',#6946);
#6946 = CARTESIAN_POINT('',(-0.9125,-0.46875,3.5E-02));
#6947 = LINE('',#6948,#6949);
#6948 = CARTESIAN_POINT('',(-0.9125,-0.546875,3.5E-02));
#6949 = VECTOR('',#6950,1.);
#6950 = DIRECTION('',(0.,1.,0.));
#6951 = ORIENTED_EDGE('',*,*,#6694,.T.);
#6952 = ORIENTED_EDGE('',*,*,#6953,.F.);
#6953 = EDGE_CURVE('',#6954,#6687,#6956,.T.);
#6954 = VERTEX_POINT('',#6955);
#6955 = CARTESIAN_POINT('',(0.9125,-0.46875,3.5E-02));
#6956 = LINE('',#6957,#6958);
#6957 = CARTESIAN_POINT('',(0.9125,-0.703125,3.5E-02));
#6958 = VECTOR('',#6959,1.);
#6959 = DIRECTION('',(0.,-1.,0.));
#6960 = ORIENTED_EDGE('',*,*,#6961,.F.);
#6961 = EDGE_CURVE('',#6962,#6954,#6964,.T.);
#6962 = VERTEX_POINT('',#6963);
#6963 = CARTESIAN_POINT('',(0.65,-0.46875,3.5E-02));
#6964 = LINE('',#6965,#6966);
#6965 = CARTESIAN_POINT('',(-2.625E-02,-0.46875,3.5E-02));
#6966 = VECTOR('',#6967,1.);
#6967 = DIRECTION('',(1.,0.,0.));
#6968 = ORIENTED_EDGE('',*,*,#6969,.T.);
#6969 = EDGE_CURVE('',#6962,#6970,#6972,.T.);
#6970 = VERTEX_POINT('',#6971);
#6971 = CARTESIAN_POINT('',(0.65,0.46875,3.5E-02));
#6972 = LINE('',#6973,#6974);
#6973 = CARTESIAN_POINT('',(0.65,-0.625,3.5E-02));
#6974 = VECTOR('',#6975,1.);
#6975 = DIRECTION('',(0.,1.,0.));
#6976 = ORIENTED_EDGE('',*,*,#6977,.F.);
#6977 = EDGE_CURVE('',#6978,#6970,#6980,.T.);
#6978 = VERTEX_POINT('',#6979);
#6979 = CARTESIAN_POINT('',(0.9125,0.46875,3.5E-02));
#6980 = LINE('',#6981,#6982);
#6981 = CARTESIAN_POINT('',(-0.93875,0.46875,3.5E-02));
#6982 = VECTOR('',#6983,1.);
#6983 = DIRECTION('',(-1.,0.,0.));
#6984 = ORIENTED_EDGE('',*,*,#6985,.F.);
#6985 = EDGE_CURVE('',#6986,#6978,#6988,.T.);
#6986 = VERTEX_POINT('',#6987);
#6987 = CARTESIAN_POINT('',(0.9125,0.625,3.5E-02));
#6988 = LINE('',#6989,#6990);
#6989 = CARTESIAN_POINT('',(0.9125,-7.8125E-02,3.5E-02));
#6990 = VECTOR('',#6991,1.);
#6991 = DIRECTION('',(0.,-1.,0.));
#6992 = ORIENTED_EDGE('',*,*,#6993,.F.);
#6993 = EDGE_CURVE('',#6994,#6986,#6996,.T.);
#6994 = VERTEX_POINT('',#6995);
#6995 = CARTESIAN_POINT('',(-0.9125,0.625,3.5E-02));
#6996 = LINE('',#6997,#6998);
#6997 = CARTESIAN_POINT('',(-0.965,0.625,3.5E-02));
#6998 = VECTOR('',#6999,1.);
#6999 = DIRECTION('',(1.,0.,0.));
#7000 = ORIENTED_EDGE('',*,*,#7001,.F.);
#7001 = EDGE_CURVE('',#7002,#6994,#7004,.T.);
#7002 = VERTEX_POINT('',#7003);
#7003 = CARTESIAN_POINT('',(-0.9125,0.46875,3.5E-02));
#7004 = LINE('',#7005,#7006);
#7005 = CARTESIAN_POINT('',(-0.9125,7.8125E-02,3.5E-02));
#7006 = VECTOR('',#7007,1.);
#7007 = DIRECTION('',(0.,1.,0.));
#7008 = ORIENTED_EDGE('',*,*,#7009,.F.);
#7009 = EDGE_CURVE('',#7010,#7002,#7012,.T.);
#7010 = VERTEX_POINT('',#7011);
#7011 = CARTESIAN_POINT('',(-0.65,0.46875,3.5E-02));
#7012 = LINE('',#7013,#7014);
#7013 = CARTESIAN_POINT('',(-0.93875,0.46875,3.5E-02));
#7014 = VECTOR('',#7015,1.);
#7015 = DIRECTION('',(-1.,0.,0.));
#7016 = ORIENTED_EDGE('',*,*,#7017,.F.);
#7017 = EDGE_CURVE('',#7018,#7010,#7020,.T.);
#7018 = VERTEX_POINT('',#7019);
#7019 = CARTESIAN_POINT('',(-0.65,-0.46875,3.5E-02));
#7020 = LINE('',#7021,#7022);
#7021 = CARTESIAN_POINT('',(-0.65,-0.625,3.5E-02));
#7022 = VECTOR('',#7023,1.);
#7023 = DIRECTION('',(0.,1.,0.));
#7024 = ORIENTED_EDGE('',*,*,#7025,.F.);
#7025 = EDGE_CURVE('',#6945,#7018,#7026,.T.);
#7026 = LINE('',#7027,#7028);
#7027 = CARTESIAN_POINT('',(-2.625E-02,-0.46875,3.5E-02));
#7028 = VECTOR('',#7029,1.);
#7029 = DIRECTION('',(1.,0.,0.));
#7030 = FACE_BOUND('',#7031,.F.);
#7031 = EDGE_LOOP('',(#7032,#7042,#7050));
#7032 = ORIENTED_EDGE('',*,*,#7033,.T.);
#7033 = EDGE_CURVE('',#7034,#7036,#7038,.T.);
#7034 = VERTEX_POINT('',#7035);
#7035 = CARTESIAN_POINT('',(0.433012701892,0.5,3.5E-02));
#7036 = VERTEX_POINT('',#7037);
#7037 = CARTESIAN_POINT('',(0.433012701892,-0.5,3.5E-02));
#7038 = LINE('',#7039,#7040);
#7039 = CARTESIAN_POINT('',(0.433012701892,0.5,3.5E-02));
#7040 = VECTOR('',#7041,1.);
#7041 = DIRECTION('',(0.,-1.,0.));
#7042 = ORIENTED_EDGE('',*,*,#7043,.T.);
#7043 = EDGE_CURVE('',#7036,#7044,#7046,.T.);
#7044 = VERTEX_POINT('',#7045);
#7045 = CARTESIAN_POINT('',(-0.433012701892,0.,3.5E-02));
#7046 = LINE('',#7047,#7048);
#7047 = CARTESIAN_POINT('',(0.433012701892,-0.5,3.5E-02));
#7048 = VECTOR('',#7049,1.);
#7049 = DIRECTION('',(-0.866025403784,0.5,0.));
#7050 = ORIENTED_EDGE('',*,*,#7051,.T.);
#7051 = EDGE_CURVE('',#7044,#7034,#7052,.T.);
#7052 = LINE('',#7053,#7054);
#7053 = CARTESIAN_POINT('',(-0.433012701892,0.,3.5E-02));
#7054 = VECTOR('',#7055,1.);
#7055 = DIRECTION('',(0.866025403784,0.5,0.));
#7056 = PLANE('',#7057);
#7057 = AXIS2_PLACEMENT_3D('',#7058,#7059,#7060);
#7058 = CARTESIAN_POINT('',(-0.965,-0.625,3.5E-02));
#7059 = DIRECTION('',(0.,0.,1.));
#7060 = DIRECTION('',(1.,0.,-0.));
#7061 = ADVANCED_FACE('',(#7062),#7123,.F.);
#7062 = FACE_BOUND('',#7063,.F.);
#7063 = EDGE_LOOP('',(#7064,#7074,#7080,#7081,#7082,#7083,#7091,#7099,
    #7108,#7116));
#7064 = ORIENTED_EDGE('',*,*,#7065,.F.);
#7065 = EDGE_CURVE('',#7066,#7068,#7070,.T.);
#7066 = VERTEX_POINT('',#7067);
#7067 = CARTESIAN_POINT('',(0.9125,-0.625,0.));
#7068 = VERTEX_POINT('',#7069);
#7069 = CARTESIAN_POINT('',(0.965,-0.625,-6.938893903907E-18));
#7070 = LINE('',#7071,#7072);
#7071 = CARTESIAN_POINT('',(0.65,-0.625,0.));
#7072 = VECTOR('',#7073,1.);
#7073 = DIRECTION('',(1.,0.,0.));
#7074 = ORIENTED_EDGE('',*,*,#7075,.F.);
#7075 = EDGE_CURVE('',#6687,#7066,#7076,.T.);
#7076 = LINE('',#7077,#7078);
#7077 = CARTESIAN_POINT('',(0.9125,-0.625,0.375));
#7078 = VECTOR('',#7079,1.);
#7079 = DIRECTION('',(0.,0.,-1.));
#7080 = ORIENTED_EDGE('',*,*,#6686,.T.);
#7081 = ORIENTED_EDGE('',*,*,#6678,.T.);
#7082 = ORIENTED_EDGE('',*,*,#6670,.F.);
#7083 = ORIENTED_EDGE('',*,*,#7084,.F.);
#7084 = EDGE_CURVE('',#7085,#6663,#7087,.T.);
#7085 = VERTEX_POINT('',#7086);
#7086 = CARTESIAN_POINT('',(0.9125,-0.625,0.5));
#7087 = LINE('',#7088,#7089);
#7088 = CARTESIAN_POINT('',(0.9125,-0.625,0.375));
#7089 = VECTOR('',#7090,1.);
#7090 = DIRECTION('',(0.,0.,-1.));
#7091 = ORIENTED_EDGE('',*,*,#7092,.T.);
#7092 = EDGE_CURVE('',#7085,#7093,#7095,.T.);
#7093 = VERTEX_POINT('',#7094);
#7094 = CARTESIAN_POINT('',(0.965,-0.625,0.5));
#7095 = LINE('',#7096,#7097);
#7096 = CARTESIAN_POINT('',(0.65,-0.625,0.5));
#7097 = VECTOR('',#7098,1.);
#7098 = DIRECTION('',(1.,0.,0.));
#7099 = ORIENTED_EDGE('',*,*,#7100,.F.);
#7100 = EDGE_CURVE('',#7101,#7093,#7103,.T.);
#7101 = VERTEX_POINT('',#7102);
#7102 = CARTESIAN_POINT('',(1.,-0.625,0.465));
#7103 = CIRCLE('',#7104,3.5E-02);
#7104 = AXIS2_PLACEMENT_3D('',#7105,#7106,#7107);
#7105 = CARTESIAN_POINT('',(0.965,-0.625,0.465));
#7106 = DIRECTION('',(0.,-1.,0.));
#7107 = DIRECTION('',(0.,0.,1.));
#7108 = ORIENTED_EDGE('',*,*,#7109,.F.);
#7109 = EDGE_CURVE('',#7110,#7101,#7112,.T.);
#7110 = VERTEX_POINT('',#7111);
#7111 = CARTESIAN_POINT('',(1.,-0.625,3.5E-02));
#7112 = LINE('',#7113,#7114);
#7113 = CARTESIAN_POINT('',(1.,-0.625,0.));
#7114 = VECTOR('',#7115,1.);
#7115 = DIRECTION('',(0.,0.,1.));
#7116 = ORIENTED_EDGE('',*,*,#7117,.T.);
#7117 = EDGE_CURVE('',#7110,#7068,#7118,.T.);
#7118 = CIRCLE('',#7119,3.5E-02);
#7119 = AXIS2_PLACEMENT_3D('',#7120,#7121,#7122);
#7120 = CARTESIAN_POINT('',(0.965,-0.625,3.5E-02));
#7121 = DIRECTION('',(0.,1.,0.));
#7122 = DIRECTION('',(0.,-0.,1.));
#7123 = PLANE('',#7124);
#7124 = AXIS2_PLACEMENT_3D('',#7125,#7126,#7127);
#7125 = CARTESIAN_POINT('',(0.65,-0.625,0.));
#7126 = DIRECTION('',(0.,1.,0.));
#7127 = DIRECTION('',(0.,-0.,1.));
#7128 = ADVANCED_FACE('',(#7129),#7147,.T.);
#7129 = FACE_BOUND('',#7130,.T.);
#7130 = EDGE_LOOP('',(#7131,#7139,#7140,#7141));
#7131 = ORIENTED_EDGE('',*,*,#7132,.F.);
#7132 = EDGE_CURVE('',#6735,#7133,#7135,.T.);
#7133 = VERTEX_POINT('',#7134);
#7134 = CARTESIAN_POINT('',(0.9125,-0.46875,0.465));
#7135 = LINE('',#7136,#7137);
#7136 = CARTESIAN_POINT('',(-2.625E-02,-0.46875,0.465));
#7137 = VECTOR('',#7138,1.);
#7138 = DIRECTION('',(1.,0.,0.));
#7139 = ORIENTED_EDGE('',*,*,#6734,.T.);
#7140 = ORIENTED_EDGE('',*,*,#6662,.T.);
#7141 = ORIENTED_EDGE('',*,*,#7142,.F.);
#7142 = EDGE_CURVE('',#7133,#6663,#7143,.T.);
#7143 = LINE('',#7144,#7145);
#7144 = CARTESIAN_POINT('',(0.9125,-0.703125,0.465));
#7145 = VECTOR('',#7146,1.);
#7146 = DIRECTION('',(0.,-1.,0.));
#7147 = PLANE('',#7148);
#7148 = AXIS2_PLACEMENT_3D('',#7149,#7150,#7151);
#7149 = CARTESIAN_POINT('',(-0.965,-0.625,0.465));
#7150 = DIRECTION('',(0.,0.,1.));
#7151 = DIRECTION('',(1.,0.,-0.));
#7152 = ADVANCED_FACE('',(#7153),#7178,.T.);
#7153 = FACE_BOUND('',#7154,.T.);
#7154 = EDGE_LOOP('',(#7155,#7163,#7164,#7172));
#7155 = ORIENTED_EDGE('',*,*,#7156,.F.);
#7156 = EDGE_CURVE('',#6751,#7157,#7159,.T.);
#7157 = VERTEX_POINT('',#7158);
#7158 = CARTESIAN_POINT('',(0.9125,0.625,0.465));
#7159 = LINE('',#7160,#7161);
#7160 = CARTESIAN_POINT('',(-0.965,0.625,0.465));
#7161 = VECTOR('',#7162,1.);
#7162 = DIRECTION('',(1.,0.,0.));
#7163 = ORIENTED_EDGE('',*,*,#6750,.T.);
#7164 = ORIENTED_EDGE('',*,*,#7165,.F.);
#7165 = EDGE_CURVE('',#7166,#6743,#7168,.T.);
#7166 = VERTEX_POINT('',#7167);
#7167 = CARTESIAN_POINT('',(0.9125,0.46875,0.465));
#7168 = LINE('',#7169,#7170);
#7169 = CARTESIAN_POINT('',(-0.93875,0.46875,0.465));
#7170 = VECTOR('',#7171,1.);
#7171 = DIRECTION('',(-1.,0.,0.));
#7172 = ORIENTED_EDGE('',*,*,#7173,.F.);
#7173 = EDGE_CURVE('',#7157,#7166,#7174,.T.);
#7174 = LINE('',#7175,#7176);
#7175 = CARTESIAN_POINT('',(0.9125,-7.8125E-02,0.465));
#7176 = VECTOR('',#7177,1.);
#7177 = DIRECTION('',(0.,-1.,0.));
#7178 = PLANE('',#7179);
#7179 = AXIS2_PLACEMENT_3D('',#7180,#7181,#7182);
#7180 = CARTESIAN_POINT('',(-0.965,-0.625,0.465));
#7181 = DIRECTION('',(0.,0.,1.));
#7182 = DIRECTION('',(1.,0.,-0.));
#7183 = ADVANCED_FACE('',(#7184),#7211,.T.);
#7184 = FACE_BOUND('',#7185,.T.);
#7185 = EDGE_LOOP('',(#7186,#7187,#7196,#7204));
#7186 = ORIENTED_EDGE('',*,*,#6742,.T.);
#7187 = ORIENTED_EDGE('',*,*,#7188,.T.);
#7188 = EDGE_CURVE('',#6735,#7189,#7191,.T.);
#7189 = VERTEX_POINT('',#7190);
#7190 = CARTESIAN_POINT('',(0.685,-0.46875,0.5));
#7191 = CIRCLE('',#7192,3.5E-02);
#7192 = AXIS2_PLACEMENT_3D('',#7193,#7194,#7195);
#7193 = CARTESIAN_POINT('',(0.685,-0.46875,0.465));
#7194 = DIRECTION('',(0.,1.,-0.));
#7195 = DIRECTION('',(-1.,0.,0.));
#7196 = ORIENTED_EDGE('',*,*,#7197,.T.);
#7197 = EDGE_CURVE('',#7189,#7198,#7200,.T.);
#7198 = VERTEX_POINT('',#7199);
#7199 = CARTESIAN_POINT('',(0.685,0.46875,0.5));
#7200 = LINE('',#7201,#7202);
#7201 = CARTESIAN_POINT('',(0.685,-0.625,0.5));
#7202 = VECTOR('',#7203,1.);
#7203 = DIRECTION('',(0.,1.,0.));
#7204 = ORIENTED_EDGE('',*,*,#7205,.F.);
#7205 = EDGE_CURVE('',#6743,#7198,#7206,.T.);
#7206 = CIRCLE('',#7207,3.5E-02);
#7207 = AXIS2_PLACEMENT_3D('',#7208,#7209,#7210);
#7208 = CARTESIAN_POINT('',(0.685,0.46875,0.465));
#7209 = DIRECTION('',(0.,1.,-0.));
#7210 = DIRECTION('',(-1.,0.,0.));
#7211 = CYLINDRICAL_SURFACE('',#7212,3.5E-02);
#7212 = AXIS2_PLACEMENT_3D('',#7213,#7214,#7215);
#7213 = CARTESIAN_POINT('',(0.685,-0.625,0.465));
#7214 = DIRECTION('',(0.,1.,0.));
#7215 = DIRECTION('',(-1.,0.,0.));
#7216 = ADVANCED_FACE('',(#7217),#7267,.T.);
#7217 = FACE_BOUND('',#7218,.T.);
#7218 = EDGE_LOOP('',(#7219,#7227,#7235,#7241,#7242,#7243,#7244,#7252,
    #7260,#7266));
#7219 = ORIENTED_EDGE('',*,*,#7220,.F.);
#7220 = EDGE_CURVE('',#7221,#6994,#7223,.T.);
#7221 = VERTEX_POINT('',#7222);
#7222 = CARTESIAN_POINT('',(-0.965,0.625,3.5E-02));
#7223 = LINE('',#7224,#7225);
#7224 = CARTESIAN_POINT('',(-0.965,0.625,3.5E-02));
#7225 = VECTOR('',#7226,1.);
#7226 = DIRECTION('',(1.,0.,0.));
#7227 = ORIENTED_EDGE('',*,*,#7228,.T.);
#7228 = EDGE_CURVE('',#7221,#7229,#7231,.T.);
#7229 = VERTEX_POINT('',#7230);
#7230 = CARTESIAN_POINT('',(-0.965,0.625,0.465));
#7231 = LINE('',#7232,#7233);
#7232 = CARTESIAN_POINT('',(-0.965,0.625,3.5E-02));
#7233 = VECTOR('',#7234,1.);
#7234 = DIRECTION('',(0.,0.,1.));
#7235 = ORIENTED_EDGE('',*,*,#7236,.T.);
#7236 = EDGE_CURVE('',#7229,#6773,#7237,.T.);
#7237 = LINE('',#7238,#7239);
#7238 = CARTESIAN_POINT('',(-0.965,0.625,0.465));
#7239 = VECTOR('',#7240,1.);
#7240 = DIRECTION('',(1.,0.,0.));
#7241 = ORIENTED_EDGE('',*,*,#6772,.T.);
#7242 = ORIENTED_EDGE('',*,*,#6806,.F.);
#7243 = ORIENTED_EDGE('',*,*,#7156,.T.);
#7244 = ORIENTED_EDGE('',*,*,#7245,.T.);
#7245 = EDGE_CURVE('',#7157,#7246,#7248,.T.);
#7246 = VERTEX_POINT('',#7247);
#7247 = CARTESIAN_POINT('',(0.965,0.625,0.465));
#7248 = LINE('',#7249,#7250);
#7249 = CARTESIAN_POINT('',(-0.965,0.625,0.465));
#7250 = VECTOR('',#7251,1.);
#7251 = DIRECTION('',(1.,0.,0.));
#7252 = ORIENTED_EDGE('',*,*,#7253,.F.);
#7253 = EDGE_CURVE('',#7254,#7246,#7256,.T.);
#7254 = VERTEX_POINT('',#7255);
#7255 = CARTESIAN_POINT('',(0.965,0.625,3.5E-02));
#7256 = LINE('',#7257,#7258);
#7257 = CARTESIAN_POINT('',(0.965,0.625,3.5E-02));
#7258 = VECTOR('',#7259,1.);
#7259 = DIRECTION('',(0.,0.,1.));
#7260 = ORIENTED_EDGE('',*,*,#7261,.F.);
#7261 = EDGE_CURVE('',#6986,#7254,#7262,.T.);
#7262 = LINE('',#7263,#7264);
#7263 = CARTESIAN_POINT('',(-0.965,0.625,3.5E-02));
#7264 = VECTOR('',#7265,1.);
#7265 = DIRECTION('',(1.,0.,0.));
#7266 = ORIENTED_EDGE('',*,*,#6993,.F.);
#7267 = PLANE('',#7268);
#7268 = AXIS2_PLACEMENT_3D('',#7269,#7270,#7271);
#7269 = CARTESIAN_POINT('',(-0.965,0.625,3.5E-02));
#7270 = DIRECTION('',(0.,1.,0.));
#7271 = DIRECTION('',(0.,-0.,1.));
#7272 = ADVANCED_FACE('',(#7273),#7291,.F.);
#7273 = FACE_BOUND('',#7274,.F.);
#7274 = EDGE_LOOP('',(#7275,#7283,#7289,#7290));
#7275 = ORIENTED_EDGE('',*,*,#7276,.F.);
#7276 = EDGE_CURVE('',#7277,#6821,#7279,.T.);
#7277 = VERTEX_POINT('',#7278);
#7278 = CARTESIAN_POINT('',(-0.9125,0.46875,0.5));
#7279 = LINE('',#7280,#7281);
#7280 = CARTESIAN_POINT('',(-0.95625,0.46875,0.5));
#7281 = VECTOR('',#7282,1.);
#7282 = DIRECTION('',(1.,0.,0.));
#7283 = ORIENTED_EDGE('',*,*,#7284,.T.);
#7284 = EDGE_CURVE('',#7277,#6781,#7285,.T.);
#7285 = LINE('',#7286,#7287);
#7286 = CARTESIAN_POINT('',(-0.9125,0.46875,0.75));
#7287 = VECTOR('',#7288,1.);
#7288 = DIRECTION('',(-0.,-0.,-1.));
#7289 = ORIENTED_EDGE('',*,*,#6788,.F.);
#7290 = ORIENTED_EDGE('',*,*,#6820,.F.);
#7291 = PLANE('',#7292);
#7292 = AXIS2_PLACEMENT_3D('',#7293,#7294,#7295);
#7293 = CARTESIAN_POINT('',(-0.9125,0.46875,0.75));
#7294 = DIRECTION('',(0.,-1.,0.));
#7295 = DIRECTION('',(1.,0.,0.));
#7296 = ADVANCED_FACE('',(#7297),#7315,.F.);
#7297 = FACE_BOUND('',#7298,.F.);
#7298 = EDGE_LOOP('',(#7299,#7300,#7308,#7314));
#7299 = ORIENTED_EDGE('',*,*,#7284,.F.);
#7300 = ORIENTED_EDGE('',*,*,#7301,.F.);
#7301 = EDGE_CURVE('',#7302,#7277,#7304,.T.);
#7302 = VERTEX_POINT('',#7303);
#7303 = CARTESIAN_POINT('',(-0.9125,0.625,0.5));
#7304 = LINE('',#7305,#7306);
#7305 = CARTESIAN_POINT('',(-0.9125,7.8125E-02,0.5));
#7306 = VECTOR('',#7307,1.);
#7307 = DIRECTION('',(0.,-1.,0.));
#7308 = ORIENTED_EDGE('',*,*,#7309,.F.);
#7309 = EDGE_CURVE('',#6773,#7302,#7310,.T.);
#7310 = LINE('',#7311,#7312);
#7311 = CARTESIAN_POINT('',(-0.9125,0.625,0.375));
#7312 = VECTOR('',#7313,1.);
#7313 = DIRECTION('',(0.,0.,1.));
#7314 = ORIENTED_EDGE('',*,*,#6780,.F.);
#7315 = PLANE('',#7316);
#7316 = AXIS2_PLACEMENT_3D('',#7317,#7318,#7319);
#7317 = CARTESIAN_POINT('',(-0.9125,0.78125,0.75));
#7318 = DIRECTION('',(-1.,0.,0.));
#7319 = DIRECTION('',(0.,-1.,0.));
#7320 = ADVANCED_FACE('',(#7321),#7339,.F.);
#7321 = FACE_BOUND('',#7322,.F.);
#7322 = EDGE_LOOP('',(#7323,#7331,#7337,#7338));
#7323 = ORIENTED_EDGE('',*,*,#7324,.F.);
#7324 = EDGE_CURVE('',#7325,#6854,#7327,.T.);
#7325 = VERTEX_POINT('',#7326);
#7326 = CARTESIAN_POINT('',(-0.9125,-0.46875,0.5));
#7327 = LINE('',#7328,#7329);
#7328 = CARTESIAN_POINT('',(-0.9125,-0.46875,0.75));
#7329 = VECTOR('',#7330,1.);
#7330 = DIRECTION('',(-0.,-0.,-1.));
#7331 = ORIENTED_EDGE('',*,*,#7332,.F.);
#7332 = EDGE_CURVE('',#6830,#7325,#7333,.T.);
#7333 = LINE('',#7334,#7335);
#7334 = CARTESIAN_POINT('',(-4.375E-02,-0.46875,0.5));
#7335 = VECTOR('',#7336,1.);
#7336 = DIRECTION('',(-1.,0.,0.));
#7337 = ORIENTED_EDGE('',*,*,#6837,.T.);
#7338 = ORIENTED_EDGE('',*,*,#6863,.F.);
#7339 = PLANE('',#7340);
#7340 = AXIS2_PLACEMENT_3D('',#7341,#7342,#7343);
#7341 = CARTESIAN_POINT('',(0.9125,-0.46875,0.75));
#7342 = DIRECTION('',(0.,1.,0.));
#7343 = DIRECTION('',(-1.,0.,0.));
#7344 = ADVANCED_FACE('',(#7345),#7372,.T.);
#7345 = FACE_BOUND('',#7346,.T.);
#7346 = EDGE_LOOP('',(#7347,#7355,#7361,#7362,#7368,#7369,#7370,#7371));
#7347 = ORIENTED_EDGE('',*,*,#7348,.F.);
#7348 = EDGE_CURVE('',#7349,#7302,#7351,.T.);
#7349 = VERTEX_POINT('',#7350);
#7350 = CARTESIAN_POINT('',(-0.965,0.625,0.5));
#7351 = LINE('',#7352,#7353);
#7352 = CARTESIAN_POINT('',(-1.,0.625,0.5));
#7353 = VECTOR('',#7354,1.);
#7354 = DIRECTION('',(1.,0.,0.));
#7355 = ORIENTED_EDGE('',*,*,#7356,.F.);
#7356 = EDGE_CURVE('',#6905,#7349,#7357,.T.);
#7357 = LINE('',#7358,#7359);
#7358 = CARTESIAN_POINT('',(-0.965,-0.625,0.5));
#7359 = VECTOR('',#7360,1.);
#7360 = DIRECTION('',(0.,1.,0.));
#7361 = ORIENTED_EDGE('',*,*,#6913,.T.);
#7362 = ORIENTED_EDGE('',*,*,#7363,.F.);
#7363 = EDGE_CURVE('',#7325,#6914,#7364,.T.);
#7364 = LINE('',#7365,#7366);
#7365 = CARTESIAN_POINT('',(-0.9125,-0.546875,0.5));
#7366 = VECTOR('',#7367,1.);
#7367 = DIRECTION('',(0.,-1.,0.));
#7368 = ORIENTED_EDGE('',*,*,#7332,.F.);
#7369 = ORIENTED_EDGE('',*,*,#6829,.T.);
#7370 = ORIENTED_EDGE('',*,*,#7276,.F.);
#7371 = ORIENTED_EDGE('',*,*,#7301,.F.);
#7372 = PLANE('',#7373);
#7373 = AXIS2_PLACEMENT_3D('',#7374,#7375,#7376);
#7374 = CARTESIAN_POINT('',(-1.,-0.625,0.5));
#7375 = DIRECTION('',(0.,0.,1.));
#7376 = DIRECTION('',(1.,0.,-0.));
#7377 = ADVANCED_FACE('',(#7378),#7384,.F.);
#7378 = FACE_BOUND('',#7379,.F.);
#7379 = EDGE_LOOP('',(#7380,#7381,#7382,#7383));
#7380 = ORIENTED_EDGE('',*,*,#7363,.F.);
#7381 = ORIENTED_EDGE('',*,*,#7324,.T.);
#7382 = ORIENTED_EDGE('',*,*,#6853,.F.);
#7383 = ORIENTED_EDGE('',*,*,#6921,.T.);
#7384 = PLANE('',#7385);
#7385 = AXIS2_PLACEMENT_3D('',#7386,#7387,#7388);
#7386 = CARTESIAN_POINT('',(-0.9125,-0.46875,0.75));
#7387 = DIRECTION('',(-1.,0.,0.));
#7388 = DIRECTION('',(0.,-1.,0.));
#7389 = ADVANCED_FACE('',(#7390),#7447,.F.);
#7390 = FACE_BOUND('',#7391,.F.);
#7391 = EDGE_LOOP('',(#7392,#7402,#7408,#7409,#7417,#7425,#7433,#7441));
#7392 = ORIENTED_EDGE('',*,*,#7393,.F.);
#7393 = EDGE_CURVE('',#7394,#7396,#7398,.T.);
#7394 = VERTEX_POINT('',#7395);
#7395 = CARTESIAN_POINT('',(-0.965,0.625,-6.938893903907E-18));
#7396 = VERTEX_POINT('',#7397);
#7397 = CARTESIAN_POINT('',(-0.9125,0.625,0.));
#7398 = LINE('',#7399,#7400);
#7399 = CARTESIAN_POINT('',(-1.,0.625,0.));
#7400 = VECTOR('',#7401,1.);
#7401 = DIRECTION('',(1.,0.,0.));
#7402 = ORIENTED_EDGE('',*,*,#7403,.F.);
#7403 = EDGE_CURVE('',#6878,#7394,#7404,.T.);
#7404 = LINE('',#7405,#7406);
#7405 = CARTESIAN_POINT('',(-0.965,-0.625,-6.938893903907E-18));
#7406 = VECTOR('',#7407,1.);
#7407 = DIRECTION('',(0.,1.,0.));
#7408 = ORIENTED_EDGE('',*,*,#6877,.T.);
#7409 = ORIENTED_EDGE('',*,*,#7410,.F.);
#7410 = EDGE_CURVE('',#7411,#6880,#7413,.T.);
#7411 = VERTEX_POINT('',#7412);
#7412 = CARTESIAN_POINT('',(-0.9125,-0.46875,0.));
#7413 = LINE('',#7414,#7415);
#7414 = CARTESIAN_POINT('',(-0.9125,-0.546875,0.));
#7415 = VECTOR('',#7416,1.);
#7416 = DIRECTION('',(0.,-1.,0.));
#7417 = ORIENTED_EDGE('',*,*,#7418,.F.);
#7418 = EDGE_CURVE('',#7419,#7411,#7421,.T.);
#7419 = VERTEX_POINT('',#7420);
#7420 = CARTESIAN_POINT('',(-0.685,-0.46875,-6.938893903907E-18));
#7421 = LINE('',#7422,#7423);
#7422 = CARTESIAN_POINT('',(-4.375E-02,-0.46875,0.));
#7423 = VECTOR('',#7424,1.);
#7424 = DIRECTION('',(-1.,0.,0.));
#7425 = ORIENTED_EDGE('',*,*,#7426,.T.);
#7426 = EDGE_CURVE('',#7419,#7427,#7429,.T.);
#7427 = VERTEX_POINT('',#7428);
#7428 = CARTESIAN_POINT('',(-0.685,0.46875,-6.938893903907E-18));
#7429 = LINE('',#7430,#7431);
#7430 = CARTESIAN_POINT('',(-0.685,-0.625,-6.938893903907E-18));
#7431 = VECTOR('',#7432,1.);
#7432 = DIRECTION('',(0.,1.,0.));
#7433 = ORIENTED_EDGE('',*,*,#7434,.F.);
#7434 = EDGE_CURVE('',#7435,#7427,#7437,.T.);
#7435 = VERTEX_POINT('',#7436);
#7436 = CARTESIAN_POINT('',(-0.9125,0.46875,0.));
#7437 = LINE('',#7438,#7439);
#7438 = CARTESIAN_POINT('',(-0.95625,0.46875,0.));
#7439 = VECTOR('',#7440,1.);
#7440 = DIRECTION('',(1.,0.,0.));
#7441 = ORIENTED_EDGE('',*,*,#7442,.F.);
#7442 = EDGE_CURVE('',#7396,#7435,#7443,.T.);
#7443 = LINE('',#7444,#7445);
#7444 = CARTESIAN_POINT('',(-0.9125,7.8125E-02,0.));
#7445 = VECTOR('',#7446,1.);
#7446 = DIRECTION('',(0.,-1.,0.));
#7447 = PLANE('',#7448);
#7448 = AXIS2_PLACEMENT_3D('',#7449,#7450,#7451);
#7449 = CARTESIAN_POINT('',(-1.,-0.625,0.));
#7450 = DIRECTION('',(0.,0.,1.));
#7451 = DIRECTION('',(1.,0.,-0.));
#7452 = ADVANCED_FACE('',(#7453),#7472,.T.);
#7453 = FACE_BOUND('',#7454,.T.);
#7454 = EDGE_LOOP('',(#7455,#7463,#7470,#7471));
#7455 = ORIENTED_EDGE('',*,*,#7456,.T.);
#7456 = EDGE_CURVE('',#6888,#7457,#7459,.T.);
#7457 = VERTEX_POINT('',#7458);
#7458 = CARTESIAN_POINT('',(-1.,0.625,3.5E-02));
#7459 = LINE('',#7460,#7461);
#7460 = CARTESIAN_POINT('',(-1.,-0.625,3.5E-02));
#7461 = VECTOR('',#7462,1.);
#7462 = DIRECTION('',(0.,1.,0.));
#7463 = ORIENTED_EDGE('',*,*,#7464,.T.);
#7464 = EDGE_CURVE('',#7457,#7394,#7465,.T.);
#7465 = CIRCLE('',#7466,3.5E-02);
#7466 = AXIS2_PLACEMENT_3D('',#7467,#7468,#7469);
#7467 = CARTESIAN_POINT('',(-0.965,0.625,3.5E-02));
#7468 = DIRECTION('',(0.,-1.,0.));
#7469 = DIRECTION('',(0.,0.,1.));
#7470 = ORIENTED_EDGE('',*,*,#7403,.F.);
#7471 = ORIENTED_EDGE('',*,*,#6887,.F.);
#7472 = CYLINDRICAL_SURFACE('',#7473,3.5E-02);
#7473 = AXIS2_PLACEMENT_3D('',#7474,#7475,#7476);
#7474 = CARTESIAN_POINT('',(-0.965,-0.625,3.5E-02));
#7475 = DIRECTION('',(0.,1.,0.));
#7476 = DIRECTION('',(-1.,0.,0.));
#7477 = ADVANCED_FACE('',(#7478),#7489,.F.);
#7478 = FACE_BOUND('',#7479,.F.);
#7479 = EDGE_LOOP('',(#7480,#7481,#7487,#7488));
#7480 = ORIENTED_EDGE('',*,*,#6944,.T.);
#7481 = ORIENTED_EDGE('',*,*,#7482,.T.);
#7482 = EDGE_CURVE('',#6945,#7411,#7483,.T.);
#7483 = LINE('',#7484,#7485);
#7484 = CARTESIAN_POINT('',(-0.9125,-0.46875,0.75));
#7485 = VECTOR('',#7486,1.);
#7486 = DIRECTION('',(-0.,-0.,-1.));
#7487 = ORIENTED_EDGE('',*,*,#7410,.T.);
#7488 = ORIENTED_EDGE('',*,*,#6930,.T.);
#7489 = PLANE('',#7490);
#7490 = AXIS2_PLACEMENT_3D('',#7491,#7492,#7493);
#7491 = CARTESIAN_POINT('',(-0.9125,-0.46875,0.75));
#7492 = DIRECTION('',(-1.,0.,0.));
#7493 = DIRECTION('',(0.,-1.,0.));
#7494 = ADVANCED_FACE('',(#7495),#7513,.F.);
#7495 = FACE_BOUND('',#7496,.F.);
#7496 = EDGE_LOOP('',(#7497,#7498,#7499,#7507));
#7497 = ORIENTED_EDGE('',*,*,#6896,.F.);
#7498 = ORIENTED_EDGE('',*,*,#7456,.T.);
#7499 = ORIENTED_EDGE('',*,*,#7500,.T.);
#7500 = EDGE_CURVE('',#7457,#7501,#7503,.T.);
#7501 = VERTEX_POINT('',#7502);
#7502 = CARTESIAN_POINT('',(-1.,0.625,0.465));
#7503 = LINE('',#7504,#7505);
#7504 = CARTESIAN_POINT('',(-1.,0.625,0.));
#7505 = VECTOR('',#7506,1.);
#7506 = DIRECTION('',(0.,0.,1.));
#7507 = ORIENTED_EDGE('',*,*,#7508,.F.);
#7508 = EDGE_CURVE('',#6897,#7501,#7509,.T.);
#7509 = LINE('',#7510,#7511);
#7510 = CARTESIAN_POINT('',(-1.,-0.625,0.465));
#7511 = VECTOR('',#7512,1.);
#7512 = DIRECTION('',(0.,1.,0.));
#7513 = PLANE('',#7514);
#7514 = AXIS2_PLACEMENT_3D('',#7515,#7516,#7517);
#7515 = CARTESIAN_POINT('',(-1.,-0.625,0.));
#7516 = DIRECTION('',(1.,0.,0.));
#7517 = DIRECTION('',(0.,0.,1.));
#7518 = ADVANCED_FACE('',(#7519),#7531,.T.);
#7519 = FACE_BOUND('',#7520,.T.);
#7520 = EDGE_LOOP('',(#7521,#7522,#7523,#7530));
#7521 = ORIENTED_EDGE('',*,*,#6904,.T.);
#7522 = ORIENTED_EDGE('',*,*,#7356,.T.);
#7523 = ORIENTED_EDGE('',*,*,#7524,.F.);
#7524 = EDGE_CURVE('',#7501,#7349,#7525,.T.);
#7525 = CIRCLE('',#7526,3.5E-02);
#7526 = AXIS2_PLACEMENT_3D('',#7527,#7528,#7529);
#7527 = CARTESIAN_POINT('',(-0.965,0.625,0.465));
#7528 = DIRECTION('',(0.,1.,0.));
#7529 = DIRECTION('',(0.,-0.,1.));
#7530 = ORIENTED_EDGE('',*,*,#7508,.F.);
#7531 = CYLINDRICAL_SURFACE('',#7532,3.5E-02);
#7532 = AXIS2_PLACEMENT_3D('',#7533,#7534,#7535);
#7533 = CARTESIAN_POINT('',(-0.965,-0.625,0.465));
#7534 = DIRECTION('',(0.,1.,0.));
#7535 = DIRECTION('',(-1.,0.,0.));
#7536 = ADVANCED_FACE('',(#7537),#7549,.F.);
#7537 = FACE_BOUND('',#7538,.F.);
#7538 = EDGE_LOOP('',(#7539,#7540,#7541,#7548));
#7539 = ORIENTED_EDGE('',*,*,#7482,.F.);
#7540 = ORIENTED_EDGE('',*,*,#7025,.T.);
#7541 = ORIENTED_EDGE('',*,*,#7542,.T.);
#7542 = EDGE_CURVE('',#7018,#7419,#7543,.T.);
#7543 = CIRCLE('',#7544,3.5E-02);
#7544 = AXIS2_PLACEMENT_3D('',#7545,#7546,#7547);
#7545 = CARTESIAN_POINT('',(-0.685,-0.46875,3.5E-02));
#7546 = DIRECTION('',(-0.,1.,0.));
#7547 = DIRECTION('',(1.,0.,0.));
#7548 = ORIENTED_EDGE('',*,*,#7418,.T.);
#7549 = PLANE('',#7550);
#7550 = AXIS2_PLACEMENT_3D('',#7551,#7552,#7553);
#7551 = CARTESIAN_POINT('',(0.9125,-0.46875,0.75));
#7552 = DIRECTION('',(0.,1.,0.));
#7553 = DIRECTION('',(-1.,0.,0.));
#7554 = ADVANCED_FACE('',(#7555),#7567,.T.);
#7555 = FACE_BOUND('',#7556,.T.);
#7556 = EDGE_LOOP('',(#7557,#7558,#7559,#7560));
#7557 = ORIENTED_EDGE('',*,*,#7017,.F.);
#7558 = ORIENTED_EDGE('',*,*,#7542,.T.);
#7559 = ORIENTED_EDGE('',*,*,#7426,.T.);
#7560 = ORIENTED_EDGE('',*,*,#7561,.F.);
#7561 = EDGE_CURVE('',#7010,#7427,#7562,.T.);
#7562 = CIRCLE('',#7563,3.5E-02);
#7563 = AXIS2_PLACEMENT_3D('',#7564,#7565,#7566);
#7564 = CARTESIAN_POINT('',(-0.685,0.46875,3.5E-02));
#7565 = DIRECTION('',(-0.,1.,0.));
#7566 = DIRECTION('',(1.,0.,0.));
#7567 = CYLINDRICAL_SURFACE('',#7568,3.5E-02);
#7568 = AXIS2_PLACEMENT_3D('',#7569,#7570,#7571);
#7569 = CARTESIAN_POINT('',(-0.685,-0.625,3.5E-02));
#7570 = DIRECTION('',(0.,1.,0.));
#7571 = DIRECTION('',(1.,0.,0.));
#7572 = ADVANCED_FACE('',(#7573),#7584,.F.);
#7573 = FACE_BOUND('',#7574,.F.);
#7574 = EDGE_LOOP('',(#7575,#7576,#7582,#7583));
#7575 = ORIENTED_EDGE('',*,*,#7009,.T.);
#7576 = ORIENTED_EDGE('',*,*,#7577,.T.);
#7577 = EDGE_CURVE('',#7002,#7435,#7578,.T.);
#7578 = LINE('',#7579,#7580);
#7579 = CARTESIAN_POINT('',(-0.9125,0.46875,0.75));
#7580 = VECTOR('',#7581,1.);
#7581 = DIRECTION('',(-0.,-0.,-1.));
#7582 = ORIENTED_EDGE('',*,*,#7434,.T.);
#7583 = ORIENTED_EDGE('',*,*,#7561,.F.);
#7584 = PLANE('',#7585);
#7585 = AXIS2_PLACEMENT_3D('',#7586,#7587,#7588);
#7586 = CARTESIAN_POINT('',(-0.9125,0.46875,0.75));
#7587 = DIRECTION('',(0.,-1.,0.));
#7588 = DIRECTION('',(1.,0.,0.));
#7589 = ADVANCED_FACE('',(#7590),#7601,.F.);
#7590 = FACE_BOUND('',#7591,.F.);
#7591 = EDGE_LOOP('',(#7592,#7593,#7594,#7600));
#7592 = ORIENTED_EDGE('',*,*,#7577,.F.);
#7593 = ORIENTED_EDGE('',*,*,#7001,.T.);
#7594 = ORIENTED_EDGE('',*,*,#7595,.F.);
#7595 = EDGE_CURVE('',#7396,#6994,#7596,.T.);
#7596 = LINE('',#7597,#7598);
#7597 = CARTESIAN_POINT('',(-0.9125,0.625,0.375));
#7598 = VECTOR('',#7599,1.);
#7599 = DIRECTION('',(0.,0.,1.));
#7600 = ORIENTED_EDGE('',*,*,#7442,.T.);
#7601 = PLANE('',#7602);
#7602 = AXIS2_PLACEMENT_3D('',#7603,#7604,#7605);
#7603 = CARTESIAN_POINT('',(-0.9125,0.78125,0.75));
#7604 = DIRECTION('',(-1.,0.,0.));
#7605 = DIRECTION('',(0.,-1.,0.));
#7606 = ADVANCED_FACE('',(#7607),#7632,.F.);
#7607 = FACE_BOUND('',#7608,.F.);
#7608 = EDGE_LOOP('',(#7609,#7610,#7618,#7626));
#7609 = ORIENTED_EDGE('',*,*,#6985,.T.);
#7610 = ORIENTED_EDGE('',*,*,#7611,.T.);
#7611 = EDGE_CURVE('',#6978,#7612,#7614,.T.);
#7612 = VERTEX_POINT('',#7613);
#7613 = CARTESIAN_POINT('',(0.9125,0.46875,0.));
#7614 = LINE('',#7615,#7616);
#7615 = CARTESIAN_POINT('',(0.9125,0.46875,0.75));
#7616 = VECTOR('',#7617,1.);
#7617 = DIRECTION('',(-0.,-0.,-1.));
#7618 = ORIENTED_EDGE('',*,*,#7619,.T.);
#7619 = EDGE_CURVE('',#7612,#7620,#7622,.T.);
#7620 = VERTEX_POINT('',#7621);
#7621 = CARTESIAN_POINT('',(0.9125,0.625,0.));
#7622 = LINE('',#7623,#7624);
#7623 = CARTESIAN_POINT('',(0.9125,-7.8125E-02,0.));
#7624 = VECTOR('',#7625,1.);
#7625 = DIRECTION('',(0.,1.,0.));
#7626 = ORIENTED_EDGE('',*,*,#7627,.F.);
#7627 = EDGE_CURVE('',#6986,#7620,#7628,.T.);
#7628 = LINE('',#7629,#7630);
#7629 = CARTESIAN_POINT('',(0.9125,0.625,0.375));
#7630 = VECTOR('',#7631,1.);
#7631 = DIRECTION('',(0.,0.,-1.));
#7632 = PLANE('',#7633);
#7633 = AXIS2_PLACEMENT_3D('',#7634,#7635,#7636);
#7634 = CARTESIAN_POINT('',(0.9125,0.46875,0.75));
#7635 = DIRECTION('',(1.,0.,0.));
#7636 = DIRECTION('',(-0.,1.,0.));
#7637 = ADVANCED_FACE('',(#7638),#7657,.F.);
#7638 = FACE_BOUND('',#7639,.F.);
#7639 = EDGE_LOOP('',(#7640,#7641,#7642,#7651));
#7640 = ORIENTED_EDGE('',*,*,#7611,.F.);
#7641 = ORIENTED_EDGE('',*,*,#6977,.T.);
#7642 = ORIENTED_EDGE('',*,*,#7643,.F.);
#7643 = EDGE_CURVE('',#7644,#6970,#7646,.T.);
#7644 = VERTEX_POINT('',#7645);
#7645 = CARTESIAN_POINT('',(0.685,0.46875,-6.938893903907E-18));
#7646 = CIRCLE('',#7647,3.5E-02);
#7647 = AXIS2_PLACEMENT_3D('',#7648,#7649,#7650);
#7648 = CARTESIAN_POINT('',(0.685,0.46875,3.5E-02));
#7649 = DIRECTION('',(0.,1.,-0.));
#7650 = DIRECTION('',(-1.,0.,0.));
#7651 = ORIENTED_EDGE('',*,*,#7652,.T.);
#7652 = EDGE_CURVE('',#7644,#7612,#7653,.T.);
#7653 = LINE('',#7654,#7655);
#7654 = CARTESIAN_POINT('',(-0.13125,0.46875,0.));
#7655 = VECTOR('',#7656,1.);
#7656 = DIRECTION('',(1.,0.,0.));
#7657 = PLANE('',#7658);
#7658 = AXIS2_PLACEMENT_3D('',#7659,#7660,#7661);
#7659 = CARTESIAN_POINT('',(-0.9125,0.46875,0.75));
#7660 = DIRECTION('',(0.,-1.,0.));
#7661 = DIRECTION('',(1.,0.,0.));
#7662 = ADVANCED_FACE('',(#7663),#7682,.T.);
#7663 = FACE_BOUND('',#7664,.T.);
#7664 = EDGE_LOOP('',(#7665,#7666,#7674,#7681));
#7665 = ORIENTED_EDGE('',*,*,#7643,.F.);
#7666 = ORIENTED_EDGE('',*,*,#7667,.F.);
#7667 = EDGE_CURVE('',#7668,#7644,#7670,.T.);
#7668 = VERTEX_POINT('',#7669);
#7669 = CARTESIAN_POINT('',(0.685,-0.46875,-6.938893903907E-18));
#7670 = LINE('',#7671,#7672);
#7671 = CARTESIAN_POINT('',(0.685,-0.625,-6.938893903907E-18));
#7672 = VECTOR('',#7673,1.);
#7673 = DIRECTION('',(0.,1.,0.));
#7674 = ORIENTED_EDGE('',*,*,#7675,.T.);
#7675 = EDGE_CURVE('',#7668,#6962,#7676,.T.);
#7676 = CIRCLE('',#7677,3.5E-02);
#7677 = AXIS2_PLACEMENT_3D('',#7678,#7679,#7680);
#7678 = CARTESIAN_POINT('',(0.685,-0.46875,3.5E-02));
#7679 = DIRECTION('',(0.,1.,-0.));
#7680 = DIRECTION('',(-1.,0.,0.));
#7681 = ORIENTED_EDGE('',*,*,#6969,.T.);
#7682 = CYLINDRICAL_SURFACE('',#7683,3.5E-02);
#7683 = AXIS2_PLACEMENT_3D('',#7684,#7685,#7686);
#7684 = CARTESIAN_POINT('',(0.685,-0.625,3.5E-02));
#7685 = DIRECTION('',(0.,1.,0.));
#7686 = DIRECTION('',(-1.,0.,0.));
#7687 = ADVANCED_FACE('',(#7688),#7706,.F.);
#7688 = FACE_BOUND('',#7689,.F.);
#7689 = EDGE_LOOP('',(#7690,#7691,#7699,#7705));
#7690 = ORIENTED_EDGE('',*,*,#6961,.T.);
#7691 = ORIENTED_EDGE('',*,*,#7692,.T.);
#7692 = EDGE_CURVE('',#6954,#7693,#7695,.T.);
#7693 = VERTEX_POINT('',#7694);
#7694 = CARTESIAN_POINT('',(0.9125,-0.46875,0.));
#7695 = LINE('',#7696,#7697);
#7696 = CARTESIAN_POINT('',(0.9125,-0.46875,0.75));
#7697 = VECTOR('',#7698,1.);
#7698 = DIRECTION('',(-0.,-0.,-1.));
#7699 = ORIENTED_EDGE('',*,*,#7700,.T.);
#7700 = EDGE_CURVE('',#7693,#7668,#7701,.T.);
#7701 = LINE('',#7702,#7703);
#7702 = CARTESIAN_POINT('',(0.78125,-0.46875,0.));
#7703 = VECTOR('',#7704,1.);
#7704 = DIRECTION('',(-1.,0.,0.));
#7705 = ORIENTED_EDGE('',*,*,#7675,.T.);
#7706 = PLANE('',#7707);
#7707 = AXIS2_PLACEMENT_3D('',#7708,#7709,#7710);
#7708 = CARTESIAN_POINT('',(0.9125,-0.46875,0.75));
#7709 = DIRECTION('',(0.,1.,0.));
#7710 = DIRECTION('',(-1.,0.,0.));
#7711 = ADVANCED_FACE('',(#7712),#7723,.F.);
#7712 = FACE_BOUND('',#7713,.F.);
#7713 = EDGE_LOOP('',(#7714,#7715,#7716,#7717));
#7714 = ORIENTED_EDGE('',*,*,#7692,.F.);
#7715 = ORIENTED_EDGE('',*,*,#6953,.T.);
#7716 = ORIENTED_EDGE('',*,*,#7075,.T.);
#7717 = ORIENTED_EDGE('',*,*,#7718,.T.);
#7718 = EDGE_CURVE('',#7066,#7693,#7719,.T.);
#7719 = LINE('',#7720,#7721);
#7720 = CARTESIAN_POINT('',(0.9125,-0.703125,0.));
#7721 = VECTOR('',#7722,1.);
#7722 = DIRECTION('',(0.,1.,0.));
#7723 = PLANE('',#7724);
#7724 = AXIS2_PLACEMENT_3D('',#7725,#7726,#7727);
#7725 = CARTESIAN_POINT('',(0.9125,-0.78125,0.75));
#7726 = DIRECTION('',(1.,0.,0.));
#7727 = DIRECTION('',(-0.,1.,0.));
#7728 = ADVANCED_FACE('',(#7729),#7754,.T.);
#7729 = FACE_BOUND('',#7730,.T.);
#7730 = EDGE_LOOP('',(#7731,#7739,#7740,#7748));
#7731 = ORIENTED_EDGE('',*,*,#7732,.T.);
#7732 = EDGE_CURVE('',#7733,#7034,#7735,.T.);
#7733 = VERTEX_POINT('',#7734);
#7734 = CARTESIAN_POINT('',(0.433012701892,0.5,1.75E-02));
#7735 = LINE('',#7736,#7737);
#7736 = CARTESIAN_POINT('',(0.433012701892,0.5,1.75E-02));
#7737 = VECTOR('',#7738,1.);
#7738 = DIRECTION('',(0.,0.,1.));
#7739 = ORIENTED_EDGE('',*,*,#7033,.T.);
#7740 = ORIENTED_EDGE('',*,*,#7741,.F.);
#7741 = EDGE_CURVE('',#7742,#7036,#7744,.T.);
#7742 = VERTEX_POINT('',#7743);
#7743 = CARTESIAN_POINT('',(0.433012701892,-0.5,1.75E-02));
#7744 = LINE('',#7745,#7746);
#7745 = CARTESIAN_POINT('',(0.433012701892,-0.5,1.75E-02));
#7746 = VECTOR('',#7747,1.);
#7747 = DIRECTION('',(0.,0.,1.));
#7748 = ORIENTED_EDGE('',*,*,#7749,.F.);
#7749 = EDGE_CURVE('',#7733,#7742,#7750,.T.);
#7750 = LINE('',#7751,#7752);
#7751 = CARTESIAN_POINT('',(0.433012701892,0.5,1.75E-02));
#7752 = VECTOR('',#7753,1.);
#7753 = DIRECTION('',(0.,-1.,0.));
#7754 = PLANE('',#7755);
#7755 = AXIS2_PLACEMENT_3D('',#7756,#7757,#7758);
#7756 = CARTESIAN_POINT('',(0.433012701892,0.5,1.75E-02));
#7757 = DIRECTION('',(1.,0.,0.));
#7758 = DIRECTION('',(0.,-1.,0.));
#7759 = ADVANCED_FACE('',(#7760),#7778,.T.);
#7760 = FACE_BOUND('',#7761,.T.);
#7761 = EDGE_LOOP('',(#7762,#7770,#7771,#7772));
#7762 = ORIENTED_EDGE('',*,*,#7763,.T.);
#7763 = EDGE_CURVE('',#7764,#7044,#7766,.T.);
#7764 = VERTEX_POINT('',#7765);
#7765 = CARTESIAN_POINT('',(-0.433012701892,0.,1.75E-02));
#7766 = LINE('',#7767,#7768);
#7767 = CARTESIAN_POINT('',(-0.433012701892,0.,1.75E-02));
#7768 = VECTOR('',#7769,1.);
#7769 = DIRECTION('',(0.,0.,1.));
#7770 = ORIENTED_EDGE('',*,*,#7051,.T.);
#7771 = ORIENTED_EDGE('',*,*,#7732,.F.);
#7772 = ORIENTED_EDGE('',*,*,#7773,.F.);
#7773 = EDGE_CURVE('',#7764,#7733,#7774,.T.);
#7774 = LINE('',#7775,#7776);
#7775 = CARTESIAN_POINT('',(-0.433012701892,0.,1.75E-02));
#7776 = VECTOR('',#7777,1.);
#7777 = DIRECTION('',(0.866025403784,0.5,0.));
#7778 = PLANE('',#7779);
#7779 = AXIS2_PLACEMENT_3D('',#7780,#7781,#7782);
#7780 = CARTESIAN_POINT('',(-0.433012701892,0.,1.75E-02));
#7781 = DIRECTION('',(-0.5,0.866025403784,0.));
#7782 = DIRECTION('',(0.866025403784,0.5,0.));
#7783 = ADVANCED_FACE('',(#7784),#7795,.T.);
#7784 = FACE_BOUND('',#7785,.T.);
#7785 = EDGE_LOOP('',(#7786,#7787,#7788,#7789));
#7786 = ORIENTED_EDGE('',*,*,#7741,.T.);
#7787 = ORIENTED_EDGE('',*,*,#7043,.T.);
#7788 = ORIENTED_EDGE('',*,*,#7763,.F.);
#7789 = ORIENTED_EDGE('',*,*,#7790,.F.);
#7790 = EDGE_CURVE('',#7742,#7764,#7791,.T.);
#7791 = LINE('',#7792,#7793);
#7792 = CARTESIAN_POINT('',(0.433012701892,-0.5,1.75E-02));
#7793 = VECTOR('',#7794,1.);
#7794 = DIRECTION('',(-0.866025403784,0.5,0.));
#7795 = PLANE('',#7796);
#7796 = AXIS2_PLACEMENT_3D('',#7797,#7798,#7799);
#7797 = CARTESIAN_POINT('',(0.433012701892,-0.5,1.75E-02));
#7798 = DIRECTION('',(-0.5,-0.866025403784,0.));
#7799 = DIRECTION('',(-0.866025403784,0.5,0.));
#7800 = ADVANCED_FACE('',(#7801),#7823,.F.);
#7801 = FACE_BOUND('',#7802,.F.);
#7802 = EDGE_LOOP('',(#7803,#7811,#7812,#7813,#7814,#7815,#7816,#7817));
#7803 = ORIENTED_EDGE('',*,*,#7804,.F.);
#7804 = EDGE_CURVE('',#7620,#7805,#7807,.T.);
#7805 = VERTEX_POINT('',#7806);
#7806 = CARTESIAN_POINT('',(0.965,0.625,-6.938893903907E-18));
#7807 = LINE('',#7808,#7809);
#7808 = CARTESIAN_POINT('',(0.65,0.625,0.));
#7809 = VECTOR('',#7810,1.);
#7810 = DIRECTION('',(1.,0.,0.));
#7811 = ORIENTED_EDGE('',*,*,#7619,.F.);
#7812 = ORIENTED_EDGE('',*,*,#7652,.F.);
#7813 = ORIENTED_EDGE('',*,*,#7667,.F.);
#7814 = ORIENTED_EDGE('',*,*,#7700,.F.);
#7815 = ORIENTED_EDGE('',*,*,#7718,.F.);
#7816 = ORIENTED_EDGE('',*,*,#7065,.T.);
#7817 = ORIENTED_EDGE('',*,*,#7818,.T.);
#7818 = EDGE_CURVE('',#7068,#7805,#7819,.T.);
#7819 = LINE('',#7820,#7821);
#7820 = CARTESIAN_POINT('',(0.965,-0.625,-6.938893903907E-18));
#7821 = VECTOR('',#7822,1.);
#7822 = DIRECTION('',(0.,1.,0.));
#7823 = PLANE('',#7824);
#7824 = AXIS2_PLACEMENT_3D('',#7825,#7826,#7827);
#7825 = CARTESIAN_POINT('',(0.65,-0.625,0.));
#7826 = DIRECTION('',(0.,0.,1.));
#7827 = DIRECTION('',(1.,0.,-0.));
#7828 = ADVANCED_FACE('',(#7829),#7848,.T.);
#7829 = FACE_BOUND('',#7830,.T.);
#7830 = EDGE_LOOP('',(#7831,#7832,#7833,#7842));
#7831 = ORIENTED_EDGE('',*,*,#7117,.T.);
#7832 = ORIENTED_EDGE('',*,*,#7818,.T.);
#7833 = ORIENTED_EDGE('',*,*,#7834,.F.);
#7834 = EDGE_CURVE('',#7835,#7805,#7837,.T.);
#7835 = VERTEX_POINT('',#7836);
#7836 = CARTESIAN_POINT('',(1.,0.625,3.5E-02));
#7837 = CIRCLE('',#7838,3.5E-02);
#7838 = AXIS2_PLACEMENT_3D('',#7839,#7840,#7841);
#7839 = CARTESIAN_POINT('',(0.965,0.625,3.5E-02));
#7840 = DIRECTION('',(0.,1.,0.));
#7841 = DIRECTION('',(0.,-0.,1.));
#7842 = ORIENTED_EDGE('',*,*,#7843,.F.);
#7843 = EDGE_CURVE('',#7110,#7835,#7844,.T.);
#7844 = LINE('',#7845,#7846);
#7845 = CARTESIAN_POINT('',(1.,-0.625,3.5E-02));
#7846 = VECTOR('',#7847,1.);
#7847 = DIRECTION('',(0.,1.,0.));
#7848 = CYLINDRICAL_SURFACE('',#7849,3.5E-02);
#7849 = AXIS2_PLACEMENT_3D('',#7850,#7851,#7852);
#7850 = CARTESIAN_POINT('',(0.965,-0.625,3.5E-02));
#7851 = DIRECTION('',(0.,1.,0.));
#7852 = DIRECTION('',(1.,0.,0.));
#7853 = ADVANCED_FACE('',(#7854),#7872,.T.);
#7854 = FACE_BOUND('',#7855,.T.);
#7855 = EDGE_LOOP('',(#7856,#7857,#7858,#7866));
#7856 = ORIENTED_EDGE('',*,*,#7109,.F.);
#7857 = ORIENTED_EDGE('',*,*,#7843,.T.);
#7858 = ORIENTED_EDGE('',*,*,#7859,.T.);
#7859 = EDGE_CURVE('',#7835,#7860,#7862,.T.);
#7860 = VERTEX_POINT('',#7861);
#7861 = CARTESIAN_POINT('',(1.,0.625,0.465));
#7862 = LINE('',#7863,#7864);
#7863 = CARTESIAN_POINT('',(1.,0.625,0.));
#7864 = VECTOR('',#7865,1.);
#7865 = DIRECTION('',(0.,0.,1.));
#7866 = ORIENTED_EDGE('',*,*,#7867,.F.);
#7867 = EDGE_CURVE('',#7101,#7860,#7868,.T.);
#7868 = LINE('',#7869,#7870);
#7869 = CARTESIAN_POINT('',(1.,-0.625,0.465));
#7870 = VECTOR('',#7871,1.);
#7871 = DIRECTION('',(0.,1.,0.));
#7872 = PLANE('',#7873);
#7873 = AXIS2_PLACEMENT_3D('',#7874,#7875,#7876);
#7874 = CARTESIAN_POINT('',(1.,-0.625,0.));
#7875 = DIRECTION('',(1.,0.,0.));
#7876 = DIRECTION('',(0.,0.,1.));
#7877 = ADVANCED_FACE('',(#7878),#7897,.T.);
#7878 = FACE_BOUND('',#7879,.T.);
#7879 = EDGE_LOOP('',(#7880,#7881,#7890,#7896));
#7880 = ORIENTED_EDGE('',*,*,#7867,.T.);
#7881 = ORIENTED_EDGE('',*,*,#7882,.T.);
#7882 = EDGE_CURVE('',#7860,#7883,#7885,.T.);
#7883 = VERTEX_POINT('',#7884);
#7884 = CARTESIAN_POINT('',(0.965,0.625,0.5));
#7885 = CIRCLE('',#7886,3.5E-02);
#7886 = AXIS2_PLACEMENT_3D('',#7887,#7888,#7889);
#7887 = CARTESIAN_POINT('',(0.965,0.625,0.465));
#7888 = DIRECTION('',(0.,-1.,0.));
#7889 = DIRECTION('',(0.,0.,1.));
#7890 = ORIENTED_EDGE('',*,*,#7891,.F.);
#7891 = EDGE_CURVE('',#7093,#7883,#7892,.T.);
#7892 = LINE('',#7893,#7894);
#7893 = CARTESIAN_POINT('',(0.965,-0.625,0.5));
#7894 = VECTOR('',#7895,1.);
#7895 = DIRECTION('',(0.,1.,0.));
#7896 = ORIENTED_EDGE('',*,*,#7100,.F.);
#7897 = CYLINDRICAL_SURFACE('',#7898,3.5E-02);
#7898 = AXIS2_PLACEMENT_3D('',#7899,#7900,#7901);
#7899 = CARTESIAN_POINT('',(0.965,-0.625,0.465));
#7900 = DIRECTION('',(0.,1.,0.));
#7901 = DIRECTION('',(1.,0.,0.));
#7902 = ADVANCED_FACE('',(#7903),#7944,.T.);
#7903 = FACE_BOUND('',#7904,.T.);
#7904 = EDGE_LOOP('',(#7905,#7913,#7921,#7927,#7928,#7936,#7942,#7943));
#7905 = ORIENTED_EDGE('',*,*,#7906,.F.);
#7906 = EDGE_CURVE('',#7907,#7883,#7909,.T.);
#7907 = VERTEX_POINT('',#7908);
#7908 = CARTESIAN_POINT('',(0.9125,0.625,0.5));
#7909 = LINE('',#7910,#7911);
#7910 = CARTESIAN_POINT('',(0.65,0.625,0.5));
#7911 = VECTOR('',#7912,1.);
#7912 = DIRECTION('',(1.,0.,0.));
#7913 = ORIENTED_EDGE('',*,*,#7914,.F.);
#7914 = EDGE_CURVE('',#7915,#7907,#7917,.T.);
#7915 = VERTEX_POINT('',#7916);
#7916 = CARTESIAN_POINT('',(0.9125,0.46875,0.5));
#7917 = LINE('',#7918,#7919);
#7918 = CARTESIAN_POINT('',(0.9125,-7.8125E-02,0.5));
#7919 = VECTOR('',#7920,1.);
#7920 = DIRECTION('',(0.,1.,0.));
#7921 = ORIENTED_EDGE('',*,*,#7922,.F.);
#7922 = EDGE_CURVE('',#7198,#7915,#7923,.T.);
#7923 = LINE('',#7924,#7925);
#7924 = CARTESIAN_POINT('',(-0.13125,0.46875,0.5));
#7925 = VECTOR('',#7926,1.);
#7926 = DIRECTION('',(1.,0.,0.));
#7927 = ORIENTED_EDGE('',*,*,#7197,.F.);
#7928 = ORIENTED_EDGE('',*,*,#7929,.F.);
#7929 = EDGE_CURVE('',#7930,#7189,#7932,.T.);
#7930 = VERTEX_POINT('',#7931);
#7931 = CARTESIAN_POINT('',(0.9125,-0.46875,0.5));
#7932 = LINE('',#7933,#7934);
#7933 = CARTESIAN_POINT('',(0.78125,-0.46875,0.5));
#7934 = VECTOR('',#7935,1.);
#7935 = DIRECTION('',(-1.,0.,0.));
#7936 = ORIENTED_EDGE('',*,*,#7937,.F.);
#7937 = EDGE_CURVE('',#7085,#7930,#7938,.T.);
#7938 = LINE('',#7939,#7940);
#7939 = CARTESIAN_POINT('',(0.9125,-0.703125,0.5));
#7940 = VECTOR('',#7941,1.);
#7941 = DIRECTION('',(0.,1.,0.));
#7942 = ORIENTED_EDGE('',*,*,#7092,.T.);
#7943 = ORIENTED_EDGE('',*,*,#7891,.T.);
#7944 = PLANE('',#7945);
#7945 = AXIS2_PLACEMENT_3D('',#7946,#7947,#7948);
#7946 = CARTESIAN_POINT('',(0.65,-0.625,0.5));
#7947 = DIRECTION('',(0.,0.,1.));
#7948 = DIRECTION('',(1.,0.,-0.));
#7949 = ADVANCED_FACE('',(#7950),#7961,.F.);
#7950 = FACE_BOUND('',#7951,.F.);
#7951 = EDGE_LOOP('',(#7952,#7958,#7959,#7960));
#7952 = ORIENTED_EDGE('',*,*,#7953,.F.);
#7953 = EDGE_CURVE('',#7930,#7133,#7954,.T.);
#7954 = LINE('',#7955,#7956);
#7955 = CARTESIAN_POINT('',(0.9125,-0.46875,0.75));
#7956 = VECTOR('',#7957,1.);
#7957 = DIRECTION('',(-0.,-0.,-1.));
#7958 = ORIENTED_EDGE('',*,*,#7937,.F.);
#7959 = ORIENTED_EDGE('',*,*,#7084,.T.);
#7960 = ORIENTED_EDGE('',*,*,#7142,.F.);
#7961 = PLANE('',#7962);
#7962 = AXIS2_PLACEMENT_3D('',#7963,#7964,#7965);
#7963 = CARTESIAN_POINT('',(0.9125,-0.78125,0.75));
#7964 = DIRECTION('',(1.,0.,0.));
#7965 = DIRECTION('',(-0.,1.,0.));
#7966 = ADVANCED_FACE('',(#7967),#7973,.F.);
#7967 = FACE_BOUND('',#7968,.F.);
#7968 = EDGE_LOOP('',(#7969,#7970,#7971,#7972));
#7969 = ORIENTED_EDGE('',*,*,#7929,.F.);
#7970 = ORIENTED_EDGE('',*,*,#7953,.T.);
#7971 = ORIENTED_EDGE('',*,*,#7132,.F.);
#7972 = ORIENTED_EDGE('',*,*,#7188,.T.);
#7973 = PLANE('',#7974);
#7974 = AXIS2_PLACEMENT_3D('',#7975,#7976,#7977);
#7975 = CARTESIAN_POINT('',(0.9125,-0.46875,0.75));
#7976 = DIRECTION('',(0.,1.,0.));
#7977 = DIRECTION('',(-1.,0.,0.));
#7978 = ADVANCED_FACE('',(#7979),#7995,.F.);
#7979 = FACE_BOUND('',#7980,.F.);
#7980 = EDGE_LOOP('',(#7981,#7982,#7988,#7989));
#7981 = ORIENTED_EDGE('',*,*,#7914,.F.);
#7982 = ORIENTED_EDGE('',*,*,#7983,.T.);
#7983 = EDGE_CURVE('',#7915,#7166,#7984,.T.);
#7984 = LINE('',#7985,#7986);
#7985 = CARTESIAN_POINT('',(0.9125,0.46875,0.75));
#7986 = VECTOR('',#7987,1.);
#7987 = DIRECTION('',(-0.,-0.,-1.));
#7988 = ORIENTED_EDGE('',*,*,#7173,.F.);
#7989 = ORIENTED_EDGE('',*,*,#7990,.F.);
#7990 = EDGE_CURVE('',#7907,#7157,#7991,.T.);
#7991 = LINE('',#7992,#7993);
#7992 = CARTESIAN_POINT('',(0.9125,0.625,0.375));
#7993 = VECTOR('',#7994,1.);
#7994 = DIRECTION('',(0.,0.,-1.));
#7995 = PLANE('',#7996);
#7996 = AXIS2_PLACEMENT_3D('',#7997,#7998,#7999);
#7997 = CARTESIAN_POINT('',(0.9125,0.46875,0.75));
#7998 = DIRECTION('',(1.,0.,0.));
#7999 = DIRECTION('',(-0.,1.,0.));
#8000 = ADVANCED_FACE('',(#8001),#8007,.F.);
#8001 = FACE_BOUND('',#8002,.F.);
#8002 = EDGE_LOOP('',(#8003,#8004,#8005,#8006));
#8003 = ORIENTED_EDGE('',*,*,#7983,.F.);
#8004 = ORIENTED_EDGE('',*,*,#7922,.F.);
#8005 = ORIENTED_EDGE('',*,*,#7205,.F.);
#8006 = ORIENTED_EDGE('',*,*,#7165,.F.);
#8007 = PLANE('',#8008);
#8008 = AXIS2_PLACEMENT_3D('',#8009,#8010,#8011);
#8009 = CARTESIAN_POINT('',(-0.9125,0.46875,0.75));
#8010 = DIRECTION('',(0.,-1.,0.));
#8011 = DIRECTION('',(1.,0.,0.));
#8012 = ADVANCED_FACE('',(#8013),#8025,.T.);
#8013 = FACE_BOUND('',#8014,.T.);
#8014 = EDGE_LOOP('',(#8015,#8016,#8017,#8018,#8019,#8020,#8021,#8022,
    #8023,#8024));
#8015 = ORIENTED_EDGE('',*,*,#7393,.F.);
#8016 = ORIENTED_EDGE('',*,*,#7464,.F.);
#8017 = ORIENTED_EDGE('',*,*,#7500,.T.);
#8018 = ORIENTED_EDGE('',*,*,#7524,.T.);
#8019 = ORIENTED_EDGE('',*,*,#7348,.T.);
#8020 = ORIENTED_EDGE('',*,*,#7309,.F.);
#8021 = ORIENTED_EDGE('',*,*,#7236,.F.);
#8022 = ORIENTED_EDGE('',*,*,#7228,.F.);
#8023 = ORIENTED_EDGE('',*,*,#7220,.T.);
#8024 = ORIENTED_EDGE('',*,*,#7595,.F.);
#8025 = PLANE('',#8026);
#8026 = AXIS2_PLACEMENT_3D('',#8027,#8028,#8029);
#8027 = CARTESIAN_POINT('',(-1.,0.625,0.));
#8028 = DIRECTION('',(0.,1.,0.));
#8029 = DIRECTION('',(0.,-0.,1.));
#8030 = ADVANCED_FACE('',(#8031),#8043,.T.);
#8031 = FACE_BOUND('',#8032,.T.);
#8032 = EDGE_LOOP('',(#8033,#8034,#8035,#8036,#8037,#8038,#8039,#8040,
    #8041,#8042));
#8033 = ORIENTED_EDGE('',*,*,#7804,.F.);
#8034 = ORIENTED_EDGE('',*,*,#7627,.F.);
#8035 = ORIENTED_EDGE('',*,*,#7261,.T.);
#8036 = ORIENTED_EDGE('',*,*,#7253,.T.);
#8037 = ORIENTED_EDGE('',*,*,#7245,.F.);
#8038 = ORIENTED_EDGE('',*,*,#7990,.F.);
#8039 = ORIENTED_EDGE('',*,*,#7906,.T.);
#8040 = ORIENTED_EDGE('',*,*,#7882,.F.);
#8041 = ORIENTED_EDGE('',*,*,#7859,.F.);
#8042 = ORIENTED_EDGE('',*,*,#7834,.T.);
#8043 = PLANE('',#8044);
#8044 = AXIS2_PLACEMENT_3D('',#8045,#8046,#8047);
#8045 = CARTESIAN_POINT('',(0.65,0.625,0.));
#8046 = DIRECTION('',(0.,1.,0.));
#8047 = DIRECTION('',(0.,-0.,1.));
#8048 = ADVANCED_FACE('',(#8049),#8054,.T.);
#8049 = FACE_BOUND('',#8050,.T.);
#8050 = EDGE_LOOP('',(#8051,#8052,#8053));
#8051 = ORIENTED_EDGE('',*,*,#7773,.T.);
#8052 = ORIENTED_EDGE('',*,*,#7749,.T.);
#8053 = ORIENTED_EDGE('',*,*,#7790,.T.);
#8054 = PLANE('',#8055);
#8055 = AXIS2_PLACEMENT_3D('',#8056,#8057,#8058);
#8056 = CARTESIAN_POINT('',(0.144337567297,9.251858538543E-18,1.75E-02)
  );
#8057 = DIRECTION('',(-0.,-0.,-1.));
#8058 = DIRECTION('',(-1.,0.,0.));
#8059 = ( GEOMETRIC_REPRESENTATION_CONTEXT(3) 
GLOBAL_UNCERTAINTY_ASSIGNED_CONTEXT((#8063)) 
GLOBAL_UNIT_ASSIGNED_CONTEXT((#8060,#8061,#8062)) REPRESENTATION_CONTEXT
('Context #1','3D Context with UNIT and UNCERTAINTY') );
#8060 = ( LENGTH_UNIT() NAMED_UNIT(*) SI_UNIT(.MILLI.,.METRE.) );
#8061 = ( NAMED_UNIT(*) PLANE_ANGLE_UNIT() SI_UNIT($,.RADIAN.) );
#8062 = ( NAMED_UNIT(*) SI_UNIT($,.STERADIAN.) SOLID_ANGLE_UNIT() );
#8063 = UNCERTAINTY_MEASURE_WITH_UNIT(LENGTH_MEASURE(1.E-07),#8060,
  'distance_accuracy_value','confusion accuracy');
#8064 = CONTEXT_DEPENDENT_SHAPE_REPRESENTATION(#8065,#8067);
#8065 = ( REPRESENTATION_RELATIONSHIP('','',#6535,#6512) 
REPRESENTATION_RELATIONSHIP_WITH_TRANSFORMATION(#8066) 
SHAPE_REPRESENTATION_RELATIONSHIP() );
#8066 = ITEM_DEFINED_TRANSFORMATION('','',#11,#6513);
#8067 = PRODUCT_DEFINITION_SHAPE('Placement','Placement of an item',
  #8068);
#8068 = NEXT_ASSEMBLY_USAGE_OCCURRENCE('13','=>[0:1:1:13]','',#6507,
  #6530,$);
#8069 = PRODUCT_RELATED_PRODUCT_CATEGORY('part',$,(#6532));
#8070 = CONTEXT_DEPENDENT_SHAPE_REPRESENTATION(#8071,#8073);
#8071 = ( REPRESENTATION_RELATIONSHIP('','',#124,#10) 
REPRESENTATION_RELATIONSHIP_WITH_TRANSFORMATION(#8072) 
SHAPE_REPRESENTATION_RELATIONSHIP() );
#8072 = ITEM_DEFINED_TRANSFORMATION('','',#11,#47);
#8073 = PRODUCT_DEFINITION_SHAPE('Placement','Placement of an item',
  #8074);
#8074 = NEXT_ASSEMBLY_USAGE_OCCURRENCE('15','C3','',#5,#119,$);
#8075 = CONTEXT_DEPENDENT_SHAPE_REPRESENTATION(#8076,#8078);
#8076 = ( REPRESENTATION_RELATIONSHIP('','',#5675,#10) 
REPRESENTATION_RELATIONSHIP_WITH_TRANSFORMATION(#8077) 
SHAPE_REPRESENTATION_RELATIONSHIP() );
#8077 = ITEM_DEFINED_TRANSFORMATION('','',#11,#51);
#8078 = PRODUCT_DEFINITION_SHAPE('Placement','Placement of an item',
  #8079);
#8079 = NEXT_ASSEMBLY_USAGE_OCCURRENCE('16','R4','',#5,#5670,$);
#8080 = CONTEXT_DEPENDENT_SHAPE_REPRESENTATION(#8081,#8083);
#8081 = ( REPRESENTATION_RELATIONSHIP('','',#3044,#10) 
REPRESENTATION_RELATIONSHIP_WITH_TRANSFORMATION(#8082) 
SHAPE_REPRESENTATION_RELATIONSHIP() );
#8082 = ITEM_DEFINED_TRANSFORMATION('','',#11,#55);
#8083 = PRODUCT_DEFINITION_SHAPE('Placement','Placement of an item',
  #8084);
#8084 = NEXT_ASSEMBLY_USAGE_OCCURRENCE('17','L4','',#5,#3039,$);
#8085 = CONTEXT_DEPENDENT_SHAPE_REPRESENTATION(#8086,#8088);
#8086 = ( REPRESENTATION_RELATIONSHIP('','',#3044,#10) 
REPRESENTATION_RELATIONSHIP_WITH_TRANSFORMATION(#8087) 
SHAPE_REPRESENTATION_RELATIONSHIP() );
#8087 = ITEM_DEFINED_TRANSFORMATION('','',#11,#59);
#8088 = PRODUCT_DEFINITION_SHAPE('Placement','Placement of an item',
  #8089);
#8089 = NEXT_ASSEMBLY_USAGE_OCCURRENCE('18','L1','',#5,#3039,$);
#8090 = CONTEXT_DEPENDENT_SHAPE_REPRESENTATION(#8091,#8093);
#8091 = ( REPRESENTATION_RELATIONSHIP('','',#3044,#10) 
REPRESENTATION_RELATIONSHIP_WITH_TRANSFORMATION(#8092) 
SHAPE_REPRESENTATION_RELATIONSHIP() );
#8092 = ITEM_DEFINED_TRANSFORMATION('','',#11,#63);
#8093 = PRODUCT_DEFINITION_SHAPE('Placement','Placement of an item',
  #8094);
#8094 = NEXT_ASSEMBLY_USAGE_OCCURRENCE('19','L3','',#5,#3039,$);
#8095 = SHAPE_DEFINITION_REPRESENTATION(#8096,#8102);
#8096 = PRODUCT_DEFINITION_SHAPE('','',#8097);
#8097 = PRODUCT_DEFINITION('design','',#8098,#8101);
#8098 = PRODUCT_DEFINITION_FORMATION('','',#8099);
#8099 = PRODUCT('C_0603_1608Metric','C_0603_1608Metric','',(#8100));
#8100 = PRODUCT_CONTEXT('',#2,'mechanical');
#8101 = PRODUCT_DEFINITION_CONTEXT('part definition',#2,'design');
#8102 = SHAPE_REPRESENTATION('',(#11,#8103),#8107);
#8103 = AXIS2_PLACEMENT_3D('',#8104,#8105,#8106);
#8104 = CARTESIAN_POINT('',(0.,0.,0.));
#8105 = DIRECTION('',(0.,0.,1.));
#8106 = DIRECTION('',(1.,0.,-0.));
#8107 = ( GEOMETRIC_REPRESENTATION_CONTEXT(3) 
GLOBAL_UNCERTAINTY_ASSIGNED_CONTEXT((#8111)) 
GLOBAL_UNIT_ASSIGNED_CONTEXT((#8108,#8109,#8110)) REPRESENTATION_CONTEXT
('Context #1','3D Context with UNIT and UNCERTAINTY') );
#8108 = ( LENGTH_UNIT() NAMED_UNIT(*) SI_UNIT(.MILLI.,.METRE.) );
#8109 = ( NAMED_UNIT(*) PLANE_ANGLE_UNIT() SI_UNIT($,.RADIAN.) );
#8110 = ( NAMED_UNIT(*) SI_UNIT($,.STERADIAN.) SOLID_ANGLE_UNIT() );
#8111 = UNCERTAINTY_MEASURE_WITH_UNIT(LENGTH_MEASURE(1.E-07),#8108,
  'distance_accuracy_value','confusion accuracy');
#8112 = CONTEXT_DEPENDENT_SHAPE_REPRESENTATION(#8113,#8115);
#8113 = ( REPRESENTATION_RELATIONSHIP('','',#8102,#10) 
REPRESENTATION_RELATIONSHIP_WITH_TRANSFORMATION(#8114) 
SHAPE_REPRESENTATION_RELATIONSHIP() );
#8114 = ITEM_DEFINED_TRANSFORMATION('','',#11,#67);
#8115 = PRODUCT_DEFINITION_SHAPE('Placement','Placement of an item',
  #8116);
#8116 = NEXT_ASSEMBLY_USAGE_OCCURRENCE('21','C12','',#5,#8097,$);
#8117 = PRODUCT_RELATED_PRODUCT_CATEGORY('part',$,(#8099));
#8118 = SHAPE_DEFINITION_REPRESENTATION(#8119,#8125);
#8119 = PRODUCT_DEFINITION_SHAPE('','',#8120);
#8120 = PRODUCT_DEFINITION('design','',#8121,#8124);
#8121 = PRODUCT_DEFINITION_FORMATION('','',#8122);
#8122 = PRODUCT('C_0603_1608Metric','C_0603_1608Metric','',(#8123));
#8123 = PRODUCT_CONTEXT('',#2,'mechanical');
#8124 = PRODUCT_DEFINITION_CONTEXT('part definition',#2,'design');
#8125 = ADVANCED_BREP_SHAPE_REPRESENTATION('',(#11,#8126),#8980);
#8126 = MANIFOLD_SOLID_BREP('',#8127);
#8127 = CLOSED_SHELL('',(#8128,#8204,#8235,#8260,#8285,#8309,#8333,#8358
    ,#8383,#8400,#8486,#8518,#8542,#8567,#8591,#8616,#8640,#8665,#8682,
    #8768,#8799,#8824,#8849,#8873,#8897,#8922,#8947,#8964));
#8128 = ADVANCED_FACE('',(#8129),#8199,.F.);
#8129 = FACE_BOUND('',#8130,.F.);
#8130 = EDGE_LOOP('',(#8131,#8141,#8150,#8158,#8167,#8175,#8184,#8192));
#8131 = ORIENTED_EDGE('',*,*,#8132,.F.);
#8132 = EDGE_CURVE('',#8133,#8135,#8137,.T.);
#8133 = VERTEX_POINT('',#8134);
#8134 = CARTESIAN_POINT('',(-0.8,-0.4,3.E-02));
#8135 = VERTEX_POINT('',#8136);
#8136 = CARTESIAN_POINT('',(-0.8,-0.4,0.77));
#8137 = LINE('',#8138,#8139);
#8138 = CARTESIAN_POINT('',(-0.8,-0.4,0.));
#8139 = VECTOR('',#8140,1.);
#8140 = DIRECTION('',(0.,0.,1.));
#8141 = ORIENTED_EDGE('',*,*,#8142,.T.);
#8142 = EDGE_CURVE('',#8133,#8143,#8145,.T.);
#8143 = VERTEX_POINT('',#8144);
#8144 = CARTESIAN_POINT('',(-0.8,-0.37,0.));
#8145 = CIRCLE('',#8146,3.E-02);
#8146 = AXIS2_PLACEMENT_3D('',#8147,#8148,#8149);
#8147 = CARTESIAN_POINT('',(-0.8,-0.37,3.E-02));
#8148 = DIRECTION('',(1.,0.,-0.));
#8149 = DIRECTION('',(0.,0.,1.));
#8150 = ORIENTED_EDGE('',*,*,#8151,.T.);
#8151 = EDGE_CURVE('',#8143,#8152,#8154,.T.);
#8152 = VERTEX_POINT('',#8153);
#8153 = CARTESIAN_POINT('',(-0.8,0.37,0.));
#8154 = LINE('',#8155,#8156);
#8155 = CARTESIAN_POINT('',(-0.8,-0.4,0.));
#8156 = VECTOR('',#8157,1.);
#8157 = DIRECTION('',(0.,1.,0.));
#8158 = ORIENTED_EDGE('',*,*,#8159,.F.);
#8159 = EDGE_CURVE('',#8160,#8152,#8162,.T.);
#8160 = VERTEX_POINT('',#8161);
#8161 = CARTESIAN_POINT('',(-0.8,0.4,3.E-02));
#8162 = CIRCLE('',#8163,3.E-02);
#8163 = AXIS2_PLACEMENT_3D('',#8164,#8165,#8166);
#8164 = CARTESIAN_POINT('',(-0.8,0.37,3.E-02));
#8165 = DIRECTION('',(-1.,0.,0.));
#8166 = DIRECTION('',(0.,0.,1.));
#8167 = ORIENTED_EDGE('',*,*,#8168,.T.);
#8168 = EDGE_CURVE('',#8160,#8169,#8171,.T.);
#8169 = VERTEX_POINT('',#8170);
#8170 = CARTESIAN_POINT('',(-0.8,0.4,0.77));
#8171 = LINE('',#8172,#8173);
#8172 = CARTESIAN_POINT('',(-0.8,0.4,0.));
#8173 = VECTOR('',#8174,1.);
#8174 = DIRECTION('',(0.,0.,1.));
#8175 = ORIENTED_EDGE('',*,*,#8176,.T.);
#8176 = EDGE_CURVE('',#8169,#8177,#8179,.T.);
#8177 = VERTEX_POINT('',#8178);
#8178 = CARTESIAN_POINT('',(-0.8,0.37,0.8));
#8179 = CIRCLE('',#8180,3.E-02);
#8180 = AXIS2_PLACEMENT_3D('',#8181,#8182,#8183);
#8181 = CARTESIAN_POINT('',(-0.8,0.37,0.77));
#8182 = DIRECTION('',(1.,0.,-0.));
#8183 = DIRECTION('',(0.,0.,1.));
#8184 = ORIENTED_EDGE('',*,*,#8185,.F.);
#8185 = EDGE_CURVE('',#8186,#8177,#8188,.T.);
#8186 = VERTEX_POINT('',#8187);
#8187 = CARTESIAN_POINT('',(-0.8,-0.37,0.8));
#8188 = LINE('',#8189,#8190);
#8189 = CARTESIAN_POINT('',(-0.8,-0.4,0.8));
#8190 = VECTOR('',#8191,1.);
#8191 = DIRECTION('',(0.,1.,0.));
#8192 = ORIENTED_EDGE('',*,*,#8193,.F.);
#8193 = EDGE_CURVE('',#8135,#8186,#8194,.T.);
#8194 = CIRCLE('',#8195,3.E-02);
#8195 = AXIS2_PLACEMENT_3D('',#8196,#8197,#8198);
#8196 = CARTESIAN_POINT('',(-0.8,-0.37,0.77));
#8197 = DIRECTION('',(-1.,0.,0.));
#8198 = DIRECTION('',(0.,0.,1.));
#8199 = PLANE('',#8200);
#8200 = AXIS2_PLACEMENT_3D('',#8201,#8202,#8203);
#8201 = CARTESIAN_POINT('',(-0.8,-0.4,0.));
#8202 = DIRECTION('',(1.,0.,0.));
#8203 = DIRECTION('',(0.,0.,1.));
#8204 = ADVANCED_FACE('',(#8205),#8230,.F.);
#8205 = FACE_BOUND('',#8206,.F.);
#8206 = EDGE_LOOP('',(#8207,#8217,#8223,#8224));
#8207 = ORIENTED_EDGE('',*,*,#8208,.F.);
#8208 = EDGE_CURVE('',#8209,#8211,#8213,.T.);
#8209 = VERTEX_POINT('',#8210);
#8210 = CARTESIAN_POINT('',(-0.5,-0.4,3.E-02));
#8211 = VERTEX_POINT('',#8212);
#8212 = CARTESIAN_POINT('',(-0.5,-0.4,0.77));
#8213 = LINE('',#8214,#8215);
#8214 = CARTESIAN_POINT('',(-0.5,-0.4,0.));
#8215 = VECTOR('',#8216,1.);
#8216 = DIRECTION('',(0.,0.,1.));
#8217 = ORIENTED_EDGE('',*,*,#8218,.F.);
#8218 = EDGE_CURVE('',#8133,#8209,#8219,.T.);
#8219 = LINE('',#8220,#8221);
#8220 = CARTESIAN_POINT('',(-0.8,-0.4,3.E-02));
#8221 = VECTOR('',#8222,1.);
#8222 = DIRECTION('',(1.,0.,0.));
#8223 = ORIENTED_EDGE('',*,*,#8132,.T.);
#8224 = ORIENTED_EDGE('',*,*,#8225,.T.);
#8225 = EDGE_CURVE('',#8135,#8211,#8226,.T.);
#8226 = LINE('',#8227,#8228);
#8227 = CARTESIAN_POINT('',(-0.8,-0.4,0.77));
#8228 = VECTOR('',#8229,1.);
#8229 = DIRECTION('',(1.,0.,0.));
#8230 = PLANE('',#8231);
#8231 = AXIS2_PLACEMENT_3D('',#8232,#8233,#8234);
#8232 = CARTESIAN_POINT('',(-0.8,-0.4,0.));
#8233 = DIRECTION('',(0.,1.,0.));
#8234 = DIRECTION('',(0.,-0.,1.));
#8235 = ADVANCED_FACE('',(#8236),#8255,.T.);
#8236 = FACE_BOUND('',#8237,.T.);
#8237 = EDGE_LOOP('',(#8238,#8239,#8247,#8254));
#8238 = ORIENTED_EDGE('',*,*,#8142,.T.);
#8239 = ORIENTED_EDGE('',*,*,#8240,.T.);
#8240 = EDGE_CURVE('',#8143,#8241,#8243,.T.);
#8241 = VERTEX_POINT('',#8242);
#8242 = CARTESIAN_POINT('',(-0.5,-0.37,0.));
#8243 = LINE('',#8244,#8245);
#8244 = CARTESIAN_POINT('',(-0.8,-0.37,0.));
#8245 = VECTOR('',#8246,1.);
#8246 = DIRECTION('',(1.,0.,0.));
#8247 = ORIENTED_EDGE('',*,*,#8248,.F.);
#8248 = EDGE_CURVE('',#8209,#8241,#8249,.T.);
#8249 = CIRCLE('',#8250,3.E-02);
#8250 = AXIS2_PLACEMENT_3D('',#8251,#8252,#8253);
#8251 = CARTESIAN_POINT('',(-0.5,-0.37,3.E-02));
#8252 = DIRECTION('',(1.,0.,-0.));
#8253 = DIRECTION('',(0.,0.,1.));
#8254 = ORIENTED_EDGE('',*,*,#8218,.F.);
#8255 = CYLINDRICAL_SURFACE('',#8256,3.E-02);
#8256 = AXIS2_PLACEMENT_3D('',#8257,#8258,#8259);
#8257 = CARTESIAN_POINT('',(-0.8,-0.37,3.E-02));
#8258 = DIRECTION('',(1.,0.,0.));
#8259 = DIRECTION('',(0.,-1.,0.));
#8260 = ADVANCED_FACE('',(#8261),#8280,.T.);
#8261 = FACE_BOUND('',#8262,.T.);
#8262 = EDGE_LOOP('',(#8263,#8264,#8273,#8279));
#8263 = ORIENTED_EDGE('',*,*,#8225,.T.);
#8264 = ORIENTED_EDGE('',*,*,#8265,.T.);
#8265 = EDGE_CURVE('',#8211,#8266,#8268,.T.);
#8266 = VERTEX_POINT('',#8267);
#8267 = CARTESIAN_POINT('',(-0.5,-0.37,0.8));
#8268 = CIRCLE('',#8269,3.E-02);
#8269 = AXIS2_PLACEMENT_3D('',#8270,#8271,#8272);
#8270 = CARTESIAN_POINT('',(-0.5,-0.37,0.77));
#8271 = DIRECTION('',(-1.,0.,0.));
#8272 = DIRECTION('',(0.,0.,1.));
#8273 = ORIENTED_EDGE('',*,*,#8274,.F.);
#8274 = EDGE_CURVE('',#8186,#8266,#8275,.T.);
#8275 = LINE('',#8276,#8277);
#8276 = CARTESIAN_POINT('',(-0.8,-0.37,0.8));
#8277 = VECTOR('',#8278,1.);
#8278 = DIRECTION('',(1.,0.,0.));
#8279 = ORIENTED_EDGE('',*,*,#8193,.F.);
#8280 = CYLINDRICAL_SURFACE('',#8281,3.E-02);
#8281 = AXIS2_PLACEMENT_3D('',#8282,#8283,#8284);
#8282 = CARTESIAN_POINT('',(-0.8,-0.37,0.77));
#8283 = DIRECTION('',(1.,0.,0.));
#8284 = DIRECTION('',(0.,-1.,0.));
#8285 = ADVANCED_FACE('',(#8286),#8304,.F.);
#8286 = FACE_BOUND('',#8287,.F.);
#8287 = EDGE_LOOP('',(#8288,#8289,#8290,#8298));
#8288 = ORIENTED_EDGE('',*,*,#8151,.F.);
#8289 = ORIENTED_EDGE('',*,*,#8240,.T.);
#8290 = ORIENTED_EDGE('',*,*,#8291,.T.);
#8291 = EDGE_CURVE('',#8241,#8292,#8294,.T.);
#8292 = VERTEX_POINT('',#8293);
#8293 = CARTESIAN_POINT('',(-0.5,0.37,0.));
#8294 = LINE('',#8295,#8296);
#8295 = CARTESIAN_POINT('',(-0.5,-0.4,0.));
#8296 = VECTOR('',#8297,1.);
#8297 = DIRECTION('',(0.,1.,0.));
#8298 = ORIENTED_EDGE('',*,*,#8299,.F.);
#8299 = EDGE_CURVE('',#8152,#8292,#8300,.T.);
#8300 = LINE('',#8301,#8302);
#8301 = CARTESIAN_POINT('',(-0.8,0.37,0.));
#8302 = VECTOR('',#8303,1.);
#8303 = DIRECTION('',(1.,0.,0.));
#8304 = PLANE('',#8305);
#8305 = AXIS2_PLACEMENT_3D('',#8306,#8307,#8308);
#8306 = CARTESIAN_POINT('',(-0.8,-0.4,0.));
#8307 = DIRECTION('',(0.,0.,1.));
#8308 = DIRECTION('',(1.,0.,-0.));
#8309 = ADVANCED_FACE('',(#8310),#8328,.T.);
#8310 = FACE_BOUND('',#8311,.T.);
#8311 = EDGE_LOOP('',(#8312,#8313,#8314,#8322));
#8312 = ORIENTED_EDGE('',*,*,#8185,.F.);
#8313 = ORIENTED_EDGE('',*,*,#8274,.T.);
#8314 = ORIENTED_EDGE('',*,*,#8315,.T.);
#8315 = EDGE_CURVE('',#8266,#8316,#8318,.T.);
#8316 = VERTEX_POINT('',#8317);
#8317 = CARTESIAN_POINT('',(-0.5,0.37,0.8));
#8318 = LINE('',#8319,#8320);
#8319 = CARTESIAN_POINT('',(-0.5,-0.4,0.8));
#8320 = VECTOR('',#8321,1.);
#8321 = DIRECTION('',(0.,1.,0.));
#8322 = ORIENTED_EDGE('',*,*,#8323,.F.);
#8323 = EDGE_CURVE('',#8177,#8316,#8324,.T.);
#8324 = LINE('',#8325,#8326);
#8325 = CARTESIAN_POINT('',(-0.8,0.37,0.8));
#8326 = VECTOR('',#8327,1.);
#8327 = DIRECTION('',(1.,0.,0.));
#8328 = PLANE('',#8329);
#8329 = AXIS2_PLACEMENT_3D('',#8330,#8331,#8332);
#8330 = CARTESIAN_POINT('',(-0.8,-0.4,0.8));
#8331 = DIRECTION('',(0.,0.,1.));
#8332 = DIRECTION('',(1.,0.,-0.));
#8333 = ADVANCED_FACE('',(#8334),#8353,.T.);
#8334 = FACE_BOUND('',#8335,.T.);
#8335 = EDGE_LOOP('',(#8336,#8344,#8351,#8352));
#8336 = ORIENTED_EDGE('',*,*,#8337,.T.);
#8337 = EDGE_CURVE('',#8160,#8338,#8340,.T.);
#8338 = VERTEX_POINT('',#8339);
#8339 = CARTESIAN_POINT('',(-0.5,0.4,3.E-02));
#8340 = LINE('',#8341,#8342);
#8341 = CARTESIAN_POINT('',(-0.8,0.4,3.E-02));
#8342 = VECTOR('',#8343,1.);
#8343 = DIRECTION('',(1.,0.,0.));
#8344 = ORIENTED_EDGE('',*,*,#8345,.T.);
#8345 = EDGE_CURVE('',#8338,#8292,#8346,.T.);
#8346 = CIRCLE('',#8347,3.E-02);
#8347 = AXIS2_PLACEMENT_3D('',#8348,#8349,#8350);
#8348 = CARTESIAN_POINT('',(-0.5,0.37,3.E-02));
#8349 = DIRECTION('',(-1.,0.,0.));
#8350 = DIRECTION('',(0.,0.,1.));
#8351 = ORIENTED_EDGE('',*,*,#8299,.F.);
#8352 = ORIENTED_EDGE('',*,*,#8159,.F.);
#8353 = CYLINDRICAL_SURFACE('',#8354,3.E-02);
#8354 = AXIS2_PLACEMENT_3D('',#8355,#8356,#8357);
#8355 = CARTESIAN_POINT('',(-0.8,0.37,3.E-02));
#8356 = DIRECTION('',(1.,0.,0.));
#8357 = DIRECTION('',(-0.,1.,0.));
#8358 = ADVANCED_FACE('',(#8359),#8378,.T.);
#8359 = FACE_BOUND('',#8360,.T.);
#8360 = EDGE_LOOP('',(#8361,#8362,#8363,#8372));
#8361 = ORIENTED_EDGE('',*,*,#8176,.T.);
#8362 = ORIENTED_EDGE('',*,*,#8323,.T.);
#8363 = ORIENTED_EDGE('',*,*,#8364,.F.);
#8364 = EDGE_CURVE('',#8365,#8316,#8367,.T.);
#8365 = VERTEX_POINT('',#8366);
#8366 = CARTESIAN_POINT('',(-0.5,0.4,0.77));
#8367 = CIRCLE('',#8368,3.E-02);
#8368 = AXIS2_PLACEMENT_3D('',#8369,#8370,#8371);
#8369 = CARTESIAN_POINT('',(-0.5,0.37,0.77));
#8370 = DIRECTION('',(1.,0.,-0.));
#8371 = DIRECTION('',(0.,0.,1.));
#8372 = ORIENTED_EDGE('',*,*,#8373,.F.);
#8373 = EDGE_CURVE('',#8169,#8365,#8374,.T.);
#8374 = LINE('',#8375,#8376);
#8375 = CARTESIAN_POINT('',(-0.8,0.4,0.77));
#8376 = VECTOR('',#8377,1.);
#8377 = DIRECTION('',(1.,0.,0.));
#8378 = CYLINDRICAL_SURFACE('',#8379,3.E-02);
#8379 = AXIS2_PLACEMENT_3D('',#8380,#8381,#8382);
#8380 = CARTESIAN_POINT('',(-0.8,0.37,0.77));
#8381 = DIRECTION('',(1.,0.,0.));
#8382 = DIRECTION('',(-0.,1.,0.));
#8383 = ADVANCED_FACE('',(#8384),#8395,.T.);
#8384 = FACE_BOUND('',#8385,.T.);
#8385 = EDGE_LOOP('',(#8386,#8392,#8393,#8394));
#8386 = ORIENTED_EDGE('',*,*,#8387,.F.);
#8387 = EDGE_CURVE('',#8338,#8365,#8388,.T.);
#8388 = LINE('',#8389,#8390);
#8389 = CARTESIAN_POINT('',(-0.5,0.4,0.));
#8390 = VECTOR('',#8391,1.);
#8391 = DIRECTION('',(0.,0.,1.));
#8392 = ORIENTED_EDGE('',*,*,#8337,.F.);
#8393 = ORIENTED_EDGE('',*,*,#8168,.T.);
#8394 = ORIENTED_EDGE('',*,*,#8373,.T.);
#8395 = PLANE('',#8396);
#8396 = AXIS2_PLACEMENT_3D('',#8397,#8398,#8399);
#8397 = CARTESIAN_POINT('',(-0.8,0.4,0.));
#8398 = DIRECTION('',(0.,1.,0.));
#8399 = DIRECTION('',(0.,-0.,1.));
#8400 = ADVANCED_FACE('',(#8401,#8411),#8481,.T.);
#8401 = FACE_BOUND('',#8402,.T.);
#8402 = EDGE_LOOP('',(#8403,#8404,#8405,#8406,#8407,#8408,#8409,#8410));
#8403 = ORIENTED_EDGE('',*,*,#8208,.F.);
#8404 = ORIENTED_EDGE('',*,*,#8248,.T.);
#8405 = ORIENTED_EDGE('',*,*,#8291,.T.);
#8406 = ORIENTED_EDGE('',*,*,#8345,.F.);
#8407 = ORIENTED_EDGE('',*,*,#8387,.T.);
#8408 = ORIENTED_EDGE('',*,*,#8364,.T.);
#8409 = ORIENTED_EDGE('',*,*,#8315,.F.);
#8410 = ORIENTED_EDGE('',*,*,#8265,.F.);
#8411 = FACE_BOUND('',#8412,.T.);
#8412 = EDGE_LOOP('',(#8413,#8424,#8432,#8441,#8449,#8458,#8466,#8475));
#8413 = ORIENTED_EDGE('',*,*,#8414,.F.);
#8414 = EDGE_CURVE('',#8415,#8417,#8419,.T.);
#8415 = VERTEX_POINT('',#8416);
#8416 = CARTESIAN_POINT('',(-0.5,-0.37,6.E-02));
#8417 = VERTEX_POINT('',#8418);
#8418 = CARTESIAN_POINT('',(-0.5,-0.34,3.E-02));
#8419 = CIRCLE('',#8420,3.E-02);
#8420 = AXIS2_PLACEMENT_3D('',#8421,#8422,#8423);
#8421 = CARTESIAN_POINT('',(-0.5,-0.34,6.E-02));
#8422 = DIRECTION('',(1.,0.,-0.));
#8423 = DIRECTION('',(0.,0.,1.));
#8424 = ORIENTED_EDGE('',*,*,#8425,.T.);
#8425 = EDGE_CURVE('',#8415,#8426,#8428,.T.);
#8426 = VERTEX_POINT('',#8427);
#8427 = CARTESIAN_POINT('',(-0.5,-0.37,0.74));
#8428 = LINE('',#8429,#8430);
#8429 = CARTESIAN_POINT('',(-0.5,-0.37,3.E-02));
#8430 = VECTOR('',#8431,1.);
#8431 = DIRECTION('',(0.,0.,1.));
#8432 = ORIENTED_EDGE('',*,*,#8433,.T.);
#8433 = EDGE_CURVE('',#8426,#8434,#8436,.T.);
#8434 = VERTEX_POINT('',#8435);
#8435 = CARTESIAN_POINT('',(-0.5,-0.34,0.77));
#8436 = CIRCLE('',#8437,3.E-02);
#8437 = AXIS2_PLACEMENT_3D('',#8438,#8439,#8440);
#8438 = CARTESIAN_POINT('',(-0.5,-0.34,0.74));
#8439 = DIRECTION('',(-1.,0.,0.));
#8440 = DIRECTION('',(0.,0.,1.));
#8441 = ORIENTED_EDGE('',*,*,#8442,.T.);
#8442 = EDGE_CURVE('',#8434,#8443,#8445,.T.);
#8443 = VERTEX_POINT('',#8444);
#8444 = CARTESIAN_POINT('',(-0.5,0.34,0.77));
#8445 = LINE('',#8446,#8447);
#8446 = CARTESIAN_POINT('',(-0.5,-0.37,0.77));
#8447 = VECTOR('',#8448,1.);
#8448 = DIRECTION('',(0.,1.,0.));
#8449 = ORIENTED_EDGE('',*,*,#8450,.F.);
#8450 = EDGE_CURVE('',#8451,#8443,#8453,.T.);
#8451 = VERTEX_POINT('',#8452);
#8452 = CARTESIAN_POINT('',(-0.5,0.37,0.74));
#8453 = CIRCLE('',#8454,3.E-02);
#8454 = AXIS2_PLACEMENT_3D('',#8455,#8456,#8457);
#8455 = CARTESIAN_POINT('',(-0.5,0.34,0.74));
#8456 = DIRECTION('',(1.,0.,-0.));
#8457 = DIRECTION('',(0.,0.,1.));
#8458 = ORIENTED_EDGE('',*,*,#8459,.F.);
#8459 = EDGE_CURVE('',#8460,#8451,#8462,.T.);
#8460 = VERTEX_POINT('',#8461);
#8461 = CARTESIAN_POINT('',(-0.5,0.37,6.E-02));
#8462 = LINE('',#8463,#8464);
#8463 = CARTESIAN_POINT('',(-0.5,0.37,3.E-02));
#8464 = VECTOR('',#8465,1.);
#8465 = DIRECTION('',(0.,0.,1.));
#8466 = ORIENTED_EDGE('',*,*,#8467,.T.);
#8467 = EDGE_CURVE('',#8460,#8468,#8470,.T.);
#8468 = VERTEX_POINT('',#8469);
#8469 = CARTESIAN_POINT('',(-0.5,0.34,3.E-02));
#8470 = CIRCLE('',#8471,3.E-02);
#8471 = AXIS2_PLACEMENT_3D('',#8472,#8473,#8474);
#8472 = CARTESIAN_POINT('',(-0.5,0.34,6.E-02));
#8473 = DIRECTION('',(-1.,0.,0.));
#8474 = DIRECTION('',(0.,0.,1.));
#8475 = ORIENTED_EDGE('',*,*,#8476,.F.);
#8476 = EDGE_CURVE('',#8417,#8468,#8477,.T.);
#8477 = LINE('',#8478,#8479);
#8478 = CARTESIAN_POINT('',(-0.5,-0.37,3.E-02));
#8479 = VECTOR('',#8480,1.);
#8480 = DIRECTION('',(0.,1.,0.));
#8481 = PLANE('',#8482);
#8482 = AXIS2_PLACEMENT_3D('',#8483,#8484,#8485);
#8483 = CARTESIAN_POINT('',(-0.5,-0.4,0.));
#8484 = DIRECTION('',(1.,0.,0.));
#8485 = DIRECTION('',(0.,0.,1.));
#8486 = ADVANCED_FACE('',(#8487),#8513,.T.);
#8487 = FACE_BOUND('',#8488,.T.);
#8488 = EDGE_LOOP('',(#8489,#8490,#8498,#8507));
#8489 = ORIENTED_EDGE('',*,*,#8414,.T.);
#8490 = ORIENTED_EDGE('',*,*,#8491,.T.);
#8491 = EDGE_CURVE('',#8417,#8492,#8494,.T.);
#8492 = VERTEX_POINT('',#8493);
#8493 = CARTESIAN_POINT('',(0.5,-0.34,3.E-02));
#8494 = LINE('',#8495,#8496);
#8495 = CARTESIAN_POINT('',(-0.5,-0.34,3.E-02));
#8496 = VECTOR('',#8497,1.);
#8497 = DIRECTION('',(1.,0.,0.));
#8498 = ORIENTED_EDGE('',*,*,#8499,.F.);
#8499 = EDGE_CURVE('',#8500,#8492,#8502,.T.);
#8500 = VERTEX_POINT('',#8501);
#8501 = CARTESIAN_POINT('',(0.5,-0.37,6.E-02));
#8502 = CIRCLE('',#8503,3.E-02);
#8503 = AXIS2_PLACEMENT_3D('',#8504,#8505,#8506);
#8504 = CARTESIAN_POINT('',(0.5,-0.34,6.E-02));
#8505 = DIRECTION('',(1.,0.,-0.));
#8506 = DIRECTION('',(0.,0.,1.));
#8507 = ORIENTED_EDGE('',*,*,#8508,.F.);
#8508 = EDGE_CURVE('',#8415,#8500,#8509,.T.);
#8509 = LINE('',#8510,#8511);
#8510 = CARTESIAN_POINT('',(-0.5,-0.37,6.E-02));
#8511 = VECTOR('',#8512,1.);
#8512 = DIRECTION('',(1.,0.,0.));
#8513 = CYLINDRICAL_SURFACE('',#8514,3.E-02);
#8514 = AXIS2_PLACEMENT_3D('',#8515,#8516,#8517);
#8515 = CARTESIAN_POINT('',(-0.5,-0.34,6.E-02));
#8516 = DIRECTION('',(1.,0.,0.));
#8517 = DIRECTION('',(0.,-1.,0.));
#8518 = ADVANCED_FACE('',(#8519),#8537,.F.);
#8519 = FACE_BOUND('',#8520,.F.);
#8520 = EDGE_LOOP('',(#8521,#8522,#8523,#8531));
#8521 = ORIENTED_EDGE('',*,*,#8476,.F.);
#8522 = ORIENTED_EDGE('',*,*,#8491,.T.);
#8523 = ORIENTED_EDGE('',*,*,#8524,.T.);
#8524 = EDGE_CURVE('',#8492,#8525,#8527,.T.);
#8525 = VERTEX_POINT('',#8526);
#8526 = CARTESIAN_POINT('',(0.5,0.34,3.E-02));
#8527 = LINE('',#8528,#8529);
#8528 = CARTESIAN_POINT('',(0.5,-0.37,3.E-02));
#8529 = VECTOR('',#8530,1.);
#8530 = DIRECTION('',(0.,1.,0.));
#8531 = ORIENTED_EDGE('',*,*,#8532,.F.);
#8532 = EDGE_CURVE('',#8468,#8525,#8533,.T.);
#8533 = LINE('',#8534,#8535);
#8534 = CARTESIAN_POINT('',(-0.5,0.34,3.E-02));
#8535 = VECTOR('',#8536,1.);
#8536 = DIRECTION('',(1.,0.,0.));
#8537 = PLANE('',#8538);
#8538 = AXIS2_PLACEMENT_3D('',#8539,#8540,#8541);
#8539 = CARTESIAN_POINT('',(-0.5,-0.37,3.E-02));
#8540 = DIRECTION('',(0.,0.,1.));
#8541 = DIRECTION('',(1.,0.,-0.));
#8542 = ADVANCED_FACE('',(#8543),#8562,.T.);
#8543 = FACE_BOUND('',#8544,.T.);
#8544 = EDGE_LOOP('',(#8545,#8553,#8560,#8561));
#8545 = ORIENTED_EDGE('',*,*,#8546,.T.);
#8546 = EDGE_CURVE('',#8460,#8547,#8549,.T.);
#8547 = VERTEX_POINT('',#8548);
#8548 = CARTESIAN_POINT('',(0.5,0.37,6.E-02));
#8549 = LINE('',#8550,#8551);
#8550 = CARTESIAN_POINT('',(-0.5,0.37,6.E-02));
#8551 = VECTOR('',#8552,1.);
#8552 = DIRECTION('',(1.,0.,0.));
#8553 = ORIENTED_EDGE('',*,*,#8554,.T.);
#8554 = EDGE_CURVE('',#8547,#8525,#8555,.T.);
#8555 = CIRCLE('',#8556,3.E-02);
#8556 = AXIS2_PLACEMENT_3D('',#8557,#8558,#8559);
#8557 = CARTESIAN_POINT('',(0.5,0.34,6.E-02));
#8558 = DIRECTION('',(-1.,0.,0.));
#8559 = DIRECTION('',(0.,0.,1.));
#8560 = ORIENTED_EDGE('',*,*,#8532,.F.);
#8561 = ORIENTED_EDGE('',*,*,#8467,.F.);
#8562 = CYLINDRICAL_SURFACE('',#8563,3.E-02);
#8563 = AXIS2_PLACEMENT_3D('',#8564,#8565,#8566);
#8564 = CARTESIAN_POINT('',(-0.5,0.34,6.E-02));
#8565 = DIRECTION('',(1.,0.,0.));
#8566 = DIRECTION('',(-0.,1.,0.));
#8567 = ADVANCED_FACE('',(#8568),#8586,.T.);
#8568 = FACE_BOUND('',#8569,.T.);
#8569 = EDGE_LOOP('',(#8570,#8578,#8579,#8580));
#8570 = ORIENTED_EDGE('',*,*,#8571,.F.);
#8571 = EDGE_CURVE('',#8547,#8572,#8574,.T.);
#8572 = VERTEX_POINT('',#8573);
#8573 = CARTESIAN_POINT('',(0.5,0.37,0.74));
#8574 = LINE('',#8575,#8576);
#8575 = CARTESIAN_POINT('',(0.5,0.37,3.E-02));
#8576 = VECTOR('',#8577,1.);
#8577 = DIRECTION('',(0.,0.,1.));
#8578 = ORIENTED_EDGE('',*,*,#8546,.F.);
#8579 = ORIENTED_EDGE('',*,*,#8459,.T.);
#8580 = ORIENTED_EDGE('',*,*,#8581,.T.);
#8581 = EDGE_CURVE('',#8451,#8572,#8582,.T.);
#8582 = LINE('',#8583,#8584);
#8583 = CARTESIAN_POINT('',(-0.5,0.37,0.74));
#8584 = VECTOR('',#8585,1.);
#8585 = DIRECTION('',(1.,0.,0.));
#8586 = PLANE('',#8587);
#8587 = AXIS2_PLACEMENT_3D('',#8588,#8589,#8590);
#8588 = CARTESIAN_POINT('',(-0.5,0.37,3.E-02));
#8589 = DIRECTION('',(0.,1.,0.));
#8590 = DIRECTION('',(0.,-0.,1.));
#8591 = ADVANCED_FACE('',(#8592),#8611,.T.);
#8592 = FACE_BOUND('',#8593,.T.);
#8593 = EDGE_LOOP('',(#8594,#8595,#8603,#8610));
#8594 = ORIENTED_EDGE('',*,*,#8450,.T.);
#8595 = ORIENTED_EDGE('',*,*,#8596,.T.);
#8596 = EDGE_CURVE('',#8443,#8597,#8599,.T.);
#8597 = VERTEX_POINT('',#8598);
#8598 = CARTESIAN_POINT('',(0.5,0.34,0.77));
#8599 = LINE('',#8600,#8601);
#8600 = CARTESIAN_POINT('',(-0.5,0.34,0.77));
#8601 = VECTOR('',#8602,1.);
#8602 = DIRECTION('',(1.,0.,0.));
#8603 = ORIENTED_EDGE('',*,*,#8604,.F.);
#8604 = EDGE_CURVE('',#8572,#8597,#8605,.T.);
#8605 = CIRCLE('',#8606,3.E-02);
#8606 = AXIS2_PLACEMENT_3D('',#8607,#8608,#8609);
#8607 = CARTESIAN_POINT('',(0.5,0.34,0.74));
#8608 = DIRECTION('',(1.,0.,-0.));
#8609 = DIRECTION('',(0.,0.,1.));
#8610 = ORIENTED_EDGE('',*,*,#8581,.F.);
#8611 = CYLINDRICAL_SURFACE('',#8612,3.E-02);
#8612 = AXIS2_PLACEMENT_3D('',#8613,#8614,#8615);
#8613 = CARTESIAN_POINT('',(-0.5,0.34,0.74));
#8614 = DIRECTION('',(1.,0.,0.));
#8615 = DIRECTION('',(-0.,1.,0.));
#8616 = ADVANCED_FACE('',(#8617),#8635,.T.);
#8617 = FACE_BOUND('',#8618,.T.);
#8618 = EDGE_LOOP('',(#8619,#8620,#8628,#8634));
#8619 = ORIENTED_EDGE('',*,*,#8442,.F.);
#8620 = ORIENTED_EDGE('',*,*,#8621,.T.);
#8621 = EDGE_CURVE('',#8434,#8622,#8624,.T.);
#8622 = VERTEX_POINT('',#8623);
#8623 = CARTESIAN_POINT('',(0.5,-0.34,0.77));
#8624 = LINE('',#8625,#8626);
#8625 = CARTESIAN_POINT('',(-0.5,-0.34,0.77));
#8626 = VECTOR('',#8627,1.);
#8627 = DIRECTION('',(1.,0.,0.));
#8628 = ORIENTED_EDGE('',*,*,#8629,.T.);
#8629 = EDGE_CURVE('',#8622,#8597,#8630,.T.);
#8630 = LINE('',#8631,#8632);
#8631 = CARTESIAN_POINT('',(0.5,-0.37,0.77));
#8632 = VECTOR('',#8633,1.);
#8633 = DIRECTION('',(0.,1.,0.));
#8634 = ORIENTED_EDGE('',*,*,#8596,.F.);
#8635 = PLANE('',#8636);
#8636 = AXIS2_PLACEMENT_3D('',#8637,#8638,#8639);
#8637 = CARTESIAN_POINT('',(-0.5,-0.37,0.77));
#8638 = DIRECTION('',(0.,0.,1.));
#8639 = DIRECTION('',(1.,0.,-0.));
#8640 = ADVANCED_FACE('',(#8641),#8660,.T.);
#8641 = FACE_BOUND('',#8642,.T.);
#8642 = EDGE_LOOP('',(#8643,#8651,#8658,#8659));
#8643 = ORIENTED_EDGE('',*,*,#8644,.T.);
#8644 = EDGE_CURVE('',#8426,#8645,#8647,.T.);
#8645 = VERTEX_POINT('',#8646);
#8646 = CARTESIAN_POINT('',(0.5,-0.37,0.74));
#8647 = LINE('',#8648,#8649);
#8648 = CARTESIAN_POINT('',(-0.5,-0.37,0.74));
#8649 = VECTOR('',#8650,1.);
#8650 = DIRECTION('',(1.,0.,0.));
#8651 = ORIENTED_EDGE('',*,*,#8652,.T.);
#8652 = EDGE_CURVE('',#8645,#8622,#8653,.T.);
#8653 = CIRCLE('',#8654,3.E-02);
#8654 = AXIS2_PLACEMENT_3D('',#8655,#8656,#8657);
#8655 = CARTESIAN_POINT('',(0.5,-0.34,0.74));
#8656 = DIRECTION('',(-1.,0.,0.));
#8657 = DIRECTION('',(0.,0.,1.));
#8658 = ORIENTED_EDGE('',*,*,#8621,.F.);
#8659 = ORIENTED_EDGE('',*,*,#8433,.F.);
#8660 = CYLINDRICAL_SURFACE('',#8661,3.E-02);
#8661 = AXIS2_PLACEMENT_3D('',#8662,#8663,#8664);
#8662 = CARTESIAN_POINT('',(-0.5,-0.34,0.74));
#8663 = DIRECTION('',(1.,0.,0.));
#8664 = DIRECTION('',(0.,-1.,0.));
#8665 = ADVANCED_FACE('',(#8666),#8677,.F.);
#8666 = FACE_BOUND('',#8667,.F.);
#8667 = EDGE_LOOP('',(#8668,#8674,#8675,#8676));
#8668 = ORIENTED_EDGE('',*,*,#8669,.F.);
#8669 = EDGE_CURVE('',#8500,#8645,#8670,.T.);
#8670 = LINE('',#8671,#8672);
#8671 = CARTESIAN_POINT('',(0.5,-0.37,3.E-02));
#8672 = VECTOR('',#8673,1.);
#8673 = DIRECTION('',(0.,0.,1.));
#8674 = ORIENTED_EDGE('',*,*,#8508,.F.);
#8675 = ORIENTED_EDGE('',*,*,#8425,.T.);
#8676 = ORIENTED_EDGE('',*,*,#8644,.T.);
#8677 = PLANE('',#8678);
#8678 = AXIS2_PLACEMENT_3D('',#8679,#8680,#8681);
#8679 = CARTESIAN_POINT('',(-0.5,-0.37,3.E-02));
#8680 = DIRECTION('',(0.,1.,0.));
#8681 = DIRECTION('',(0.,-0.,1.));
#8682 = ADVANCED_FACE('',(#8683,#8753),#8763,.F.);
#8683 = FACE_BOUND('',#8684,.F.);
#8684 = EDGE_LOOP('',(#8685,#8695,#8704,#8712,#8721,#8729,#8738,#8746));
#8685 = ORIENTED_EDGE('',*,*,#8686,.F.);
#8686 = EDGE_CURVE('',#8687,#8689,#8691,.T.);
#8687 = VERTEX_POINT('',#8688);
#8688 = CARTESIAN_POINT('',(0.5,-0.4,3.E-02));
#8689 = VERTEX_POINT('',#8690);
#8690 = CARTESIAN_POINT('',(0.5,-0.4,0.77));
#8691 = LINE('',#8692,#8693);
#8692 = CARTESIAN_POINT('',(0.5,-0.4,0.));
#8693 = VECTOR('',#8694,1.);
#8694 = DIRECTION('',(0.,0.,1.));
#8695 = ORIENTED_EDGE('',*,*,#8696,.T.);
#8696 = EDGE_CURVE('',#8687,#8697,#8699,.T.);
#8697 = VERTEX_POINT('',#8698);
#8698 = CARTESIAN_POINT('',(0.5,-0.37,0.));
#8699 = CIRCLE('',#8700,3.E-02);
#8700 = AXIS2_PLACEMENT_3D('',#8701,#8702,#8703);
#8701 = CARTESIAN_POINT('',(0.5,-0.37,3.E-02));
#8702 = DIRECTION('',(1.,0.,-0.));
#8703 = DIRECTION('',(0.,0.,1.));
#8704 = ORIENTED_EDGE('',*,*,#8705,.T.);
#8705 = EDGE_CURVE('',#8697,#8706,#8708,.T.);
#8706 = VERTEX_POINT('',#8707);
#8707 = CARTESIAN_POINT('',(0.5,0.37,0.));
#8708 = LINE('',#8709,#8710);
#8709 = CARTESIAN_POINT('',(0.5,-0.4,0.));
#8710 = VECTOR('',#8711,1.);
#8711 = DIRECTION('',(0.,1.,0.));
#8712 = ORIENTED_EDGE('',*,*,#8713,.F.);
#8713 = EDGE_CURVE('',#8714,#8706,#8716,.T.);
#8714 = VERTEX_POINT('',#8715);
#8715 = CARTESIAN_POINT('',(0.5,0.4,3.E-02));
#8716 = CIRCLE('',#8717,3.E-02);
#8717 = AXIS2_PLACEMENT_3D('',#8718,#8719,#8720);
#8718 = CARTESIAN_POINT('',(0.5,0.37,3.E-02));
#8719 = DIRECTION('',(-1.,0.,0.));
#8720 = DIRECTION('',(0.,0.,1.));
#8721 = ORIENTED_EDGE('',*,*,#8722,.T.);
#8722 = EDGE_CURVE('',#8714,#8723,#8725,.T.);
#8723 = VERTEX_POINT('',#8724);
#8724 = CARTESIAN_POINT('',(0.5,0.4,0.77));
#8725 = LINE('',#8726,#8727);
#8726 = CARTESIAN_POINT('',(0.5,0.4,0.));
#8727 = VECTOR('',#8728,1.);
#8728 = DIRECTION('',(0.,0.,1.));
#8729 = ORIENTED_EDGE('',*,*,#8730,.T.);
#8730 = EDGE_CURVE('',#8723,#8731,#8733,.T.);
#8731 = VERTEX_POINT('',#8732);
#8732 = CARTESIAN_POINT('',(0.5,0.37,0.8));
#8733 = CIRCLE('',#8734,3.E-02);
#8734 = AXIS2_PLACEMENT_3D('',#8735,#8736,#8737);
#8735 = CARTESIAN_POINT('',(0.5,0.37,0.77));
#8736 = DIRECTION('',(1.,0.,-0.));
#8737 = DIRECTION('',(0.,0.,1.));
#8738 = ORIENTED_EDGE('',*,*,#8739,.F.);
#8739 = EDGE_CURVE('',#8740,#8731,#8742,.T.);
#8740 = VERTEX_POINT('',#8741);
#8741 = CARTESIAN_POINT('',(0.5,-0.37,0.8));
#8742 = LINE('',#8743,#8744);
#8743 = CARTESIAN_POINT('',(0.5,-0.4,0.8));
#8744 = VECTOR('',#8745,1.);
#8745 = DIRECTION('',(0.,1.,0.));
#8746 = ORIENTED_EDGE('',*,*,#8747,.F.);
#8747 = EDGE_CURVE('',#8689,#8740,#8748,.T.);
#8748 = CIRCLE('',#8749,3.E-02);
#8749 = AXIS2_PLACEMENT_3D('',#8750,#8751,#8752);
#8750 = CARTESIAN_POINT('',(0.5,-0.37,0.77));
#8751 = DIRECTION('',(-1.,0.,0.));
#8752 = DIRECTION('',(0.,0.,1.));
#8753 = FACE_BOUND('',#8754,.F.);
#8754 = EDGE_LOOP('',(#8755,#8756,#8757,#8758,#8759,#8760,#8761,#8762));
#8755 = ORIENTED_EDGE('',*,*,#8499,.F.);
#8756 = ORIENTED_EDGE('',*,*,#8669,.T.);
#8757 = ORIENTED_EDGE('',*,*,#8652,.T.);
#8758 = ORIENTED_EDGE('',*,*,#8629,.T.);
#8759 = ORIENTED_EDGE('',*,*,#8604,.F.);
#8760 = ORIENTED_EDGE('',*,*,#8571,.F.);
#8761 = ORIENTED_EDGE('',*,*,#8554,.T.);
#8762 = ORIENTED_EDGE('',*,*,#8524,.F.);
#8763 = PLANE('',#8764);
#8764 = AXIS2_PLACEMENT_3D('',#8765,#8766,#8767);
#8765 = CARTESIAN_POINT('',(0.5,-0.4,0.));
#8766 = DIRECTION('',(1.,0.,0.));
#8767 = DIRECTION('',(0.,0.,1.));
#8768 = ADVANCED_FACE('',(#8769),#8794,.F.);
#8769 = FACE_BOUND('',#8770,.F.);
#8770 = EDGE_LOOP('',(#8771,#8781,#8787,#8788));
#8771 = ORIENTED_EDGE('',*,*,#8772,.F.);
#8772 = EDGE_CURVE('',#8773,#8775,#8777,.T.);
#8773 = VERTEX_POINT('',#8774);
#8774 = CARTESIAN_POINT('',(0.8,-0.4,3.E-02));
#8775 = VERTEX_POINT('',#8776);
#8776 = CARTESIAN_POINT('',(0.8,-0.4,0.77));
#8777 = LINE('',#8778,#8779);
#8778 = CARTESIAN_POINT('',(0.8,-0.4,0.));
#8779 = VECTOR('',#8780,1.);
#8780 = DIRECTION('',(0.,0.,1.));
#8781 = ORIENTED_EDGE('',*,*,#8782,.F.);
#8782 = EDGE_CURVE('',#8687,#8773,#8783,.T.);
#8783 = LINE('',#8784,#8785);
#8784 = CARTESIAN_POINT('',(0.5,-0.4,3.E-02));
#8785 = VECTOR('',#8786,1.);
#8786 = DIRECTION('',(1.,0.,0.));
#8787 = ORIENTED_EDGE('',*,*,#8686,.T.);
#8788 = ORIENTED_EDGE('',*,*,#8789,.T.);
#8789 = EDGE_CURVE('',#8689,#8775,#8790,.T.);
#8790 = LINE('',#8791,#8792);
#8791 = CARTESIAN_POINT('',(0.5,-0.4,0.77));
#8792 = VECTOR('',#8793,1.);
#8793 = DIRECTION('',(1.,0.,0.));
#8794 = PLANE('',#8795);
#8795 = AXIS2_PLACEMENT_3D('',#8796,#8797,#8798);
#8796 = CARTESIAN_POINT('',(0.5,-0.4,0.));
#8797 = DIRECTION('',(0.,1.,0.));
#8798 = DIRECTION('',(0.,-0.,1.));
#8799 = ADVANCED_FACE('',(#8800),#8819,.T.);
#8800 = FACE_BOUND('',#8801,.T.);
#8801 = EDGE_LOOP('',(#8802,#8803,#8811,#8818));
#8802 = ORIENTED_EDGE('',*,*,#8696,.T.);
#8803 = ORIENTED_EDGE('',*,*,#8804,.T.);
#8804 = EDGE_CURVE('',#8697,#8805,#8807,.T.);
#8805 = VERTEX_POINT('',#8806);
#8806 = CARTESIAN_POINT('',(0.8,-0.37,0.));
#8807 = LINE('',#8808,#8809);
#8808 = CARTESIAN_POINT('',(0.5,-0.37,0.));
#8809 = VECTOR('',#8810,1.);
#8810 = DIRECTION('',(1.,0.,0.));
#8811 = ORIENTED_EDGE('',*,*,#8812,.F.);
#8812 = EDGE_CURVE('',#8773,#8805,#8813,.T.);
#8813 = CIRCLE('',#8814,3.E-02);
#8814 = AXIS2_PLACEMENT_3D('',#8815,#8816,#8817);
#8815 = CARTESIAN_POINT('',(0.8,-0.37,3.E-02));
#8816 = DIRECTION('',(1.,0.,-0.));
#8817 = DIRECTION('',(0.,0.,1.));
#8818 = ORIENTED_EDGE('',*,*,#8782,.F.);
#8819 = CYLINDRICAL_SURFACE('',#8820,3.E-02);
#8820 = AXIS2_PLACEMENT_3D('',#8821,#8822,#8823);
#8821 = CARTESIAN_POINT('',(0.5,-0.37,3.E-02));
#8822 = DIRECTION('',(1.,0.,0.));
#8823 = DIRECTION('',(0.,-1.,0.));
#8824 = ADVANCED_FACE('',(#8825),#8844,.T.);
#8825 = FACE_BOUND('',#8826,.T.);
#8826 = EDGE_LOOP('',(#8827,#8828,#8837,#8843));
#8827 = ORIENTED_EDGE('',*,*,#8789,.T.);
#8828 = ORIENTED_EDGE('',*,*,#8829,.T.);
#8829 = EDGE_CURVE('',#8775,#8830,#8832,.T.);
#8830 = VERTEX_POINT('',#8831);
#8831 = CARTESIAN_POINT('',(0.8,-0.37,0.8));
#8832 = CIRCLE('',#8833,3.E-02);
#8833 = AXIS2_PLACEMENT_3D('',#8834,#8835,#8836);
#8834 = CARTESIAN_POINT('',(0.8,-0.37,0.77));
#8835 = DIRECTION('',(-1.,0.,0.));
#8836 = DIRECTION('',(0.,0.,1.));
#8837 = ORIENTED_EDGE('',*,*,#8838,.F.);
#8838 = EDGE_CURVE('',#8740,#8830,#8839,.T.);
#8839 = LINE('',#8840,#8841);
#8840 = CARTESIAN_POINT('',(0.5,-0.37,0.8));
#8841 = VECTOR('',#8842,1.);
#8842 = DIRECTION('',(1.,0.,0.));
#8843 = ORIENTED_EDGE('',*,*,#8747,.F.);
#8844 = CYLINDRICAL_SURFACE('',#8845,3.E-02);
#8845 = AXIS2_PLACEMENT_3D('',#8846,#8847,#8848);
#8846 = CARTESIAN_POINT('',(0.5,-0.37,0.77));
#8847 = DIRECTION('',(1.,0.,0.));
#8848 = DIRECTION('',(0.,-1.,0.));
#8849 = ADVANCED_FACE('',(#8850),#8868,.F.);
#8850 = FACE_BOUND('',#8851,.F.);
#8851 = EDGE_LOOP('',(#8852,#8853,#8854,#8862));
#8852 = ORIENTED_EDGE('',*,*,#8705,.F.);
#8853 = ORIENTED_EDGE('',*,*,#8804,.T.);
#8854 = ORIENTED_EDGE('',*,*,#8855,.T.);
#8855 = EDGE_CURVE('',#8805,#8856,#8858,.T.);
#8856 = VERTEX_POINT('',#8857);
#8857 = CARTESIAN_POINT('',(0.8,0.37,0.));
#8858 = LINE('',#8859,#8860);
#8859 = CARTESIAN_POINT('',(0.8,-0.4,0.));
#8860 = VECTOR('',#8861,1.);
#8861 = DIRECTION('',(0.,1.,0.));
#8862 = ORIENTED_EDGE('',*,*,#8863,.F.);
#8863 = EDGE_CURVE('',#8706,#8856,#8864,.T.);
#8864 = LINE('',#8865,#8866);
#8865 = CARTESIAN_POINT('',(0.5,0.37,0.));
#8866 = VECTOR('',#8867,1.);
#8867 = DIRECTION('',(1.,0.,0.));
#8868 = PLANE('',#8869);
#8869 = AXIS2_PLACEMENT_3D('',#8870,#8871,#8872);
#8870 = CARTESIAN_POINT('',(0.5,-0.4,0.));
#8871 = DIRECTION('',(0.,0.,1.));
#8872 = DIRECTION('',(1.,0.,-0.));
#8873 = ADVANCED_FACE('',(#8874),#8892,.T.);
#8874 = FACE_BOUND('',#8875,.T.);
#8875 = EDGE_LOOP('',(#8876,#8877,#8878,#8886));
#8876 = ORIENTED_EDGE('',*,*,#8739,.F.);
#8877 = ORIENTED_EDGE('',*,*,#8838,.T.);
#8878 = ORIENTED_EDGE('',*,*,#8879,.T.);
#8879 = EDGE_CURVE('',#8830,#8880,#8882,.T.);
#8880 = VERTEX_POINT('',#8881);
#8881 = CARTESIAN_POINT('',(0.8,0.37,0.8));
#8882 = LINE('',#8883,#8884);
#8883 = CARTESIAN_POINT('',(0.8,-0.4,0.8));
#8884 = VECTOR('',#8885,1.);
#8885 = DIRECTION('',(0.,1.,0.));
#8886 = ORIENTED_EDGE('',*,*,#8887,.F.);
#8887 = EDGE_CURVE('',#8731,#8880,#8888,.T.);
#8888 = LINE('',#8889,#8890);
#8889 = CARTESIAN_POINT('',(0.5,0.37,0.8));
#8890 = VECTOR('',#8891,1.);
#8891 = DIRECTION('',(1.,0.,0.));
#8892 = PLANE('',#8893);
#8893 = AXIS2_PLACEMENT_3D('',#8894,#8895,#8896);
#8894 = CARTESIAN_POINT('',(0.5,-0.4,0.8));
#8895 = DIRECTION('',(0.,0.,1.));
#8896 = DIRECTION('',(1.,0.,-0.));
#8897 = ADVANCED_FACE('',(#8898),#8917,.T.);
#8898 = FACE_BOUND('',#8899,.T.);
#8899 = EDGE_LOOP('',(#8900,#8908,#8915,#8916));
#8900 = ORIENTED_EDGE('',*,*,#8901,.T.);
#8901 = EDGE_CURVE('',#8714,#8902,#8904,.T.);
#8902 = VERTEX_POINT('',#8903);
#8903 = CARTESIAN_POINT('',(0.8,0.4,3.E-02));
#8904 = LINE('',#8905,#8906);
#8905 = CARTESIAN_POINT('',(0.5,0.4,3.E-02));
#8906 = VECTOR('',#8907,1.);
#8907 = DIRECTION('',(1.,0.,0.));
#8908 = ORIENTED_EDGE('',*,*,#8909,.T.);
#8909 = EDGE_CURVE('',#8902,#8856,#8910,.T.);
#8910 = CIRCLE('',#8911,3.E-02);
#8911 = AXIS2_PLACEMENT_3D('',#8912,#8913,#8914);
#8912 = CARTESIAN_POINT('',(0.8,0.37,3.E-02));
#8913 = DIRECTION('',(-1.,0.,0.));
#8914 = DIRECTION('',(0.,0.,1.));
#8915 = ORIENTED_EDGE('',*,*,#8863,.F.);
#8916 = ORIENTED_EDGE('',*,*,#8713,.F.);
#8917 = CYLINDRICAL_SURFACE('',#8918,3.E-02);
#8918 = AXIS2_PLACEMENT_3D('',#8919,#8920,#8921);
#8919 = CARTESIAN_POINT('',(0.5,0.37,3.E-02));
#8920 = DIRECTION('',(1.,0.,0.));
#8921 = DIRECTION('',(-0.,1.,0.));
#8922 = ADVANCED_FACE('',(#8923),#8942,.T.);
#8923 = FACE_BOUND('',#8924,.T.);
#8924 = EDGE_LOOP('',(#8925,#8926,#8927,#8936));
#8925 = ORIENTED_EDGE('',*,*,#8730,.T.);
#8926 = ORIENTED_EDGE('',*,*,#8887,.T.);
#8927 = ORIENTED_EDGE('',*,*,#8928,.F.);
#8928 = EDGE_CURVE('',#8929,#8880,#8931,.T.);
#8929 = VERTEX_POINT('',#8930);
#8930 = CARTESIAN_POINT('',(0.8,0.4,0.77));
#8931 = CIRCLE('',#8932,3.E-02);
#8932 = AXIS2_PLACEMENT_3D('',#8933,#8934,#8935);
#8933 = CARTESIAN_POINT('',(0.8,0.37,0.77));
#8934 = DIRECTION('',(1.,0.,-0.));
#8935 = DIRECTION('',(0.,0.,1.));
#8936 = ORIENTED_EDGE('',*,*,#8937,.F.);
#8937 = EDGE_CURVE('',#8723,#8929,#8938,.T.);
#8938 = LINE('',#8939,#8940);
#8939 = CARTESIAN_POINT('',(0.5,0.4,0.77));
#8940 = VECTOR('',#8941,1.);
#8941 = DIRECTION('',(1.,0.,0.));
#8942 = CYLINDRICAL_SURFACE('',#8943,3.E-02);
#8943 = AXIS2_PLACEMENT_3D('',#8944,#8945,#8946);
#8944 = CARTESIAN_POINT('',(0.5,0.37,0.77));
#8945 = DIRECTION('',(1.,0.,0.));
#8946 = DIRECTION('',(-0.,1.,0.));
#8947 = ADVANCED_FACE('',(#8948),#8959,.T.);
#8948 = FACE_BOUND('',#8949,.T.);
#8949 = EDGE_LOOP('',(#8950,#8956,#8957,#8958));
#8950 = ORIENTED_EDGE('',*,*,#8951,.F.);
#8951 = EDGE_CURVE('',#8902,#8929,#8952,.T.);
#8952 = LINE('',#8953,#8954);
#8953 = CARTESIAN_POINT('',(0.8,0.4,0.));
#8954 = VECTOR('',#8955,1.);
#8955 = DIRECTION('',(0.,0.,1.));
#8956 = ORIENTED_EDGE('',*,*,#8901,.F.);
#8957 = ORIENTED_EDGE('',*,*,#8722,.T.);
#8958 = ORIENTED_EDGE('',*,*,#8937,.T.);
#8959 = PLANE('',#8960);
#8960 = AXIS2_PLACEMENT_3D('',#8961,#8962,#8963);
#8961 = CARTESIAN_POINT('',(0.5,0.4,0.));
#8962 = DIRECTION('',(0.,1.,0.));
#8963 = DIRECTION('',(0.,-0.,1.));
#8964 = ADVANCED_FACE('',(#8965),#8975,.T.);
#8965 = FACE_BOUND('',#8966,.T.);
#8966 = EDGE_LOOP('',(#8967,#8968,#8969,#8970,#8971,#8972,#8973,#8974));
#8967 = ORIENTED_EDGE('',*,*,#8772,.F.);
#8968 = ORIENTED_EDGE('',*,*,#8812,.T.);
#8969 = ORIENTED_EDGE('',*,*,#8855,.T.);
#8970 = ORIENTED_EDGE('',*,*,#8909,.F.);
#8971 = ORIENTED_EDGE('',*,*,#8951,.T.);
#8972 = ORIENTED_EDGE('',*,*,#8928,.T.);
#8973 = ORIENTED_EDGE('',*,*,#8879,.F.);
#8974 = ORIENTED_EDGE('',*,*,#8829,.F.);
#8975 = PLANE('',#8976);
#8976 = AXIS2_PLACEMENT_3D('',#8977,#8978,#8979);
#8977 = CARTESIAN_POINT('',(0.8,-0.4,0.));
#8978 = DIRECTION('',(1.,0.,0.));
#8979 = DIRECTION('',(0.,0.,1.));
#8980 = ( GEOMETRIC_REPRESENTATION_CONTEXT(3) 
GLOBAL_UNCERTAINTY_ASSIGNED_CONTEXT((#8984)) 
GLOBAL_UNIT_ASSIGNED_CONTEXT((#8981,#8982,#8983)) REPRESENTATION_CONTEXT
('Context #1','3D Context with UNIT and UNCERTAINTY') );
#8981 = ( LENGTH_UNIT() NAMED_UNIT(*) SI_UNIT(.MILLI.,.METRE.) );
#8982 = ( NAMED_UNIT(*) PLANE_ANGLE_UNIT() SI_UNIT($,.RADIAN.) );
#8983 = ( NAMED_UNIT(*) SI_UNIT($,.STERADIAN.) SOLID_ANGLE_UNIT() );
#8984 = UNCERTAINTY_MEASURE_WITH_UNIT(LENGTH_MEASURE(1.E-07),#8981,
  'distance_accuracy_value','confusion accuracy');
#8985 = CONTEXT_DEPENDENT_SHAPE_REPRESENTATION(#8986,#8988);
#8986 = ( REPRESENTATION_RELATIONSHIP('','',#8125,#8102) 
REPRESENTATION_RELATIONSHIP_WITH_TRANSFORMATION(#8987) 
SHAPE_REPRESENTATION_RELATIONSHIP() );
#8987 = ITEM_DEFINED_TRANSFORMATION('','',#11,#8103);
#8988 = PRODUCT_DEFINITION_SHAPE('Placement','Placement of an item',
  #8989);
#8989 = NEXT_ASSEMBLY_USAGE_OCCURRENCE('20','=>[0:1:1:15]','',#8097,
  #8120,$);
#8990 = PRODUCT_RELATED_PRODUCT_CATEGORY('part',$,(#8122));
#8991 = CONTEXT_DEPENDENT_SHAPE_REPRESENTATION(#8992,#8994);
#8992 = ( REPRESENTATION_RELATIONSHIP('','',#8102,#10) 
REPRESENTATION_RELATIONSHIP_WITH_TRANSFORMATION(#8993) 
SHAPE_REPRESENTATION_RELATIONSHIP() );
#8993 = ITEM_DEFINED_TRANSFORMATION('','',#11,#71);
#8994 = PRODUCT_DEFINITION_SHAPE('Placement','Placement of an item',
  #8995);
#8995 = NEXT_ASSEMBLY_USAGE_OCCURRENCE('22','C2','',#5,#8097,$);
#8996 = CONTEXT_DEPENDENT_SHAPE_REPRESENTATION(#8997,#8999);
#8997 = ( REPRESENTATION_RELATIONSHIP('','',#124,#10) 
REPRESENTATION_RELATIONSHIP_WITH_TRANSFORMATION(#8998) 
SHAPE_REPRESENTATION_RELATIONSHIP() );
#8998 = ITEM_DEFINED_TRANSFORMATION('','',#11,#75);
#8999 = PRODUCT_DEFINITION_SHAPE('Placement','Placement of an item',
  #9000);
#9000 = NEXT_ASSEMBLY_USAGE_OCCURRENCE('23','C11','',#5,#119,$);
#9001 = CONTEXT_DEPENDENT_SHAPE_REPRESENTATION(#9002,#9004);
#9002 = ( REPRESENTATION_RELATIONSHIP('','',#124,#10) 
REPRESENTATION_RELATIONSHIP_WITH_TRANSFORMATION(#9003) 
SHAPE_REPRESENTATION_RELATIONSHIP() );
#9003 = ITEM_DEFINED_TRANSFORMATION('','',#11,#79);
#9004 = PRODUCT_DEFINITION_SHAPE('Placement','Placement of an item',
  #9005);
#9005 = NEXT_ASSEMBLY_USAGE_OCCURRENCE('24','C10','',#5,#119,$);
#9006 = CONTEXT_DEPENDENT_SHAPE_REPRESENTATION(#9007,#9009);
#9007 = ( REPRESENTATION_RELATIONSHIP('','',#5675,#10) 
REPRESENTATION_RELATIONSHIP_WITH_TRANSFORMATION(#9008) 
SHAPE_REPRESENTATION_RELATIONSHIP() );
#9008 = ITEM_DEFINED_TRANSFORMATION('','',#11,#83);
#9009 = PRODUCT_DEFINITION_SHAPE('Placement','Placement of an item',
  #9010);
#9010 = NEXT_ASSEMBLY_USAGE_OCCURRENCE('25','R2','',#5,#5670,$);
#9011 = CONTEXT_DEPENDENT_SHAPE_REPRESENTATION(#9012,#9014);
#9012 = ( REPRESENTATION_RELATIONSHIP('','',#5675,#10) 
REPRESENTATION_RELATIONSHIP_WITH_TRANSFORMATION(#9013) 
SHAPE_REPRESENTATION_RELATIONSHIP() );
#9013 = ITEM_DEFINED_TRANSFORMATION('','',#11,#87);
#9014 = PRODUCT_DEFINITION_SHAPE('Placement','Placement of an item',
  #9015);
#9015 = NEXT_ASSEMBLY_USAGE_OCCURRENCE('26','R3','',#5,#5670,$);
#9016 = CONTEXT_DEPENDENT_SHAPE_REPRESENTATION(#9017,#9019);
#9017 = ( REPRESENTATION_RELATIONSHIP('','',#124,#10) 
REPRESENTATION_RELATIONSHIP_WITH_TRANSFORMATION(#9018) 
SHAPE_REPRESENTATION_RELATIONSHIP() );
#9018 = ITEM_DEFINED_TRANSFORMATION('','',#11,#91);
#9019 = PRODUCT_DEFINITION_SHAPE('Placement','Placement of an item',
  #9020);
#9020 = NEXT_ASSEMBLY_USAGE_OCCURRENCE('27','C6','',#5,#119,$);
#9021 = CONTEXT_DEPENDENT_SHAPE_REPRESENTATION(#9022,#9024);
#9022 = ( REPRESENTATION_RELATIONSHIP('','',#3945,#10) 
REPRESENTATION_RELATIONSHIP_WITH_TRANSFORMATION(#9023) 
SHAPE_REPRESENTATION_RELATIONSHIP() );
#9023 = ITEM_DEFINED_TRANSFORMATION('','',#11,#95);
#9024 = PRODUCT_DEFINITION_SHAPE('Placement','Placement of an item',
  #9025);
#9025 = NEXT_ASSEMBLY_USAGE_OCCURRENCE('28','D2','',#5,#3940,$);
#9026 = CONTEXT_DEPENDENT_SHAPE_REPRESENTATION(#9027,#9029);
#9027 = ( REPRESENTATION_RELATIONSHIP('','',#124,#10) 
REPRESENTATION_RELATIONSHIP_WITH_TRANSFORMATION(#9028) 
SHAPE_REPRESENTATION_RELATIONSHIP() );
#9028 = ITEM_DEFINED_TRANSFORMATION('','',#11,#99);
#9029 = PRODUCT_DEFINITION_SHAPE('Placement','Placement of an item',
  #9030);
#9030 = NEXT_ASSEMBLY_USAGE_OCCURRENCE('29','C1','',#5,#119,$);
#9031 = CONTEXT_DEPENDENT_SHAPE_REPRESENTATION(#9032,#9034);
#9032 = ( REPRESENTATION_RELATIONSHIP('','',#124,#10) 
REPRESENTATION_RELATIONSHIP_WITH_TRANSFORMATION(#9033) 
SHAPE_REPRESENTATION_RELATIONSHIP() );
#9033 = ITEM_DEFINED_TRANSFORMATION('','',#11,#103);
#9034 = PRODUCT_DEFINITION_SHAPE('Placement','Placement of an item',
  #9035);
#9035 = NEXT_ASSEMBLY_USAGE_OCCURRENCE('30','C9','',#5,#119,$);
#9036 = SHAPE_DEFINITION_REPRESENTATION(#9037,#9043);
#9037 = PRODUCT_DEFINITION_SHAPE('','',#9038);
#9038 = PRODUCT_DEFINITION('design','',#9039,#9042);
#9039 = PRODUCT_DEFINITION_FORMATION('','',#9040);
#9040 = PRODUCT('lna_fm_98mhz_PCB','lna_fm_98mhz_PCB','',(#9041));
#9041 = PRODUCT_CONTEXT('',#2,'mechanical');
#9042 = PRODUCT_DEFINITION_CONTEXT('part definition',#2,'design');
#9043 = ADVANCED_BREP_SHAPE_REPRESENTATION('',(#11,#9044),#9568);
#9044 = MANIFOLD_SOLID_BREP('',#9045);
#9045 = CLOSED_SHELL('',(#9046,#9088,#9119,#9150,#9268,#9386,#9403,#9420
    ,#9437,#9454,#9466,#9483,#9500,#9517,#9534,#9551));
#9046 = ADVANCED_FACE('',(#9047),#9083,.T.);
#9047 = FACE_BOUND('',#9048,.T.);
#9048 = EDGE_LOOP('',(#9049,#9059,#9068,#9076));
#9049 = ORIENTED_EDGE('',*,*,#9050,.T.);
#9050 = EDGE_CURVE('',#9051,#9053,#9055,.T.);
#9051 = VERTEX_POINT('',#9052);
#9052 = CARTESIAN_POINT('',(31.,0.,0.));
#9053 = VERTEX_POINT('',#9054);
#9054 = CARTESIAN_POINT('',(31.,0.,1.51));
#9055 = LINE('',#9056,#9057);
#9056 = CARTESIAN_POINT('',(31.,0.,0.));
#9057 = VECTOR('',#9058,1.);
#9058 = DIRECTION('',(0.,0.,1.));
#9059 = ORIENTED_EDGE('',*,*,#9060,.T.);
#9060 = EDGE_CURVE('',#9053,#9061,#9063,.T.);
#9061 = VERTEX_POINT('',#9062);
#9062 = CARTESIAN_POINT('',(34.,-3.,1.51));
#9063 = CIRCLE('',#9064,2.999999465879);
#9064 = AXIS2_PLACEMENT_3D('',#9065,#9066,#9067);
#9065 = CARTESIAN_POINT('',(31.000000534121,-2.999999465879,1.51));
#9066 = DIRECTION('',(0.,0.,-1.));
#9067 = DIRECTION('',(-1.780403223569E-07,1.,0.));
#9068 = ORIENTED_EDGE('',*,*,#9069,.F.);
#9069 = EDGE_CURVE('',#9070,#9061,#9072,.T.);
#9070 = VERTEX_POINT('',#9071);
#9071 = CARTESIAN_POINT('',(34.,-3.,0.));
#9072 = LINE('',#9073,#9074);
#9073 = CARTESIAN_POINT('',(34.,-3.,0.));
#9074 = VECTOR('',#9075,1.);
#9075 = DIRECTION('',(0.,0.,1.));
#9076 = ORIENTED_EDGE('',*,*,#9077,.F.);
#9077 = EDGE_CURVE('',#9051,#9070,#9078,.T.);
#9078 = CIRCLE('',#9079,2.999999465879);
#9079 = AXIS2_PLACEMENT_3D('',#9080,#9081,#9082);
#9080 = CARTESIAN_POINT('',(31.000000534121,-2.999999465879,0.));
#9081 = DIRECTION('',(0.,0.,-1.));
#9082 = DIRECTION('',(-1.780403223569E-07,1.,0.));
#9083 = CYLINDRICAL_SURFACE('',#9084,2.999999465879);
#9084 = AXIS2_PLACEMENT_3D('',#9085,#9086,#9087);
#9085 = CARTESIAN_POINT('',(31.000000534121,-2.999999465879,0.));
#9086 = DIRECTION('',(0.,0.,-1.));
#9087 = DIRECTION('',(-1.780403223569E-07,1.,0.));
#9088 = ADVANCED_FACE('',(#9089),#9114,.T.);
#9089 = FACE_BOUND('',#9090,.T.);
#9090 = EDGE_LOOP('',(#9091,#9101,#9107,#9108));
#9091 = ORIENTED_EDGE('',*,*,#9092,.T.);
#9092 = EDGE_CURVE('',#9093,#9095,#9097,.T.);
#9093 = VERTEX_POINT('',#9094);
#9094 = CARTESIAN_POINT('',(3.,2.22044604925E-16,0.));
#9095 = VERTEX_POINT('',#9096);
#9096 = CARTESIAN_POINT('',(3.,2.22044604925E-16,1.51));
#9097 = LINE('',#9098,#9099);
#9098 = CARTESIAN_POINT('',(3.,2.22044604925E-16,0.));
#9099 = VECTOR('',#9100,1.);
#9100 = DIRECTION('',(0.,0.,1.));
#9101 = ORIENTED_EDGE('',*,*,#9102,.T.);
#9102 = EDGE_CURVE('',#9095,#9053,#9103,.T.);
#9103 = LINE('',#9104,#9105);
#9104 = CARTESIAN_POINT('',(3.,0.,1.51));
#9105 = VECTOR('',#9106,1.);
#9106 = DIRECTION('',(1.,0.,0.));
#9107 = ORIENTED_EDGE('',*,*,#9050,.F.);
#9108 = ORIENTED_EDGE('',*,*,#9109,.F.);
#9109 = EDGE_CURVE('',#9093,#9051,#9110,.T.);
#9110 = LINE('',#9111,#9112);
#9111 = CARTESIAN_POINT('',(3.,-0.,0.));
#9112 = VECTOR('',#9113,1.);
#9113 = DIRECTION('',(1.,0.,0.));
#9114 = PLANE('',#9115);
#9115 = AXIS2_PLACEMENT_3D('',#9116,#9117,#9118);
#9116 = CARTESIAN_POINT('',(3.,0.,0.));
#9117 = DIRECTION('',(0.,1.,0.));
#9118 = DIRECTION('',(1.,0.,0.));
#9119 = ADVANCED_FACE('',(#9120),#9145,.T.);
#9120 = FACE_BOUND('',#9121,.T.);
#9121 = EDGE_LOOP('',(#9122,#9123,#9131,#9139));
#9122 = ORIENTED_EDGE('',*,*,#9069,.T.);
#9123 = ORIENTED_EDGE('',*,*,#9124,.T.);
#9124 = EDGE_CURVE('',#9061,#9125,#9127,.T.);
#9125 = VERTEX_POINT('',#9126);
#9126 = CARTESIAN_POINT('',(34.,-26.,1.51));
#9127 = LINE('',#9128,#9129);
#9128 = CARTESIAN_POINT('',(34.,-3.,1.51));
#9129 = VECTOR('',#9130,1.);
#9130 = DIRECTION('',(0.,-1.,0.));
#9131 = ORIENTED_EDGE('',*,*,#9132,.F.);
#9132 = EDGE_CURVE('',#9133,#9125,#9135,.T.);
#9133 = VERTEX_POINT('',#9134);
#9134 = CARTESIAN_POINT('',(34.,-26.,0.));
#9135 = LINE('',#9136,#9137);
#9136 = CARTESIAN_POINT('',(34.,-26.,0.));
#9137 = VECTOR('',#9138,1.);
#9138 = DIRECTION('',(0.,0.,1.));
#9139 = ORIENTED_EDGE('',*,*,#9140,.F.);
#9140 = EDGE_CURVE('',#9070,#9133,#9141,.T.);
#9141 = LINE('',#9142,#9143);
#9142 = CARTESIAN_POINT('',(34.,-3.,0.));
#9143 = VECTOR('',#9144,1.);
#9144 = DIRECTION('',(0.,-1.,0.));
#9145 = PLANE('',#9146);
#9146 = AXIS2_PLACEMENT_3D('',#9147,#9148,#9149);
#9147 = CARTESIAN_POINT('',(34.,-3.,0.));
#9148 = DIRECTION('',(1.,0.,-0.));
#9149 = DIRECTION('',(0.,-1.,0.));
#9150 = ADVANCED_FACE('',(#9151,#9197,#9208,#9219,#9230,#9241,#9252),
  #9263,.F.);
#9151 = FACE_BOUND('',#9152,.F.);
#9152 = EDGE_LOOP('',(#9153,#9154,#9155,#9164,#9172,#9181,#9189,#9196));
#9153 = ORIENTED_EDGE('',*,*,#9077,.F.);
#9154 = ORIENTED_EDGE('',*,*,#9109,.F.);
#9155 = ORIENTED_EDGE('',*,*,#9156,.F.);
#9156 = EDGE_CURVE('',#9157,#9093,#9159,.T.);
#9157 = VERTEX_POINT('',#9158);
#9158 = CARTESIAN_POINT('',(2.22044604925E-16,-3.,0.));
#9159 = CIRCLE('',#9160,2.999997758775);
#9160 = AXIS2_PLACEMENT_3D('',#9161,#9162,#9163);
#9161 = CARTESIAN_POINT('',(2.999997758774,-2.999997758774,0.));
#9162 = DIRECTION('',(0.,0.,-1.));
#9163 = DIRECTION('',(-1.,-7.470757420593E-07,-0.));
#9164 = ORIENTED_EDGE('',*,*,#9165,.F.);
#9165 = EDGE_CURVE('',#9166,#9157,#9168,.T.);
#9166 = VERTEX_POINT('',#9167);
#9167 = CARTESIAN_POINT('',(-8.881784197001E-16,-26.,0.));
#9168 = LINE('',#9169,#9170);
#9169 = CARTESIAN_POINT('',(0.,-26.,0.));
#9170 = VECTOR('',#9171,1.);
#9171 = DIRECTION('',(0.,1.,0.));
#9172 = ORIENTED_EDGE('',*,*,#9173,.F.);
#9173 = EDGE_CURVE('',#9174,#9166,#9176,.T.);
#9174 = VERTEX_POINT('',#9175);
#9175 = CARTESIAN_POINT('',(3.,-29.,0.));
#9176 = CIRCLE('',#9177,2.999999465879);
#9177 = AXIS2_PLACEMENT_3D('',#9178,#9179,#9180);
#9178 = CARTESIAN_POINT('',(2.999999465879,-26.00000053412,0.));
#9179 = DIRECTION('',(0.,0.,-1.));
#9180 = DIRECTION('',(1.780403245773E-07,-1.,0.));
#9181 = ORIENTED_EDGE('',*,*,#9182,.F.);
#9182 = EDGE_CURVE('',#9183,#9174,#9185,.T.);
#9183 = VERTEX_POINT('',#9184);
#9184 = CARTESIAN_POINT('',(31.,-29.,0.));
#9185 = LINE('',#9186,#9187);
#9186 = CARTESIAN_POINT('',(31.,-29.,0.));
#9187 = VECTOR('',#9188,1.);
#9188 = DIRECTION('',(-1.,0.,0.));
#9189 = ORIENTED_EDGE('',*,*,#9190,.F.);
#9190 = EDGE_CURVE('',#9133,#9183,#9191,.T.);
#9191 = CIRCLE('',#9192,3.000001172987);
#9192 = AXIS2_PLACEMENT_3D('',#9193,#9194,#9195);
#9193 = CARTESIAN_POINT('',(30.999998827013,-25.99999882701,0.));
#9194 = DIRECTION('',(0.,0.,-1.));
#9195 = DIRECTION('',(1.,-3.909953639749E-07,0.));
#9196 = ORIENTED_EDGE('',*,*,#9140,.F.);
#9197 = FACE_BOUND('',#9198,.F.);
#9198 = EDGE_LOOP('',(#9199));
#9199 = ORIENTED_EDGE('',*,*,#9200,.T.);
#9200 = EDGE_CURVE('',#9201,#9201,#9203,.T.);
#9201 = VERTEX_POINT('',#9202);
#9202 = CARTESIAN_POINT('',(3.,-27.1,0.));
#9203 = CIRCLE('',#9204,1.1);
#9204 = AXIS2_PLACEMENT_3D('',#9205,#9206,#9207);
#9205 = CARTESIAN_POINT('',(3.,-26.,0.));
#9206 = DIRECTION('',(-0.,0.,-1.));
#9207 = DIRECTION('',(-0.,-1.,0.));
#9208 = FACE_BOUND('',#9209,.F.);
#9209 = EDGE_LOOP('',(#9210));
#9210 = ORIENTED_EDGE('',*,*,#9211,.T.);
#9211 = EDGE_CURVE('',#9212,#9212,#9214,.T.);
#9212 = VERTEX_POINT('',#9213);
#9213 = CARTESIAN_POINT('',(31.,-27.1,0.));
#9214 = CIRCLE('',#9215,1.1);
#9215 = AXIS2_PLACEMENT_3D('',#9216,#9217,#9218);
#9216 = CARTESIAN_POINT('',(31.,-26.,0.));
#9217 = DIRECTION('',(-0.,0.,-1.));
#9218 = DIRECTION('',(-0.,-1.,0.));
#9219 = FACE_BOUND('',#9220,.F.);
#9220 = EDGE_LOOP('',(#9221));
#9221 = ORIENTED_EDGE('',*,*,#9222,.T.);
#9222 = EDGE_CURVE('',#9223,#9223,#9225,.T.);
#9223 = VERTEX_POINT('',#9224);
#9224 = CARTESIAN_POINT('',(3.,-4.1,0.));
#9225 = CIRCLE('',#9226,1.1);
#9226 = AXIS2_PLACEMENT_3D('',#9227,#9228,#9229);
#9227 = CARTESIAN_POINT('',(3.,-3.,0.));
#9228 = DIRECTION('',(-0.,0.,-1.));
#9229 = DIRECTION('',(-0.,-1.,0.));
#9230 = FACE_BOUND('',#9231,.F.);
#9231 = EDGE_LOOP('',(#9232));
#9232 = ORIENTED_EDGE('',*,*,#9233,.T.);
#9233 = EDGE_CURVE('',#9234,#9234,#9236,.T.);
#9234 = VERTEX_POINT('',#9235);
#9235 = CARTESIAN_POINT('',(18.5,-3.7,0.));
#9236 = CIRCLE('',#9237,0.5);
#9237 = AXIS2_PLACEMENT_3D('',#9238,#9239,#9240);
#9238 = CARTESIAN_POINT('',(18.5,-3.2,0.));
#9239 = DIRECTION('',(-0.,0.,-1.));
#9240 = DIRECTION('',(-0.,-1.,0.));
#9241 = FACE_BOUND('',#9242,.F.);
#9242 = EDGE_LOOP('',(#9243));
#9243 = ORIENTED_EDGE('',*,*,#9244,.T.);
#9244 = EDGE_CURVE('',#9245,#9245,#9247,.T.);
#9245 = VERTEX_POINT('',#9246);
#9246 = CARTESIAN_POINT('',(21.04,-3.7,0.));
#9247 = CIRCLE('',#9248,0.5);
#9248 = AXIS2_PLACEMENT_3D('',#9249,#9250,#9251);
#9249 = CARTESIAN_POINT('',(21.04,-3.2,0.));
#9250 = DIRECTION('',(-0.,0.,-1.));
#9251 = DIRECTION('',(-0.,-1.,0.));
#9252 = FACE_BOUND('',#9253,.F.);
#9253 = EDGE_LOOP('',(#9254));
#9254 = ORIENTED_EDGE('',*,*,#9255,.T.);
#9255 = EDGE_CURVE('',#9256,#9256,#9258,.T.);
#9256 = VERTEX_POINT('',#9257);
#9257 = CARTESIAN_POINT('',(31.,-4.1,0.));
#9258 = CIRCLE('',#9259,1.1);
#9259 = AXIS2_PLACEMENT_3D('',#9260,#9261,#9262);
#9260 = CARTESIAN_POINT('',(31.,-3.,0.));
#9261 = DIRECTION('',(-0.,0.,-1.));
#9262 = DIRECTION('',(-0.,-1.,0.));
#9263 = PLANE('',#9264);
#9264 = AXIS2_PLACEMENT_3D('',#9265,#9266,#9267);
#9265 = CARTESIAN_POINT('',(0.,0.,0.));
#9266 = DIRECTION('',(0.,0.,1.));
#9267 = DIRECTION('',(1.,0.,-0.));
#9268 = ADVANCED_FACE('',(#9269,#9315,#9326,#9337,#9348,#9359,#9370),
  #9381,.T.);
#9269 = FACE_BOUND('',#9270,.T.);
#9270 = EDGE_LOOP('',(#9271,#9272,#9273,#9282,#9290,#9299,#9307,#9314));
#9271 = ORIENTED_EDGE('',*,*,#9060,.F.);
#9272 = ORIENTED_EDGE('',*,*,#9102,.F.);
#9273 = ORIENTED_EDGE('',*,*,#9274,.F.);
#9274 = EDGE_CURVE('',#9275,#9095,#9277,.T.);
#9275 = VERTEX_POINT('',#9276);
#9276 = CARTESIAN_POINT('',(2.22044604925E-16,-3.,1.51));
#9277 = CIRCLE('',#9278,2.999997758775);
#9278 = AXIS2_PLACEMENT_3D('',#9279,#9280,#9281);
#9279 = CARTESIAN_POINT('',(2.999997758774,-2.999997758774,1.51));
#9280 = DIRECTION('',(0.,0.,-1.));
#9281 = DIRECTION('',(-1.,-7.470757420593E-07,-0.));
#9282 = ORIENTED_EDGE('',*,*,#9283,.F.);
#9283 = EDGE_CURVE('',#9284,#9275,#9286,.T.);
#9284 = VERTEX_POINT('',#9285);
#9285 = CARTESIAN_POINT('',(-8.881784197001E-16,-26.,1.51));
#9286 = LINE('',#9287,#9288);
#9287 = CARTESIAN_POINT('',(0.,-26.,1.51));
#9288 = VECTOR('',#9289,1.);
#9289 = DIRECTION('',(0.,1.,0.));
#9290 = ORIENTED_EDGE('',*,*,#9291,.F.);
#9291 = EDGE_CURVE('',#9292,#9284,#9294,.T.);
#9292 = VERTEX_POINT('',#9293);
#9293 = CARTESIAN_POINT('',(3.,-29.,1.51));
#9294 = CIRCLE('',#9295,2.999999465879);
#9295 = AXIS2_PLACEMENT_3D('',#9296,#9297,#9298);
#9296 = CARTESIAN_POINT('',(2.999999465879,-26.00000053412,1.51));
#9297 = DIRECTION('',(0.,0.,-1.));
#9298 = DIRECTION('',(1.780403245773E-07,-1.,0.));
#9299 = ORIENTED_EDGE('',*,*,#9300,.F.);
#9300 = EDGE_CURVE('',#9301,#9292,#9303,.T.);
#9301 = VERTEX_POINT('',#9302);
#9302 = CARTESIAN_POINT('',(31.,-29.,1.51));
#9303 = LINE('',#9304,#9305);
#9304 = CARTESIAN_POINT('',(31.,-29.,1.51));
#9305 = VECTOR('',#9306,1.);
#9306 = DIRECTION('',(-1.,0.,0.));
#9307 = ORIENTED_EDGE('',*,*,#9308,.F.);
#9308 = EDGE_CURVE('',#9125,#9301,#9309,.T.);
#9309 = CIRCLE('',#9310,3.000001172987);
#9310 = AXIS2_PLACEMENT_3D('',#9311,#9312,#9313);
#9311 = CARTESIAN_POINT('',(30.999998827013,-25.99999882701,1.51));
#9312 = DIRECTION('',(0.,0.,-1.));
#9313 = DIRECTION('',(1.,-3.909953639749E-07,0.));
#9314 = ORIENTED_EDGE('',*,*,#9124,.F.);
#9315 = FACE_BOUND('',#9316,.T.);
#9316 = EDGE_LOOP('',(#9317));
#9317 = ORIENTED_EDGE('',*,*,#9318,.T.);
#9318 = EDGE_CURVE('',#9319,#9319,#9321,.T.);
#9319 = VERTEX_POINT('',#9320);
#9320 = CARTESIAN_POINT('',(3.,-27.1,1.51));
#9321 = CIRCLE('',#9322,1.1);
#9322 = AXIS2_PLACEMENT_3D('',#9323,#9324,#9325);
#9323 = CARTESIAN_POINT('',(3.,-26.,1.51));
#9324 = DIRECTION('',(-0.,0.,-1.));
#9325 = DIRECTION('',(-0.,-1.,0.));
#9326 = FACE_BOUND('',#9327,.T.);
#9327 = EDGE_LOOP('',(#9328));
#9328 = ORIENTED_EDGE('',*,*,#9329,.T.);
#9329 = EDGE_CURVE('',#9330,#9330,#9332,.T.);
#9330 = VERTEX_POINT('',#9331);
#9331 = CARTESIAN_POINT('',(31.,-27.1,1.51));
#9332 = CIRCLE('',#9333,1.1);
#9333 = AXIS2_PLACEMENT_3D('',#9334,#9335,#9336);
#9334 = CARTESIAN_POINT('',(31.,-26.,1.51));
#9335 = DIRECTION('',(-0.,0.,-1.));
#9336 = DIRECTION('',(-0.,-1.,0.));
#9337 = FACE_BOUND('',#9338,.T.);
#9338 = EDGE_LOOP('',(#9339));
#9339 = ORIENTED_EDGE('',*,*,#9340,.T.);
#9340 = EDGE_CURVE('',#9341,#9341,#9343,.T.);
#9341 = VERTEX_POINT('',#9342);
#9342 = CARTESIAN_POINT('',(3.,-4.1,1.51));
#9343 = CIRCLE('',#9344,1.1);
#9344 = AXIS2_PLACEMENT_3D('',#9345,#9346,#9347);
#9345 = CARTESIAN_POINT('',(3.,-3.,1.51));
#9346 = DIRECTION('',(-0.,0.,-1.));
#9347 = DIRECTION('',(-0.,-1.,0.));
#9348 = FACE_BOUND('',#9349,.T.);
#9349 = EDGE_LOOP('',(#9350));
#9350 = ORIENTED_EDGE('',*,*,#9351,.T.);
#9351 = EDGE_CURVE('',#9352,#9352,#9354,.T.);
#9352 = VERTEX_POINT('',#9353);
#9353 = CARTESIAN_POINT('',(18.5,-3.7,1.51));
#9354 = CIRCLE('',#9355,0.5);
#9355 = AXIS2_PLACEMENT_3D('',#9356,#9357,#9358);
#9356 = CARTESIAN_POINT('',(18.5,-3.2,1.51));
#9357 = DIRECTION('',(-0.,0.,-1.));
#9358 = DIRECTION('',(-0.,-1.,0.));
#9359 = FACE_BOUND('',#9360,.T.);
#9360 = EDGE_LOOP('',(#9361));
#9361 = ORIENTED_EDGE('',*,*,#9362,.T.);
#9362 = EDGE_CURVE('',#9363,#9363,#9365,.T.);
#9363 = VERTEX_POINT('',#9364);
#9364 = CARTESIAN_POINT('',(21.04,-3.7,1.51));
#9365 = CIRCLE('',#9366,0.5);
#9366 = AXIS2_PLACEMENT_3D('',#9367,#9368,#9369);
#9367 = CARTESIAN_POINT('',(21.04,-3.2,1.51));
#9368 = DIRECTION('',(-0.,0.,-1.));
#9369 = DIRECTION('',(-0.,-1.,0.));
#9370 = FACE_BOUND('',#9371,.T.);
#9371 = EDGE_LOOP('',(#9372));
#9372 = ORIENTED_EDGE('',*,*,#9373,.T.);
#9373 = EDGE_CURVE('',#9374,#9374,#9376,.T.);
#9374 = VERTEX_POINT('',#9375);
#9375 = CARTESIAN_POINT('',(31.,-4.1,1.51));
#9376 = CIRCLE('',#9377,1.1);
#9377 = AXIS2_PLACEMENT_3D('',#9378,#9379,#9380);
#9378 = CARTESIAN_POINT('',(31.,-3.,1.51));
#9379 = DIRECTION('',(-0.,0.,-1.));
#9380 = DIRECTION('',(-0.,-1.,0.));
#9381 = PLANE('',#9382);
#9382 = AXIS2_PLACEMENT_3D('',#9383,#9384,#9385);
#9383 = CARTESIAN_POINT('',(0.,0.,1.51));
#9384 = DIRECTION('',(0.,0.,1.));
#9385 = DIRECTION('',(1.,0.,-0.));
#9386 = ADVANCED_FACE('',(#9387),#9398,.T.);
#9387 = FACE_BOUND('',#9388,.T.);
#9388 = EDGE_LOOP('',(#9389,#9395,#9396,#9397));
#9389 = ORIENTED_EDGE('',*,*,#9390,.T.);
#9390 = EDGE_CURVE('',#9157,#9275,#9391,.T.);
#9391 = LINE('',#9392,#9393);
#9392 = CARTESIAN_POINT('',(2.22044604925E-16,-3.,0.));
#9393 = VECTOR('',#9394,1.);
#9394 = DIRECTION('',(0.,0.,1.));
#9395 = ORIENTED_EDGE('',*,*,#9274,.T.);
#9396 = ORIENTED_EDGE('',*,*,#9092,.F.);
#9397 = ORIENTED_EDGE('',*,*,#9156,.F.);
#9398 = CYLINDRICAL_SURFACE('',#9399,2.999997758775);
#9399 = AXIS2_PLACEMENT_3D('',#9400,#9401,#9402);
#9400 = CARTESIAN_POINT('',(2.999997758774,-2.999997758774,0.));
#9401 = DIRECTION('',(0.,0.,-1.));
#9402 = DIRECTION('',(-1.,-7.470757420593E-07,-0.));
#9403 = ADVANCED_FACE('',(#9404),#9415,.T.);
#9404 = FACE_BOUND('',#9405,.T.);
#9405 = EDGE_LOOP('',(#9406,#9407,#9408,#9414));
#9406 = ORIENTED_EDGE('',*,*,#9132,.T.);
#9407 = ORIENTED_EDGE('',*,*,#9308,.T.);
#9408 = ORIENTED_EDGE('',*,*,#9409,.F.);
#9409 = EDGE_CURVE('',#9183,#9301,#9410,.T.);
#9410 = LINE('',#9411,#9412);
#9411 = CARTESIAN_POINT('',(31.,-29.,0.));
#9412 = VECTOR('',#9413,1.);
#9413 = DIRECTION('',(0.,0.,1.));
#9414 = ORIENTED_EDGE('',*,*,#9190,.F.);
#9415 = CYLINDRICAL_SURFACE('',#9416,3.000001172987);
#9416 = AXIS2_PLACEMENT_3D('',#9417,#9418,#9419);
#9417 = CARTESIAN_POINT('',(30.999998827013,-25.99999882701,0.));
#9418 = DIRECTION('',(0.,0.,-1.));
#9419 = DIRECTION('',(1.,-3.909953639749E-07,0.));
#9420 = ADVANCED_FACE('',(#9421),#9432,.T.);
#9421 = FACE_BOUND('',#9422,.T.);
#9422 = EDGE_LOOP('',(#9423,#9429,#9430,#9431));
#9423 = ORIENTED_EDGE('',*,*,#9424,.T.);
#9424 = EDGE_CURVE('',#9166,#9284,#9425,.T.);
#9425 = LINE('',#9426,#9427);
#9426 = CARTESIAN_POINT('',(-8.881784197001E-16,-26.,0.));
#9427 = VECTOR('',#9428,1.);
#9428 = DIRECTION('',(0.,0.,1.));
#9429 = ORIENTED_EDGE('',*,*,#9283,.T.);
#9430 = ORIENTED_EDGE('',*,*,#9390,.F.);
#9431 = ORIENTED_EDGE('',*,*,#9165,.F.);
#9432 = PLANE('',#9433);
#9433 = AXIS2_PLACEMENT_3D('',#9434,#9435,#9436);
#9434 = CARTESIAN_POINT('',(0.,-26.,0.));
#9435 = DIRECTION('',(-1.,0.,0.));
#9436 = DIRECTION('',(0.,1.,0.));
#9437 = ADVANCED_FACE('',(#9438),#9449,.T.);
#9438 = FACE_BOUND('',#9439,.T.);
#9439 = EDGE_LOOP('',(#9440,#9441,#9442,#9448));
#9440 = ORIENTED_EDGE('',*,*,#9409,.T.);
#9441 = ORIENTED_EDGE('',*,*,#9300,.T.);
#9442 = ORIENTED_EDGE('',*,*,#9443,.F.);
#9443 = EDGE_CURVE('',#9174,#9292,#9444,.T.);
#9444 = LINE('',#9445,#9446);
#9445 = CARTESIAN_POINT('',(3.,-29.,0.));
#9446 = VECTOR('',#9447,1.);
#9447 = DIRECTION('',(0.,0.,1.));
#9448 = ORIENTED_EDGE('',*,*,#9182,.F.);
#9449 = PLANE('',#9450);
#9450 = AXIS2_PLACEMENT_3D('',#9451,#9452,#9453);
#9451 = CARTESIAN_POINT('',(31.,-29.,0.));
#9452 = DIRECTION('',(0.,-1.,0.));
#9453 = DIRECTION('',(-1.,0.,0.));
#9454 = ADVANCED_FACE('',(#9455),#9461,.T.);
#9455 = FACE_BOUND('',#9456,.T.);
#9456 = EDGE_LOOP('',(#9457,#9458,#9459,#9460));
#9457 = ORIENTED_EDGE('',*,*,#9443,.T.);
#9458 = ORIENTED_EDGE('',*,*,#9291,.T.);
#9459 = ORIENTED_EDGE('',*,*,#9424,.F.);
#9460 = ORIENTED_EDGE('',*,*,#9173,.F.);
#9461 = CYLINDRICAL_SURFACE('',#9462,2.999999465879);
#9462 = AXIS2_PLACEMENT_3D('',#9463,#9464,#9465);
#9463 = CARTESIAN_POINT('',(2.999999465879,-26.00000053412,0.));
#9464 = DIRECTION('',(0.,0.,-1.));
#9465 = DIRECTION('',(1.780403245773E-07,-1.,0.));
#9466 = ADVANCED_FACE('',(#9467),#9478,.F.);
#9467 = FACE_BOUND('',#9468,.T.);
#9468 = EDGE_LOOP('',(#9469,#9470,#9476,#9477));
#9469 = ORIENTED_EDGE('',*,*,#9200,.T.);
#9470 = ORIENTED_EDGE('',*,*,#9471,.T.);
#9471 = EDGE_CURVE('',#9201,#9319,#9472,.T.);
#9472 = LINE('',#9473,#9474);
#9473 = CARTESIAN_POINT('',(3.,-27.1,-4.6E-02));
#9474 = VECTOR('',#9475,1.);
#9475 = DIRECTION('',(0.,0.,1.));
#9476 = ORIENTED_EDGE('',*,*,#9318,.F.);
#9477 = ORIENTED_EDGE('',*,*,#9471,.F.);
#9478 = CYLINDRICAL_SURFACE('',#9479,1.1);
#9479 = AXIS2_PLACEMENT_3D('',#9480,#9481,#9482);
#9480 = CARTESIAN_POINT('',(3.,-26.,-4.6E-02));
#9481 = DIRECTION('',(-0.,-0.,-1.));
#9482 = DIRECTION('',(-0.,-1.,0.));
#9483 = ADVANCED_FACE('',(#9484),#9495,.F.);
#9484 = FACE_BOUND('',#9485,.T.);
#9485 = EDGE_LOOP('',(#9486,#9487,#9493,#9494));
#9486 = ORIENTED_EDGE('',*,*,#9211,.T.);
#9487 = ORIENTED_EDGE('',*,*,#9488,.T.);
#9488 = EDGE_CURVE('',#9212,#9330,#9489,.T.);
#9489 = LINE('',#9490,#9491);
#9490 = CARTESIAN_POINT('',(31.,-27.1,-4.6E-02));
#9491 = VECTOR('',#9492,1.);
#9492 = DIRECTION('',(0.,0.,1.));
#9493 = ORIENTED_EDGE('',*,*,#9329,.F.);
#9494 = ORIENTED_EDGE('',*,*,#9488,.F.);
#9495 = CYLINDRICAL_SURFACE('',#9496,1.1);
#9496 = AXIS2_PLACEMENT_3D('',#9497,#9498,#9499);
#9497 = CARTESIAN_POINT('',(31.,-26.,-4.6E-02));
#9498 = DIRECTION('',(-0.,-0.,-1.));
#9499 = DIRECTION('',(-0.,-1.,0.));
#9500 = ADVANCED_FACE('',(#9501),#9512,.F.);
#9501 = FACE_BOUND('',#9502,.T.);
#9502 = EDGE_LOOP('',(#9503,#9504,#9510,#9511));
#9503 = ORIENTED_EDGE('',*,*,#9222,.T.);
#9504 = ORIENTED_EDGE('',*,*,#9505,.T.);
#9505 = EDGE_CURVE('',#9223,#9341,#9506,.T.);
#9506 = LINE('',#9507,#9508);
#9507 = CARTESIAN_POINT('',(3.,-4.1,-4.6E-02));
#9508 = VECTOR('',#9509,1.);
#9509 = DIRECTION('',(0.,0.,1.));
#9510 = ORIENTED_EDGE('',*,*,#9340,.F.);
#9511 = ORIENTED_EDGE('',*,*,#9505,.F.);
#9512 = CYLINDRICAL_SURFACE('',#9513,1.1);
#9513 = AXIS2_PLACEMENT_3D('',#9514,#9515,#9516);
#9514 = CARTESIAN_POINT('',(3.,-3.,-4.6E-02));
#9515 = DIRECTION('',(-0.,-0.,-1.));
#9516 = DIRECTION('',(-0.,-1.,0.));
#9517 = ADVANCED_FACE('',(#9518),#9529,.F.);
#9518 = FACE_BOUND('',#9519,.T.);
#9519 = EDGE_LOOP('',(#9520,#9521,#9527,#9528));
#9520 = ORIENTED_EDGE('',*,*,#9233,.T.);
#9521 = ORIENTED_EDGE('',*,*,#9522,.T.);
#9522 = EDGE_CURVE('',#9234,#9352,#9523,.T.);
#9523 = LINE('',#9524,#9525);
#9524 = CARTESIAN_POINT('',(18.5,-3.7,-4.6E-02));
#9525 = VECTOR('',#9526,1.);
#9526 = DIRECTION('',(0.,0.,1.));
#9527 = ORIENTED_EDGE('',*,*,#9351,.F.);
#9528 = ORIENTED_EDGE('',*,*,#9522,.F.);
#9529 = CYLINDRICAL_SURFACE('',#9530,0.5);
#9530 = AXIS2_PLACEMENT_3D('',#9531,#9532,#9533);
#9531 = CARTESIAN_POINT('',(18.5,-3.2,-4.6E-02));
#9532 = DIRECTION('',(-0.,-0.,-1.));
#9533 = DIRECTION('',(-0.,-1.,0.));
#9534 = ADVANCED_FACE('',(#9535),#9546,.F.);
#9535 = FACE_BOUND('',#9536,.T.);
#9536 = EDGE_LOOP('',(#9537,#9538,#9544,#9545));
#9537 = ORIENTED_EDGE('',*,*,#9244,.T.);
#9538 = ORIENTED_EDGE('',*,*,#9539,.T.);
#9539 = EDGE_CURVE('',#9245,#9363,#9540,.T.);
#9540 = LINE('',#9541,#9542);
#9541 = CARTESIAN_POINT('',(21.04,-3.7,-4.6E-02));
#9542 = VECTOR('',#9543,1.);
#9543 = DIRECTION('',(0.,0.,1.));
#9544 = ORIENTED_EDGE('',*,*,#9362,.F.);
#9545 = ORIENTED_EDGE('',*,*,#9539,.F.);
#9546 = CYLINDRICAL_SURFACE('',#9547,0.5);
#9547 = AXIS2_PLACEMENT_3D('',#9548,#9549,#9550);
#9548 = CARTESIAN_POINT('',(21.04,-3.2,-4.6E-02));
#9549 = DIRECTION('',(-0.,-0.,-1.));
#9550 = DIRECTION('',(-0.,-1.,0.));
#9551 = ADVANCED_FACE('',(#9552),#9563,.F.);
#9552 = FACE_BOUND('',#9553,.T.);
#9553 = EDGE_LOOP('',(#9554,#9555,#9561,#9562));
#9554 = ORIENTED_EDGE('',*,*,#9255,.T.);
#9555 = ORIENTED_EDGE('',*,*,#9556,.T.);
#9556 = EDGE_CURVE('',#9256,#9374,#9557,.T.);
#9557 = LINE('',#9558,#9559);
#9558 = CARTESIAN_POINT('',(31.,-4.1,-4.6E-02));
#9559 = VECTOR('',#9560,1.);
#9560 = DIRECTION('',(0.,0.,1.));
#9561 = ORIENTED_EDGE('',*,*,#9373,.F.);
#9562 = ORIENTED_EDGE('',*,*,#9556,.F.);
#9563 = CYLINDRICAL_SURFACE('',#9564,1.1);
#9564 = AXIS2_PLACEMENT_3D('',#9565,#9566,#9567);
#9565 = CARTESIAN_POINT('',(31.,-3.,-4.6E-02));
#9566 = DIRECTION('',(-0.,-0.,-1.));
#9567 = DIRECTION('',(-0.,-1.,0.));
#9568 = ( GEOMETRIC_REPRESENTATION_CONTEXT(3) 
GLOBAL_UNCERTAINTY_ASSIGNED_CONTEXT((#9572)) 
GLOBAL_UNIT_ASSIGNED_CONTEXT((#9569,#9570,#9571)) REPRESENTATION_CONTEXT
('Context #1','3D Context with UNIT and UNCERTAINTY') );
#9569 = ( LENGTH_UNIT() NAMED_UNIT(*) SI_UNIT(.MILLI.,.METRE.) );
#9570 = ( NAMED_UNIT(*) PLANE_ANGLE_UNIT() SI_UNIT($,.RADIAN.) );
#9571 = ( NAMED_UNIT(*) SI_UNIT($,.STERADIAN.) SOLID_ANGLE_UNIT() );
#9572 = UNCERTAINTY_MEASURE_WITH_UNIT(LENGTH_MEASURE(1.E-07),#9569,
  'distance_accuracy_value','confusion accuracy');
#9573 = CONTEXT_DEPENDENT_SHAPE_REPRESENTATION(#9574,#9576);
#9574 = ( REPRESENTATION_RELATIONSHIP('','',#9043,#10) 
REPRESENTATION_RELATIONSHIP_WITH_TRANSFORMATION(#9575) 
SHAPE_REPRESENTATION_RELATIONSHIP() );
#9575 = ITEM_DEFINED_TRANSFORMATION('','',#11,#107);
#9576 = PRODUCT_DEFINITION_SHAPE('Placement','Placement of an item',
  #9577);
#9577 = NEXT_ASSEMBLY_USAGE_OCCURRENCE('31','=>[0:1:1:16]','',#5,#9038,$
  );
#9578 = PRODUCT_RELATED_PRODUCT_CATEGORY('part',$,(#9040));
#9579 = MECHANICAL_DESIGN_GEOMETRIC_PRESENTATION_REPRESENTATION('',(
    #9580,#9588,#9595,#9602,#9609,#9616,#9623,#9630,#9637,#9644,#9651,
    #9659,#9666,#9673,#9680,#9687,#9694,#9701,#9708,#9715,#9722,#9729,
    #9736,#9743,#9750,#9757,#9764,#9771),#8980);
#9580 = STYLED_ITEM('color',(#9581),#8128);
#9581 = PRESENTATION_STYLE_ASSIGNMENT((#9582));
#9582 = SURFACE_STYLE_USAGE(.BOTH.,#9583);
#9583 = SURFACE_SIDE_STYLE('',(#9584));
#9584 = SURFACE_STYLE_FILL_AREA(#9585);
#9585 = FILL_AREA_STYLE('',(#9586));
#9586 = FILL_AREA_STYLE_COLOUR('',#9587);
#9587 = COLOUR_RGB('',0.823999987314,0.819999987296,0.781000009244);
#9588 = STYLED_ITEM('color',(#9589),#8204);
#9589 = PRESENTATION_STYLE_ASSIGNMENT((#9590));
#9590 = SURFACE_STYLE_USAGE(.BOTH.,#9591);
#9591 = SURFACE_SIDE_STYLE('',(#9592));
#9592 = SURFACE_STYLE_FILL_AREA(#9593);
#9593 = FILL_AREA_STYLE('',(#9594));
#9594 = FILL_AREA_STYLE_COLOUR('',#9587);
#9595 = STYLED_ITEM('color',(#9596),#8235);
#9596 = PRESENTATION_STYLE_ASSIGNMENT((#9597));
#9597 = SURFACE_STYLE_USAGE(.BOTH.,#9598);
#9598 = SURFACE_SIDE_STYLE('',(#9599));
#9599 = SURFACE_STYLE_FILL_AREA(#9600);
#9600 = FILL_AREA_STYLE('',(#9601));
#9601 = FILL_AREA_STYLE_COLOUR('',#9587);
#9602 = STYLED_ITEM('color',(#9603),#8260);
#9603 = PRESENTATION_STYLE_ASSIGNMENT((#9604));
#9604 = SURFACE_STYLE_USAGE(.BOTH.,#9605);
#9605 = SURFACE_SIDE_STYLE('',(#9606));
#9606 = SURFACE_STYLE_FILL_AREA(#9607);
#9607 = FILL_AREA_STYLE('',(#9608));
#9608 = FILL_AREA_STYLE_COLOUR('',#9587);
#9609 = STYLED_ITEM('color',(#9610),#8285);
#9610 = PRESENTATION_STYLE_ASSIGNMENT((#9611));
#9611 = SURFACE_STYLE_USAGE(.BOTH.,#9612);
#9612 = SURFACE_SIDE_STYLE('',(#9613));
#9613 = SURFACE_STYLE_FILL_AREA(#9614);
#9614 = FILL_AREA_STYLE('',(#9615));
#9615 = FILL_AREA_STYLE_COLOUR('',#9587);
#9616 = STYLED_ITEM('color',(#9617),#8309);
#9617 = PRESENTATION_STYLE_ASSIGNMENT((#9618));
#9618 = SURFACE_STYLE_USAGE(.BOTH.,#9619);
#9619 = SURFACE_SIDE_STYLE('',(#9620));
#9620 = SURFACE_STYLE_FILL_AREA(#9621);
#9621 = FILL_AREA_STYLE('',(#9622));
#9622 = FILL_AREA_STYLE_COLOUR('',#9587);
#9623 = STYLED_ITEM('color',(#9624),#8333);
#9624 = PRESENTATION_STYLE_ASSIGNMENT((#9625));
#9625 = SURFACE_STYLE_USAGE(.BOTH.,#9626);
#9626 = SURFACE_SIDE_STYLE('',(#9627));
#9627 = SURFACE_STYLE_FILL_AREA(#9628);
#9628 = FILL_AREA_STYLE('',(#9629));
#9629 = FILL_AREA_STYLE_COLOUR('',#9587);
#9630 = STYLED_ITEM('color',(#9631),#8358);
#9631 = PRESENTATION_STYLE_ASSIGNMENT((#9632));
#9632 = SURFACE_STYLE_USAGE(.BOTH.,#9633);
#9633 = SURFACE_SIDE_STYLE('',(#9634));
#9634 = SURFACE_STYLE_FILL_AREA(#9635);
#9635 = FILL_AREA_STYLE('',(#9636));
#9636 = FILL_AREA_STYLE_COLOUR('',#9587);
#9637 = STYLED_ITEM('color',(#9638),#8383);
#9638 = PRESENTATION_STYLE_ASSIGNMENT((#9639));
#9639 = SURFACE_STYLE_USAGE(.BOTH.,#9640);
#9640 = SURFACE_SIDE_STYLE('',(#9641));
#9641 = SURFACE_STYLE_FILL_AREA(#9642);
#9642 = FILL_AREA_STYLE('',(#9643));
#9643 = FILL_AREA_STYLE_COLOUR('',#9587);
#9644 = STYLED_ITEM('color',(#9645),#8400);
#9645 = PRESENTATION_STYLE_ASSIGNMENT((#9646));
#9646 = SURFACE_STYLE_USAGE(.BOTH.,#9647);
#9647 = SURFACE_SIDE_STYLE('',(#9648));
#9648 = SURFACE_STYLE_FILL_AREA(#9649);
#9649 = FILL_AREA_STYLE('',(#9650));
#9650 = FILL_AREA_STYLE_COLOUR('',#9587);
#9651 = STYLED_ITEM('color',(#9652),#8486);
#9652 = PRESENTATION_STYLE_ASSIGNMENT((#9653));
#9653 = SURFACE_STYLE_USAGE(.BOTH.,#9654);
#9654 = SURFACE_SIDE_STYLE('',(#9655));
#9655 = SURFACE_STYLE_FILL_AREA(#9656);
#9656 = FILL_AREA_STYLE('',(#9657));
#9657 = FILL_AREA_STYLE_COLOUR('',#9658);
#9658 = COLOUR_RGB('',0.379000005575,0.270000008848,0.214999999939);
#9659 = STYLED_ITEM('color',(#9660),#8518);
#9660 = PRESENTATION_STYLE_ASSIGNMENT((#9661));
#9661 = SURFACE_STYLE_USAGE(.BOTH.,#9662);
#9662 = SURFACE_SIDE_STYLE('',(#9663));
#9663 = SURFACE_STYLE_FILL_AREA(#9664);
#9664 = FILL_AREA_STYLE('',(#9665));
#9665 = FILL_AREA_STYLE_COLOUR('',#9658);
#9666 = STYLED_ITEM('color',(#9667),#8542);
#9667 = PRESENTATION_STYLE_ASSIGNMENT((#9668));
#9668 = SURFACE_STYLE_USAGE(.BOTH.,#9669);
#9669 = SURFACE_SIDE_STYLE('',(#9670));
#9670 = SURFACE_STYLE_FILL_AREA(#9671);
#9671 = FILL_AREA_STYLE('',(#9672));
#9672 = FILL_AREA_STYLE_COLOUR('',#9658);
#9673 = STYLED_ITEM('color',(#9674),#8567);
#9674 = PRESENTATION_STYLE_ASSIGNMENT((#9675));
#9675 = SURFACE_STYLE_USAGE(.BOTH.,#9676);
#9676 = SURFACE_SIDE_STYLE('',(#9677));
#9677 = SURFACE_STYLE_FILL_AREA(#9678);
#9678 = FILL_AREA_STYLE('',(#9679));
#9679 = FILL_AREA_STYLE_COLOUR('',#9658);
#9680 = STYLED_ITEM('color',(#9681),#8591);
#9681 = PRESENTATION_STYLE_ASSIGNMENT((#9682));
#9682 = SURFACE_STYLE_USAGE(.BOTH.,#9683);
#9683 = SURFACE_SIDE_STYLE('',(#9684));
#9684 = SURFACE_STYLE_FILL_AREA(#9685);
#9685 = FILL_AREA_STYLE('',(#9686));
#9686 = FILL_AREA_STYLE_COLOUR('',#9658);
#9687 = STYLED_ITEM('color',(#9688),#8616);
#9688 = PRESENTATION_STYLE_ASSIGNMENT((#9689));
#9689 = SURFACE_STYLE_USAGE(.BOTH.,#9690);
#9690 = SURFACE_SIDE_STYLE('',(#9691));
#9691 = SURFACE_STYLE_FILL_AREA(#9692);
#9692 = FILL_AREA_STYLE('',(#9693));
#9693 = FILL_AREA_STYLE_COLOUR('',#9658);
#9694 = STYLED_ITEM('color',(#9695),#8640);
#9695 = PRESENTATION_STYLE_ASSIGNMENT((#9696));
#9696 = SURFACE_STYLE_USAGE(.BOTH.,#9697);
#9697 = SURFACE_SIDE_STYLE('',(#9698));
#9698 = SURFACE_STYLE_FILL_AREA(#9699);
#9699 = FILL_AREA_STYLE('',(#9700));
#9700 = FILL_AREA_STYLE_COLOUR('',#9658);
#9701 = STYLED_ITEM('color',(#9702),#8665);
#9702 = PRESENTATION_STYLE_ASSIGNMENT((#9703));
#9703 = SURFACE_STYLE_USAGE(.BOTH.,#9704);
#9704 = SURFACE_SIDE_STYLE('',(#9705));
#9705 = SURFACE_STYLE_FILL_AREA(#9706);
#9706 = FILL_AREA_STYLE('',(#9707));
#9707 = FILL_AREA_STYLE_COLOUR('',#9658);
#9708 = STYLED_ITEM('color',(#9709),#8682);
#9709 = PRESENTATION_STYLE_ASSIGNMENT((#9710));
#9710 = SURFACE_STYLE_USAGE(.BOTH.,#9711);
#9711 = SURFACE_SIDE_STYLE('',(#9712));
#9712 = SURFACE_STYLE_FILL_AREA(#9713);
#9713 = FILL_AREA_STYLE('',(#9714));
#9714 = FILL_AREA_STYLE_COLOUR('',#9587);
#9715 = STYLED_ITEM('color',(#9716),#8768);
#9716 = PRESENTATION_STYLE_ASSIGNMENT((#9717));
#9717 = SURFACE_STYLE_USAGE(.BOTH.,#9718);
#9718 = SURFACE_SIDE_STYLE('',(#9719));
#9719 = SURFACE_STYLE_FILL_AREA(#9720);
#9720 = FILL_AREA_STYLE('',(#9721));
#9721 = FILL_AREA_STYLE_COLOUR('',#9587);
#9722 = STYLED_ITEM('color',(#9723),#8799);
#9723 = PRESENTATION_STYLE_ASSIGNMENT((#9724));
#9724 = SURFACE_STYLE_USAGE(.BOTH.,#9725);
#9725 = SURFACE_SIDE_STYLE('',(#9726));
#9726 = SURFACE_STYLE_FILL_AREA(#9727);
#9727 = FILL_AREA_STYLE('',(#9728));
#9728 = FILL_AREA_STYLE_COLOUR('',#9587);
#9729 = STYLED_ITEM('color',(#9730),#8824);
#9730 = PRESENTATION_STYLE_ASSIGNMENT((#9731));
#9731 = SURFACE_STYLE_USAGE(.BOTH.,#9732);
#9732 = SURFACE_SIDE_STYLE('',(#9733));
#9733 = SURFACE_STYLE_FILL_AREA(#9734);
#9734 = FILL_AREA_STYLE('',(#9735));
#9735 = FILL_AREA_STYLE_COLOUR('',#9587);
#9736 = STYLED_ITEM('color',(#9737),#8849);
#9737 = PRESENTATION_STYLE_ASSIGNMENT((#9738));
#9738 = SURFACE_STYLE_USAGE(.BOTH.,#9739);
#9739 = SURFACE_SIDE_STYLE('',(#9740));
#9740 = SURFACE_STYLE_FILL_AREA(#9741);
#9741 = FILL_AREA_STYLE('',(#9742));
#9742 = FILL_AREA_STYLE_COLOUR('',#9587);
#9743 = STYLED_ITEM('color',(#9744),#8873);
#9744 = PRESENTATION_STYLE_ASSIGNMENT((#9745));
#9745 = SURFACE_STYLE_USAGE(.BOTH.,#9746);
#9746 = SURFACE_SIDE_STYLE('',(#9747));
#9747 = SURFACE_STYLE_FILL_AREA(#9748);
#9748 = FILL_AREA_STYLE('',(#9749));
#9749 = FILL_AREA_STYLE_COLOUR('',#9587);
#9750 = STYLED_ITEM('color',(#9751),#8897);
#9751 = PRESENTATION_STYLE_ASSIGNMENT((#9752));
#9752 = SURFACE_STYLE_USAGE(.BOTH.,#9753);
#9753 = SURFACE_SIDE_STYLE('',(#9754));
#9754 = SURFACE_STYLE_FILL_AREA(#9755);
#9755 = FILL_AREA_STYLE('',(#9756));
#9756 = FILL_AREA_STYLE_COLOUR('',#9587);
#9757 = STYLED_ITEM('color',(#9758),#8922);
#9758 = PRESENTATION_STYLE_ASSIGNMENT((#9759));
#9759 = SURFACE_STYLE_USAGE(.BOTH.,#9760);
#9760 = SURFACE_SIDE_STYLE('',(#9761));
#9761 = SURFACE_STYLE_FILL_AREA(#9762);
#9762 = FILL_AREA_STYLE('',(#9763));
#9763 = FILL_AREA_STYLE_COLOUR('',#9587);
#9764 = STYLED_ITEM('color',(#9765),#8947);
#9765 = PRESENTATION_STYLE_ASSIGNMENT((#9766));
#9766 = SURFACE_STYLE_USAGE(.BOTH.,#9767);
#9767 = SURFACE_SIDE_STYLE('',(#9768));
#9768 = SURFACE_STYLE_FILL_AREA(#9769);
#9769 = FILL_AREA_STYLE('',(#9770));
#9770 = FILL_AREA_STYLE_COLOUR('',#9587);
#9771 = STYLED_ITEM('color',(#9772),#8964);
#9772 = PRESENTATION_STYLE_ASSIGNMENT((#9773));
#9773 = SURFACE_STYLE_USAGE(.BOTH.,#9774);
#9774 = SURFACE_SIDE_STYLE('',(#9775));
#9775 = SURFACE_STYLE_FILL_AREA(#9776);
#9776 = FILL_AREA_STYLE('',(#9777));
#9777 = FILL_AREA_STYLE_COLOUR('',#9587);
#9778 = MECHANICAL_DESIGN_GEOMETRIC_PRESENTATION_REPRESENTATION('',(
    #9779,#9786,#9793,#9800,#9807,#9814,#9821,#9828,#9836,#9843,#9850,
    #9857,#9864,#9871,#9879,#9886,#9893,#9900,#9907,#9914,#9921,#9928,
    #9935,#9942,#9949,#9956),#6489);
#9779 = STYLED_ITEM('color',(#9780),#5701);
#9780 = PRESENTATION_STYLE_ASSIGNMENT((#9781));
#9781 = SURFACE_STYLE_USAGE(.BOTH.,#9782);
#9782 = SURFACE_SIDE_STYLE('',(#9783));
#9783 = SURFACE_STYLE_FILL_AREA(#9784);
#9784 = FILL_AREA_STYLE('',(#9785));
#9785 = FILL_AREA_STYLE_COLOUR('',#9587);
#9786 = STYLED_ITEM('color',(#9787),#5741);
#9787 = PRESENTATION_STYLE_ASSIGNMENT((#9788));
#9788 = SURFACE_STYLE_USAGE(.BOTH.,#9789);
#9789 = SURFACE_SIDE_STYLE('',(#9790));
#9790 = SURFACE_STYLE_FILL_AREA(#9791);
#9791 = FILL_AREA_STYLE('',(#9792));
#9792 = FILL_AREA_STYLE_COLOUR('',#9587);
#9793 = STYLED_ITEM('color',(#9794),#5824);
#9794 = PRESENTATION_STYLE_ASSIGNMENT((#9795));
#9795 = SURFACE_STYLE_USAGE(.BOTH.,#9796);
#9796 = SURFACE_SIDE_STYLE('',(#9797));
#9797 = SURFACE_STYLE_FILL_AREA(#9798);
#9798 = FILL_AREA_STYLE('',(#9799));
#9799 = FILL_AREA_STYLE_COLOUR('',#9587);
#9800 = STYLED_ITEM('color',(#9801),#5849);
#9801 = PRESENTATION_STYLE_ASSIGNMENT((#9802));
#9802 = SURFACE_STYLE_USAGE(.BOTH.,#9803);
#9803 = SURFACE_SIDE_STYLE('',(#9804));
#9804 = SURFACE_STYLE_FILL_AREA(#9805);
#9805 = FILL_AREA_STYLE('',(#9806));
#9806 = FILL_AREA_STYLE_COLOUR('',#9587);
#9807 = STYLED_ITEM('color',(#9808),#5874);
#9808 = PRESENTATION_STYLE_ASSIGNMENT((#9809));
#9809 = SURFACE_STYLE_USAGE(.BOTH.,#9810);
#9810 = SURFACE_SIDE_STYLE('',(#9811));
#9811 = SURFACE_STYLE_FILL_AREA(#9812);
#9812 = FILL_AREA_STYLE('',(#9813));
#9813 = FILL_AREA_STYLE_COLOUR('',#9587);
#9814 = STYLED_ITEM('color',(#9815),#5941);
#9815 = PRESENTATION_STYLE_ASSIGNMENT((#9816));
#9816 = SURFACE_STYLE_USAGE(.BOTH.,#9817);
#9817 = SURFACE_SIDE_STYLE('',(#9818));
#9818 = SURFACE_STYLE_FILL_AREA(#9819);
#9819 = FILL_AREA_STYLE('',(#9820));
#9820 = FILL_AREA_STYLE_COLOUR('',#9587);
#9821 = STYLED_ITEM('color',(#9822),#5958);
#9822 = PRESENTATION_STYLE_ASSIGNMENT((#9823));
#9823 = SURFACE_STYLE_USAGE(.BOTH.,#9824);
#9824 = SURFACE_SIDE_STYLE('',(#9825));
#9825 = SURFACE_STYLE_FILL_AREA(#9826);
#9826 = FILL_AREA_STYLE('',(#9827));
#9827 = FILL_AREA_STYLE_COLOUR('',#9587);
#9828 = STYLED_ITEM('color',(#9829),#5975);
#9829 = PRESENTATION_STYLE_ASSIGNMENT((#9830));
#9830 = SURFACE_STYLE_USAGE(.BOTH.,#9831);
#9831 = SURFACE_SIDE_STYLE('',(#9832));
#9832 = SURFACE_STYLE_FILL_AREA(#9833);
#9833 = FILL_AREA_STYLE('',(#9834));
#9834 = FILL_AREA_STYLE_COLOUR('',#9835);
#9835 = COLOUR_RGB('',0.894999966383,0.890999961016,0.813000030345);
#9836 = STYLED_ITEM('color',(#9837),#6024);
#9837 = PRESENTATION_STYLE_ASSIGNMENT((#9838));
#9838 = SURFACE_STYLE_USAGE(.BOTH.,#9839);
#9839 = SURFACE_SIDE_STYLE('',(#9840));
#9840 = SURFACE_STYLE_FILL_AREA(#9841);
#9841 = FILL_AREA_STYLE('',(#9842));
#9842 = FILL_AREA_STYLE_COLOUR('',#9587);
#9843 = STYLED_ITEM('color',(#9844),#6041);
#9844 = PRESENTATION_STYLE_ASSIGNMENT((#9845));
#9845 = SURFACE_STYLE_USAGE(.BOTH.,#9846);
#9846 = SURFACE_SIDE_STYLE('',(#9847));
#9847 = SURFACE_STYLE_FILL_AREA(#9848);
#9848 = FILL_AREA_STYLE('',(#9849));
#9849 = FILL_AREA_STYLE_COLOUR('',#9587);
#9850 = STYLED_ITEM('color',(#9851),#6058);
#9851 = PRESENTATION_STYLE_ASSIGNMENT((#9852));
#9852 = SURFACE_STYLE_USAGE(.BOTH.,#9853);
#9853 = SURFACE_SIDE_STYLE('',(#9854));
#9854 = SURFACE_STYLE_FILL_AREA(#9855);
#9855 = FILL_AREA_STYLE('',(#9856));
#9856 = FILL_AREA_STYLE_COLOUR('',#9835);
#9857 = STYLED_ITEM('color',(#9858),#6107);
#9858 = PRESENTATION_STYLE_ASSIGNMENT((#9859));
#9859 = SURFACE_STYLE_USAGE(.BOTH.,#9860);
#9860 = SURFACE_SIDE_STYLE('',(#9861));
#9861 = SURFACE_STYLE_FILL_AREA(#9862);
#9862 = FILL_AREA_STYLE('',(#9863));
#9863 = FILL_AREA_STYLE_COLOUR('',#9835);
#9864 = STYLED_ITEM('color',(#9865),#6124);
#9865 = PRESENTATION_STYLE_ASSIGNMENT((#9866));
#9866 = SURFACE_STYLE_USAGE(.BOTH.,#9867);
#9867 = SURFACE_SIDE_STYLE('',(#9868));
#9868 = SURFACE_STYLE_FILL_AREA(#9869);
#9869 = FILL_AREA_STYLE('',(#9870));
#9870 = FILL_AREA_STYLE_COLOUR('',#9587);
#9871 = STYLED_ITEM('color',(#9872),#6193);
#9872 = PRESENTATION_STYLE_ASSIGNMENT((#9873));
#9873 = SURFACE_STYLE_USAGE(.BOTH.,#9874);
#9874 = SURFACE_SIDE_STYLE('',(#9875));
#9875 = SURFACE_STYLE_FILL_AREA(#9876);
#9876 = FILL_AREA_STYLE('',(#9877));
#9877 = FILL_AREA_STYLE_COLOUR('',#9878);
#9878 = COLOUR_RGB('',8.200000279077E-02,8.600000121357E-02,
  9.399999706163E-02);
#9879 = STYLED_ITEM('color',(#9880),#6224);
#9880 = PRESENTATION_STYLE_ASSIGNMENT((#9881));
#9881 = SURFACE_STYLE_USAGE(.BOTH.,#9882);
#9882 = SURFACE_SIDE_STYLE('',(#9883));
#9883 = SURFACE_STYLE_FILL_AREA(#9884);
#9884 = FILL_AREA_STYLE('',(#9885));
#9885 = FILL_AREA_STYLE_COLOUR('',#9878);
#9886 = STYLED_ITEM('color',(#9887),#6248);
#9887 = PRESENTATION_STYLE_ASSIGNMENT((#9888));
#9888 = SURFACE_STYLE_USAGE(.BOTH.,#9889);
#9889 = SURFACE_SIDE_STYLE('',(#9890));
#9890 = SURFACE_STYLE_FILL_AREA(#9891);
#9891 = FILL_AREA_STYLE('',(#9892));
#9892 = FILL_AREA_STYLE_COLOUR('',#9587);
#9893 = STYLED_ITEM('color',(#9894),#6317);
#9894 = PRESENTATION_STYLE_ASSIGNMENT((#9895));
#9895 = SURFACE_STYLE_USAGE(.BOTH.,#9896);
#9896 = SURFACE_SIDE_STYLE('',(#9897));
#9897 = SURFACE_STYLE_FILL_AREA(#9898);
#9898 = FILL_AREA_STYLE('',(#9899));
#9899 = FILL_AREA_STYLE_COLOUR('',#9878);
#9900 = STYLED_ITEM('color',(#9901),#6341);
#9901 = PRESENTATION_STYLE_ASSIGNMENT((#9902));
#9902 = SURFACE_STYLE_USAGE(.BOTH.,#9903);
#9903 = SURFACE_SIDE_STYLE('',(#9904));
#9904 = SURFACE_STYLE_FILL_AREA(#9905);
#9905 = FILL_AREA_STYLE('',(#9906));
#9906 = FILL_AREA_STYLE_COLOUR('',#9587);
#9907 = STYLED_ITEM('color',(#9908),#6358);
#9908 = PRESENTATION_STYLE_ASSIGNMENT((#9909));
#9909 = SURFACE_STYLE_USAGE(.BOTH.,#9910);
#9910 = SURFACE_SIDE_STYLE('',(#9911));
#9911 = SURFACE_STYLE_FILL_AREA(#9912);
#9912 = FILL_AREA_STYLE('',(#9913));
#9913 = FILL_AREA_STYLE_COLOUR('',#9587);
#9914 = STYLED_ITEM('color',(#9915),#6375);
#9915 = PRESENTATION_STYLE_ASSIGNMENT((#9916));
#9916 = SURFACE_STYLE_USAGE(.BOTH.,#9917);
#9917 = SURFACE_SIDE_STYLE('',(#9918));
#9918 = SURFACE_STYLE_FILL_AREA(#9919);
#9919 = FILL_AREA_STYLE('',(#9920));
#9920 = FILL_AREA_STYLE_COLOUR('',#9587);
#9921 = STYLED_ITEM('color',(#9922),#6392);
#9922 = PRESENTATION_STYLE_ASSIGNMENT((#9923));
#9923 = SURFACE_STYLE_USAGE(.BOTH.,#9924);
#9924 = SURFACE_SIDE_STYLE('',(#9925));
#9925 = SURFACE_STYLE_FILL_AREA(#9926);
#9926 = FILL_AREA_STYLE('',(#9927));
#9927 = FILL_AREA_STYLE_COLOUR('',#9587);
#9928 = STYLED_ITEM('color',(#9929),#6409);
#9929 = PRESENTATION_STYLE_ASSIGNMENT((#9930));
#9930 = SURFACE_STYLE_USAGE(.BOTH.,#9931);
#9931 = SURFACE_SIDE_STYLE('',(#9932));
#9932 = SURFACE_STYLE_FILL_AREA(#9933);
#9933 = FILL_AREA_STYLE('',(#9934));
#9934 = FILL_AREA_STYLE_COLOUR('',#9587);
#9935 = STYLED_ITEM('color',(#9936),#6426);
#9936 = PRESENTATION_STYLE_ASSIGNMENT((#9937));
#9937 = SURFACE_STYLE_USAGE(.BOTH.,#9938);
#9938 = SURFACE_SIDE_STYLE('',(#9939));
#9939 = SURFACE_STYLE_FILL_AREA(#9940);
#9940 = FILL_AREA_STYLE('',(#9941));
#9941 = FILL_AREA_STYLE_COLOUR('',#9587);
#9942 = STYLED_ITEM('color',(#9943),#6443);
#9943 = PRESENTATION_STYLE_ASSIGNMENT((#9944));
#9944 = SURFACE_STYLE_USAGE(.BOTH.,#9945);
#9945 = SURFACE_SIDE_STYLE('',(#9946));
#9946 = SURFACE_STYLE_FILL_AREA(#9947);
#9947 = FILL_AREA_STYLE('',(#9948));
#9948 = FILL_AREA_STYLE_COLOUR('',#9587);
#9949 = STYLED_ITEM('color',(#9950),#6460);
#9950 = PRESENTATION_STYLE_ASSIGNMENT((#9951));
#9951 = SURFACE_STYLE_USAGE(.BOTH.,#9952);
#9952 = SURFACE_SIDE_STYLE('',(#9953));
#9953 = SURFACE_STYLE_FILL_AREA(#9954);
#9954 = FILL_AREA_STYLE('',(#9955));
#9955 = FILL_AREA_STYLE_COLOUR('',#9878);
#9956 = STYLED_ITEM('color',(#9957),#6477);
#9957 = PRESENTATION_STYLE_ASSIGNMENT((#9958));
#9958 = SURFACE_STYLE_USAGE(.BOTH.,#9959);
#9959 = SURFACE_SIDE_STYLE('',(#9960));
#9960 = SURFACE_STYLE_FILL_AREA(#9961);
#9961 = FILL_AREA_STYLE('',(#9962));
#9962 = FILL_AREA_STYLE_COLOUR('',#9878);
#9963 = MECHANICAL_DESIGN_GEOMETRIC_PRESENTATION_REPRESENTATION('',(
    #9964),#9568);
#9964 = STYLED_ITEM('color',(#9965),#9044);
#9965 = PRESENTATION_STYLE_ASSIGNMENT((#9966));
#9966 = SURFACE_STYLE_USAGE(.BOTH.,#9967);
#9967 = SURFACE_SIDE_STYLE('',(#9968));
#9968 = SURFACE_STYLE_FILL_AREA(#9969);
#9969 = FILL_AREA_STYLE('',(#9970));
#9970 = FILL_AREA_STYLE_COLOUR('',#9971);
#9971 = COLOUR_RGB('',0.313304153717,0.484529207832,0.410020903123);
#9972 = MECHANICAL_DESIGN_GEOMETRIC_PRESENTATION_REPRESENTATION('',(
    #9973,#9980,#9987,#9994,#10001,#10008,#10015,#10022,#10030,#10037,
    #10044,#10051,#10058,#10065,#10072,#10079,#10086,#10093,#10100,
    #10107,#10114,#10121,#10128,#10135,#10142,#10149,#10156,#10163,
    #10170,#10177,#10184,#10191,#10198,#10205,#10212,#10219,#10227,
    #10234,#10241,#10248,#10255,#10262,#10269,#10276,#10283,#10290,
    #10297,#10304,#10311,#10318),#8059);
#9973 = STYLED_ITEM('color',(#9974),#6538);
#9974 = PRESENTATION_STYLE_ASSIGNMENT((#9975));
#9975 = SURFACE_STYLE_USAGE(.BOTH.,#9976);
#9976 = SURFACE_SIDE_STYLE('',(#9977));
#9977 = SURFACE_STYLE_FILL_AREA(#9978);
#9978 = FILL_AREA_STYLE('',(#9979));
#9979 = FILL_AREA_STYLE_COLOUR('',#9835);
#9980 = STYLED_ITEM('color',(#9981),#6578);
#9981 = PRESENTATION_STYLE_ASSIGNMENT((#9982));
#9982 = SURFACE_STYLE_USAGE(.BOTH.,#9983);
#9983 = SURFACE_SIDE_STYLE('',(#9984));
#9984 = SURFACE_STYLE_FILL_AREA(#9985);
#9985 = FILL_AREA_STYLE('',(#9986));
#9986 = FILL_AREA_STYLE_COLOUR('',#9835);
#9987 = STYLED_ITEM('color',(#9988),#6625);
#9988 = PRESENTATION_STYLE_ASSIGNMENT((#9989));
#9989 = SURFACE_STYLE_USAGE(.BOTH.,#9990);
#9990 = SURFACE_SIDE_STYLE('',(#9991));
#9991 = SURFACE_STYLE_FILL_AREA(#9992);
#9992 = FILL_AREA_STYLE('',(#9993));
#9993 = FILL_AREA_STYLE_COLOUR('',#9835);
#9994 = STYLED_ITEM('color',(#9995),#6704);
#9995 = PRESENTATION_STYLE_ASSIGNMENT((#9996));
#9996 = SURFACE_STYLE_USAGE(.BOTH.,#9997);
#9997 = SURFACE_SIDE_STYLE('',(#9998));
#9998 = SURFACE_STYLE_FILL_AREA(#9999);
#9999 = FILL_AREA_STYLE('',(#10000));
#10000 = FILL_AREA_STYLE_COLOUR('',#9835);
#10001 = STYLED_ITEM('color',(#10002),#6728);
#10002 = PRESENTATION_STYLE_ASSIGNMENT((#10003));
#10003 = SURFACE_STYLE_USAGE(.BOTH.,#10004);
#10004 = SURFACE_SIDE_STYLE('',(#10005));
#10005 = SURFACE_STYLE_FILL_AREA(#10006);
#10006 = FILL_AREA_STYLE('',(#10007));
#10007 = FILL_AREA_STYLE_COLOUR('',#9835);
#10008 = STYLED_ITEM('color',(#10009),#6768);
#10009 = PRESENTATION_STYLE_ASSIGNMENT((#10010));
#10010 = SURFACE_STYLE_USAGE(.BOTH.,#10011);
#10011 = SURFACE_SIDE_STYLE('',(#10012));
#10012 = SURFACE_STYLE_FILL_AREA(#10013);
#10013 = FILL_AREA_STYLE('',(#10014));
#10014 = FILL_AREA_STYLE_COLOUR('',#9835);
#10015 = STYLED_ITEM('color',(#10016),#6799);
#10016 = PRESENTATION_STYLE_ASSIGNMENT((#10017));
#10017 = SURFACE_STYLE_USAGE(.BOTH.,#10018);
#10018 = SURFACE_SIDE_STYLE('',(#10019));
#10019 = SURFACE_STYLE_FILL_AREA(#10020);
#10020 = FILL_AREA_STYLE('',(#10021));
#10021 = FILL_AREA_STYLE_COLOUR('',#9835);
#10022 = STYLED_ITEM('color',(#10023),#6816);
#10023 = PRESENTATION_STYLE_ASSIGNMENT((#10024));
#10024 = SURFACE_STYLE_USAGE(.BOTH.,#10025);
#10025 = SURFACE_SIDE_STYLE('',(#10026));
#10026 = SURFACE_STYLE_FILL_AREA(#10027);
#10027 = FILL_AREA_STYLE('',(#10028));
#10028 = FILL_AREA_STYLE_COLOUR('',#10029);
#10029 = COLOUR_RGB('',0.859000020776,0.737999965183,0.495999988746);
#10030 = STYLED_ITEM('color',(#10031),#6849);
#10031 = PRESENTATION_STYLE_ASSIGNMENT((#10032));
#10032 = SURFACE_STYLE_USAGE(.BOTH.,#10033);
#10033 = SURFACE_SIDE_STYLE('',(#10034));
#10034 = SURFACE_STYLE_FILL_AREA(#10035);
#10035 = FILL_AREA_STYLE('',(#10036));
#10036 = FILL_AREA_STYLE_COLOUR('',#9835);
#10037 = STYLED_ITEM('color',(#10038),#6873);
#10038 = PRESENTATION_STYLE_ASSIGNMENT((#10039));
#10039 = SURFACE_STYLE_USAGE(.BOTH.,#10040);
#10040 = SURFACE_SIDE_STYLE('',(#10041));
#10041 = SURFACE_STYLE_FILL_AREA(#10042);
#10042 = FILL_AREA_STYLE('',(#10043));
#10043 = FILL_AREA_STYLE_COLOUR('',#10029);
#10044 = STYLED_ITEM('color',(#10045),#6940);
#10045 = PRESENTATION_STYLE_ASSIGNMENT((#10046));
#10046 = SURFACE_STYLE_USAGE(.BOTH.,#10047);
#10047 = SURFACE_SIDE_STYLE('',(#10048));
#10048 = SURFACE_STYLE_FILL_AREA(#10049);
#10049 = FILL_AREA_STYLE('',(#10050));
#10050 = FILL_AREA_STYLE_COLOUR('',#9835);
#10051 = STYLED_ITEM('color',(#10052),#7061);
#10052 = PRESENTATION_STYLE_ASSIGNMENT((#10053));
#10053 = SURFACE_STYLE_USAGE(.BOTH.,#10054);
#10054 = SURFACE_SIDE_STYLE('',(#10055));
#10055 = SURFACE_STYLE_FILL_AREA(#10056);
#10056 = FILL_AREA_STYLE('',(#10057));
#10057 = FILL_AREA_STYLE_COLOUR('',#10029);
#10058 = STYLED_ITEM('color',(#10059),#7128);
#10059 = PRESENTATION_STYLE_ASSIGNMENT((#10060));
#10060 = SURFACE_STYLE_USAGE(.BOTH.,#10061);
#10061 = SURFACE_SIDE_STYLE('',(#10062));
#10062 = SURFACE_STYLE_FILL_AREA(#10063);
#10063 = FILL_AREA_STYLE('',(#10064));
#10064 = FILL_AREA_STYLE_COLOUR('',#9835);
#10065 = STYLED_ITEM('color',(#10066),#7152);
#10066 = PRESENTATION_STYLE_ASSIGNMENT((#10067));
#10067 = SURFACE_STYLE_USAGE(.BOTH.,#10068);
#10068 = SURFACE_SIDE_STYLE('',(#10069));
#10069 = SURFACE_STYLE_FILL_AREA(#10070);
#10070 = FILL_AREA_STYLE('',(#10071));
#10071 = FILL_AREA_STYLE_COLOUR('',#9835);
#10072 = STYLED_ITEM('color',(#10073),#7183);
#10073 = PRESENTATION_STYLE_ASSIGNMENT((#10074));
#10074 = SURFACE_STYLE_USAGE(.BOTH.,#10075);
#10075 = SURFACE_SIDE_STYLE('',(#10076));
#10076 = SURFACE_STYLE_FILL_AREA(#10077);
#10077 = FILL_AREA_STYLE('',(#10078));
#10078 = FILL_AREA_STYLE_COLOUR('',#10029);
#10079 = STYLED_ITEM('color',(#10080),#7216);
#10080 = PRESENTATION_STYLE_ASSIGNMENT((#10081));
#10081 = SURFACE_STYLE_USAGE(.BOTH.,#10082);
#10082 = SURFACE_SIDE_STYLE('',(#10083));
#10083 = SURFACE_STYLE_FILL_AREA(#10084);
#10084 = FILL_AREA_STYLE('',(#10085));
#10085 = FILL_AREA_STYLE_COLOUR('',#9835);
#10086 = STYLED_ITEM('color',(#10087),#7272);
#10087 = PRESENTATION_STYLE_ASSIGNMENT((#10088));
#10088 = SURFACE_STYLE_USAGE(.BOTH.,#10089);
#10089 = SURFACE_SIDE_STYLE('',(#10090));
#10090 = SURFACE_STYLE_FILL_AREA(#10091);
#10091 = FILL_AREA_STYLE('',(#10092));
#10092 = FILL_AREA_STYLE_COLOUR('',#10029);
#10093 = STYLED_ITEM('color',(#10094),#7296);
#10094 = PRESENTATION_STYLE_ASSIGNMENT((#10095));
#10095 = SURFACE_STYLE_USAGE(.BOTH.,#10096);
#10096 = SURFACE_SIDE_STYLE('',(#10097));
#10097 = SURFACE_STYLE_FILL_AREA(#10098);
#10098 = FILL_AREA_STYLE('',(#10099));
#10099 = FILL_AREA_STYLE_COLOUR('',#10029);
#10100 = STYLED_ITEM('color',(#10101),#7320);
#10101 = PRESENTATION_STYLE_ASSIGNMENT((#10102));
#10102 = SURFACE_STYLE_USAGE(.BOTH.,#10103);
#10103 = SURFACE_SIDE_STYLE('',(#10104));
#10104 = SURFACE_STYLE_FILL_AREA(#10105);
#10105 = FILL_AREA_STYLE('',(#10106));
#10106 = FILL_AREA_STYLE_COLOUR('',#10029);
#10107 = STYLED_ITEM('color',(#10108),#7344);
#10108 = PRESENTATION_STYLE_ASSIGNMENT((#10109));
#10109 = SURFACE_STYLE_USAGE(.BOTH.,#10110);
#10110 = SURFACE_SIDE_STYLE('',(#10111));
#10111 = SURFACE_STYLE_FILL_AREA(#10112);
#10112 = FILL_AREA_STYLE('',(#10113));
#10113 = FILL_AREA_STYLE_COLOUR('',#10029);
#10114 = STYLED_ITEM('color',(#10115),#7377);
#10115 = PRESENTATION_STYLE_ASSIGNMENT((#10116));
#10116 = SURFACE_STYLE_USAGE(.BOTH.,#10117);
#10117 = SURFACE_SIDE_STYLE('',(#10118));
#10118 = SURFACE_STYLE_FILL_AREA(#10119);
#10119 = FILL_AREA_STYLE('',(#10120));
#10120 = FILL_AREA_STYLE_COLOUR('',#10029);
#10121 = STYLED_ITEM('color',(#10122),#7389);
#10122 = PRESENTATION_STYLE_ASSIGNMENT((#10123));
#10123 = SURFACE_STYLE_USAGE(.BOTH.,#10124);
#10124 = SURFACE_SIDE_STYLE('',(#10125));
#10125 = SURFACE_STYLE_FILL_AREA(#10126);
#10126 = FILL_AREA_STYLE('',(#10127));
#10127 = FILL_AREA_STYLE_COLOUR('',#10029);
#10128 = STYLED_ITEM('color',(#10129),#7452);
#10129 = PRESENTATION_STYLE_ASSIGNMENT((#10130));
#10130 = SURFACE_STYLE_USAGE(.BOTH.,#10131);
#10131 = SURFACE_SIDE_STYLE('',(#10132));
#10132 = SURFACE_STYLE_FILL_AREA(#10133);
#10133 = FILL_AREA_STYLE('',(#10134));
#10134 = FILL_AREA_STYLE_COLOUR('',#10029);
#10135 = STYLED_ITEM('color',(#10136),#7477);
#10136 = PRESENTATION_STYLE_ASSIGNMENT((#10137));
#10137 = SURFACE_STYLE_USAGE(.BOTH.,#10138);
#10138 = SURFACE_SIDE_STYLE('',(#10139));
#10139 = SURFACE_STYLE_FILL_AREA(#10140);
#10140 = FILL_AREA_STYLE('',(#10141));
#10141 = FILL_AREA_STYLE_COLOUR('',#10029);
#10142 = STYLED_ITEM('color',(#10143),#7494);
#10143 = PRESENTATION_STYLE_ASSIGNMENT((#10144));
#10144 = SURFACE_STYLE_USAGE(.BOTH.,#10145);
#10145 = SURFACE_SIDE_STYLE('',(#10146));
#10146 = SURFACE_STYLE_FILL_AREA(#10147);
#10147 = FILL_AREA_STYLE('',(#10148));
#10148 = FILL_AREA_STYLE_COLOUR('',#10029);
#10149 = STYLED_ITEM('color',(#10150),#7518);
#10150 = PRESENTATION_STYLE_ASSIGNMENT((#10151));
#10151 = SURFACE_STYLE_USAGE(.BOTH.,#10152);
#10152 = SURFACE_SIDE_STYLE('',(#10153));
#10153 = SURFACE_STYLE_FILL_AREA(#10154);
#10154 = FILL_AREA_STYLE('',(#10155));
#10155 = FILL_AREA_STYLE_COLOUR('',#10029);
#10156 = STYLED_ITEM('color',(#10157),#7536);
#10157 = PRESENTATION_STYLE_ASSIGNMENT((#10158));
#10158 = SURFACE_STYLE_USAGE(.BOTH.,#10159);
#10159 = SURFACE_SIDE_STYLE('',(#10160));
#10160 = SURFACE_STYLE_FILL_AREA(#10161);
#10161 = FILL_AREA_STYLE('',(#10162));
#10162 = FILL_AREA_STYLE_COLOUR('',#10029);
#10163 = STYLED_ITEM('color',(#10164),#7554);
#10164 = PRESENTATION_STYLE_ASSIGNMENT((#10165));
#10165 = SURFACE_STYLE_USAGE(.BOTH.,#10166);
#10166 = SURFACE_SIDE_STYLE('',(#10167));
#10167 = SURFACE_STYLE_FILL_AREA(#10168);
#10168 = FILL_AREA_STYLE('',(#10169));
#10169 = FILL_AREA_STYLE_COLOUR('',#10029);
#10170 = STYLED_ITEM('color',(#10171),#7572);
#10171 = PRESENTATION_STYLE_ASSIGNMENT((#10172));
#10172 = SURFACE_STYLE_USAGE(.BOTH.,#10173);
#10173 = SURFACE_SIDE_STYLE('',(#10174));
#10174 = SURFACE_STYLE_FILL_AREA(#10175);
#10175 = FILL_AREA_STYLE('',(#10176));
#10176 = FILL_AREA_STYLE_COLOUR('',#10029);
#10177 = STYLED_ITEM('color',(#10178),#7589);
#10178 = PRESENTATION_STYLE_ASSIGNMENT((#10179));
#10179 = SURFACE_STYLE_USAGE(.BOTH.,#10180);
#10180 = SURFACE_SIDE_STYLE('',(#10181));
#10181 = SURFACE_STYLE_FILL_AREA(#10182);
#10182 = FILL_AREA_STYLE('',(#10183));
#10183 = FILL_AREA_STYLE_COLOUR('',#10029);
#10184 = STYLED_ITEM('color',(#10185),#7606);
#10185 = PRESENTATION_STYLE_ASSIGNMENT((#10186));
#10186 = SURFACE_STYLE_USAGE(.BOTH.,#10187);
#10187 = SURFACE_SIDE_STYLE('',(#10188));
#10188 = SURFACE_STYLE_FILL_AREA(#10189);
#10189 = FILL_AREA_STYLE('',(#10190));
#10190 = FILL_AREA_STYLE_COLOUR('',#10029);
#10191 = STYLED_ITEM('color',(#10192),#7637);
#10192 = PRESENTATION_STYLE_ASSIGNMENT((#10193));
#10193 = SURFACE_STYLE_USAGE(.BOTH.,#10194);
#10194 = SURFACE_SIDE_STYLE('',(#10195));
#10195 = SURFACE_STYLE_FILL_AREA(#10196);
#10196 = FILL_AREA_STYLE('',(#10197));
#10197 = FILL_AREA_STYLE_COLOUR('',#10029);
#10198 = STYLED_ITEM('color',(#10199),#7662);
#10199 = PRESENTATION_STYLE_ASSIGNMENT((#10200));
#10200 = SURFACE_STYLE_USAGE(.BOTH.,#10201);
#10201 = SURFACE_SIDE_STYLE('',(#10202));
#10202 = SURFACE_STYLE_FILL_AREA(#10203);
#10203 = FILL_AREA_STYLE('',(#10204));
#10204 = FILL_AREA_STYLE_COLOUR('',#10029);
#10205 = STYLED_ITEM('color',(#10206),#7687);
#10206 = PRESENTATION_STYLE_ASSIGNMENT((#10207));
#10207 = SURFACE_STYLE_USAGE(.BOTH.,#10208);
#10208 = SURFACE_SIDE_STYLE('',(#10209));
#10209 = SURFACE_STYLE_FILL_AREA(#10210);
#10210 = FILL_AREA_STYLE('',(#10211));
#10211 = FILL_AREA_STYLE_COLOUR('',#10029);
#10212 = STYLED_ITEM('color',(#10213),#7711);
#10213 = PRESENTATION_STYLE_ASSIGNMENT((#10214));
#10214 = SURFACE_STYLE_USAGE(.BOTH.,#10215);
#10215 = SURFACE_SIDE_STYLE('',(#10216));
#10216 = SURFACE_STYLE_FILL_AREA(#10217);
#10217 = FILL_AREA_STYLE('',(#10218));
#10218 = FILL_AREA_STYLE_COLOUR('',#10029);
#10219 = STYLED_ITEM('color',(#10220),#7728);
#10220 = PRESENTATION_STYLE_ASSIGNMENT((#10221));
#10221 = SURFACE_STYLE_USAGE(.BOTH.,#10222);
#10222 = SURFACE_SIDE_STYLE('',(#10223));
#10223 = SURFACE_STYLE_FILL_AREA(#10224);
#10224 = FILL_AREA_STYLE('',(#10225));
#10225 = FILL_AREA_STYLE_COLOUR('',#10226);
#10226 = COLOUR_RGB('',0.340000006699,0.68000001254,0.444999988852);
#10227 = STYLED_ITEM('color',(#10228),#7759);
#10228 = PRESENTATION_STYLE_ASSIGNMENT((#10229));
#10229 = SURFACE_STYLE_USAGE(.BOTH.,#10230);
#10230 = SURFACE_SIDE_STYLE('',(#10231));
#10231 = SURFACE_STYLE_FILL_AREA(#10232);
#10232 = FILL_AREA_STYLE('',(#10233));
#10233 = FILL_AREA_STYLE_COLOUR('',#10226);
#10234 = STYLED_ITEM('color',(#10235),#7783);
#10235 = PRESENTATION_STYLE_ASSIGNMENT((#10236));
#10236 = SURFACE_STYLE_USAGE(.BOTH.,#10237);
#10237 = SURFACE_SIDE_STYLE('',(#10238));
#10238 = SURFACE_STYLE_FILL_AREA(#10239);
#10239 = FILL_AREA_STYLE('',(#10240));
#10240 = FILL_AREA_STYLE_COLOUR('',#10226);
#10241 = STYLED_ITEM('color',(#10242),#7800);
#10242 = PRESENTATION_STYLE_ASSIGNMENT((#10243));
#10243 = SURFACE_STYLE_USAGE(.BOTH.,#10244);
#10244 = SURFACE_SIDE_STYLE('',(#10245));
#10245 = SURFACE_STYLE_FILL_AREA(#10246);
#10246 = FILL_AREA_STYLE('',(#10247));
#10247 = FILL_AREA_STYLE_COLOUR('',#10029);
#10248 = STYLED_ITEM('color',(#10249),#7828);
#10249 = PRESENTATION_STYLE_ASSIGNMENT((#10250));
#10250 = SURFACE_STYLE_USAGE(.BOTH.,#10251);
#10251 = SURFACE_SIDE_STYLE('',(#10252));
#10252 = SURFACE_STYLE_FILL_AREA(#10253);
#10253 = FILL_AREA_STYLE('',(#10254));
#10254 = FILL_AREA_STYLE_COLOUR('',#10029);
#10255 = STYLED_ITEM('color',(#10256),#7853);
#10256 = PRESENTATION_STYLE_ASSIGNMENT((#10257));
#10257 = SURFACE_STYLE_USAGE(.BOTH.,#10258);
#10258 = SURFACE_SIDE_STYLE('',(#10259));
#10259 = SURFACE_STYLE_FILL_AREA(#10260);
#10260 = FILL_AREA_STYLE('',(#10261));
#10261 = FILL_AREA_STYLE_COLOUR('',#10029);
#10262 = STYLED_ITEM('color',(#10263),#7877);
#10263 = PRESENTATION_STYLE_ASSIGNMENT((#10264));
#10264 = SURFACE_STYLE_USAGE(.BOTH.,#10265);
#10265 = SURFACE_SIDE_STYLE('',(#10266));
#10266 = SURFACE_STYLE_FILL_AREA(#10267);
#10267 = FILL_AREA_STYLE('',(#10268));
#10268 = FILL_AREA_STYLE_COLOUR('',#10029);
#10269 = STYLED_ITEM('color',(#10270),#7902);
#10270 = PRESENTATION_STYLE_ASSIGNMENT((#10271));
#10271 = SURFACE_STYLE_USAGE(.BOTH.,#10272);
#10272 = SURFACE_SIDE_STYLE('',(#10273));
#10273 = SURFACE_STYLE_FILL_AREA(#10274);
#10274 = FILL_AREA_STYLE('',(#10275));
#10275 = FILL_AREA_STYLE_COLOUR('',#10029);
#10276 = STYLED_ITEM('color',(#10277),#7949);
#10277 = PRESENTATION_STYLE_ASSIGNMENT((#10278));
#10278 = SURFACE_STYLE_USAGE(.BOTH.,#10279);
#10279 = SURFACE_SIDE_STYLE('',(#10280));
#10280 = SURFACE_STYLE_FILL_AREA(#10281);
#10281 = FILL_AREA_STYLE('',(#10282));
#10282 = FILL_AREA_STYLE_COLOUR('',#10029);
#10283 = STYLED_ITEM('color',(#10284),#7966);
#10284 = PRESENTATION_STYLE_ASSIGNMENT((#10285));
#10285 = SURFACE_STYLE_USAGE(.BOTH.,#10286);
#10286 = SURFACE_SIDE_STYLE('',(#10287));
#10287 = SURFACE_STYLE_FILL_AREA(#10288);
#10288 = FILL_AREA_STYLE('',(#10289));
#10289 = FILL_AREA_STYLE_COLOUR('',#10029);
#10290 = STYLED_ITEM('color',(#10291),#7978);
#10291 = PRESENTATION_STYLE_ASSIGNMENT((#10292));
#10292 = SURFACE_STYLE_USAGE(.BOTH.,#10293);
#10293 = SURFACE_SIDE_STYLE('',(#10294));
#10294 = SURFACE_STYLE_FILL_AREA(#10295);
#10295 = FILL_AREA_STYLE('',(#10296));
#10296 = FILL_AREA_STYLE_COLOUR('',#10029);
#10297 = STYLED_ITEM('color',(#10298),#8000);
#10298 = PRESENTATION_STYLE_ASSIGNMENT((#10299));
#10299 = SURFACE_STYLE_USAGE(.BOTH.,#10300);
#10300 = SURFACE_SIDE_STYLE('',(#10301));
#10301 = SURFACE_STYLE_FILL_AREA(#10302);
#10302 = FILL_AREA_STYLE('',(#10303));
#10303 = FILL_AREA_STYLE_COLOUR('',#10029);
#10304 = STYLED_ITEM('color',(#10305),#8012);
#10305 = PRESENTATION_STYLE_ASSIGNMENT((#10306));
#10306 = SURFACE_STYLE_USAGE(.BOTH.,#10307);
#10307 = SURFACE_SIDE_STYLE('',(#10308));
#10308 = SURFACE_STYLE_FILL_AREA(#10309);
#10309 = FILL_AREA_STYLE('',(#10310));
#10310 = FILL_AREA_STYLE_COLOUR('',#10029);
#10311 = STYLED_ITEM('color',(#10312),#8030);
#10312 = PRESENTATION_STYLE_ASSIGNMENT((#10313));
#10313 = SURFACE_STYLE_USAGE(.BOTH.,#10314);
#10314 = SURFACE_SIDE_STYLE('',(#10315));
#10315 = SURFACE_STYLE_FILL_AREA(#10316);
#10316 = FILL_AREA_STYLE('',(#10317));
#10317 = FILL_AREA_STYLE_COLOUR('',#10029);
#10318 = STYLED_ITEM('color',(#10319),#8048);
#10319 = PRESENTATION_STYLE_ASSIGNMENT((#10320));
#10320 = SURFACE_STYLE_USAGE(.BOTH.,#10321);
#10321 = SURFACE_SIDE_STYLE('',(#10322));
#10322 = SURFACE_STYLE_FILL_AREA(#10323);
#10323 = FILL_AREA_STYLE('',(#10324));
#10324 = FILL_AREA_STYLE_COLOUR('',#10226);
#10325 = MECHANICAL_DESIGN_GEOMETRIC_PRESENTATION_REPRESENTATION('',(
    #10326,#10333,#10340,#10347,#10354,#10361,#10368,#10375,#10382,
    #10389,#10396,#10404,#10411,#10418,#10425,#10432,#10439,#10446,
    #10453,#10460,#10467,#10474,#10481,#10488,#10495,#10502,#10509,
    #10516),#3922);
#10326 = STYLED_ITEM('color',(#10327),#3070);
#10327 = PRESENTATION_STYLE_ASSIGNMENT((#10328));
#10328 = SURFACE_STYLE_USAGE(.BOTH.,#10329);
#10329 = SURFACE_SIDE_STYLE('',(#10330));
#10330 = SURFACE_STYLE_FILL_AREA(#10331);
#10331 = FILL_AREA_STYLE('',(#10332));
#10332 = FILL_AREA_STYLE_COLOUR('',#9587);
#10333 = STYLED_ITEM('color',(#10334),#3146);
#10334 = PRESENTATION_STYLE_ASSIGNMENT((#10335));
#10335 = SURFACE_STYLE_USAGE(.BOTH.,#10336);
#10336 = SURFACE_SIDE_STYLE('',(#10337));
#10337 = SURFACE_STYLE_FILL_AREA(#10338);
#10338 = FILL_AREA_STYLE('',(#10339));
#10339 = FILL_AREA_STYLE_COLOUR('',#9587);
#10340 = STYLED_ITEM('color',(#10341),#3177);
#10341 = PRESENTATION_STYLE_ASSIGNMENT((#10342));
#10342 = SURFACE_STYLE_USAGE(.BOTH.,#10343);
#10343 = SURFACE_SIDE_STYLE('',(#10344));
#10344 = SURFACE_STYLE_FILL_AREA(#10345);
#10345 = FILL_AREA_STYLE('',(#10346));
#10346 = FILL_AREA_STYLE_COLOUR('',#9587);
#10347 = STYLED_ITEM('color',(#10348),#3202);
#10348 = PRESENTATION_STYLE_ASSIGNMENT((#10349));
#10349 = SURFACE_STYLE_USAGE(.BOTH.,#10350);
#10350 = SURFACE_SIDE_STYLE('',(#10351));
#10351 = SURFACE_STYLE_FILL_AREA(#10352);
#10352 = FILL_AREA_STYLE('',(#10353));
#10353 = FILL_AREA_STYLE_COLOUR('',#9587);
#10354 = STYLED_ITEM('color',(#10355),#3227);
#10355 = PRESENTATION_STYLE_ASSIGNMENT((#10356));
#10356 = SURFACE_STYLE_USAGE(.BOTH.,#10357);
#10357 = SURFACE_SIDE_STYLE('',(#10358));
#10358 = SURFACE_STYLE_FILL_AREA(#10359);
#10359 = FILL_AREA_STYLE('',(#10360));
#10360 = FILL_AREA_STYLE_COLOUR('',#9587);
#10361 = STYLED_ITEM('color',(#10362),#3251);
#10362 = PRESENTATION_STYLE_ASSIGNMENT((#10363));
#10363 = SURFACE_STYLE_USAGE(.BOTH.,#10364);
#10364 = SURFACE_SIDE_STYLE('',(#10365));
#10365 = SURFACE_STYLE_FILL_AREA(#10366);
#10366 = FILL_AREA_STYLE('',(#10367));
#10367 = FILL_AREA_STYLE_COLOUR('',#9587);
#10368 = STYLED_ITEM('color',(#10369),#3275);
#10369 = PRESENTATION_STYLE_ASSIGNMENT((#10370));
#10370 = SURFACE_STYLE_USAGE(.BOTH.,#10371);
#10371 = SURFACE_SIDE_STYLE('',(#10372));
#10372 = SURFACE_STYLE_FILL_AREA(#10373);
#10373 = FILL_AREA_STYLE('',(#10374));
#10374 = FILL_AREA_STYLE_COLOUR('',#9587);
#10375 = STYLED_ITEM('color',(#10376),#3300);
#10376 = PRESENTATION_STYLE_ASSIGNMENT((#10377));
#10377 = SURFACE_STYLE_USAGE(.BOTH.,#10378);
#10378 = SURFACE_SIDE_STYLE('',(#10379));
#10379 = SURFACE_STYLE_FILL_AREA(#10380);
#10380 = FILL_AREA_STYLE('',(#10381));
#10381 = FILL_AREA_STYLE_COLOUR('',#9587);
#10382 = STYLED_ITEM('color',(#10383),#3325);
#10383 = PRESENTATION_STYLE_ASSIGNMENT((#10384));
#10384 = SURFACE_STYLE_USAGE(.BOTH.,#10385);
#10385 = SURFACE_SIDE_STYLE('',(#10386));
#10386 = SURFACE_STYLE_FILL_AREA(#10387);
#10387 = FILL_AREA_STYLE('',(#10388));
#10388 = FILL_AREA_STYLE_COLOUR('',#9587);
#10389 = STYLED_ITEM('color',(#10390),#3342);
#10390 = PRESENTATION_STYLE_ASSIGNMENT((#10391));
#10391 = SURFACE_STYLE_USAGE(.BOTH.,#10392);
#10392 = SURFACE_SIDE_STYLE('',(#10393));
#10393 = SURFACE_STYLE_FILL_AREA(#10394);
#10394 = FILL_AREA_STYLE('',(#10395));
#10395 = FILL_AREA_STYLE_COLOUR('',#9587);
#10396 = STYLED_ITEM('color',(#10397),#3428);
#10397 = PRESENTATION_STYLE_ASSIGNMENT((#10398));
#10398 = SURFACE_STYLE_USAGE(.BOTH.,#10399);
#10399 = SURFACE_SIDE_STYLE('',(#10400));
#10400 = SURFACE_STYLE_FILL_AREA(#10401);
#10401 = FILL_AREA_STYLE('',(#10402));
#10402 = FILL_AREA_STYLE_COLOUR('',#10403);
#10403 = COLOUR_RGB('',0.272999999305,0.272999999305,0.272999999305);
#10404 = STYLED_ITEM('color',(#10405),#3460);
#10405 = PRESENTATION_STYLE_ASSIGNMENT((#10406));
#10406 = SURFACE_STYLE_USAGE(.BOTH.,#10407);
#10407 = SURFACE_SIDE_STYLE('',(#10408));
#10408 = SURFACE_STYLE_FILL_AREA(#10409);
#10409 = FILL_AREA_STYLE('',(#10410));
#10410 = FILL_AREA_STYLE_COLOUR('',#10403);
#10411 = STYLED_ITEM('color',(#10412),#3484);
#10412 = PRESENTATION_STYLE_ASSIGNMENT((#10413));
#10413 = SURFACE_STYLE_USAGE(.BOTH.,#10414);
#10414 = SURFACE_SIDE_STYLE('',(#10415));
#10415 = SURFACE_STYLE_FILL_AREA(#10416);
#10416 = FILL_AREA_STYLE('',(#10417));
#10417 = FILL_AREA_STYLE_COLOUR('',#10403);
#10418 = STYLED_ITEM('color',(#10419),#3509);
#10419 = PRESENTATION_STYLE_ASSIGNMENT((#10420));
#10420 = SURFACE_STYLE_USAGE(.BOTH.,#10421);
#10421 = SURFACE_SIDE_STYLE('',(#10422));
#10422 = SURFACE_STYLE_FILL_AREA(#10423);
#10423 = FILL_AREA_STYLE('',(#10424));
#10424 = FILL_AREA_STYLE_COLOUR('',#10403);
#10425 = STYLED_ITEM('color',(#10426),#3533);
#10426 = PRESENTATION_STYLE_ASSIGNMENT((#10427));
#10427 = SURFACE_STYLE_USAGE(.BOTH.,#10428);
#10428 = SURFACE_SIDE_STYLE('',(#10429));
#10429 = SURFACE_STYLE_FILL_AREA(#10430);
#10430 = FILL_AREA_STYLE('',(#10431));
#10431 = FILL_AREA_STYLE_COLOUR('',#10403);
#10432 = STYLED_ITEM('color',(#10433),#3558);
#10433 = PRESENTATION_STYLE_ASSIGNMENT((#10434));
#10434 = SURFACE_STYLE_USAGE(.BOTH.,#10435);
#10435 = SURFACE_SIDE_STYLE('',(#10436));
#10436 = SURFACE_STYLE_FILL_AREA(#10437);
#10437 = FILL_AREA_STYLE('',(#10438));
#10438 = FILL_AREA_STYLE_COLOUR('',#10403);
#10439 = STYLED_ITEM('color',(#10440),#3582);
#10440 = PRESENTATION_STYLE_ASSIGNMENT((#10441));
#10441 = SURFACE_STYLE_USAGE(.BOTH.,#10442);
#10442 = SURFACE_SIDE_STYLE('',(#10443));
#10443 = SURFACE_STYLE_FILL_AREA(#10444);
#10444 = FILL_AREA_STYLE('',(#10445));
#10445 = FILL_AREA_STYLE_COLOUR('',#10403);
#10446 = STYLED_ITEM('color',(#10447),#3607);
#10447 = PRESENTATION_STYLE_ASSIGNMENT((#10448));
#10448 = SURFACE_STYLE_USAGE(.BOTH.,#10449);
#10449 = SURFACE_SIDE_STYLE('',(#10450));
#10450 = SURFACE_STYLE_FILL_AREA(#10451);
#10451 = FILL_AREA_STYLE('',(#10452));
#10452 = FILL_AREA_STYLE_COLOUR('',#10403);
#10453 = STYLED_ITEM('color',(#10454),#3624);
#10454 = PRESENTATION_STYLE_ASSIGNMENT((#10455));
#10455 = SURFACE_STYLE_USAGE(.BOTH.,#10456);
#10456 = SURFACE_SIDE_STYLE('',(#10457));
#10457 = SURFACE_STYLE_FILL_AREA(#10458);
#10458 = FILL_AREA_STYLE('',(#10459));
#10459 = FILL_AREA_STYLE_COLOUR('',#9587);
#10460 = STYLED_ITEM('color',(#10461),#3710);
#10461 = PRESENTATION_STYLE_ASSIGNMENT((#10462));
#10462 = SURFACE_STYLE_USAGE(.BOTH.,#10463);
#10463 = SURFACE_SIDE_STYLE('',(#10464));
#10464 = SURFACE_STYLE_FILL_AREA(#10465);
#10465 = FILL_AREA_STYLE('',(#10466));
#10466 = FILL_AREA_STYLE_COLOUR('',#9587);
#10467 = STYLED_ITEM('color',(#10468),#3741);
#10468 = PRESENTATION_STYLE_ASSIGNMENT((#10469));
#10469 = SURFACE_STYLE_USAGE(.BOTH.,#10470);
#10470 = SURFACE_SIDE_STYLE('',(#10471));
#10471 = SURFACE_STYLE_FILL_AREA(#10472);
#10472 = FILL_AREA_STYLE('',(#10473));
#10473 = FILL_AREA_STYLE_COLOUR('',#9587);
#10474 = STYLED_ITEM('color',(#10475),#3766);
#10475 = PRESENTATION_STYLE_ASSIGNMENT((#10476));
#10476 = SURFACE_STYLE_USAGE(.BOTH.,#10477);
#10477 = SURFACE_SIDE_STYLE('',(#10478));
#10478 = SURFACE_STYLE_FILL_AREA(#10479);
#10479 = FILL_AREA_STYLE('',(#10480));
#10480 = FILL_AREA_STYLE_COLOUR('',#9587);
#10481 = STYLED_ITEM('color',(#10482),#3791);
#10482 = PRESENTATION_STYLE_ASSIGNMENT((#10483));
#10483 = SURFACE_STYLE_USAGE(.BOTH.,#10484);
#10484 = SURFACE_SIDE_STYLE('',(#10485));
#10485 = SURFACE_STYLE_FILL_AREA(#10486);
#10486 = FILL_AREA_STYLE('',(#10487));
#10487 = FILL_AREA_STYLE_COLOUR('',#9587);
#10488 = STYLED_ITEM('color',(#10489),#3815);
#10489 = PRESENTATION_STYLE_ASSIGNMENT((#10490));
#10490 = SURFACE_STYLE_USAGE(.BOTH.,#10491);
#10491 = SURFACE_SIDE_STYLE('',(#10492));
#10492 = SURFACE_STYLE_FILL_AREA(#10493);
#10493 = FILL_AREA_STYLE('',(#10494));
#10494 = FILL_AREA_STYLE_COLOUR('',#9587);
#10495 = STYLED_ITEM('color',(#10496),#3839);
#10496 = PRESENTATION_STYLE_ASSIGNMENT((#10497));
#10497 = SURFACE_STYLE_USAGE(.BOTH.,#10498);
#10498 = SURFACE_SIDE_STYLE('',(#10499));
#10499 = SURFACE_STYLE_FILL_AREA(#10500);
#10500 = FILL_AREA_STYLE('',(#10501));
#10501 = FILL_AREA_STYLE_COLOUR('',#9587);
#10502 = STYLED_ITEM('color',(#10503),#3864);
#10503 = PRESENTATION_STYLE_ASSIGNMENT((#10504));
#10504 = SURFACE_STYLE_USAGE(.BOTH.,#10505);
#10505 = SURFACE_SIDE_STYLE('',(#10506));
#10506 = SURFACE_STYLE_FILL_AREA(#10507);
#10507 = FILL_AREA_STYLE('',(#10508));
#10508 = FILL_AREA_STYLE_COLOUR('',#9587);
#10509 = STYLED_ITEM('color',(#10510),#3889);
#10510 = PRESENTATION_STYLE_ASSIGNMENT((#10511));
#10511 = SURFACE_STYLE_USAGE(.BOTH.,#10512);
#10512 = SURFACE_SIDE_STYLE('',(#10513));
#10513 = SURFACE_STYLE_FILL_AREA(#10514);
#10514 = FILL_AREA_STYLE('',(#10515));
#10515 = FILL_AREA_STYLE_COLOUR('',#9587);
#10516 = STYLED_ITEM('color',(#10517),#3906);
#10517 = PRESENTATION_STYLE_ASSIGNMENT((#10518));
#10518 = SURFACE_STYLE_USAGE(.BOTH.,#10519);
#10519 = SURFACE_SIDE_STYLE('',(#10520));
#10520 = SURFACE_STYLE_FILL_AREA(#10521);
#10521 = FILL_AREA_STYLE('',(#10522));
#10522 = FILL_AREA_STYLE_COLOUR('',#9587);
#10523 = MECHANICAL_DESIGN_GEOMETRIC_PRESENTATION_REPRESENTATION('',(
    #10524,#10534,#10543,#10552,#10561,#10570,#10579,#10588,#10597,
    #10606,#10615,#10624,#10633,#10642,#10651,#10660,#10669,#10678,
    #10687,#10696,#10705,#10714,#10723,#10732,#10741,#10750,#10759,
    #10768,#10777,#10786,#10795,#10804,#10813,#10822,#10831,#10840,
    #10849,#10858,#10867,#10876,#10885,#10894,#10903,#10912,#10921,
    #10930,#10939,#10948,#10957,#10966,#10975,#10984,#10993,#11002,
    #11011,#11020,#11029,#11038,#11047,#11056,#11065,#11074,#11083,
    #11092,#11101,#11110,#11119,#11128,#11137),#3026);
#10524 = STYLED_ITEM('color',(#10525),#1046);
#10525 = PRESENTATION_STYLE_ASSIGNMENT((#10526,#10532));
#10526 = SURFACE_STYLE_USAGE(.BOTH.,#10527);
#10527 = SURFACE_SIDE_STYLE('',(#10528));
#10528 = SURFACE_STYLE_FILL_AREA(#10529);
#10529 = FILL_AREA_STYLE('',(#10530));
#10530 = FILL_AREA_STYLE_COLOUR('',#10531);
#10531 = COLOUR_RGB('',0.147999998088,0.145000001626,0.145000001626);
#10532 = CURVE_STYLE('',#10533,POSITIVE_LENGTH_MEASURE(0.1),#10531);
#10533 = DRAUGHTING_PRE_DEFINED_CURVE_FONT('continuous');
#10534 = STYLED_ITEM('color',(#10535),#1084);
#10535 = PRESENTATION_STYLE_ASSIGNMENT((#10536,#10541));
#10536 = SURFACE_STYLE_USAGE(.BOTH.,#10537);
#10537 = SURFACE_SIDE_STYLE('',(#10538));
#10538 = SURFACE_STYLE_FILL_AREA(#10539);
#10539 = FILL_AREA_STYLE('',(#10540));
#10540 = FILL_AREA_STYLE_COLOUR('',#10531);
#10541 = CURVE_STYLE('',#10542,POSITIVE_LENGTH_MEASURE(0.1),#10531);
#10542 = DRAUGHTING_PRE_DEFINED_CURVE_FONT('continuous');
#10543 = STYLED_ITEM('color',(#10544),#1147);
#10544 = PRESENTATION_STYLE_ASSIGNMENT((#10545,#10550));
#10545 = SURFACE_STYLE_USAGE(.BOTH.,#10546);
#10546 = SURFACE_SIDE_STYLE('',(#10547));
#10547 = SURFACE_STYLE_FILL_AREA(#10548);
#10548 = FILL_AREA_STYLE('',(#10549));
#10549 = FILL_AREA_STYLE_COLOUR('',#10531);
#10550 = CURVE_STYLE('',#10551,POSITIVE_LENGTH_MEASURE(0.1),#10531);
#10551 = DRAUGHTING_PRE_DEFINED_CURVE_FONT('continuous');
#10552 = STYLED_ITEM('color',(#10553),#1170);
#10553 = PRESENTATION_STYLE_ASSIGNMENT((#10554,#10559));
#10554 = SURFACE_STYLE_USAGE(.BOTH.,#10555);
#10555 = SURFACE_SIDE_STYLE('',(#10556));
#10556 = SURFACE_STYLE_FILL_AREA(#10557);
#10557 = FILL_AREA_STYLE('',(#10558));
#10558 = FILL_AREA_STYLE_COLOUR('',#10531);
#10559 = CURVE_STYLE('',#10560,POSITIVE_LENGTH_MEASURE(0.1),#10531);
#10560 = DRAUGHTING_PRE_DEFINED_CURVE_FONT('continuous');
#10561 = STYLED_ITEM('color',(#10562),#1199);
#10562 = PRESENTATION_STYLE_ASSIGNMENT((#10563,#10568));
#10563 = SURFACE_STYLE_USAGE(.BOTH.,#10564);
#10564 = SURFACE_SIDE_STYLE('',(#10565));
#10565 = SURFACE_STYLE_FILL_AREA(#10566);
#10566 = FILL_AREA_STYLE('',(#10567));
#10567 = FILL_AREA_STYLE_COLOUR('',#10531);
#10568 = CURVE_STYLE('',#10569,POSITIVE_LENGTH_MEASURE(0.1),#10531);
#10569 = DRAUGHTING_PRE_DEFINED_CURVE_FONT('continuous');
#10570 = STYLED_ITEM('color',(#10571),#1222);
#10571 = PRESENTATION_STYLE_ASSIGNMENT((#10572,#10577));
#10572 = SURFACE_STYLE_USAGE(.BOTH.,#10573);
#10573 = SURFACE_SIDE_STYLE('',(#10574));
#10574 = SURFACE_STYLE_FILL_AREA(#10575);
#10575 = FILL_AREA_STYLE('',(#10576));
#10576 = FILL_AREA_STYLE_COLOUR('',#10531);
#10577 = CURVE_STYLE('',#10578,POSITIVE_LENGTH_MEASURE(0.1),#10531);
#10578 = DRAUGHTING_PRE_DEFINED_CURVE_FONT('continuous');
#10579 = STYLED_ITEM('color',(#10580),#1277);
#10580 = PRESENTATION_STYLE_ASSIGNMENT((#10581,#10586));
#10581 = SURFACE_STYLE_USAGE(.BOTH.,#10582);
#10582 = SURFACE_SIDE_STYLE('',(#10583));
#10583 = SURFACE_STYLE_FILL_AREA(#10584);
#10584 = FILL_AREA_STYLE('',(#10585));
#10585 = FILL_AREA_STYLE_COLOUR('',#10531);
#10586 = CURVE_STYLE('',#10587,POSITIVE_LENGTH_MEASURE(0.1),#10531);
#10587 = DRAUGHTING_PRE_DEFINED_CURVE_FONT('continuous');
#10588 = STYLED_ITEM('color',(#10589),#1316);
#10589 = PRESENTATION_STYLE_ASSIGNMENT((#10590,#10595));
#10590 = SURFACE_STYLE_USAGE(.BOTH.,#10591);
#10591 = SURFACE_SIDE_STYLE('',(#10592));
#10592 = SURFACE_STYLE_FILL_AREA(#10593);
#10593 = FILL_AREA_STYLE('',(#10594));
#10594 = FILL_AREA_STYLE_COLOUR('',#10531);
#10595 = CURVE_STYLE('',#10596,POSITIVE_LENGTH_MEASURE(0.1),#10531);
#10596 = DRAUGHTING_PRE_DEFINED_CURVE_FONT('continuous');
#10597 = STYLED_ITEM('color',(#10598),#1339);
#10598 = PRESENTATION_STYLE_ASSIGNMENT((#10599,#10604));
#10599 = SURFACE_STYLE_USAGE(.BOTH.,#10600);
#10600 = SURFACE_SIDE_STYLE('',(#10601));
#10601 = SURFACE_STYLE_FILL_AREA(#10602);
#10602 = FILL_AREA_STYLE('',(#10603));
#10603 = FILL_AREA_STYLE_COLOUR('',#10531);
#10604 = CURVE_STYLE('',#10605,POSITIVE_LENGTH_MEASURE(0.1),#10531);
#10605 = DRAUGHTING_PRE_DEFINED_CURVE_FONT('continuous');
#10606 = STYLED_ITEM('color',(#10607),#1362);
#10607 = PRESENTATION_STYLE_ASSIGNMENT((#10608,#10613));
#10608 = SURFACE_STYLE_USAGE(.BOTH.,#10609);
#10609 = SURFACE_SIDE_STYLE('',(#10610));
#10610 = SURFACE_STYLE_FILL_AREA(#10611);
#10611 = FILL_AREA_STYLE('',(#10612));
#10612 = FILL_AREA_STYLE_COLOUR('',#10531);
#10613 = CURVE_STYLE('',#10614,POSITIVE_LENGTH_MEASURE(0.1),#10531);
#10614 = DRAUGHTING_PRE_DEFINED_CURVE_FONT('continuous');
#10615 = STYLED_ITEM('color',(#10616),#1379);
#10616 = PRESENTATION_STYLE_ASSIGNMENT((#10617,#10622));
#10617 = SURFACE_STYLE_USAGE(.BOTH.,#10618);
#10618 = SURFACE_SIDE_STYLE('',(#10619));
#10619 = SURFACE_STYLE_FILL_AREA(#10620);
#10620 = FILL_AREA_STYLE('',(#10621));
#10621 = FILL_AREA_STYLE_COLOUR('',#10531);
#10622 = CURVE_STYLE('',#10623,POSITIVE_LENGTH_MEASURE(0.1),#10531);
#10623 = DRAUGHTING_PRE_DEFINED_CURVE_FONT('continuous');
#10624 = STYLED_ITEM('color',(#10625),#1402);
#10625 = PRESENTATION_STYLE_ASSIGNMENT((#10626,#10631));
#10626 = SURFACE_STYLE_USAGE(.BOTH.,#10627);
#10627 = SURFACE_SIDE_STYLE('',(#10628));
#10628 = SURFACE_STYLE_FILL_AREA(#10629);
#10629 = FILL_AREA_STYLE('',(#10630));
#10630 = FILL_AREA_STYLE_COLOUR('',#10531);
#10631 = CURVE_STYLE('',#10632,POSITIVE_LENGTH_MEASURE(0.1),#10531);
#10632 = DRAUGHTING_PRE_DEFINED_CURVE_FONT('continuous');
#10633 = STYLED_ITEM('color',(#10634),#1490);
#10634 = PRESENTATION_STYLE_ASSIGNMENT((#10635,#10640));
#10635 = SURFACE_STYLE_USAGE(.BOTH.,#10636);
#10636 = SURFACE_SIDE_STYLE('',(#10637));
#10637 = SURFACE_STYLE_FILL_AREA(#10638);
#10638 = FILL_AREA_STYLE('',(#10639));
#10639 = FILL_AREA_STYLE_COLOUR('',#10531);
#10640 = CURVE_STYLE('',#10641,POSITIVE_LENGTH_MEASURE(0.1),#10531);
#10641 = DRAUGHTING_PRE_DEFINED_CURVE_FONT('continuous');
#10642 = STYLED_ITEM('color',(#10643),#1506);
#10643 = PRESENTATION_STYLE_ASSIGNMENT((#10644,#10649));
#10644 = SURFACE_STYLE_USAGE(.BOTH.,#10645);
#10645 = SURFACE_SIDE_STYLE('',(#10646));
#10646 = SURFACE_STYLE_FILL_AREA(#10647);
#10647 = FILL_AREA_STYLE('',(#10648));
#10648 = FILL_AREA_STYLE_COLOUR('',#10531);
#10649 = CURVE_STYLE('',#10650,POSITIVE_LENGTH_MEASURE(0.1),#10531);
#10650 = DRAUGHTING_PRE_DEFINED_CURVE_FONT('continuous');
#10651 = STYLED_ITEM('color',(#10652),#1536);
#10652 = PRESENTATION_STYLE_ASSIGNMENT((#10653,#10658));
#10653 = SURFACE_STYLE_USAGE(.BOTH.,#10654);
#10654 = SURFACE_SIDE_STYLE('',(#10655));
#10655 = SURFACE_STYLE_FILL_AREA(#10656);
#10656 = FILL_AREA_STYLE('',(#10657));
#10657 = FILL_AREA_STYLE_COLOUR('',#9587);
#10658 = CURVE_STYLE('',#10659,POSITIVE_LENGTH_MEASURE(0.1),#9587);
#10659 = DRAUGHTING_PRE_DEFINED_CURVE_FONT('continuous');
#10660 = STYLED_ITEM('color',(#10661),#1569);
#10661 = PRESENTATION_STYLE_ASSIGNMENT((#10662,#10667));
#10662 = SURFACE_STYLE_USAGE(.BOTH.,#10663);
#10663 = SURFACE_SIDE_STYLE('',(#10664));
#10664 = SURFACE_STYLE_FILL_AREA(#10665);
#10665 = FILL_AREA_STYLE('',(#10666));
#10666 = FILL_AREA_STYLE_COLOUR('',#10531);
#10667 = CURVE_STYLE('',#10668,POSITIVE_LENGTH_MEASURE(0.1),#10531);
#10668 = DRAUGHTING_PRE_DEFINED_CURVE_FONT('continuous');
#10669 = STYLED_ITEM('color',(#10670),#1600);
#10670 = PRESENTATION_STYLE_ASSIGNMENT((#10671,#10676));
#10671 = SURFACE_STYLE_USAGE(.BOTH.,#10672);
#10672 = SURFACE_SIDE_STYLE('',(#10673));
#10673 = SURFACE_STYLE_FILL_AREA(#10674);
#10674 = FILL_AREA_STYLE('',(#10675));
#10675 = FILL_AREA_STYLE_COLOUR('',#9587);
#10676 = CURVE_STYLE('',#10677,POSITIVE_LENGTH_MEASURE(0.1),#9587);
#10677 = DRAUGHTING_PRE_DEFINED_CURVE_FONT('continuous');
#10678 = STYLED_ITEM('color',(#10679),#1633);
#10679 = PRESENTATION_STYLE_ASSIGNMENT((#10680,#10685));
#10680 = SURFACE_STYLE_USAGE(.BOTH.,#10681);
#10681 = SURFACE_SIDE_STYLE('',(#10682));
#10682 = SURFACE_STYLE_FILL_AREA(#10683);
#10683 = FILL_AREA_STYLE('',(#10684));
#10684 = FILL_AREA_STYLE_COLOUR('',#10531);
#10685 = CURVE_STYLE('',#10686,POSITIVE_LENGTH_MEASURE(0.1),#10531);
#10686 = DRAUGHTING_PRE_DEFINED_CURVE_FONT('continuous');
#10687 = STYLED_ITEM('color',(#10688),#1650);
#10688 = PRESENTATION_STYLE_ASSIGNMENT((#10689,#10694));
#10689 = SURFACE_STYLE_USAGE(.BOTH.,#10690);
#10690 = SURFACE_SIDE_STYLE('',(#10691));
#10691 = SURFACE_STYLE_FILL_AREA(#10692);
#10692 = FILL_AREA_STYLE('',(#10693));
#10693 = FILL_AREA_STYLE_COLOUR('',#10531);
#10694 = CURVE_STYLE('',#10695,POSITIVE_LENGTH_MEASURE(0.1),#10531);
#10695 = DRAUGHTING_PRE_DEFINED_CURVE_FONT('continuous');
#10696 = STYLED_ITEM('color',(#10697),#1667);
#10697 = PRESENTATION_STYLE_ASSIGNMENT((#10698,#10703));
#10698 = SURFACE_STYLE_USAGE(.BOTH.,#10699);
#10699 = SURFACE_SIDE_STYLE('',(#10700));
#10700 = SURFACE_STYLE_FILL_AREA(#10701);
#10701 = FILL_AREA_STYLE('',(#10702));
#10702 = FILL_AREA_STYLE_COLOUR('',#9587);
#10703 = CURVE_STYLE('',#10704,POSITIVE_LENGTH_MEASURE(0.1),#9587);
#10704 = DRAUGHTING_PRE_DEFINED_CURVE_FONT('continuous');
#10705 = STYLED_ITEM('color',(#10706),#1700);
#10706 = PRESENTATION_STYLE_ASSIGNMENT((#10707,#10712));
#10707 = SURFACE_STYLE_USAGE(.BOTH.,#10708);
#10708 = SURFACE_SIDE_STYLE('',(#10709));
#10709 = SURFACE_STYLE_FILL_AREA(#10710);
#10710 = FILL_AREA_STYLE('',(#10711));
#10711 = FILL_AREA_STYLE_COLOUR('',#10531);
#10712 = CURVE_STYLE('',#10713,POSITIVE_LENGTH_MEASURE(0.1),#10531);
#10713 = DRAUGHTING_PRE_DEFINED_CURVE_FONT('continuous');
#10714 = STYLED_ITEM('color',(#10715),#1730);
#10715 = PRESENTATION_STYLE_ASSIGNMENT((#10716,#10721));
#10716 = SURFACE_STYLE_USAGE(.BOTH.,#10717);
#10717 = SURFACE_SIDE_STYLE('',(#10718));
#10718 = SURFACE_STYLE_FILL_AREA(#10719);
#10719 = FILL_AREA_STYLE('',(#10720));
#10720 = FILL_AREA_STYLE_COLOUR('',#10531);
#10721 = CURVE_STYLE('',#10722,POSITIVE_LENGTH_MEASURE(0.1),#10531);
#10722 = DRAUGHTING_PRE_DEFINED_CURVE_FONT('continuous');
#10723 = STYLED_ITEM('color',(#10724),#1753);
#10724 = PRESENTATION_STYLE_ASSIGNMENT((#10725,#10730));
#10725 = SURFACE_STYLE_USAGE(.BOTH.,#10726);
#10726 = SURFACE_SIDE_STYLE('',(#10727));
#10727 = SURFACE_STYLE_FILL_AREA(#10728);
#10728 = FILL_AREA_STYLE('',(#10729));
#10729 = FILL_AREA_STYLE_COLOUR('',#10531);
#10730 = CURVE_STYLE('',#10731,POSITIVE_LENGTH_MEASURE(0.1),#10531);
#10731 = DRAUGHTING_PRE_DEFINED_CURVE_FONT('continuous');
#10732 = STYLED_ITEM('color',(#10733),#1776);
#10733 = PRESENTATION_STYLE_ASSIGNMENT((#10734,#10739));
#10734 = SURFACE_STYLE_USAGE(.BOTH.,#10735);
#10735 = SURFACE_SIDE_STYLE('',(#10736));
#10736 = SURFACE_STYLE_FILL_AREA(#10737);
#10737 = FILL_AREA_STYLE('',(#10738));
#10738 = FILL_AREA_STYLE_COLOUR('',#10531);
#10739 = CURVE_STYLE('',#10740,POSITIVE_LENGTH_MEASURE(0.1),#10531);
#10740 = DRAUGHTING_PRE_DEFINED_CURVE_FONT('continuous');
#10741 = STYLED_ITEM('color',(#10742),#1793);
#10742 = PRESENTATION_STYLE_ASSIGNMENT((#10743,#10748));
#10743 = SURFACE_STYLE_USAGE(.BOTH.,#10744);
#10744 = SURFACE_SIDE_STYLE('',(#10745));
#10745 = SURFACE_STYLE_FILL_AREA(#10746);
#10746 = FILL_AREA_STYLE('',(#10747));
#10747 = FILL_AREA_STYLE_COLOUR('',#9587);
#10748 = CURVE_STYLE('',#10749,POSITIVE_LENGTH_MEASURE(0.1),#9587);
#10749 = DRAUGHTING_PRE_DEFINED_CURVE_FONT('continuous');
#10750 = STYLED_ITEM('color',(#10751),#1822);
#10751 = PRESENTATION_STYLE_ASSIGNMENT((#10752,#10757));
#10752 = SURFACE_STYLE_USAGE(.BOTH.,#10753);
#10753 = SURFACE_SIDE_STYLE('',(#10754));
#10754 = SURFACE_STYLE_FILL_AREA(#10755);
#10755 = FILL_AREA_STYLE('',(#10756));
#10756 = FILL_AREA_STYLE_COLOUR('',#10531);
#10757 = CURVE_STYLE('',#10758,POSITIVE_LENGTH_MEASURE(0.1),#10531);
#10758 = DRAUGHTING_PRE_DEFINED_CURVE_FONT('continuous');
#10759 = STYLED_ITEM('color',(#10760),#1876);
#10760 = PRESENTATION_STYLE_ASSIGNMENT((#10761,#10766));
#10761 = SURFACE_STYLE_USAGE(.BOTH.,#10762);
#10762 = SURFACE_SIDE_STYLE('',(#10763));
#10763 = SURFACE_STYLE_FILL_AREA(#10764);
#10764 = FILL_AREA_STYLE('',(#10765));
#10765 = FILL_AREA_STYLE_COLOUR('',#10531);
#10766 = CURVE_STYLE('',#10767,POSITIVE_LENGTH_MEASURE(0.1),#10531);
#10767 = DRAUGHTING_PRE_DEFINED_CURVE_FONT('continuous');
#10768 = STYLED_ITEM('color',(#10769),#1899);
#10769 = PRESENTATION_STYLE_ASSIGNMENT((#10770,#10775));
#10770 = SURFACE_STYLE_USAGE(.BOTH.,#10771);
#10771 = SURFACE_SIDE_STYLE('',(#10772));
#10772 = SURFACE_STYLE_FILL_AREA(#10773);
#10773 = FILL_AREA_STYLE('',(#10774));
#10774 = FILL_AREA_STYLE_COLOUR('',#10531);
#10775 = CURVE_STYLE('',#10776,POSITIVE_LENGTH_MEASURE(0.1),#10531);
#10776 = DRAUGHTING_PRE_DEFINED_CURVE_FONT('continuous');
#10777 = STYLED_ITEM('color',(#10778),#1922);
#10778 = PRESENTATION_STYLE_ASSIGNMENT((#10779,#10784));
#10779 = SURFACE_STYLE_USAGE(.BOTH.,#10780);
#10780 = SURFACE_SIDE_STYLE('',(#10781));
#10781 = SURFACE_STYLE_FILL_AREA(#10782);
#10782 = FILL_AREA_STYLE('',(#10783));
#10783 = FILL_AREA_STYLE_COLOUR('',#10531);
#10784 = CURVE_STYLE('',#10785,POSITIVE_LENGTH_MEASURE(0.1),#10531);
#10785 = DRAUGHTING_PRE_DEFINED_CURVE_FONT('continuous');
#10786 = STYLED_ITEM('color',(#10787),#1945);
#10787 = PRESENTATION_STYLE_ASSIGNMENT((#10788,#10793));
#10788 = SURFACE_STYLE_USAGE(.BOTH.,#10789);
#10789 = SURFACE_SIDE_STYLE('',(#10790));
#10790 = SURFACE_STYLE_FILL_AREA(#10791);
#10791 = FILL_AREA_STYLE('',(#10792));
#10792 = FILL_AREA_STYLE_COLOUR('',#10531);
#10793 = CURVE_STYLE('',#10794,POSITIVE_LENGTH_MEASURE(0.1),#10531);
#10794 = DRAUGHTING_PRE_DEFINED_CURVE_FONT('continuous');
#10795 = STYLED_ITEM('color',(#10796),#1984);
#10796 = PRESENTATION_STYLE_ASSIGNMENT((#10797,#10802));
#10797 = SURFACE_STYLE_USAGE(.BOTH.,#10798);
#10798 = SURFACE_SIDE_STYLE('',(#10799));
#10799 = SURFACE_STYLE_FILL_AREA(#10800);
#10800 = FILL_AREA_STYLE('',(#10801));
#10801 = FILL_AREA_STYLE_COLOUR('',#9587);
#10802 = CURVE_STYLE('',#10803,POSITIVE_LENGTH_MEASURE(0.1),#9587);
#10803 = DRAUGHTING_PRE_DEFINED_CURVE_FONT('continuous');
#10804 = STYLED_ITEM('color',(#10805),#2006);
#10805 = PRESENTATION_STYLE_ASSIGNMENT((#10806,#10811));
#10806 = SURFACE_STYLE_USAGE(.BOTH.,#10807);
#10807 = SURFACE_SIDE_STYLE('',(#10808));
#10808 = SURFACE_STYLE_FILL_AREA(#10809);
#10809 = FILL_AREA_STYLE('',(#10810));
#10810 = FILL_AREA_STYLE_COLOUR('',#10531);
#10811 = CURVE_STYLE('',#10812,POSITIVE_LENGTH_MEASURE(0.1),#10531);
#10812 = DRAUGHTING_PRE_DEFINED_CURVE_FONT('continuous');
#10813 = STYLED_ITEM('color',(#10814),#2050);
#10814 = PRESENTATION_STYLE_ASSIGNMENT((#10815,#10820));
#10815 = SURFACE_STYLE_USAGE(.BOTH.,#10816);
#10816 = SURFACE_SIDE_STYLE('',(#10817));
#10817 = SURFACE_STYLE_FILL_AREA(#10818);
#10818 = FILL_AREA_STYLE('',(#10819));
#10819 = FILL_AREA_STYLE_COLOUR('',#9587);
#10820 = CURVE_STYLE('',#10821,POSITIVE_LENGTH_MEASURE(0.1),#9587);
#10821 = DRAUGHTING_PRE_DEFINED_CURVE_FONT('continuous');
#10822 = STYLED_ITEM('color',(#10823),#2125);
#10823 = PRESENTATION_STYLE_ASSIGNMENT((#10824,#10829));
#10824 = SURFACE_STYLE_USAGE(.BOTH.,#10825);
#10825 = SURFACE_SIDE_STYLE('',(#10826));
#10826 = SURFACE_STYLE_FILL_AREA(#10827);
#10827 = FILL_AREA_STYLE('',(#10828));
#10828 = FILL_AREA_STYLE_COLOUR('',#9587);
#10829 = CURVE_STYLE('',#10830,POSITIVE_LENGTH_MEASURE(0.1),#9587);
#10830 = DRAUGHTING_PRE_DEFINED_CURVE_FONT('continuous');
#10831 = STYLED_ITEM('color',(#10832),#2149);
#10832 = PRESENTATION_STYLE_ASSIGNMENT((#10833,#10838));
#10833 = SURFACE_STYLE_USAGE(.BOTH.,#10834);
#10834 = SURFACE_SIDE_STYLE('',(#10835));
#10835 = SURFACE_STYLE_FILL_AREA(#10836);
#10836 = FILL_AREA_STYLE('',(#10837));
#10837 = FILL_AREA_STYLE_COLOUR('',#9587);
#10838 = CURVE_STYLE('',#10839,POSITIVE_LENGTH_MEASURE(0.1),#9587);
#10839 = DRAUGHTING_PRE_DEFINED_CURVE_FONT('continuous');
#10840 = STYLED_ITEM('color',(#10841),#2217);
#10841 = PRESENTATION_STYLE_ASSIGNMENT((#10842,#10847));
#10842 = SURFACE_STYLE_USAGE(.BOTH.,#10843);
#10843 = SURFACE_SIDE_STYLE('',(#10844));
#10844 = SURFACE_STYLE_FILL_AREA(#10845);
#10845 = FILL_AREA_STYLE('',(#10846));
#10846 = FILL_AREA_STYLE_COLOUR('',#10531);
#10847 = CURVE_STYLE('',#10848,POSITIVE_LENGTH_MEASURE(0.1),#10531);
#10848 = DRAUGHTING_PRE_DEFINED_CURVE_FONT('continuous');
#10849 = STYLED_ITEM('color',(#10850),#2234);
#10850 = PRESENTATION_STYLE_ASSIGNMENT((#10851,#10856));
#10851 = SURFACE_STYLE_USAGE(.BOTH.,#10852);
#10852 = SURFACE_SIDE_STYLE('',(#10853));
#10853 = SURFACE_STYLE_FILL_AREA(#10854);
#10854 = FILL_AREA_STYLE('',(#10855));
#10855 = FILL_AREA_STYLE_COLOUR('',#9587);
#10856 = CURVE_STYLE('',#10857,POSITIVE_LENGTH_MEASURE(0.1),#9587);
#10857 = DRAUGHTING_PRE_DEFINED_CURVE_FONT('continuous');
#10858 = STYLED_ITEM('color',(#10859),#2309);
#10859 = PRESENTATION_STYLE_ASSIGNMENT((#10860,#10865));
#10860 = SURFACE_STYLE_USAGE(.BOTH.,#10861);
#10861 = SURFACE_SIDE_STYLE('',(#10862));
#10862 = SURFACE_STYLE_FILL_AREA(#10863);
#10863 = FILL_AREA_STYLE('',(#10864));
#10864 = FILL_AREA_STYLE_COLOUR('',#9587);
#10865 = CURVE_STYLE('',#10866,POSITIVE_LENGTH_MEASURE(0.1),#9587);
#10866 = DRAUGHTING_PRE_DEFINED_CURVE_FONT('continuous');
#10867 = STYLED_ITEM('color',(#10868),#2333);
#10868 = PRESENTATION_STYLE_ASSIGNMENT((#10869,#10874));
#10869 = SURFACE_STYLE_USAGE(.BOTH.,#10870);
#10870 = SURFACE_SIDE_STYLE('',(#10871));
#10871 = SURFACE_STYLE_FILL_AREA(#10872);
#10872 = FILL_AREA_STYLE('',(#10873));
#10873 = FILL_AREA_STYLE_COLOUR('',#9587);
#10874 = CURVE_STYLE('',#10875,POSITIVE_LENGTH_MEASURE(0.1),#9587);
#10875 = DRAUGHTING_PRE_DEFINED_CURVE_FONT('continuous');
#10876 = STYLED_ITEM('color',(#10877),#2401);
#10877 = PRESENTATION_STYLE_ASSIGNMENT((#10878,#10883));
#10878 = SURFACE_STYLE_USAGE(.BOTH.,#10879);
#10879 = SURFACE_SIDE_STYLE('',(#10880));
#10880 = SURFACE_STYLE_FILL_AREA(#10881);
#10881 = FILL_AREA_STYLE('',(#10882));
#10882 = FILL_AREA_STYLE_COLOUR('',#9587);
#10883 = CURVE_STYLE('',#10884,POSITIVE_LENGTH_MEASURE(0.1),#9587);
#10884 = DRAUGHTING_PRE_DEFINED_CURVE_FONT('continuous');
#10885 = STYLED_ITEM('color',(#10886),#2476);
#10886 = PRESENTATION_STYLE_ASSIGNMENT((#10887,#10892));
#10887 = SURFACE_STYLE_USAGE(.BOTH.,#10888);
#10888 = SURFACE_SIDE_STYLE('',(#10889));
#10889 = SURFACE_STYLE_FILL_AREA(#10890);
#10890 = FILL_AREA_STYLE('',(#10891));
#10891 = FILL_AREA_STYLE_COLOUR('',#9587);
#10892 = CURVE_STYLE('',#10893,POSITIVE_LENGTH_MEASURE(0.1),#9587);
#10893 = DRAUGHTING_PRE_DEFINED_CURVE_FONT('continuous');
#10894 = STYLED_ITEM('color',(#10895),#2500);
#10895 = PRESENTATION_STYLE_ASSIGNMENT((#10896,#10901));
#10896 = SURFACE_STYLE_USAGE(.BOTH.,#10897);
#10897 = SURFACE_SIDE_STYLE('',(#10898));
#10898 = SURFACE_STYLE_FILL_AREA(#10899);
#10899 = FILL_AREA_STYLE('',(#10900));
#10900 = FILL_AREA_STYLE_COLOUR('',#9587);
#10901 = CURVE_STYLE('',#10902,POSITIVE_LENGTH_MEASURE(0.1),#9587);
#10902 = DRAUGHTING_PRE_DEFINED_CURVE_FONT('continuous');
#10903 = STYLED_ITEM('color',(#10904),#2568);
#10904 = PRESENTATION_STYLE_ASSIGNMENT((#10905,#10910));
#10905 = SURFACE_STYLE_USAGE(.BOTH.,#10906);
#10906 = SURFACE_SIDE_STYLE('',(#10907));
#10907 = SURFACE_STYLE_FILL_AREA(#10908);
#10908 = FILL_AREA_STYLE('',(#10909));
#10909 = FILL_AREA_STYLE_COLOUR('',#9587);
#10910 = CURVE_STYLE('',#10911,POSITIVE_LENGTH_MEASURE(0.1),#9587);
#10911 = DRAUGHTING_PRE_DEFINED_CURVE_FONT('continuous');
#10912 = STYLED_ITEM('color',(#10913),#2585);
#10913 = PRESENTATION_STYLE_ASSIGNMENT((#10914,#10919));
#10914 = SURFACE_STYLE_USAGE(.BOTH.,#10915);
#10915 = SURFACE_SIDE_STYLE('',(#10916));
#10916 = SURFACE_STYLE_FILL_AREA(#10917);
#10917 = FILL_AREA_STYLE('',(#10918));
#10918 = FILL_AREA_STYLE_COLOUR('',#9587);
#10919 = CURVE_STYLE('',#10920,POSITIVE_LENGTH_MEASURE(0.1),#9587);
#10920 = DRAUGHTING_PRE_DEFINED_CURVE_FONT('continuous');
#10921 = STYLED_ITEM('color',(#10922),#2602);
#10922 = PRESENTATION_STYLE_ASSIGNMENT((#10923,#10928));
#10923 = SURFACE_STYLE_USAGE(.BOTH.,#10924);
#10924 = SURFACE_SIDE_STYLE('',(#10925));
#10925 = SURFACE_STYLE_FILL_AREA(#10926);
#10926 = FILL_AREA_STYLE('',(#10927));
#10927 = FILL_AREA_STYLE_COLOUR('',#10531);
#10928 = CURVE_STYLE('',#10929,POSITIVE_LENGTH_MEASURE(0.1),#10531);
#10929 = DRAUGHTING_PRE_DEFINED_CURVE_FONT('continuous');
#10930 = STYLED_ITEM('color',(#10931),#2648);
#10931 = PRESENTATION_STYLE_ASSIGNMENT((#10932,#10937));
#10932 = SURFACE_STYLE_USAGE(.BOTH.,#10933);
#10933 = SURFACE_SIDE_STYLE('',(#10934));
#10934 = SURFACE_STYLE_FILL_AREA(#10935);
#10935 = FILL_AREA_STYLE('',(#10936));
#10936 = FILL_AREA_STYLE_COLOUR('',#10531);
#10937 = CURVE_STYLE('',#10938,POSITIVE_LENGTH_MEASURE(0.1),#10531);
#10938 = DRAUGHTING_PRE_DEFINED_CURVE_FONT('continuous');
#10939 = STYLED_ITEM('color',(#10940),#2664);
#10940 = PRESENTATION_STYLE_ASSIGNMENT((#10941,#10946));
#10941 = SURFACE_STYLE_USAGE(.BOTH.,#10942);
#10942 = SURFACE_SIDE_STYLE('',(#10943));
#10943 = SURFACE_STYLE_FILL_AREA(#10944);
#10944 = FILL_AREA_STYLE('',(#10945));
#10945 = FILL_AREA_STYLE_COLOUR('',#10531);
#10946 = CURVE_STYLE('',#10947,POSITIVE_LENGTH_MEASURE(0.1),#10531);
#10947 = DRAUGHTING_PRE_DEFINED_CURVE_FONT('continuous');
#10948 = STYLED_ITEM('color',(#10949),#2680);
#10949 = PRESENTATION_STYLE_ASSIGNMENT((#10950,#10955));
#10950 = SURFACE_STYLE_USAGE(.BOTH.,#10951);
#10951 = SURFACE_SIDE_STYLE('',(#10952));
#10952 = SURFACE_STYLE_FILL_AREA(#10953);
#10953 = FILL_AREA_STYLE('',(#10954));
#10954 = FILL_AREA_STYLE_COLOUR('',#9587);
#10955 = CURVE_STYLE('',#10956,POSITIVE_LENGTH_MEASURE(0.1),#9587);
#10956 = DRAUGHTING_PRE_DEFINED_CURVE_FONT('continuous');
#10957 = STYLED_ITEM('color',(#10958),#2697);
#10958 = PRESENTATION_STYLE_ASSIGNMENT((#10959,#10964));
#10959 = SURFACE_STYLE_USAGE(.BOTH.,#10960);
#10960 = SURFACE_SIDE_STYLE('',(#10961));
#10961 = SURFACE_STYLE_FILL_AREA(#10962);
#10962 = FILL_AREA_STYLE('',(#10963));
#10963 = FILL_AREA_STYLE_COLOUR('',#10531);
#10964 = CURVE_STYLE('',#10965,POSITIVE_LENGTH_MEASURE(0.1),#10531);
#10965 = DRAUGHTING_PRE_DEFINED_CURVE_FONT('continuous');
#10966 = STYLED_ITEM('color',(#10967),#2709);
#10967 = PRESENTATION_STYLE_ASSIGNMENT((#10968,#10973));
#10968 = SURFACE_STYLE_USAGE(.BOTH.,#10969);
#10969 = SURFACE_SIDE_STYLE('',(#10970));
#10970 = SURFACE_STYLE_FILL_AREA(#10971);
#10971 = FILL_AREA_STYLE('',(#10972));
#10972 = FILL_AREA_STYLE_COLOUR('',#9587);
#10973 = CURVE_STYLE('',#10974,POSITIVE_LENGTH_MEASURE(0.1),#9587);
#10974 = DRAUGHTING_PRE_DEFINED_CURVE_FONT('continuous');
#10975 = STYLED_ITEM('color',(#10976),#2726);
#10976 = PRESENTATION_STYLE_ASSIGNMENT((#10977,#10982));
#10977 = SURFACE_STYLE_USAGE(.BOTH.,#10978);
#10978 = SURFACE_SIDE_STYLE('',(#10979));
#10979 = SURFACE_STYLE_FILL_AREA(#10980);
#10980 = FILL_AREA_STYLE('',(#10981));
#10981 = FILL_AREA_STYLE_COLOUR('',#9587);
#10982 = CURVE_STYLE('',#10983,POSITIVE_LENGTH_MEASURE(0.1),#9587);
#10983 = DRAUGHTING_PRE_DEFINED_CURVE_FONT('continuous');
#10984 = STYLED_ITEM('color',(#10985),#2743);
#10985 = PRESENTATION_STYLE_ASSIGNMENT((#10986,#10991));
#10986 = SURFACE_STYLE_USAGE(.BOTH.,#10987);
#10987 = SURFACE_SIDE_STYLE('',(#10988));
#10988 = SURFACE_STYLE_FILL_AREA(#10989);
#10989 = FILL_AREA_STYLE('',(#10990));
#10990 = FILL_AREA_STYLE_COLOUR('',#9587);
#10991 = CURVE_STYLE('',#10992,POSITIVE_LENGTH_MEASURE(0.1),#9587);
#10992 = DRAUGHTING_PRE_DEFINED_CURVE_FONT('continuous');
#10993 = STYLED_ITEM('color',(#10994),#2760);
#10994 = PRESENTATION_STYLE_ASSIGNMENT((#10995,#11000));
#10995 = SURFACE_STYLE_USAGE(.BOTH.,#10996);
#10996 = SURFACE_SIDE_STYLE('',(#10997));
#10997 = SURFACE_STYLE_FILL_AREA(#10998);
#10998 = FILL_AREA_STYLE('',(#10999));
#10999 = FILL_AREA_STYLE_COLOUR('',#9587);
#11000 = CURVE_STYLE('',#11001,POSITIVE_LENGTH_MEASURE(0.1),#9587);
#11001 = DRAUGHTING_PRE_DEFINED_CURVE_FONT('continuous');
#11002 = STYLED_ITEM('color',(#11003),#2777);
#11003 = PRESENTATION_STYLE_ASSIGNMENT((#11004,#11009));
#11004 = SURFACE_STYLE_USAGE(.BOTH.,#11005);
#11005 = SURFACE_SIDE_STYLE('',(#11006));
#11006 = SURFACE_STYLE_FILL_AREA(#11007);
#11007 = FILL_AREA_STYLE('',(#11008));
#11008 = FILL_AREA_STYLE_COLOUR('',#9587);
#11009 = CURVE_STYLE('',#11010,POSITIVE_LENGTH_MEASURE(0.1),#9587);
#11010 = DRAUGHTING_PRE_DEFINED_CURVE_FONT('continuous');
#11011 = STYLED_ITEM('color',(#11012),#2794);
#11012 = PRESENTATION_STYLE_ASSIGNMENT((#11013,#11018));
#11013 = SURFACE_STYLE_USAGE(.BOTH.,#11014);
#11014 = SURFACE_SIDE_STYLE('',(#11015));
#11015 = SURFACE_STYLE_FILL_AREA(#11016);
#11016 = FILL_AREA_STYLE('',(#11017));
#11017 = FILL_AREA_STYLE_COLOUR('',#9587);
#11018 = CURVE_STYLE('',#11019,POSITIVE_LENGTH_MEASURE(0.1),#9587);
#11019 = DRAUGHTING_PRE_DEFINED_CURVE_FONT('continuous');
#11020 = STYLED_ITEM('color',(#11021),#2811);
#11021 = PRESENTATION_STYLE_ASSIGNMENT((#11022,#11027));
#11022 = SURFACE_STYLE_USAGE(.BOTH.,#11023);
#11023 = SURFACE_SIDE_STYLE('',(#11024));
#11024 = SURFACE_STYLE_FILL_AREA(#11025);
#11025 = FILL_AREA_STYLE('',(#11026));
#11026 = FILL_AREA_STYLE_COLOUR('',#9587);
#11027 = CURVE_STYLE('',#11028,POSITIVE_LENGTH_MEASURE(0.1),#9587);
#11028 = DRAUGHTING_PRE_DEFINED_CURVE_FONT('continuous');
#11029 = STYLED_ITEM('color',(#11030),#2823);
#11030 = PRESENTATION_STYLE_ASSIGNMENT((#11031,#11036));
#11031 = SURFACE_STYLE_USAGE(.BOTH.,#11032);
#11032 = SURFACE_SIDE_STYLE('',(#11033));
#11033 = SURFACE_STYLE_FILL_AREA(#11034);
#11034 = FILL_AREA_STYLE('',(#11035));
#11035 = FILL_AREA_STYLE_COLOUR('',#9587);
#11036 = CURVE_STYLE('',#11037,POSITIVE_LENGTH_MEASURE(0.1),#9587);
#11037 = DRAUGHTING_PRE_DEFINED_CURVE_FONT('continuous');
#11038 = STYLED_ITEM('color',(#11039),#2840);
#11039 = PRESENTATION_STYLE_ASSIGNMENT((#11040,#11045));
#11040 = SURFACE_STYLE_USAGE(.BOTH.,#11041);
#11041 = SURFACE_SIDE_STYLE('',(#11042));
#11042 = SURFACE_STYLE_FILL_AREA(#11043);
#11043 = FILL_AREA_STYLE('',(#11044));
#11044 = FILL_AREA_STYLE_COLOUR('',#9587);
#11045 = CURVE_STYLE('',#11046,POSITIVE_LENGTH_MEASURE(0.1),#9587);
#11046 = DRAUGHTING_PRE_DEFINED_CURVE_FONT('continuous');
#11047 = STYLED_ITEM('color',(#11048),#2857);
#11048 = PRESENTATION_STYLE_ASSIGNMENT((#11049,#11054));
#11049 = SURFACE_STYLE_USAGE(.BOTH.,#11050);
#11050 = SURFACE_SIDE_STYLE('',(#11051));
#11051 = SURFACE_STYLE_FILL_AREA(#11052);
#11052 = FILL_AREA_STYLE('',(#11053));
#11053 = FILL_AREA_STYLE_COLOUR('',#9587);
#11054 = CURVE_STYLE('',#11055,POSITIVE_LENGTH_MEASURE(0.1),#9587);
#11055 = DRAUGHTING_PRE_DEFINED_CURVE_FONT('continuous');
#11056 = STYLED_ITEM('color',(#11057),#2874);
#11057 = PRESENTATION_STYLE_ASSIGNMENT((#11058,#11063));
#11058 = SURFACE_STYLE_USAGE(.BOTH.,#11059);
#11059 = SURFACE_SIDE_STYLE('',(#11060));
#11060 = SURFACE_STYLE_FILL_AREA(#11061);
#11061 = FILL_AREA_STYLE('',(#11062));
#11062 = FILL_AREA_STYLE_COLOUR('',#9587);
#11063 = CURVE_STYLE('',#11064,POSITIVE_LENGTH_MEASURE(0.1),#9587);
#11064 = DRAUGHTING_PRE_DEFINED_CURVE_FONT('continuous');
#11065 = STYLED_ITEM('color',(#11066),#2891);
#11066 = PRESENTATION_STYLE_ASSIGNMENT((#11067,#11072));
#11067 = SURFACE_STYLE_USAGE(.BOTH.,#11068);
#11068 = SURFACE_SIDE_STYLE('',(#11069));
#11069 = SURFACE_STYLE_FILL_AREA(#11070);
#11070 = FILL_AREA_STYLE('',(#11071));
#11071 = FILL_AREA_STYLE_COLOUR('',#9587);
#11072 = CURVE_STYLE('',#11073,POSITIVE_LENGTH_MEASURE(0.1),#9587);
#11073 = DRAUGHTING_PRE_DEFINED_CURVE_FONT('continuous');
#11074 = STYLED_ITEM('color',(#11075),#2908);
#11075 = PRESENTATION_STYLE_ASSIGNMENT((#11076,#11081));
#11076 = SURFACE_STYLE_USAGE(.BOTH.,#11077);
#11077 = SURFACE_SIDE_STYLE('',(#11078));
#11078 = SURFACE_STYLE_FILL_AREA(#11079);
#11079 = FILL_AREA_STYLE('',(#11080));
#11080 = FILL_AREA_STYLE_COLOUR('',#9587);
#11081 = CURVE_STYLE('',#11082,POSITIVE_LENGTH_MEASURE(0.1),#9587);
#11082 = DRAUGHTING_PRE_DEFINED_CURVE_FONT('continuous');
#11083 = STYLED_ITEM('color',(#11084),#2920);
#11084 = PRESENTATION_STYLE_ASSIGNMENT((#11085,#11090));
#11085 = SURFACE_STYLE_USAGE(.BOTH.,#11086);
#11086 = SURFACE_SIDE_STYLE('',(#11087));
#11087 = SURFACE_STYLE_FILL_AREA(#11088);
#11088 = FILL_AREA_STYLE('',(#11089));
#11089 = FILL_AREA_STYLE_COLOUR('',#9587);
#11090 = CURVE_STYLE('',#11091,POSITIVE_LENGTH_MEASURE(0.1),#9587);
#11091 = DRAUGHTING_PRE_DEFINED_CURVE_FONT('continuous');
#11092 = STYLED_ITEM('color',(#11093),#2937);
#11093 = PRESENTATION_STYLE_ASSIGNMENT((#11094,#11099));
#11094 = SURFACE_STYLE_USAGE(.BOTH.,#11095);
#11095 = SURFACE_SIDE_STYLE('',(#11096));
#11096 = SURFACE_STYLE_FILL_AREA(#11097);
#11097 = FILL_AREA_STYLE('',(#11098));
#11098 = FILL_AREA_STYLE_COLOUR('',#9587);
#11099 = CURVE_STYLE('',#11100,POSITIVE_LENGTH_MEASURE(0.1),#9587);
#11100 = DRAUGHTING_PRE_DEFINED_CURVE_FONT('continuous');
#11101 = STYLED_ITEM('color',(#11102),#2954);
#11102 = PRESENTATION_STYLE_ASSIGNMENT((#11103,#11108));
#11103 = SURFACE_STYLE_USAGE(.BOTH.,#11104);
#11104 = SURFACE_SIDE_STYLE('',(#11105));
#11105 = SURFACE_STYLE_FILL_AREA(#11106);
#11106 = FILL_AREA_STYLE('',(#11107));
#11107 = FILL_AREA_STYLE_COLOUR('',#9587);
#11108 = CURVE_STYLE('',#11109,POSITIVE_LENGTH_MEASURE(0.1),#9587);
#11109 = DRAUGHTING_PRE_DEFINED_CURVE_FONT('continuous');
#11110 = STYLED_ITEM('color',(#11111),#2971);
#11111 = PRESENTATION_STYLE_ASSIGNMENT((#11112,#11117));
#11112 = SURFACE_STYLE_USAGE(.BOTH.,#11113);
#11113 = SURFACE_SIDE_STYLE('',(#11114));
#11114 = SURFACE_STYLE_FILL_AREA(#11115);
#11115 = FILL_AREA_STYLE('',(#11116));
#11116 = FILL_AREA_STYLE_COLOUR('',#9587);
#11117 = CURVE_STYLE('',#11118,POSITIVE_LENGTH_MEASURE(0.1),#9587);
#11118 = DRAUGHTING_PRE_DEFINED_CURVE_FONT('continuous');
#11119 = STYLED_ITEM('color',(#11120),#2988);
#11120 = PRESENTATION_STYLE_ASSIGNMENT((#11121,#11126));
#11121 = SURFACE_STYLE_USAGE(.BOTH.,#11122);
#11122 = SURFACE_SIDE_STYLE('',(#11123));
#11123 = SURFACE_STYLE_FILL_AREA(#11124);
#11124 = FILL_AREA_STYLE('',(#11125));
#11125 = FILL_AREA_STYLE_COLOUR('',#9587);
#11126 = CURVE_STYLE('',#11127,POSITIVE_LENGTH_MEASURE(0.1),#9587);
#11127 = DRAUGHTING_PRE_DEFINED_CURVE_FONT('continuous');
#11128 = STYLED_ITEM('color',(#11129),#3005);
#11129 = PRESENTATION_STYLE_ASSIGNMENT((#11130,#11135));
#11130 = SURFACE_STYLE_USAGE(.BOTH.,#11131);
#11131 = SURFACE_SIDE_STYLE('',(#11132));
#11132 = SURFACE_STYLE_FILL_AREA(#11133);
#11133 = FILL_AREA_STYLE('',(#11134));
#11134 = FILL_AREA_STYLE_COLOUR('',#9587);
#11135 = CURVE_STYLE('',#11136,POSITIVE_LENGTH_MEASURE(0.1),#9587);
#11136 = DRAUGHTING_PRE_DEFINED_CURVE_FONT('continuous');
#11137 = STYLED_ITEM('color',(#11138),#3017);
#11138 = PRESENTATION_STYLE_ASSIGNMENT((#11139,#11145));
#11139 = SURFACE_STYLE_USAGE(.BOTH.,#11140);
#11140 = SURFACE_SIDE_STYLE('',(#11141));
#11141 = SURFACE_STYLE_FILL_AREA(#11142);
#11142 = FILL_AREA_STYLE('',(#11143));
#11143 = FILL_AREA_STYLE_COLOUR('',#11144);
#11144 = COLOUR_RGB('',0.690999998585,0.664000007176,0.597999987832);
#11145 = CURVE_STYLE('',#11146,POSITIVE_LENGTH_MEASURE(0.1),#11144);
#11146 = DRAUGHTING_PRE_DEFINED_CURVE_FONT('continuous');
#11147 = MECHANICAL_DESIGN_GEOMETRIC_PRESENTATION_REPRESENTATION('',(
    #11148,#11157,#11166,#11175,#11184,#11193,#11202,#11211,#11220,
    #11229,#11238,#11247,#11256,#11265,#11274,#11283,#11292,#11301,
    #11310,#11319,#11328,#11337,#11346,#11355,#11364,#11373,#11382,
    #11391,#11400,#11409,#11418,#11427,#11436,#11445,#11454,#11463,
    #11472,#11481,#11490,#11499,#11508,#11517,#11526,#11535,#11544,
    #11553,#11562,#11571,#11580,#11589,#11598,#11607,#11616,#11625,
    #11634,#11643,#11652,#11661,#11670),#5657);
#11148 = STYLED_ITEM('color',(#11149),#3971);
#11149 = PRESENTATION_STYLE_ASSIGNMENT((#11150,#11155));
#11150 = SURFACE_STYLE_USAGE(.BOTH.,#11151);
#11151 = SURFACE_SIDE_STYLE('',(#11152));
#11152 = SURFACE_STYLE_FILL_AREA(#11153);
#11153 = FILL_AREA_STYLE('',(#11154));
#11154 = FILL_AREA_STYLE_COLOUR('',#10531);
#11155 = CURVE_STYLE('',#11156,POSITIVE_LENGTH_MEASURE(0.1),#10531);
#11156 = DRAUGHTING_PRE_DEFINED_CURVE_FONT('continuous');
#11157 = STYLED_ITEM('color',(#11158),#4025);
#11158 = PRESENTATION_STYLE_ASSIGNMENT((#11159,#11164));
#11159 = SURFACE_STYLE_USAGE(.BOTH.,#11160);
#11160 = SURFACE_SIDE_STYLE('',(#11161));
#11161 = SURFACE_STYLE_FILL_AREA(#11162);
#11162 = FILL_AREA_STYLE('',(#11163));
#11163 = FILL_AREA_STYLE_COLOUR('',#10531);
#11164 = CURVE_STYLE('',#11165,POSITIVE_LENGTH_MEASURE(0.1),#10531);
#11165 = DRAUGHTING_PRE_DEFINED_CURVE_FONT('continuous');
#11166 = STYLED_ITEM('color',(#11167),#4088);
#11167 = PRESENTATION_STYLE_ASSIGNMENT((#11168,#11173));
#11168 = SURFACE_STYLE_USAGE(.BOTH.,#11169);
#11169 = SURFACE_SIDE_STYLE('',(#11170));
#11170 = SURFACE_STYLE_FILL_AREA(#11171);
#11171 = FILL_AREA_STYLE('',(#11172));
#11172 = FILL_AREA_STYLE_COLOUR('',#10531);
#11173 = CURVE_STYLE('',#11174,POSITIVE_LENGTH_MEASURE(0.1),#10531);
#11174 = DRAUGHTING_PRE_DEFINED_CURVE_FONT('continuous');
#11175 = STYLED_ITEM('color',(#11176),#4111);
#11176 = PRESENTATION_STYLE_ASSIGNMENT((#11177,#11182));
#11177 = SURFACE_STYLE_USAGE(.BOTH.,#11178);
#11178 = SURFACE_SIDE_STYLE('',(#11179));
#11179 = SURFACE_STYLE_FILL_AREA(#11180);
#11180 = FILL_AREA_STYLE('',(#11181));
#11181 = FILL_AREA_STYLE_COLOUR('',#10531);
#11182 = CURVE_STYLE('',#11183,POSITIVE_LENGTH_MEASURE(0.1),#10531);
#11183 = DRAUGHTING_PRE_DEFINED_CURVE_FONT('continuous');
#11184 = STYLED_ITEM('color',(#11185),#4141);
#11185 = PRESENTATION_STYLE_ASSIGNMENT((#11186,#11191));
#11186 = SURFACE_STYLE_USAGE(.BOTH.,#11187);
#11187 = SURFACE_SIDE_STYLE('',(#11188));
#11188 = SURFACE_STYLE_FILL_AREA(#11189);
#11189 = FILL_AREA_STYLE('',(#11190));
#11190 = FILL_AREA_STYLE_COLOUR('',#9587);
#11191 = CURVE_STYLE('',#11192,POSITIVE_LENGTH_MEASURE(0.1),#9587);
#11192 = DRAUGHTING_PRE_DEFINED_CURVE_FONT('continuous');
#11193 = STYLED_ITEM('color',(#11194),#4174);
#11194 = PRESENTATION_STYLE_ASSIGNMENT((#11195,#11200));
#11195 = SURFACE_STYLE_USAGE(.BOTH.,#11196);
#11196 = SURFACE_SIDE_STYLE('',(#11197));
#11197 = SURFACE_STYLE_FILL_AREA(#11198);
#11198 = FILL_AREA_STYLE('',(#11199));
#11199 = FILL_AREA_STYLE_COLOUR('',#10531);
#11200 = CURVE_STYLE('',#11201,POSITIVE_LENGTH_MEASURE(0.1),#10531);
#11201 = DRAUGHTING_PRE_DEFINED_CURVE_FONT('continuous');
#11202 = STYLED_ITEM('color',(#11203),#4204);
#11203 = PRESENTATION_STYLE_ASSIGNMENT((#11204,#11209));
#11204 = SURFACE_STYLE_USAGE(.BOTH.,#11205);
#11205 = SURFACE_SIDE_STYLE('',(#11206));
#11206 = SURFACE_STYLE_FILL_AREA(#11207);
#11207 = FILL_AREA_STYLE('',(#11208));
#11208 = FILL_AREA_STYLE_COLOUR('',#10531);
#11209 = CURVE_STYLE('',#11210,POSITIVE_LENGTH_MEASURE(0.1),#10531);
#11210 = DRAUGHTING_PRE_DEFINED_CURVE_FONT('continuous');
#11211 = STYLED_ITEM('color',(#11212),#4227);
#11212 = PRESENTATION_STYLE_ASSIGNMENT((#11213,#11218));
#11213 = SURFACE_STYLE_USAGE(.BOTH.,#11214);
#11214 = SURFACE_SIDE_STYLE('',(#11215));
#11215 = SURFACE_STYLE_FILL_AREA(#11216);
#11216 = FILL_AREA_STYLE('',(#11217));
#11217 = FILL_AREA_STYLE_COLOUR('',#10531);
#11218 = CURVE_STYLE('',#11219,POSITIVE_LENGTH_MEASURE(0.1),#10531);
#11219 = DRAUGHTING_PRE_DEFINED_CURVE_FONT('continuous');
#11220 = STYLED_ITEM('color',(#11221),#4250);
#11221 = PRESENTATION_STYLE_ASSIGNMENT((#11222,#11227));
#11222 = SURFACE_STYLE_USAGE(.BOTH.,#11223);
#11223 = SURFACE_SIDE_STYLE('',(#11224));
#11224 = SURFACE_STYLE_FILL_AREA(#11225);
#11225 = FILL_AREA_STYLE('',(#11226));
#11226 = FILL_AREA_STYLE_COLOUR('',#10531);
#11227 = CURVE_STYLE('',#11228,POSITIVE_LENGTH_MEASURE(0.1),#10531);
#11228 = DRAUGHTING_PRE_DEFINED_CURVE_FONT('continuous');
#11229 = STYLED_ITEM('color',(#11230),#4273);
#11230 = PRESENTATION_STYLE_ASSIGNMENT((#11231,#11236));
#11231 = SURFACE_STYLE_USAGE(.BOTH.,#11232);
#11232 = SURFACE_SIDE_STYLE('',(#11233));
#11233 = SURFACE_STYLE_FILL_AREA(#11234);
#11234 = FILL_AREA_STYLE('',(#11235));
#11235 = FILL_AREA_STYLE_COLOUR('',#10531);
#11236 = CURVE_STYLE('',#11237,POSITIVE_LENGTH_MEASURE(0.1),#10531);
#11237 = DRAUGHTING_PRE_DEFINED_CURVE_FONT('continuous');
#11238 = STYLED_ITEM('color',(#11239),#4296);
#11239 = PRESENTATION_STYLE_ASSIGNMENT((#11240,#11245));
#11240 = SURFACE_STYLE_USAGE(.BOTH.,#11241);
#11241 = SURFACE_SIDE_STYLE('',(#11242));
#11242 = SURFACE_STYLE_FILL_AREA(#11243);
#11243 = FILL_AREA_STYLE('',(#11244));
#11244 = FILL_AREA_STYLE_COLOUR('',#10531);
#11245 = CURVE_STYLE('',#11246,POSITIVE_LENGTH_MEASURE(0.1),#10531);
#11246 = DRAUGHTING_PRE_DEFINED_CURVE_FONT('continuous');
#11247 = STYLED_ITEM('color',(#11248),#4319);
#11248 = PRESENTATION_STYLE_ASSIGNMENT((#11249,#11254));
#11249 = SURFACE_STYLE_USAGE(.BOTH.,#11250);
#11250 = SURFACE_SIDE_STYLE('',(#11251));
#11251 = SURFACE_STYLE_FILL_AREA(#11252);
#11252 = FILL_AREA_STYLE('',(#11253));
#11253 = FILL_AREA_STYLE_COLOUR('',#10531);
#11254 = CURVE_STYLE('',#11255,POSITIVE_LENGTH_MEASURE(0.1),#10531);
#11255 = DRAUGHTING_PRE_DEFINED_CURVE_FONT('continuous');
#11256 = STYLED_ITEM('color',(#11257),#4352);
#11257 = PRESENTATION_STYLE_ASSIGNMENT((#11258,#11263));
#11258 = SURFACE_STYLE_USAGE(.BOTH.,#11259);
#11259 = SURFACE_SIDE_STYLE('',(#11260));
#11260 = SURFACE_STYLE_FILL_AREA(#11261);
#11261 = FILL_AREA_STYLE('',(#11262));
#11262 = FILL_AREA_STYLE_COLOUR('',#10531);
#11263 = CURVE_STYLE('',#11264,POSITIVE_LENGTH_MEASURE(0.1),#10531);
#11264 = DRAUGHTING_PRE_DEFINED_CURVE_FONT('continuous');
#11265 = STYLED_ITEM('color',(#11266),#4375);
#11266 = PRESENTATION_STYLE_ASSIGNMENT((#11267,#11272));
#11267 = SURFACE_STYLE_USAGE(.BOTH.,#11268);
#11268 = SURFACE_SIDE_STYLE('',(#11269));
#11269 = SURFACE_STYLE_FILL_AREA(#11270);
#11270 = FILL_AREA_STYLE('',(#11271));
#11271 = FILL_AREA_STYLE_COLOUR('',#10531);
#11272 = CURVE_STYLE('',#11273,POSITIVE_LENGTH_MEASURE(0.1),#10531);
#11273 = DRAUGHTING_PRE_DEFINED_CURVE_FONT('continuous');
#11274 = STYLED_ITEM('color',(#11275),#4398);
#11275 = PRESENTATION_STYLE_ASSIGNMENT((#11276,#11281));
#11276 = SURFACE_STYLE_USAGE(.BOTH.,#11277);
#11277 = SURFACE_SIDE_STYLE('',(#11278));
#11278 = SURFACE_STYLE_FILL_AREA(#11279);
#11279 = FILL_AREA_STYLE('',(#11280));
#11280 = FILL_AREA_STYLE_COLOUR('',#10531);
#11281 = CURVE_STYLE('',#11282,POSITIVE_LENGTH_MEASURE(0.1),#10531);
#11282 = DRAUGHTING_PRE_DEFINED_CURVE_FONT('continuous');
#11283 = STYLED_ITEM('color',(#11284),#4486);
#11284 = PRESENTATION_STYLE_ASSIGNMENT((#11285,#11290));
#11285 = SURFACE_STYLE_USAGE(.BOTH.,#11286);
#11286 = SURFACE_SIDE_STYLE('',(#11287));
#11287 = SURFACE_STYLE_FILL_AREA(#11288);
#11288 = FILL_AREA_STYLE('',(#11289));
#11289 = FILL_AREA_STYLE_COLOUR('',#9587);
#11290 = CURVE_STYLE('',#11291,POSITIVE_LENGTH_MEASURE(0.1),#9587);
#11291 = DRAUGHTING_PRE_DEFINED_CURVE_FONT('continuous');
#11292 = STYLED_ITEM('color',(#11293),#4561);
#11293 = PRESENTATION_STYLE_ASSIGNMENT((#11294,#11299));
#11294 = SURFACE_STYLE_USAGE(.BOTH.,#11295);
#11295 = SURFACE_SIDE_STYLE('',(#11296));
#11296 = SURFACE_STYLE_FILL_AREA(#11297);
#11297 = FILL_AREA_STYLE('',(#11298));
#11298 = FILL_AREA_STYLE_COLOUR('',#9587);
#11299 = CURVE_STYLE('',#11300,POSITIVE_LENGTH_MEASURE(0.1),#9587);
#11300 = DRAUGHTING_PRE_DEFINED_CURVE_FONT('continuous');
#11301 = STYLED_ITEM('color',(#11302),#4585);
#11302 = PRESENTATION_STYLE_ASSIGNMENT((#11303,#11308));
#11303 = SURFACE_STYLE_USAGE(.BOTH.,#11304);
#11304 = SURFACE_SIDE_STYLE('',(#11305));
#11305 = SURFACE_STYLE_FILL_AREA(#11306);
#11306 = FILL_AREA_STYLE('',(#11307));
#11307 = FILL_AREA_STYLE_COLOUR('',#9587);
#11308 = CURVE_STYLE('',#11309,POSITIVE_LENGTH_MEASURE(0.1),#9587);
#11309 = DRAUGHTING_PRE_DEFINED_CURVE_FONT('continuous');
#11310 = STYLED_ITEM('color',(#11311),#4653);
#11311 = PRESENTATION_STYLE_ASSIGNMENT((#11312,#11317));
#11312 = SURFACE_STYLE_USAGE(.BOTH.,#11313);
#11313 = SURFACE_SIDE_STYLE('',(#11314));
#11314 = SURFACE_STYLE_FILL_AREA(#11315);
#11315 = FILL_AREA_STYLE('',(#11316));
#11316 = FILL_AREA_STYLE_COLOUR('',#10531);
#11317 = CURVE_STYLE('',#11318,POSITIVE_LENGTH_MEASURE(0.1),#10531);
#11318 = DRAUGHTING_PRE_DEFINED_CURVE_FONT('continuous');
#11319 = STYLED_ITEM('color',(#11320),#4741);
#11320 = PRESENTATION_STYLE_ASSIGNMENT((#11321,#11326));
#11321 = SURFACE_STYLE_USAGE(.BOTH.,#11322);
#11322 = SURFACE_SIDE_STYLE('',(#11323));
#11323 = SURFACE_STYLE_FILL_AREA(#11324);
#11324 = FILL_AREA_STYLE('',(#11325));
#11325 = FILL_AREA_STYLE_COLOUR('',#10531);
#11326 = CURVE_STYLE('',#11327,POSITIVE_LENGTH_MEASURE(0.1),#10531);
#11327 = DRAUGHTING_PRE_DEFINED_CURVE_FONT('continuous');
#11328 = STYLED_ITEM('color',(#11329),#4757);
#11329 = PRESENTATION_STYLE_ASSIGNMENT((#11330,#11335));
#11330 = SURFACE_STYLE_USAGE(.BOTH.,#11331);
#11331 = SURFACE_SIDE_STYLE('',(#11332));
#11332 = SURFACE_STYLE_FILL_AREA(#11333);
#11333 = FILL_AREA_STYLE('',(#11334));
#11334 = FILL_AREA_STYLE_COLOUR('',#10531);
#11335 = CURVE_STYLE('',#11336,POSITIVE_LENGTH_MEASURE(0.1),#10531);
#11336 = DRAUGHTING_PRE_DEFINED_CURVE_FONT('continuous');
#11337 = STYLED_ITEM('color',(#11338),#4773);
#11338 = PRESENTATION_STYLE_ASSIGNMENT((#11339,#11344));
#11339 = SURFACE_STYLE_USAGE(.BOTH.,#11340);
#11340 = SURFACE_SIDE_STYLE('',(#11341));
#11341 = SURFACE_STYLE_FILL_AREA(#11342);
#11342 = FILL_AREA_STYLE('',(#11343));
#11343 = FILL_AREA_STYLE_COLOUR('',#10531);
#11344 = CURVE_STYLE('',#11345,POSITIVE_LENGTH_MEASURE(0.1),#10531);
#11345 = DRAUGHTING_PRE_DEFINED_CURVE_FONT('continuous');
#11346 = STYLED_ITEM('color',(#11347),#4789);
#11347 = PRESENTATION_STYLE_ASSIGNMENT((#11348,#11353));
#11348 = SURFACE_STYLE_USAGE(.BOTH.,#11349);
#11349 = SURFACE_SIDE_STYLE('',(#11350));
#11350 = SURFACE_STYLE_FILL_AREA(#11351);
#11351 = FILL_AREA_STYLE('',(#11352));
#11352 = FILL_AREA_STYLE_COLOUR('',#10531);
#11353 = CURVE_STYLE('',#11354,POSITIVE_LENGTH_MEASURE(0.1),#10531);
#11354 = DRAUGHTING_PRE_DEFINED_CURVE_FONT('continuous');
#11355 = STYLED_ITEM('color',(#11356),#4805);
#11356 = PRESENTATION_STYLE_ASSIGNMENT((#11357,#11362));
#11357 = SURFACE_STYLE_USAGE(.BOTH.,#11358);
#11358 = SURFACE_SIDE_STYLE('',(#11359));
#11359 = SURFACE_STYLE_FILL_AREA(#11360);
#11360 = FILL_AREA_STYLE('',(#11361));
#11361 = FILL_AREA_STYLE_COLOUR('',#10531);
#11362 = CURVE_STYLE('',#11363,POSITIVE_LENGTH_MEASURE(0.1),#10531);
#11363 = DRAUGHTING_PRE_DEFINED_CURVE_FONT('continuous');
#11364 = STYLED_ITEM('color',(#11365),#4822);
#11365 = PRESENTATION_STYLE_ASSIGNMENT((#11366,#11371));
#11366 = SURFACE_STYLE_USAGE(.BOTH.,#11367);
#11367 = SURFACE_SIDE_STYLE('',(#11368));
#11368 = SURFACE_STYLE_FILL_AREA(#11369);
#11369 = FILL_AREA_STYLE('',(#11370));
#11370 = FILL_AREA_STYLE_COLOUR('',#9587);
#11371 = CURVE_STYLE('',#11372,POSITIVE_LENGTH_MEASURE(0.1),#9587);
#11372 = DRAUGHTING_PRE_DEFINED_CURVE_FONT('continuous');
#11373 = STYLED_ITEM('color',(#11374),#4855);
#11374 = PRESENTATION_STYLE_ASSIGNMENT((#11375,#11380));
#11375 = SURFACE_STYLE_USAGE(.BOTH.,#11376);
#11376 = SURFACE_SIDE_STYLE('',(#11377));
#11377 = SURFACE_STYLE_FILL_AREA(#11378);
#11378 = FILL_AREA_STYLE('',(#11379));
#11379 = FILL_AREA_STYLE_COLOUR('',#10531);
#11380 = CURVE_STYLE('',#11381,POSITIVE_LENGTH_MEASURE(0.1),#10531);
#11381 = DRAUGHTING_PRE_DEFINED_CURVE_FONT('continuous');
#11382 = STYLED_ITEM('color',(#11383),#4872);
#11383 = PRESENTATION_STYLE_ASSIGNMENT((#11384,#11389));
#11384 = SURFACE_STYLE_USAGE(.BOTH.,#11385);
#11385 = SURFACE_SIDE_STYLE('',(#11386));
#11386 = SURFACE_STYLE_FILL_AREA(#11387);
#11387 = FILL_AREA_STYLE('',(#11388));
#11388 = FILL_AREA_STYLE_COLOUR('',#9587);
#11389 = CURVE_STYLE('',#11390,POSITIVE_LENGTH_MEASURE(0.1),#9587);
#11390 = DRAUGHTING_PRE_DEFINED_CURVE_FONT('continuous');
#11391 = STYLED_ITEM('color',(#11392),#4894);
#11392 = PRESENTATION_STYLE_ASSIGNMENT((#11393,#11398));
#11393 = SURFACE_STYLE_USAGE(.BOTH.,#11394);
#11394 = SURFACE_SIDE_STYLE('',(#11395));
#11395 = SURFACE_STYLE_FILL_AREA(#11396);
#11396 = FILL_AREA_STYLE('',(#11397));
#11397 = FILL_AREA_STYLE_COLOUR('',#10531);
#11398 = CURVE_STYLE('',#11399,POSITIVE_LENGTH_MEASURE(0.1),#10531);
#11399 = DRAUGHTING_PRE_DEFINED_CURVE_FONT('continuous');
#11400 = STYLED_ITEM('color',(#11401),#4925);
#11401 = PRESENTATION_STYLE_ASSIGNMENT((#11402,#11407));
#11402 = SURFACE_STYLE_USAGE(.BOTH.,#11403);
#11403 = SURFACE_SIDE_STYLE('',(#11404));
#11404 = SURFACE_STYLE_FILL_AREA(#11405);
#11405 = FILL_AREA_STYLE('',(#11406));
#11406 = FILL_AREA_STYLE_COLOUR('',#10531);
#11407 = CURVE_STYLE('',#11408,POSITIVE_LENGTH_MEASURE(0.1),#10531);
#11408 = DRAUGHTING_PRE_DEFINED_CURVE_FONT('continuous');
#11409 = STYLED_ITEM('color',(#11410),#4948);
#11410 = PRESENTATION_STYLE_ASSIGNMENT((#11411,#11416));
#11411 = SURFACE_STYLE_USAGE(.BOTH.,#11412);
#11412 = SURFACE_SIDE_STYLE('',(#11413));
#11413 = SURFACE_STYLE_FILL_AREA(#11414);
#11414 = FILL_AREA_STYLE('',(#11415));
#11415 = FILL_AREA_STYLE_COLOUR('',#10531);
#11416 = CURVE_STYLE('',#11417,POSITIVE_LENGTH_MEASURE(0.1),#10531);
#11417 = DRAUGHTING_PRE_DEFINED_CURVE_FONT('continuous');
#11418 = STYLED_ITEM('color',(#11419),#4971);
#11419 = PRESENTATION_STYLE_ASSIGNMENT((#11420,#11425));
#11420 = SURFACE_STYLE_USAGE(.BOTH.,#11421);
#11421 = SURFACE_SIDE_STYLE('',(#11422));
#11422 = SURFACE_STYLE_FILL_AREA(#11423);
#11423 = FILL_AREA_STYLE('',(#11424));
#11424 = FILL_AREA_STYLE_COLOUR('',#10531);
#11425 = CURVE_STYLE('',#11426,POSITIVE_LENGTH_MEASURE(0.1),#10531);
#11426 = DRAUGHTING_PRE_DEFINED_CURVE_FONT('continuous');
#11427 = STYLED_ITEM('color',(#11428),#4994);
#11428 = PRESENTATION_STYLE_ASSIGNMENT((#11429,#11434));
#11429 = SURFACE_STYLE_USAGE(.BOTH.,#11430);
#11430 = SURFACE_SIDE_STYLE('',(#11431));
#11431 = SURFACE_STYLE_FILL_AREA(#11432);
#11432 = FILL_AREA_STYLE('',(#11433));
#11433 = FILL_AREA_STYLE_COLOUR('',#10531);
#11434 = CURVE_STYLE('',#11435,POSITIVE_LENGTH_MEASURE(0.1),#10531);
#11435 = DRAUGHTING_PRE_DEFINED_CURVE_FONT('continuous');
#11436 = STYLED_ITEM('color',(#11437),#5024);
#11437 = PRESENTATION_STYLE_ASSIGNMENT((#11438,#11443));
#11438 = SURFACE_STYLE_USAGE(.BOTH.,#11439);
#11439 = SURFACE_SIDE_STYLE('',(#11440));
#11440 = SURFACE_STYLE_FILL_AREA(#11441);
#11441 = FILL_AREA_STYLE('',(#11442));
#11442 = FILL_AREA_STYLE_COLOUR('',#9587);
#11443 = CURVE_STYLE('',#11444,POSITIVE_LENGTH_MEASURE(0.1),#9587);
#11444 = DRAUGHTING_PRE_DEFINED_CURVE_FONT('continuous');
#11445 = STYLED_ITEM('color',(#11446),#5041);
#11446 = PRESENTATION_STYLE_ASSIGNMENT((#11447,#11452));
#11447 = SURFACE_STYLE_USAGE(.BOTH.,#11448);
#11448 = SURFACE_SIDE_STYLE('',(#11449));
#11449 = SURFACE_STYLE_FILL_AREA(#11450);
#11450 = FILL_AREA_STYLE('',(#11451));
#11451 = FILL_AREA_STYLE_COLOUR('',#9587);
#11452 = CURVE_STYLE('',#11453,POSITIVE_LENGTH_MEASURE(0.1),#9587);
#11453 = DRAUGHTING_PRE_DEFINED_CURVE_FONT('continuous');
#11454 = STYLED_ITEM('color',(#11455),#5058);
#11455 = PRESENTATION_STYLE_ASSIGNMENT((#11456,#11461));
#11456 = SURFACE_STYLE_USAGE(.BOTH.,#11457);
#11457 = SURFACE_SIDE_STYLE('',(#11458));
#11458 = SURFACE_STYLE_FILL_AREA(#11459);
#11459 = FILL_AREA_STYLE('',(#11460));
#11460 = FILL_AREA_STYLE_COLOUR('',#9587);
#11461 = CURVE_STYLE('',#11462,POSITIVE_LENGTH_MEASURE(0.1),#9587);
#11462 = DRAUGHTING_PRE_DEFINED_CURVE_FONT('continuous');
#11463 = STYLED_ITEM('color',(#11464),#5075);
#11464 = PRESENTATION_STYLE_ASSIGNMENT((#11465,#11470));
#11465 = SURFACE_STYLE_USAGE(.BOTH.,#11466);
#11466 = SURFACE_SIDE_STYLE('',(#11467));
#11467 = SURFACE_STYLE_FILL_AREA(#11468);
#11468 = FILL_AREA_STYLE('',(#11469));
#11469 = FILL_AREA_STYLE_COLOUR('',#9587);
#11470 = CURVE_STYLE('',#11471,POSITIVE_LENGTH_MEASURE(0.1),#9587);
#11471 = DRAUGHTING_PRE_DEFINED_CURVE_FONT('continuous');
#11472 = STYLED_ITEM('color',(#11473),#5092);
#11473 = PRESENTATION_STYLE_ASSIGNMENT((#11474,#11479));
#11474 = SURFACE_STYLE_USAGE(.BOTH.,#11475);
#11475 = SURFACE_SIDE_STYLE('',(#11476));
#11476 = SURFACE_STYLE_FILL_AREA(#11477);
#11477 = FILL_AREA_STYLE('',(#11478));
#11478 = FILL_AREA_STYLE_COLOUR('',#9587);
#11479 = CURVE_STYLE('',#11480,POSITIVE_LENGTH_MEASURE(0.1),#9587);
#11480 = DRAUGHTING_PRE_DEFINED_CURVE_FONT('continuous');
#11481 = STYLED_ITEM('color',(#11482),#5109);
#11482 = PRESENTATION_STYLE_ASSIGNMENT((#11483,#11488));
#11483 = SURFACE_STYLE_USAGE(.BOTH.,#11484);
#11484 = SURFACE_SIDE_STYLE('',(#11485));
#11485 = SURFACE_STYLE_FILL_AREA(#11486);
#11486 = FILL_AREA_STYLE('',(#11487));
#11487 = FILL_AREA_STYLE_COLOUR('',#9587);
#11488 = CURVE_STYLE('',#11489,POSITIVE_LENGTH_MEASURE(0.1),#9587);
#11489 = DRAUGHTING_PRE_DEFINED_CURVE_FONT('continuous');
#11490 = STYLED_ITEM('color',(#11491),#5126);
#11491 = PRESENTATION_STYLE_ASSIGNMENT((#11492,#11497));
#11492 = SURFACE_STYLE_USAGE(.BOTH.,#11493);
#11493 = SURFACE_SIDE_STYLE('',(#11494));
#11494 = SURFACE_STYLE_FILL_AREA(#11495);
#11495 = FILL_AREA_STYLE('',(#11496));
#11496 = FILL_AREA_STYLE_COLOUR('',#9587);
#11497 = CURVE_STYLE('',#11498,POSITIVE_LENGTH_MEASURE(0.1),#9587);
#11498 = DRAUGHTING_PRE_DEFINED_CURVE_FONT('continuous');
#11499 = STYLED_ITEM('color',(#11500),#5143);
#11500 = PRESENTATION_STYLE_ASSIGNMENT((#11501,#11506));
#11501 = SURFACE_STYLE_USAGE(.BOTH.,#11502);
#11502 = SURFACE_SIDE_STYLE('',(#11503));
#11503 = SURFACE_STYLE_FILL_AREA(#11504);
#11504 = FILL_AREA_STYLE('',(#11505));
#11505 = FILL_AREA_STYLE_COLOUR('',#9587);
#11506 = CURVE_STYLE('',#11507,POSITIVE_LENGTH_MEASURE(0.1),#9587);
#11507 = DRAUGHTING_PRE_DEFINED_CURVE_FONT('continuous');
#11508 = STYLED_ITEM('color',(#11509),#5155);
#11509 = PRESENTATION_STYLE_ASSIGNMENT((#11510,#11515));
#11510 = SURFACE_STYLE_USAGE(.BOTH.,#11511);
#11511 = SURFACE_SIDE_STYLE('',(#11512));
#11512 = SURFACE_STYLE_FILL_AREA(#11513);
#11513 = FILL_AREA_STYLE('',(#11514));
#11514 = FILL_AREA_STYLE_COLOUR('',#10531);
#11515 = CURVE_STYLE('',#11516,POSITIVE_LENGTH_MEASURE(0.1),#10531);
#11516 = DRAUGHTING_PRE_DEFINED_CURVE_FONT('continuous');
#11517 = STYLED_ITEM('color',(#11518),#5178);
#11518 = PRESENTATION_STYLE_ASSIGNMENT((#11519,#11524));
#11519 = SURFACE_STYLE_USAGE(.BOTH.,#11520);
#11520 = SURFACE_SIDE_STYLE('',(#11521));
#11521 = SURFACE_STYLE_FILL_AREA(#11522);
#11522 = FILL_AREA_STYLE('',(#11523));
#11523 = FILL_AREA_STYLE_COLOUR('',#10531);
#11524 = CURVE_STYLE('',#11525,POSITIVE_LENGTH_MEASURE(0.1),#10531);
#11525 = DRAUGHTING_PRE_DEFINED_CURVE_FONT('continuous');
#11526 = STYLED_ITEM('color',(#11527),#5201);
#11527 = PRESENTATION_STYLE_ASSIGNMENT((#11528,#11533));
#11528 = SURFACE_STYLE_USAGE(.BOTH.,#11529);
#11529 = SURFACE_SIDE_STYLE('',(#11530));
#11530 = SURFACE_STYLE_FILL_AREA(#11531);
#11531 = FILL_AREA_STYLE('',(#11532));
#11532 = FILL_AREA_STYLE_COLOUR('',#10531);
#11533 = CURVE_STYLE('',#11534,POSITIVE_LENGTH_MEASURE(0.1),#10531);
#11534 = DRAUGHTING_PRE_DEFINED_CURVE_FONT('continuous');
#11535 = STYLED_ITEM('color',(#11536),#5218);
#11536 = PRESENTATION_STYLE_ASSIGNMENT((#11537,#11542));
#11537 = SURFACE_STYLE_USAGE(.BOTH.,#11538);
#11538 = SURFACE_SIDE_STYLE('',(#11539));
#11539 = SURFACE_STYLE_FILL_AREA(#11540);
#11540 = FILL_AREA_STYLE('',(#11541));
#11541 = FILL_AREA_STYLE_COLOUR('',#9587);
#11542 = CURVE_STYLE('',#11543,POSITIVE_LENGTH_MEASURE(0.1),#9587);
#11543 = DRAUGHTING_PRE_DEFINED_CURVE_FONT('continuous');
#11544 = STYLED_ITEM('color',(#11545),#5293);
#11545 = PRESENTATION_STYLE_ASSIGNMENT((#11546,#11551));
#11546 = SURFACE_STYLE_USAGE(.BOTH.,#11547);
#11547 = SURFACE_SIDE_STYLE('',(#11548));
#11548 = SURFACE_STYLE_FILL_AREA(#11549);
#11549 = FILL_AREA_STYLE('',(#11550));
#11550 = FILL_AREA_STYLE_COLOUR('',#9587);
#11551 = CURVE_STYLE('',#11552,POSITIVE_LENGTH_MEASURE(0.1),#9587);
#11552 = DRAUGHTING_PRE_DEFINED_CURVE_FONT('continuous');
#11553 = STYLED_ITEM('color',(#11554),#5317);
#11554 = PRESENTATION_STYLE_ASSIGNMENT((#11555,#11560));
#11555 = SURFACE_STYLE_USAGE(.BOTH.,#11556);
#11556 = SURFACE_SIDE_STYLE('',(#11557));
#11557 = SURFACE_STYLE_FILL_AREA(#11558);
#11558 = FILL_AREA_STYLE('',(#11559));
#11559 = FILL_AREA_STYLE_COLOUR('',#9587);
#11560 = CURVE_STYLE('',#11561,POSITIVE_LENGTH_MEASURE(0.1),#9587);
#11561 = DRAUGHTING_PRE_DEFINED_CURVE_FONT('continuous');
#11562 = STYLED_ITEM('color',(#11563),#5385);
#11563 = PRESENTATION_STYLE_ASSIGNMENT((#11564,#11569));
#11564 = SURFACE_STYLE_USAGE(.BOTH.,#11565);
#11565 = SURFACE_SIDE_STYLE('',(#11566));
#11566 = SURFACE_STYLE_FILL_AREA(#11567);
#11567 = FILL_AREA_STYLE('',(#11568));
#11568 = FILL_AREA_STYLE_COLOUR('',#9587);
#11569 = CURVE_STYLE('',#11570,POSITIVE_LENGTH_MEASURE(0.1),#9587);
#11570 = DRAUGHTING_PRE_DEFINED_CURVE_FONT('continuous');
#11571 = STYLED_ITEM('color',(#11572),#5402);
#11572 = PRESENTATION_STYLE_ASSIGNMENT((#11573,#11578));
#11573 = SURFACE_STYLE_USAGE(.BOTH.,#11574);
#11574 = SURFACE_SIDE_STYLE('',(#11575));
#11575 = SURFACE_STYLE_FILL_AREA(#11576);
#11576 = FILL_AREA_STYLE('',(#11577));
#11577 = FILL_AREA_STYLE_COLOUR('',#10531);
#11578 = CURVE_STYLE('',#11579,POSITIVE_LENGTH_MEASURE(0.1),#10531);
#11579 = DRAUGHTING_PRE_DEFINED_CURVE_FONT('continuous');
#11580 = STYLED_ITEM('color',(#11581),#5452);
#11581 = PRESENTATION_STYLE_ASSIGNMENT((#11582,#11587));
#11582 = SURFACE_STYLE_USAGE(.BOTH.,#11583);
#11583 = SURFACE_SIDE_STYLE('',(#11584));
#11584 = SURFACE_STYLE_FILL_AREA(#11585);
#11585 = FILL_AREA_STYLE('',(#11586));
#11586 = FILL_AREA_STYLE_COLOUR('',#9587);
#11587 = CURVE_STYLE('',#11588,POSITIVE_LENGTH_MEASURE(0.1),#9587);
#11588 = DRAUGHTING_PRE_DEFINED_CURVE_FONT('continuous');
#11589 = STYLED_ITEM('color',(#11590),#5469);
#11590 = PRESENTATION_STYLE_ASSIGNMENT((#11591,#11596));
#11591 = SURFACE_STYLE_USAGE(.BOTH.,#11592);
#11592 = SURFACE_SIDE_STYLE('',(#11593));
#11593 = SURFACE_STYLE_FILL_AREA(#11594);
#11594 = FILL_AREA_STYLE('',(#11595));
#11595 = FILL_AREA_STYLE_COLOUR('',#9587);
#11596 = CURVE_STYLE('',#11597,POSITIVE_LENGTH_MEASURE(0.1),#9587);
#11597 = DRAUGHTING_PRE_DEFINED_CURVE_FONT('continuous');
#11598 = STYLED_ITEM('color',(#11599),#5486);
#11599 = PRESENTATION_STYLE_ASSIGNMENT((#11600,#11605));
#11600 = SURFACE_STYLE_USAGE(.BOTH.,#11601);
#11601 = SURFACE_SIDE_STYLE('',(#11602));
#11602 = SURFACE_STYLE_FILL_AREA(#11603);
#11603 = FILL_AREA_STYLE('',(#11604));
#11604 = FILL_AREA_STYLE_COLOUR('',#9587);
#11605 = CURVE_STYLE('',#11606,POSITIVE_LENGTH_MEASURE(0.1),#9587);
#11606 = DRAUGHTING_PRE_DEFINED_CURVE_FONT('continuous');
#11607 = STYLED_ITEM('color',(#11608),#5503);
#11608 = PRESENTATION_STYLE_ASSIGNMENT((#11609,#11614));
#11609 = SURFACE_STYLE_USAGE(.BOTH.,#11610);
#11610 = SURFACE_SIDE_STYLE('',(#11611));
#11611 = SURFACE_STYLE_FILL_AREA(#11612);
#11612 = FILL_AREA_STYLE('',(#11613));
#11613 = FILL_AREA_STYLE_COLOUR('',#9587);
#11614 = CURVE_STYLE('',#11615,POSITIVE_LENGTH_MEASURE(0.1),#9587);
#11615 = DRAUGHTING_PRE_DEFINED_CURVE_FONT('continuous');
#11616 = STYLED_ITEM('color',(#11617),#5520);
#11617 = PRESENTATION_STYLE_ASSIGNMENT((#11618,#11623));
#11618 = SURFACE_STYLE_USAGE(.BOTH.,#11619);
#11619 = SURFACE_SIDE_STYLE('',(#11620));
#11620 = SURFACE_STYLE_FILL_AREA(#11621);
#11621 = FILL_AREA_STYLE('',(#11622));
#11622 = FILL_AREA_STYLE_COLOUR('',#9587);
#11623 = CURVE_STYLE('',#11624,POSITIVE_LENGTH_MEASURE(0.1),#9587);
#11624 = DRAUGHTING_PRE_DEFINED_CURVE_FONT('continuous');
#11625 = STYLED_ITEM('color',(#11626),#5537);
#11626 = PRESENTATION_STYLE_ASSIGNMENT((#11627,#11632));
#11627 = SURFACE_STYLE_USAGE(.BOTH.,#11628);
#11628 = SURFACE_SIDE_STYLE('',(#11629));
#11629 = SURFACE_STYLE_FILL_AREA(#11630);
#11630 = FILL_AREA_STYLE('',(#11631));
#11631 = FILL_AREA_STYLE_COLOUR('',#9587);
#11632 = CURVE_STYLE('',#11633,POSITIVE_LENGTH_MEASURE(0.1),#9587);
#11633 = DRAUGHTING_PRE_DEFINED_CURVE_FONT('continuous');
#11634 = STYLED_ITEM('color',(#11635),#5549);
#11635 = PRESENTATION_STYLE_ASSIGNMENT((#11636,#11641));
#11636 = SURFACE_STYLE_USAGE(.BOTH.,#11637);
#11637 = SURFACE_SIDE_STYLE('',(#11638));
#11638 = SURFACE_STYLE_FILL_AREA(#11639);
#11639 = FILL_AREA_STYLE('',(#11640));
#11640 = FILL_AREA_STYLE_COLOUR('',#11144);
#11641 = CURVE_STYLE('',#11642,POSITIVE_LENGTH_MEASURE(0.1),#11144);
#11642 = DRAUGHTING_PRE_DEFINED_CURVE_FONT('continuous');
#11643 = STYLED_ITEM('color',(#11644),#5580);
#11644 = PRESENTATION_STYLE_ASSIGNMENT((#11645,#11650));
#11645 = SURFACE_STYLE_USAGE(.BOTH.,#11646);
#11646 = SURFACE_SIDE_STYLE('',(#11647));
#11647 = SURFACE_STYLE_FILL_AREA(#11648);
#11648 = FILL_AREA_STYLE('',(#11649));
#11649 = FILL_AREA_STYLE_COLOUR('',#11144);
#11650 = CURVE_STYLE('',#11651,POSITIVE_LENGTH_MEASURE(0.1),#11144);
#11651 = DRAUGHTING_PRE_DEFINED_CURVE_FONT('continuous');
#11652 = STYLED_ITEM('color',(#11653),#5604);
#11653 = PRESENTATION_STYLE_ASSIGNMENT((#11654,#11659));
#11654 = SURFACE_STYLE_USAGE(.BOTH.,#11655);
#11655 = SURFACE_SIDE_STYLE('',(#11656));
#11656 = SURFACE_STYLE_FILL_AREA(#11657);
#11657 = FILL_AREA_STYLE('',(#11658));
#11658 = FILL_AREA_STYLE_COLOUR('',#11144);
#11659 = CURVE_STYLE('',#11660,POSITIVE_LENGTH_MEASURE(0.1),#11144);
#11660 = DRAUGHTING_PRE_DEFINED_CURVE_FONT('continuous');
#11661 = STYLED_ITEM('color',(#11662),#5628);
#11662 = PRESENTATION_STYLE_ASSIGNMENT((#11663,#11668));
#11663 = SURFACE_STYLE_USAGE(.BOTH.,#11664);
#11664 = SURFACE_SIDE_STYLE('',(#11665));
#11665 = SURFACE_STYLE_FILL_AREA(#11666);
#11666 = FILL_AREA_STYLE('',(#11667));
#11667 = FILL_AREA_STYLE_COLOUR('',#11144);
#11668 = CURVE_STYLE('',#11669,POSITIVE_LENGTH_MEASURE(0.1),#11144);
#11669 = DRAUGHTING_PRE_DEFINED_CURVE_FONT('continuous');
#11670 = STYLED_ITEM('color',(#11671),#5645);
#11671 = PRESENTATION_STYLE_ASSIGNMENT((#11672,#11677));
#11672 = SURFACE_STYLE_USAGE(.BOTH.,#11673);
#11673 = SURFACE_SIDE_STYLE('',(#11674));
#11674 = SURFACE_STYLE_FILL_AREA(#11675);
#11675 = FILL_AREA_STYLE('',(#11676));
#11676 = FILL_AREA_STYLE_COLOUR('',#11144);
#11677 = CURVE_STYLE('',#11678,POSITIVE_LENGTH_MEASURE(0.1),#11144);
#11678 = DRAUGHTING_PRE_DEFINED_CURVE_FONT('continuous');
#11679 = MECHANICAL_DESIGN_GEOMETRIC_PRESENTATION_REPRESENTATION('',(
    #11680,#11687,#11694,#11701,#11708,#11715,#11722,#11729,#11736,
    #11743,#11750,#11757,#11764,#11771,#11778,#11785,#11792,#11799,
    #11806,#11813,#11820,#11827,#11834,#11841,#11848,#11855,#11862,
    #11869),#1002);
#11680 = STYLED_ITEM('color',(#11681),#150);
#11681 = PRESENTATION_STYLE_ASSIGNMENT((#11682));
#11682 = SURFACE_STYLE_USAGE(.BOTH.,#11683);
#11683 = SURFACE_SIDE_STYLE('',(#11684));
#11684 = SURFACE_STYLE_FILL_AREA(#11685);
#11685 = FILL_AREA_STYLE('',(#11686));
#11686 = FILL_AREA_STYLE_COLOUR('',#9587);
#11687 = STYLED_ITEM('color',(#11688),#226);
#11688 = PRESENTATION_STYLE_ASSIGNMENT((#11689));
#11689 = SURFACE_STYLE_USAGE(.BOTH.,#11690);
#11690 = SURFACE_SIDE_STYLE('',(#11691));
#11691 = SURFACE_STYLE_FILL_AREA(#11692);
#11692 = FILL_AREA_STYLE('',(#11693));
#11693 = FILL_AREA_STYLE_COLOUR('',#9587);
#11694 = STYLED_ITEM('color',(#11695),#257);
#11695 = PRESENTATION_STYLE_ASSIGNMENT((#11696));
#11696 = SURFACE_STYLE_USAGE(.BOTH.,#11697);
#11697 = SURFACE_SIDE_STYLE('',(#11698));
#11698 = SURFACE_STYLE_FILL_AREA(#11699);
#11699 = FILL_AREA_STYLE('',(#11700));
#11700 = FILL_AREA_STYLE_COLOUR('',#9587);
#11701 = STYLED_ITEM('color',(#11702),#282);
#11702 = PRESENTATION_STYLE_ASSIGNMENT((#11703));
#11703 = SURFACE_STYLE_USAGE(.BOTH.,#11704);
#11704 = SURFACE_SIDE_STYLE('',(#11705));
#11705 = SURFACE_STYLE_FILL_AREA(#11706);
#11706 = FILL_AREA_STYLE('',(#11707));
#11707 = FILL_AREA_STYLE_COLOUR('',#9587);
#11708 = STYLED_ITEM('color',(#11709),#307);
#11709 = PRESENTATION_STYLE_ASSIGNMENT((#11710));
#11710 = SURFACE_STYLE_USAGE(.BOTH.,#11711);
#11711 = SURFACE_SIDE_STYLE('',(#11712));
#11712 = SURFACE_STYLE_FILL_AREA(#11713);
#11713 = FILL_AREA_STYLE('',(#11714));
#11714 = FILL_AREA_STYLE_COLOUR('',#9587);
#11715 = STYLED_ITEM('color',(#11716),#331);
#11716 = PRESENTATION_STYLE_ASSIGNMENT((#11717));
#11717 = SURFACE_STYLE_USAGE(.BOTH.,#11718);
#11718 = SURFACE_SIDE_STYLE('',(#11719));
#11719 = SURFACE_STYLE_FILL_AREA(#11720);
#11720 = FILL_AREA_STYLE('',(#11721));
#11721 = FILL_AREA_STYLE_COLOUR('',#9587);
#11722 = STYLED_ITEM('color',(#11723),#355);
#11723 = PRESENTATION_STYLE_ASSIGNMENT((#11724));
#11724 = SURFACE_STYLE_USAGE(.BOTH.,#11725);
#11725 = SURFACE_SIDE_STYLE('',(#11726));
#11726 = SURFACE_STYLE_FILL_AREA(#11727);
#11727 = FILL_AREA_STYLE('',(#11728));
#11728 = FILL_AREA_STYLE_COLOUR('',#9587);
#11729 = STYLED_ITEM('color',(#11730),#380);
#11730 = PRESENTATION_STYLE_ASSIGNMENT((#11731));
#11731 = SURFACE_STYLE_USAGE(.BOTH.,#11732);
#11732 = SURFACE_SIDE_STYLE('',(#11733));
#11733 = SURFACE_STYLE_FILL_AREA(#11734);
#11734 = FILL_AREA_STYLE('',(#11735));
#11735 = FILL_AREA_STYLE_COLOUR('',#9587);
#11736 = STYLED_ITEM('color',(#11737),#405);
#11737 = PRESENTATION_STYLE_ASSIGNMENT((#11738));
#11738 = SURFACE_STYLE_USAGE(.BOTH.,#11739);
#11739 = SURFACE_SIDE_STYLE('',(#11740));
#11740 = SURFACE_STYLE_FILL_AREA(#11741);
#11741 = FILL_AREA_STYLE('',(#11742));
#11742 = FILL_AREA_STYLE_COLOUR('',#9587);
#11743 = STYLED_ITEM('color',(#11744),#422);
#11744 = PRESENTATION_STYLE_ASSIGNMENT((#11745));
#11745 = SURFACE_STYLE_USAGE(.BOTH.,#11746);
#11746 = SURFACE_SIDE_STYLE('',(#11747));
#11747 = SURFACE_STYLE_FILL_AREA(#11748);
#11748 = FILL_AREA_STYLE('',(#11749));
#11749 = FILL_AREA_STYLE_COLOUR('',#9587);
#11750 = STYLED_ITEM('color',(#11751),#508);
#11751 = PRESENTATION_STYLE_ASSIGNMENT((#11752));
#11752 = SURFACE_STYLE_USAGE(.BOTH.,#11753);
#11753 = SURFACE_SIDE_STYLE('',(#11754));
#11754 = SURFACE_STYLE_FILL_AREA(#11755);
#11755 = FILL_AREA_STYLE('',(#11756));
#11756 = FILL_AREA_STYLE_COLOUR('',#9658);
#11757 = STYLED_ITEM('color',(#11758),#540);
#11758 = PRESENTATION_STYLE_ASSIGNMENT((#11759));
#11759 = SURFACE_STYLE_USAGE(.BOTH.,#11760);
#11760 = SURFACE_SIDE_STYLE('',(#11761));
#11761 = SURFACE_STYLE_FILL_AREA(#11762);
#11762 = FILL_AREA_STYLE('',(#11763));
#11763 = FILL_AREA_STYLE_COLOUR('',#9658);
#11764 = STYLED_ITEM('color',(#11765),#564);
#11765 = PRESENTATION_STYLE_ASSIGNMENT((#11766));
#11766 = SURFACE_STYLE_USAGE(.BOTH.,#11767);
#11767 = SURFACE_SIDE_STYLE('',(#11768));
#11768 = SURFACE_STYLE_FILL_AREA(#11769);
#11769 = FILL_AREA_STYLE('',(#11770));
#11770 = FILL_AREA_STYLE_COLOUR('',#9658);
#11771 = STYLED_ITEM('color',(#11772),#589);
#11772 = PRESENTATION_STYLE_ASSIGNMENT((#11773));
#11773 = SURFACE_STYLE_USAGE(.BOTH.,#11774);
#11774 = SURFACE_SIDE_STYLE('',(#11775));
#11775 = SURFACE_STYLE_FILL_AREA(#11776);
#11776 = FILL_AREA_STYLE('',(#11777));
#11777 = FILL_AREA_STYLE_COLOUR('',#9658);
#11778 = STYLED_ITEM('color',(#11779),#613);
#11779 = PRESENTATION_STYLE_ASSIGNMENT((#11780));
#11780 = SURFACE_STYLE_USAGE(.BOTH.,#11781);
#11781 = SURFACE_SIDE_STYLE('',(#11782));
#11782 = SURFACE_STYLE_FILL_AREA(#11783);
#11783 = FILL_AREA_STYLE('',(#11784));
#11784 = FILL_AREA_STYLE_COLOUR('',#9658);
#11785 = STYLED_ITEM('color',(#11786),#638);
#11786 = PRESENTATION_STYLE_ASSIGNMENT((#11787));
#11787 = SURFACE_STYLE_USAGE(.BOTH.,#11788);
#11788 = SURFACE_SIDE_STYLE('',(#11789));
#11789 = SURFACE_STYLE_FILL_AREA(#11790);
#11790 = FILL_AREA_STYLE('',(#11791));
#11791 = FILL_AREA_STYLE_COLOUR('',#9658);
#11792 = STYLED_ITEM('color',(#11793),#662);
#11793 = PRESENTATION_STYLE_ASSIGNMENT((#11794));
#11794 = SURFACE_STYLE_USAGE(.BOTH.,#11795);
#11795 = SURFACE_SIDE_STYLE('',(#11796));
#11796 = SURFACE_STYLE_FILL_AREA(#11797);
#11797 = FILL_AREA_STYLE('',(#11798));
#11798 = FILL_AREA_STYLE_COLOUR('',#9658);
#11799 = STYLED_ITEM('color',(#11800),#687);
#11800 = PRESENTATION_STYLE_ASSIGNMENT((#11801));
#11801 = SURFACE_STYLE_USAGE(.BOTH.,#11802);
#11802 = SURFACE_SIDE_STYLE('',(#11803));
#11803 = SURFACE_STYLE_FILL_AREA(#11804);
#11804 = FILL_AREA_STYLE('',(#11805));
#11805 = FILL_AREA_STYLE_COLOUR('',#9658);
#11806 = STYLED_ITEM('color',(#11807),#704);
#11807 = PRESENTATION_STYLE_ASSIGNMENT((#11808));
#11808 = SURFACE_STYLE_USAGE(.BOTH.,#11809);
#11809 = SURFACE_SIDE_STYLE('',(#11810));
#11810 = SURFACE_STYLE_FILL_AREA(#11811);
#11811 = FILL_AREA_STYLE('',(#11812));
#11812 = FILL_AREA_STYLE_COLOUR('',#9587);
#11813 = STYLED_ITEM('color',(#11814),#790);
#11814 = PRESENTATION_STYLE_ASSIGNMENT((#11815));
#11815 = SURFACE_STYLE_USAGE(.BOTH.,#11816);
#11816 = SURFACE_SIDE_STYLE('',(#11817));
#11817 = SURFACE_STYLE_FILL_AREA(#11818);
#11818 = FILL_AREA_STYLE('',(#11819));
#11819 = FILL_AREA_STYLE_COLOUR('',#9587);
#11820 = STYLED_ITEM('color',(#11821),#821);
#11821 = PRESENTATION_STYLE_ASSIGNMENT((#11822));
#11822 = SURFACE_STYLE_USAGE(.BOTH.,#11823);
#11823 = SURFACE_SIDE_STYLE('',(#11824));
#11824 = SURFACE_STYLE_FILL_AREA(#11825);
#11825 = FILL_AREA_STYLE('',(#11826));
#11826 = FILL_AREA_STYLE_COLOUR('',#9587);
#11827 = STYLED_ITEM('color',(#11828),#846);
#11828 = PRESENTATION_STYLE_ASSIGNMENT((#11829));
#11829 = SURFACE_STYLE_USAGE(.BOTH.,#11830);
#11830 = SURFACE_SIDE_STYLE('',(#11831));
#11831 = SURFACE_STYLE_FILL_AREA(#11832);
#11832 = FILL_AREA_STYLE('',(#11833));
#11833 = FILL_AREA_STYLE_COLOUR('',#9587);
#11834 = STYLED_ITEM('color',(#11835),#871);
#11835 = PRESENTATION_STYLE_ASSIGNMENT((#11836));
#11836 = SURFACE_STYLE_USAGE(.BOTH.,#11837);
#11837 = SURFACE_SIDE_STYLE('',(#11838));
#11838 = SURFACE_STYLE_FILL_AREA(#11839);
#11839 = FILL_AREA_STYLE('',(#11840));
#11840 = FILL_AREA_STYLE_COLOUR('',#9587);
#11841 = STYLED_ITEM('color',(#11842),#895);
#11842 = PRESENTATION_STYLE_ASSIGNMENT((#11843));
#11843 = SURFACE_STYLE_USAGE(.BOTH.,#11844);
#11844 = SURFACE_SIDE_STYLE('',(#11845));
#11845 = SURFACE_STYLE_FILL_AREA(#11846);
#11846 = FILL_AREA_STYLE('',(#11847));
#11847 = FILL_AREA_STYLE_COLOUR('',#9587);
#11848 = STYLED_ITEM('color',(#11849),#919);
#11849 = PRESENTATION_STYLE_ASSIGNMENT((#11850));
#11850 = SURFACE_STYLE_USAGE(.BOTH.,#11851);
#11851 = SURFACE_SIDE_STYLE('',(#11852));
#11852 = SURFACE_STYLE_FILL_AREA(#11853);
#11853 = FILL_AREA_STYLE('',(#11854));
#11854 = FILL_AREA_STYLE_COLOUR('',#9587);
#11855 = STYLED_ITEM('color',(#11856),#944);
#11856 = PRESENTATION_STYLE_ASSIGNMENT((#11857));
#11857 = SURFACE_STYLE_USAGE(.BOTH.,#11858);
#11858 = SURFACE_SIDE_STYLE('',(#11859));
#11859 = SURFACE_STYLE_FILL_AREA(#11860);
#11860 = FILL_AREA_STYLE('',(#11861));
#11861 = FILL_AREA_STYLE_COLOUR('',#9587);
#11862 = STYLED_ITEM('color',(#11863),#969);
#11863 = PRESENTATION_STYLE_ASSIGNMENT((#11864));
#11864 = SURFACE_STYLE_USAGE(.BOTH.,#11865);
#11865 = SURFACE_SIDE_STYLE('',(#11866));
#11866 = SURFACE_STYLE_FILL_AREA(#11867);
#11867 = FILL_AREA_STYLE('',(#11868));
#11868 = FILL_AREA_STYLE_COLOUR('',#9587);
#11869 = STYLED_ITEM('color',(#11870),#986);
#11870 = PRESENTATION_STYLE_ASSIGNMENT((#11871));
#11871 = SURFACE_STYLE_USAGE(.BOTH.,#11872);
#11872 = SURFACE_SIDE_STYLE('',(#11873));
#11873 = SURFACE_STYLE_FILL_AREA(#11874);
#11874 = FILL_AREA_STYLE('',(#11875));
#11875 = FILL_AREA_STYLE_COLOUR('',#9587);
ENDSEC;
END-ISO-10303-21;
